,satisfied_count,pct_satisfied,move_attempts,successful_moves,failed_searches,voluntary_stays,destination_conflicts,movement_success_rate,city_mean_income,mean_neighbor_income,mean_neighbor_income_variance,mean_rent,mean_utility,mean_value,mean_vision,rent_income_timescale_ratio,gini_coefficient,mean_qre_move_probability,mean_qre_accept_probability,mean_ne_move_probability,mean_qre_ne_move_gap,mean_delta_neighborhood_utility,move_accept_outcomes,move_reject_outcomes,stay_accept_outcomes,stay_reject_outcomes,qre_nonconvergence_count,ne_following_rate,homeless_fraction,theil_index,moran_i,spatial_entropy,neighborhood_heterogeneity,income_mobility_indicator,segregation_index,gentrification_indicator
0,0,0.0,0,0,0,0,0,0.0,0.6181193375519849,0.6171571465694736,0.05037607628858371,0.4937257172555789,0.3042611210451893,1.0547479407597784,5.5514018691588785,2.8554537426680326,0.2128766101232138,0.0,0.0,0.0,0.0,0.0,0,0,0,0,0,0.0,0.205607476635514,0.07385687708349166,0.027664972332511105,0.972789514504362,0.345536090970017,0.0,0.15932914046121593,0.010139651423704432
1,0,0.0,107,0,104,3,0,0.0,0.6166753763215117,0.6158165232506682,0.05089046863817518,0.4936950925525933,0.3044025625454014,1.0507595694794392,5.5514018691588785,2.8554537426680326,0.2141050249337051,0.0058981444455590394,0.02532408898577503,0.0,0.0058981444455590394,-0.011928691748564221,0,0,0,3,0,1.0,0.205607476635514,0.07435275549998537,0.03411214942646069,0.9699462450397875,0.34900885357254435,0.0,0.10796645702306082,0.010131994380438276
2,0,0.0,107,0,103,4,0,0.0,0.623617056855512,0.6227414386999711,0.05328082842437878,0.4938235325297343,0.2972321727075575,1.037088778556302,5.5514018691588785,2.8554537426680326,0.21678109172791515,0.04609470958948559,0.026683167527894347,0.0,0.04609470958948559,-0.005952770602776367,0,0,0,4,0,0.75,0.205607476635514,0.07601104822529407,0.04349391573966987,0.9717584922656334,0.3517998947628274,0.0,0.1453529000698812,0.010168536555175455
3,0,0.0,107,0,102,5,0,0.0,0.6207557090682903,0.6198816870709483,0.052125711408410616,0.49388297785480345,0.29892737421859117,1.043895447285742,5.5514018691588785,2.8554537426680326,0.21541131898678012,0.03769538092884947,0.026107784743508045,0.0,0.03769538092884947,-0.009377473962552807,0,0,0,5,0,0.6,0.205607476635514,0.07500648978830653,0.048171262764713486,0.9756536293913608,0.3478034218234002,0.0,0.12194269741439553,0.01015507853311911
4,0,0.0,107,1,101,5,0,0.009345794392523364,0.622122573117385,0.6213798375603328,0.05454782796703747,0.4939758643163066,0.29875506120665235,1.0391030513406516,5.5514018691588785,2.8554537426680326,0.21891643516297643,0.03299256514086832,0.02727346718986905,0.0,0.03299256514086832,-0.00908360602429902,0,1,0,5,0,0.6666666666666666,0.2336448598130841,0.07754877974645143,0.04557526072177724,0.98658012166949,0.3564569809098914,0.009345794392523364,0.0845562543675751,0.010163239018335294
5,106,99.06542056074767,107,0,102,5,0,0.0,0.6189347033477131,0.6181391801306034,0.053854298377746065,0.49399115469395927,0.3026153625943319,1.0546016054589107,5.5514018691588785,2.8554537426680326,0.21887981352111452,0.025109536287433933,0.029313296734838852,0.0,0.025109536287433933,-0.013577451081474123,0,0,1,4,0,0.8,0.2336448598130841,0.07713074011032127,0.051383669129415784,0.9814168044710588,0.3536004055821065,0.0,0.1453529000698812,0.01014751797431741
6,105,98.13084112149532,107,1,100,6,0,0.009345794392523364,0.6214340242384422,0.6204817884146925,0.05808919951620636,0.4940633960943568,0.30327300505914656,1.0447357063462397,5.5514018691588785,2.8554537426680326,0.22564980897693032,0.02063659121780969,0.029394579107943207,0.0,0.02063659121780969,-0.01302795445258378,0,1,0,6,0,0.8571428571428571,0.205607476635514,0.08132188048560707,0.05952036928177234,0.9814954367718319,0.3642138596287305,0.009345794392523364,0.10796645702306082,0.010161045988656761
7,104,97.19626168224299,107,1,104,2,0,0.009345794392523364,0.6203412959839064,0.6189236391868684,0.05793760058153139,0.4941058268917836,0.2991874200850989,1.042056555837713,5.5514018691588785,2.8554537426680326,0.22657597949510566,0.007674101341391259,0.025146545136815548,0.0,0.007674101341391259,-0.00589329045977018,0,1,0,2,0,1.0,0.2336448598130841,0.08186899326054499,0.051779187125801776,0.9774580483602185,0.3639047181860366,0.009345794392523364,0.0845562543675751,0.010156188143280665
8,104,97.19626168224299,107,0,101,6,0,0.0,0.6176301124596073,0.6163000947358466,0.05704788053559943,0.49407539486202234,0.2984691256725191,1.040487781369221,5.5514018691588785,2.8554537426680326,0.2250163974865984,0.005881900506711321,0.025214760071451847,0.0,0.005881900506711321,-0.007006403530975304,0,0,0,6,0,1.0,0.2336448598130841,0.08106627967671637,0.03637138638402918,0.9845884728819339,0.3640923513449061,0.0,0.12194269741439549,0.010142197739392775
9,105,98.13084112149532,107,0,103,4,0,0.0,0.618723034024846,0.6174943100088643,0.05823533854875293,0.4940731120165611,0.295640720195061,1.0235467598646684,5.5514018691588785,2.8554537426680326,0.22646649164476007,0.0018448453505776343,0.02465286111109052,0.0,0.0018448453505776343,-0.004920205895549895,0,0,0,4,0,1.0,0.2336448598130841,0.08183005204865997,0.037721428195458755,0.9863128430358403,0.36649678562869986,0.0,0.08944793850454227,0.010147629754420889
10,105,98.13084112149532,107,0,101,6,0,0.0,0.6187164364926305,0.6173874489216823,0.058718397166692346,0.49406845326156523,0.29499065646215894,1.026226792130456,5.5514018691588785,2.8554537426680326,0.2270039323747881,0.0010704580060406938,0.024595937259860232,0.0,0.0010704580060406938,-0.006239814995934327,0,0,0,6,0,1.0,0.2336448598130841,0.08216046572940679,0.03870393313771117,0.9841593310999166,0.36781881003847194,0.0,0.1219426974143955,0.010147530252462865
11,106,99.06542056074767,107,0,103,4,0,0.0,0.6150534988295785,0.6137859236123726,0.0591203131374548,0.4939816556237731,0.2942541163757762,1.0089053472803617,5.5514018691588785,2.8554537426680326,0.2286086610489051,0.0019907297805750487,0.02305716614667886,0.0,0.0019907297805750487,-0.00416308778813778,0,0,0,4,0,1.0,0.21495327102803738,0.08313089544854632,0.039380673364860966,0.9812718054473291,0.36890831526017637,0.0,0.15932914046121593,0.010127976330949164
12,107,100.0,107,0,103,4,0,0.0,0.6152536377012854,0.6138556081237002,0.05996928325760634,0.49389892829956716,0.2911544484398186,0.993058873412912,5.5514018691588785,2.8554537426680326,0.2281978041492181,0.0035710500271710897,0.02140916731218592,0.0,0.0035710500271710897,-0.0051809627519424015,0,0,0,4,0,1.0,0.22429906542056074,0.0835294396196888,0.030516708237212004,0.9923802884090647,0.36896818745902094,0.0,0.08944793850454227,0.010127795905070075
13,107,100.0,107,0,103,4,0,0.0,0.6146039854678588,0.6131527875087682,0.05966729033947766,0.49380250824179395,0.2903921059730973,0.9949601903086581,5.5514018691588785,2.8554537426680326,0.22875639672048553,0.003189659633344372,0.023922445491674608,0.0,0.003189659633344372,-0.006597129289604375,0,0,0,4,0,1.0,0.21495327102803738,0.08356005652759156,0.017261699900663893,0.9866640314251658,0.36946764714251773,0.0,0.08944793850454227,0.010123171028828757
14,107,100.0,107,0,102,5,0,0.0,0.6183235303891581,0.6168214982080615,0.06066262620595239,0.4937926480837455,0.2954498755959819,1.0119193963104454,5.5514018691588785,2.8554537426680326,0.22840224782859697,0.00267244628564523,0.02604938535098466,0.0,0.00267244628564523,-0.005713545273063936,0,0,1,4,0,1.0,0.21495327102803738,0.08359696545393161,0.013224091919641008,0.984131000809369,0.3681441256774787,0.0,0.052061495457721874,0.01014162797730924
15,107,100.0,107,0,103,4,0,0.0,0.6207016009409243,0.6192595764948956,0.06107645744368375,0.4938387640361015,0.29274191332914445,1.0105126595576066,5.5514018691588785,2.8554537426680326,0.22885072738904522,0.0001540235680245536,0.022887421393691345,0.0,0.0001540235680245536,-0.0062156803656644374,0,0,0,4,0,1.0,0.205607476635514,0.08379656092168913,0.022711403574493805,0.9923802884090648,0.368001355750687,0.0,0.04647099930118799,0.01015417673991183
16,107,100.0,107,0,104,3,0,0.0,0.6194648691854783,0.6180719680639781,0.06109454697278552,0.49385643388125894,0.29153548938379864,1.0029548847076122,5.5514018691588785,2.8554537426680326,0.22781905716066042,0.005088249880253919,0.024249969608376287,0.0,0.005088249880253919,-0.010102591856229545,0,0,0,3,0,1.0,0.21495327102803738,0.08356812468608224,0.013870480406901593,0.9880432696559498,0.36893472606945676,0.0,0.04716981132075472,0.010148245358262035
17,107,100.0,107,0,105,2,0,0.0,0.621957960080336,0.6203456367037024,0.06281184842446298,0.49392553801717665,0.2937638889259187,1.0010227828046236,5.5514018691588785,2.8554537426680326,0.22811767327993415,0.000567512255807011,0.02508976166119403,0.0,0.000567512255807011,-0.008953407236564653,0,0,0,2,0,1.0,0.205607476635514,0.08434022063510703,0.014681881321367454,0.982151619535702,0.36906558794964445,0.0,0.1212438853948288,0.010161697431054025
18,107,100.0,107,0,105,2,0,0.0,0.621422107956235,0.6198554269419898,0.062378847966898084,0.49398147074606874,0.2972559305492255,1.0065090742882965,5.5514018691588785,2.8554537426680326,0.22564020217132952,0.000474032788112231,0.025136775774597477,0.0,0.000474032788112231,-0.011741281383068625,0,0,0,2,0,1.0,0.205607476635514,0.08288508356137918,0.009866740735580182,0.9785377345845708,0.3648386940797007,0.0,0.1268343815513627,0.010159816737033782
19,107,100.0,107,0,102,5,0,0.0,0.6143746211417939,0.6127297777896589,0.06070443094483141,0.49387303064943255,0.29957305520940325,1.0156347422111665,5.5514018691588785,2.8554537426680326,0.22367092244653564,0.0038525799798148305,0.026547917020009044,0.0,0.0038525799798148305,-0.009649266713238524,0,0,0,5,0,1.0,0.19626168224299065,0.08236806701237898,-0.0021077388785576577,0.9939382160999028,0.3644778521118344,0.0,0.08385744234800838,0.0101230310745626
20,107,100.0,107,0,101,6,0,0.0,0.6119530839104411,0.6104495034012766,0.06098853259524129,0.49371559726530145,0.29455330620975567,1.0068261627427888,5.5514018691588785,2.8554537426680326,0.22692578946716835,0.0029065109233233828,0.023838872350263468,0.0,0.0029065109233233828,-0.0069938369254305644,0,0,0,6,0,1.0,0.205607476635514,0.08390904679186309,-0.009628166889718974,0.9866723002514999,0.36967495537014133,0.0,0.08944793850454229,0.010108675669676147
21,107,100.0,107,0,103,4,0,0.0,0.6116056107744307,0.6101120664833801,0.06211089122394389,0.4935549510345488,0.2942841460786841,1.0022373856915239,5.5514018691588785,2.8554537426680326,0.22983132018770647,0.0005215247949081576,0.026581046056805738,0.0,0.0005215247949081576,-0.010065640327485414,0,0,0,4,0,1.0,0.22429906542056074,0.08581393277005361,-0.01201636144564118,0.9839011076700442,0.3733949943175379,0.0,0.08944793850454229,0.010104644714591854
22,107,100.0,107,0,103,4,0,0.0,0.6084833024641523,0.6069091658800734,0.0612628604260784,0.49332572610648373,0.29928403183284485,1.0080091033698286,5.5514018691588785,2.8554537426680326,0.22689685134113735,0.000709894387858734,0.024616703962289266,0.0,0.000709894387858734,-0.00961085719064727,0,0,0,4,0,1.0,0.22429906542056074,0.08460145546356905,-0.012469854611906802,0.9687682918193912,0.36846189939872137,0.0,0.1268343815513627,0.010085760467146682
23,107,100.0,107,0,101,6,0,0.0,0.612136398425169,0.6106577548710743,0.0607433766797134,0.4931886779699187,0.3012035069487207,1.0117278804468992,5.5514018691588785,2.8554537426680326,0.2279620225762422,0.00033610920173573973,0.022936897216556455,0.0,0.00033610920173573973,-0.005220944763607284,0,0,0,6,0,1.0,0.21495327102803738,0.08445536433541367,-0.0031301819825554286,0.9884851496563021,0.36932162610906827,0.0,0.08944793850454229,0.010102069273879362
24,107,100.0,107,0,101,6,0,0.0,0.6076531451967522,0.6063668594233662,0.06008488317636812,0.4929575235517742,0.30531019523266717,1.0182084432388292,5.5514018691588785,2.8554537426680326,0.2284006137123724,0.00033367491177646006,0.025074583234334907,0.0,0.00033367491177646006,-0.005668105797776046,0,0,0,6,0,1.0,0.22429906542056074,0.08459956593595229,-0.003032057262158181,0.9959782546064656,0.36990725667018287,0.0,0.052061495457721874,0.010076352753995155
25,107,100.0,107,0,102,5,0,0.0,0.6110305506907958,0.6097450414056114,0.06215674729363612,0.49281013958019093,0.3001555024527336,1.0052002532290234,5.5514018691588785,2.8554537426680326,0.23104755629674956,0.00025064731625984253,0.023976673452656395,0.0,0.00025064731625984253,-0.003189425072502261,0,0,0,5,0,1.0,0.21495327102803738,0.08638209670420036,-0.004570703190086237,0.9952719676244968,0.3751976002144878,0.0,0.05206149545772186,0.010091135540899038
26,107,100.0,107,0,103,4,0,0.0,0.6106971487426042,0.6093792130479918,0.06478927084709597,0.4926586072421166,0.29658976549191507,0.9978481015353373,5.5514018691588785,2.8554537426680326,0.23435035596748444,0.00034952787493761924,0.02336101680810582,0.0,0.00034952787493761924,-0.0077166364085505534,0,0,0,4,0,1.0,0.21495327102803738,0.08872329596200709,-0.002137318724840936,0.9874866345363535,0.38048043538053467,0.0,0.08944793850454227,0.010087305063248632
27,107,100.0,107,0,103,4,0,0.0,0.6138377369184013,0.6124962796011901,0.06953500892630773,0.49258260695470524,0.2890634261212865,0.9840554871656082,5.5514018691588785,2.8554537426680326,0.23892402665729873,0.00024991010795022677,0.02284980807631809,0.0,0.00024991010795022677,-0.005491518772244165,0,0,0,4,0,1.0,0.21495327102803738,0.09244067878376455,0.0074888057754428205,0.97545865162545,0.38758626180021344,0.0,0.052061495457721874,0.010101922927601955
28,107,100.0,107,0,102,5,0,0.0,0.6134808838043695,0.6119390308098059,0.06892854207765178,0.4924960472351693,0.29271243133320024,0.9951443408806931,5.5514018691588785,2.8554537426680326,0.23785631829730014,0.00042035619637953014,0.02325171409035396,0.0,0.00042035619637953014,-0.0051574152853769316,0,0,0,5,0,1.0,0.2336448598130841,0.09171056494036164,0.017467501808268598,0.9672265937201877,0.38442666027036554,0.0,0.1586303284416492,0.01009890282565623
29,107,100.0,107,0,101,6,0,0.0,0.6166621076533557,0.6149385391861895,0.06999379151990108,0.49248047884774077,0.2910428759496297,0.9858265206033551,5.5514018691588785,2.8554537426680326,0.24077120508533367,0.01809512257174489,0.02298862221557152,0.0,0.01809512257174489,-0.0023286153999766876,0,0,0,6,0,0.8333333333333334,0.22429906542056074,0.09325453577787574,0.01765087799376602,0.9810624379772491,0.3878732752572222,0.0,0.1212438853948288,0.01011458667085041
30,107,100.0,107,0,101,6,0,0.0,0.6155281785896937,0.6138177396927799,0.0715543499048028,0.49243975187954764,0.29101030393881655,0.994145529046915,5.5514018691588785,2.8554537426680326,0.2418103219819312,0.018118259935870334,0.02567509889071505,0.0,0.018118259935870334,-0.0014887465877623702,0,0,0,6,0,0.8333333333333334,0.2336448598130841,0.09443902808929665,0.019133337950972613,0.9605830501786093,0.39071097921120845,0.0,0.1960167714884696,0.010108335555663327
31,107,100.0,107,0,101,6,0,0.0,0.6100469319931543,0.6085623946486537,0.07100104855520964,0.4922801366936901,0.28814713750614884,1.0040897600363112,5.5514018691588785,2.8554537426680326,0.24256781517145076,0.01770466405416631,0.0248538757265962,0.0,0.01770466405416631,-0.0020847234007172013,0,0,0,6,0,0.8333333333333334,0.24299065420560748,0.09496287402518948,0.020348021410986857,0.9632404657061312,0.3910526584858828,0.0,0.1586303284416492,0.010078650453781412
32,106,99.06542056074767,107,1,98,8,0,0.009345794392523364,0.6132207890404697,0.6113091154256837,0.07087835005920572,0.4921959259513236,0.284444652013249,0.9286705037501805,5.5514018691588785,2.8554537426680326,0.24453974943918655,0.02389600704565182,0.024097329572318544,0.0,0.02389600704565182,-0.005556310926294288,0,1,0,8,0,0.7777777777777778,0.24299065420560748,0.0954137034045522,0.046104602724413433,0.970789905221158,0.3911642032148164,0.009345794392523364,0.1268343815513627,0.010093317439620674
33,106,99.06542056074767,107,0,101,6,0,0.0,0.6121166536064343,0.6101635613246241,0.06984195403642537,0.4920798495610795,0.2802795312354496,0.9435889588374828,5.5514018691588785,2.8554537426680326,0.24429723730563668,0.0186946529212715,0.021480233820292512,0.0,0.0186946529212715,-0.0069515999669340816,0,0,0,6,0,0.8333333333333334,0.205607476635514,0.09491633452668254,0.058689579127681774,0.9527630814232931,0.3887720370368834,0.0,0.1960167714884696,0.010086139508635707
34,106,99.06542056074767,107,0,100,7,0,0.0,0.6136377349041604,0.611697925678575,0.07418888161632747,0.49200213812996163,0.27316180892720615,0.9473599544468597,5.5514018691588785,2.8554537426680326,0.2496778737567693,0.015377284493093227,0.020106962876295625,0.0,0.015377284493093227,-0.004689799143165648,0,0,0,7,0,0.8571428571428571,0.21495327102803738,0.09931225667673944,0.045346729879516656,0.9692001377000384,0.3986187256718426,0.0,0.1960167714884696,0.010092635408140168
35,106,99.06542056074767,107,0,102,5,0,0.0,0.6140539571630552,0.6121329959374525,0.07717845055168199,0.4919365842968045,0.2691146733214484,0.9428943071123717,5.5514018691588785,2.8554537426680326,0.2522765995893814,0.0004927395456893526,0.019333274895279865,0.0,0.0004927395456893526,-0.005997545500061369,0,0,0,5,0,1.0,0.21495327102803738,0.10262781634807368,0.04640851667719938,0.9720918169154704,0.40452154656907385,0.0,0.1586303284416492,0.01009378058974347
36,106,99.06542056074767,107,0,99,8,0,0.0,0.615659831807624,0.6139082681586293,0.07695682419373175,0.49191345598469544,0.2681507528828152,0.9348376547796299,5.5514018691588785,2.8554537426680326,0.2517669918365808,0.0003404586010831252,0.017821274193873735,0.0,0.0003404586010831252,-0.003327385664205342,0,0,0,8,0,1.0,0.205607476635514,0.10167215453658601,0.03174285184520316,0.9696408264038202,0.4058624522927735,0.0,0.1960167714884696,0.010101479753839446
37,107,100.0,107,0,97,10,0,0.0,0.6136701589880819,0.6120359864605174,0.07782736091305051,0.4918482183805824,0.26379298720812466,0.9250560409452429,5.5514018691588785,2.8554537426680326,0.2532250106582672,0.014494173490008134,0.017483535746791685,0.0,0.014494173490008134,-0.003593775896301768,0,0,0,10,0,0.9,0.21495327102803738,0.10283859046073332,0.025582541545212122,0.9713067440201717,0.41056663353631584,0.0,0.1960167714884696,0.010090599974937598
38,107,100.0,107,0,98,9,0,0.0,0.6169704365798632,0.6156841816863821,0.08129175543377064,0.491868181627771,0.2603062939482623,0.8922159538135976,5.5514018691588785,2.8554537426680326,0.2554383061971466,0.017316278486290155,0.01633264001819322,0.0,0.017316278486290155,-0.002222590564866761,0,0,0,9,0,0.8888888888888888,0.19626168224299065,0.10535436011974311,0.029673700421798847,0.9741833123526261,0.4138398665181144,0.0,0.1586303284416492,0.010107386383541007
39,107,100.0,107,0,100,7,0,0.0,0.6144647855372899,0.6134372093632606,0.07907438862151403,0.49183624582943286,0.26057435641096516,0.8964954328397554,5.5514018691588785,2.8554537426680326,0.2542777088538142,0.008071924011424208,0.015530893591194762,0.0,0.008071924011424208,-0.0007102918740412975,0,0,0,7,0,0.8571428571428571,0.21495327102803738,0.103668572763876,0.026246852496516024,0.9688495335036083,0.41225929727521077,0.0,0.1586303284416492,0.010094402172353693
40,107,100.0,107,0,102,5,0,0.0,0.6136966469177102,0.612363526243836,0.07785568264332053,0.4917806951231893,0.26373735420757466,0.8975676651170159,5.5514018691588785,2.8554537426680326,0.2533023723376626,0.0005012553505539424,0.017113237034531492,0.0,0.0005012553505539424,-0.001213891406787282,0,0,0,5,0,1.0,0.205607476635514,0.1030160933783244,0.04155063900729548,0.9741833123526261,0.40802385719123047,0.0,0.1586303284416492,0.010089768366895539
41,107,100.0,107,0,100,7,0,0.0,0.6151383648827764,0.6139501517077887,0.07909524026631883,0.4917629749266202,0.2609330873568892,0.9036708993899546,5.5514018691588785,2.8554537426680326,0.2520540949461132,0.00035401090097473154,0.014592337783913752,0.0,0.00035401090097473154,-0.0019643785480594916,0,0,0,7,0,1.0,0.19626168224299065,0.1027116497042413,0.0396215928532019,0.9718405083997343,0.406330905606883,0.0,0.1268343815513627,0.0100967239607128
42,107,100.0,107,0,102,5,0,0.0,0.6219475038444339,0.6207548655074513,0.08351956726893986,0.4919012050859635,0.25250701213175375,0.8811788199216226,5.5514018691588785,2.8554537426680326,0.2555631583971609,0.0005796522054239961,0.01749688060680122,0.0,0.0005796522054239961,-0.006782797203751028,0,0,0,5,0,1.0,0.19626168224299065,0.10570826011411161,0.03191111911901579,0.9698402347684424,0.4136896560844445,0.0,0.1268343815513627,0.01013274320465032
43,107,100.0,107,0,102,5,0,0.0,0.6223091575949399,0.6210431807133753,0.08504602448079707,0.4920420743129189,0.24524328570444384,0.8409355995472964,5.5514018691588785,2.8554537426680326,0.2597289958964242,0.0006504968437822207,0.011118561814227372,0.0,0.0006504968437822207,-0.002622484858594004,0,0,0,5,0,1.0,0.21495327102803738,0.10809116517876904,0.04439695228040501,0.9664126801573765,0.418884760023654,0.0,0.1586303284416492,0.010136562701209533
44,107,100.0,107,0,104,3,0,0.0,0.6244209567440904,0.6231602800317096,0.08706542181712573,0.4922272833176381,0.24847245819838368,0.8445303525151717,5.5514018691588785,2.8554537426680326,0.2598657147048462,0.0009390714878931474,0.010753378404917635,0.0,0.0009390714878931474,-0.004820897078815829,0,0,0,3,0,1.0,0.19626168224299065,0.1090248089624385,0.04615223185941974,0.9634411224139707,0.4193495654624967,0.0,0.08944793850454229,0.010149765975683792
45,107,100.0,107,0,103,4,0,0.0,0.6227883177706031,0.6216091627035489,0.08836637856640064,0.4923717706146602,0.245917262752737,0.8395791105486408,5.5514018691588785,2.8554537426680326,0.2627708262656747,0.009795734843639494,0.009267826358718097,0.0,0.009795734843639494,-0.005121983367520306,0,0,0,4,0,1.0,0.205607476635514,0.11115398392602757,0.05268725662029841,0.9451285805854637,0.4245225233775687,0.0,0.12683438155136267,0.010143665664781604
46,107,100.0,107,0,103,4,0,0.0,0.6245027736474578,0.6231507882240618,0.08747306978537446,0.4925473484666505,0.24728918470676772,0.8382201276393609,5.5514018691588785,2.8554537426680326,0.26238313578923345,5.522487857218575e-05,0.009582487585153699,0.0,5.522487857218575e-05,0.0032452479849749936,0,0,0,4,0,1.0,0.21495327102803738,0.1102780152859633,0.0490819483562651,0.961406021065527,0.42283488386152335,0.0,0.12683438155136267,0.010154744716338853
47,107,100.0,107,0,101,6,0,0.0,0.6293733040606416,0.6280045610001943,0.09054194155080642,0.4928287905634121,0.2443008683440885,0.8372457336431366,5.5514018691588785,2.8554537426680326,0.2640596234679635,0.005847511875945303,0.009207263720263733,0.0,0.005847511875945303,3.5387333974454725e-05,0,0,0,6,0,1.0,0.2336448598130841,0.11199363155451539,0.05597222849824134,0.9734710498386677,0.4268874291900119,0.0,0.1212438853948288,0.010183115592847484
48,107,100.0,107,0,100,7,0,0.0,0.6351389838478546,0.6341385921223144,0.09221948377365748,0.4932423197482907,0.24065374733384817,0.832044180173304,5.5514018691588785,2.8554537426680326,0.2642326608241343,0.005442061063996115,0.008848839500286546,0.0,0.005442061063996115,-0.0029053580574691573,0,0,0,7,0,1.0,0.22429906542056074,0.11164322656944498,0.055330317013317434,0.9664018006942092,0.4276792045774727,0.0,0.08944793850454229,0.01021784805907687
49,106,99.06542056074767,107,1,100,6,0,0.009345794392523364,0.629687887490011,0.6277398772793494,0.08819528838466821,0.49351755718292317,0.24798476519517165,0.8508768343596802,5.5514018691588785,2.8554537426680326,0.2611930236671034,0.018481494602190625,0.009593521693809412,0.0,0.018481494602190625,0.001644246746260018,0,1,1,5,0,0.8571428571428571,0.2336448598130841,0.10928202146725322,0.06552652754970563,0.9592983768393576,0.42110915713007063,0.009345794392523364,0.1401118099231307,0.01019452221610187
50,106,99.06542056074767,107,0,105,2,0,0.0,0.6299796905991475,0.6281909504085778,0.08931629736649614,0.4937755532292544,0.2515795933705225,0.8697377431864838,5.5514018691588785,2.8554537426680326,0.2601289138879943,0.011244187259967293,0.011998988520242698,0.0,0.011244187259967293,-0.0010865779193318242,0,0,0,2,0,1.0,0.22429906542056074,0.10954410683527727,0.0704444206703715,0.9500660270705639,0.41819076891334117,0.0,0.12683438155136267,0.010199664710528003
51,106,99.06542056074767,107,0,106,1,0,0.0,0.6301887230623457,0.6281887973540763,0.09152592573672748,0.49402613313424454,0.2516168136753281,0.8772318160037785,5.5514018691588785,2.8554537426680326,0.26207219637974366,1.708750210345348e-05,0.011853596348137572,0.0,1.708750210345348e-05,-0.0035316989927083042,0,0,0,1,0,1.0,0.24299065420560748,0.11143499703074576,0.08610406997386952,0.9448638722050507,0.4196335128202399,0.0,0.12683438155136267,0.010204287469481701
52,106,99.06542056074767,107,0,106,1,0,0.0,0.6281163318980356,0.6263022435098129,0.09005693692333525,0.49422646210807636,0.2597839864842477,0.892124499259738,5.5514018691588785,2.8554537426680326,0.2597353437163836,1.5022163035772008e-05,0.014767254150198025,0.0,1.5022163035772008e-05,0.003268127015825628,0,0,0,1,0,1.0,0.24299065420560748,0.11037229240855778,0.09288714115556285,0.9618902137524001,0.41450178888741296,0.0,0.10272536687631027,0.010196785664250614
53,106,99.06542056074767,107,0,106,1,0,0.0,0.6271420767308761,0.6255823915053055,0.08843358852168036,0.49440462674792396,0.26214224893696086,0.9461462154917758,5.5514018691588785,2.8554537426680326,0.2577855121588961,1.62958051350476e-05,0.014573605253802028,0.0,1.62958051350476e-05,0.004453583323546367,0,0,0,1,0,1.0,0.21495327102803738,0.10868174543871936,0.08660320736023212,0.9705974501882569,0.41134468686372005,0.0,0.06533892382948986,0.010194458092853137
54,107,100.0,107,0,106,1,0,0.0,0.6319769352798894,0.6301176983917539,0.09510523676696214,0.49468130685107914,0.25088009665143435,0.9299318377366498,5.5514018691588785,2.8554537426680326,0.2651534021142796,1.3897726027285273e-05,0.019771497894621376,0.0,1.3897726027285273e-05,-0.010814088145945977,0,0,0,1,0,1.0,0.21495327102803738,0.11455641530536985,0.07145351234055573,0.977304660992479,0.4252224352580972,0.0,0.14011180992313066,0.010222582621778584
55,107,100.0,107,0,106,1,0,0.0,0.6360830167401295,0.6340619228434073,0.10064622264732787,0.49504018688565293,0.24570539993504645,0.9058201911366601,5.5514018691588785,2.8554537426680326,0.2709773864113538,3.054486477543737e-05,0.009398002921210447,0.0,3.054486477543737e-05,-0.005068719661914259,0,0,0,1,0,1.0,0.2336448598130841,0.11942378183125572,0.07705702271433827,0.97453223697015,0.4340462417679619,0.0,0.06533892382948987,0.010248236855769248
56,107,100.0,107,0,104,3,0,0.0,0.6366091822901206,0.6346911487845794,0.10759667743445622,0.4954031930713973,0.23994298056696736,0.9191481407466919,5.5514018691588785,2.8554537426680326,0.2753279529363881,0.008126656402412995,0.007909307995072468,0.0,0.008126656402412995,-0.0025124988154398334,0,0,0,3,0,1.0,0.2336448598130841,0.12472467198555699,0.08058777306214922,0.9658600300844228,0.44020555178898085,0.0,0.14011180992313066,0.01025605042037768
57,107,100.0,107,0,102,5,0,0.0,0.6334699467143632,0.6314952666954732,0.10555470159302487,0.4956828282356451,0.24035047591177866,0.9133923462252296,5.5514018691588785,2.8554537426680326,0.2754192263306663,0.005022543077918092,0.010779246381657996,0.0,0.005022543077918092,-0.0015366500757909602,0,0,0,5,0,1.0,0.22429906542056074,0.12418685360378955,0.07122639250042896,0.93892772544548,0.44236340440919597,0.0,0.1774982529699511,0.010244346668880558
58,107,100.0,107,0,104,3,0,0.0,0.6319684638335544,0.6300822283027491,0.10332038261820978,0.49592219962099315,0.23916909478864723,0.8862367910173446,5.5514018691588785,2.8554537426680326,0.2751441567874917,0.01044777741143605,0.01148371125938937,0.0,0.01044777741143605,-0.006792085296944232,0,0,0,3,0,1.0,0.2336448598130841,0.12361859461778386,0.08312672053813176,0.9643248561563855,0.43719307879337954,0.0,0.10272536687631027,0.010240256824067413
59,107,100.0,107,0,105,2,0,0.0,0.6301974044044933,0.6283896258160476,0.10325112301467985,0.4961160706823155,0.23976188015666164,0.8686347862584917,5.5514018691588785,2.8554537426680326,0.27643762177921993,1.2325120117124409e-05,0.01676489506132134,0.0,1.2325120117124409e-05,-0.010267374098856058,0,0,0,2,0,1.0,0.2336448598130841,0.12449481049904444,0.07486129128804331,0.9556527198623141,0.43905557608972545,0.0,0.02795248078266946,0.010234169476160347
60,107,100.0,107,0,103,4,0,0.0,0.6378890831180402,0.6357831260138721,0.1083836153347186,0.4964733002276517,0.23500943994169363,0.8781943476140444,5.5514018691588785,2.8554537426680326,0.27661924390355885,0.017200814615313996,0.012512909425682534,0.0,0.017200814615313996,-0.00651801965499324,0,0,0,4,0,1.0,0.24299065420560748,0.12591653028010266,0.0947271972010277,0.9712612270264478,0.43655351954188587,0.0,0.10272536687631026,0.01027772813193919
61,107,100.0,107,0,105,2,0,0.0,0.6334333080880027,0.6317400642462703,0.11007368530605398,0.4967279710417165,0.23228187228338995,0.8604972568603897,5.5514018691588785,2.8554537426680326,0.2777810892110726,2.034974187367004e-05,0.011539954436808978,0.0,2.034974187367004e-05,-0.0027041253283504874,0,0,0,2,0,1.0,0.24299065420560748,0.12758026177275458,0.07091277011695206,0.9731836807816785,0.4461359436518025,0.0,0.10272536687631027,0.010259085260434852
62,107,100.0,107,0,105,2,0,0.0,0.6324632441164652,0.6308603652756557,0.10701440594813777,0.49695527433074516,0.23505050973595473,0.8830645681475293,5.5514018691588785,2.8554537426680326,0.2753021956542865,2.0978933142271056e-05,0.008382276264253138,0.0,2.0978933142271056e-05,0.0017821151122297436,0,0,0,2,0,1.0,0.21495327102803738,0.12517583254308493,0.06592625697749004,0.9651548409320754,0.44310143030793736,0.0,0.10272536687631027,0.010257480210714053
63,107,100.0,107,0,105,2,0,0.0,0.6254974717180224,0.6236587323213721,0.1030755129619456,0.497011575641319,0.2384808652152163,0.8944673075597844,5.5514018691588785,2.8554537426680326,0.2760970770374609,1.114503865553234e-05,0.019978197074013302,0.0,1.114503865553234e-05,-0.007782405415551835,0,0,0,2,0,1.0,0.2523364485981308,0.12496725386279851,0.0631704028369257,0.9639775647817237,0.44283030664543876,0.0,0.1401118099231307,0.010223455177661813
64,107,100.0,107,0,105,2,0,0.0,0.6287276806873321,0.6270857879027614,0.10610256171419277,0.49714455568350263,0.2310556078444233,0.8607264752266977,5.5514018691588785,2.8554537426680326,0.27655195987132597,1.4287574948165035e-05,0.015194363029395714,0.0,1.4287574948165035e-05,-0.008303442824279125,0,0,0,2,0,1.0,0.24299065420560748,0.12604135152863616,0.053276981816872786,0.9666571029102435,0.44630205862974787,0.0,0.1401118099231307,0.01024150481430413
65,107,100.0,107,0,104,3,0,0.0,0.6318189237096408,0.6303111371236031,0.11005300509027895,0.4973474172261272,0.22751935954975738,0.8580216194779524,5.5514018691588785,2.8554537426680326,0.27934329346220066,0.029418191289626153,0.017115374039635704,0.0,0.029418191289626153,0.00018201848041311808,0,0,0,3,0,0.6666666666666666,0.24299065420560748,0.12867726124715903,0.05322784550958993,0.9642437153786871,0.44943451121185496,0.0,0.1774982529699511,0.010259857338171327
66,107,100.0,107,0,104,3,0,0.0,0.6337527966796547,0.6320262804683422,0.11307079996105186,0.497583666251104,0.2230476777257752,0.8448737888827437,5.5514018691588785,2.8554537426680326,0.28211921358028746,0.01079445788423314,0.012515796853169461,0.0,0.01079445788423314,-0.0030875926489987208,0,0,0,3,0,1.0,0.2336448598130841,0.13176074276015232,0.07044955583216943,0.963323242162471,0.45016642464407275,0.0,0.1774982529699511,0.010272899693834254
67,107,100.0,107,0,104,3,0,0.0,0.6357029920453244,0.6338354111426594,0.11459843824873245,0.4978544964060947,0.2224775700019821,0.8558374442871849,5.5514018691588785,2.8554537426680326,0.28332912217033823,0.03980476643853289,0.016712961012349477,0.0,0.03980476643853289,-0.004397978897308567,0,0,0,3,0,0.6666666666666666,0.2616822429906542,0.13266183717686225,0.06784239343083186,0.9703391197331434,0.45232805245376695,0.0,0.14011180992313066,0.010286517385561082
68,107,100.0,107,0,105,2,0,0.0,0.6306085307458107,0.6287261438361471,0.11393621951985397,0.49800087891966716,0.2289325948904159,0.8703610795283186,5.5514018691588785,2.8554537426680326,0.2832010959353126,0.014487779131564986,0.01353120695452671,0.0,0.014487779131564986,-0.002387869293055331,0,0,0,2,0,1.0,0.2336448598130841,0.13338109495196174,0.05390020896462487,0.9680291758903184,0.4565954858165305,0.0,0.1774982529699511,0.01026313502154472
69,107,100.0,107,0,105,2,0,0.0,0.6324038771375303,0.6304591771717594,0.11584515815565886,0.4981826703204718,0.2262274219977946,0.864089736243033,5.5514018691588785,2.8554537426680326,0.2840655955450886,0.014929442989707812,0.006433956981301988,0.0,0.014929442989707812,0.006614147401420939,0,0,0,2,0,1.0,0.2523364485981308,0.1345625667341534,0.06397727847854098,0.9608975592673095,0.45670759948285994,0.0,0.1774982529699511,0.010274707238182381
70,107,100.0,107,0,105,2,0,0.0,0.633645924394006,0.6318360862628142,0.11577251306523635,0.4983907243536574,0.2269137766783683,0.8607228280869131,5.5514018691588785,2.8554537426680326,0.2828254724803527,0.01251748565763787,0.014872468392519468,0.0,0.01251748565763787,-0.00403016841783075,0,0,0,2,0,1.0,0.2336448598130841,0.13360764885030865,0.0712420830961727,0.9673736957255133,0.4522032915672669,0.0,0.1774982529699511,0.010283887917803445
71,107,100.0,107,0,104,3,0,0.0,0.6388627582816112,0.637150022831763,0.11828181497268521,0.49871422710067836,0.22440943505201477,0.8478076658758007,5.5514018691588785,2.8554537426680326,0.2818837293367973,0.03767149520297888,0.015746884462972816,0.0,0.03767149520297888,0.004589215861322697,0,0,0,3,0,0.6666666666666666,0.24299065420560748,0.13332389884387055,0.07106948112658543,0.9662497495542065,0.4515288505057905,0.0,0.1774982529699511,0.010314590822890192
72,107,100.0,107,0,104,3,0,0.0,0.6389139421650228,0.6372656058307015,0.12374968340906946,0.4990311327116572,0.21864962882757152,0.853497341173979,5.5514018691588785,2.8554537426680326,0.2866637888467525,0.041807282968419145,0.01736112807045416,0.0,0.041807282968419145,0.0012318192943980243,0,0,0,3,0,0.6666666666666666,0.22429906542056074,0.13831601450389872,0.061254743580677194,0.9656451803824782,0.4593949556692848,0.0,0.10272536687631026,0.010319371288871962
73,107,100.0,107,0,104,3,0,0.0,0.6399115382828707,0.6380381545594924,0.12074393000106251,0.4993566370467788,0.22108519095187498,0.8464906310892047,5.5514018691588785,2.8554537426680326,0.2858848771477507,0.04479944210401888,0.016329300205781005,0.0,0.04479944210401888,0.0034560835828184263,0,0,0,3,0,0.6666666666666666,0.2336448598130841,0.13630045703128996,0.052680499108431415,0.9571140685750783,0.45834148891203236,0.0,0.2148846960167715,0.010329006582321089
74,107,100.0,107,0,102,5,0,0.0,0.633842197511189,0.6322012032094794,0.11728670070009717,0.49953950959955523,0.22626330530938749,0.8622115156333109,5.5514018691588785,2.8554537426680326,0.2826487750102158,0.023315945414034818,0.015210791699687646,0.0,0.023315945414034818,0.0018048694433337314,0,0,1,4,0,0.8,0.24299065420560748,0.13409639483423236,0.047340199320510354,0.9861241135820025,0.45403089384415796,0.0,0.10272536687631026,0.010301270799038963
75,107,100.0,107,0,104,3,0,0.0,0.6335757373384753,0.6317793039620204,0.11578614355949807,0.49970752260089774,0.230931336273372,0.8598249744129111,5.5514018691588785,2.8554537426680326,0.2820255370828011,0.013736617236365364,0.014187451157757276,0.0,0.013736617236365364,0.0050990379875136965,0,0,0,3,0,1.0,0.22429906542056074,0.13276701939930438,0.03245460028047488,0.9758839262245168,0.4565542613979449,0.0,0.1628232005590496,0.010302337264942896
76,107,100.0,107,0,103,4,0,0.0,0.6333111764384919,0.6313525056292514,0.11788866056830759,0.49986098844553173,0.22778876985902907,0.8460614513482706,5.5514018691588785,2.8554537426680326,0.2842916862648055,5.399169712913784e-05,0.012277456986030869,0.0,5.399169712913784e-05,0.0019135106704643995,0,0,0,4,0,1.0,0.2336448598130841,0.13503711122535286,0.03199977514397288,0.9778162790645136,0.4610723871154533,0.0,0.1254367575122292,0.010303205533545138
77,107,100.0,107,0,104,3,0,0.0,0.630899533974221,0.6288907211329522,0.1168700321671282,0.4999538360499327,0.23055265056564542,0.8493484172060559,5.5514018691588785,2.8554537426680326,0.2826276435037578,2.7591697414392828e-05,0.0161251925905838,0.0,2.7591697414392828e-05,0.001376692330681828,0,0,0,3,0,1.0,0.24299065420560748,0.13378769086064501,0.02181759189842966,0.9839198008229377,0.45966640677288056,0.0,0.10272536687631026,0.010292472931421208
78,107,100.0,107,0,102,5,0,0.0,0.6295479763945545,0.6276860308427731,0.11951704774277716,0.5000165129347559,0.23181144746685273,0.8464396218717554,5.5514018691588785,2.8554537426680326,0.28518626373046385,0.008290861410082947,0.010126076265697979,0.0,0.008290861410082947,0.006385910571109751,0,0,0,5,0,1.0,0.2616822429906542,0.13658824744205417,0.021486715688356122,0.9811563155746732,0.46620723711687856,0.0,0.1390635918937806,0.01028660999824961
79,107,100.0,107,0,102,5,0,0.0,0.6297151272541599,0.6280387178064355,0.116369245211883,0.5000854567606088,0.22962958341559705,0.8375424320292715,5.5514018691588785,2.8554537426680326,0.28338184666497335,0.007939616482489602,0.013965952076496108,0.0,0.007939616482489602,0.002553801445598422,0,0,0,5,0,1.0,0.27102803738317754,0.1340059186364505,0.01509536269915996,0.987737101994878,0.4659972276833363,0.0,0.10167714884696018,0.010288430082075466
80,107,100.0,107,0,101,6,0,0.0,0.6314464099697237,0.6299521896913827,0.11876028044736414,0.5001961425710489,0.2239327540934912,0.826099182333299,5.5514018691588785,2.8554537426680326,0.2862430487388017,0.005314483928509441,0.01184728144754696,0.0,0.005314483928509441,0.0012422180162092271,0,0,0,6,0,1.0,0.29906542056074764,0.13620664906616803,0.020286205740181848,0.9804114390806196,0.47049092305672846,0.0,0.11635220125786162,0.010298666786711692
81,106,99.06542056074767,107,1,99,7,0,0.009345794392523364,0.6317065926673944,0.6293143454401249,0.11940946101501397,0.5003087057227688,0.2271315838396891,0.8550596537053268,5.5514018691588785,2.8554537426680326,0.2886063007641826,0.016152713112962215,0.010537584066017035,0.0,0.016152713112962215,0.005716502514245969,0,1,0,7,0,0.875,0.2616822429906542,0.13843453288020535,0.050264148597983165,0.9796292751092042,0.46910669949884054,0.009345794392523364,0.1352201257861635,0.010301574794564368
82,106,99.06542056074767,107,0,101,6,0,0.0,0.6355051540266335,0.6332134576538753,0.11967278797630476,0.5004875159608382,0.22868620217477134,0.8518906547977851,5.5514018691588785,2.8554537426680326,0.2861726010026213,0.03132572162341057,0.017377237587348417,0.0,0.03132572162341057,0.0002816147428004572,0,0,2,4,0,0.6666666666666666,0.2523364485981308,0.13642660042340882,0.056877884268649224,0.9834021077370315,0.4636020459761993,0.0,0.1254367575122292,0.01032312052317818
83,106,99.06542056074767,107,0,101,6,0,0.0,0.6375355095732246,0.635311028556079,0.12468612459807175,0.500709136488738,0.22171871065766377,0.8389644026376227,5.5514018691588785,2.8554537426680326,0.2917386353292426,0.032103281175108904,0.016846578101144264,0.0,0.032103281175108904,0.002051381876594399,0,0,0,6,0,0.6666666666666666,0.27102803738317754,0.14106638170401506,0.046338598333194134,0.9800873173919988,0.47621206465259186,0.0,0.12054507337526206,0.010336436436740353
84,106,99.06542056074767,107,0,102,5,0,0.0,0.6361702080407403,0.6338365179672157,0.1281773820387764,0.5008907455707429,0.2214688026308644,0.8473496368462436,5.5514018691588785,2.8554537426680326,0.29313938464131906,0.023966858275433624,0.018141837070737587,0.0,0.023966858275433624,0.0002744229710941404,0,0,0,5,0,0.8,0.2523364485981308,0.1436821320806231,0.04226551427611817,0.9720641805495643,0.48014783569526176,0.0,0.15793151642208247,0.010332202810742496
85,106,99.06542056074767,107,0,102,5,0,0.0,0.6413066509446599,0.639156096775252,0.13340322551682315,0.5011886873791531,0.21796877305327145,0.8346908113981741,5.5514018691588785,2.8554537426680326,0.2942881791504981,0.023758756448764955,0.017007263663779366,0.0,0.023758756448764955,-0.0009982529689026409,0,0,0,5,0,0.8,0.2523364485981308,0.1455006220701829,0.034748397942868256,0.9614980268930015,0.4839979743145619,0.0,0.19531795946890285,0.010362138820521706
86,107,100.0,107,0,101,6,0,0.0,0.6437482632155482,0.6414258253792565,0.13955694723903397,0.5015299704373414,0.21599699296383448,0.8370208217757578,5.5514018691588785,2.8554537426680326,0.29408893744446507,0.018632559107142163,0.01693776732636682,0.0,0.018632559107142163,0.0003766955792630737,0,0,0,6,0,0.8333333333333334,0.24299065420560748,0.1475559003867053,0.031650683743352025,0.9741527312329816,0.48377323279694917,0.0,0.12054507337526206,0.010379219471805212
87,107,100.0,107,0,100,7,0,0.0,0.646617050368846,0.6442323993068692,0.14233548178868716,0.5019256206518768,0.2158816288928903,0.8368189236541628,5.5514018691588785,2.8554537426680326,0.2926202204341297,0.032242365209584734,0.018406903969289946,0.0,0.032242365209584734,0.003614325421271345,0,0,0,7,0,0.7142857142857143,0.2616822429906542,0.14724670324284664,0.024456635862499247,0.9745005343945704,0.4841944819881148,0.0,0.12054507337526206,0.010399212212001114
88,107,100.0,107,0,99,8,0,0.0,0.6470144966530578,0.6447600224436076,0.13374820107664215,0.5023220260852377,0.21550695327462288,0.8298438994209674,5.5514018691588785,2.8554537426680326,0.2899256298611108,0.029081065878448983,0.01611838018884375,0.0,0.029081065878448983,0.0008230386347953603,0,0,0,8,0,0.75,0.24299065420560748,0.14217970680693454,0.019281463657914527,0.9604379351121095,0.47985504222345127,0.0,0.15793151642208245,0.010406859030313695
89,107,100.0,107,0,101,6,0,0.0,0.6495658058777172,0.6471838481656617,0.1351245068684399,0.5027624813226523,0.2149141015397427,0.8332784776146498,5.5514018691588785,2.8554537426680326,0.29056316427689466,0.019800092248765885,0.018431878866344942,0.0,0.019800092248765885,-0.0023098912338932695,0,0,0,6,0,0.8333333333333334,0.2336448598130841,0.14291353176726695,0.009394173966893172,0.987806473770928,0.48368130007401167,0.0,0.12054507337526206,0.010425904074217758
90,107,100.0,107,0,99,8,0,0.0,0.6491349169240096,0.6466542747440254,0.13638990732142786,0.5031782621852349,0.21593269516633487,0.8308620505598155,5.5514018691588785,2.8554537426680326,0.2923532996892426,0.030786848392819026,0.020034940562867302,0.0,0.030786848392819026,-0.0025942918828248777,0,0,0,8,0,0.75,0.2523364485981308,0.14460090216218727,0.015606327745677644,0.98614748507984,0.4852165428504059,0.0,0.1254367575122292,0.010429685844550177
91,107,100.0,107,0,99,8,0,0.0,0.6450460368300625,0.642495865359069,0.1293227180540519,0.503487177452481,0.22601430770759534,0.852100356850707,5.5514018691588785,2.8554537426680326,0.28704154774756807,0.027483526068314765,0.01659916447045356,0.0,0.027483526068314765,0.0013720287890078425,0,0,0,8,0,0.75,0.2336448598130841,0.1398666798044132,0.027973720953843147,0.9796513002604554,0.4707775879240833,0.0,0.15793151642208247,0.010413651910360566
92,107,100.0,107,0,98,9,0,0.0,0.6502960609491811,0.6477393023431315,0.1347318902655413,0.5039070509212515,0.2268425107342314,0.8561489767723646,5.5514018691588785,2.8554537426680326,0.2887497263097132,0.02566864776087234,0.021586506717030794,0.0,0.02566864776087234,-0.0004990499677254815,0,0,0,9,0,0.7777777777777778,0.24299065420560748,0.14214941119897656,0.025119373513638684,0.9787066554862323,0.4742809960398815,0.0,0.1628232005590496,0.0104458966772954
93,107,100.0,107,0,98,9,0,0.0,0.6549467400782049,0.6526839626539326,0.1361855423163629,0.5044278890876691,0.22264806164755938,0.8592707350419602,5.5514018691588785,2.8554537426680326,0.2893947622316049,0.024244154080978596,0.019610013389003606,0.0,0.024244154080978596,0.002852982421140793,0,0,0,9,0,0.7777777777777778,0.24299065420560748,0.1420400788587938,0.024887457430576212,0.975979444465869,0.47490695813765016,0.0,0.1628232005590496,0.010476586219398626
94,107,100.0,107,0,98,9,0,0.0,0.6543309379950695,0.6520974921632776,0.13133668165477563,0.5049204578463103,0.2276857388210035,0.8663353595570771,5.5514018691588785,2.8554537426680326,0.2861532369813591,0.024427823244564207,0.020806714284102575,0.0,0.024427823244564207,0.0011896179848302644,0,0,0,9,0,0.7777777777777778,0.22429906542056074,0.13825764244683095,0.026329247244704188,0.9702333924590207,0.46866237112484516,0.0,0.1628232005590496,0.010480539745509866
95,106,99.06542056074767,107,1,98,8,0,0.009345794392523364,0.6546692235526518,0.651874930440999,0.12589095499840247,0.5054108201941656,0.22925618764741337,0.8338268978013594,5.5514018691588785,2.8554537426680326,0.2830870885001402,0.024236086634835306,0.02131970096683478,0.0,0.024236086634835306,-0.0014666445338816132,0,1,0,8,0,0.7777777777777778,0.22429906542056074,0.13415210000327843,0.03365235530439049,0.9755518595780176,0.4638964343743818,0.009345794392523364,0.1816911250873515,0.01048923220830501
96,106,99.06542056074767,107,0,98,9,0,0.0,0.6612571809668,0.6588683048143852,0.12002859119151543,0.5060299917483426,0.22754916170420608,0.8339914433039299,5.5514018691588785,2.8554537426680326,0.2802825545012637,0.014179152224600746,0.017876533799328395,0.0,0.014179152224600746,-0.0025397878998424505,0,0,0,9,0,0.8888888888888888,0.2336448598130841,0.12914877767224467,0.0391946767766367,0.9755518595780176,0.46072888796273315,0.0,0.1816911250873515,0.010531012074034393
97,106,99.06542056074767,107,0,99,8,0,0.0,0.6678656259273308,0.6654773714327952,0.13069588215831593,0.5067824582172912,0.21975563853990193,0.7998922671416994,5.5514018691588785,2.8554537426680326,0.2856009599057028,0.017441298768654894,0.015906086554775933,0.0,0.017441298768654894,0.0006033657255116037,0,0,0,8,0,0.875,0.22429906542056074,0.1353682414697672,0.03179260851357593,0.9668345127573812,0.4731883148641187,0.0,0.1816911250873515,0.010574797464812005
98,106,99.06542056074767,107,0,97,10,0,0.0,0.6701305410673927,0.6679732133207723,0.13672286666978165,0.5075704524427709,0.21367669621051819,0.7984878799413488,5.5514018691588785,2.8554537426680326,0.28936042378478977,0.02423655312684984,0.015176645431904442,0.0,0.02423655312684984,0.00045324769908475226,0,0,0,10,0,0.8,0.21495327102803738,0.13955434613979661,0.02877750641694589,0.9726839654865811,0.47990946347657587,0.0,0.1816911250873515,0.010597372445814048
99,106,99.06542056074767,107,0,97,10,0,0.0,0.6721396577163338,0.670144286935665,0.13772967306294234,0.5083855410598809,0.21035417575640442,0.8018157680954203,5.5514018691588785,2.8554537426680326,0.2910719549519212,0.024604783034610913,0.01668504759220486,0.0,0.024604783034610913,-0.000986319907232154,0,0,0,10,0,0.8,0.22429906542056074,0.14020333493590623,0.019718557450010107,0.9763542748168472,0.4850714602026448,0.0,0.1816911250873515,0.010619055268270417
100,107,100.0,107,0,98,9,0,0.0,0.6671014609249941,0.6650824929913612,0.1318987851194532,0.5090617254508648,0.21164533122555698,0.7993918573747173,5.5514018691588785,2.8554537426680326,0.29115483191180824,0.0066998110789725784,0.01567470622014697,0.0,0.0066998110789725784,-0.0011253878135510098,0,0,1,8,0,1.0,0.2523364485981308,0.13892989373039574,0.027386648187863367,0.9658745343612993,0.4833850646782073,0.0,0.19531795946890285,0.010603518350563564
101,107,100.0,107,0,97,10,0,0.0,0.6703088103593484,0.6683342423121857,0.13710208817108038,0.509792883467496,0.2086608664715693,0.7932548457884293,5.5514018691588785,2.8554537426680326,0.29292161007064754,0.006379007875684417,0.017410164119027873,0.0,0.006379007875684417,-0.0017703924189567649,0,0,0,10,0,1.0,0.24299065420560748,0.14165713279447553,0.017712908474374355,0.9783190373382353,0.4875355597626288,0.0,0.1443046820405311,0.01062999403721069
102,107,100.0,107,0,99,8,0,0.0,0.6708287554332903,0.6688218926121309,0.1364139502026504,0.510514303308169,0.20395438010555575,0.7903942388118966,5.5514018691588785,2.8554537426680326,0.2952615294455152,0.004728744546623822,0.01851850053731045,0.0,0.004728744546623822,-0.004532994551365488,0,0,0,8,0,1.0,0.21495327102803738,0.1428079471611319,0.02639369578664337,0.9712405895845422,0.49045735418717523,0.0,0.1816911250873515,0.010642893667500824
103,107,100.0,107,0,98,9,0,0.0,0.6801179862247425,0.6779638350918193,0.1410153722026623,0.5114239584899523,0.19678260048331772,0.7793827315336321,5.5514018691588785,2.8554537426680326,0.29739940576020474,0.005596708991963747,0.014372520524285939,0.0,0.005596708991963747,-0.0007738689551512298,0,0,0,9,0,1.0,0.2336448598130841,0.14416037106453353,0.01644332326873118,0.9688535786227639,0.4970128467787569,0.0,0.1443046820405311,0.010702327212924887
104,107,100.0,107,0,98,9,0,0.0,0.6819163023164223,0.6798853368277689,0.13122251636826382,0.5123515329633898,0.2110527827733818,0.7946004231806563,5.5514018691588785,2.8554537426680326,0.2892208445509412,0.007187466144174741,0.015989870934475185,0.0,0.007187466144174741,-0.0005482349032237251,0,0,0,9,0,1.0,0.21495327102803738,0.13546005929870583,0.020681025564864935,0.9721022816492109,0.48364381253449495,0.0,0.15793151642208247,0.010724562023392187
105,107,100.0,107,0,99,8,0,0.0,0.6822133088956223,0.680176869117971,0.13508124035009506,0.5132592806325627,0.20619348226094755,0.7635758998296641,5.5514018691588785,2.8554537426680326,0.29030769725897865,0.006226617325283507,0.016316842067846095,0.0,0.006226617325283507,-0.003649940336880734,0,0,0,8,0,1.0,0.21495327102803738,0.13765869272927478,0.02722938903311875,0.9712874024900171,0.48546146008128366,0.0,0.1443046820405311,0.010739007213684877
106,107,100.0,107,0,97,10,0,0.0,0.6798809590236604,0.678094950486865,0.13129501641116667,0.5140935494081652,0.2009468088699049,0.7540627203284218,5.5514018691588785,2.8554537426680326,0.29049221012666715,0.00548783121335167,0.015038163813234607,0.0,0.00548783121335167,0.0008919094921621309,0,0,0,10,0,1.0,0.22429906542056074,0.1363382658533882,0.03404068619276559,0.9752319205808172,0.48384041295731733,0.0,0.12054507337526206,0.010739256543813495
107,107,100.0,107,0,97,10,0,0.0,0.6887049593331248,0.6869314976265511,0.13830992761191757,0.5151058548376092,0.19518302814684302,0.7201734394451915,5.5514018691588785,2.8554537426680326,0.2940915001490536,0.006384137194632544,0.014233288803814905,0.0,0.006384137194632544,0.0012985207010857453,0,0,0,10,0,1.0,0.24299065420560748,0.13971759132323217,0.029766070307520126,0.9693467522335697,0.4894908576041855,0.0,0.1443046820405311,0.010797829501996961
108,107,100.0,107,0,98,9,0,0.0,0.6875413714405413,0.6855011447578359,0.14582256855051368,0.5160565799021624,0.1896839305930317,0.7302382078957604,5.5514018691588785,2.8554537426680326,0.2990440942251864,0.018324764060119084,0.015812783850305646,0.0,0.018324764060119084,0.002818219481699242,0,0,0,9,0,0.8888888888888888,0.2616822429906542,0.1454382073561652,0.018665891894080414,0.9724306196269621,0.4994695054266016,0.0,0.12054507337526206,0.010805585319753178
109,107,100.0,107,0,99,8,0,0.0,0.687236435459665,0.6851974511368234,0.145441903619908,0.5169732199875834,0.19360373502555986,0.7359770835414897,5.5514018691588785,2.8554537426680326,0.29789340815883647,0.007957645167453032,0.016050727318983958,0.0,0.007957645167453032,-0.0004518068744653724,0,0,0,8,0,1.0,0.2523364485981308,0.14457058452398877,0.005105460270303281,0.9699513206795487,0.4995681787341385,0.0,0.15793151642208247,0.01081714775666177
110,107,100.0,107,0,99,8,0,0.0,0.6907459030246954,0.6886694366569109,0.14902566603336298,0.517942998591761,0.18792948669280107,0.7286413620413126,5.5514018691588785,2.8554537426680326,0.3014062916500677,0.01877308409448971,0.014779598499960096,0.0,0.01877308409448971,-0.0014902157337846333,0,0,0,8,0,0.875,0.27102803738317754,0.1475240392582629,0.010019683523195001,0.9679472365406264,0.5067639926162468,0.0,0.19531795946890285,0.010848540884211215
111,107,100.0,107,0,99,8,0,0.0,0.692745315070687,0.6907436869531524,0.14646942389412446,0.5189324690226631,0.1854548292242969,0.7499992796583765,5.5514018691588785,2.8554537426680326,0.2976825548915618,0.006883343181973196,0.011739631032181175,0.0,0.006883343181973196,0.0033876093803361772,0,0,0,8,0,1.0,0.27102803738317754,0.14382054337183603,0.007242773312366112,0.9659752820550205,0.4993445470674392,0.0,0.15793151642208247,0.010872664879667067
112,107,100.0,107,0,99,8,0,0.0,0.6922098558613349,0.6902790719596213,0.14577215096443583,0.519883072090136,0.18840859268408017,0.7501004701755616,5.5514018691588785,2.8554537426680326,0.29792308882286567,0.007014296717853002,0.013443037029280892,0.0,0.007014296717853002,0.0017850823175924423,0,0,0,8,0,1.0,0.27102803738317754,0.14361692083364488,0.009359487341872658,0.9620160473167283,0.4991171143935939,0.0,0.15793151642208247,0.010883559599054342
113,107,100.0,107,0,98,9,0,0.0,0.6960221812662665,0.694370186742291,0.15604915286251642,0.5208999870388835,0.17568112567198252,0.715213942056631,5.5514018691588785,2.8554537426680326,0.3036978439535285,0.017554338707755864,0.012921112757133814,0.0,0.017554338707755864,0.005055100365173941,0,0,0,9,0,0.8888888888888888,0.2803738317757009,0.15003268480340573,-0.005124544693761671,0.9602936809457725,0.5150550966755144,0.0,0.1443046820405311,0.010917139994060882
114,107,100.0,107,0,99,8,0,0.0,0.6979876283740315,0.6962806257846267,0.15674193904381906,0.5219315058141761,0.17620268196125136,0.702793460304918,5.5514018691588785,2.8554537426680326,0.3019515733282603,0.017668640881248837,0.010558918191391152,0.0,0.017668640881248837,0.00269914791126271,0,0,1,7,0,0.875,0.2523364485981308,0.14927498664327657,-0.012381964627560981,0.9670298525847358,0.5142378264026327,0.0,0.1443046820405311,0.010941694500337416
115,107,100.0,107,0,99,8,0,0.0,0.696238847926085,0.6946799610187658,0.1578653152063846,0.5228970050544217,0.1718968401099995,0.716262313398434,5.5514018691588785,2.8554537426680326,0.3045930783953186,0.01928833781014186,0.0133270816462024,0.0,0.01928833781014186,0.001625422460283037,0,0,0,8,0,0.875,0.2523364485981308,0.15180883249380414,-0.010195381701937426,0.9480070209457762,0.5206151798387716,0.0,0.1069182389937107,0.010946735290193193
116,107,100.0,107,0,100,7,0,0.0,0.7009242583127494,0.6994717225536559,0.16355593742175792,0.5239443961377466,0.16606496113445962,0.6838974597652357,5.5514018691588785,2.8554537426680326,0.3100996601358996,0.021495494301995283,0.009331476794375635,0.0,0.021495494301995283,0.006459224131569487,0,0,0,7,0,0.8571428571428571,0.2523364485981308,0.1561458532852346,-0.008421132371442316,0.9692131417197809,0.5291300434264263,0.0,0.1443046820405311,0.0109851162260711
117,107,100.0,107,0,99,8,0,0.0,0.7037040015351058,0.7023399670574305,0.1659724220115863,0.5250274005692076,0.16800919693667288,0.6929674062013232,5.5514018691588785,2.8554537426680326,0.3099063774067645,0.017006863182100103,0.013634604729398368,0.0,0.017006863182100103,0.0011440496607847128,0,0,0,8,0,0.875,0.2616822429906542,0.15623391191581146,-0.004826404469315854,0.9567632190313435,0.5297409169172163,0.0,0.1443046820405311,0.01101447728746859
118,107,100.0,107,0,99,8,0,0.0,0.7088209094219106,0.7073725373346729,0.16901526693780927,0.5261944424831646,0.166542926717247,0.6796804620219931,5.5514018691588785,2.8554537426680326,0.31085276920269855,0.01723264455435607,0.013814422144460716,0.0,0.01723264455435607,0.0004139403802358131,0,0,0,8,0,0.875,0.24299065420560748,0.15735506475017277,0.007215501414182426,0.9578561262115932,0.5267066642413503,0.0,0.1443046820405311,0.011056723997907908
119,107,100.0,107,0,100,7,0,0.0,0.7117524682558991,0.7102781916258529,0.17974877214927443,0.5273945357464761,0.15926631695013407,0.6795261439867245,5.5514018691588785,2.8554537426680326,0.3164513383831904,0.011435123381980787,0.01100065144259143,0.0,0.011435123381980787,0.0002079509140506882,0,0,0,7,0,1.0,0.2523364485981308,0.164217019711309,0.02159486275357577,0.9662569453237488,0.5354419686558292,0.0,0.1586303284416492,0.011088515846079219
120,107,100.0,107,0,99,8,0,0.0,0.7129301311258289,0.7111954335125215,0.17693085123643096,0.5285813140360106,0.16009501596244274,0.6763677222728572,5.5514018691588785,2.8554537426680326,0.31650532130128983,0.020765877865666707,0.010580797798801583,0.0,0.020765877865666707,0.0005802137976705967,0,0,0,8,0,0.875,0.2616822429906542,0.16319062107695648,0.021804487634929714,0.9663254120070315,0.5349811806786097,0.0,0.1816911250873515,0.011111348112971712
121,107,100.0,107,0,100,7,0,0.0,0.714602094153125,0.712729938500101,0.17717504546330212,0.5297692580845388,0.16461914370729042,0.6913361446952273,5.5514018691588785,2.8554537426680326,0.3167037770991685,0.011571623453561152,0.010590127388064374,0.0,0.011571623453561152,-0.002391844383945234,0,0,0,7,0,1.0,0.2803738317757009,0.1628928084300488,0.03068492446556979,0.9688266315524802,0.5340023580046322,0.0,0.1443046820405311,0.011136668524505441
122,107,100.0,107,0,99,8,0,0.0,0.7144480542452872,0.7127688803394764,0.17414641632066488,0.5309241705132405,0.1718364203485225,0.7052640519741457,5.5514018691588785,2.8554537426680326,0.315822775599909,0.020096869868437776,0.0114273414743203,0.0,0.020096869868437776,0.0010920700283384233,0,0,0,8,0,0.875,0.27102803738317754,0.16133987206121014,0.024478153341738387,0.9720172899995478,0.5308303370275604,0.0,0.12054507337526206,0.011152387320051204
123,107,100.0,107,0,100,7,0,0.0,0.7163091713449514,0.714794649572201,0.17435228365422326,0.5320923808744712,0.16672293331431803,0.6900780259740228,5.5514018691588785,2.8554537426680326,0.315562210245826,0.018305238450195407,0.00973714535501929,0.0,0.018305238450195407,0.005813593099202781,0,0,0,7,0,0.8571428571428571,0.2523364485981308,0.1608006041103563,0.02152503705141892,0.9726970307111085,0.5295370344268039,0.0,0.1443046820405311,0.011178371758790523
124,107,100.0,107,0,100,7,0,0.0,0.7196323498286805,0.7181555286872312,0.17611717874032148,0.5333040082080012,0.16831632276934919,0.6899501561691306,5.5514018691588785,2.8554537426680326,0.3157827965025042,0.020351188672581486,0.009354330022211829,0.0,0.020351188672581486,0.00346349084621858,0,0,0,7,0,0.8571428571428571,0.2616822429906542,0.16125363065873585,0.017263449539639614,0.9771950911669283,0.5343018747223006,0.0,0.1443046820405311,0.011212286380230405
125,107,100.0,107,0,100,7,0,0.0,0.7212292368233545,0.7195240658997025,0.17797710717281578,0.5345123004411314,0.16756925441933446,0.6866438671383746,5.5514018691588785,2.8554537426680326,0.31562038089658895,0.005219763513916972,0.012942711884215852,0.0,0.005219763513916972,-0.005294868221157519,0,0,0,7,0,1.0,0.2803738317757009,0.16132032492178738,0.01687134301513951,0.9729196814432954,0.5331431970260133,0.0,0.19531795946890285,0.011237521928100416
126,105,98.13084112149532,107,2,101,4,0,0.018691588785046728,0.7306425239123643,0.7279371556373272,0.18415925278232625,0.5358996649730029,0.16556254666786774,0.6897056725225942,5.5514018691588785,2.8554537426680326,0.3195015352859043,0.008161655248576163,0.00612758141288534,0.0,0.008161655248576163,0.0016839911034192215,0,2,0,4,0,1.0,0.27102803738317754,0.16577307930715796,0.0493476601068015,0.9624640193996483,0.5299097803905503,0.018691588785046728,0.21418588399720473,0.011304396139770351
127,105,98.13084112149532,107,0,103,4,0,0.0,0.7300590395202168,0.7270285885505106,0.18440399374928615,0.5372052699662114,0.16525196279346396,0.7002460800229463,5.5514018691588785,2.8554537426680326,0.3189843596962423,0.023080147417734315,0.01001748708313199,0.0,0.023080147417734315,0.005746820423501442,0,0,0,4,0,0.75,0.2616822429906542,0.16586925234482927,0.053817431582911766,0.9658340790087899,0.5275564679063532,0.0,0.21907756813417192,0.01132011919113113
128,105,98.13084112149532,107,0,103,4,0,0.0,0.7316163246869759,0.7286474978849211,0.18509778417480036,0.5385105757785209,0.16567283167120683,0.6930766477240646,5.5514018691588785,2.8554537426680326,0.32169246520589256,0.022980763341527547,0.01249374066283428,0.0,0.022980763341527547,0.0046246939723668945,0,0,1,3,0,0.75,0.27102803738317754,0.1674510434004085,0.06877871571185519,0.9661740736356664,0.5297357675893284,0.0,0.1816911250873515,0.011346541818800354
129,105,98.13084112149532,107,0,102,5,0,0.0,0.7369444912540527,0.7339604850437467,0.18726538692873335,0.5398999770996987,0.1672289175840191,0.6988206053850711,5.5514018691588785,2.8554537426680326,0.3219452584081721,0.0048854355463371505,0.014585217389466035,0.0,0.0048854355463371505,0.001441325943255889,0,0,0,5,0,1.0,0.2523364485981308,0.16785639185454337,0.08012734361561966,0.971921211023034,0.5303430508441425,0.0,0.21418588399720473,0.011393019507648863
130,105,98.13084112149532,107,0,101,6,0,0.0,0.7382268344077263,0.7352347957755161,0.18237143769971206,0.5412788145916374,0.17161206758801403,0.7066913085773151,5.5514018691588785,2.8554537426680326,0.3185168928245836,0.01837400693905563,0.012682391376045985,0.0,0.01837400693905563,0.005485021821371954,0,0,0,6,0,0.8333333333333334,0.2523364485981308,0.16402162799016076,0.0851523880538725,0.9742604432377214,0.5224866969702986,0.0,0.1816911250873515,0.011419117256801668
131,107,100.0,107,0,101,6,0,0.0,0.7383737030410188,0.7354462682622567,0.17473496277667874,0.5426231108160369,0.18029231277966565,0.7222974517912184,5.5514018691588785,2.8554537426680326,0.314554657780467,0.011350888964054317,0.012552831682687171,0.0,0.011350888964054317,0.0015908045204221812,0,0,0,6,0,1.0,0.2523364485981308,0.15935298064280146,0.08632183107719066,0.9625518829504582,0.51541498022861,0.0,0.21907756813417192,0.011439044478394209
132,107,100.0,107,0,101,6,0,0.0,0.7379915866119775,0.7351481817585607,0.17186706919105257,0.5439222119058034,0.18491881428300752,0.7280285780381256,5.5514018691588785,2.8554537426680326,0.31198211977271684,0.009761154029849698,0.013643058876258529,0.0,0.009761154029849698,0.002131885446567857,0,0,0,6,0,1.0,0.27102803738317754,0.15729963310773695,0.08146175832023737,0.9671010081847724,0.512367605322377,0.0,0.1816911250873515,0.011455681511593393
133,107,100.0,107,0,103,4,0,0.0,0.7461950770130029,0.743419392840674,0.17936897552837416,0.5453731622500075,0.17585349005993237,0.7383238160293596,5.5514018691588785,2.8554537426680326,0.31422826630112377,0.005149558616062307,0.019378166971650502,0.0,0.005149558616062307,0.0012602961584407962,0,0,0,4,0,1.0,0.24299065420560748,0.1595513786615991,0.07951718965915301,0.965137000725567,0.5182739640390694,0.0,0.21418588399720473,0.011517414571552437
134,107,100.0,107,0,101,6,0,0.0,0.7405031207627089,0.7375979307929159,0.17470020566380154,0.5466496980535672,0.18406415568580609,0.7626521284155562,5.5514018691588785,2.8554537426680326,0.3122386193382003,0.010057789162704616,0.016743298259151888,0.0,0.010057789162704616,0.0011992006855412254,0,0,1,5,0,1.0,0.2523364485981308,0.1577281390774301,0.0843161723698902,0.9595731558536968,0.5156624733270578,0.0,0.21418588399720473,0.011507180234990588
135,107,100.0,107,0,102,5,0,0.0,0.7401386903133226,0.7370582141634615,0.17474402729658714,0.5478774538807913,0.18705211445868541,0.7645167944918899,5.5514018691588785,2.8554537426680326,0.3133932748264583,0.0033370058467256424,0.015024048925008898,0.0,0.0033370058467256424,0.004350307599233031,0,0,0,5,0,1.0,0.2616822429906542,0.15860886598542884,0.09186767375374992,0.9622723110324019,0.5140662897993881,0.0,0.21418588399720476,0.011522887082603305
136,107,100.0,107,0,100,7,0,0.0,0.7445333585083115,0.7413762896418464,0.1743226997461698,0.5491687922265832,0.1938949563366032,0.7689600105800296,5.5514018691588785,2.8554537426680326,0.3112220787623907,0.0036742944194444876,0.017593525823219276,0.0,0.0036742944194444876,0.0032938927415198144,0,0,0,7,0,1.0,0.21495327102803738,0.1563622680912076,0.09626567486690603,0.959108521184457,0.510633291319623,0.0,0.2515723270440251,0.01156329720814096
137,107,100.0,107,0,101,6,0,0.0,0.7390139506012772,0.7360178749131284,0.16578890762586784,0.5503008513601144,0.2074070236221544,0.7850968271685616,5.5514018691588785,2.8554537426680326,0.3081935772024982,0.004224128069321216,0.019126180039604285,0.0,0.004224128069321216,0.003633502031030328,0,0,0,6,0,1.0,0.2523364485981308,0.15237029359997006,0.09263803649557945,0.9565695051466852,0.5048135834665733,0.0,0.21418588399720476,0.011551862881054604
138,107,100.0,107,0,103,4,0,0.0,0.7390025736432199,0.7359085549489041,0.1720994490163854,0.5513980878039403,0.19873005990351392,0.770918845500144,5.5514018691588785,2.8554537426680326,0.312092436434243,0.00400651232806212,0.01659519501541902,0.0,0.00400651232806212,0.004972822028883009,0,0,0,4,0,1.0,0.2803738317757009,0.15691970074132877,0.08373157051169332,0.9672904537274665,0.5126017828630017,0.0,0.21418588399720476,0.011567471535814888
139,107,100.0,107,0,103,4,0,0.0,0.7362564822538719,0.7333601180794596,0.16922210674319318,0.5524057776198903,0.2042936986338081,0.7712484304868374,5.5514018691588785,2.8554537426680326,0.31039858551031485,0.0034954568913322676,0.018842816504375418,0.0,0.0034954568913322676,0.004277280567320907,0,0,0,4,0,1.0,0.2897196261682243,0.15508377473674628,0.07402170941449482,0.9592324968225218,0.5100529086317388,0.0,0.17679944095038436,0.011568128137150163
140,107,100.0,107,0,104,3,0,0.0,0.7344181850226571,0.731362524679688,0.1676428893492064,0.5533390610348788,0.20551008753670424,0.7877617254595571,5.5514018691588785,2.8554537426680326,0.3091766937069529,0.004824310075178717,0.015155848582789622,0.0,0.004824310075178717,0.01452197507630329,0,0,0,3,0,1.0,0.2803738317757009,0.1539622806278871,0.07396375076428889,0.9610777129554146,0.507343011762792,0.0,0.17679944095038433,0.011572261389095584
141,107,100.0,107,0,105,2,0,0.0,0.7335448067801307,0.7302518813184831,0.1735624005423635,0.5542203238477241,0.1991659251498036,0.7688368443398129,5.5514018691588785,2.8554537426680326,0.3136372435419177,0.0013280001781790472,0.022969748512151486,0.0,0.0013280001781790472,0.0055767357958883546,0,0,0,2,0,1.0,0.2897196261682243,0.15907198990843477,0.06522697949240515,0.9603109562876385,0.5168926291620998,0.0,0.17679944095038433,0.011580476523869019
142,107,100.0,107,0,104,3,0,0.0,0.7363315218571873,0.7329120199461558,0.18157247653661238,0.5551371898310005,0.1935885048400817,0.7549117578032066,5.5514018691588785,2.8554537426680326,0.3181409174859333,0.0009752848170822894,0.014984105884072408,0.0,0.0009752848170822894,0.005393366278534355,0,0,0,3,0,1.0,0.2897196261682243,0.16375762516474276,0.06086110762168337,0.9525392682866378,0.5265436883038372,0.0,0.17679944095038433,0.011607500441271658
143,107,100.0,107,0,105,2,0,0.0,0.7356210347371933,0.7322072101591031,0.18149694732211527,0.5560117747162876,0.19438810463304043,0.7600766806651573,5.5514018691588785,2.8554537426680326,0.3164454608046119,0.0002055684565219248,0.0188737590864369,0.0,0.0002055684565219248,-0.006311567034694585,0,0,0,2,0,1.0,0.2616822429906542,0.16237878724833754,0.05716468276381478,0.9491508806251884,0.5222288808637008,0.0,0.21418588399720473,0.01161643468909156
144,107,100.0,107,0,105,2,0,0.0,0.7306853098764897,0.7271945745583261,0.1744126076008701,0.5567468794420403,0.20721090681432966,0.7801456756661805,5.5514018691588785,2.8554537426680326,0.31310208416894425,0.00019642997614700372,0.016663891115090104,0.0,0.00019642997614700372,0.002052189923789749,0,0,0,2,0,1.0,0.2616822429906542,0.15879964368621088,0.05267650785672698,0.952827206954021,0.5187619807424007,0.0,0.17679944095038436,0.011602251352490059
145,107,100.0,107,0,105,2,0,0.0,0.7223949261395752,0.7188401922749224,0.16918780224673613,0.557270149175118,0.2147670234931843,0.8042146096057824,5.5514018691588785,2.8554537426680326,0.31208828938395516,0.00020822976720355057,0.022535217089947223,0.0,0.00020822976720355057,-0.0005929098459771798,0,0,1,1,0,1.0,0.27102803738317754,0.15757282785719615,0.05916784360050522,0.9514673850809394,0.516643968722741,0.0,0.17679944095038436,0.011568270296394194
146,107,100.0,107,0,105,2,0,0.0,0.7196783995839819,0.7161609553817002,0.17350270299892442,0.5577172736869045,0.21352508244949606,0.8079715238204989,5.5514018691588785,2.8554537426680326,0.31299502350185837,8.213146903966756e-05,0.022536104283499895,0.0,8.213146903966756e-05,0.0008801587310715703,0,0,0,2,0,1.0,0.2897196261682243,0.1602390719548415,0.05636061429983229,0.9563723200636871,0.5213216417178542,0.0,0.21418588399720476,0.011561071380419324
147,107,100.0,107,0,106,1,0,0.0,0.7199906771988971,0.7161547789162265,0.18256465437015876,0.5581514896721931,0.20686681160108839,0.7908188441774727,5.5514018691588785,2.8554537426680326,0.3180261667880595,8.627398220236378e-07,0.014063289843630662,0.0,8.627398220236378e-07,0.00048404929066911406,0,0,0,1,0,1.0,0.2897196261682243,0.1666058987523239,0.046737346380333195,0.9471436074520734,0.532504048074556,0.0,0.2515723270440251,0.011568832186795493
148,107,100.0,107,0,105,2,0,0.0,0.7186454712126514,0.7147183443290932,0.18528325571707674,0.5585404934407352,0.20241059847661677,0.7823837599892045,5.5514018691588785,2.8554537426680326,0.32074691800459165,0.00014834489021523433,0.02372259167764058,0.0,0.00014834489021523433,-0.00018731263495117,0,0,0,2,0,1.0,0.29906542056074764,0.16919746116866677,0.04013173283448326,0.9465712806020905,0.5380954659658053,0.0,0.21418588399720473,0.011567660068198243
149,107,100.0,107,0,106,1,0,0.0,0.7197491516253613,0.715689327974112,0.19048686068710954,0.5589405701776752,0.1974662378650554,0.7767479434078537,5.5514018691588785,2.8554537426680326,0.3251814679656053,0.00021996554921083656,0.027461219341163433,0.0,0.00021996554921083656,0.0037898208312961423,0,0,0,1,0,1.0,0.3364485981308411,0.1738112436479102,0.04953837085282742,0.944080434916447,0.5454715023588994,0.0,0.21418588399720473,0.011578890473341041
150,107,100.0,107,0,106,1,0,0.0,0.7193502816992641,0.7153107132146506,0.18833844591312085,0.5593205739730013,0.20405948271925292,0.8056885844393091,5.5514018691588785,2.8554537426680326,0.32331091818459345,0.00024677281811767715,0.014641777782967512,0.0,0.00024677281811767715,0.009524628430172571,0,0,0,1,0,1.0,0.29906542056074764,0.17114978701882733,0.04036705317139268,0.9508904600658741,0.544229327248778,0.0,0.25157232704402516,0.011582321540008515
151,107,100.0,107,0,106,1,0,0.0,0.7155578681705053,0.711357206807237,0.18887907755080766,0.5595994144983897,0.20698169655558726,0.815499806568204,5.5514018691588785,2.8554537426680326,0.32414328401565107,0.00023144274320700695,0.01614431091883669,0.0,0.00023144274320700695,0.01696719543519551,0,0,0,1,0,1.0,0.3364485981308411,0.1727029581413039,0.05073538398919421,0.9361483236107456,0.5456602460929992,0.0,0.21418588399720473,0.01156734055347386
152,107,100.0,107,0,105,2,0,0.0,0.7155822759535759,0.7111368601120716,0.18569322139323846,0.5598652593431966,0.21079127129715933,0.781561750686576,5.5514018691588785,2.8554537426680326,0.32474940983475253,0.008269329842954138,0.01630808372377502,0.0,0.008269329842954138,0.001970833651746509,0,0,0,2,0,1.0,0.32710280373831774,0.1721889647376237,0.053797097415350936,0.9464741939809586,0.5417192269140159,0.0,0.21418588399720476,0.011571258130674578
153,107,100.0,107,0,104,3,0,0.0,0.7189802763477063,0.71430201570841,0.18512094245435365,0.5601958167545824,0.21341757651045032,0.7850535292372484,5.5514018691588785,2.8554537426680326,0.32414787949989265,0.004342360148540881,0.02334221059019481,0.0,0.004342360148540881,0.005143574868205057,0,0,0,3,0,1.0,0.308411214953271,0.17079533445255754,0.0595175282757907,0.9547448743924093,0.5391206513021358,0.0,0.21418588399720473,0.011592967589632772
154,107,100.0,107,0,104,3,0,0.0,0.7198437939610941,0.7152431791495086,0.1862617719008302,0.560538434841356,0.21290332521869001,0.7852459710814665,5.5514018691588785,2.8554537426680326,0.324001344147542,0.00462733846103545,0.02375836178803975,0.0,0.00462733846103545,0.0031741256705194267,0,0,0,3,0,1.0,0.3364485981308411,0.17091171757919574,0.058289787335947085,0.9597326890821442,0.5419455970026754,0.0,0.17679944095038436,0.011602176828190626
155,107,100.0,107,0,104,3,0,0.0,0.7287964398050937,0.7241865197268361,0.20160104037847854,0.5610755679897357,0.1955951274225096,0.756712401032919,5.5514018691588785,2.8554537426680326,0.3304666604606663,0.004360483055355386,0.01985412078493427,0.0,0.004360483055355386,0.005190201035730924,0,0,0,3,0,1.0,0.3177570093457944,0.17900090615869874,0.049920809380155286,0.9517495965331092,0.5568824763335442,0.0,0.17679944095038436,0.011654608851704884
156,107,100.0,107,0,103,4,0,0.0,0.7319996236704228,0.7270681355519352,0.20948077089813527,0.5616631901150683,0.1890016491494298,0.7414324619358766,5.5514018691588785,2.8554537426680326,0.3349361009490939,0.0031397934681766508,0.018076381667409908,0.0,0.0031397934681766508,0.006730685882326504,0,0,0,4,0,1.0,0.3364485981308411,0.18430352700154187,0.05400776812706644,0.9528702078536692,0.5637886869465053,0.0,0.17679944095038436,0.011679014410016807
157,107,100.0,107,0,103,4,0,0.0,0.7342289694105674,0.7290331592469897,0.21562914206633102,0.5622789212365462,0.18589483569562046,0.739448167104699,5.5514018691588785,2.8554537426680326,0.3366176017799205,0.002531183326861621,0.019642002938170686,0.0,0.002531183326861621,0.0047486902324769265,0,0,0,4,0,1.0,0.3364485981308411,0.18680372027733008,0.053219541144272846,0.9245305893881357,0.5641954180044743,0.0,0.21907756813417192,0.011698952097394036
158,107,100.0,107,0,104,3,0,0.0,0.7344297415613004,0.7290977904246468,0.21872946911601854,0.5628785468513762,0.1842862691710034,0.7492211270627059,5.5514018691588785,2.8554537426680326,0.33588903649596014,0.0028504125870492066,0.014608053317513836,0.0,0.0028504125870492066,0.009064061992009154,0,0,0,3,0,1.0,0.3177570093457944,0.1874810423898444,0.05441574470310094,0.9392243396643064,0.5620361406405435,0.0,0.21418588399720473,0.011708516974178032
159,107,100.0,107,0,106,1,0,0.0,0.7369770112630047,0.7315741079934401,0.21776721381902325,0.5635176185163043,0.1855839879743355,0.7921479617556753,5.5514018691588785,2.8554537426680326,0.3357728861289384,1.3852619315133213e-05,0.022306150636873627,0.0,1.3852619315133213e-05,0.012091352340044104,0,0,0,1,0,1.0,0.308411214953271,0.1867441050082282,0.06617182562757062,0.9415581656248294,0.556472441140648,0.0,0.1816911250873515,0.011730377520573813
160,107,100.0,107,0,104,3,0,0.0,0.7356127919196128,0.7301536753576943,0.2251085848887334,0.5641059939479703,0.17855008258060664,0.7854264371871503,5.5514018691588785,2.8554537426680326,0.33947411296646757,0.0001254089050313215,0.01221484544435541,0.0,0.0001254089050313215,0.014954540525716431,0,0,0,3,0,1.0,0.3177570093457944,0.19177036725444485,0.06180266127031488,0.943621455924575,0.5648771209925625,0.0,0.1816911250873515,0.011731956817999078
161,107,100.0,107,0,103,4,0,0.0,0.734392345211684,0.7289397066474831,0.22916254473766978,0.5646498371393753,0.17195414218413183,0.7637309396956227,5.5514018691588785,2.8554537426680326,0.34201176879737694,0.00012072441211348378,0.016185301580558496,0.0,0.00012072441211348378,0.009304560583547485,0,0,0,4,0,1.0,0.32710280373831774,0.19499137481023412,0.05497916906533582,0.9389250418972709,0.5724805679392324,0.0,0.1443046820405311,0.011733619179841042
162,107,100.0,107,0,104,3,0,0.0,0.7347637379358489,0.7292931684823827,0.22951531363875768,0.5651862254913721,0.16958468047411826,0.7607300549797159,5.5514018691588785,2.8554537426680326,0.34351966124111555,0.00012909888216081558,0.0155314408955601,0.0,0.00012909888216081558,0.010888481812321762,0,0,0,3,0,1.0,0.308411214953271,0.19596370391623746,0.060390969121030286,0.9446915903966981,0.5754572775352444,0.0,0.1443046820405311,0.01174313430409803
163,107,100.0,107,0,103,4,0,0.0,0.7378495291995267,0.7323435341376265,0.22430976207151498,0.5657769789463108,0.16984607114471953,0.7213913895203604,5.5514018691588785,2.8554537426680326,0.343154847408947,0.04329632283286622,0.018310111288319865,0.0,0.04329632283286622,0.01034712547586171,0,0,0,4,0,0.75,0.3177570093457944,0.19335087594707287,0.06424640439078329,0.9437031892519779,0.5709889261671052,0.0,0.1816911250873515,0.011766997606235913
164,107,100.0,107,0,104,3,0,0.0,0.7392178102655471,0.7336429139012399,0.2300259771420882,0.5663805462600836,0.16682366704005291,0.7352431393703819,5.5514018691588785,2.8554537426680326,0.3456215569141303,0.058853014574880354,0.019000760441454625,0.0,0.058853014574880354,0.012754164438500045,0,0,0,3,0,0.6666666666666666,0.34579439252336447,0.19639203036734934,0.0689139250407441,0.9450260368699019,0.5736140387395507,0.0,0.1443046820405311,0.011782456304291339
165,107,100.0,107,0,104,3,0,0.0,0.7373430685235779,0.7317105084666071,0.22506490696892573,0.5669227358337605,0.17249900888032155,0.763362506447614,5.5514018691588785,2.8554537426680326,0.34179015650025435,0.0305738497261088,0.013463116938334402,0.0,0.0305738497261088,0.013616050488925141,0,0,0,3,0,0.6666666666666666,0.3177570093457944,0.19305114543452842,0.0740608838863166,0.9494609582998301,0.5651929864750141,0.0,0.1443046820405311,0.011780823581818449
166,107,100.0,107,0,102,5,0,0.0,0.7421489064030209,0.7363751206254606,0.22696709422334532,0.5675560001089401,0.17578882399716464,0.7721943695130062,5.5514018691588785,2.8554537426680326,0.34252602821999956,0.01813438034220357,0.020196692786493,0.0,0.01813438034220357,0.010123548231841955,0,0,0,5,0,0.8,0.29906542056074764,0.1931600004914267,0.07166811560400464,0.9478661574749212,0.5694727685804454,0.0,0.21907756813417192,0.011813894055438963
167,106,99.06542056074767,107,1,104,2,0,0.009345794392523364,0.7432657865692732,0.7392787192712528,0.2231208780886231,0.5681992925466439,0.18337730938785934,0.7796330411912371,5.5514018691588785,2.8554537426680326,0.34006025159640885,0.03500899825764662,0.01956886906075619,0.0,0.03500899825764662,0.011202622996789618,0,1,0,2,0,0.6666666666666666,0.308411214953271,0.19007746089441174,0.07273103207475351,0.964199104423791,0.5645725489582777,0.009345794392523364,0.20020964360587,0.01182866291526458
168,106,99.06542056074767,107,0,103,4,0,0.0,0.7425030611549946,0.7385021728391756,0.22613084822954244,0.5688446949290245,0.1806965808671723,0.7762846449142706,5.5514018691588785,2.8554537426680326,0.3406617080337744,0.022609520497551494,0.018453364675081758,0.0,0.022609520497551494,0.011483018246084283,0,0,0,4,0,0.75,0.2897196261682243,0.19191030110843993,0.07551843413516249,0.9533589859117543,0.5652453818005385,0.0,0.27498252969951087,0.011834063871434663
169,106,99.06542056074767,107,0,103,4,0,0.0,0.7474098853201404,0.7432714892350851,0.242864207902841,0.569580616643743,0.17357233551330586,0.7805761279100408,5.5514018691588785,2.8554537426680326,0.3468682475815599,0.02257641994489937,0.020083495017379906,0.0,0.02257641994489937,0.011557256824104953,0,0,0,4,0,0.75,0.2803738317757009,0.20043367057080624,0.08077176473729027,0.9480840134775175,0.5759961163089711,0.0,0.23759608665269044,0.011869104944333412
170,106,99.06542056074767,107,0,103,4,0,0.0,0.7466890448237277,0.7423449631915888,0.2402250193227838,0.5702743592362471,0.183267377852453,0.7967903317533777,5.5514018691588785,2.8554537426680326,0.34562806651086064,0.000605887620497858,0.016753442941731814,0.0,0.000605887620497858,0.012693202208065392,0,0,0,4,0,1.0,0.2897196261682243,0.19874315957910146,0.08368458874477543,0.9426302142948046,0.5712466328043277,0.0,0.27498252969951087,0.01187540549126242
171,106,99.06542056074767,107,0,103,4,0,0.0,0.7468284121064617,0.7423116475752649,0.25307209109029993,0.5709475312803185,0.18142886742387734,0.79579739605722,5.5514018691588785,2.8554537426680326,0.34698611680241265,0.0005988016775006904,0.021738479095965383,0.0,0.0005988016775006904,0.005385845542137016,0,0,0,4,0,1.0,0.308411214953271,0.20315930188284081,0.07491831719856891,0.9394309147898225,0.5794295926296529,0.0,0.27498252969951087,0.011885713385839606
172,107,100.0,107,0,101,6,0,0.0,0.7432378163533271,0.7387946735075983,0.24945729902858824,0.5715211407539478,0.1819080100840549,0.7945070623472097,5.5514018691588785,2.8554537426680326,0.34665145533405095,0.0004358605918557055,0.01644907377219373,0.0,0.0004358605918557055,0.007343778279065465,0,0,0,6,0,1.0,0.308411214953271,0.2025389808838008,0.07233555214148815,0.9625227864856418,0.5812366223262873,0.0,0.23759608665269044,0.011875949983665453
173,107,100.0,107,0,100,7,0,0.0,0.7429772638178489,0.7384529984943523,0.25382355441077453,0.5720705659768311,0.1797331655577638,0.7858706119614376,5.5514018691588785,2.8554537426680326,0.34887595807895044,0.013141209392588523,0.02099957031572188,0.0,0.013141209392588523,0.004607410557798263,0,0,0,7,0,0.8571428571428571,0.29906542056074764,0.20563838406068566,0.07554715760469172,0.9448055422895797,0.58619215217137,0.0,0.27498252969951087,0.011882491512533056
174,106,99.06542056074767,107,1,100,6,0,0.009345794392523364,0.7381310211154388,0.7351008510646369,0.2575369248333275,0.5724890052376965,0.17754799650379038,0.7842917414548843,5.5514018691588785,2.8554537426680326,0.3527864914586485,0.016965594203051024,0.015979130731783614,0.0,0.016965594203051024,0.008543921833386552,0,1,0,6,0,0.8571428571428571,0.29906542056074764,0.21070922759012167,0.09377510436525202,0.9403441620834001,0.5909180402443783,0.009345794392523364,0.256114605171209,0.01186423446878859
175,105,98.13084112149532,107,1,95,11,0,0.009345794392523364,0.7520863583945355,0.7459612826484027,0.2734581649413636,0.5732494414611602,0.18583598198456888,0.797548667149583,5.5514018691588785,2.8554537426680326,0.35617388383899873,0.016149326839762074,0.006229583956880883,0.0,0.016149326839762074,0.01073361963125636,0,1,0,11,0,0.9166666666666666,0.2616822429906542,0.21603623710630615,0.11805405924573234,0.9455279436618679,0.5714271547320177,0.009345794392523364,0.27498252969951087,0.011944868107485825
176,105,98.13084112149532,107,0,100,7,0,0.0,0.7531026149351382,0.7469371534993386,0.28201767578089076,0.5739433247541138,0.1778345376359175,0.7889944570511361,5.5514018691588785,2.8554537426680326,0.3586575183848899,0.00048041424119175816,0.019283931288891193,0.0,0.00048041424119175816,0.0007136405349583509,0,0,0,7,0,1.0,0.29906542056074764,0.2198861991475289,0.11562567061128028,0.938183264639876,0.5741967178118342,0.0,0.27498252969951087,0.011959856148418033
177,105,98.13084112149532,107,0,100,7,0,0.0,0.7555081831724828,0.7492853302108298,0.29997392551167396,0.5746710354104433,0.16499863420865862,0.7764173476834831,5.5514018691588785,2.8554537426680326,0.3656142533101874,0.013434591887168388,0.01653105932003555,0.0,0.013434591887168388,0.005172295096181965,0,0,0,7,0,0.8571428571428571,0.2897196261682243,0.22961366729452728,0.1045145558623662,0.9399947004417866,0.5891270339443802,0.0,0.27498252969951087,0.011982273710190734
178,105,98.13084112149532,107,0,98,9,0,0.0,0.7590775902993812,0.7527223510236647,0.3071167248907915,0.5754564806571499,0.16635670152774024,0.7610212454786647,5.5514018691588785,2.8554537426680326,0.3681685093992557,0.00044336851622747464,0.01592498138670529,0.0,0.00044336851622747464,0.003531150004281766,0,0,0,9,0,1.0,0.308411214953271,0.23222450761150693,0.10296421656642363,0.9482987113850799,0.5935524755348229,0.0,0.27498252969951087,0.012011334758672072
179,106,99.06542056074767,107,0,100,7,0,0.0,0.7566175724014655,0.7502978029874674,0.29894436085789466,0.5761641124000489,0.17573113985066502,0.7770534091922696,5.5514018691588785,2.8554537426680326,0.3649503958829714,0.0006250792042366558,0.014737169560514463,0.0,0.0006250792042366558,0.003906631100746123,0,0,1,6,0,1.0,0.34579439252336447,0.228072506667767,0.10971210586575875,0.9453029514228014,0.5849162466707672,0.0,0.23759608665269044,0.012009137717725951
180,107,100.0,107,0,101,6,0,0.0,0.7551288643998776,0.7488149488188605,0.30493484326259934,0.5768176642739765,0.1829476534639148,0.7961110895926186,5.5514018691588785,2.8554537426680326,0.3625780992881742,0.0006433861963005427,0.014509798277571146,0.0,0.0006433861963005427,0.0060869560713661995,0,0,0,6,0,1.0,0.308411214953271,0.22835181183767803,0.09248696777426084,0.942775554071166,0.5854904618386725,0.0,0.23759608665269044,0.012011025113440182
181,107,100.0,107,0,99,8,0,0.0,0.7511828623200537,0.744914997606546,0.2980071997484555,0.577363465234176,0.18847016977609762,0.7926957711622294,5.5514018691588785,2.8554537426680326,0.35992515458842855,0.0006807582537285121,0.016794664011432474,0.0,0.0006807582537285121,0.005041398734729984,0,0,0,8,0,1.0,0.3644859813084112,0.22515957881572016,0.09410849086635545,0.9397893018935206,0.5768694677147032,0.0,0.23759608665269044,0.011999087650013831
182,107,100.0,107,0,100,7,0,0.0,0.7472726488605419,0.7412511201097839,0.2881639174008812,0.5778099848387438,0.2024009079260702,0.8221099949052616,5.5514018691588785,2.8554537426680326,0.35818821776230414,0.0006290707127797802,0.01633164279897465,0.0,0.0006290707127797802,0.005853590220946648,0,0,0,7,0,1.0,0.32710280373831774,0.22128536562728504,0.09688883679511358,0.9246511937544212,0.5749879523022723,0.0,0.27498252969951087,0.011985911663096462
183,107,100.0,107,0,100,7,0,0.0,0.7436745651901076,0.7377213008851199,0.2953539534440353,0.578163120398423,0.19966902952784818,0.8250595092432021,5.5514018691588785,2.8554537426680326,0.3570255975932468,0.00044770991360024756,0.01465116529051183,0.0,0.00044770991360024756,0.005572607954242222,0,0,0,7,0,1.0,0.34579439252336447,0.22330604048072225,0.09115595986262162,0.9184953187376644,0.5729239887980162,0.0,0.27498252969951087,0.011972963056022065
184,107,100.0,107,0,100,7,0,0.0,0.7389862478063044,0.7331923685191677,0.2745475629912725,0.5784027150805496,0.20841019948946046,0.8299817164808734,5.5514018691588785,2.8554537426680326,0.35089214774661914,0.0004950164674327662,0.01843629778125961,0.0,0.0004950164674327662,0.0023022574733081607,0,0,1,6,0,1.0,0.3364485981308411,0.21372925281049948,0.09052186855180504,0.9139804913769402,0.5641353557364457,0.0,0.31236897274633124,0.011952942226762058
185,107,100.0,107,0,100,7,0,0.0,0.7407885750341607,0.7350377206176957,0.25747992247962165,0.5786776227878083,0.21559517247816154,0.8334558598501176,5.5514018691588785,2.8554537426680326,0.34734547888899137,0.0005994002854699833,0.01894079921782883,0.0,0.0005994002854699833,0.003411648742023448,0,0,0,7,0,1.0,0.3364485981308411,0.2058675964717435,0.1026386031595373,0.9090400224665584,0.5549362235111588,0.0,0.31236897274633124,0.011965878794109241
186,107,100.0,107,0,101,6,0,0.0,0.7412643022954634,0.7355306853663538,0.2563998794981747,0.5789559417369439,0.22315847624289453,0.848900887517556,5.5514018691588785,2.8554537426680326,0.3458268318336186,0.0006348355983065772,0.019212188849169424,0.0,0.0006348355983065772,0.004016602608973667,0,0,0,6,0,1.0,0.308411214953271,0.20408039308206238,0.10924568810761837,0.9120867643690389,0.5510570520712579,0.0,0.31236897274633124,0.011972231064840577
187,107,100.0,107,0,101,6,0,0.0,0.7423759562690792,0.7364271796400955,0.2648791561200778,0.5792467926006634,0.21693709412184722,0.8349003392569038,5.5514018691588785,2.8554537426680326,0.34836677165720187,0.014339150176796987,0.019064544108868972,0.0,0.014339150176796987,0.0006695028336531211,0,0,0,6,0,0.8333333333333334,0.29906542056074764,0.20822392922634342,0.11895891556531879,0.9106329413662249,0.5533604202298794,0.0,0.27498252969951087,0.011981941890645486
188,107,100.0,107,0,103,4,0,0.0,0.746165292037,0.739874873529939,0.27721125911628,0.57960809619588,0.2069316489845005,0.809640047424286,5.5514018691588785,2.8554537426680326,0.3514389907691011,0.0010138786556087892,0.01563842282097398,0.0,0.0010138786556087892,0.0055755865376529955,0,0,0,4,0,1.0,0.34579439252336447,0.213642784518295,0.12213401461272627,0.8994269390227535,0.5575509738322374,0.0,0.31236897274633124,0.012006046998001094
189,107,100.0,107,0,103,4,0,0.0,0.7491316505241871,0.7428075401735778,0.2716372222971102,0.5800260756856134,0.2146382647905551,0.8194349542502564,5.5514018691588785,2.8554537426680326,0.3474583211138975,0.0008257462570673165,0.022674223474592928,0.0,0.0008257462570673165,0.0008473465464155644,0,0,0,4,0,1.0,0.3177570093457944,0.20808300238442792,0.12302370451112249,0.9052600179633259,0.5486415517047495,0.0,0.31236897274633124,0.012026846395928617
190,107,100.0,107,0,102,5,0,0.0,0.7551756572920263,0.7491522238133762,0.2783267214467592,0.580577055569526,0.21535175007442675,0.8191303605304019,5.5514018691588785,2.8554537426680326,0.3490124625555102,0.016247422550747577,0.02169541156209795,0.0,0.016247422550747577,0.0011820396679761702,0,0,0,5,0,0.8,0.308411214953271,0.20960907738311127,0.1259037435591186,0.892290338154957,0.5512510807931229,0.0,0.31236897274633124,0.012064932917626078
191,107,100.0,107,0,102,5,0,0.0,0.7610595153434625,0.7550067633206048,0.29611477407968256,0.581246041411702,0.2073001220064958,0.8065940873063022,5.5514018691588785,2.8554537426680326,0.3534370541462286,0.016127529337241348,0.0173773625941867,0.0,0.016127529337241348,0.0018759417112487909,0,0,0,5,0,0.8,0.29906542056074764,0.2165122928997096,0.12489263842154588,0.9250514313159178,0.5579590361063546,0.0,0.31236897274633124,0.012103903498517426
192,107,100.0,107,0,102,5,0,0.0,0.7616005466599116,0.7554334951113981,0.2959807044054583,0.5819056727757227,0.2080441235872822,0.8111847637238428,5.5514018691588785,2.8554537426680326,0.35665961479422803,0.01580785091852476,0.018738360895781507,0.0,0.01580785091852476,0.002051864260548511,0,0,1,4,0,0.8,0.308411214953271,0.21893902376932114,0.12813787695814904,0.9097657385067195,0.5620376835106787,0.0,0.3497554157931516,0.012116026389335543
193,107,100.0,107,0,104,3,0,0.0,0.7636730413205933,0.7576595250999946,0.3120136646319498,0.5825973192765698,0.2051378449463064,0.808001649918239,5.5514018691588785,2.8554537426680326,0.35936223786893606,0.0018744101024065919,0.02509395467734346,0.0,0.0018744101024065919,-0.0008720980252738819,0,0,0,3,0,1.0,0.308411214953271,0.22384394196666432,0.12214698219783103,0.8985538509396803,0.5708489997857349,0.0,0.31236897274633124,0.012136263685586186
194,107,100.0,107,0,102,5,0,0.0,0.7691947225334573,0.7631504701015246,0.32028828049155655,0.5833946492471654,0.20210892500807587,0.8111357930049131,5.5514018691588785,2.8554537426680326,0.3606522130127787,0.0008145453219740067,0.02260458332246252,0.0,0.0008145453219740067,0.0010022077910070647,0,0,0,5,0,1.0,0.3177570093457944,0.22625574809215743,0.13156524144178797,0.8982953263362039,0.5715728949949194,0.0,0.31236897274633124,0.012175255785893901
195,107,100.0,107,0,101,6,0,0.0,0.7726456141700988,0.7666075078262617,0.33067004878184,0.5842481831197514,0.2007401769659667,0.8124772304558455,5.5514018691588785,2.8554537426680326,0.3611155347426316,0.000695633269654014,0.017692637494373737,0.0,0.000695633269654014,0.005987030016157631,0,0,0,6,0,1.0,0.308411214953271,0.22865951558471076,0.12959850446558946,0.9015591681623742,0.5752235125268688,0.0,0.27498252969951087,0.012204696376531954
196,107,100.0,107,0,101,6,0,0.0,0.778124699938553,0.772054194156626,0.3438763660544911,0.5852017668143653,0.19699077634569537,0.8728007235323975,5.5514018691588785,2.8554537426680326,0.3619602682662433,0.0006905498449010097,0.01638409553557265,0.0,0.0006905498449010097,0.007234713035178291,0,0,0,6,0,1.0,0.2897196261682243,0.23152142179527854,0.12082143411956599,0.8888572846440073,0.5822064211437067,0.0,0.31236897274633124,0.01224570637602289
197,107,100.0,107,0,102,5,0,0.0,0.7784575376710611,0.7727677539731226,0.3368469803826118,0.5861444216640708,0.19801828743634464,0.8304389635005245,5.5514018691588785,2.8554537426680326,0.36137014595299055,0.0007778531499679015,0.022963252371176197,0.0,0.0007778531499679015,0.0034205403512415854,0,0,0,5,0,1.0,0.308411214953271,0.22895049302215212,0.11289150075819,0.8761274676797381,0.5849843026435143,0.0,0.36373165618448633,0.012260829101278608
198,107,100.0,107,0,101,6,0,0.0,0.7815507120360818,0.7759695961880847,0.346186168952285,0.5871333011392792,0.20135200753617977,0.8322498574042967,5.5514018691588785,2.8554537426680326,0.359647565997826,0.013933816228631359,0.019001482485059756,0.0,0.013933816228631359,0.0016355026744761178,0,0,0,6,0,0.8333333333333334,0.2897196261682243,0.22887427139035427,0.10458190440915989,0.8685729371939164,0.5862532697034616,0.0,0.32634521313766596,0.012290413471096369
199,106,99.06542056074767,107,1,100,6,0,0.009345794392523364,0.7836940143001674,0.7774422272456575,0.3354190569058759,0.5881435240327815,0.19998402347038108,0.8183977162093363,5.5514018691588785,2.8554537426680326,0.3561420948706111,0.013562416605785842,0.014276892364719119,0.0,0.013562416605785842,0.005980383302420332,0,1,0,6,0,0.8571428571428571,0.308411214953271,0.22375797195306643,0.10448412938869427,0.8746947172660693,0.5774196793762287,0.009345794392523364,0.31236897274633124,0.012315553206127696
200,106,99.06542056074767,107,0,102,5,0,0.0,0.7871759765672123,0.7807883887728682,0.3199983173574949,0.5891853987791538,0.20773989083592245,0.8241667793052804,5.5514018691588785,2.8554537426680326,0.35335267816506777,0.0009129240471032262,0.018382494344783434,0.0,0.0009129240471032262,0.002700388898470257,0,0,0,5,0,1.0,0.3177570093457944,0.2178936887420982,0.11654770548175238,0.85639119390463,0.5697372996381809,0.0,0.3497554157931516,0.012347838143182521
201,106,99.06542056074767,107,0,99,8,0,0.0,0.7916162635154689,0.7849971577638719,0.3465594658273488,0.5902936668354257,0.20113396053771954,0.8523519206850348,5.5514018691588785,2.8554537426680326,0.3574966194523581,0.0007065175313506916,0.01775744078831079,0.0,0.0007065175313506916,0.005121171646801703,0,0,1,7,0,1.0,0.2897196261682243,0.2266790463316869,0.09810993633981757,0.8746947172660693,0.578769761421934,0.0,0.31236897274633124,0.01238586261876961
202,106,99.06542056074767,107,0,101,6,0,0.0,0.7949055760052186,0.788101580862318,0.34924978384402405,0.5914412051024484,0.19486593982536835,0.8330788836500657,5.5514018691588785,2.8554537426680326,0.3598146052219626,0.0005548847354994607,0.015671266421500213,0.0,0.0005548847354994607,0.0010039391458417206,0,0,1,5,0,1.0,0.2897196261682243,0.22915560484832334,0.10876025419425044,0.8646513918811408,0.5786284668173152,0.0,0.27498252969951087,0.012418692893415482
203,106,99.06542056074767,107,0,102,5,0,0.0,0.7935653444547605,0.7866715669179861,0.3542277880607851,0.5925233092357215,0.2000983489711498,0.8885213526782375,5.5514018691588785,2.8554537426680326,0.3606451920691407,0.0007994806194044354,0.019128980081858992,0.0,0.0007994806194044354,0.003678272360888124,0,0,0,5,0,1.0,0.3177570093457944,0.230864346719785,0.11100398138621814,0.8842042637284359,0.5772778935574989,0.0,0.31236897274633124,0.012427441227149748
204,106,99.06542056074767,107,1,101,5,0,0.009345794392523364,0.7968029311737228,0.7895656937068986,0.3932370487973527,0.5936537070413842,0.2003124550086233,0.8487503828635401,5.5514018691588785,2.8554537426680326,0.3625170355100227,0.0006453200491948433,0.016414540298719745,0.0,0.0006453200491948433,0.0008980676320901234,0,1,0,5,0,1.0,0.2897196261682243,0.23959789614481242,0.09133700488932989,0.8830304875328239,0.5767725065435566,0.009345794392523364,0.29385045422781275,0.012459768153968976
205,106,99.06542056074767,107,0,101,6,0,0.0,0.7952516751527265,0.7879194767449382,0.39402900036052624,0.5947011409955227,0.20417415332221642,0.8489359102592217,5.5514018691588785,2.8554537426680326,0.362174636576047,0.0006685387567769956,0.014371550092674603,0.0,0.0006685387567769956,0.006050773422490868,0,0,0,6,0,1.0,0.3177570093457944,0.23909724120497916,0.08840924989127248,0.8459254766205211,0.5757282826376229,0.0,0.3686233403214535,0.012466966369886708
206,106,99.06542056074767,107,0,101,6,0,0.0,0.7960952414822867,0.788621658574451,0.4259011503403942,0.5957347063394803,0.20314226314696354,0.8569140180243674,5.5514018691588785,2.8554537426680326,0.3638279321925999,0.0006212258839983924,0.018678510711780404,0.0,0.0006212258839983924,0.005314500542092269,0,0,0,6,0,1.0,0.308411214953271,0.2473170336162007,0.08278495618207414,0.8696926393954616,0.5778572418323465,0.0,0.3686233403214535,0.012485940691682986
207,106,99.06542056074767,107,0,101,6,0,0.0,0.7967011367950764,0.7891686875243478,0.42363968591274803,0.5967512548300398,0.20889508841384063,0.8375313297002142,5.5514018691588785,2.8554537426680326,0.3621574775200327,0.0007290649292277653,0.02115807501036271,0.0,0.0007290649292277653,0.009475450773852956,0,0,0,6,0,1.0,0.32710280373831774,0.24475948937403136,0.08373188174500357,0.8707617242174035,0.5749599564471466,0.0,0.3686233403214535,0.012503483704206791
208,106,99.06542056074767,107,0,102,5,0,0.0,0.7954671290593325,0.7879689485410519,0.4083866570985869,0.5977113698553189,0.20990744025005975,0.8325619922358518,5.5514018691588785,2.8554537426680326,0.3596957780146004,0.0007623569598418002,0.018969103229598556,0.0,0.0007623569598418002,0.005870668859975036,0,0,0,5,0,1.0,0.308411214953271,0.2394538375359849,0.07854765989232773,0.8707617242174035,0.5720911746880857,0.0,0.3686233403214535,0.012511021485739699
209,107,100.0,107,0,103,4,0,0.0,0.7891026118531745,0.7819981386273129,0.37075279336471395,0.5985076742680553,0.21674113611310863,0.8668763644481192,5.5514018691588785,2.8554537426680326,0.3575658168507616,0.0007643515811100965,0.020127051013184467,0.0,0.0007643515811100965,0.0076667737578326595,0,0,0,4,0,1.0,0.29906542056074764,0.23185474373033915,0.08615563107727607,0.8703838916954718,0.5700506869161568,0.0,0.3312368972746331,0.012490567951787164
210,107,100.0,107,0,103,4,0,0.0,0.7868506379702398,0.779942659070174,0.35026885528167234,0.5992342859622797,0.22015676955777125,0.8970990423734057,5.5514018691588785,2.8554537426680326,0.3522928744913201,0.0008006479632089705,0.018413069466240568,0.0,0.0008006479632089705,0.004829180128635369,0,0,0,4,0,1.0,0.3177570093457944,0.22377466074299243,0.08674836522261452,0.8657063550851811,0.5620019527727937,0.0,0.3686233403214535,0.012489682112781187
211,107,100.0,107,0,104,3,0,0.0,0.7844170752552866,0.7777447226561806,0.3398151674250505,0.599889940749611,0.22583358542831042,0.8910255983409671,5.5514018691588785,2.8554537426680326,0.35031768083436354,0.0006525364063740997,0.02041154339307071,0.0,0.0006525364063740997,0.00389603391885332,0,0,0,3,0,1.0,0.2897196261682243,0.22028633960047925,0.08262257934005593,0.8943935319407439,0.5615084057678938,0.0,0.3686233403214535,0.01248687525878834
212,107,100.0,107,0,102,5,0,0.0,0.7880036941790246,0.7814090868072733,0.35280082844111366,0.6006105809964163,0.22056696765522452,0.9097526570284475,5.5514018691588785,2.8554537426680326,0.35163179388077603,0.0153039772723975,0.026274226879200134,0.0,0.0153039772723975,0.007415807428684839,0,0,0,5,0,0.8,0.2803738317757009,0.2235135139941967,0.08792364044999801,0.9147288005981368,0.5627293274589964,0.0,0.3686233403214535,0.012515097127856315
213,107,100.0,107,0,103,4,0,0.0,0.7761313147651703,0.7699852866325966,0.3100313402423124,0.6010496826306088,0.24225466601366563,0.9449152574154641,5.5514018691588785,2.8554537426680326,0.3416090790397379,0.000692991362473751,0.021551956357298355,0.0,0.000692991362473751,0.0001752131750931002,0,0,0,4,0,1.0,0.27102803738317754,0.20861478991028282,0.09922815334302938,0.8817502259117989,0.5473513283193205,0.0,0.3312368972746331,0.012462004402810877
214,107,100.0,107,0,102,5,0,0.0,0.7813142368447971,0.7753401878072113,0.31146738445990896,0.6015985713015591,0.23708440623605853,0.9336515667423244,5.5514018691588785,2.8554537426680326,0.3429418119947003,0.015350795188492772,0.019787953830547003,0.0,0.015350795188492772,0.007282291885205905,0,0,0,5,0,0.8,0.2803738317757009,0.2093508057166654,0.10489973792313699,0.8738756794467004,0.5493977601857627,0.0,0.3686233403214535,0.012495755644257877
215,107,100.0,107,0,100,7,0,0.0,0.7897222350168712,0.7836516643570821,0.34535670996197365,0.6023216510049829,0.22500557607818672,0.8896904013220152,5.5514018691588785,2.8554537426680326,0.34695174857257327,0.01133033910768086,0.02042761920791235,0.0,0.01133033910768086,0.006639528305915203,0,0,0,7,0,0.8571428571428571,0.27102803738317754,0.2182701851582135,0.0977691419232482,0.9052518000958651,0.5571565678899361,0.0,0.3312368972746331,0.012548119238345192
216,107,100.0,107,0,102,5,0,0.0,0.8048819583534389,0.798439920288981,0.3795125207997834,0.6033619009479392,0.2134547466161502,0.8414110614852494,5.5514018691588785,2.8554537426680326,0.352178705437759,0.0007537392575620317,0.016775407771245875,0.0,0.0007537392575620317,0.0025440861820503896,0,0,0,5,0,1.0,0.2616822429906542,0.22647303302932698,0.0882568953138969,0.8946366334567937,0.5685632959422323,0.0,0.3312368972746331,0.012638769782992654
217,107,100.0,107,0,102,5,0,0.0,0.7989965928472289,0.7926783280868833,0.3456818000512602,0.6042408313548285,0.22386455630374305,0.8535374048061923,5.5514018691588785,2.8554537426680326,0.34691898541938637,0.01571852273377223,0.023292741977190466,0.0,0.01571852273377223,0.004411165752693802,0,0,0,5,0,0.8,0.2803738317757009,0.21667469171983594,0.09474219099193065,0.9048719978350778,0.5617246195170114,0.0,0.29385045422781275,0.01262189168106109
218,107,100.0,107,0,101,6,0,0.0,0.8028248506768944,0.7963653918234306,0.35274625467085713,0.6051788902300866,0.21750384006779572,0.8180842662378354,5.5514018691588785,2.8554537426680326,0.3503049970393377,0.04180139148600628,0.017763312597936846,0.0,0.04180139148600628,0.008235801171625801,0,0,0,6,0,0.6666666666666666,0.2897196261682243,0.2197605625608423,0.0972117268302053,0.8948708228424278,0.564495468947422,0.0,0.25646401118099227,0.01265442588884041
219,107,100.0,107,0,102,5,0,0.0,0.8051265740851155,0.7986020741645288,0.36120033482939395,0.6061412572117792,0.21701559568135392,0.8388770780995252,5.5514018691588785,2.8554537426680326,0.3503634141026919,0.016016035622755297,0.01593741209458306,0.0,0.016016035622755297,0.006823106795445002,0,0,0,5,0,0.8,0.27102803738317754,0.22137626354755163,0.10605941649938279,0.912480080975887,0.5609928033364301,0.0,0.27009084556254365,0.012679674477879987
220,107,100.0,107,0,104,3,0,0.0,0.802632581890003,0.7961705027427366,0.34770866520568244,0.6070205983317396,0.23282481999152577,0.8576946628580404,5.5514018691588785,2.8554537426680326,0.3467466447454961,0.001236077135670592,0.017945902316094036,0.0,0.001236077135670592,0.0040181304789261435,0,0,0,3,0,1.0,0.308411214953271,0.2159480540732929,0.10509274012793804,0.8951394987641914,0.5557103876423336,0.0,0.29385045422781275,0.012679759106364787
221,107,100.0,107,0,104,3,0,0.0,0.8056096085210764,0.7991762923267391,0.34058366160761333,0.6079434934177176,0.22572396069722345,0.8405411255701281,5.5514018691588785,2.8554537426680326,0.3453469031701091,0.001256309209520971,0.01714728782913558,0.0,0.001256309209520971,0.004787873324032697,0,0,0,3,0,1.0,0.308411214953271,0.21274890565816199,0.11846873803305942,0.9065113279973037,0.5496149988967745,0.0,0.3312368972746331,0.012707820660656883
222,107,100.0,107,0,104,3,0,0.0,0.8051450801485124,0.798792813948034,0.3311926630538555,0.6088312756232486,0.23762792552089837,0.8406198429694591,5.5514018691588785,2.8554537426680326,0.34048869687206396,0.0018273207738505248,0.017030856818194932,0.0,0.0018273207738505248,4.4188008795353895e-06,0,0,0,3,0,1.0,0.29906542056074764,0.2069171989629908,0.10802285662876186,0.8847148954294918,0.5421622863181831,0.0,0.3074772886093641,0.01271817312390135
223,107,100.0,107,0,102,5,0,0.0,0.8048526489318715,0.7984436731576414,0.32049399920144045,0.6096857319755516,0.23719458454178735,0.90277108274421,5.5514018691588785,2.8554537426680326,0.34054805130652865,0.01704035149164341,0.018294967894707897,0.0,0.01704035149164341,0.006907773658353669,0,0,0,5,0,0.8,0.2803738317757009,0.2056259959523808,0.1100942073478599,0.8909665311365864,0.5418723030302951,0.0,0.3074772886093641,0.012728910270763798
224,107,100.0,107,0,102,5,0,0.0,0.8037029728175833,0.7972464458980321,0.31687877315726526,0.6104884407054895,0.23679098970819723,0.9024599469818674,5.5514018691588785,2.8554537426680326,0.3417472875130372,0.014847439982744407,0.020028758220381575,0.0,0.014847439982744407,0.004863563190973261,0,0,0,5,0,0.8,0.29906542056074764,0.2054286027259563,0.10968143434177484,0.8516616330752992,0.5427192682206096,0.0,0.3448637316561845,0.012734622378428224
225,107,100.0,107,0,101,6,0,0.0,0.812025662990076,0.8057062650920674,0.32724436662064266,0.6114614814379946,0.23117828795886364,0.8345516983166446,5.5514018691588785,2.8554537426680326,0.3441287054091051,0.030053442967654467,0.01959513701406274,0.0,0.030053442967654467,0.005642589389960632,0,0,0,6,0,0.6666666666666666,0.2897196261682243,0.2080852877446625,0.1191980984514594,0.8583333948070446,0.5448413597185333,0.0,0.4196366177498253,0.012790128193297688
226,107,100.0,107,0,100,7,0,0.0,0.8131918441745497,0.8068016583010268,0.3192871953866075,0.6124317601995916,0.23882476965017638,0.8821564288839926,5.5514018691588785,2.8554537426680326,0.33951678879793024,0.022483752348882523,0.02605535390677865,0.0,0.022483752348882523,0.0031467128275502187,0,0,0,7,0,0.7142857142857143,0.2897196261682243,0.202568004845942,0.1122421590269316,0.8755292546484572,0.5377274469952605,0.0,0.4196366177498253,0.012809812029826222
227,107,100.0,107,0,102,5,0,0.0,0.8200307469704672,0.8133371929006885,0.3379199951009208,0.6135236284338396,0.23683062446494746,0.8705567016967923,5.5514018691588785,2.8554537426680326,0.34478547339186294,0.014694816327360163,0.017630666399823986,0.0,0.014694816327360163,0.005837225025233822,0,0,0,5,0,0.8,0.2803738317757009,0.2096629932717032,0.10846608216622348,0.8743007156178826,0.542833523956489,0.0,0.41963661774982525,0.01285959543998573
228,107,100.0,107,0,105,2,0,0.0,0.8232522614619167,0.8166053979779792,0.3241568328944699,0.614658976543086,0.24452002468208967,0.8629196526519993,5.5514018691588785,2.8554537426680326,0.34389162176444743,8.020942132331088e-05,0.019661185289575514,0.0,8.020942132331088e-05,0.000509069334253931,0,0,0,2,0,1.0,0.2897196261682243,0.20556264305042812,0.11387130429973208,0.8589627892635254,0.5391265139590165,0.0,0.41963661774982525,0.012891912682481872
229,107,100.0,107,0,102,5,0,0.0,0.8326703889444071,0.82572229633124,0.342067454997833,0.6159701683644493,0.23635275175837592,0.8320932016180999,5.5514018691588785,2.8554537426680326,0.34645989761197704,0.015711552995046403,0.02616118479591542,0.0,0.015711552995046403,-0.0012856862958884052,0,0,0,5,0,0.8,0.2616822429906542,0.21014850113711828,0.11874233045184994,0.8916022280222687,0.5425130889926647,0.0,0.3822501747030049,0.012957723557862661
230,107,100.0,107,0,101,6,0,0.0,0.8379777019992771,0.8306713416420116,0.34501211037690754,0.6173569738695182,0.23028556567122563,0.8423182765469829,5.5514018691588785,2.8554537426680326,0.3482824238005009,0.013637177003455311,0.02145637415169918,0.0,0.013637177003455311,0.00474454258530622,0,0,0,6,0,0.8333333333333334,0.2616822429906542,0.2116586935884923,0.11964413889633893,0.87568940431319,0.5394212842933113,0.0,0.3822501747030049,0.013004059917986019
231,107,100.0,107,0,101,6,0,0.0,0.8333907455563542,0.8266525156919152,0.32320344403236734,0.6186123752120862,0.2402750846984759,0.8708827394063474,5.5514018691588785,2.8554537426680326,0.34170685169184445,0.03153404993013093,0.021377929900910822,0.0,0.03153404993013093,0.0038117021262394865,0,0,0,6,0,0.6666666666666666,0.2523364485981308,0.2025410046324975,0.10927428322289466,0.8589460772244748,0.531360741784458,0.0,0.4570230607966457,0.012999048838082335
232,107,100.0,107,0,103,4,0,0.0,0.828641046816741,0.8219252495011051,0.3159508619413884,0.6197239412305354,0.24821580350295522,0.9195751912371692,5.5514018691588785,2.8554537426680326,0.3383930251164131,0.01826418355565251,0.02561037540599772,0.0,0.01826418355565251,0.0039691860320062305,0,0,0,4,0,0.75,0.2523364485981308,0.1995961263833026,0.1070457411203612,0.8809716263319847,0.5258172146592996,0.0,0.4196366177498253,0.012991170471122287
233,107,100.0,107,0,104,3,0,0.0,0.8230958046853395,0.8165365207537719,0.29475644616867014,0.6206806688701503,0.2520775931801763,0.9020026506427128,5.5514018691588785,2.8554537426680326,0.3348932429865181,0.02485929877388415,0.026316014109252658,0.0,0.02485929877388415,0.0012428157139608615,0,0,0,3,0,0.6666666666666666,0.2616822429906542,0.19327002845363167,0.12178177637229706,0.8828746456751329,0.5174516475324843,0.0,0.3822501747030049,0.012977103718061541
234,107,100.0,107,0,103,4,0,0.0,0.8215817831341149,0.8152771800108486,0.29176419637338336,0.621581309680671,0.25252782072401964,0.9051894979482892,5.5514018691588785,2.8554537426680326,0.3332887808650671,0.018616341574517106,0.026492490288677582,0.0,0.018616341574517106,0.003133461190085257,0,0,0,4,0,0.75,0.27102803738317754,0.1913002175501263,0.1222036400774836,0.908687923715293,0.5159249984076015,0.0,0.3448637316561845,0.012982392301171423
235,107,100.0,107,0,102,5,0,0.0,0.8273998036276964,0.8208531128145752,0.3157360191531254,0.6225836076550061,0.2535692070807282,0.8946933708740366,5.5514018691588785,2.8554537426680326,0.33542620750617225,0.038198849207870166,0.025251139207359313,0.0,0.038198849207870166,0.0035460619373184955,0,0,0,5,0,0.6,0.2616822429906542,0.19720261370278294,0.11529752270482149,0.9034085158056953,0.5188255353593375,0.0,0.3448637316561845,0.013025792481149746
236,107,100.0,107,0,104,3,0,0.0,0.8200266131202056,0.8135243646262572,0.30168267309317665,0.6233898702627729,0.25169768768547424,0.9142208093620786,5.5514018691588785,2.8554537426680326,0.3327153128151421,0.023573182478757476,0.027434402551446063,0.0,0.023573182478757476,-0.0011660006041722404,0,0,0,3,0,0.6666666666666666,0.2803738317757009,0.19322704126406345,0.1085058684595862,0.9114519619746698,0.5163997291695677,0.0,0.3074772886093641,0.0130004377565169
237,107,100.0,107,0,104,3,0,0.0,0.8224199077468952,0.8156722701589068,0.2877675045664399,0.6242221763738675,0.25938140661772674,0.8905509669966563,5.5514018691588785,2.8554537426680326,0.32909743663318713,0.03556114446371567,0.028438185690686398,0.0,0.03556114446371567,0.0016517511562953446,0,0,0,3,0,0.6666666666666666,0.2523364485981308,0.1871334146264866,0.10741014997672836,0.9148522072744878,0.5087607532554262,0.0,0.3074772886093641,0.0130242872876502
238,107,100.0,107,0,103,4,0,0.0,0.8260596734021501,0.8192392939572192,0.2897364549592303,0.6251122001406028,0.263605502147884,0.8939556470989471,5.5514018691588785,2.8554537426680326,0.32797208043490844,0.02782346715935753,0.02452852139707095,0.0,0.02782346715935753,-0.003550032965817254,0,0,0,4,0,0.75,0.24299065420560748,0.1862978033088467,0.11641959141103542,0.8859054224584462,0.5017739130370229,0.0,0.3448637316561845,0.013055193224405414
239,107,100.0,107,0,104,3,0,0.0,0.8335539385382025,0.826787947584185,0.3017212149623716,0.6261492483403902,0.259876706126404,0.9260817406494719,5.5514018691588785,2.8554537426680326,0.3282160894772379,0.00022325735846391568,0.024522945697802154,0.0,0.00022325735846391568,-0.009172027660125944,0,0,0,3,0,1.0,0.22429906542056074,0.18819396753243117,0.11561993667639729,0.900441082323958,0.5036268872453146,0.0,0.3312368972746331,0.013107470765902726
240,107,100.0,107,0,103,4,0,0.0,0.8313216149219964,0.8246728188004423,0.29370052588603585,0.6271083668893294,0.26858313522067395,0.9328170987705598,5.5514018691588785,2.8554537426680326,0.326222080824049,0.0004554131896117008,0.02922175618778794,0.0,0.0004554131896117008,0.005739001085411102,0,0,0,4,0,1.0,0.2336448598130841,0.18521208388374522,0.1111459627015219,0.8912383251018805,0.5033632898992527,0.0,0.3448637316561845,0.01311000274107285
241,107,100.0,107,0,104,3,0,0.0,0.8330910485325532,0.8264055314269145,0.29395031684335454,0.6280796796977999,0.2723400083874098,0.9703886469433596,5.5514018691588785,2.8554537426680326,0.3241602250750073,0.00023526572084900743,0.01954580709384984,0.0,0.00023526572084900743,-0.0026984640248215452,0,0,0,3,0,1.0,0.205607476635514,0.1840432058018704,0.10274424403688162,0.8898133553296043,0.49940705774171346,0.0,0.3448637316561845,0.013132717603096877
242,107,100.0,107,0,102,5,0,0.0,0.8310406444466079,0.8241925041460914,0.29880607133838183,0.628972703542075,0.2760983166603691,0.9909849559903231,5.5514018691588785,2.8554537426680326,0.3244461913200958,0.0003926755289927508,0.022101672839365642,0.0,0.0003926755289927508,0.004617851663611494,0,0,0,5,0,1.0,0.24299065420560748,0.18552887899703388,0.09522570296224221,0.8740899565383984,0.5010732071124409,0.0,0.3822501747030049,0.013135215524059284
243,107,100.0,107,0,104,3,0,0.0,0.8209324373569751,0.814233592861802,0.27864279131976666,0.6296127298195685,0.284034383884283,1.003430903258772,5.5514018691588785,2.8554537426680326,0.32080143161179553,0.00021459897275247805,0.026668549501960473,0.0,0.00021459897275247805,-0.007678830219944005,0,0,0,3,0,1.0,0.2523364485981308,0.1804519212026697,0.09650081996281103,0.8721845749895523,0.49568043452734745,0.0,0.3822501747030049,0.013093812315758496
244,107,100.0,107,0,104,3,0,0.0,0.8361920684389864,0.8294327089367733,0.29587405832949787,0.6305816834258198,0.2770513198085387,0.9694136720785753,5.5514018691588785,2.8554537426680326,0.3230974102391142,0.000984874994658818,0.024738213269775617,0.0,0.000984874994658818,-0.007126437496812392,0,0,0,3,0,1.0,0.22429906542056074,0.18296858671685592,0.09419713160195826,0.877462279531335,0.5028612955385878,0.0,0.3822501747030049,0.01318394448217576
245,107,100.0,107,0,105,2,0,0.0,0.8382777597923622,0.8314913439558166,0.28993432154339127,0.6315699957066158,0.2807094947307101,0.9645038577726817,5.5514018691588785,2.8554537426680326,0.32442385119829376,0.0009503990049848499,0.029644011246414186,0.0,0.0009503990049848499,-0.003196323939763379,0,0,0,2,0,1.0,0.2336448598130841,0.18201633422867675,0.09088116119874502,0.8709072056226973,0.5042226786471985,0.0,0.38225017470300493,0.013208483338948258
246,107,100.0,107,0,103,4,0,0.0,0.8455925563881741,0.838307641339734,0.31224827627698803,0.6326857961624089,0.2721248051665932,0.918918851045864,5.5514018691588785,2.8554537426680326,0.3299337807937637,0.0005061697476418794,0.025223886556200906,0.0,0.0005061697476418794,-0.0034146789920297058,0,0,0,4,0,1.0,0.22429906542056074,0.18977266161553577,0.096607440523441,0.8724202078991053,0.5088884572929735,0.0,0.3448637316561845,0.013260987904865143
247,106,99.06542056074767,107,1,102,4,0,0.009345794392523364,0.8437250945379222,0.8370416222628757,0.30738780826902473,0.6337297719412017,0.28998681111960073,0.9930403797069756,5.5514018691588785,2.8554537426680326,0.32361283215318726,0.018504556295550707,0.02610432007289079,0.0,0.018504556295550707,-4.3419654057119675e-05,0,1,0,4,0,0.8,0.2616822429906542,0.18474628772117788,0.10251557091059518,0.8824144155259015,0.49164475608905683,0.009345794392523364,0.3448637316561845,0.013266555718337928
248,106,99.06542056074767,107,0,101,6,0,0.0,0.8505185031537318,0.8438614517071406,0.3160921261014661,0.6349107701744687,0.2875998558035059,1.0021139699223565,5.5514018691588785,2.8554537426680326,0.3258403902553122,0.00040558191751733654,0.024765194777536068,0.0,0.00040558191751733654,-0.004370419875620739,0,0,0,6,0,1.0,0.2523364485981308,0.186860955096726,0.09272866543936448,0.8771349914668505,0.4980865400524385,0.0,0.3448637316561845,0.013317384190543308
249,106,99.06542056074767,107,0,97,10,0,0.0,0.8520690494509485,0.8452409803579213,0.31264734214402895,0.6360895589914746,0.2894270262666492,1.006609084534746,5.5514018691588785,2.8554537426680326,0.32565678763090444,0.0004924325964138159,0.026828276864334318,0.0,0.0004924325964138159,-0.0002748425724788617,0,0,1,9,0,1.0,0.24299065420560748,0.18581564663451489,0.10182481128131529,0.8576356632772182,0.49664914581534625,0.0,0.3448637316561845,0.013341966806726065
250,106,99.06542056074767,107,0,98,9,0,0.0,0.851697475233945,0.8451470723436278,0.30625128793866435,0.6372325428391603,0.29090005689518317,0.9315674318927782,5.5514018691588785,2.8554537426680326,0.32510531756684413,0.001424035075078545,0.026731856888552896,0.0,0.001424035075078545,0.00045454190605493446,0,0,0,9,0,1.0,0.24299065420560748,0.18388232746463237,0.10183117051817915,0.8803255226554995,0.49601560911093956,0.0,0.3822501747030049,0.013356427623169465
251,106,99.06542056074767,107,0,98,9,0,0.0,0.8508723161866419,0.8441384861131962,0.30769515672930364,0.6383198495411773,0.29354811049896046,1.0154777875889671,5.5514018691588785,2.8554537426680326,0.3225450441511377,0.0005914813305237775,0.027072935898784574,0.0,0.0005914813305237775,-0.000128412137632918,0,0,0,9,0,1.0,0.22429906542056074,0.18308269746896216,0.10719276762690527,0.8834503386250827,0.4902797495624885,0.0,0.3448637316561845,0.01336782559789146
252,107,100.0,107,0,101,6,0,0.0,0.8615765630464168,0.8547843632780082,0.31551994526900445,0.6396192991816313,0.2816071585285097,0.9981290004264781,5.5514018691588785,2.8554537426680326,0.3249405382778734,0.00037332588252973384,0.026807175083391338,0.0,0.00037332588252973384,0.0037144174549913387,0,0,0,6,0,1.0,0.2336448598130841,0.1844900676181514,0.10302234672711169,0.8812333845599182,0.49751406268806503,0.0,0.3822501747030049,0.01343989942388655
253,107,100.0,107,0,99,8,0,0.0,0.8530387390767037,0.8462688886678608,0.3120412981758731,0.6406871192879237,0.28859353658246556,0.9830428733350561,5.5514018691588785,2.8554537426680326,0.3260612645636227,0.0009738266152808188,0.02353143332815876,0.0,0.0009738266152808188,0.00034870840973192513,0,0,0,8,0,1.0,0.2336448598130841,0.18565284321129719,0.09934633341902303,0.8884585983148388,0.4981399846067368,0.0,0.4060097833682739,0.013412455858633028
254,107,100.0,107,0,98,9,0,0.0,0.8588756184043583,0.8520936418729346,0.32083163810673754,0.641857506791742,0.28241713949678376,0.9159989842449892,5.5514018691588785,2.8554537426680326,0.3284946756400786,0.001724961109226742,0.02266868495556507,0.0,0.001724961109226742,-0.0009385768424847544,0,0,0,9,0,1.0,0.2336448598130841,0.18832653679496472,0.09322064240401287,0.8812333845599182,0.5029961861083638,0.0,0.3822501747030049,0.013458350192162051
255,107,100.0,107,0,98,9,0,0.0,0.8634050269645065,0.8565776046393394,0.3432296422562418,0.6430969044078858,0.27724725470247835,0.8909442575889638,5.5514018691588785,2.8554537426680326,0.33259475148209705,0.00032504991798148005,0.023527736076539674,0.0,0.00032504991798148005,0.0008381653232664185,0,0,0,9,0,1.0,0.2336448598130841,0.19510042258874608,0.08334025159705265,0.9006614892860151,0.5125917746623074,0.0,0.3686233403214535,0.01349869244777115
256,107,100.0,107,0,97,10,0,0.0,0.8672024318094128,0.8606520659969871,0.3249506647870739,0.6443939870858773,0.27256020075002513,0.9266702486926226,5.5514018691588785,2.8554537426680326,0.3295368278154984,0.0004701021615619065,0.024425391036016496,0.0,0.0004701021615619065,0.0023400850826007626,0,0,1,9,0,1.0,0.19626168224299065,0.18843766662452816,0.08611937194016459,0.9006614892860151,0.5081868207900483,0.0,0.3686233403214535,0.013536198269932785
257,107,100.0,107,0,95,12,0,0.0,0.8716534351078059,0.8649888308588363,0.33560692515216456,0.6457530996196411,0.26256089617195655,0.9111975677987261,5.5514018691588785,2.8554537426680326,0.3341488384125455,0.014933856204775872,0.0229217705175552,0.0,0.014933856204775872,0.0027654955753019955,0,0,0,12,0,0.8333333333333334,0.24299065420560748,0.1929303814436411,0.08594341130878504,0.9006614892860151,0.516252536694877,0.0,0.3686233403214535,0.013577857701280966
258,107,100.0,107,0,99,8,0,0.0,0.8701984390649636,0.8636365999200663,0.3501371744435361,0.6470425134605319,0.2579615818229648,0.9085250096042768,5.5514018691588785,2.8554537426680326,0.3375759979948181,0.009856450993598345,0.022008375816961367,0.0,0.009856450993598345,0.007269690158243879,0,0,0,8,0,0.875,0.21495327102803738,0.19877556144312467,0.08639088043420814,0.8940311902540239,0.5248658800558513,0.0,0.3448637316561845,0.013588992028955853
259,107,100.0,107,0,98,9,0,0.0,0.8720705530579664,0.8657405168829494,0.33483323634757756,0.648343169786172,0.26488020759993536,0.877382734299359,5.5514018691588785,2.8554537426680326,0.3312006662614535,0.008939162902400504,0.021386147783760877,0.0,0.008939162902400504,0.0031670286519055644,0,0,0,9,0,0.8888888888888888,0.2336448598130841,0.19067181056030283,0.0791566707429507,0.8984166935426499,0.5173271123972298,0.0,0.3312368972746331,0.013616922418785735
260,107,100.0,107,0,98,9,0,0.0,0.8678514316383561,0.861366132196038,0.3349209458251544,0.6495067596470736,0.26910717093372705,0.8715211470959526,5.5514018691588785,2.8554537426680326,0.33146780844740364,0.0006751100446902058,0.020296756044046994,0.0,0.0006751100446902058,0.0024610221842527313,0,0,0,9,0,1.0,0.22429906542056074,0.1913754340195194,0.07560826078915968,0.8838788924015845,0.5201189987784641,0.0,0.3312368972746331,0.013612439696803893
261,107,100.0,107,0,97,10,0,0.0,0.8700691622033382,0.8636867413102866,0.3247258810432619,0.6506901348735871,0.27394239234725126,0.8572921346760606,5.5514018691588785,2.8554537426680326,0.32685312727212557,0.008203890524733297,0.023702936727769672,0.0,0.008203890524733297,0.002940178236199684,0,0,0,10,0,0.9,0.2616822429906542,0.1856538502921337,0.07819881382799994,0.8942203115602214,0.5109725828738285,0.0,0.3312368972746331,0.013640423715726446
262,106,99.06542056074767,107,1,97,9,0,0.009345794392523364,0.8737339893264738,0.8655532505530251,0.31821234357676154,0.6519227248107867,0.2883920043268466,0.9035113591024302,5.5514018691588785,2.8554537426680326,0.3229871165444833,0.011440063292859187,0.022478214425372477,0.0,0.011440063292859187,0.003964061999110457,0,1,0,9,0,0.9,0.21495327102803738,0.18129960823174848,0.07471720334481724,0.8756065653012697,0.503128686300582,0.009345794392523364,0.3874912648497554,0.013676345869088884
263,106,99.06542056074767,107,0,98,9,0,0.0,0.8728478119427991,0.8645750885115163,0.31738057987343404,0.6530574063443356,0.2841921676817904,0.8934662098877937,5.5514018691588785,2.8554537426680326,0.32554387582506905,0.0011075001037718676,0.02289395932126573,0.0,0.0011075001037718676,0.0015333287189802309,0,0,0,9,0,1.0,0.2523364485981308,0.1824315222457109,0.060416631160726715,0.8854756918853652,0.5123370384253071,0.0,0.31271837875611463,0.013688115135329054
264,106,99.06542056074767,107,0,97,10,0,0.0,0.8767722400568931,0.8683415000749631,0.3308441078062155,0.6542457260835297,0.28992621220459275,0.8940308142875405,5.5514018691588785,2.8554537426680326,0.32589652507473366,0.007604991217721948,0.02523379156175306,0.0,0.007604991217721948,0.001135539563984378,0,0,0,10,0,0.9,0.22429906542056074,0.18491184891924003,0.050305023171652516,0.8771738799579142,0.5133022256802966,0.0,0.3637316561844864,0.013724703236133362
265,106,99.06542056074767,107,0,99,8,0,0.0,0.8737188809846387,0.8652383858568294,0.32014242017236594,0.6553292275093914,0.2944784056215958,0.9161386152949764,5.5514018691588785,2.8554537426680326,0.324559177069069,0.0023961741533632466,0.024683608476195322,0.0,0.0023961741533632466,-0.0012446908559500154,0,0,0,8,0,1.0,0.2336448598130841,0.18265263659541323,0.06314249886006998,0.8856297933843409,0.509900944535273,0.0,0.3874912648497554,0.013724905881780406
266,106,99.06542056074767,107,0,100,7,0,0.0,0.8701631466594817,0.8616179117499267,0.31461639303017613,0.6562990852825262,0.30357294924773115,0.9714467379667099,5.5514018691588785,2.8554537426680326,0.32314110123172,0.0005870630409346424,0.02406005151717517,0.0,0.0005870630409346424,0.005622098885320733,0,0,0,7,0,1.0,0.22429906542056074,0.1815561474716773,0.06407937171354687,0.8728359710524717,0.5082830589968296,0.0,0.350104821802935,0.01372097413019539
267,107,100.0,107,0,100,7,0,0.0,0.8614865501031098,0.8528415234792969,0.31989821995326245,0.6570407646497034,0.3085737400786558,0.9865703915261874,5.5514018691588785,2.8554537426680326,0.32495682639210677,0.0005574418918269737,0.02653529841651078,0.0,0.0005574418918269737,0.0016584769556922316,0,0,0,7,0,1.0,0.24299065420560748,0.18510441830713922,0.05550344409459912,0.8842330967357106,0.5097116405497354,0.0,0.3874912648497554,0.013688180303037858
268,107,100.0,107,0,97,10,0,0.0,0.8645872176356846,0.8557851597109084,0.31915485417294076,0.657828509042389,0.3053135248160605,0.982481789353697,5.5514018691588785,2.8554537426680326,0.32489561417740687,0.0010425473927627843,0.025066271200321195,0.0,0.0010425473927627843,0.0031334032042580006,0,0,0,10,0,1.0,0.2616822429906542,0.18482201027852432,0.05865272942308183,0.882550021085811,0.5107575982578448,0.0,0.3874912648497554,0.013714930479072532
269,107,100.0,107,0,100,7,0,0.0,0.8628386358844422,0.8539596171271794,0.31313247331718475,0.6585520577391062,0.31024150978221604,0.963015202811441,5.5514018691588785,2.8554537426680326,0.32463962846055394,0.00022162905126340898,0.023832693551009455,0.0,0.00022162905126340898,3.261215355033447e-05,0,0,1,6,0,1.0,0.27102803738317754,0.1836811378784545,0.06427423408160336,0.874138142811888,0.5052315972713096,0.0,0.3874912648497554,0.013716517869486536
270,107,100.0,107,0,99,8,0,0.0,0.8592012338435303,0.8507625331657354,0.29711941801694225,0.6591819128345761,0.31698220470063593,0.9280180375413155,5.5514018691588785,2.8554537426680326,0.32066938449458227,0.0022636585783476185,0.025070693610774547,0.0,0.0022636585783476185,-0.002911262196335432,0,0,0,8,0,1.0,0.27102803738317754,0.1775641751829286,0.06978473535968008,0.8780285674522861,0.4989344790170758,0.0,0.3874912648497554,0.013707323469730467
271,107,100.0,107,0,103,4,0,0.0,0.8624355875675394,0.8540988886042054,0.2998979049772324,0.6598699971781384,0.3188463018359617,0.9304551794956648,5.5514018691588785,2.8554537426680326,0.31944933964620414,0.003158420026185105,0.023682661331227366,0.0,0.003158420026185105,-0.005480926941018718,0,0,0,4,0,1.0,0.2616822429906542,0.1765756849892788,0.06983332539723726,0.8687603689666505,0.4977714171343545,0.0,0.3874912648497554,0.013733319203420994
272,107,100.0,107,0,98,9,0,0.0,0.8679386979001219,0.8593002253041474,0.3258078855455174,0.6606572510023335,0.3153718096784738,0.9385844468076642,5.5514018691588785,2.8554537426680326,0.3270254163624746,0.001229309278265782,0.021530604270022163,0.0,0.001229309278265782,0.0026337929662097284,0,0,0,9,0,1.0,0.2523364485981308,0.1865176566903976,0.06745101383826899,0.8734765173545981,0.5082606629497448,0.0,0.3874912648497554,0.013772074589477545
273,107,100.0,107,0,96,11,0,0.0,0.872254131129737,0.8636269111967438,0.3478695716904668,0.6615208623691443,0.3173127628747846,0.9460406819811379,5.5514018691588785,2.8554537426680326,0.32674766836920455,0.001695734903168393,0.022966731750084346,0.0,0.001695734903168393,0.000499202616331702,0,0,0,11,0,1.0,0.27102803738317754,0.19045699661244003,0.06291470506477591,0.8787950721801673,0.5096521078486158,0.0,0.350104821802935,0.013805981767173474
274,107,100.0,107,0,99,8,0,0.0,0.8776867515061852,0.8689792129968881,0.3604285389118031,0.6624820797145161,0.31125385923664484,0.9879947138203581,5.5514018691588785,2.8554537426680326,0.3302331719668896,0.0005142002047915367,0.025020829388797856,0.0,0.0005142002047915367,-0.0012080525962281825,0,0,1,7,0,1.0,0.2523364485981308,0.19441898176157243,0.05315773776274433,0.8911127660652216,0.5185388424374678,0.0,0.3874912648497554,0.013846868427387513
275,107,100.0,107,0,99,8,0,0.0,0.8893414382017532,0.8803988887775474,0.37647227277763834,0.663676716790808,0.30446412042740034,0.9479430780312442,5.5514018691588785,2.8554537426680326,0.3323296422317854,0.014029128556285447,0.026803585989295206,0.0,0.014029128556285447,-0.000124373265599019,0,0,0,8,0,0.875,0.24299065420560748,0.19771798308946353,0.062281602002085094,0.9061711907502339,0.520893689078234,0.0,0.350104821802935,0.01392219801541849
276,107,100.0,107,0,99,8,0,0.0,0.8982203458816492,0.8890824475879725,0.4029387568408947,0.6650356055620328,0.2967406671595788,1.017793201557954,5.5514018691588785,2.8554537426680326,0.33395524790894915,0.0017556721192299018,0.026303822199601236,0.0,0.0017556721192299018,-0.004964433866065619,0,0,0,8,0,1.0,0.2336448598130841,0.20313957019812534,0.04824238431271011,0.904920551938969,0.5260695144760352,0.0,0.350104821802935,0.013985993773956287
277,107,100.0,107,0,99,8,0,0.0,0.8895248499520813,0.8805458475269745,0.3770628981414321,0.6661606849602303,0.30884921922557135,1.0191968613559585,5.5514018691588785,2.8554537426680326,0.3291173253022479,0.0237775452014694,0.02735717709613635,0.0,0.0237775452014694,-0.0009090862847929843,0,0,0,8,0,0.875,0.24299065420560748,0.1958011727408086,0.05402137293630786,0.8880667094704828,0.5114648195719391,0.0,0.3874912648497554,0.013958579355200357
278,107,100.0,107,0,102,5,0,0.0,0.8832939001353485,0.8743839971662892,0.3631293231298988,0.6671128792072505,0.3198841553591813,1.030433988995667,5.5514018691588785,2.8554537426680326,0.3259506040886586,0.0002980346850699517,0.02683317832686863,0.0,0.0002980346850699517,-0.000285106650269662,0,0,0,5,0,1.0,0.2336448598130841,0.19197733160356392,0.056576942325509486,0.892465655562648,0.5025014255075502,0.0,0.3637316561844864,0.013941019339248696
279,107,100.0,107,0,103,4,0,0.0,0.8801777880479886,0.8712850943017889,0.34864075951079165,0.6679670937977459,0.3155625752716021,1.0164940529721556,5.5514018691588785,2.8554537426680326,0.3275913701909281,0.000529348524905798,0.026731143005423414,0.0,0.000529348524905798,-0.0007514002532704733,0,0,0,4,0,1.0,0.2523364485981308,0.19127980051323296,0.06127072574201667,0.900130528300719,0.5047602444606928,0.0,0.350104821802935,0.013937634630059256
280,107,100.0,107,0,104,3,0,0.0,0.8841493362627192,0.8752132839018897,0.33841320419582527,0.6688866507953107,0.3176061158701736,1.009790445990787,5.5514018691588785,2.8554537426680326,0.32533164925262903,0.0007599154440100673,0.034614195533286755,0.0,0.0007599154440100673,-0.0045200621323042145,0,0,0,3,0,1.0,0.2336448598130841,0.1871233576074232,0.06826534052426048,0.8971510968542982,0.4994941678347721,0.0,0.350104821802935,0.013970621133484375
281,107,100.0,107,0,101,6,0,0.0,0.8909003385466759,0.8814999303485893,0.3648346651461623,0.669923560093173,0.3108104411450562,0.9950335220303957,5.5514018691588785,2.8554537426680326,0.3298566892332815,0.0019557206923999306,0.024287339871850028,0.0,0.0019557206923999306,0.0009041068387204606,0,0,0,6,0,1.0,0.2523364485981308,0.1950458833966209,0.06929354653596093,0.8930113492766814,0.5061896012370994,0.0,0.3874912648497554,0.014019180377581097
282,107,100.0,107,0,98,9,0,0.0,0.8803862065661278,0.870782520162875,0.35415528131129576,0.6706860363734696,0.3191103863490232,1.0308905864981186,5.5514018691588785,2.8554537426680326,0.3283449405933485,0.0018236125251710816,0.023083068199973647,0.0,0.0018236125251710816,0.000894212060520233,0,0,0,9,0,1.0,0.24299065420560748,0.1943181762118628,0.08296219828041422,0.8680813390613932,0.4974668396662862,0.0,0.3874912648497554,0.013977495796419699
283,107,100.0,107,0,98,9,0,0.0,0.898764632298593,0.8888913401638964,0.3968421538926711,0.671840411679061,0.3086833466890621,0.9772878080418744,5.5514018691588785,2.8554537426680326,0.3362498030076311,0.0028736242257792863,0.022127965053711004,0.0,0.0028736242257792863,0.001268381412473815,0,0,0,9,0,1.0,0.2336448598130841,0.2049684749055358,0.06912440362944687,0.8941454384096295,0.5132678376286439,0.0,0.350104821802935,0.014085869251515996
284,107,100.0,107,0,97,10,0,0.0,0.8973956142089463,0.8874157562127789,0.3826578352519477,0.6729281166380578,0.310463838046981,1.0166987311640485,5.5514018691588785,2.8554537426680326,0.3348781640733214,0.01984160433813141,0.024557703896164147,0.0,0.01984160433813141,-9.545673635472096e-06,0,0,0,10,0,0.9,0.24299065420560748,0.20146801462743866,0.0834946484603505,0.8873060687054672,0.5021799053102971,0.0,0.350104821802935,0.014094553617048197
285,107,100.0,107,0,98,9,0,0.0,0.9006537556386842,0.8905924584141087,0.3833189689266211,0.6740573300946149,0.30879781763338404,1.022680852127901,5.5514018691588785,2.8554537426680326,0.33504854049060007,0.002466106984941288,0.02405893516522747,0.0,0.002466106984941288,-0.0019328339769588605,0,0,0,9,0,1.0,0.24299065420560748,0.20106938294239762,0.09096798078794906,0.8893893907899733,0.5008377387297657,0.0,0.3874912648497554,0.014126966408150868
286,107,100.0,107,0,100,7,0,0.0,0.9005280731467777,0.8904114058372558,0.3852033924386602,0.6751501634851983,0.3039598520464428,1.0161798295029885,5.5514018691588785,2.8554537426680326,0.3379780262184433,0.001716285155257534,0.02793695160983218,0.0,0.001716285155257534,-0.004876005084741984,0,0,0,7,0,1.0,0.24299065420560748,0.2030573458416896,0.09543138451616455,0.891120399566949,0.5073918501085556,0.0,0.4248777078965758,0.014141940671667606
287,107,100.0,107,0,100,7,0,0.0,0.888909097470372,0.8794363283038682,0.350642871439574,0.6759610809140789,0.31765044343098264,1.0380287431276078,5.5514018691588785,2.8554537426680326,0.3296057413785738,0.0019893840587570074,0.023444524331994714,0.0,0.0019893840587570074,-0.005552719647026333,0,0,1,6,0,1.0,0.2336448598130841,0.19210713990784675,0.09635741455429137,0.8768469020838037,0.49370689145148605,0.0,0.4248777078965758,0.014095423479322038
288,107,100.0,107,0,100,7,0,0.0,0.8920142490723902,0.8823966064144266,0.3681662724767409,0.6768164664685679,0.312535281865377,1.0218944331574662,5.5514018691588785,2.8554537426680326,0.3324478627961869,0.0022460756790773106,0.023893812599639266,0.0,0.0022460756790773106,-0.0022851055438516004,0,0,0,7,0,1.0,0.24299065420560748,0.1974271334056835,0.08707942118349801,0.8788101433556439,0.5001118052788489,0.0,0.4248777078965758,0.014123161806747078
289,107,100.0,107,0,98,9,0,0.0,0.8930350316218426,0.8831796789548354,0.37451506739597523,0.677665315103557,0.3103999167809066,0.9676119355761051,5.5514018691588785,2.8554537426680326,0.33454675158687164,0.0038956498496730673,0.02382498478526463,0.0,0.0038956498496730673,-0.0047311861451295,0,0,0,9,0,1.0,0.24299065420560748,0.19999347661630448,0.0827154516026257,0.8788101433556439,0.5037180798892539,0.0,0.4248777078965758,0.014140384959553031
290,107,100.0,107,0,97,10,0,0.0,0.8986322261368604,0.889085564436968,0.3719970983713431,0.6786248371208586,0.31113024383261323,0.9687574205626563,5.5514018691588785,2.8554537426680326,0.33125642757314444,0.002934982203982933,0.024712463273754925,0.0,0.002934982203982933,-0.0009121996074292482,0,0,0,10,0,1.0,0.21495327102803738,0.19623779220875848,0.08313406004584012,0.8900791283592501,0.502024941089832,0.0,0.4248777078965758,0.014182070285805502
291,106,99.06542056074767,107,1,95,11,0,0.009345794392523364,0.8949200965161938,0.8838640374331295,0.3553080016416498,0.6794706371686862,0.32539026660254444,1.0295690733231688,5.5514018691588785,2.8554537426680326,0.3289284007111859,0.011977930287825822,0.02534925953504559,0.0,0.011977930287825822,5.588579872995344e-05,0,1,0,11,0,0.9166666666666666,0.205607476635514,0.19194822941114573,0.09438803469581994,0.9065967727976121,0.49294257385040796,0.009345794392523364,0.3874912648497554,0.014175585352262758
292,105,98.13084112149532,107,1,100,6,0,0.009345794392523364,0.8941208273073973,0.8849374543206934,0.3569576282595848,0.6802510761726892,0.3218969094472406,1.025076044916711,5.5514018691588785,2.8554537426680326,0.3301043835005688,0.025573116482921477,0.03151908652506828,0.0,0.025573116482921477,0.0019104191772608137,0,1,0,6,0,0.8571428571428571,0.22429906542056074,0.19164258399954145,0.09048297779455608,0.9093363044590462,0.4973931578202528,0.009345794392523364,0.4060097833682739,0.014182731543593298
293,105,98.13084112149532,107,0,101,6,0,0.0,0.895380075749974,0.8860659407536273,0.36577603646913387,0.6810677838127817,0.31243691360655995,1.0112511690269852,5.5514018691588785,2.8554537426680326,0.33450422050739204,0.00024768024702231424,0.0254474851484776,0.0,0.00024768024702231424,-0.0021482109162581967,0,0,0,6,0,1.0,0.24299065420560748,0.19607822270915382,0.10022295048692806,0.9049211201938476,0.5017360048049198,0.0,0.4060097833682739,0.01420068814024402
294,105,98.13084112149532,107,0,100,7,0,0.0,0.9046781761597279,0.8953286721922216,0.38673335550006155,0.6820727651532276,0.30115713089322654,0.9776089276991133,5.5514018691588785,2.8554537426680326,0.338716465860994,0.0001631187110877547,0.03320288068387963,0.0,0.0001631187110877547,-0.0018309536533639267,0,0,0,7,0,1.0,0.22429906542056074,0.20129984227106357,0.0890710388466559,0.8913627612952022,0.5131109108054261,0.0,0.44339622641509435,0.01426152703094223
295,105,98.13084112149532,107,0,100,7,0,0.0,0.903412398045101,0.8943877499224586,0.3916217954890779,0.6830275556362406,0.3064665044692306,0.9731788335945164,5.5514018691588785,2.8554537426680326,0.3395852046187666,0.0002578591065470162,0.028470331065599628,0.0,0.0002578591065470162,-0.0003104333300533763,0,0,1,6,0,1.0,0.22429906542056074,0.2024949904481315,0.07791265076817569,0.9028922633062191,0.5147525843571641,0.0,0.4060097833682739,0.014268829940660012
296,106,99.06542056074767,107,0,101,6,0,0.0,0.9065682604748797,0.8976284214060583,0.39033080128715386,0.6840291112188047,0.30075385314862,0.9874079979156877,5.5514018691588785,2.8554537426680326,0.33887280673208897,0.00015647714633357533,0.02887585045453568,0.0,0.00015647714633357533,0.0004189956848210293,0,0,0,6,0,1.0,0.24299065420560748,0.20122180707032744,0.06477942469230527,0.8989032842664285,0.5161673929374588,0.0,0.4060097833682739,0.014298908730992519
297,107,100.0,107,0,102,5,0,0.0,0.9040829710394097,0.8954441971776214,0.37277767331276923,0.684952172235018,0.30459057658508676,0.9691250862346136,5.5514018691588785,2.8554537426680326,0.33482418208080267,0.00014026855018097668,0.026062126969984833,0.0,0.00014026855018097668,0.00317048026978749,0,0,0,5,0,1.0,0.22429906542056074,0.19513889415742625,0.07306652965930122,0.9028922633062191,0.5077761828532141,0.0,0.4060097833682739,0.014299661073982456
298,107,100.0,107,0,101,6,0,0.0,0.9040264480161289,0.8957846948368844,0.36453867901409,0.6858566538734211,0.2947953859351839,0.950527393740232,5.5514018691588785,2.8554537426680326,0.33416478066992905,0.00033291745061541457,0.023394488849448707,0.0,0.00033291745061541457,0.002923843917305847,0,0,0,6,0,1.0,0.22429906542056074,0.19322246867962484,0.07552147711030949,0.9246112282361869,0.5082359898503633,0.0,0.3686233403214535,0.014312291986263813
299,107,100.0,107,0,99,8,0,0.0,0.9095674599154921,0.9011322232408194,0.36318799928326256,0.6868574654169888,0.28579731477953957,0.9350140845299098,5.5514018691588785,2.8554537426680326,0.33734714676805755,0.0001787035209081738,0.027961872282405868,0.0,0.0001787035209081738,0.004377471506556929,0,0,1,7,0,1.0,0.24299065420560748,0.19443090253419978,0.06829825585483924,0.9114974233100633,0.5130581758563808,0.0,0.3686233403214535,0.01435428590109956
300,107,100.0,107,0,99,8,0,0.0,0.9165106801026514,0.9079127684630752,0.38886039527584926,0.6879845915157365,0.28119298557501,0.9185181118461119,5.5514018691588785,2.8554537426680326,0.3409175200692911,0.00031332202800720825,0.030305181189800554,0.0,0.00031332202800720825,0.004196394448242172,0,0,0,8,0,1.0,0.2616822429906542,0.20069506428588363,0.06384066120123923,0.9114166700677916,0.5181789719276936,0.0,0.3686233403214535,0.014405094284220994
301,107,100.0,107,0,101,6,0,0.0,0.919951347517739,0.9113485345787166,0.39019386812938295,0.6891580184198236,0.28243981007984376,0.9220245688168655,5.5514018691588785,2.8554537426680326,0.3362304527774973,0.0003219688360385423,0.027133196258811203,0.0,0.0003219688360385423,-0.0004808371344708351,0,0,0,6,0,1.0,0.24299065420560748,0.19747871314826293,0.07504402304970755,0.9228004355249521,0.5082382727693409,0.0,0.3312368972746331,0.014439050952521546
302,107,100.0,107,0,99,8,0,0.0,0.924764054249794,0.9161756100809871,0.38650190919964983,0.6904082065879333,0.28078558137709786,0.9224235877715274,5.5514018691588785,2.8554537426680326,0.3369969507668249,0.0005327552407131139,0.03173851005503986,0.0,0.0005327552407131139,0.0005858878522708375,0,0,1,7,0,1.0,0.2616822429906542,0.19641449252257617,0.06626763972830069,0.9076118851789684,0.5097262814123483,0.0,0.3312368972746331,0.014480963758600163
303,107,100.0,107,0,99,8,0,0.0,0.9180048070931708,0.9096923689429465,0.376872875175398,0.6914745954498284,0.28701789371363523,0.9381137251603275,5.5514018691588785,2.8554537426680326,0.33594506502145616,0.0004541763160207077,0.030220401455188162,0.0,0.0004541763160207077,0.0015615279183597147,0,0,0,8,0,1.0,0.27102803738317754,0.1946462777535762,0.06207754156905487,0.9007174745295918,0.508409886114265,0.0,0.3686233403214535,0.014462392643151235
304,107,100.0,107,0,98,9,0,0.0,0.9213537610131626,0.9134602861607045,0.3685197969188721,0.6925966069776273,0.2873653404493413,0.9416418690077882,5.5514018691588785,2.8554537426680326,0.3312482699328305,0.0019475547989035208,0.03104419389646034,0.0,0.0019475547989035208,0.004136814033022308,0,0,0,9,0,1.0,0.2616822429906542,0.1887503198597902,0.05575720189214938,0.896529838640731,0.5079630349683583,0.0,0.4060097833682739,0.014495156672833045
305,107,100.0,107,0,97,10,0,0.0,0.9255642336285117,0.9175922248814244,0.3906597915850785,0.6937809684643387,0.2800125432206927,0.9113286326067241,5.5514018691588785,2.8554537426680326,0.33749309663189897,0.001837744049381008,0.03283383942424863,0.0,0.001837744049381008,0.0010396156897713171,0,0,1,9,0,1.0,0.2616822429906542,0.19625039352128634,0.057404277780149914,0.8817686091133228,0.5168799923943334,0.0,0.4060097833682739,0.0145331184831093
306,107,100.0,107,0,98,9,0,0.0,0.9266546693438357,0.9185017149324809,0.40306841852253883,0.6949522871108129,0.28489269114541244,0.9296525576381424,5.5514018691588785,2.8554537426680326,0.3415926465236345,0.0020579257391569773,0.03210653530236564,0.0,0.0020579257391569773,-0.0015003685429278097,0,0,0,9,0,1.0,0.2803738317757009,0.2014558443682551,0.06541328477434318,0.8904895828693131,0.5233830151571861,0.0,0.3829489867225716,0.014555293892750579
307,107,100.0,107,0,101,6,0,0.0,0.9332312166356634,0.9252131504965461,0.4010272958714786,0.6962434728455583,0.2864791292844627,0.9296718985148019,5.5514018691588785,2.8554537426680326,0.34130280875244856,0.0007268979849475854,0.03462381638822886,0.0,0.0007268979849475854,0.001839225928577289,0,0,1,5,0,1.0,0.2616822429906542,0.19989084074414876,0.059663010118792444,0.8823417883869124,0.5263421556244492,0.0,0.3686233403214535,0.014606611234903508
308,107,100.0,107,0,101,6,0,0.0,0.9325099528654284,0.9247072188761192,0.40021153985653013,0.6974862320542037,0.2866407327446835,0.9271966351920523,5.5514018691588785,2.8554537426680326,0.34229859680600305,0.0011049061935192298,0.031213255967801164,0.0,0.0011049061935192298,0.0031525446497292684,0,0,0,6,0,1.0,0.2523364485981308,0.20046076647023367,0.061488254993622864,0.8902904998842027,0.5300111991858222,0.0,0.3686233403214535,0.014620748123220142
309,107,100.0,107,0,101,6,0,0.0,0.9439625166302368,0.9360628805350888,0.4128374285624433,0.6989529093811901,0.2858730490127853,0.9306094526802621,5.5514018691588785,2.8554537426680326,0.34216823250632333,0.001954055198316622,0.029376085832594795,0.0,0.001954055198316622,0.005623492168865203,0,0,1,5,0,1.0,0.2336448598130841,0.2013697322974891,0.06767895922541665,0.8813790305296797,0.524749301867314,0.0,0.3686233403214535,0.014698951088357332
310,107,100.0,107,0,99,8,0,0.0,0.9459373491830987,0.9382605905726585,0.42578350831646855,0.7004279100903669,0.29592701408365507,0.931236087662319,5.5514018691588785,2.8554537426680326,0.340840193713845,0.00042292247514487017,0.03708830381281166,0.0,0.00042292247514487017,-0.0030219614056265567,0,0,0,8,0,1.0,0.2336448598130841,0.2021581171333144,0.06133140099410781,0.8831362239587682,0.5227111653686948,0.0,0.3686233403214535,0.014729884232598925
311,107,100.0,107,0,100,7,0,0.0,0.9564973694983828,0.948925430059431,0.430515490878441,0.7021044164832085,0.2924333678517826,0.9257090041539169,5.5514018691588785,2.8554537426680326,0.34155971650762007,6.792967766358924e-05,0.026826531429314657,0.0,6.792967766358924e-05,-0.000358463174568482,0,0,2,5,0,1.0,0.2336448598130841,0.20149546999211,0.05775230196533145,0.8607023181274575,0.5260919003693305,0.0,0.4060097833682739,0.01480662026644558
312,107,100.0,107,0,100,7,0,0.0,0.951385206452043,0.9438462967306556,0.4390467591130679,0.7036170251693243,0.3037810626899071,0.950699735758078,5.5514018691588785,2.8554537426680326,0.3403771639104016,0.00010745465813758659,0.033773543322570355,0.0,0.00010745465813758659,-0.0022933404842473653,0,0,0,7,0,1.0,0.2523364485981308,0.20357187616510222,0.052491073067995477,0.8847247265437009,0.5259161682716851,0.0,0.4060097833682739,0.014802655371883688
313,107,100.0,107,0,101,6,0,0.0,0.9486783649672262,0.9412186478390713,0.4204792474937398,0.7050264169752056,0.3009421685856516,0.9392333099811981,5.5514018691588785,2.8554537426680326,0.3387726540605096,7.168416587711775e-05,0.028430921661423653,0.0,7.168416587711775e-05,0.0011849902860960188,0,0,2,4,0,1.0,0.2523364485981308,0.19894081510994666,0.0561611139156127,0.8629353667693925,0.521469606841418,0.0,0.4060097833682739,0.014809243429994552
314,107,100.0,107,0,101,6,0,0.0,0.9466154357028578,0.9390476049426771,0.4216941332382824,0.7063459697495049,0.31128702996894464,0.9572750158164792,5.5514018691588785,2.8554537426680326,0.33694867415904173,8.056774938934168e-05,0.03221543073959442,0.0,8.056774938934168e-05,-0.004499708469644269,0,0,0,6,0,1.0,0.2523364485981308,0.19834844591341108,0.06028360501487211,0.9064580334427669,0.5164429448037866,0.0,0.3312368972746331,0.014817768393212813
315,107,100.0,107,0,102,5,0,0.0,0.9637770476380485,0.9560497349716353,0.47532990672001024,0.7080162336713202,0.3012296175068455,0.9015823684543192,5.5514018691588785,2.8554537426680326,0.344427506041189,0.00015241932576140517,0.028654312394084402,0.0,0.00015241932576140517,-0.00018462710812859883,0,0,1,4,0,1.0,0.2616822429906542,0.2098407724001294,0.05567121559175474,0.8997902885753604,0.5287446365756446,0.0,0.3686233403214535,0.014927423259722721
316,107,100.0,107,0,99,8,0,0.0,0.9769874510617115,0.9689023293122299,0.5324179269747076,0.7099324038883702,0.2900259191898739,0.8470039420278126,5.5514018691588785,2.8554537426680326,0.3525756424094655,0.00010316484599684536,0.027865671811404473,0.0,0.00010316484599684536,-0.0008544459386684786,0,0,0,8,0,1.0,0.2803738317757009,0.22253790619699096,0.04381284968302042,0.9010680703841645,0.5437142418708114,0.0,0.40600978336827387,0.015020832953930356
317,107,100.0,107,0,99,8,0,0.0,0.9761149138252389,0.9682808974349737,0.5504610161975237,0.711779662991404,0.2825477617647511,0.7950802727488966,5.5514018691588785,2.8554537426680326,0.35291588499713433,0.00028727225723624325,0.02684465447755202,0.0,0.00028727225723624325,0.000372523291022768,0,0,0,8,0,1.0,0.2803738317757009,0.22550770934201952,0.030228520418479597,0.9202802555347492,0.5512359367095732,0.0,0.3312368972746331,0.015042844082345174
318,107,100.0,107,0,102,5,0,0.0,0.9744518119711192,0.9666553234657987,0.5690971827538125,0.7135370404550491,0.285094884628832,0.8945905790018408,5.5514018691588785,2.8554537426680326,0.3553572614674547,0.00022220208575897318,0.0287842620553443,0.0,0.00022220208575897318,-0.004528067322044282,0,0,0,5,0,1.0,0.2803738317757009,0.22994279189423614,0.029233073196486676,0.8936338048520743,0.5512555686088252,0.0,0.3312368972746331,0.015059619123353803
319,107,100.0,107,0,102,5,0,0.0,0.9788619658446263,0.9708659374211519,0.6161864658300168,0.7153404225251578,0.2839004267385006,0.8925984304646075,5.5514018691588785,2.8554537426680326,0.35902659664026815,0.00034360327372988717,0.034528558290489855,0.0,0.00034360327372988717,-0.012449492464710221,0,0,0,5,0,1.0,0.2897196261682243,0.23889667950668217,0.034850036969604856,0.8974851897152667,0.5511907101184144,0.0,0.3312368972746331,0.0151074172631291
320,107,100.0,107,0,100,7,0,0.0,0.9762142451020378,0.9683571549429221,0.6182161083622469,0.717035000155915,0.28977082290758227,0.9145026854790949,5.5514018691588785,2.8554537426680326,0.3570284658851439,0.0002743567199852756,0.030947749315428614,0.0,0.0002743567199852756,-0.005022646477471193,0,0,1,6,0,1.0,0.2803738317757009,0.23848484198464226,0.03229800813731424,0.8918287032849335,0.548193608187157,0.0,0.3686233403214535,0.015118372599606095
321,107,100.0,107,0,102,5,0,0.0,0.96971665013166,0.9619868859470916,0.6233571534292418,0.7185356698387249,0.30075322246370234,0.9262443461825,5.5514018691588785,2.8554537426680326,0.35772848575448024,0.0002346049687107916,0.03456009328608749,0.0,0.0002346049687107916,-0.008099647982912872,0,0,0,5,0,1.0,0.27102803738317754,0.24107309429495377,0.03365836247155796,0.865953639515269,0.5492532109026662,0.0,0.44339622641509435,0.015107310089065644
322,107,100.0,107,0,103,4,0,0.0,0.9736484330721473,0.9655992634646218,0.6473729601240507,0.7200760084081304,0.2936646620118262,0.9163520684040996,5.5514018691588785,2.8554537426680326,0.3589480335555677,0.0002023107299339607,0.026686977220228697,0.0,0.0002023107299339607,-0.004139841642206765,0,0,0,4,0,1.0,0.2616822429906542,0.24447099587667948,0.023780960297774437,0.8817567084906787,0.552013371316556,0.0,0.4060097833682739,0.015148960831433005
323,107,100.0,107,0,100,7,0,0.0,0.9739808905519014,0.9663785685834625,0.7020445665379296,0.7215901654799525,0.2934964114384823,0.8984111930963578,5.5514018691588785,2.8554537426680326,0.3596152222974174,0.016010866283269903,0.026922024273951548,0.0,0.016010866283269903,-0.0015494574238441186,0,0,0,7,0,0.8571428571428571,0.27102803738317754,0.2521583151114645,0.017362959448809896,0.9122450740408528,0.5551229883200257,0.0,0.3312368972746331,0.015172241146220386
324,107,100.0,107,0,99,8,0,0.0,0.9735639609411869,0.9657615481628898,0.6352349020753264,0.7230469915108435,0.2973455764639884,0.9004102163925398,5.5514018691588785,2.8554537426680326,0.35684455036681095,0.014327603867196743,0.03166026767272254,0.0,0.014327603867196743,-0.0071409172397414455,0,0,0,8,0,0.875,0.2803738317757009,0.240555586434431,0.025999448630710388,0.8913863406584807,0.5500817088733954,0.0,0.4060097833682739,0.015190955994878432
325,107,100.0,107,0,97,10,0,0.0,0.9758349578093612,0.9680534203339126,0.6260142682501986,0.724514573228059,0.3034440569010932,0.9320007804068031,5.5514018691588785,2.8554537426680326,0.3548654325577718,0.0011241707279771222,0.030681988712524033,0.0,0.0011241707279771222,-0.003247779114248145,0,0,0,10,0,1.0,0.27102803738317754,0.23854670324632013,0.03104977467496434,0.8957404895054139,0.5461619779565355,0.0,0.4060097833682739,0.015223264037754775
326,107,100.0,107,0,101,6,0,0.0,0.9714611929540679,0.9638058821848551,0.5887407984052127,0.7258432196385647,0.30420849503298447,0.9537427602163884,5.5514018691588785,2.8554537426680326,0.3524031863600403,0.0012323405022006233,0.02662053011945978,0.0,0.0012323405022006233,-0.007169743799337917,0,0,0,6,0,1.0,0.2616822429906542,0.23237205820964704,0.025237955921528568,0.8887779221894281,0.5481241592808256,0.0,0.40600978336827387,0.015220364655306112
327,107,100.0,107,0,99,8,0,0.0,0.981778147604008,0.9742208857381033,0.6049364474090901,0.727371843652423,0.3023054669798865,0.945258462106627,5.5514018691588785,2.8554537426680326,0.35335778576728605,0.015110111670791414,0.030119274674145016,0.0,0.015110111670791414,-0.005166568079945269,0,0,0,8,0,0.875,0.2616822429906542,0.2325602836831215,0.03289084614264769,0.8973009933211759,0.5452353099452516,0.0,0.40600978336827387,0.015293774004363332
328,107,100.0,107,0,96,11,0,0.0,0.9760848093713071,0.9686079712017513,0.5900896094320549,0.7287285991721055,0.3055591948664824,0.9451777183672369,5.5514018691588785,2.8554537426680326,0.35284645019866434,0.009972884259213131,0.03389248422732102,0.0,0.009972884259213131,-0.001014567992240988,0,0,1,10,0,0.9090909090909091,0.2616822429906542,0.23001439204103036,0.029538218757524402,0.8969853368626355,0.5466355958139879,0.0,0.40600978336827387,0.015284678076332643
329,107,100.0,107,0,97,10,0,0.0,0.979680200529822,0.9723180839769751,0.6369829415112628,0.7301313656088002,0.28869372572297525,0.9040107130612519,5.5514018691588785,2.8554537426680326,0.35652163899367717,0.028373919361468138,0.03236163715275388,0.0,0.028373919361468138,0.004447129645081494,0,0,1,9,0,0.8,0.27102803738317754,0.23835190232855724,0.024309730157083032,0.9029100299462766,0.5536394177457248,0.0,0.3686233403214535,0.015322682705483962
330,107,100.0,107,0,98,9,0,0.0,0.986111863580002,0.9790720988566605,0.6913748232395174,0.7316483629153074,0.2787169297934179,0.8479236798565506,5.5514018691588785,2.8554537426680326,0.35958687051319194,0.03142515769003404,0.032178303225200315,0.0,0.03142515769003404,0.00017640763443988215,0,0,1,8,0,0.7777777777777778,0.2523364485981308,0.24620628898189703,0.022530715560375298,0.9077195734228358,0.5599020983984527,0.0,0.4060097833682739,0.015376499598917279
331,107,100.0,107,0,97,10,0,0.0,0.9922346772395806,0.9852166758843017,0.7974939329492806,0.7332624075092151,0.277862051338226,0.8364951732963992,5.5514018691588785,2.8554537426680326,0.3662425005348704,0.02673555135210457,0.02925238202533924,0.0,0.02673555135210457,0.003396294803970956,0,0,0,10,0,0.8,0.2803738317757009,0.26402712636845066,0.011176580027106055,0.9002974258956731,0.5725983743908386,0.0,0.4060097833682739,0.015430157815597706
332,107,100.0,107,0,98,9,0,0.0,0.9873374801689688,0.9804923722961617,0.7516900341998056,0.7347224435634597,0.28344357826828726,0.8618758050275521,5.5514018691588785,2.8554537426680326,0.36350104000953753,0.031715548279559046,0.028526670068794367,0.0,0.031715548279559046,0.003757674633720534,0,0,0,9,0,0.7777777777777778,0.2803738317757009,0.25803419568216585,0.017350855224916386,0.8907636552970484,0.5709129034345867,0.0,0.4060097833682739,0.015426517157322264
333,107,100.0,107,0,96,11,0,0.0,0.9948088399098618,0.9880219286336624,0.7234518412716693,0.7363127913621457,0.28423159093237355,0.8723858967486807,5.5514018691588785,2.8554537426680326,0.35840746341625485,0.017092194804419678,0.027680082168682615,0.0,0.017092194804419678,0.0023829915852259455,0,0,0,11,0,0.9090909090909091,0.2897196261682243,0.24833249779893818,0.019037734225800632,0.8878226526929068,0.56474571494345,0.0,0.40600978336827387,0.015486579778896236
334,107,100.0,107,0,97,10,0,0.0,0.9923182692426453,0.9857748503707437,0.6658440866441622,0.737806396090805,0.2833138492040413,0.8089139879739932,5.5514018691588785,2.8554537426680326,0.35250775196117523,0.02989194185086102,0.034285557478483455,0.0,0.02989194185086102,-0.0006127071910113413,0,0,0,10,0,0.8,0.2897196261682243,0.23704537901416228,0.01610627974362908,0.9000279792602438,0.5631368236811235,0.0,0.4060097833682739,0.015495451521622738
335,107,100.0,107,0,98,9,0,0.0,0.999309136909627,0.9927252822085332,0.723344521581954,0.7394161247201744,0.2827689459535035,0.8057118350881347,5.5514018691588785,2.8554537426680326,0.356441423654662,0.02107561374617437,0.0314306475118186,0.0,0.02107561374617437,-0.0046506743113205,0,0,0,9,0,0.8888888888888888,0.27102803738317754,0.2459248054666488,0.014563781720122725,0.8946243542229885,0.5699515322207589,0.0,0.406009783368274,0.01555338838815471
336,107,100.0,107,0,96,11,0,0.0,0.9897300384484788,0.9831321432395862,0.7078483828642569,0.7407607461765668,0.2851471592492209,0.820291372457616,5.5514018691588785,2.8554537426680326,0.35719652131420543,0.03396065107668087,0.03175843713684819,0.0,0.03396065107668087,0.003031509761924284,0,0,0,11,0,0.8181818181818182,0.2803738317757009,0.24689108790243247,0.019572493936507143,0.8835487634960888,0.5726584395902202,0.0,0.3686233403214535,0.015524690417699607
337,106,99.06542056074767,107,1,96,10,0,0.009345794392523364,0.9912543285382862,0.9847115897302843,0.7035735865433602,0.7421076824891059,0.29206455274428333,0.857027029262527,5.5514018691588785,2.8554537426680326,0.3536740994420662,0.025892392454929095,0.029266314860494955,0.0,0.025892392454929095,0.0011268478052271617,0,1,0,10,0,0.8181818181818182,0.27102803738317754,0.24476511363356399,0.023080528959836127,0.9267760942494542,0.5776829282066817,0.009345794392523364,0.31236897274633124,0.015551542439822518
338,105,98.13084112149532,107,1,98,8,0,0.009345794392523364,1.0086220505497985,1.0002676542187632,0.7622183661819157,0.7438006167636169,0.29413429777825995,0.845089787814927,5.5514018691588785,2.8554537426680326,0.3590386809723163,0.004441450522561687,0.03213729325042022,0.0,0.004441450522561687,-0.0026062400158286658,0,1,0,8,0,1.0,0.2897196261682243,0.2544004347661832,0.02531816594339509,0.9331195019230564,0.5838064914144115,0.009345794392523364,0.27498252969951087,0.015662551527431297
339,105,98.13084112149532,107,0,100,7,0,0.0,1.004285488538178,0.996014447559251,0.7511165714147993,0.7453143196705283,0.300114627051872,0.8394326742556664,5.5514018691588785,2.8554537426680326,0.3584932578379123,0.018771591698492247,0.02935453361261486,0.0,0.018771591698492247,0.002660399938432201,0,0,0,7,0,0.8571428571428571,0.2803738317757009,0.2536603084785341,0.02866653803052299,0.9160812108218817,0.5803791562128406,0.0,0.31236897274633124,0.015662480260527332
340,105,98.13084112149532,107,0,97,10,0,0.0,1.0078797684450893,0.999802444029554,0.7583480323919805,0.746871331080718,0.3139947143090485,0.8507249301822853,5.5514018691588785,2.8554537426680326,0.35498701833661284,0.013047309844326649,0.032348742451183896,0.0,0.013047309844326649,0.001796982920335205,0,0,0,10,0,0.9,0.27102803738317754,0.2509734071659117,0.016682882966196168,0.9288462501705466,0.577099888490099,0.0,0.27498252969951087,0.015702681530354905
341,104,97.19626168224299,107,1,94,12,0,0.009345794392523364,1.0118795420637983,1.0051628031355002,0.7454137183830866,0.7484707302650765,0.31520695207285404,0.8413118325620004,5.5514018691588785,2.8554537426680326,0.35313294769084425,0.023803145277844665,0.029215619512145387,0.0,0.023803145277844665,0.001405194442774414,0,1,0,12,0,0.8461538461538461,0.24299065420560748,0.2466399295204643,0.015252119860153068,0.9284219870483087,0.574165107823686,0.009345794392523364,0.27498252969951087,0.015745515450383434
342,105,98.13084112149532,107,0,95,12,0,0.0,1.0035356948596053,0.9969033643289806,0.7065520086171546,0.7498713863269597,0.32535672883351746,0.8659113851219542,5.5514018691588785,2.8554537426680326,0.346624116058329,0.01044438513471921,0.032461073465637584,0.0,0.01044438513471921,-0.0016480912998929481,0,0,0,12,0,0.9166666666666666,0.27102803738317754,0.23855588217790025,0.011277468806084223,0.9360674611335197,0.5662134077197295,0.0,0.27498252969951087,0.015723793757332943
343,106,99.06542056074767,107,0,99,8,0,0.0,1.0091076602412299,1.0025302650641426,0.6997097017234595,0.751360586141013,0.3252837126942912,0.8738794589038,5.5514018691588785,2.8554537426680326,0.34585185072118385,0.015926188518098353,0.036605074843241214,0.0,0.015926188518098353,-0.0030207125920331465,0,0,0,8,0,0.875,0.27102803738317754,0.23668977382996662,0.017896480307231597,0.9460279291382108,0.5629805232871393,0.0,0.23759608665269044,0.015772915290154163
344,106,99.06542056074767,107,0,99,8,0,0.0,1.0073882656847455,1.0010507342921742,0.6719731510603236,0.7527734646897983,0.33548489531869585,0.8918672601690714,5.5514018691588785,2.8554537426680326,0.3435398427998466,0.016403243554392807,0.0351318132440407,0.0,0.016403243554392807,-0.0014114761049026023,0,0,1,7,0,0.875,0.2523364485981308,0.23136389786691192,0.0228735597590763,0.9334819406451443,0.5573074624112314,0.0,0.27498252969951087,0.015784490364072062
345,106,99.06542056074767,107,0,99,8,0,0.0,1.0006655989310476,0.9947268223673427,0.6062260525599691,0.7540015380413906,0.34653053149071755,0.8985960415127415,5.5514018691588785,2.8554537426680326,0.336735466741898,0.015866183408399705,0.035624680684168325,0.0,0.015866183408399705,0.000309292325890248,0,0,0,8,0,0.875,0.2523364485981308,0.2188598707650707,0.02453052353296475,0.9341934898991471,0.5475413921131579,0.0,0.23759608665269044,0.015768410563543948
346,107,100.0,107,0,98,9,0,0.0,1.0114115632211753,1.0054557299007894,0.6427269643066289,0.7554396315198709,0.33926869930475073,0.8936746204144793,5.5514018691588785,2.8554537426680326,0.33894866201739715,0.018344829893534916,0.027576787174896367,0.0,0.018344829893534916,0.0025640149951328345,0,0,1,8,0,0.8888888888888888,0.24299065420560748,0.22349924812466743,0.026862337557393715,0.9328430600045863,0.5509611569431794,0.0,0.23759608665269044,0.01584267243202175
347,107,100.0,107,0,100,7,0,0.0,1.0049668853355422,0.9988666052480097,0.6322173876087,0.7566861413790915,0.35444375435889164,0.8995629675166582,5.5514018691588785,2.8554537426680326,0.3375724033919807,0.024144857787703655,0.029583258193093768,0.0,0.024144857787703655,0.004918068270837517,0,0,0,7,0,0.8571428571428571,0.2523364485981308,0.22349580424521917,0.027478675586373465,0.9381086427943942,0.5485594633096227,0.0,0.23759608665269044,0.015828245798807504
348,107,100.0,107,0,102,5,0,0.0,0.9951616891370868,0.9892525524617676,0.6197114557138819,0.7576774378617988,0.3614025309383729,0.9362589308687482,5.5514018691588785,2.8554537426680326,0.3343706688660122,0.030876883892267476,0.03669412932557119,0.0,0.030876883892267476,-0.0016433185877638868,0,0,0,5,0,0.8,0.2523364485981308,0.22063561125340436,0.02148940978267882,0.9189712075479121,0.5470759658084848,0.0,0.27498252969951087,0.01579337282407343
349,107,100.0,107,0,102,5,0,0.0,1.0120683912681236,1.0061370628573658,0.6630376639881543,0.7590261318392074,0.3485445494050052,0.9232059408649981,5.5514018691588785,2.8554537426680326,0.3391967531915918,0.029286009817664382,0.03513788940468664,0.0,0.029286009817664382,0.0012289543532094938,0,0,0,5,0,0.8,0.24299065420560748,0.2271480797152798,0.022499955559249718,0.9259676544192222,0.5563863778984477,0.0,0.31236897274633124,0.01589716200105614
350,107,100.0,107,0,100,7,0,0.0,1.0263959613970803,1.0205706137853299,0.7079051794434602,0.7606660291800991,0.33303996556590093,0.9112510897750116,5.5514018691588785,2.8554537426680326,0.34383346142905036,0.02104944804686095,0.032813293501694464,0.0,0.02104944804686095,-0.003025675292821693,0,0,0,7,0,0.8571428571428571,0.2336448598130841,0.23351649574831823,0.012881853320387278,0.9329829622695229,0.5673616234239642,0.0,0.27498252969951087,0.015992213106699127
351,107,100.0,107,0,101,6,0,0.0,1.0160354065911419,1.0104001557721922,0.6546677604698834,0.7620267698318082,0.3402997789512632,0.9161653658425187,5.5514018691588785,2.8554537426680326,0.3427438038562569,0.016326059207594838,0.022884149407253144,0.0,0.016326059207594838,0.0026436698999115493,0,0,0,6,0,0.8333333333333334,0.2616822429906542,0.22700440028453583,0.01415282594778101,0.9171953850314604,0.5645178649946279,0.0,0.27498252969951087,0.015959837992603053
352,106,99.06542056074767,107,1,99,7,0,0.009345794392523364,1.024282270239331,1.017255005209055,0.7027877284694432,0.7635298862655105,0.35039915138086686,0.9222223475325089,5.5514018691588785,2.8554537426680326,0.33955311949189704,0.023545957577113218,0.03436633514792345,0.0,0.023545957577113218,-0.0005852707059598589,0,1,0,7,0,0.875,0.2523364485981308,0.2292794918577786,0.01384168501794814,0.9217744136636754,0.5572497091417175,0.009345794392523364,0.29385045422781275,0.016022532708075403
353,106,99.06542056074767,107,0,102,5,0,0.0,1.026387154853755,1.019761532010688,0.6686329744388956,0.7650226986174233,0.3566627725121677,0.9833516149019083,5.5514018691588785,2.8554537426680326,0.33432994269443705,0.001795109075539119,0.03272041406437841,0.0,0.001795109075539119,-0.004466840059136676,0,0,0,5,0,1.0,0.2616822429906542,0.22109549942859016,0.007199526393530431,0.9205101127174173,0.5515833368464254,0.0,0.28965758211041226,0.016054370414234374
354,106,99.06542056074767,107,0,103,4,0,0.0,1.0280291429852357,1.02118247337739,0.6163287379853206,0.7665053438619122,0.3575476848538022,0.9820208866302554,5.5514018691588785,2.8554537426680326,0.33218987642658004,0.0009056942471897167,0.028789835911191993,0.0,0.0009056942471897167,-0.004922675015446895,0,0,0,4,0,1.0,0.2523364485981308,0.21291064267609813,0.011422359704893952,0.9367154597067484,0.5486814383600591,0.0,0.29385045422781275,0.016083748479453902
355,106,99.06542056074767,107,0,102,5,0,0.0,1.0279986252674487,1.0213309916015385,0.5895457288099298,0.7679490455526283,0.361317386445204,0.9761566960523018,5.5514018691588785,2.8554537426680326,0.33132702123104907,0.001278988075279705,0.03792715812306925,0.0,0.001278988075279705,-0.010851693475251755,0,0,0,5,0,1.0,0.24299065420560748,0.20851812511585366,0.01157235870349783,0.9151949612115957,0.5509922650458088,0.0,0.32704402515723263,0.016104208007845226
356,106,99.06542056074767,107,0,100,7,0,0.0,1.032365415743802,1.0259318415771137,0.5937464005215776,0.7694566231236418,0.3475845709675691,0.9226091583344116,5.5514018691588785,2.8554537426680326,0.3348046352368568,0.0014471625231526532,0.029607371524658217,0.0,0.0014471625231526532,-0.0029960055453704193,0,0,0,7,0,1.0,0.24299065420560748,0.21060314016875883,0.005810927359543972,0.9493545455750769,0.5604872099271713,0.0,0.2522711390635919,0.016147566050314557
357,107,100.0,107,0,101,6,0,0.0,1.03009928315133,1.023576519925449,0.5692135036436551,0.7708673484182766,0.3564803727153444,0.9578379863878357,5.5514018691588785,2.8554537426680326,0.33118453569421313,0.0014255879414216213,0.03466034270893011,0.0,0.0014255879414216213,-0.0027010233686098895,0,0,0,6,0,1.0,0.21495327102803738,0.20476182625939673,0.008107433993051735,0.9136431186194887,0.5515922556512001,0.0,0.3644304682040531,0.016156376691464403
358,107,100.0,107,0,103,4,0,0.0,1.0364332686921638,1.0298388568374377,0.577925311173171,0.7723808456116726,0.339393356413507,0.9423619250345908,5.5514018691588785,2.8554537426680326,0.3351534921930137,0.002319642623050485,0.03220023141785205,0.0,0.002319642623050485,-0.003988009389239905,0,0,0,4,0,1.0,0.2523364485981308,0.20749524386757762,0.0007748921272812946,0.9391313282455289,0.5598429900093137,0.0,0.29385045422781275,0.01620965522529557
359,107,100.0,107,0,103,4,0,0.0,1.0363261235827959,1.02972099904291,0.5792085303222277,0.7738484332929707,0.341389928040668,0.9280074726221196,5.5514018691588785,2.8554537426680326,0.3360937427255666,0.0015306007723480289,0.03516682829151374,0.0,0.0015306007723480289,-0.006771452298507896,0,0,0,4,0,1.0,0.2523364485981308,0.20864268258302965,0.0045321398577557095,0.928646953226848,0.5597444590484423,0.0,0.3270440251572327,0.016230072643435012
360,107,100.0,107,0,102,5,0,0.0,1.0367902568648144,1.030296372210658,0.6106892109773684,0.7752872582986184,0.3379274492044807,0.9116812640591664,5.5514018691588785,2.8554537426680326,0.33968863219322,0.002638760860575908,0.02829496072758066,0.0,0.002638760860575908,-0.001563383638787319,0,0,0,5,0,1.0,0.2523364485981308,0.2160260609526795,-0.0013801904237654224,0.930103587027383,0.5699007085016987,0.0,0.3270440251572327,0.01625293580108221
361,107,100.0,107,0,102,5,0,0.0,1.037149940235186,1.0306150033774844,0.5939324114468904,0.7766922770142545,0.3331488168519866,0.9339448084597815,5.5514018691588785,2.8554537426680326,0.3394071471513176,0.0005350099857366422,0.0345330511897644,0.0,0.0005350099857366422,0.00013447319609578569,0,0,0,5,0,1.0,0.27102803738317754,0.21388483590967153,0.008877118499933107,0.943061027846175,0.5658594544590336,0.0,0.29385045422781275,0.016274794047684477
362,107,100.0,107,0,104,3,0,0.0,1.035289958680004,1.0286380253237681,0.5655874276888403,0.7780120147153287,0.3353189442778614,0.9545351664801117,5.5514018691588785,2.8554537426680326,0.3384424835704689,0.0011019242617058978,0.03185773582042999,0.0,0.0011019242617058978,0.007688359979688586,0,0,0,3,0,1.0,0.2616822429906542,0.2094476885296323,0.009294348996830477,0.9443810499850569,0.559368286258013,0.0,0.29385045422781275,0.01628433638969793
363,107,100.0,107,0,105,2,0,0.0,1.0409358075259338,1.034184419184497,0.5688303543740635,0.7794207676856876,0.3320068860083645,0.9576295481062307,5.5514018691588785,2.8554537426680326,0.33762821289295064,0.00042991705620712905,0.012747473549912739,0.0,0.00042991705620712905,0.021386962458857996,0,0,0,2,0,1.0,0.24299065420560748,0.20908491460721695,0.0106889856744192,0.9157445459838549,0.5560918947457906,0.0,0.3644304682040531,0.01633267877863611
364,107,100.0,107,0,103,4,0,0.0,1.0391423919729128,1.0326401452194456,0.5644329771582628,0.7807540175436437,0.3437486415587313,0.9635783937017041,5.5514018691588785,2.8554537426680326,0.33630775986987294,0.019381624761900574,0.033733405175349424,0.0,0.019381624761900574,0.008482263415787353,0,0,0,4,0,0.75,0.2523364485981308,0.2079373694642812,0.006247408037619819,0.9358673057020427,0.5541141206665349,0.0,0.29385045422781275,0.016342746867355065
365,107,100.0,107,0,103,4,0,0.0,1.0373613441850509,1.0310603906099247,0.5229107503559501,0.7820131097389339,0.34616497897126797,0.9760167290417538,5.5514018691588785,2.8554537426680326,0.33323193291043207,0.00019671346812741536,0.022674885485718686,0.0,0.00019671346812741536,0.012056838640831869,0,0,0,4,0,1.0,0.24299065420560748,0.1997800940700867,0.008463367906261144,0.9434285567172034,0.5464603158732589,0.0,0.2522711390635919,0.016351818026022785
366,107,100.0,107,0,104,3,0,0.0,1.0356303418710873,1.029467247053742,0.5205125740233667,0.7831998559571688,0.3463861198239718,0.9368258752683748,5.5514018691588785,2.8554537426680326,0.3327055443970326,0.0007209957496527386,0.029380729631195784,0.0,0.0007209957496527386,0.011840415528849521,0,0,0,3,0,1.0,0.24299065420560748,0.1995461553300642,0.005845805853143874,0.9605688617109231,0.5475024693241852,0.0,0.21488469601677146,0.016360106509105243
367,107,100.0,107,0,104,3,0,0.0,1.0346735064583015,1.028816852875931,0.5114504594724201,0.7843378578221855,0.3510894293311064,0.929920417816372,5.5514018691588785,2.8554537426680326,0.3305977262197386,1.167190756250451e-05,0.026315465504902383,0.0,1.167190756250451e-05,0.010647159100340272,0,0,0,3,0,1.0,0.24299065420560748,0.19634576436233123,-0.007118174132123308,0.9208801382512504,0.5466965805379714,0.0,0.21907756813417192,0.01637156989046444
368,107,100.0,107,0,104,3,0,0.0,1.0406094597798194,1.0343968890195723,0.5161097067151149,0.7855708328510804,0.35559522743037697,0.9538793018135611,5.5514018691588785,2.8554537426680326,0.32991780033241613,5.28745369461043e-06,0.030703969779156935,0.0,5.28745369461043e-06,0.007384318706329783,0,0,0,3,0,1.0,0.2523364485981308,0.1958837085158263,-0.003955292782952776,0.9449835711534705,0.5421721470692735,0.0,0.21907756813417192,0.016418853172876405
369,107,100.0,107,0,104,3,0,0.0,1.0500621104924932,1.043781318316562,0.5338069753164849,0.7869829752784379,0.35601939137091243,0.9676812926631826,5.5514018691588785,2.8554537426680326,0.3311834501461606,3.104216368279855e-06,0.03977310893422212,0.0,3.104216368279855e-06,-0.0018048481385304165,0,0,0,3,0,1.0,0.2336448598130841,0.19777483936078066,-0.014145433005453555,0.9501036137886392,0.5470626975959437,0.0,0.21907756813417192,0.01648627796333666
370,107,100.0,107,0,105,2,0,0.0,1.0483582066197217,1.0420846354330229,0.5062078461403253,0.7883160362360819,0.3556284044102094,0.9143091705345546,5.5514018691588785,2.8554537426680326,0.33111346206492365,2.6056901258431404e-06,0.012833828927044627,0.0,2.6056901258431404e-06,0.008802115512942951,0,0,0,2,0,1.0,0.2336448598130841,0.19361495782126412,-0.01647758549383613,0.9473211236226575,0.5439732574386054,0.0,0.21907756813417192,0.01649679091347635
371,107,100.0,107,0,105,2,0,0.0,1.0462935628917347,1.0401604352585074,0.47441583793990777,0.7895670765379995,0.36215694133687437,0.9141205968045544,5.5514018691588785,2.8554537426680326,0.32514687243045026,0.0004646545425811846,0.032904312359676294,0.0,0.0004646545425811846,-0.002697891409117803,0,0,0,2,0,1.0,0.24299065420560748,0.18519813228732793,-0.009034846518558895,0.9404012122200625,0.530351160134914,0.0,0.25646401118099227,0.016504329133398114
372,107,100.0,107,0,103,4,0,0.0,1.0485256810162944,1.0422796446192555,0.4914136909467631,0.7908308043971987,0.35273202612765975,0.8979709820944789,5.5514018691588785,2.8554537426680326,0.3284642202966457,0.00023951447628838934,0.03731798969480525,0.0,0.00023951447628838934,0.0026906539295041415,0,0,1,3,0,1.0,0.2803738317757009,0.18953658832996675,-0.001051379857371092,0.9392726559865684,0.533897035985881,0.0,0.2522711390635919,0.016533532306247233
373,107,100.0,107,0,104,3,0,0.0,1.0459554952819605,1.0399088569216752,0.4908850222728096,0.7920042896951123,0.3616094822700989,0.963004976308423,5.5514018691588785,2.8554537426680326,0.3276937661858268,0.029786862537958984,0.03350181002237029,0.0,0.029786862537958984,-7.294310391047405e-05,0,0,0,3,0,0.6666666666666666,0.27102803738317754,0.18954536775056474,9.614193368060378e-05,0.9551151265202956,0.532569177615826,0.0,0.1443046820405311,0.01653743554250503
374,107,100.0,107,0,104,3,0,0.0,1.0426327275192264,1.0367052392756482,0.45997371628719275,0.7930710844071874,0.36298815194712675,0.9839455188182111,5.5514018691588785,2.8554537426680326,0.32440326752775817,0.029932387228414282,0.02418075479504925,0.0,0.029932387228414282,0.002817735572244779,0,0,0,3,0,0.6666666666666666,0.2616822429906542,0.18287392381300713,0.006809299262179963,0.946759998191025,0.5238370189958362,0.0,0.21907756813417192,0.016536052618457628
375,107,100.0,107,0,103,4,0,0.0,1.0388528054331976,1.0331870468783357,0.4466518652704138,0.7940270490045434,0.37970769046597036,0.9768053503683978,5.5514018691588785,2.8554537426680326,0.3199489968878626,0.02143169227051266,0.034893788897819814,0.0,0.02143169227051266,0.0007958356895029634,0,0,0,4,0,0.75,0.27102803738317754,0.17835896056673373,-0.001415766451757892,0.946759998191025,0.5209218491893188,0.0,0.21907756813417192,0.01653080157146437
376,107,100.0,107,0,104,3,0,0.0,1.0422059171653606,1.0367274082290943,0.44556201523727207,0.795036591179581,0.37391811113185447,0.9578713534709861,5.5514018691588785,2.8554537426680326,0.31903538896275685,0.030684512133934968,0.027545813730936782,0.0,0.030684512133934968,0.001109243530670545,0,0,0,3,0,0.6666666666666666,0.2616822429906542,0.17706647065555528,-0.0010138829275393522,0.9459165364790102,0.5187156268170269,0.0,0.21907756813417192,0.01656198063503565
377,107,100.0,107,0,104,3,0,0.0,1.0487329524723596,1.0431623970137254,0.4786280515608246,0.7961643048472706,0.3588279026218276,0.9152704762402015,5.5514018691588785,2.8554537426680326,0.3266772093052024,0.0003158303993192451,0.03647350573631245,0.0,0.0003158303993192451,-0.005211834464914152,0,0,2,1,0,1.0,0.2897196261682243,0.18596996082381917,-0.002300132131382469,0.9313492814447757,0.5323243494692066,0.0,0.25646401118099227,0.016610716482635957
378,107,100.0,107,0,104,3,0,0.0,1.0579466092018082,1.0521641021450083,0.545846428284966,0.7974654487936896,0.34263544290716086,0.9175702354954126,5.5514018691588785,2.8554537426680326,0.3347762471282074,0.0003606108886630084,0.030319635469680962,0.0,0.0003606108886630084,0.001552667230178754,0,0,0,3,0,1.0,0.2803738317757009,0.19997775060757983,-0.004169264139075999,0.935284518432709,0.5493229524924123,0.0,0.2522711390635919,0.01667536154804096
379,107,100.0,107,0,105,2,0,0.0,1.0587916189074298,1.0525499888038856,0.5461529859659766,0.7987382542286277,0.3547471937513208,0.9321291984695345,5.5514018691588785,2.8554537426680326,0.337350966736204,3.35433131478906e-05,0.03236105973486054,0.0,3.35433131478906e-05,0.010086388667300883,0,0,0,2,0,1.0,0.2897196261682243,0.20180458456439285,0.006926346949499233,0.9419176268474045,0.5469675885630942,0.0,0.2522711390635919,0.01669775878178348
380,107,100.0,107,0,103,4,0,0.0,1.071135742141765,1.0651049884254973,0.5800020450942198,0.8002615170584069,0.3474442930727029,0.91526312078521,5.5514018691588785,2.8554537426680326,0.3406496581902627,0.0003296207626654177,0.03538490837672606,0.0,0.0003296207626654177,0.0023272252494745127,0,0,0,4,0,1.0,0.27102803738317754,0.2069560775366864,0.0032578825853955182,0.9380557110141646,0.5550705662541499,0.0,0.2522711390635919,0.016781227430696953
381,107,100.0,107,0,105,2,0,0.0,1.0622031927130762,1.0563020748497647,0.5807259873731336,0.8015401933225728,0.3557098934457594,0.924162260892238,5.5514018691588785,2.8554537426680326,0.34144041737751896,2.0011629882902776e-05,0.03260586717083079,0.0,2.0011629882902776e-05,0.013238645689600287,0,0,0,2,0,1.0,0.2616822429906542,0.2085091155684075,0.0053794318325149386,0.9443161594429959,0.5561582756819374,0.0,0.21907756813417192,0.016754820688174375
382,107,100.0,107,0,106,1,0,0.0,1.0582542281327905,1.0525757947538643,0.5706020988671667,0.8026972358139285,0.3691141510329146,0.9363127824636277,5.5514018691588785,2.8554537426680326,0.3369855728739388,9.169774435180585e-05,0.03001023427769554,0.0,9.169774435180585e-05,0.0054907353891083255,0,0,0,1,0,1.0,0.27102803738317754,0.20451105375347362,0.008062062394464725,0.9379087014632463,0.545818363717393,0.0,0.1816911250873515,0.016751595271834785
383,107,100.0,107,0,104,3,0,0.0,1.0559274053303749,1.050491036675996,0.5432388184587736,0.8037736160501123,0.3752979694076304,0.9281923787017811,5.5514018691588785,2.8554537426680326,0.33361527835035965,0.00013514358162023594,0.029211384559235314,0.0,0.00013514358162023594,0.007944221486853772,0,0,0,3,0,1.0,0.2616822429906542,0.19872832057512083,0.015258848363323807,0.9417290573873173,0.5374862496849583,0.0,0.1816911250873515,0.016755328927692433
384,107,100.0,107,0,103,4,0,0.0,1.0662205621854683,1.0602489233749124,0.5713821302284122,0.8050421662993162,0.3715915016035737,0.9130812993444688,5.5514018691588785,2.8554537426680326,0.3373149575089991,0.0017043625452089946,0.03538587961374351,0.0,0.0017043625452089946,-0.004857023564940666,0,0,0,4,0,1.0,0.2803738317757009,0.2037099171072486,0.00876716918102508,0.9396549491335371,0.5440192177954472,0.0,0.21907756813417192,0.01682490614475216
385,107,100.0,107,0,105,2,0,0.0,1.0631110158888528,1.0573662053399813,0.5323171188207279,0.8062086419389367,0.37311658796961,0.9250933959281705,5.5514018691588785,2.8554537426680326,0.33085455305371814,0.00017855978149613125,0.03502573403339353,0.0,0.00017855978149613125,-0.007606825989017019,0,0,0,2,0,1.0,0.2616822429906542,0.19474465586195674,0.015627773834974084,0.9244937993898752,0.5337142113536676,0.0,0.21907756813417192,0.016826012499423507
386,107,100.0,107,0,105,2,0,0.0,1.06918857857795,1.0632457860506106,0.544877491212185,0.8074761203722121,0.35897401813032903,0.9177778787496513,5.5514018691588785,2.8554537426680326,0.3349593662166208,0.08883310105089633,0.03692408987989537,0.0,0.08883310105089633,0.007237447475802988,0,0,0,2,0,0.5,0.2616822429906542,0.19847489740952626,0.01835954791724042,0.9268139715323731,0.539262554888529,0.0,0.21907756813417192,0.01687449644304923
387,107,100.0,107,0,105,2,0,0.0,1.075427213543339,1.069416519282944,0.5404696648202497,0.8088483684915531,0.3566312235367489,0.9101377632951513,5.5514018691588785,2.8554537426680326,0.3347788274299368,0.10198036117179433,0.03823136812131389,0.0,0.10198036117179433,0.008775222238703112,0,0,0,2,0,0.5,0.2523364485981308,0.1970130587672752,0.01968781154590038,0.935167506198373,0.5383569980054908,0.0,0.21907756813417192,0.01692528157301738
388,107,100.0,107,0,107,0,0,0.0,1.0715979220830716,1.0659628206990743,0.533486610877331,0.8101025376882329,0.3621276358478172,0.9214657707228158,5.5514018691588785,2.8554537426680326,0.3328724811693522,0.0,0.0,0.0,0.0,0.0,0,0,0,0,0,0.0,0.2803738317757009,0.19462608893324002,0.023708207992850915,0.9335656931783534,0.5355724817842972,0.0,0.25646401118099227,0.016924041226349038
389,107,100.0,107,0,106,1,0,0.0,1.0660560778481336,1.0604579199572277,0.5239939822239793,0.8111951427482361,0.36648813870319424,0.9181629466184899,5.5514018691588785,2.8554537426680326,0.3327746444540398,8.805967803120276e-05,0.03535510008357114,0.0,8.805967803120276e-05,0.0052714106716088005,0,0,0,1,0,1.0,0.2897196261682243,0.19377025652311713,0.022214183310291943,0.908360452904711,0.5347711701675876,0.0,0.25646401118099227,0.01691193142121357
390,107,100.0,107,0,105,2,0,0.0,1.0766212042284231,1.0712341490021626,0.5577810960557761,0.8125027171646265,0.3622046939879878,0.9054464065583807,5.5514018691588785,2.8554537426680326,0.335494486237746,0.00019988376068862514,0.03708294329302247,0.0,0.00019988376068862514,0.004397041879916491,0,0,0,2,0,1.0,0.2803738317757009,0.19925040110765901,0.013193851670478622,0.915334183524393,0.5441313723304918,0.0,0.25646401118099227,0.01698342564442051
391,107,100.0,107,0,106,1,0,0.0,1.0863128709409113,1.0809879155055497,0.5941405291809079,0.8139957658309437,0.34749359752373116,0.881455082632063,5.5514018691588785,2.8554537426680326,0.33930280709640837,3.4354824650137703e-05,0.03603513608969422,0.0,3.4354824650137703e-05,0.006331505251652214,0,0,0,1,0,1.0,0.29906542056074764,0.20527179073454094,0.012898429125707628,0.9207074953063383,0.5509711963358347,0.0,0.21907756813417192,0.017053200634994055
392,107,100.0,107,0,106,1,0,0.0,1.0857874039818776,1.0805447808685358,0.6015620620570522,0.8154360583795764,0.3470263958754428,0.8817498750113043,5.5514018691588785,2.8554537426680326,0.33797565539526553,3.7402632615751638e-06,0.03568075297924556,0.0,3.7402632615751638e-06,0.004353153922527442,0,0,0,1,0,1.0,0.2803738317757009,0.20565786648255285,0.014685849529568896,0.9242262171955813,0.5493661396018364,0.0,0.21907756813417192,0.017071136743941537
393,107,100.0,107,0,105,2,0,0.0,1.0776307789412047,1.0723971501730167,0.5441562751009034,0.8166491025802166,0.3651836787741522,0.9170132574626054,5.5514018691588785,2.8554537426680326,0.32863887259635405,2.5533230289163536e-05,0.04004553580694737,0.0,2.5533230289163536e-05,0.005049684596694581,0,0,0,2,0,1.0,0.2616822429906542,0.19304306879240585,0.020683749776331833,0.930782661678389,0.5320621856592559,0.0,0.25646401118099227,0.017047672576751872
394,107,100.0,107,0,105,2,0,0.0,1.0720265932410227,1.0668456234454127,0.5412923654318698,0.8177006918426547,0.36445385486903104,0.9371448348290563,5.5514018691588785,2.8554537426680326,0.3294675973563914,3.0938815171977094e-05,0.029621686342249393,0.0,3.0938815171977094e-05,0.009826186994110586,0,0,1,1,0,1.0,0.2616822429906542,0.19419187645633243,0.014510303585817853,0.9194312485419577,0.5349308588099723,0.0,0.29385045422781275,0.017034665470726854
395,107,100.0,107,0,106,1,0,0.0,1.0774257574357908,1.0719244044809682,0.5818019756144741,0.8188382712546703,0.3597198977475553,0.9956190050742652,5.5514018691588785,2.8554537426680326,0.33381642401285094,0.04089669910142537,0.03842451468583198,0.0,0.04089669910142537,-0.01916646511644554,0,0,0,1,0,1.0,0.24299065420560748,0.20214603693508268,0.020637488584462346,0.9344706209403911,0.5414522340631992,0.0,0.25646401118099227,0.017077902818648807
396,107,100.0,107,0,104,3,0,0.0,1.0812715727706963,1.0758332107861603,0.6016866009474715,0.8200326589375379,0.35200522421854497,0.9371598603674418,5.5514018691588785,2.8554537426680326,0.3360053144979931,0.012380011092747436,0.028888778272786835,0.0,0.012380011092747436,0.0024116390198499946,0,0,0,3,0,1.0,0.2616822429906542,0.20547299737857866,0.020877822049988917,0.9366306530171521,0.5450467295779342,0.0,0.21488469601677146,0.017114184489219537
397,106,99.06542056074767,107,1,104,2,0,0.009345794392523364,1.0864816994299007,1.0810096535078522,0.6138085802346108,0.8213126996924177,0.3455842445718826,0.9123504411434613,5.5514018691588785,2.8554537426680326,0.34024510030945865,0.01090254847624115,0.037207319187897846,0.0,0.01090254847624115,-0.008760679599751705,0,1,0,2,0,1.0,0.2897196261682243,0.2085743326794949,0.020220048572059175,0.9474030785792613,0.5530131058637021,0.009345794392523364,0.1774982529699511,0.017158510608337004
398,106,99.06542056074767,107,0,106,1,0,0.0,1.0937014106464567,1.0881999952611208,0.6179839967594887,0.8227189334639604,0.3352444499629173,0.8776525307662404,5.5514018691588785,2.8554537426680326,0.3428822985380946,3.530662777649817e-05,0.02858895129203255,0.0,3.530662777649817e-05,0.011645188927476957,0,0,0,1,0,1.0,0.29906542056074764,0.20985885474268845,0.02317861077281521,0.9414901432639512,0.5561808731859846,0.0,0.2522711390635919,0.017214686341849875
399,106,99.06542056074767,107,0,103,4,0,0.0,1.093607042443833,1.0881440206377722,0.5871917981590408,0.8240837342170609,0.3522635567732839,0.8437360149778336,5.5514018691588785,2.8554537426680326,0.3379067348563045,0.0008326882332055406,0.03506664479480545,0.0,0.0008326882332055406,0.00888796908928699,0,0,0,4,0,1.0,0.308411214953271,0.20218205187140384,0.02090224734198706,0.9319864876061545,0.5467864032066069,0.0,0.21907756813417192,0.017233700127928943
400,106,99.06542056074767,107,0,103,4,0,0.0,1.0920892174753727,1.0867959720961604,0.570389100447174,0.8253787693939497,0.3545761218547024,0.8728569708181583,5.5514018691588785,2.8554537426680326,0.336332579112234,0.0001073909415314341,0.03416656589461182,0.0,0.0001073909415314341,0.0037438431617242487,0,0,0,4,0,1.0,0.2897196261682243,0.19900436785002576,0.027709874906896557,0.9448832647840888,0.5397857285112323,0.0,0.21907756813417192,0.01724460056830031
401,106,99.06542056074767,107,0,105,2,0,0.0,1.0832234530327924,1.0780085554425147,0.5427524851331701,0.8264360889462347,0.36737036556933306,0.8943816791341868,5.5514018691588785,2.8554537426680326,0.3309094931808303,0.00014550837090333339,0.03642538182426179,0.0,0.00014550837090333339,-0.005703387634436979,0,0,0,2,0,1.0,0.2897196261682243,0.19291057861377015,0.032852906429196124,0.954234220954913,0.5311326542665049,0.0,0.2522711390635919,0.017215367381451248
402,107,100.0,107,0,105,2,0,0.0,1.0845304607709823,1.0794122162456372,0.5582456336161669,0.8274952819357416,0.3685723984662051,0.9089218794226405,5.5514018691588785,2.8554537426680326,0.33254210098336645,0.000719577657977461,0.026953201650883336,0.0,0.000719577657977461,0.015527808510920935,0,0,0,2,0,1.0,0.27102803738317754,0.19617464782600644,0.03284735949320834,0.9508668656095631,0.535204644882115,0.0,0.2522711390635919,0.017237024803072674
403,107,100.0,107,0,101,6,0,0.0,1.0987688754922231,1.0935979689947866,0.5822386068215137,0.8288482842456288,0.3508270700577317,0.8895374177614648,5.5514018691588785,2.8554537426680326,0.33480202642761525,0.0008017468830588218,0.03171231636172936,0.0,0.0008017468830588218,0.0036149537110080807,0,0,0,6,0,1.0,0.27102803738317754,0.19852025994815833,0.03126905352648937,0.9559539028109405,0.5403431474181538,0.0,0.17749825296995106,0.017327534054226906
404,107,100.0,107,0,103,4,0,0.0,1.1084876290619914,1.1032486074621461,0.6310965764421189,0.8303831078142658,0.33620192466821536,0.8464146337260721,5.5514018691588785,2.8554537426680326,0.34215348611920904,0.04526801415602362,0.03723028027693814,0.0,0.04526801415602362,0.009776272589616941,0,0,1,3,0,0.75,0.2897196261682243,0.20846657152548353,0.020871410141029147,0.9447530908655937,0.5569453710082587,0.0,0.17749825296995106,0.017398040910592747
405,107,100.0,107,0,103,4,0,0.0,1.1141823807265814,1.1085528930598043,0.6769739092885753,0.831995274343165,0.32092724049831695,0.8429288566328206,5.5514018691588785,2.8554537426680326,0.34768420353077145,0.0006660220364476816,0.019610684976888382,0.0,0.0006660220364476816,0.014635518546620065,0,0,0,4,0,1.0,0.2897196261682243,0.21699616837219113,0.011557542242490608,0.9562590180821624,0.5696295866564289,0.0,0.14011180992313066,0.017449532003659445
406,107,100.0,107,0,104,3,0,0.0,1.1013555073534085,1.095858555915405,0.6694210768921882,0.8332714214624993,0.3235257032251148,0.8357252301037525,5.5514018691588785,2.8554537426680326,0.34597236517749974,0.0006670881628179953,0.022695020838863628,0.0,0.0006670881628179953,0.013364993518449405,0,0,0,3,0,1.0,0.29906542056074764,0.21666373377081574,0.015499592364426629,0.9401419488292473,0.5699393930168063,0.0,0.17749825296995106,0.01740361753213407
407,107,100.0,107,0,103,4,0,0.0,1.1001099294846952,1.0946570390861552,0.6368215193676982,0.834483681785337,0.3339561005854019,0.9007004962907584,5.5514018691588785,2.8554537426680326,0.34101218459134874,0.046095654995501355,0.03454618581042298,0.0,0.046095654995501355,0.012523025117220943,0,0,0,4,0,0.75,0.29906542056074764,0.20937724207989838,0.021538833020335685,0.9541438993756604,0.5616234867866985,0.0,0.14011180992313066,0.017414697409170177
408,107,100.0,107,0,104,3,0,0.0,1.094764507587346,1.089672218567346,0.6228415936219712,0.8355474551801596,0.3401095178488693,0.858422909166219,5.5514018691588785,2.8554537426680326,0.3363360119818182,0.061200548829524117,0.03103280733256575,0.0,0.061200548829524117,0.014160756362764116,0,0,0,3,0,0.6666666666666666,0.2897196261682243,0.20573520184348262,0.013589901289448513,0.9547446838257289,0.5587342709221643,0.0,0.17749825296995106,0.017403158078291417
409,107,100.0,107,0,103,4,0,0.0,1.0926307065729404,1.0875129156525192,0.6301902827435907,0.8365315267010488,0.3367815676587861,0.9102618111761492,5.5514018691588785,2.8554537426680326,0.3375813545641677,0.0017731722679608368,0.023978066700919336,0.0,0.0017731722679608368,0.014445113957637193,0,0,0,4,0,1.0,0.2897196261682243,0.2075665184509216,0.015426389807790347,0.959823810640998,0.5587980766625082,0.0,0.17749825296995106,0.017406538926756268
410,107,100.0,107,0,101,6,0,0.0,1.0881585779693117,1.0831508686012583,0.6366127813707584,0.8373878535262383,0.3347600904009395,0.9296879581672812,5.5514018691588785,2.8554537426680326,0.3369337857597854,0.0013929048662151271,0.025084238540726833,0.0,0.0013929048662151271,0.017080200691553547,0,0,0,6,0,1.0,0.2803738317757009,0.20874862073704956,0.015437088381578364,0.9504027865226394,0.558876464994286,0.0,0.14011180992313066,0.017396404291927795
411,107,100.0,107,0,103,4,0,0.0,1.0972820137068966,1.0921387542136691,0.6447924156506463,0.8384250442679337,0.33490173945853524,0.9144825097654267,5.5514018691588785,2.8554537426680326,0.3381139770519157,0.0008361111450520132,0.026302092270307782,0.0,0.0008361111450520132,0.008901537938480794,0,0,0,4,0,1.0,0.29906542056074764,0.208947617899501,0.017566318581307853,0.9422707343238286,0.5583922958335338,0.0,0.17749825296995106,0.017456829721541896
412,107,100.0,107,0,103,4,0,0.0,1.103622321279812,1.0984058009463336,0.633924158487942,0.8395757806041628,0.3243088844431101,0.8739892460160599,5.5514018691588785,2.8554537426680326,0.33882713244068596,0.04863325437896956,0.024048781719050255,0.0,0.04863325437896956,0.011753439705578694,0,0,0,4,0,0.75,0.2803738317757009,0.20670133052092815,0.020704190848829376,0.9378493876720367,0.5579181921234341,0.0,0.2148846960167715,0.01750496063129702
413,107,100.0,107,0,103,4,0,0.0,1.1044208695068762,1.0992812937237741,0.616168256231736,0.840713657629635,0.33239018359373607,0.9052436301963539,5.5514018691588785,2.8554537426680326,0.33718774874679025,0.049007311238396745,0.02833567596251084,0.0,0.049007311238396745,0.006937801826929296,0,0,0,4,0,0.75,0.2897196261682243,0.20334779070318218,0.02086023623486136,0.9346253177549527,0.5550268301851468,0.0,0.1774982529699511,0.01752519914848774
414,107,100.0,107,0,103,4,0,0.0,1.0992257630920768,1.0945796796462237,0.6160745363039637,0.8417116411708817,0.332768165267313,0.8956604190649804,5.5514018691588785,2.8554537426680326,0.33698772715422476,0.05590364811038501,0.044685446744656465,0.0,0.05590364811038501,0.000524485703399663,0,0,0,4,0,0.75,0.2803738317757009,0.20403674735724206,0.015344168826395674,0.9320532900130909,0.5583499748085573,0.0,0.1401118099231307,0.017513472095603614
415,107,100.0,107,0,102,5,0,0.0,1.0974802211116266,1.0930033172447893,0.6176343051446903,0.842645117914397,0.34279880319830686,0.9377558178637038,5.5514018691588785,2.8554537426680326,0.3365814683652013,0.04847609226877286,0.029388984326689745,0.0,0.04847609226877286,0.003269568397693094,0,0,0,5,0,0.8,0.2897196261682243,0.20419173855254413,0.018545481104179685,0.9405901460243624,0.5574566091380151,0.0,0.14011180992313066,0.017518071884006184
416,106,99.06542056074767,107,1,100,6,0,0.009345794392523364,1.0877139113408654,1.0816018162858347,0.5676311099599411,0.8433424092586936,0.3579191242763053,0.9555026531466102,5.5514018691588785,2.8554537426680326,0.33165324527459883,0.040801875436612976,0.03730836288839907,0.0,0.040801875436612976,0.0069944968733165625,0,1,1,5,0,0.8571428571428571,0.32710280373831774,0.1951656244700918,0.018891788612861622,0.9573630569525478,0.5490955104667403,0.009345794392523364,0.19636617749825297,0.017479195751046388
417,106,99.06542056074767,107,0,101,6,0,0.0,1.0960125695727057,1.0898899841010228,0.6047949088203541,0.8441582003435908,0.355745277560668,0.9347989406955041,5.5514018691588785,2.8554537426680326,0.3348295682250175,0.006813092767840142,0.02848753537941033,0.0,0.006813092767840142,0.005469514518277408,0,0,1,5,0,1.0,0.29906542056074764,0.20117805481813747,0.01839565982495521,0.953844974086646,0.5565843490668703,0.0,0.19636617749825294,0.017532336310738614
418,106,99.06542056074767,107,0,100,7,0,0.0,1.0959856812375353,1.089956794513435,0.6134992246818253,0.8449522230837593,0.3531783580520048,0.9440568160877565,5.5514018691588785,2.8554537426680326,0.3377350507464143,0.007675968939058295,0.022016383436818148,0.0,0.007675968939058295,0.012976854047409636,0,0,0,7,0,1.0,0.29906542056074764,0.20397429362486816,0.013121798937521896,0.949781757417918,0.5645682633081603,0.0,0.23375262054507337,0.017543538345088653
419,105,98.13084112149532,107,1,101,5,0,0.009345794392523364,1.1056921338255201,1.0984208110238893,0.6448239312353066,0.8459379445211308,0.3539313131054406,0.9585708242312587,5.5514018691588785,2.8554537426680326,0.3417406355877526,0.04245693679587162,0.019827085171519276,0.0,0.04245693679587162,0.013945075326583156,0,1,0,5,0,0.8333333333333334,0.2803738317757009,0.21003634232431487,0.010709959400056175,0.9440302492416645,0.5743702158048067,0.009345794392523364,0.21523410202655485,0.017606144017866428
420,105,98.13084112149532,107,0,102,5,0,0.0,1.1135759039688309,1.1062684249137813,0.6537547704767621,0.8470537643381773,0.3467308889074563,0.9464985737949021,5.5514018691588785,2.8554537426680326,0.342123091065194,0.0015336428079624049,0.013914086444807178,0.0,0.0015336428079624049,0.019520588800045487,0,0,0,5,0,1.0,0.3177570093457944,0.21041949155076556,0.014527688943053294,0.9566280079629108,0.5739718311295724,0.0,0.17784765897973445,0.017661493727946623
421,106,99.06542056074767,107,0,101,6,0,0.0,1.1135607799595293,1.1061720848712768,0.681448481613283,0.8481355216802172,0.3471981776914978,0.9571743395583434,5.5514018691588785,2.8554537426680326,0.34439229023677376,0.0006645624594527992,0.01967774369084402,0.0,0.0006645624594527992,0.015263439494914322,0,0,2,4,0,1.0,0.308411214953271,0.2155462867509123,0.00890414523825652,0.9613840555825669,0.5793861509310112,0.0,0.17784765897973442,0.01767686264815505
422,106,99.06542056074767,107,0,100,7,0,0.0,1.1231472254615373,1.115686472978853,0.7102582631193393,0.8494037331027949,0.33700474546183834,0.9352947233935572,5.5514018691588785,2.8554537426680326,0.34764789258823914,0.028692307801723747,0.014500505523947525,0.0,0.028692307801723747,0.023187638332220033,0,0,1,6,0,0.8571428571428571,0.2897196261682243,0.21965003501972213,0.013311558257567637,0.9564903518879718,0.5815377641612912,0.0,0.21523410202655485,0.01774290147093056
423,106,99.06542056074767,107,0,99,8,0,0.0,1.1256179810028455,1.1182973564882595,0.6762564176049327,0.8506953733915504,0.35248697407870777,0.8947704287407081,5.5514018691588785,2.8554537426680326,0.343843169999658,0.02460769381428418,0.026040214620648663,0.0,0.02460769381428418,0.010786204271390567,0,0,1,7,0,0.875,0.3177570093457944,0.21216891825314954,0.008803927192494407,0.9546441474846039,0.5757645792789476,0.0,0.2526205450733753,0.01777369634412064
424,106,99.06542056074767,107,1,101,5,0,0.009345794392523364,1.1280871343222645,1.1204123387385718,0.6705112393964339,0.8519945411407669,0.36251014104804563,0.9140403464604577,5.5514018691588785,2.8554537426680326,0.3415073645001674,0.03155369699488026,0.024349641834529936,0.0,0.03155369699488026,0.015549012099015944,0,1,0,5,0,0.8333333333333334,0.3177570093457944,0.21021811367992926,0.014893666338216024,0.9587498820316753,0.5715950923998953,0.009345794392523364,0.2526205450733753,0.017804590677777003
425,106,99.06542056074767,107,0,104,3,0,0.0,1.1266223329023908,1.1194316454538216,0.6486018723995387,0.8532381133818127,0.3612037232557672,0.9305321598130547,5.5514018691588785,2.8554537426680326,0.33810298550450946,7.587120711873172e-05,0.02906660471237447,0.0,7.587120711873172e-05,0.008845776114285683,0,0,0,3,0,1.0,0.308411214953271,0.20528771838764828,0.024468942143797558,0.9433900259632106,0.5642038765386932,0.0,0.2526205450733753,0.017815021485727493
426,106,99.06542056074767,107,0,104,3,0,0.0,1.1198785364794008,1.1129218252556976,0.6122970801859752,0.8542974680691682,0.36855874938503697,0.9342359542340101,5.5514018691588785,2.8554537426680326,0.3346957633774552,7.947055971538616e-05,0.03053492571925978,0.0,7.947055971538616e-05,0.011297757376581083,0,0,0,3,0,1.0,0.29906542056074764,0.19895433512223787,0.02235540792628805,0.9399084921505598,0.5570548993835017,0.0,0.29000698812019565,0.017796427195146656
427,106,99.06542056074767,107,0,101,6,0,0.0,1.1168697880575336,1.1102064141389407,0.6157478392633206,0.8552645435267656,0.3705890645382577,0.9454326911780184,5.5514018691588785,2.8554537426680326,0.3340770458718847,0.00021109215526555404,0.029058354368017496,0.0,0.00021109215526555404,0.009032733465779643,0,0,0,6,0,1.0,0.29906542056074764,0.19929000383152184,0.016779456405414745,0.9396401801747464,0.558358313188502,0.0,0.2526205450733753,0.017795190649211513
428,106,99.06542056074767,107,0,102,5,0,0.0,1.1176897384292164,1.1109002438142876,0.6379896176223647,0.8562198541803606,0.37134678850637326,1.0015635477045008,5.5514018691588785,2.8554537426680326,0.335816278712304,0.0005321534751294497,0.03482005337990595,0.0,0.0005321534751294497,0.005970120587650096,0,0,0,5,0,1.0,0.3364485981308411,0.20284801377182812,0.01692532007087156,0.9463992518016706,0.5606428382417644,0.0,0.2526205450733753,0.017812929627976024
429,107,100.0,107,0,103,4,0,0.0,1.113163459790611,1.1062781679661544,0.6326154909461945,0.8570423013899079,0.3740516837052611,1.007269503372081,5.5514018691588785,2.8554537426680326,0.33662118571866584,0.00020794399207900186,0.03631496285246445,0.0,0.00020794399207900186,0.003991816118838587,0,0,0,4,0,1.0,0.32710280373831774,0.20301544760370416,0.015671591841839395,0.9396620738744043,0.5633454934970101,0.0,0.2526205450733753,0.01780204053459624
430,107,100.0,107,0,100,7,0,0.0,1.1217806275343198,1.114687007826781,0.685421294815159,0.8580333524258409,0.35661427186170036,0.9963811271490084,5.5514018691588785,2.8554537426680326,0.34089270118636583,6.213374732597508e-05,0.02862547207418475,0.0,6.213374732597508e-05,0.0028508095499624425,0,0,1,6,0,1.0,0.32710280373831774,0.21171808774855344,0.009013448504565938,0.9530499730963686,0.5747997352422287,0.0,0.21523410202655485,0.017859275875263432
431,107,100.0,107,0,102,5,0,0.0,1.1226373383760468,1.1156890078398751,0.646542423411581,0.8590189937753768,0.3696009567831515,1.0109757419468757,5.5514018691588785,2.8554537426680326,0.337183298568549,0.00033757957930451404,0.032368302717130114,0.0,0.00033757957930451404,0.008457330012120134,0,0,0,5,0,1.0,0.308411214953271,0.2043062250593966,0.013171592111823754,0.9545773534808182,0.5676867448807127,0.0,0.2526205450733753,0.01787763169587437
432,107,100.0,107,0,100,7,0,0.0,1.1232859167957756,1.1163720647262467,0.6360543929395394,0.8599920940908493,0.3662444788086022,1.0199436034852223,5.5514018691588785,2.8554537426680326,0.33496268816899466,0.0002546013952210012,0.03250965737744536,0.0,0.0002546013952210012,0.006200173148138263,0,0,0,7,0,1.0,0.3177570093457944,0.20154334093344095,0.010248117254106012,0.9561072323897682,0.56593424734888,0.0,0.17784765897973445,0.017894767802662054
433,107,100.0,107,0,102,5,0,0.0,1.1183963424276269,1.1118837099651044,0.5912082528851497,0.8608348776617348,0.38362701474279925,1.0369293855788053,5.5514018691588785,2.8554537426680326,0.3269002667348877,0.00023301948805247094,0.03913108618576523,0.0,0.00023301948805247094,-0.0004793857259796086,0,0,0,5,0,1.0,0.3177570093457944,0.19103411885049604,0.012689245113965995,0.9467565893881162,0.5507643742042276,0.0,0.2526205450733753,0.017882352578330027
434,107,100.0,107,0,103,4,0,0.0,1.113152304450754,1.1066003245698652,0.5867237549156331,0.8615329042367964,0.3761593997637998,1.0252108994911626,5.5514018691588785,2.8554537426680326,0.32909765810921043,0.0008128755179290328,0.03218374001948516,0.0,0.0008128755179290328,0.004673234629423179,0,0,0,4,0,1.0,0.32710280373831774,0.19262025925814102,0.01916126900896513,0.9494367989720935,0.5493460709375731,0.0,0.2526205450733753,0.017866098301426873
435,107,100.0,107,0,102,5,0,0.0,1.121515912178843,1.1150072473919814,0.594706198457078,0.8624030436197895,0.37051925499034666,1.0163799662047517,5.5514018691588785,2.8554537426680326,0.3300216816310455,0.001110308709689152,0.03311946718731262,0.0,0.001110308709689152,0.008228096276064223,0,0,0,5,0,1.0,0.32710280373831774,0.19338538864342833,0.027346325857908305,0.9410227847733302,0.5483777482417049,0.0,0.2526205450733753,0.017920339553856367
436,107,100.0,107,0,102,5,0,0.0,1.1185461631574038,1.111996846055062,0.5882257177694461,0.8631795680810891,0.3740324006445777,1.0144624772676099,5.5514018691588785,2.8554537426680326,0.3299311361657036,0.0010828762307226476,0.03285467576786057,0.0,0.0010828762307226476,0.013083778050105032,0,0,0,5,0,1.0,0.29906542056074764,0.1928668302590825,0.032347163443636244,0.9379176680713721,0.5464341304595487,0.0,0.29000698812019565,0.01791657745714563
437,107,100.0,107,0,103,4,0,0.0,1.127755398575878,1.1210790815927394,0.6433164895209407,0.8641413904732584,0.3605542960172753,1.0015529274933863,5.5514018691588785,2.8554537426680326,0.3369413965981767,0.0008801664336591708,0.027968136758063644,0.0,0.0008801664336591708,0.012473998825188862,0,0,1,3,0,1.0,0.32710280373831774,0.2034273627950114,0.03997778983661609,0.9416495905272652,0.5566870889607589,0.0,0.21523410202655485,0.01797635583098551
438,107,100.0,107,0,103,4,0,0.0,1.1283201787836372,1.1216405198243617,0.6137899053889302,0.8650885737591312,0.36060653894777106,0.9989120523114238,5.5514018691588785,2.8554537426680326,0.3314952066049517,0.0003122813795017835,0.036691617488513954,0.0,0.0003122813795017835,-0.00042210780793702773,0,0,0,4,0,1.0,0.308411214953271,0.1955955267050577,0.029897784018732717,0.9468614947452735,0.5483333567561385,0.0,0.21523410202655485,0.017992702922317493
439,107,100.0,107,0,103,4,0,0.0,1.1415981858126227,1.1349091303732435,0.6499649148219016,0.8663118138936315,0.35227372097111453,0.9884998208001062,5.5514018691588785,2.8554537426680326,0.33417113032612833,0.0005095607380885608,0.028906546367716616,0.0,0.0005095607380885608,0.004905260846858675,0,0,0,4,0,1.0,0.32710280373831774,0.20039367227317784,0.029979916417944362,0.9496482667136932,0.5551811285347656,0.0,0.21523410202655482,0.018076557485563624
440,107,100.0,107,0,103,4,0,0.0,1.1375870341961252,1.1312707335262955,0.6139997261391972,0.8674170107807783,0.3604980060897215,1.0005355411323427,5.5514018691588785,2.8554537426680326,0.328245366214007,0.0010723851102210488,0.031707797859748775,0.0,0.0010723851102210488,0.01021730391657201,0,0,0,4,0,1.0,0.32710280373831774,0.19226851001045236,0.04077887476525311,0.9445215831570508,0.5416462009564205,0.0,0.2526205450733753,0.01807228092042008
441,107,100.0,107,0,104,3,0,0.0,1.1374989362039831,1.1311907274703128,0.6029384793991085,0.8684888216533112,0.36214785060205273,1.0144084378499796,5.5514018691588785,2.8554537426680326,0.3262893818132402,0.00042510452853502666,0.03241684448269658,0.0,0.00042510452853502666,0.005026836513007726,0,0,1,2,0,1.0,0.308411214953271,0.18981432908281476,0.04055877850971025,0.9398574777920011,0.536701755785322,0.0,0.2526205450733753,0.018087142962296403
442,107,100.0,107,0,105,2,0,0.0,1.129759487737325,1.1234933894299444,0.5689972014432524,0.8693541923204424,0.37717739608519885,1.0324703237411497,5.5514018691588785,2.8554537426680326,0.3243460100892557,0.0017185966360685886,0.03090498371349442,0.0,0.0017185966360685886,0.013099800000589495,0,0,0,2,0,1.0,0.308411214953271,0.18518854091461454,0.04098216439352289,0.9468395730034964,0.5324742364081682,0.0,0.24772886093640814,0.018060800849514384
443,107,100.0,107,0,103,4,0,0.0,1.1301141416053944,1.12400405048734,0.5722488641886886,0.8702065180806918,0.38691997230362524,1.0429037541769461,5.5514018691588785,2.8554537426680326,0.32394178980039623,0.02196542296299682,0.03302350357394711,0.0,0.02196542296299682,0.007566507123555707,0,0,0,4,0,0.75,0.308411214953271,0.18519944672926705,0.0367196824223494,0.9438621796989676,0.5329089886806194,0.0,0.24772886093640814,0.018074743002765115
444,107,100.0,107,0,104,3,0,0.0,1.1161819143664102,1.1100323911082943,0.5495254400184224,0.8707153426565989,0.392291128834314,1.044804794934922,5.5514018691588785,2.8554537426680326,0.32275956770327574,0.00011830001392866775,0.028579506428985036,0.0,0.00011830001392866775,0.012066222649047406,0,0,0,3,0,1.0,0.3177570093457944,0.18284301749758483,0.024179547865463252,0.9439755612038985,0.5342540634214538,0.0,0.21523410202655482,0.01801234649176837
445,107,100.0,107,0,104,3,0,0.0,1.1194882188746935,1.113115514392477,0.5781965656426015,0.8712800677094771,0.3817507738927763,1.0551372161379702,5.5514018691588785,2.8554537426680326,0.3249883150853832,8.852924231460425e-05,0.03690508898107114,0.0,8.852924231460425e-05,0.013600794049485646,0,0,0,3,0,1.0,0.3364485981308411,0.1877926006048212,0.024095483076874,0.9043058833361959,0.5397553265872779,0.0,0.21523410202655488,0.018036940745638885
446,107,100.0,107,0,105,2,0,0.0,1.1234537754045437,1.1169683031628406,0.5743608836400905,0.8719166789806093,0.3788508565363237,1.0497941617182798,5.5514018691588785,2.8554537426680326,0.32709076877067966,1.6932603356067392e-05,0.034255923211406816,0.0,1.6932603356067392e-05,0.01195351340778425,0,0,0,2,0,1.0,0.32710280373831774,0.1881517399489533,0.025765001638182832,0.9219521060475688,0.541339263973444,0.0,0.2526205450733753,0.018065857598472033
447,107,100.0,107,0,104,3,0,0.0,1.1367332064202063,1.1299910274943339,0.6209036256632662,0.8728325984068308,0.3707812693404246,1.0487688141559033,5.5514018691588785,2.8554537426680326,0.3302162657462584,0.00010597165198360994,0.031186271956396668,0.0,0.00010597165198360994,0.014322086187854263,0,0,0,3,0,1.0,0.29906542056074764,0.19436825344035122,0.024737247609041606,0.9364707799479832,0.5472135608697427,0.0,0.21523410202655482,0.018145331581318275
448,107,100.0,107,0,105,2,0,0.0,1.1229362898477049,1.115984384715249,0.5896452932765669,0.8734024016131501,0.37665302401523953,1.0386440680825755,5.5514018691588785,2.8554537426680326,0.3270127080434426,0.0002152134760168463,0.036503966358476476,0.0,0.0002152134760168463,0.007698542652355866,0,0,0,2,0,1.0,0.3177570093457944,0.19048868803261618,0.02429089196589085,0.9465451197566616,0.540321275489848,0.0,0.24772886093640814,0.018084482231946114
449,107,100.0,107,0,105,2,0,0.0,1.126128286871651,1.119173036084867,0.6089813055752225,0.8740287747243883,0.3723737047817059,1.0355188595924834,5.5514018691588785,2.8554537426680326,0.3295808230086934,0.0015166513883775388,0.035064549995807034,0.0,0.0015166513883775388,0.01468908379837186,0,0,1,1,0,1.0,0.3177570093457944,0.1945282213578763,0.024180496527398503,0.9456081252844328,0.5440790076256605,0.0,0.21523410202655485,0.018109385114289802
450,106,99.06542056074767,107,1,104,2,0,0.009345794392523364,1.1358160497390826,1.1278444481982854,0.6414542064446642,0.8748512928403286,0.3670745164759551,1.024746672823055,5.5514018691588785,2.8554537426680326,0.33326385625892385,0.027795544674944894,0.03374841054690148,0.0,0.027795544674944894,-0.002217909478127907,0,1,0,2,0,0.6666666666666666,0.2897196261682243,0.20008515597937976,0.020940463007826125,0.9452035674340047,0.5530531718573566,0.009345794392523364,0.21523410202655485,0.01816956724078983
451,106,99.06542056074767,107,0,105,2,0,0.0,1.1469992898814532,1.1385405196093747,0.7044994736509587,0.8758787171593222,0.3470275814319498,1.0015304144302526,5.5514018691588785,2.8554537426680326,0.34037799710483174,0.00018015523602405177,0.031039259032826817,0.0,0.00018015523602405177,-0.004308358242725879,0,0,0,2,0,1.0,0.29906542056074764,0.2103420212950752,0.01566006224793211,0.9417566168203808,0.5671171119250238,0.0,0.29000698812019565,0.018240152254586577
452,106,99.06542056074767,107,0,104,3,0,0.0,1.1521052923765556,1.1437066637197746,0.6967742283607943,0.8769948173364275,0.3467613566409607,0.9963262037615881,5.5514018691588785,2.8554537426680326,0.34122054977541305,0.0008685394639749103,0.030610360809229718,0.0,0.0008685394639749103,-0.0001503835883009582,0,0,0,3,0,1.0,0.29906542056074764,0.20896856501502956,0.019170341588037182,0.9333877901526781,0.5694163395675848,0.0,0.29000698812019565,0.018281617129201625
453,106,99.06542056074767,107,0,101,6,0,0.0,1.1547969930995288,1.1462114698062218,0.7309708485231196,0.8781362666525675,0.34689172402528634,1.004525468961191,5.5514018691588785,2.8554537426680326,0.3423401292139747,0.0002789000780759401,0.03425185679227167,0.0,0.0002789000780759401,0.008189289128470703,0,0,0,6,0,1.0,0.29906542056074764,0.21376728385168506,0.014160062779839654,0.9396899652391739,0.5716858471880457,0.0,0.29000698812019565,0.01831137241142568
454,106,99.06542056074767,107,0,103,4,0,0.0,1.1571704958224311,1.1485166143862764,0.7369805576900058,0.8792977802812371,0.34485148191723036,1.0144234763620459,5.5514018691588785,2.8554537426680326,0.3453668720357519,0.00011330958742495674,0.036900861963291516,0.0,0.00011330958742495674,-0.0010878929735970155,0,0,0,4,0,1.0,0.308411214953271,0.21640902224748906,0.032572048865652334,0.9340789028273817,0.5729843299865444,0.0,0.3273934311670161,0.018339823167230915
455,107,100.0,107,0,104,3,0,0.0,1.1651876748403165,1.156188364726129,0.7707569309634281,0.8806013780512912,0.3382731749731775,0.9905054748496999,5.5514018691588785,2.8554537426680326,0.34970011133637735,0.0006015271542544998,0.02934318868466576,0.0,0.0006015271542544998,0.014937772300922211,0,0,0,3,0,1.0,0.308411214953271,0.2223764115580477,0.0378128943128798,0.9289834139015495,0.577563899363307,0.0,0.29000698812019565,0.01839852087797752
456,107,100.0,107,0,102,5,0,0.0,1.1700445652865903,1.1612091961244455,0.7743213980084461,0.881982446204492,0.33293859803156167,0.987240311058227,5.5514018691588785,2.8554537426680326,0.34872086644865496,0.0009966836498042368,0.032102023557892476,0.0,0.0009966836498042368,0.009195363726959038,0,0,0,5,0,1.0,0.2897196261682243,0.22163520963710884,0.033586747888775206,0.9214076845670247,0.5765529376599077,0.0,0.32739343116701614,0.01844252321134357
457,107,100.0,107,0,103,4,0,0.0,1.1815437811088811,1.172488379031352,0.836573666590019,0.8835817360757896,0.32337478583124857,0.9810528132147662,5.5514018691588785,2.8554537426680326,0.3526167729948211,0.00012143509708396472,0.0252816359663001,0.0,0.00012143509708396472,0.009209919721505505,0,0,1,3,0,1.0,0.308411214953271,0.22976175776976468,0.028302553256908777,0.9295975612723361,0.5875260901389131,0.0,0.2526205450733753,0.018522852781698063
458,107,100.0,107,0,102,5,0,0.0,1.1836446101639324,1.1742867152473788,0.8550473256781252,0.8851764394916302,0.32876958656258515,0.9987895384397031,5.5514018691588785,2.8554537426680326,0.35390351074716664,0.0006655630001389996,0.030133194515707905,0.0,0.0006655630001389996,0.009226806509606045,0,0,1,4,0,1.0,0.308411214953271,0.23266946575555725,0.031004139718797907,0.92050067046454,0.5910148210737675,0.0,0.29000698812019565,0.018556124936159355
459,107,100.0,107,0,102,5,0,0.0,1.1813164626906065,1.1722097121003414,0.833682194901637,0.8866781605978207,0.3448792884356758,1.0143752985167298,5.5514018691588785,2.8554537426680326,0.3510341163395425,0.0005620077529996643,0.03191525281560159,0.0,0.0005620077529996643,0.0033499082790200752,0,0,0,5,0,1.0,0.308411214953271,0.2286746888161849,0.02379858419665214,0.9202934859964922,0.587676222817223,0.0,0.30398322851153037,0.018565924674558303
460,107,100.0,107,0,101,6,0,0.0,1.1869701649276798,1.177902642992752,0.8407891018883388,0.8882670479590679,0.338826608556227,1.001230445440265,5.5514018691588785,2.8554537426680326,0.3535115170702585,0.0008066690469032423,0.031014248258992516,0.0,0.0008066690469032423,0.004102925995589091,0,0,1,5,0,1.0,0.29906542056074764,0.23007059710810976,0.02275677015102796,0.9180207838037556,0.5937325519340423,0.0,0.30398322851153037,0.018616878157555423
461,107,100.0,107,0,100,7,0,0.0,1.1977847740908554,1.1880375136415513,0.8882598748505112,0.8900420826112961,0.32963522902969605,0.9916758393427616,5.5514018691588785,2.8554537426680326,0.358000366252206,0.0007220268146859657,0.033531261886988004,0.0,0.0007220268146859657,0.00288858464776701,0,0,0,7,0,1.0,0.2897196261682243,0.23696520793617554,0.025839602027254768,0.9083274455280221,0.60027566017471,0.0,0.34136967155835085,0.018696293850076658
462,107,100.0,107,0,100,7,0,0.0,1.196817847757153,1.1868931186635976,0.9116191066086597,0.8917402898347306,0.33325809877327195,1.0161233104036513,5.5514018691588785,2.8554537426680326,0.35850114776362574,0.0012606351072921604,0.03565745213030661,0.0,0.0012606351072921604,0.0050856477948085,0,0,0,7,0,1.0,0.29906542056074764,0.240290644636323,0.02541833680711046,0.9101910487203285,0.6053372546764153,0.0,0.29000698812019565,0.018715704979268055
463,107,100.0,107,0,101,6,0,0.0,1.1852683895396934,1.175862762134371,0.8508392789461663,0.8931380321537705,0.34137306487379726,1.0019437371511641,5.5514018691588785,2.8554537426680326,0.35668620145554586,0.0013522657397761018,0.03329608234165172,0.0,0.0013522657397761018,0.006184489071001452,0,0,1,5,0,1.0,0.34579439252336447,0.23376186845871635,0.03153118593530587,0.9308268184751471,0.6015191126311851,0.0,0.26659678546471,0.018677913630861697
464,107,100.0,107,0,99,8,0,0.0,1.1845420451133075,1.1755907665085825,0.8703388669063622,0.8944896492200274,0.3373033457945688,0.9960923226654377,5.5514018691588785,2.8554537426680326,0.36020935808316024,0.0007877307171560374,0.03256196406974443,0.0,0.0007877307171560374,0.00629394120266958,0,0,0,8,0,1.0,0.308411214953271,0.2382097135242294,0.033257051367585784,0.9194003725418769,0.6047756971601416,0.0,0.30398322851153037,0.01869357930878225
465,107,100.0,107,0,100,7,0,0.0,1.1974945065783775,1.1881780194894267,0.8946164441262517,0.8960902100352518,0.32869988057472016,0.9888161876994701,5.5514018691588785,2.8554537426680326,0.36342640510538815,0.0005320832042902768,0.03053002008507934,0.0,0.0005320832042902768,0.0011295758585459187,0,0,1,6,0,1.0,0.32710280373831774,0.24120368644553683,0.03421830683613613,0.9380011420912122,0.6102075605232662,0.0,0.29000698812019565,0.018781193252958604
466,107,100.0,107,0,101,6,0,0.0,1.1823710473699118,1.1730602002725847,0.8565077632417548,0.8972997217090645,0.3374867247287387,0.9839118322446931,5.5514018691588785,2.8554537426680326,0.36349127315360863,0.0005659998406690195,0.03666879712219712,0.0,0.0005659998406690195,8.600224011863962e-05,0,0,0,6,0,1.0,0.3177570093457944,0.23994911164701685,0.039109136866349134,0.9448250581983508,0.6095228738251546,0.0,0.26659678546471,0.018722844480095223
467,107,100.0,107,0,101,6,0,0.0,1.1858034417625085,1.176321796753024,0.8783016954352482,0.8985492030395363,0.33868210207046034,0.986980553048319,5.5514018691588785,2.8554537426680326,0.3631593965492097,0.00013513591360871463,0.036009747979815064,0.0,0.00013513591360871463,0.004686158242974516,0,0,0,6,0,1.0,0.3364485981308411,0.2415917985222459,0.03122177390813671,0.936125870776939,0.6097971677516696,0.0,0.3039832285115304,0.018757845632765655
468,107,100.0,107,0,102,5,0,0.0,1.1758587221595282,1.1666778739328432,0.8059043056303046,0.8995427038045064,0.3534773717558349,1.0045654875814949,5.5514018691588785,2.8554537426680326,0.3587854320354149,6.64772129678425e-05,0.03042561855229802,0.0,6.64772129678425e-05,0.00671935121101469,0,0,0,5,0,1.0,0.3364485981308411,0.23145932189067334,0.030382450818573346,0.9273114687611612,0.601491423204945,0.0,0.3039832285115304,0.018722306512139138
469,107,100.0,107,0,101,6,0,0.0,1.183054798215273,1.1741202286061752,0.8240379274459547,0.9006778460107494,0.34360014549290085,1.004572287372624,5.5514018691588785,2.8554537426680326,0.35912886379017794,4.0378070366833724e-05,0.03167079364798685,0.0,4.0378070366833724e-05,0.0008448960771902289,0,0,0,6,0,1.0,0.3177570093457944,0.23216093958743728,0.021249722260990762,0.9457231755224684,0.6045764267644251,0.0,0.26659678546471,0.01877449362272425
470,107,100.0,107,0,102,5,0,0.0,1.171190644370759,1.162675839155925,0.7953524323830056,0.9015191433588735,0.3616848897319776,1.0155775860454452,5.5514018691588785,2.8554537426680326,0.3562240280924258,0.00014986172171359386,0.03070978029240699,0.0,0.00014986172171359386,0.00489463817132485,0,0,0,5,0,1.0,0.32710280373831774,0.22838931788939038,0.016269111374570617,0.9519458490825622,0.5981106000785701,0.0,0.26659678546471,0.018727184281808668
471,107,100.0,107,0,100,7,0,0.0,1.1781964994082885,1.1693747612946848,0.8161556556941947,0.9024894455487271,0.35778859969695803,0.9564132959127837,5.5514018691588785,2.8554537426680326,0.35837437867631605,0.0002906049391663551,0.032634790830888646,0.0,0.0002906049391663551,-0.0006865873648059398,0,0,0,7,0,1.0,0.3364485981308411,0.23128389645810565,0.024652940157753225,0.9549982853123171,0.5981816847028846,0.0,0.2526205450733753,0.018776066822093995
472,106,99.06542056074767,107,1,100,6,0,0.009345794392523364,1.1691934481654904,1.1616239226398377,0.7848878566082705,0.9032323801522176,0.3660067222240228,1.0337813595603866,5.5514018691588785,2.8554537426680326,0.3570599771096912,0.0003644551507582399,0.036169688410442005,0.0,0.0003644551507582399,0.0027539292895537343,0,1,0,6,0,1.0,0.35514018691588783,0.22827391302703098,0.03672875301771238,0.9503718882434332,0.5866075862761932,0.009345794392523364,0.23375262054507337,0.01874165864285048
473,105,98.13084112149532,107,1,100,6,0,0.009345794392523364,1.1768450220746163,1.169362297182481,0.8347520451654202,0.9041468006614901,0.3586895489689847,1.0233713784628746,5.5514018691588785,2.8554537426680326,0.35962730125727305,0.023229328818649617,0.03154709411914518,0.0,0.023229328818649617,0.001918143786545435,1,0,0,6,0,0.8571428571428571,0.34579439252336447,0.23422732977625896,0.03384728678336957,0.9372299376438926,0.5931367091901611,0.009345794392523364,0.2851153039832285,0.01879297193972398
474,105,98.13084112149532,107,0,100,7,0,0.0,1.1799238522541597,1.1721500416119701,0.8205963601616447,0.9051054687891037,0.35488905913118235,1.0216771856032585,5.5514018691588785,2.8554537426680326,0.3567451431307087,0.0019827393955920733,0.017638896026872904,0.0,0.0019827393955920733,0.018458075655463164,0,0,0,7,0,1.0,0.3364485981308411,0.23051202201478177,0.03645794088579803,0.9396194858477835,0.5865646967915696,0.0,0.24772886093640809,0.01882205325308655
475,105,98.13084112149532,107,0,100,7,0,0.0,1.1682288364489228,1.1600703146539915,0.7618484460418163,0.9057608177793667,0.36785350454667437,1.0260711738678037,5.5514018691588785,2.8554537426680326,0.3516318755211605,0.0011021182793393384,0.025339591733346017,0.0,0.0011021182793393384,0.0066205020657559965,0,0,0,7,0,1.0,0.3364485981308411,0.22169179498179295,0.027482446037784148,0.9367061505626594,0.5773341908737699,0.0,0.2851153039832285,0.018772934767695367
476,105,98.13084112149532,107,0,101,6,0,0.0,1.1725791987810492,1.1643669820972422,0.7942434320953691,0.9064956050634143,0.3689401215859169,1.0291834379338574,5.5514018691588785,2.8554537426680326,0.3531345967910844,0.000916228859078385,0.030091165599240036,0.0,0.000916228859078385,0.0031017957797966067,0,0,0,6,0,1.0,0.3364485981308411,0.22582116586844136,0.02234315830291457,0.9242526508594519,0.5811755115654049,0.0,0.2851153039832285,0.018805177334857495
477,106,99.06542056074767,107,0,101,6,0,0.0,1.1785933302912492,1.1699511009984,0.834968987498779,0.9073369723821856,0.36521637088905085,0.9801040328433825,5.5514018691588785,2.8554537426680326,0.3547441867780019,0.001333527625411314,0.02284384999705262,0.0,0.001333527625411314,0.007494312197255197,0,0,1,5,0,1.0,0.34579439252336447,0.229934557665093,0.012702831278029975,0.9397859963916808,0.5833491227722154,0.0,0.2851153039832285,0.018847260419705213
478,107,100.0,107,0,101,6,0,0.0,1.1793411259393867,1.1702967015263348,0.8262808891778713,0.9081622096169311,0.3579431471264966,0.9642516279283602,5.5514018691588785,2.8554537426680326,0.35449396303265535,0.0032105607775092444,0.018287868369472406,0.0,0.0032105607775092444,0.012570436363111693,0,0,0,6,0,1.0,0.32710280373831774,0.22911072913456995,0.01384262303575617,0.922296695465897,0.5828609924738201,0.0,0.2851153039832285,0.018862781531698618
479,107,100.0,107,0,103,4,0,0.0,1.190984298314467,1.1815920606149164,0.871454850011645,0.9092219095872452,0.34655038075706196,0.9418014889723385,5.5514018691588785,2.8554537426680326,0.3591466605987066,0.0019742929461723014,0.01552951089088476,0.0,0.0019742929461723014,0.0021569296231248383,0,0,0,4,0,1.0,0.3364485981308411,0.23514942604454436,0.011119288818850895,0.9155022567867204,0.5884032327740305,0.0,0.2851153039832285,0.01893612701480571
480,107,100.0,107,0,103,4,0,0.0,1.188495570494125,1.1794127058520842,0.8453299445630655,0.910201565941383,0.3476861133034098,0.9335344008731101,5.5514018691588785,2.8554537426680326,0.35805679024153125,0.005335851483039766,0.010248206641943777,0.0,0.005335851483039766,0.008906486260014813,0,0,0,4,0,1.0,0.3177570093457944,0.23218620507729834,0.00688973499166788,0.9153547786115447,0.5890425537644451,0.0,0.2851153039832285,0.018937670192718758
481,107,100.0,107,0,102,5,0,0.0,1.2012029961944586,1.192446333673181,0.8871635673476617,0.9114509840322298,0.3242608976624685,0.900480430823253,5.5514018691588785,2.8554537426680326,0.3631626944770472,0.004666470111648219,0.013472935428909944,0.0,0.004666470111648219,0.00643237190495177,0,0,0,5,0,1.0,0.29906542056074764,0.23852254587655608,0.0017902495990202527,0.9401353426053903,0.6028945990340757,0.0,0.2851153039832285,0.019019045599038754
482,107,100.0,107,0,102,5,0,0.0,1.2089890524506686,1.2001394040716578,0.8645783918630937,0.9128404632207352,0.31954084581675607,0.9014579840395057,5.5514018691588785,2.8554537426680326,0.36012190462676186,0.004356273243971498,0.009477691327779172,0.0,0.004356273243971498,0.012683873621939262,0,0,0,5,0,1.0,0.308411214953271,0.23284451982571086,0.004055398602824333,0.9241704946073057,0.5947280079894169,0.0,0.2477288609364081,0.01907781384806569
483,107,100.0,107,0,103,4,0,0.0,1.213403358322494,1.2043770977538892,0.8629668565580813,0.9142870707800306,0.31503932021212766,0.8938445291551174,5.5514018691588785,2.8554537426680326,0.3607504675530917,0.005486629936041813,0.016093113866937275,0.0,0.005486629936041813,0.0059873479067412,0,0,1,3,0,1.0,0.3177570093457944,0.23341656912101583,0.004766197365072929,0.927282957991531,0.5968921677734754,0.0,0.2477288609364081,0.019120538982271625
484,107,100.0,107,0,102,5,0,0.0,1.1991288351854483,1.1906992120154978,0.8072610498904819,0.9153799185694445,0.3253694487856179,0.8430309977462834,5.5514018691588785,2.8554537426680326,0.35776146865307856,0.004501351537285656,0.012562889593942242,0.0,0.004501351537285656,0.008624709396440406,0,0,1,4,0,1.0,0.3177570093457944,0.22709379819242023,0.008102671366293305,0.940953647167885,0.5908730944469106,0.0,0.2477288609364081,0.019064769248138637
485,107,100.0,107,0,101,6,0,0.0,1.2090887135123052,1.200484018179116,0.822771721169777,0.9166650810868033,0.32296049162393725,0.8212785080219429,5.5514018691588785,2.8554537426680326,0.35866691562743713,0.004671589136792079,0.009164690237670798,0.0,0.004671589136792079,0.012366439440635984,0,0,0,6,0,1.0,0.308411214953271,0.22792288446388784,0.012328790165419167,0.9347937271793014,0.5906705144380451,0.0,0.2477288609364081,0.01913291725037357
486,106,99.06542056074767,107,1,100,6,0,0.009345794392523364,1.2068595307470833,1.2003549073962547,0.8021471406465166,0.9178575230096999,0.32352204659475203,0.8576833639568341,5.5514018691588785,2.8554537426680326,0.35887389119797475,0.01622483793502614,0.020096246197837852,0.0,0.01622483793502614,0.012428991710345496,0,1,0,6,0,0.8571428571428571,0.3364485981308411,0.22625269774559054,0.012154125220305229,0.944987197889414,0.5901671134622235,0.009345794392523364,0.2662473794549266,0.019138796150305705
487,106,99.06542056074767,107,0,102,5,0,0.0,1.198187052061649,1.191432316944076,0.7943023876543338,0.9188651649649884,0.3363515313431787,0.889925770668786,5.5514018691588785,2.8554537426680326,0.35646848110736995,0.006056714792375012,0.015430774686574195,0.0,0.006056714792375012,0.010179837052340952,0,0,0,5,0,1.0,0.308411214953271,0.2252394480242377,0.013446934860615498,0.9390761484334046,0.586551295248432,0.0,0.1914744933612858,0.019109820131841024
488,106,99.06542056074767,107,0,102,5,0,0.0,1.1993624003003636,1.193040380242934,0.7959532900083466,0.9198807681732731,0.32550944583783376,0.8044284818349913,5.5514018691588785,2.8554537426680326,0.358350257783975,0.003007316253444596,0.020101089597517108,0.0,0.003007316253444596,-0.0014777886785355022,0,0,1,4,0,1.0,0.29906542056074764,0.22705607150294246,0.004489963070753109,0.9333553490408977,0.5948117759867536,0.0,0.19636617749825297,0.019130196912945405
489,106,99.06542056074767,107,0,102,5,0,0.0,1.2011159009465369,1.1950687306894046,0.7761779469584049,0.9209137061887265,0.32065987117147077,0.8023829653059481,5.5514018691588785,2.8554537426680326,0.3581419093167988,0.008862322529455818,0.015942710078764594,0.0,0.008862322529455818,0.01701068424399844,0,0,0,5,0,1.0,0.3177570093457944,0.22512518769159973,0.011308829946515312,0.9331545265551766,0.592256027621778,0.0,0.2288609364081062,0.019153711949787124
490,106,99.06542056074767,107,0,101,6,0,0.0,1.179574740600038,1.173665506705371,0.7133703864239754,0.9214282218087154,0.3411844742383556,0.8123577255737846,5.5514018691588785,2.8554537426680326,0.3521519127872712,0.014480587461896685,0.011543193847465626,0.0,0.014480587461896685,0.017731252087717492,0,0,0,6,0,1.0,0.3177570093457944,0.21666000405929461,0.015856875824373395,0.9472014406780452,0.578294845354672,0.0,0.2662473794549266,0.019053352025818426
491,107,100.0,107,0,101,6,0,0.0,1.1941047553999937,1.1880160261196262,0.7438856463224246,0.9222558636281422,0.33065376524926243,0.8107880076520524,5.5514018691588785,2.8554537426680326,0.3565290166227586,0.007851271075753402,0.016479801792050285,0.0,0.007851271075753402,0.013077023467653897,0,0,0,6,0,1.0,0.3364485981308411,0.22137560680622698,0.01719121877073723,0.9475319068949332,0.5879278606032797,0.0,0.2662473794549266,0.019137818564472556
492,107,100.0,107,0,100,7,0,0.0,1.1987177558634112,1.1928546680471315,0.748118870719661,0.9231704046638707,0.3297975047127113,0.8230442160577087,5.5514018691588785,2.8554537426680326,0.3557253115989816,0.010453774607740024,0.01641117436401833,0.0,0.010453774607740024,0.01554100924987402,0,0,0,7,0,1.0,0.3177570093457944,0.22106964863912928,0.025303718441378933,0.9415099822155035,0.5844128100226926,0.0,0.30363382250174703,0.019173940714906114
493,107,100.0,107,0,101,6,0,0.0,1.1899202555073756,1.184357170566483,0.7156149226875888,0.923864717715491,0.3355156459711092,0.8402599127055955,5.5514018691588785,2.8554537426680326,0.3522390393509285,0.016364419868236054,0.01096760416312255,0.0,0.016364419868236054,0.026659257672203226,0,0,0,6,0,0.8333333333333334,0.3364485981308411,0.21583969409949177,0.02413572564410859,0.9558652063186283,0.5779024473452339,0.0,0.26624737945492666,0.019139866107135098
494,106,99.06542056074767,107,1,103,3,0,0.009345794392523364,1.198974098674322,1.192904410573607,0.733122016696984,0.9247430426383793,0.3213934723939628,0.8109818073166131,5.5514018691588785,2.8554537426680326,0.35521928721899876,0.020682222348632238,0.011904086170688749,0.0,0.020682222348632238,0.018175738113058233,0,1,0,3,0,0.75,0.32710280373831774,0.21895029418942238,0.03064941260779937,0.9423262997192295,0.5814679427415083,0.009345794392523364,0.2851153039832285,0.019197675403911534
495,106,99.06542056074767,107,0,105,2,0,0.0,1.2057874213662372,1.1994834411268533,0.7506118304358138,0.9257379886671714,0.31710790166162595,0.8176321373302549,5.5514018691588785,2.8554537426680326,0.35728709803167535,0.0037866414367581105,0.0100240572629431,0.0,0.0037866414367581105,0.024411487005467136,0,0,0,2,0,1.0,0.34579439252336447,0.22119034830918022,0.02267300360257826,0.942698332458224,0.5872792451688338,0.0,0.28511530398322854,0.019245947129179444
496,106,99.06542056074767,107,0,105,2,0,0.0,1.214449914996651,1.208384563977462,0.7643890407806101,0.9269078584288087,0.3157459310068328,0.8895596537652867,5.5514018691588785,2.8554537426680326,0.35563191989570453,0.0006828180056805779,0.016577740636809293,0.0,0.0006828180056805779,0.002567671915768486,0,0,0,2,0,1.0,0.34579439252336447,0.2199930114057616,0.017423080817889524,0.9340639965952348,0.5838802340445669,0.0,0.3225017470300489,0.01930596214227802
497,106,99.06542056074767,107,0,104,3,0,0.0,1.2307732091087045,1.225035983934825,0.8070309642180941,0.9284247019760569,0.29915351643694793,0.8747975776163682,5.5514018691588785,2.8554537426680326,0.3594445497567371,0.003748237244583183,0.01920885025353628,0.0,0.003748237244583183,0.006334590707406604,0,0,0,3,0,1.0,0.308411214953271,0.22480869947488807,0.008338905589494308,0.9397023191813038,0.5924195008062864,0.0,0.28511530398322854,0.019409234995758445
498,106,99.06542056074767,107,0,103,4,0,0.0,1.2346631526364347,1.2291032635036299,0.8118553285729119,0.9299911441868025,0.2901038067099237,0.8624889612508613,5.5514018691588785,2.8554537426680326,0.36084725881014523,0.003407874880477489,0.012460937207158067,0.0,0.003407874880477489,0.015308242755549227,0,0,0,4,0,1.0,0.32710280373831774,0.22616289104052173,0.018390241051517743,0.946091838794684,0.5940219682271299,0.0,0.28511530398322854,0.01945104922976383
499,107,100.0,107,0,102,5,0,0.0,1.236715967641139,1.2311257080308942,0.7848772523159843,0.9315590573391723,0.29449872746447353,0.861134614540633,5.5514018691588785,2.8554537426680326,0.35824017204947034,0.031502921619561905,0.021648819253219515,0.0,0.031502921619561905,0.013646751773377245,0,0,0,5,0,0.8,0.308411214953271,0.22147781569922897,0.02955858608889069,0.946091838794684,0.5874648853009964,0.0,0.28511530398322854,0.019483698822182916
500,107,100.0,107,0,101,6,0,0.0,1.2288463011450919,1.223034081556717,0.7563579186184939,0.9328973573359515,0.3082281671874132,0.8372880628365906,5.5514018691588785,2.8554537426680326,0.35357677992221204,0.030893198909539236,0.01621281901931736,0.0,0.030893198909539236,0.013295613406886952,0,0,0,6,0,0.8333333333333334,0.308411214953271,0.2166426228787215,0.03544582414147787,0.937934580033679,0.5769763470537234,0.0,0.3225017470300489,0.019463457758375758
501,107,100.0,107,0,101,6,0,0.0,1.2333086089152652,1.2273590661710971,0.7612984197060614,0.934296241143417,0.3089715138353114,0.857910813041237,5.5514018691588785,2.8554537426680326,0.3537130204328227,0.011539861969318992,0.014298870360285543,0.0,0.011539861969318992,0.013116929015833681,0,0,1,5,0,0.8333333333333334,0.27102803738317754,0.21708590224969238,0.04263790065154205,0.9336233001914319,0.5767491048337443,0.0,0.3225017470300489,0.01950574153724455
502,107,100.0,107,0,100,7,0,0.0,1.2311148215894083,1.2250933258714738,0.7616797159623675,0.9356034227378993,0.310360131467076,0.8722012062819661,5.5514018691588785,2.8554537426680326,0.35460287768378973,0.006962314787519277,0.021040328290555157,0.0,0.006962314787519277,0.012774800970559696,0,0,0,7,0,1.0,0.2803738317757009,0.217636647517073,0.03981510247093071,0.937934580033679,0.576933825762971,0.0,0.3225017470300489,0.019513435583496823
503,107,100.0,107,0,99,8,0,0.0,1.2340380805657174,1.2281023480936555,0.7733156670478084,0.936942015356747,0.3081414719003224,0.8711952820375066,5.5514018691588785,2.8554537426680326,0.35548775004855404,0.006247993718154424,0.023653166125707992,0.0,0.006247993718154424,0.008318277164460031,0,0,0,8,0,1.0,0.2897196261682243,0.21904471813235277,0.03833056154023806,0.9287717061190017,0.5800615054156925,0.0,0.3225017470300489,0.019547163324895353
504,107,100.0,107,0,99,8,0,0.0,1.2369683989396774,1.2313494785717962,0.7649038191781182,0.938316561329575,0.3105714119882427,0.879866096649762,5.5514018691588785,2.8554537426680326,0.35437524937673825,0.035193532590196905,0.020745048221923905,0.0,0.035193532590196905,0.007431601947998447,0,0,0,8,0,0.75,0.2897196261682243,0.21673865435282094,0.035466344291718244,0.9313622115749919,0.5784588050123639,0.0,0.3225017470300489,0.019581439678978053
505,107,100.0,107,0,100,7,0,0.0,1.23592795744865,1.2303023716556134,0.7513006651082679,0.9396279380550745,0.3190508495446932,0.8815117759236837,5.5514018691588785,2.8554537426680326,0.35372559066860454,0.006781785479598083,0.030884651837880337,0.0,0.006781785479598083,0.004604898763909157,0,0,0,7,0,1.0,0.32710280373831774,0.21529932605971988,0.04757186683091123,0.9192335628276995,0.5736823552394816,0.0,0.3225017470300489,0.019594960349417295
506,107,100.0,107,0,101,6,0,0.0,1.2392855074387306,1.2338121622493825,0.735816736697207,0.9409820453822811,0.32662584469082695,0.8946965880342789,5.5514018691588785,2.8554537426680326,0.35095716798857124,0.005166974190548031,0.02081602800832467,0.0,0.005166974190548031,0.008907523197630057,0,0,0,6,0,1.0,0.29906542056074764,0.21187785754030958,0.0559165698125632,0.9188632059308024,0.5664498630580165,0.0,0.35988819007686934,0.01963108105354493
507,107,100.0,107,0,101,6,0,0.0,1.2595161183827202,1.2538159757052143,0.7690421837727879,0.942754446513134,0.31959261055804117,0.8803789664956188,5.5514018691588785,2.8554537426680326,0.3530068959623598,0.031238626275967244,0.027144667485012347,0.0,0.031238626275967244,0.010975015428078957,0,0,0,6,0,0.8333333333333334,0.3177570093457944,0.2138356265193973,0.05399752218818682,0.9235442803614439,0.5695609083733206,0.0,0.35988819007686934,0.019757539155477892
508,107,100.0,107,0,99,8,0,0.0,1.2663875990756253,1.2607789455020808,0.802911148286108,0.9446352970548934,0.3178593186627209,0.8871440079386638,5.5514018691588785,2.8554537426680326,0.35471722233783676,0.0035727992561342525,0.01737565954903444,0.0,0.0035727992561342525,0.014513441123064578,0,0,1,7,0,1.0,0.29906542056074764,0.21813638753430617,0.06110915016945569,0.9347616997314672,0.5692189165771608,0.0,0.3225017470300489,0.01981874996753675
509,107,100.0,107,0,100,7,0,0.0,1.2688402818674724,1.2631336415072336,0.8354738418623013,0.9465162305836301,0.30528069352092413,0.8746388439943704,5.5514018691588785,2.8554537426680326,0.3587513863102103,0.00443689800404679,0.01569499011677745,0.0,0.00443689800404679,0.015059250582534729,0,0,0,7,0,1.0,0.308411214953271,0.22428026609763918,0.06556044181274956,0.9325782407446452,0.5758419445495251,0.0,0.32739343116701614,0.01985786797491769
510,107,100.0,107,0,99,8,0,0.0,1.2754849544698272,1.2697596970048064,0.8518612517051362,0.9484948180852805,0.3018983001099031,0.8700650436179667,5.5514018691588785,2.8554537426680326,0.3608048464594764,0.0036005129595420263,0.02513704338148296,0.0,0.0036005129595420263,0.011012669834259583,0,0,0,8,0,1.0,0.32710280373831774,0.2268259692313074,0.06756924848538307,0.9219696616467359,0.5768011243753708,0.0,0.32739343116701614,0.019919340163363383
511,106,99.06542056074767,107,1,100,6,0,0.009345794392523364,1.27389164300147,1.263962701830111,0.8634969890114514,0.9503758447667923,0.30826279130174794,0.9154187888992366,5.5514018691588785,2.8554537426680326,0.3648361016829469,0.04267292117470425,0.02435155553476453,0.0,0.04267292117470425,0.01488689905605666,0,1,0,6,0,0.8571428571428571,0.3364485981308411,0.23158573715948869,0.07138770040874191,0.9259611573117229,0.5818186395433579,0.009345794392523364,0.346261355695318,0.019938229529410503
512,106,99.06542056074767,107,0,100,7,0,0.0,1.2649924939286805,1.2553267309137808,0.7636820480894254,0.951914521434458,0.3501983910287268,0.9601824470483088,5.5514018691588785,2.8554537426680326,0.3519604504627307,0.024054421853305658,0.02260027454577135,0.0,0.024054421853305658,0.014719981582942274,0,0,0,7,0,0.8571428571428571,0.308411214953271,0.21302573792250779,0.07856926996410428,0.927389204304876,0.5568152133040108,0.0,0.346261355695318,0.019915701884293764
513,106,99.06542056074767,107,0,102,5,0,0.0,1.2743294276424941,1.26447993306934,0.7831353429458465,0.953618354264449,0.3418238202478609,0.9510206559676905,5.5514018691588785,2.8554537426680326,0.3530977989668369,0.0384717376848228,0.020691348399164016,0.0,0.0384717376848228,0.01755328212344387,0,0,0,5,0,0.8,0.308411214953271,0.21486678938821085,0.07817098272453922,0.9286285150271114,0.559218762910213,0.0,0.346261355695318,0.019986712632019225
514,106,99.06542056074767,107,0,99,8,0,0.0,1.2732780181518426,1.2635060458537897,0.7787288742827024,0.9552512878169706,0.35299246310434296,0.9644726839460422,5.5514018691588785,2.8554537426680326,0.3505304631270336,0.014326891147940932,0.03731262262289042,0.0,0.014326891147940932,0.004726919266960878,0,0,2,6,0,0.875,0.308411214953271,0.21264838115416446,0.07609495194285604,0.9383118664624406,0.5564856006794762,0.0,0.3088749126484976,0.020004769415686345
515,105,98.13084112149532,107,1,99,7,0,0.009345794392523364,1.281171179076369,1.2686475014947887,0.8118679613743731,0.957018564821895,0.3395286039839932,0.9555071875333242,5.5514018691588785,2.8554537426680326,0.35367437185748973,0.015526433357965101,0.030387106342272846,0.0,0.015526433357965101,0.007193793832690426,0,1,0,7,0,0.875,0.308411214953271,0.217601173131432,0.08159152900701035,0.9271008472140521,0.5618402766700485,0.009345794392523364,0.34626135569531796,0.020069467108999192
516,106,99.06542056074767,107,0,101,6,0,0.0,1.2845615897649252,1.2717071182907613,0.8413279868906711,0.9587417491986677,0.3351294330412115,0.9498600944038357,5.5514018691588785,2.8554537426680326,0.35761849767877174,0.0031603479116001283,0.019696677440448552,0.0,0.0031603479116001283,0.01396169462826753,0,0,1,5,0,1.0,0.29906542056074764,0.2230781132159789,0.08188937395551144,0.945160299481415,0.5684918406140178,0.0,0.3088749126484976,0.020111021528831787
517,106,99.06542056074767,107,0,100,7,0,0.0,1.2802598546694752,1.2675584887516864,0.830019162526494,0.9603209590847066,0.3420917697793662,0.9527810779455996,5.5514018691588785,2.8554537426680326,0.3558514691465007,0.012624960533749124,0.02666694361561831,0.0,0.012624960533749124,0.009674051717994197,0,0,0,7,0,0.8571428571428571,0.2803738317757009,0.22125680276603535,0.08602728615105318,0.9497749886586113,0.5631711104659333,0.0,0.27148846960167716,0.02011205965725228
518,106,99.06542056074767,107,0,100,7,0,0.0,1.2676387347913047,1.2552987514139842,0.7823224429712271,0.9615750184600291,0.36496598475079645,0.9843737899719116,5.5514018691588785,2.8554537426680326,0.3515037869904081,0.0025016772690839356,0.0244930668504135,0.0,0.0025016772690839356,0.011978896893809318,0,0,1,6,0,1.0,0.27102803738317754,0.21453819782198974,0.08202768515224844,0.9459991656767581,0.5563200098434395,0.0,0.3088749126484976,0.020066858600545388
519,106,99.06542056074767,107,0,99,8,0,0.0,1.2683291882326162,1.2556640665429617,0.7827090054527244,0.9628016138736024,0.3674364379544386,0.9881400742765639,5.5514018691588785,2.8554537426680326,0.35205356246429353,0.001612762524272812,0.029263845642721616,0.0,0.001612762524272812,0.008430629553326529,0,0,1,7,0,1.0,0.2803738317757009,0.21516374710634842,0.08354902491601175,0.9378480303893877,0.5546087941044923,0.0,0.3088749126484976,0.02008782330007408
520,107,100.0,107,0,101,6,0,0.0,1.2643779140045541,1.2516881685553585,0.7540359085159455,0.9639023604802179,0.3829801322311636,1.0198239371038522,5.5514018691588785,2.8554537426680326,0.34746062329406446,0.0020416158185597995,0.023137811005635642,0.0,0.0020416158185597995,0.015831889221355606,0,0,0,6,0,1.0,0.2803738317757009,0.2092785246805978,0.08126054886971672,0.9427052699958276,0.5472345802293108,0.0,0.2480782669461915,0.02008378258402172
521,107,100.0,107,0,103,4,0,0.0,1.274279990492722,1.2616440452366495,0.7884735058690332,0.9651991041393065,0.37345950227225677,1.0095465068876663,5.5514018691588785,2.8554537426680326,0.350569117513557,0.0032976006491208182,0.019412800213508163,0.0,0.0032976006491208182,0.01829403199390474,0,0,0,4,0,1.0,0.2897196261682243,0.21397422665660198,0.0760005346165015,0.9328229935483114,0.5545162994172499,0.0,0.27148846960167716,0.020151806924135686
522,107,100.0,107,0,100,7,0,0.0,1.2739186782844893,1.2616550049199098,0.7622353623070167,0.9664590702419978,0.36615305825418965,0.9796680390306637,5.5514018691588785,2.8554537426680326,0.3506699921532035,0.01235827173708171,0.029866931009821785,0.0,0.01235827173708171,0.004285932960643129,0,0,0,7,0,0.8571428571428571,0.2803738317757009,0.2102696827380625,0.07366806602677105,0.9380732203337578,0.5548683003962089,0.0,0.27148846960167716,0.020167989237712347
523,107,100.0,107,0,103,4,0,0.0,1.2596807538710457,1.2477295851234356,0.6999862496900358,0.9673649514588447,0.39260524861497287,1.0079263303654975,5.5514018691588785,2.8554537426680326,0.34402412591261666,0.0038302269915442993,0.02524676821487297,0.0,0.0038302269915442993,0.007565468415232132,0,0,0,4,0,1.0,0.2523364485981308,0.20091218468144706,0.08390826399799015,0.9477970031972497,0.5405152787502465,0.0,0.27148846960167716,0.02010973312520042
524,107,100.0,107,0,103,4,0,0.0,1.2581583791050146,1.2470368484182628,0.7032299122332349,0.9682291410356414,0.40490446149686593,1.022578415329411,5.5514018691588785,2.8554537426680326,0.3430060288948895,0.0028797847830212666,0.03060968848215868,0.0,0.0028797847830212666,0.006415780803659652,0,0,0,4,0,1.0,0.24299065420560748,0.2004497186733176,0.07002792077577452,0.9465158171029713,0.5401977417554477,0.0,0.27148846960167716,0.020114459518177457
525,107,100.0,107,0,103,4,0,0.0,1.2393604489420553,1.2284679319946252,0.6794037560629635,0.9686444726236304,0.41051914283249746,1.094772122771462,5.5514018691588785,2.8554537426680326,0.34068807410264745,0.003894559792527259,0.0186367761003,0.0,0.003894559792527259,0.01648387453404734,0,0,0,4,0,1.0,0.2803738317757009,0.19831578013969497,0.06212125374791442,0.9407780108689232,0.5369915467982261,0.0,0.27148846960167716,0.02002639966804952
526,107,100.0,107,0,103,4,0,0.0,1.2409106852495908,1.230415233207316,0.6467973984413218,0.9690924280385326,0.41652262897948716,1.1121640391352678,5.5514018691588785,2.8554537426680326,0.33582096833149233,0.002854450699758901,0.024031409080273815,0.0,0.002854450699758901,0.01600045770801474,0,0,0,4,0,1.0,0.2803738317757009,0.19130013996001083,0.07617671308801237,0.9349520047920958,0.5269042283819669,0.0,0.27148846960167716,0.020040546429417348
527,107,100.0,107,0,104,3,0,0.0,1.2352210731901165,1.2241422905470878,0.6625990866259316,0.969384295513001,0.41507188663844746,1.09291091286416,5.5514018691588785,2.8554537426680326,0.34000199036729706,0.004158591456683822,0.025228911634888076,0.0,0.004158591456683822,0.014305394063250617,0,0,0,3,0,1.0,0.2897196261682243,0.19681181633641914,0.07794377069681,0.9401169920261823,0.5325498738061538,0.0,0.2341020265548568,0.020016265439481647
528,107,100.0,107,0,102,5,0,0.0,1.2400336966397447,1.229239218957212,0.688156657489744,0.9697842611931845,0.4105892288805186,1.108837623548945,5.5514018691588785,2.8554537426680326,0.34131589396532447,0.003772546033737312,0.015410493536245396,0.0,0.003772546033737312,0.017249115616288713,0,0,0,5,0,1.0,0.2897196261682243,0.1998092305230594,0.06519795854229815,0.959202175107436,0.5380690247062364,0.0,0.2341020265548568,0.020046038974221882
529,107,100.0,107,0,102,5,0,0.0,1.2354744792619752,1.2244260077383566,0.6660936855688234,0.9700628548224707,0.42137319705398957,1.0955494229818217,5.5514018691588785,2.8554537426680326,0.33739365590617365,0.003930160465178411,0.01801857629748695,0.0,0.003930160465178411,0.01839310722036887,0,0,0,5,0,1.0,0.2897196261682243,0.19548799856670046,0.05449486816902403,0.9614432270717987,0.535452135424817,0.0,0.2341020265548568,0.02002722044344018
530,107,100.0,107,0,104,3,0,0.0,1.244390330434106,1.2333559946610446,0.7069430825601394,0.9705374866561857,0.41680043818436197,1.104880324255707,5.5514018691588785,2.8554537426680326,0.34129920882678366,0.0036295745512314307,0.02769550298821204,0.0,0.0036295745512314307,0.015611261905055407,0,0,0,3,0,1.0,0.2803738317757009,0.20123196032672283,0.046051343201472826,0.9603844769936414,0.5415385472357258,0.0,0.21069182389937108,0.020078576145530685
531,107,100.0,107,0,102,5,0,0.0,1.2470130504250458,1.2358506805110387,0.7200262678620373,0.9710555532778179,0.41203807096629025,1.099365388982932,5.5514018691588785,2.8554537426680326,0.34177056049161236,0.004098645739319916,0.02907814616317782,0.0,0.004098645739319916,0.007774930111093309,0,0,0,5,0,1.0,0.2897196261682243,0.20265642553964067,0.0402271531097095,0.9509056343509058,0.5439119446706555,0.0,0.21069182389937108,0.02009908632185384
532,107,100.0,107,0,100,7,0,0.0,1.2554132335346486,1.2439512171978002,0.7584867816303963,0.9717438724091121,0.4029701983817161,1.05642645266979,5.5514018691588785,2.8554537426680326,0.347195559188644,0.00240837800311946,0.025104745609802307,0.0,0.00240837800311946,0.010096846112793474,0,0,0,7,0,1.0,0.308411214953271,0.20939423988793393,0.036420943371973546,0.942909521972632,0.5550132871054713,0.0,0.27148846960167716,0.020150914554599875
533,107,100.0,107,0,101,6,0,0.0,1.254963829482113,1.2434015236612845,0.7527501338976976,0.9723999799102807,0.3969898472748968,1.0261745214266744,5.5514018691588785,2.8554537426680326,0.34866808133462235,0.013685904599132286,0.024786579888087645,0.0,0.013685904599132286,0.009247875491355395,0,0,0,6,0,0.8333333333333334,0.308411214953271,0.2094397281695455,0.03267767016900815,0.9484561073530879,0.5561358032985151,0.0,0.2341020265548567,0.02015803495743622
534,106,99.06542056074767,107,1,102,4,0,0.009345794392523364,1.253766764816688,1.241738472291561,0.7657320812113539,0.9730122755545161,0.4050415046942286,1.0407058511713423,5.5514018691588785,2.8554537426680326,0.34766533721407167,0.01411949811842898,0.02174130496677422,0.0,0.01411949811842898,0.006332921116287088,0,1,0,4,0,0.8,0.32710280373831774,0.21027548163455967,0.02816979255824084,0.9616946869632027,0.5544282896882022,0.009345794392523364,0.19671558350803633,0.020160791543553852
535,106,99.06542056074767,107,0,101,6,0,0.0,1.2562894323340785,1.2439599403605381,0.7803258638854399,0.9736449206550281,0.4113167112388615,1.0503258438283505,5.5514018691588785,2.8554537426680326,0.34737952120473814,0.01496120673066091,0.022803035868097576,0.0,0.01496120673066091,0.011695504050545563,0,0,0,6,0,0.8333333333333334,0.3364485981308411,0.21144068367657373,0.02902353587585086,0.9617411575756475,0.5532730704972558,0.0,0.12194269741439552,0.02018243732524099
536,106,99.06542056074767,107,0,101,6,0,0.0,1.2524755433112187,1.2408237978894048,0.7438467824997207,0.9741878599892858,0.41434849939011265,1.0670666253151748,5.5514018691588785,2.8554537426680326,0.3432292881033654,0.0026905625685981083,0.025856103039974158,0.0,0.0026905625685981083,0.010128391973612627,0,0,0,6,0,1.0,0.34579439252336447,0.20495766758227218,0.03311586268023072,0.9244890634930729,0.5461958565472742,0.0,0.12194269741439553,0.02017111957089693
537,106,99.06542056074767,107,0,102,5,0,0.0,1.2549895425059814,1.2434132559968916,0.7335212433907196,0.9747744485647593,0.41389882154713736,1.0666115878652263,5.5514018691588785,2.8554537426680326,0.34234944904431175,0.0031146072795721013,0.02111498584790869,0.0,0.0031146072795721013,0.013212849146670296,0,0,0,5,0,1.0,0.3177570093457944,0.20303678374236928,0.035737347806117904,0.9269951208417572,0.5427338966924183,0.0,0.15932914046121596,0.020192064449586954
538,106,99.06542056074767,107,0,103,4,0,0.0,1.2485660925231195,1.2374422502540798,0.6816278305854625,0.9752078879292335,0.41969020474014024,1.0941770018836585,5.5514018691588785,2.8554537426680326,0.3322457360083799,0.003807087184171663,0.02323702051749659,0.0,0.003807087184171663,0.01169852378931089,0,0,0,4,0,1.0,0.3177570093457944,0.1917460342874707,0.03767203759668477,0.9384948086003411,0.5278726471645633,0.0,0.15932914046121596,0.020166135529950183
539,107,100.0,107,0,102,5,0,0.0,1.2525179691290385,1.2414962123401099,0.7029729007628753,0.9757215578428425,0.4089157543677498,1.0888248832160565,5.5514018691588785,2.8554537426680326,0.33376285964256147,0.017546883548576232,0.022605224676381534,0.0,0.017546883548576232,0.015360844831043918,0,0,1,4,0,0.8,0.29906542056074764,0.19453001216706314,0.023847274491092453,0.9144337381155632,0.5374826746920395,0.0,0.18308874912648498,0.020193228716366335
540,107,100.0,107,0,101,6,0,0.0,1.2605145758016698,1.2493473961427128,0.7229953676412604,0.9763999096870664,0.39558983303582235,1.0964490228960817,5.5514018691588785,2.8554537426680326,0.33557217667571404,0.017114767562409674,0.025269446415033963,0.0,0.017114767562409674,0.017639424162981508,0,0,0,6,0,0.8333333333333334,0.3177570093457944,0.19668605064500796,0.01802783619405106,0.9206828551967683,0.5416085340319974,0.0,0.19671558350803633,0.02024289676129166
541,107,100.0,107,0,102,5,0,0.0,1.2606446692817914,1.24958168705458,0.7189432645347436,0.9770642435630553,0.40240164779656257,1.111542657345991,5.5514018691588785,2.8554537426680326,0.33558380635263063,0.0030956264379634483,0.019039867016308783,0.0,0.0030956264379634483,0.018051490001319708,0,0,0,5,0,1.0,0.3177570093457944,0.19620151656408827,0.020293243686401823,0.8974437623785178,0.5409790198709699,0.0,0.18308874912648498,0.020253032101955143
542,107,100.0,107,0,101,6,0,0.0,1.2638602004028086,1.2523665609555512,0.7229958045378702,0.9777732243213455,0.4091511305782312,1.1541218661437116,5.5514018691588785,2.8554537426680326,0.3346162978726943,0.011851205199651375,0.03044105330755385,0.0,0.011851205199651375,0.011208085503337845,0,0,1,5,0,0.8333333333333334,0.29906542056074764,0.19555073575597712,0.025711026481351186,0.9113314592179311,0.5364350237538028,0.0,0.19671558350803633,0.020279232066358923
543,107,100.0,107,0,102,5,0,0.0,1.2609549696070894,1.249550592752409,0.7253422823765416,0.9783976335264791,0.40249340448691107,1.1210622693475512,5.5514018691588785,2.8554537426680326,0.3357958178468603,0.004165619889783002,0.029368506814037652,0.0,0.004165619889783002,0.005131256782909927,0,0,0,5,0,1.0,0.3177570093457944,0.19698091523141611,0.027368950921212342,0.9246824943086536,0.5424435676880853,0.0,0.18308874912648498,0.020273620770389102
544,107,100.0,107,0,103,4,0,0.0,1.258738312990484,1.2474489398188704,0.7026194655188404,0.9789562036337163,0.4046620427289809,1.1307555380651646,5.5514018691588785,2.8554537426680326,0.3342130817968574,0.0057176168156868965,0.02900615577107317,0.0,0.0057176168156868965,0.004982758875344544,0,0,0,4,0,1.0,0.3364485981308411,0.19352197365473292,0.02881402735773699,0.9484689256281365,0.5382654505448776,0.0,0.1596785464709993,0.02027051234282234
545,107,100.0,107,0,102,5,0,0.0,1.2614808462890463,1.2501678665866574,0.7087312142746331,0.9795609341868419,0.40163447318974,1.1198859782433592,5.5514018691588785,2.8554537426680326,0.3333630565669874,0.004280702877594586,0.02407751516706779,0.0,0.004280702877594586,0.012056723755646159,0,0,1,4,0,1.0,0.3177570093457944,0.19362778497818178,0.03157786922071266,0.9317949082114736,0.535404194774992,0.0,0.1970649895178197,0.020292858909921295
546,107,100.0,107,0,100,7,0,0.0,1.2548380237950907,1.2435729509535394,0.6664275037142412,0.9799977451265378,0.4150849034435829,1.129733435356726,5.5514018691588785,2.8554537426680326,0.32963980903124934,0.015150421522581543,0.024265477263841796,0.0,0.015150421522581543,0.016884787108887363,0,0,0,7,0,0.8571428571428571,0.3177570093457944,0.18735238023361223,0.04209061732762378,0.9405439437115771,0.5259824152901963,0.0,0.2106918238993711,0.02026588126461448
547,107,100.0,107,0,100,7,0,0.0,1.2402275141449546,1.2293802766274464,0.6413910021713671,0.9800978709317246,0.4331677211653098,1.1489883552551015,5.5514018691588785,2.8554537426680326,0.32893027067189506,0.014258566041628297,0.01822904442620058,0.0,0.014258566041628297,0.019575749539207647,0,0,0,7,0,0.8571428571428571,0.32710280373831774,0.18540370798974556,0.04598787224073924,0.9369305999145983,0.5233169152585068,0.0,0.21069182389937108,0.02019425823938959
548,107,100.0,107,0,101,6,0,0.0,1.2420104373435628,1.231041688612011,0.6388127874192694,0.9802330903714154,0.4341705741651246,1.1832767103282014,5.5514018691588785,2.8554537426680326,0.32700039624447164,0.005529810367534055,0.01607315954473736,0.0,0.005529810367534055,0.019054813478836048,0,0,0,6,0,1.0,0.32710280373831774,0.1836736633298506,0.04405523957667887,0.9460687475496903,0.5180258737889918,0.0,0.1970649895178197,0.020205103419658366
549,107,100.0,107,0,101,6,0,0.0,1.229054071858753,1.2185023729393105,0.6394012814751583,0.9800780051956096,0.4356540276669837,1.1844640069241237,5.5514018691588785,2.8554537426680326,0.32698329525235037,0.015556389335378437,0.021661364508383036,0.0,0.015556389335378437,0.014894253987048947,0,0,0,6,0,0.8333333333333334,0.34579439252336447,0.18474004738592906,0.03295279296141592,0.9287948383308046,0.5213592514018819,0.0,0.1596785464709993,0.020138107399505882
550,107,100.0,107,0,102,5,0,0.0,1.2269703936253435,1.2163217477427897,0.6397006875871762,0.9798775350102309,0.4231994057568688,1.1657762502649611,5.5514018691588785,2.8554537426680326,0.3271196200655684,0.004828637066835931,0.020988875106161355,0.0,0.004828637066835931,0.009922723109636761,0,0,1,4,0,1.0,0.3177570093457944,0.18527058936212842,0.03416374484259748,0.9321067969200456,0.5198227338082435,0.0,0.1970649895178197,0.020124826841633168
551,107,100.0,107,0,99,8,0,0.0,1.2378182709284815,1.22714469504634,0.6790274385165009,0.9799300245613404,0.41087565597308495,1.0962536924400301,5.5514018691588785,2.8554537426680326,0.33012984548885327,0.004198073411569298,0.015087787823296714,0.0,0.004198073411569298,0.01914688315992248,0,0,0,8,0,1.0,0.32710280373831774,0.19068506769789867,0.0304569074820213,0.9216815126387538,0.5237282444270533,0.0,0.23445143256464013,0.02017981563557469
552,107,100.0,107,0,100,7,0,0.0,1.2296756660429677,1.2192311105049736,0.6596806004407697,0.9798002403008257,0.42620415467308126,1.0999718351823111,5.5514018691588785,2.8554537426680326,0.32714475897316997,0.04226197181195718,0.015287002100153975,0.0,0.04226197181195718,0.014845940226388745,0,0,0,7,0,0.8571428571428571,0.3364485981308411,0.1874538019241313,0.03530446550318004,0.9354102962814841,0.5167368537649373,0.0,0.1970649895178197,0.02013724964638499
553,107,100.0,107,0,99,8,0,0.0,1.2293477100086765,1.2186751070582436,0.6936699721709145,0.9796614608328519,0.4144368311067471,1.1085684287186004,5.5514018691588785,2.8554537426680326,0.33230234196148634,0.039680590937089456,0.01568265441602274,0.0,0.039680590937089456,0.01643826365289852,0,0,0,8,0,0.875,0.3177570093457944,0.1948516663355917,0.03270110130025656,0.9318074328140962,0.5243374877527001,0.0,0.23445143256464013,0.02013362847445738
554,107,100.0,107,0,102,5,0,0.0,1.2385858602067674,1.2270391267718492,0.749415853520699,0.9797177087195501,0.4112389599035119,1.1142927480639875,5.5514018691588785,2.8554537426680326,0.33763786458390155,0.005255118023810996,0.014229708430526131,0.0,0.005255118023810996,0.017295918384470747,0,0,0,5,0,1.0,0.3177570093457944,0.20348365208303393,0.025578527480887632,0.9247492767935258,0.5355119391436995,0.0,0.23445143256464013,0.020180622291640783
555,107,100.0,107,0,102,5,0,0.0,1.2388394451680955,1.2272147561269282,0.754263799486051,0.9797763624858568,0.40946246488949517,1.1035242317584348,5.5514018691588785,2.8554537426680326,0.3393990826325244,0.005023831035520472,0.020635997970707594,0.0,0.005023831035520472,0.009419860773262572,0,0,0,5,0,1.0,0.32710280373831774,0.20491078974635984,0.028278271922976796,0.9342258638299451,0.5387711723812344,0.0,0.23445143256464013,0.020182727632030033
556,107,100.0,107,0,100,7,0,0.0,1.2457585130567197,1.2342654151928867,0.794826864882085,0.9799944040675437,0.3857037396221477,1.070325489010531,5.5514018691588785,2.8554537426680326,0.3439194305707234,0.004367305616578214,0.014695013969777293,0.0,0.004367305616578214,0.013930109217279305,0,0,0,7,0,1.0,0.32710280373831774,0.21097943282396106,0.022904486787950058,0.9428676793471432,0.5508858434027306,0.0,0.17330538085255068,0.02022043600972558
557,107,100.0,107,0,100,7,0,0.0,1.2419891682724185,1.2311810407703363,0.7673115311026307,0.9801357612648165,0.39385534042341686,1.0629902168681296,5.5514018691588785,2.8554537426680326,0.33973142977660853,0.0058004975088824864,0.01753818124806405,0.0,0.0058004975088824864,0.014896406478661028,0,0,0,7,0,1.0,0.3177570093457944,0.20531488707724135,0.018733428988323805,0.9509220099955387,0.5474957230927789,0.0,0.17330538085255068,0.0202036074804941
558,107,100.0,107,0,98,9,0,0.0,1.258998277040717,1.2481043651957666,0.8067990054542554,0.9806596722332609,0.3657034458683114,1.0453470902119275,5.5514018691588785,2.8554537426680326,0.344111192976426,0.01730461095131275,0.02236868730055825,0.0,0.01730461095131275,0.01118179916367832,0,0,0,9,0,0.8888888888888888,0.308411214953271,0.21026907771457723,0.025578968245385064,0.9481686739170143,0.5568518359636904,0.0,0.23445143256464013,0.020296133042013942
559,106,99.06542056074767,107,1,99,7,0,0.009345794392523364,1.2752806079681436,1.2633720897516145,0.8734573328208239,0.9815379133097942,0.34691615813224436,1.0322949679128068,5.5514018691588785,2.8554537426680326,0.34903461753350307,0.014969419103906255,0.01486785490013045,0.0,0.014969419103906255,0.01599619670232942,0,1,1,6,0,0.875,0.3177570093457944,0.21916353654716034,0.01907763623403288,0.9299158632387396,0.5711726405626469,0.009345794392523364,0.2529699510831586,0.020390083580495832
560,106,99.06542056074767,107,0,98,9,0,0.0,1.2816056205917012,1.2696917973544433,0.879925343981565,0.9825149217868091,0.34183099693099656,1.0268360565027654,5.5514018691588785,2.8554537426680326,0.34919271957878717,0.010190278351843818,0.021067576865257565,0.0,0.010190278351843818,0.0136867716754392,0,0,0,9,0,0.8888888888888888,0.3364485981308411,0.21914187435027735,0.022851564919852674,0.9340662179586261,0.5721790614736745,0.0,0.24807826694619148,0.020435657656175173
561,106,99.06542056074767,107,0,99,8,0,0.0,1.2879867595654169,1.2760204235710355,0.8888039557718279,0.9836086010340299,0.35676898972731363,1.0079596788467893,5.5514018691588785,2.8554537426680326,0.3481787404727581,0.00389240779130514,0.021387157262065117,0.0,0.00389240779130514,0.008719796495850536,0,0,0,8,0,1.0,0.29906542056074764,0.21875788226846524,0.020683833780995562,0.9400031021100049,0.5680777744516577,0.0,0.2106918238993711,0.020483178103542526
562,106,99.06542056074767,107,0,95,12,0,0.0,1.2972379377767826,1.2857024862652782,0.9319771987924018,0.9848922242335092,0.3334110205509076,1.0261685002983467,5.5514018691588785,2.8554537426680326,0.34973461458882205,0.004566467871140238,0.0186878527229501,0.0,0.004566467871140238,0.013006252074842559,0,0,1,11,0,1.0,0.3177570093457944,0.22271957832322664,0.021382246986228846,0.9277141634548671,0.5701234415987909,0.0,0.24807826694619148,0.020547760627945
563,106,99.06542056074767,107,0,94,13,0,0.0,1.2945229549431099,1.2830177639645584,0.8798688990177073,0.9860778653635645,0.35419423763234026,1.0195034781121664,5.5514018691588785,2.8554537426680326,0.34350034046859146,0.012643192429923482,0.013846910683466277,0.0,0.012643192429923482,0.01941101352682057,0,0,0,13,0,0.9230769230769231,0.3177570093457944,0.2142286087538624,0.022361303804448836,0.9302246552561275,0.558911666630308,0.0,0.2854647099930119,0.020551113430788023
564,107,100.0,107,0,95,12,0,0.0,1.3101680799561275,1.2982835442651772,0.958982949446404,0.9875783768955501,0.32999921398539195,0.9762503236687975,5.5514018691588785,2.8554537426680326,0.35022097964223353,0.014290702774466332,0.013232598235031588,0.0,0.014290702774466332,0.018520135565708747,0,0,0,12,0,0.9166666666666666,0.3177570093457944,0.224248607205091,0.019749592639863794,0.9341720981699515,0.5708728003315631,0.0,0.2854647099930119,0.020650762262202735
565,107,100.0,107,0,94,13,0,0.0,1.3166466331042417,1.3044335950082069,1.0548924968207622,0.9891765314981307,0.3195560621894496,0.9446671980965795,5.5514018691588785,2.8554537426680326,0.35564457937172067,0.010658212609251826,0.013753843529250319,0.0,0.010658212609251826,0.02332628025918399,0,0,1,12,0,0.9230769230769231,0.2803738317757009,0.2363785162822237,0.017281981768546287,0.9352845016054173,0.5819113311163434,0.0,0.2854647099930119,0.02070597231064981
566,107,100.0,107,0,95,12,0,0.0,1.316883458565082,1.304809005179275,1.0179043169249737,0.9907376272663224,0.34297797151876563,1.0122500829928427,5.5514018691588785,2.8554537426680326,0.35073336380554276,0.004963739959301791,0.01178237467481844,0.0,0.004963739959301791,0.020912446564569618,0,0,0,12,0,1.0,0.2803738317757009,0.22972119733151702,0.02118453797643427,0.9229418291688957,0.5718162127926824,0.0,0.32285115303983225,0.02072944462172374
567,107,100.0,107,0,97,10,0,0.0,1.3092772944221096,1.2974939556048888,0.9688034335691412,0.9920870443814948,0.3572318026721574,1.0318599834732365,5.5514018691588785,2.8554537426680326,0.3456706735672206,0.005614954327502032,0.01242724839358845,0.0,0.005614954327502032,0.020455694119692218,0,0,0,10,0,1.0,0.27102803738317754,0.2227984257812296,0.023806017223405623,0.9388241355166829,0.5637799134893208,0.0,0.2854647099930119,0.020710679791768577
568,107,100.0,107,0,99,8,0,0.0,1.3144870427920756,1.3027724351936534,0.9709183731605293,0.9935185091495264,0.36329321339136583,0.9842917668924246,5.5514018691588785,2.8554537426680326,0.3449483820608672,0.005051705356380649,0.01740400704136338,0.0,0.005051705356380649,0.014414160573065472,0,0,0,8,0,1.0,0.29906542056074764,0.22161203725217057,0.03218925314804044,0.9137202602595451,0.5631030298816945,0.0,0.3277428371767994,0.020757165940765276
569,107,100.0,107,0,99,8,0,0.0,1.3041835528333974,1.2925376626341323,0.933271182574826,0.9946752997463808,0.38249694112115173,1.0104090698312935,5.5514018691588785,2.8554537426680326,0.33844102784268815,0.003614059987582903,0.022489412175102988,0.0,0.003614059987582903,0.013729790337778325,0,0,0,8,0,1.0,0.2897196261682243,0.21556564152520796,0.032555142954830016,0.8906612563196767,0.5554040799326154,0.0,0.3277428371767995,0.020722164301168237
570,107,100.0,107,0,99,8,0,0.0,1.3074892822829776,1.2952311655292432,0.9397225923711003,0.9958605881062244,0.3799076108320042,0.9991576709963379,5.5514018691588785,2.8554537426680326,0.33993300325157794,0.004223345126933872,0.022528299668631614,0.0,0.004223345126933872,0.014499269754809894,0,0,0,8,0,1.0,0.2803738317757009,0.21737137817903504,0.031596843576148496,0.9076698033860836,0.5602363960670721,0.0,0.3277428371767994,0.02075561562883242
571,107,100.0,107,0,98,9,0,0.0,1.3259954479067495,1.3140107288304665,0.9684523126331989,0.9974410244997486,0.3754075294624774,0.9915546037127528,5.5514018691588785,2.8554537426680326,0.3397391899507276,0.004073112915552778,0.01623926739108318,0.0,0.004073112915552778,0.013209047933951716,0,0,0,9,0,1.0,0.308411214953271,0.21682005046112254,0.0272072603734322,0.9337552452326598,0.5600433138644249,0.0,0.2854647099930119,0.020870710772025968
572,107,100.0,107,0,99,8,0,0.0,1.327540766382042,1.315631987949593,0.9558599933132692,0.9990133677064796,0.38526011596036974,1.0335355709199285,5.5514018691588785,2.8554537426680326,0.33851603044452183,0.00517148684823945,0.022040284547950872,0.0,0.00517148684823945,0.012712527226955588,0,0,0,8,0,1.0,0.2897196261682243,0.2144885546812609,0.027363435722268917,0.9373361814764907,0.5580320212318142,0.0,0.2854647099930119,0.020900886130874523
573,107,100.0,107,0,100,7,0,0.0,1.330741787471431,1.3191830668014857,0.98172302512176,1.0006219329114519,0.37924852065610437,1.0281038166866348,5.5514018691588785,2.8554537426680326,0.34054493188097057,0.005214183013530084,0.022146675177115827,0.0,0.005214183013530084,0.010511776240535928,0,0,0,7,0,1.0,0.308411214953271,0.2178068956941995,0.024409033584962107,0.9138249172384294,0.5647489779473869,0.0,0.2529699510831587,0.020939857153995788
574,107,100.0,107,0,98,9,0,0.0,1.3387708482004201,1.3273103997399829,1.0066803383557013,1.0023702240671324,0.3707542206327443,1.0374383048399176,5.5514018691588785,2.8554537426680326,0.3401701876717529,0.015330099527551853,0.01588801550625678,0.0,0.015330099527551853,0.02019616978754763,0,0,0,9,0,0.8888888888888888,0.29906542056074764,0.21894353667198058,0.0236128985857676,0.9354920031310109,0.565617351048461,0.0,0.2529699510831587,0.02100496328025954
575,107,100.0,107,0,99,8,0,0.0,1.344784876888429,1.333468289746184,1.0511576275895367,1.0042092621380967,0.36220179013208187,1.0643425099843546,5.5514018691588785,2.8554537426680326,0.3430118494104062,0.0045064015210766915,0.0290274926863607,0.0,0.0045064015210766915,0.011445228527380984,0,0,0,8,0,1.0,0.2803738317757009,0.2243015051074884,0.02263099327491132,0.9474311508695661,0.5731168295931376,0.0,0.21558350803633824,0.021061289864412806
576,107,100.0,107,0,95,12,0,0.0,1.347543512871466,1.336784232099169,1.0496898513691413,1.0060715354876528,0.3521946560864074,1.0326503636759456,5.5514018691588785,2.8554537426680326,0.34565617366280277,0.012690449518617012,0.018944095653894124,0.0,0.012690449518617012,0.018212306519600197,0,0,0,12,0,0.9166666666666666,0.32710280373831774,0.2243535241782931,0.02578839664915527,0.8890782278339123,0.5729259499961376,0.0,0.21558350803633824,0.021101671221357293
577,107,100.0,107,0,97,10,0,0.0,1.3379991558398763,1.3269666376191818,0.9879724658317308,1.0076563629879354,0.368155747683272,1.0212738296395325,5.5514018691588785,2.8554537426680326,0.34333471145341754,0.012470377291766614,0.024389514211126503,0.0,0.012470377291766614,0.010428839623709793,0,0,0,10,0,0.9,0.3364485981308411,0.21806426692999412,0.028229785117137102,0.9281680249471094,0.5662046226172375,0.0,0.21558350803633824,0.02107657644428517
578,107,100.0,107,0,97,10,0,0.0,1.3467832695598307,1.3356879652127724,1.0099409403235209,1.0093951632521914,0.3579145579494101,1.0592386198740626,5.5514018691588785,2.8554537426680326,0.34406600521952013,0.014509226340178271,0.026756343615227052,0.0,0.014509226340178271,0.0029043710009694786,0,0,0,10,0,0.9,0.3364485981308411,0.2191763971627633,0.030835986264776013,0.937685579861571,0.5644719963745157,0.0,0.17819706498951782,0.021145322331496554
579,107,100.0,107,0,95,12,0,0.0,1.3414936409020164,1.330463561366542,1.0085031841066068,1.0109649685310969,0.35978563129753144,1.0664645692915884,5.5514018691588785,2.8554537426680326,0.34301062980918307,0.013045595234027157,0.025634021524715316,0.0,0.013045595234027157,0.014518510027936879,0,0,0,12,0,0.9166666666666666,0.3364485981308411,0.21949017424539877,0.035077729731898356,0.9252171343285068,0.5628581989503436,0.0,0.21558350803633824,0.021141286720002032
580,107,100.0,107,0,99,8,0,0.0,1.3354296452162486,1.324581557802551,0.9801581090353555,1.0123555824336838,0.3673726694997723,1.0435242510119047,5.5514018691588785,2.8554537426680326,0.34115907121927225,0.016350601585347662,0.018770265677242763,0.0,0.016350601585347662,0.010521478260234376,0,0,0,8,0,0.875,0.2897196261682243,0.2162579379580366,0.031131919562543194,0.9156762241186042,0.5601370338386527,0.0,0.17819706498951784,0.021130820909936936
581,107,100.0,107,0,101,6,0,0.0,1.3313504689825435,1.3211430771741524,0.9265942002198646,1.0136279406205075,0.38413933166290865,1.0696503312702688,5.5514018691588785,2.8554537426680326,0.33675367369578035,0.003018936882164255,0.01442571796180789,0.0,0.003018936882164255,0.019751675124602745,0,0,0,6,0,1.0,0.29906542056074764,0.2083069017077168,0.01796238255162012,0.9264774397979637,0.5541312226553221,0.0,0.2106918238993711,0.021128590828501312
582,107,100.0,107,0,101,6,0,0.0,1.3340993779605816,1.3241047151084848,0.9556377550865884,1.0149316217688578,0.387091782185083,1.0883481224161362,5.5514018691588785,2.8554537426680326,0.336994457830063,0.0033994680282534,0.019022370347578584,0.0,0.0033994680282534,0.021161086555840494,0,0,0,6,0,1.0,0.308411214953271,0.21138597190581637,0.012532892605178056,0.9264774397979637,0.5556266302838306,0.0,0.2106918238993711,0.021160948379463015
583,107,100.0,107,0,100,7,0,0.0,1.3259647589561814,1.316597860918773,0.9180057602039994,1.0160265931059314,0.4058753523037014,1.130198516690255,5.5514018691588785,2.8554537426680326,0.3324672287836752,0.0033790699719744573,0.021767219250766773,0.0,0.0033790699719744573,0.01650242317238903,0,0,1,6,0,1.0,0.27102803738317754,0.2057131954331253,0.00640321640664762,0.9374512447539971,0.5537783956370118,0.0,0.21558350803633824,0.02113590848445382
584,107,100.0,107,0,100,7,0,0.0,1.314112581999505,1.3047400034752958,0.9176681383627412,1.0168194215356434,0.41060089729157934,1.15716251515537,5.5514018691588785,2.8554537426680326,0.3346213586747666,0.0031821561274201853,0.024712559055413464,0.0,0.0031821561274201853,0.014585126976690427,0,0,0,7,0,1.0,0.2616822429906542,0.20893902434918452,0.006064198992167454,0.9371290492149572,0.556930845598903,0.0,0.21558350803633824,0.02108796702420501
585,107,100.0,107,0,100,7,0,0.0,1.3148932508313265,1.3057539068584634,0.9136987483243043,1.017612772349968,0.4167124834664068,1.169406835564493,5.5514018691588785,2.8554537426680326,0.33311897875746155,0.0033419831322426406,0.025730121471510135,0.0,0.0033419831322426406,0.017742829130971426,0,0,0,7,0,1.0,0.2523364485981308,0.20707749879505374,0.009713194136434006,0.9373336034386904,0.5555258056646939,0.0,0.2155835080363382,0.021103197251124174
586,107,100.0,107,0,100,7,0,0.0,1.323126480673001,1.3147496746758143,0.9305431110103335,1.0185889653898295,0.4106119107586262,1.1702986242305973,5.5514018691588785,2.8554537426680326,0.33217417204068944,0.017978050077202552,0.02743407813366033,0.0,0.017978050077202552,0.01746459038861225,0,0,0,7,0,0.8571428571428571,0.2523364485981308,0.2069428742726715,-0.0013883485303671271,0.9394026836746613,0.5566311103229258,0.0,0.2155835080363382,0.021158300770678744
587,107,100.0,107,0,100,7,0,0.0,1.3446741802371414,1.3356961768620987,1.0160054069024225,1.0200157778335084,0.39434306537982494,1.136506373760895,5.5514018691588785,2.8554537426680326,0.33547386156671344,0.021151433380828193,0.024143680557601112,0.0,0.021151433380828193,0.012907601924426998,0,0,0,7,0,0.8571428571428571,0.2523364485981308,0.21363532631761298,-0.0037087812685243906,0.9543497974919469,0.5616184460163075,0.0,0.2155835080363382,0.021286410253161386
588,107,100.0,107,0,101,6,0,0.0,1.3375406179577198,1.328931959930436,0.9793393202610623,1.021247329039433,0.40414426967265094,1.1399965572608726,5.5514018691588785,2.8554537426680326,0.3316452164031669,0.008791180398399323,0.018259606073147035,0.0,0.008791180398399323,0.024527775792884014,0,0,0,6,0,1.0,0.2523364485981308,0.20837219397470927,0.0037434002801551335,0.927383775907537,0.5565222753927075,0.0,0.21558350803633822,0.021268325629265505
589,107,100.0,107,0,102,5,0,0.0,1.3387010515552213,1.330178994515926,0.9796020971662881,1.0224722006669507,0.40909655278428037,1.121224046929428,5.5514018691588785,2.8554537426680326,0.3338041604708173,0.008225526553793851,0.022105644436566884,0.0,0.008225526553793851,0.014077618365946227,0,0,0,5,0,1.0,0.2616822429906542,0.20954678453574718,0.004919805010274367,0.9393822923843546,0.5587529470653763,0.0,0.17819706498951782,0.021291615618618427
590,107,100.0,107,0,100,7,0,0.0,1.3578911842113661,1.3489278833864198,1.0749429734268305,1.0240903893309061,0.39359128452208225,1.1012481380277424,5.5514018691588785,2.8554537426680326,0.3391285222049749,0.0032752527925388997,0.021389142725319672,0.0,0.0032752527925388997,0.01661706111799131,0,0,1,6,0,1.0,0.2523364485981308,0.21834892639496234,0.0055428409985508065,0.9407670396719342,0.5649027818077167,0.0,0.2155835080363382,0.021410669596283325
591,106,99.06542056074767,107,1,100,6,0,0.009345794392523364,1.3652364315864476,1.3520010769470006,1.0833997007499485,1.0258397969334891,0.39045055565095566,1.0985422543499717,5.5514018691588785,2.8554537426680326,0.34231070062193103,0.008919491988576648,0.01804317932252001,0.0,0.008919491988576648,0.023414433514882937,0,1,0,6,0,1.0,0.2523364485981308,0.22072303076275218,0.009425895677942372,0.9463334610810247,0.5717137207837124,0.009345794392523364,0.17819706498951782,0.02147237259558997
592,106,99.06542056074767,107,0,103,4,0,0.0,1.3611201032029328,1.3476469362154837,1.0077825837935983,1.0273325639606667,0.4183272076917381,1.1260281580204776,5.5514018691588785,2.8554537426680326,0.3381826306248501,0.0325367148621411,0.029834994713918976,0.0,0.0325367148621411,0.006283748642572008,0,0,1,3,0,0.75,0.2616822429906542,0.21305894378903933,0.007542704125253965,0.948610299531824,0.5670556272372154,0.0,0.22047519217330538,0.021473103589645826
593,106,99.06542056074767,107,0,102,5,0,0.0,1.3415467284375815,1.32887986194919,0.9275961236555454,1.028353997616276,0.4261591936824415,1.133467262453471,5.5514018691588785,2.8554537426680326,0.3358810849632139,0.004949107141730952,0.02320718754727714,0.0,0.004949107141730952,0.0154538460272998,0,0,0,5,0,1.0,0.2523364485981308,0.2066828020834418,0.015793287328246166,0.9435480917874277,0.561873266755166,0.0,0.21558350803633822,0.021389819998593053
594,106,99.06542056074767,107,0,101,6,0,0.0,1.3440968754599738,1.3313419198585559,0.9179453723796127,1.0294025070461137,0.43951672214394505,1.1471817148587604,5.5514018691588785,2.8554537426680326,0.33336072949363116,0.0047336122187488176,0.021135990864484474,0.0,0.0047336122187488176,0.012461756857245057,0,0,0,6,0,1.0,0.2523364485981308,0.20414235814138684,0.024056339933003,0.9514702910722412,0.5537928767474743,0.0,0.2529699510831586,0.021417540584583276
595,105,98.13084112149532,107,1,101,5,0,0.009345794392523364,1.3428005227087416,1.3269699588944872,0.8679349110659497,1.0303931267249673,0.4608142710160584,1.1875640224416166,5.5514018691588785,2.8554537426680326,0.33049745333307046,0.05913506445195682,0.029967125072427287,0.0,0.05913506445195682,-0.001682303119519483,0,1,0,5,0,0.8333333333333334,0.2336448598130841,0.1987447874280292,0.03891977941083781,0.9469385558917309,0.5427365501724413,0.009345794392523364,0.2529699510831586,0.02142520216417483
596,106,99.06542056074767,107,0,104,3,0,0.0,1.346027075941325,1.3301087479096931,0.8690745963932102,1.031355239642699,0.4562705922655576,1.1668313752381116,5.5514018691588785,2.8554537426680326,0.32882072608182344,0.03254352592283153,0.047319561998015514,0.0,0.03254352592283153,-0.002621263708248408,0,0,0,3,0,0.6666666666666666,0.2336448598130841,0.198204104324828,0.03650991744796253,0.9409550956452685,0.5423960717224819,0.0,0.29035639412997905,0.02145507127499678
597,106,99.06542056074767,107,0,104,3,0,0.0,1.3398431873760381,1.3246311709923957,0.8372482761935799,1.0321647521310384,0.46048939504670716,1.176354076097083,5.5514018691588785,2.8554537426680326,0.3260823242939841,0.03378700156325661,0.048435146528782086,0.0,0.03378700156325661,-0.007947255093530762,0,0,1,2,0,0.6666666666666666,0.24299065420560748,0.19376365825337777,0.025298481740136134,0.9636117109337717,0.5400931807517184,0.0,0.21558350803633822,0.02143570945949317
598,106,99.06542056074767,107,0,104,3,0,0.0,1.340530129783874,1.3260125905142874,0.8167791638576362,1.032982706001084,0.4601228433436992,1.1758417531188747,5.5514018691588785,2.8554537426680326,0.3226774391810574,0.03297689254399711,0.04852616123882373,0.0,0.03297689254399711,-0.00839147779507208,0,0,0,3,0,0.6666666666666666,0.24299065420560748,0.1889816099578613,0.025265522666078753,0.9486763559579896,0.5344935205040786,0.0,0.2155835080363382,0.02145082231873011
599,106,99.06542056074767,107,0,103,4,0,0.0,1.3497726292388563,1.3355018162103336,0.873639780612956,1.0339940719369647,0.4420131654999031,1.1388258819603965,5.5514018691588785,2.8554537426680326,0.32809982535200577,0.0015784467406853384,0.046354996881210225,0.0,0.0015784467406853384,-0.0025257317703659826,0,0,0,4,0,1.0,0.2523364485981308,0.19621563448606355,0.01980611905595688,0.9495893942674991,0.544639249575326,0.0,0.21558350803633822,0.021511474359239106
600,107,100.0,107,0,105,2,0,0.0,1.3347605590141485,1.32163365087584,0.8264859549327184,1.0346597595495104,0.45579114909401297,1.1762348767172672,5.5514018691588785,2.8554537426680326,0.3236859287066691,0.0019520112608863028,0.04720246331951726,0.0,0.0019520112608863028,-0.0065324846992634855,0,0,0,2,0,1.0,0.2616822429906542,0.19017582021390148,0.009541613351377844,0.9505945429352536,0.5426153082989119,0.0,0.21558350803633822,0.021445918209039024
601,107,100.0,107,0,103,4,0,0.0,1.341452335994213,1.3286674215936929,0.8525839304231391,1.0354671156155801,0.44196565340128463,1.1469972101933563,5.5514018691588785,2.8554537426680326,0.3246669624087042,0.000881114313113156,0.038232434996923415,0.0,0.000881114313113156,-0.00020353804087611116,0,0,1,3,0,1.0,0.2803738317757009,0.19197138754376775,-0.001283899038846649,0.9416396405576306,0.5472868920130374,0.0,0.2529699510831586,0.021490903933441968
602,107,100.0,107,0,104,3,0,0.0,1.3350501182832595,1.3227427649573489,0.8698485003624814,1.0361160773389146,0.4461328406917884,1.2171365015493936,5.5514018691588785,2.8554537426680326,0.324269336554341,0.001055830728801003,0.03868528989890605,0.0,0.001055830728801003,0.007904068110017629,0,0,0,3,0,1.0,0.308411214953271,0.1934568849254346,0.0006500391468825556,0.9638017845829209,0.5447988706212693,0.0,0.18308874912648498,0.021468158245795923
603,107,100.0,107,0,104,3,0,0.0,1.3237921155816155,1.312234451055905,0.8146427838364501,1.0365064602263596,0.4587419388790386,1.242774321416589,5.5514018691588785,2.8554537426680326,0.3197619070409832,0.0009485651286047376,0.03468786904300267,0.0,0.0009485651286047376,0.001910266619477352,0,0,0,3,0,1.0,0.29906542056074764,0.1865937882320036,0.0052778383852432114,0.9572203858007522,0.536670647929981,0.0,0.2529699510831586,0.02141744183367284
604,107,100.0,107,0,105,2,0,0.0,1.3212263750358735,1.310231891670924,0.8027527176686616,1.0368399501855081,0.45502999560292207,1.1616109001696684,5.5514018691588785,2.8554537426680326,0.32070477253195206,0.0014924205496179195,0.034079596663475,0.0,0.0014924205496179195,0.007986140585513585,0,0,0,2,0,1.0,0.2897196261682243,0.18609791898316652,-0.0019484547703562509,0.9603569968569835,0.5396955589419222,0.0,0.21558350803633822,0.021409374456704097
605,107,100.0,107,0,106,1,0,0.0,1.3278388653795845,1.317123291289841,0.8017225106594009,1.037321342075809,0.4559216694815236,1.216920203400721,5.5514018691588785,2.8554537426680326,0.3180850194414382,2.0073456256380717e-06,0.02734341113393018,0.0,2.0073456256380717e-06,0.019651672149902766,0,0,0,1,0,1.0,0.2897196261682243,0.18326423306475478,0.0041065259393253525,0.9494715139910741,0.5364094066450557,0.0,0.2529699510831586,0.0214493098697969
606,107,100.0,107,0,105,2,0,0.0,1.3278852690224245,1.3167014311442755,0.7704854215012132,1.0377793512263094,0.463918273494656,1.2223690849306046,5.5514018691588785,2.8554537426680326,0.31585035023544417,8.925842811182318e-06,0.03362206405981363,0.0,8.925842811182318e-06,0.0028245665851953927,0,0,0,2,0,1.0,0.2616822429906542,0.17883693195290162,0.010298052303800589,0.955031557646082,0.5301735053005525,0.0,0.2529699510831586,0.021456081007725964
607,107,100.0,107,0,106,1,0,0.0,1.3200671987738835,1.308496764582103,0.7641952714870898,1.0380368577706416,0.4754005852407077,1.1850692840827286,5.5514018691588785,2.8554537426680326,0.31605679043173174,0.000636224990101639,0.03971757675288805,0.0,0.000636224990101639,0.01807360942396463,0,0,0,1,0,1.0,0.27102803738317754,0.17932366945990397,0.014127573239562308,0.9583279463297121,0.5282907785696525,0.0,0.21558350803633824,0.021420667146612133
608,107,100.0,107,0,106,1,0,0.0,1.3236290790166938,1.3121113406398688,0.7721818275038408,1.0383695813725742,0.47532286942381785,1.2408211402170288,5.5514018691588785,2.8554537426680326,0.3166976336555152,3.128214663011554e-06,0.039086205509214794,0.0,3.128214663011554e-06,-0.0049394254423263395,0,0,0,1,0,1.0,0.2803738317757009,0.17991141665743182,0.024805435422941554,0.965554755946542,0.5252099387758233,0.0,0.21558350803633822,0.021443226932098245
609,107,100.0,107,0,106,1,0,0.0,1.319259018146418,1.3081829618123604,0.7650450693701374,1.0386030657737582,0.47723459121161665,1.2478231200697107,5.5514018691588785,2.8554537426680326,0.3135741011924409,0.000183801187581719,0.03136119080898843,0.0,0.000183801187581719,0.028396238406066032,0,0,0,1,0,1.0,0.29906542056074764,0.17771120708748406,0.02385605515077825,0.9651441404242737,0.5196184837060924,0.0,0.18308874912648496,0.021424710147282942
610,107,100.0,107,0,106,1,0,0.0,1.3292212144303497,1.3177489577618966,0.830744494184107,1.0390484052073612,0.4718038101630519,1.2544231938774772,5.5514018691588785,2.8554537426680326,0.3195079455840313,1.1959209102541644e-06,0.036064095389077996,0.0,1.1959209102541644e-06,0.016966580993930058,0,0,0,1,0,1.0,0.2616822429906542,0.18660500945100705,0.029361336882162345,0.9597150604714333,0.5274616205692889,0.0,0.18308874912648498,0.0214808793594648
611,107,100.0,107,0,106,1,0,0.0,1.3386994621587378,1.327305436858564,0.8318200737258276,1.0396993328514665,0.47247638809691794,1.251977605619425,5.5514018691588785,2.8554537426680326,0.3212945587151099,0.0037529493793360316,0.03618398546822187,0.0,0.0037529493793360316,-0.0021977820477167564,0,0,0,1,0,1.0,0.27102803738317754,0.18626673482747502,0.035313641851180376,0.9670161135458523,0.5267006624653318,0.0,0.18308874912648498,0.02153756406699457
612,107,100.0,107,0,105,2,0,0.0,1.3416269888818357,1.3305091700246119,0.8672352049144526,1.040404858452672,0.45436196260845785,1.23836257784163,5.5514018691588785,2.8554537426680326,0.3253526050655373,0.0023033227655627846,0.028533650506399045,0.0,0.0023033227655627846,0.007184801998332907,0,0,0,2,0,1.0,0.2803738317757009,0.19101689983916276,0.037599906647337956,0.965167657215903,0.5344033941425521,0.0,0.18308874912648496,0.021562274679202614
613,107,100.0,107,0,104,3,0,0.0,1.3286533290883873,1.3177225405097353,0.845804499801965,1.0407981450638575,0.4624129270122184,1.2588077710465488,5.5514018691588785,2.8554537426680326,0.32195905771950617,0.0017503806235937022,0.031313593449215964,0.0,0.0017503806235937022,0.004193922129571648,0,0,1,2,0,1.0,0.2803738317757009,0.18840120509332908,0.035386634521100684,0.9698735475200043,0.5309117621838841,0.0,0.18308874912648498,0.021503021438864626
614,107,100.0,107,0,104,3,0,0.0,1.3113800321071114,1.3004059088432103,0.7754494815832768,1.0407846268321639,0.4887698731112505,1.2867869319440908,5.5514018691588785,2.8554537426680326,0.3163847235527846,0.0016097241593291366,0.032015143777031164,0.0,0.0016097241593291366,-0.003997095872155372,0,0,0,3,0,1.0,0.2803738317757009,0.18107744781666704,0.04253236594310916,0.962720128261365,0.5181183556702937,0.0,0.18308874912648496,0.021416461950531828
615,107,100.0,107,0,104,3,0,0.0,1.3178995585834887,1.3066141123783241,0.8186537841197523,1.04091331251148,0.4690751422523876,1.2441929760922805,5.5514018691588785,2.8554537426680326,0.32143009548557355,0.002492580802411154,0.03439327566449798,0.0,0.002492580802411154,0.0033358942530385036,0,0,0,3,0,1.0,0.2897196261682243,0.18738594785099139,0.04680227374125799,0.9589357093189158,0.5267443562323337,0.0,0.18308874912648498,0.021450896862936872
616,107,100.0,107,0,102,5,0,0.0,1.3293077109860463,1.3176621569765572,0.870975391999472,1.0412907010731267,0.45241992535060976,1.2085993859525306,5.5514018691588785,2.8554537426680326,0.32564326516556785,0.021165632395391223,0.03238592998732977,0.0,0.021165632395391223,-0.006103989025333811,0,0,0,5,0,0.8,0.29906542056074764,0.1937005183957518,0.04152438353136011,0.9473323052768353,0.5382189410766954,0.0,0.22047519217330538,0.02151332570285363
617,107,100.0,107,0,103,4,0,0.0,1.330092114772385,1.3180156021160117,0.8632344493134533,1.0416653874489363,0.452266657126727,1.2238178690073784,5.5514018691588785,2.8554537426680326,0.3248049461632947,0.0010424384302404627,0.02963917591814389,0.0,0.0010424384302404627,-0.005516702073871296,0,0,0,4,0,1.0,0.308411214953271,0.1924502409273439,0.04617987891460402,0.9550884052946387,0.5369067183158479,0.0,0.21558350803633822,0.021522597219855985
618,107,100.0,107,0,103,4,0,0.0,1.3343800084670447,1.3218027087232809,0.8563278788159736,1.0421158860904893,0.4547731531906359,1.218473454353043,5.5514018691588785,2.8554537426680326,0.32531194201072955,0.0016875663291576687,0.0329406413944705,0.0,0.0016875663291576687,0.008402393749884468,0,0,0,4,0,1.0,0.32710280373831774,0.19181722384640715,0.05696342670172735,0.9590476705617315,0.5349339551702165,0.0,0.21558350803633822,0.02155046857848973
619,107,100.0,107,0,104,3,0,0.0,1.3467798158892006,1.334232548394781,0.8833911595058084,1.0428374636094073,0.44602904035949387,1.2053770563597481,5.5514018691588785,2.8554537426680326,0.3270571326668925,0.001512235759470879,0.03177720821335211,0.0,0.001512235759470879,0.008725455858580386,0,0,0,3,0,1.0,0.3364485981308411,0.1942647890950518,0.06314446259475572,0.9582785572613436,0.5371469719922228,0.0,0.18308874912648498,0.021622769771735606
620,107,100.0,107,0,105,2,0,0.0,1.3563611342577084,1.343592148432959,0.9041049907177575,1.0437522440557263,0.43277476075052373,1.1811481939880815,5.5514018691588785,2.8554537426680326,0.33127163915642743,0.00026678495775892436,0.036737955287125215,0.0,0.00026678495775892436,0.00375595894213257,0,0,0,2,0,1.0,0.32710280373831774,0.1970522202784166,0.06071168469885491,0.9622427147550676,0.5431412584856427,0.0,0.18308874912648498,0.02168373692982395
621,107,100.0,107,0,104,3,0,0.0,1.3547031637270095,1.3430078502697063,0.8976843254852909,1.044627555878537,0.43777157615562295,1.1915459992632556,5.5514018691588785,2.8554537426680326,0.32857688092065485,0.00025962534782480155,0.03707040557046486,0.0,0.00025962534782480155,0.01245086117071568,0,0,0,3,0,1.0,0.32710280373831774,0.19472866076273893,0.05030566847776182,0.9662461166810199,0.5450962386601749,0.0,0.18308874912648496,0.021687944139272688
622,107,100.0,107,0,102,5,0,0.0,1.3425961747334192,1.3312025221808466,0.8745043953419493,1.045208197030945,0.447066187785121,1.1975845738963826,5.5514018691588785,2.8554537426680326,0.32851158771780975,0.00016640817448435272,0.03318526591062994,0.0,0.00016640817448435272,0.009974727355548352,0,0,1,4,0,1.0,0.3364485981308411,0.19387357669915908,0.06166485602393168,0.9577526039406852,0.5437926783121205,0.0,0.18308874912648498,0.02163569916406369
623,107,100.0,107,0,102,5,0,0.0,1.3524488293748358,1.3406749358596002,0.8953903819619655,1.045988642556564,0.45229814190857304,1.219713345166731,5.5514018691588785,2.8554537426680326,0.32746078446413374,0.000506305523976142,0.03306401589049447,0.0,0.000506305523976142,0.008671007187218615,0,0,0,5,0,1.0,0.3177570093457944,0.19378839526388156,0.06262457753965966,0.9430371302460754,0.5394152199311492,0.0,0.22047519217330538,0.02169610506775616
624,107,100.0,107,0,101,6,0,0.0,1.349843505528079,1.3382625368262002,0.8340626194593965,1.0466916948704224,0.457245917173188,1.2279973110561628,5.5514018691588785,2.8554537426680326,0.3239127264068882,0.0013250976200652213,0.03428030561426374,0.0,0.0013250976200652213,0.003805134523746756,0,0,0,6,0,1.0,0.3177570093457944,0.18640644756473554,0.06173700892516015,0.9460331435229956,0.5332189084822128,0.0,0.22047519217330536,0.021693116115326865
625,107,100.0,107,0,101,6,0,0.0,1.3406032534269876,1.328306243234699,0.8324542837077729,1.0471472339642802,0.4548925574067525,1.2311331691538323,5.5514018691588785,2.8554537426680326,0.3246332370785616,0.00122713864852082,0.03588532599691998,0.0,0.00122713864852082,-0.0012873648090028962,0,0,1,5,0,1.0,0.34579439252336447,0.18817000727499159,0.07024274394075355,0.9569738602413738,0.530697723130491,0.0,0.22047519217330538,0.02165341870887385
626,107,100.0,107,0,103,4,0,0.0,1.3421699241208578,1.3298052396326376,0.7977212693639633,1.047624007869031,0.4653603859525046,1.263862924587447,5.5514018691588785,2.8554537426680326,0.32228750286482,0.0017083188633611264,0.04319890001266227,0.0,0.0017083188633611264,-0.011957292267656405,0,0,0,4,0,1.0,0.34579439252336447,0.18371587072976364,0.08919376923305614,0.950052524119207,0.5231354895351996,0.0,0.18308874912648498,0.021668059091496838
627,107,100.0,107,0,102,5,0,0.0,1.3308254239616488,1.319308389778713,0.7103605645078208,1.0478473815618614,0.49541070371893386,1.312130629087031,5.5514018691588785,2.8554537426680326,0.31204818838835635,0.0010048956837039572,0.03927930793096092,0.0,0.0010048956837039572,-0.001551353268820077,0,0,0,5,0,1.0,0.32710280373831774,0.17029533026984808,0.09768277613176782,0.944388788018131,0.5040095857834748,0.0,0.22047519217330536,0.02161452575693682
628,107,100.0,107,0,103,4,0,0.0,1.3223124140243592,1.3104582194748078,0.7165056600561881,1.04786220690688,0.4978955943413027,1.315449119878283,5.5514018691588785,2.8554537426680326,0.3144677745424882,0.0011336827941950622,0.04126013834303718,0.0,0.0011336827941950622,-0.0057306855400481305,0,0,0,4,0,1.0,0.34579439252336447,0.17377286512716328,0.09821698458124417,0.9427810903708758,0.5066178874297715,0.0,0.22047519217330538,0.02157217237268497
629,107,100.0,107,0,103,4,0,0.0,1.3428782811007338,1.331403047529584,0.7554170837868995,1.0483550648222972,0.48836579813377223,1.3016892251543914,5.5514018691588785,2.8554537426680326,0.3156664118152468,0.00037121246752345126,0.037639027388419705,0.0,0.00037121246752345126,0.0033951707839140616,0,0,0,4,0,1.0,0.32710280373831774,0.17587374772469816,0.09319593252766396,0.9475909404584819,0.5102074867676143,0.0,0.22047519217330536,0.02168203837296275
630,107,100.0,107,0,103,4,0,0.0,1.3562949324166422,1.343655794016504,0.8339071723050908,1.0491137466144353,0.48614363366772695,1.3068903474275029,5.5514018691588785,2.8554537426680326,0.3228383776644843,0.0005922972333328435,0.044629688221275964,0.0,0.0005922972333328435,-0.003648885905483165,0,0,0,4,0,1.0,0.2897196261682243,0.18636454366665858,0.08223135826434178,0.9325452559391145,0.5266552195813952,0.0,0.18308874912648498,0.02175995353335657
631,107,100.0,107,0,104,3,0,0.0,1.35006228676695,1.3368469423294924,0.8517432205752551,1.049695225710681,0.48115697836618687,1.2925365993718925,5.5514018691588785,2.8554537426680326,0.3253002639503766,0.0005734295728752778,0.039863786686823784,0.0,0.0005734295728752778,-0.010154313036796389,0,0,0,3,0,1.0,0.308411214953271,0.19028997429021507,0.08041776416361818,0.9439290305582454,0.5290882857975375,0.0,0.18308874912648498,0.0217370922384164
632,107,100.0,107,0,103,4,0,0.0,1.3504288618001563,1.337392941182789,0.8209999263222774,1.0502725735360634,0.48982747311376795,1.2954322968716827,5.5514018691588785,2.8554537426680326,0.32134321438349467,0.0009118280096604938,0.04207891362000016,0.0,0.0009118280096604938,-0.00737675506013824,0,0,0,4,0,1.0,0.29906542056074764,0.18491645299773712,0.07924061789424151,0.9317380708168643,0.5207876044146733,0.0,0.18308874912648498,0.021747168063626476
633,107,100.0,107,0,102,5,0,0.0,1.3542845230135934,1.3408834467730042,0.8582328413262605,1.0509131712793687,0.48125424490571006,1.287327344835324,5.5514018691588785,2.8554537426680326,0.3232685237886468,0.0014436392708852591,0.03842345917963223,0.0,0.0014436392708852591,0.006872854841385756,0,0,0,5,0,1.0,0.29906542056074764,0.1887453531220882,0.0752683984839667,0.9439677625847048,0.5238133296376649,0.0,0.17819706498951784,0.02177559235581199
634,106,99.06542056074767,107,1,103,3,0,0.009345794392523364,1.3593689810831397,1.3449295854086483,0.8244302413199446,1.0516561849851955,0.4911941730487792,1.301064115184396,5.5514018691588785,2.8554537426680326,0.3211223480216734,0.0013211161386038192,0.0461795942425695,0.0,0.0013211161386038192,-0.012270551079995778,0,1,0,3,0,1.0,0.29906542056074764,0.1845990836803662,0.08222442664733808,0.9313571320460468,0.5207510353919191,0.009345794392523364,0.18308874912648498,0.021811622852495507
635,106,99.06542056074767,107,0,103,4,0,0.0,1.3634289571332998,1.348547242273489,0.8268889013403349,1.052432343251952,0.49301479871896464,1.3000830158498433,5.5514018691588785,2.8554537426680326,0.32035168907217115,0.0008020076194644098,0.04353246095955298,0.0,0.0008020076194644098,-0.013925322353144365,0,0,0,4,0,1.0,0.2523364485981308,0.1840598748536965,0.0923396611207014,0.9322261526619108,0.5174811470432824,0.0,0.22047519217330538,0.02184300415288487
636,106,99.06542056074767,107,0,105,2,0,0.0,1.3665655229869078,1.3515449263581403,0.8322296624504724,1.053254816664342,0.4895092599973676,1.2441971791176385,5.5514018691588785,2.8554537426680326,0.3194061535402659,0.00016014156617481516,0.04314440992315541,0.0,0.00016014156617481516,-0.021536651735925255,0,0,0,2,0,1.0,0.2616822429906542,0.18391881931506418,0.08210065214455098,0.9407093226775111,0.5146144567035573,0.0,0.2529699510831587,0.02187042965607118
637,106,99.06542056074767,107,0,104,3,0,0.0,1.3654058493476993,1.351010949379602,0.823475203967678,1.0540416067564005,0.4914524977229207,1.250305564407841,5.5514018691588785,2.8554537426680326,0.31546823967249926,0.00020852910433834316,0.04809435242915372,0.0,0.00020852910433834316,-0.01323324602284385,0,0,0,3,0,1.0,0.27102803738317754,0.18096701532700263,0.07866735681754188,0.9391149427758467,0.5082502716913118,0.0,0.2155835080363382,0.021875864501440447
638,106,99.06542056074767,107,0,103,4,0,0.0,1.3597035712377676,1.345201821804182,0.8427083314596762,1.0546732288607132,0.4970666796707402,1.2721717107033628,5.5514018691588785,2.8554537426680326,0.31637653655844566,0.0016649477859486297,0.04359977272428538,0.0,0.0016649477859486297,0.0026097791207633225,0,0,1,3,0,1.0,0.24299065420560748,0.18394979254650842,0.07751121891857023,0.9420278624095174,0.5116175521757015,0.0,0.2529699510831586,0.02185637094939935
639,107,100.0,107,0,103,4,0,0.0,1.3552841469998416,1.341252110738612,0.91420501510938,1.055196589550052,0.4787784562989425,1.2549653522787367,5.5514018691588785,2.8554537426680326,0.3208904635087442,0.00034976378588431466,0.04617452326295553,0.0,0.00034976378588431466,-0.010472299621297185,0,0,0,4,0,1.0,0.2803738317757009,0.19308153546749346,0.06144743656319439,0.9363327265823238,0.5246189746964048,0.0,0.2529699510831587,0.021841745989405408
640,107,100.0,107,0,102,5,0,0.0,1.3592093896579545,1.3445965395928428,0.9001953864573408,1.0557814048121108,0.4774949639962814,1.2977729353374365,5.5514018691588785,2.8554537426680326,0.3198330689474074,0.00018763270777570306,0.048418759665109154,0.0,0.00018763270777570306,-0.009692090248762119,0,0,0,5,0,1.0,0.24299065420560748,0.19067234049813422,0.07085137374981064,0.9255328432366305,0.5172236799615053,0.0,0.29035639412997905,0.021869721767340047
641,107,100.0,107,0,103,4,0,0.0,1.3637929110852463,1.349351667958183,0.946665570109664,1.0564581453375825,0.4799858501205806,1.2493639261835208,5.5514018691588785,2.8554537426680326,0.3216883614513777,0.001804945126263551,0.03905196279497335,0.0,0.001804945126263551,0.013858570734088166,0,0,0,4,0,1.0,0.2616822429906542,0.19556470954751778,0.06729157825549793,0.9239267638670174,0.5221132577038969,0.0,0.29035639412997905,0.021902301380807874
642,107,100.0,107,0,102,5,0,0.0,1.358321166782674,1.3440698221506155,0.9652676962049039,1.0569949053193561,0.48561182002911246,1.2525549284970179,5.5514018691588785,2.8554537426680326,0.32209521607893365,0.0003717170893602648,0.041927851554338716,0.0,0.0003717170893602648,0.0011379237303971502,0,0,0,5,0,1.0,0.2803738317757009,0.19817561926071922,0.069173074684482,0.9364815092613684,0.5242957954237565,0.0,0.29035639412997905,0.021882606125789364
643,107,100.0,107,0,102,5,0,0.0,1.367052821109362,1.3523446502430123,0.989494826302432,1.0577053654789124,0.4924460554151642,1.2703060159100206,5.5514018691588785,2.8554537426680326,0.32270668854956774,0.00018587116018982784,0.045213481208708495,0.0,0.00018587116018982784,0.0031132411722706423,0,0,0,5,0,1.0,0.27102803738317754,0.19948662618492677,0.07512892302186815,0.9363551098215506,0.5202349434768119,0.0,0.29035639412997905,0.02193640782803091
644,107,100.0,107,0,103,4,0,0.0,1.3738791015336775,1.3589538726165216,1.0373071323921539,1.0585465174073525,0.48723603337525495,1.3212734041014718,5.5514018691588785,2.8554537426680326,0.3251082636404188,0.0008634238425875203,0.041837110842157646,0.0,0.0008634238425875203,0.007561968607283129,0,0,0,4,0,1.0,0.2616822429906542,0.2044267276280676,0.06915096013734398,0.9534835666075927,0.5271064992306335,0.0,0.22047519217330538,0.021982548582263572
645,107,100.0,107,0,104,3,0,0.0,1.3677534275312806,1.3524260927365073,1.1289411607962299,1.059214532443653,0.48755349225719913,1.347415044934133,5.5514018691588785,2.8554537426680326,0.3283172440053843,0.0021309664391973887,0.0275532753027561,0.0,0.0021309664391973887,0.021318304115058306,0,0,1,2,0,1.0,0.2616822429906542,0.21494720752175245,0.05731984928586416,0.948117208529552,0.5347631128983618,0.0,0.2529699510831586,0.021961457642429398
646,107,100.0,107,0,104,3,0,0.0,1.3618998812505667,1.346490300080636,1.0574295506177158,1.0597278775687586,0.4987028418239363,1.3021472911893843,5.5514018691588785,2.8554537426680326,0.3221080160509078,0.0013568419818798794,0.03843966207280255,0.0,0.0013568419818798794,0.008158044348187787,0,0,1,2,0,1.0,0.2803738317757009,0.20588929417655602,0.06227381305489828,0.940011195563417,0.5249200869885269,0.0,0.25296995108315856,0.02193951907731965
647,107,100.0,107,0,102,5,0,0.0,1.3699329245227783,1.3542694900506385,1.2004701563125884,1.060404269298195,0.48115724471669513,1.2739269260725432,5.5514018691588785,2.8554537426680326,0.32686838365974924,0.011746729526174702,0.03584357300331808,0.0,0.011746729526174702,0.021100903980421516,0,0,0,5,0,0.8,0.2803738317757009,0.21836706931805644,0.050624370983285844,0.9521828340326863,0.5323142824358378,0.0,0.17819706498951784,0.021989341320157348
648,107,100.0,107,0,103,4,0,0.0,1.3757702230201414,1.359799198698001,1.2654932905490985,1.0611876655927015,0.4770617253880132,1.3000156698147272,5.5514018691588785,2.8554537426680326,0.3276096419720407,0.021439363186912377,0.050033030130501026,0.0,0.021439363186912377,-0.0100750445847798,0,0,0,4,0,0.75,0.2897196261682243,0.2232632299837965,0.04575980068091949,0.9386254384005562,0.5358975144541018,0.0,0.25296995108315856,0.022029712572049866
649,107,100.0,107,0,103,4,0,0.0,1.3657205236568026,1.3502060244457639,1.1444896239599491,1.0617295494458159,0.4894683327830803,1.2870778518040489,5.5514018691588785,2.8554537426680326,0.3247092345410547,0.00189224777042363,0.03804250070576369,0.0,0.00189224777042363,-0.007451416672735314,0,0,0,4,0,1.0,0.2803738317757009,0.21423677009760764,0.04639885671377764,0.9400811032989984,0.5316843774835729,0.0,0.21558350803633824,0.02198720069661551
650,107,100.0,107,0,103,4,0,0.0,1.3572249402296468,1.3424001331181319,1.1225433056505139,1.0620776451633147,0.504325291686025,1.3446666852994043,5.5514018691588785,2.8554537426680326,0.32290244821295255,0.0026944895621149505,0.0352268726622166,0.0,0.0026944895621149505,-0.0018705680837001054,0,0,0,4,0,1.0,0.2803738317757009,0.21206390457432703,0.03909520291646684,0.9284914110928659,0.5301785962334707,0.0,0.2529699510831587,0.021949692635576425
651,107,100.0,107,0,104,3,0,0.0,1.3481949205423618,1.3338203657220757,1.008015905515632,1.0622198081372418,0.5118238682109938,1.313326465391907,5.5514018691588785,2.8554537426680326,0.3184315767067487,0.0025622045429259787,0.04130958078501256,0.0,0.0025622045429259787,-0.0008102845361000292,0,0,0,3,0,1.0,0.27102803738317754,0.20066611681135182,0.05584643107784059,0.9449113055446976,0.5182629755919771,0.0,0.2155835080363382,0.02190657223611984
652,107,100.0,107,0,105,2,0,0.0,1.3461406979366977,1.3311956632094848,0.9597323205117426,1.0622979539803057,0.5334373803884164,1.324310787574242,5.5514018691588785,2.8554537426680326,0.3158947563076142,0.0017881883492923626,0.043264800154054234,0.0,0.0017881883492923626,-0.009836330345420446,0,0,0,2,0,1.0,0.24299065420560748,0.19562809263204736,0.07035240201616029,0.9393167541353424,0.5101084358220006,0.0,0.21558350803633824,0.021897416832291777
653,107,100.0,107,0,104,3,0,0.0,1.351469187345629,1.3368846989143646,0.9623697014250682,1.0625038266313345,0.5348973453713532,1.2774763936757705,5.5514018691588785,2.8554537426680326,0.31067018952792735,0.0015937151591768398,0.042103684886275444,0.0,0.0015937151591768398,-0.0004644709564510981,0,0,0,3,0,1.0,0.2523364485981308,0.19194896769159392,0.06873740075993087,0.954701503781929,0.5014180443955755,0.0,0.21558350803633824,0.0219269985784959
654,107,100.0,107,0,103,4,0,0.0,1.3648138329201827,1.3503704185547654,0.9438385805444907,1.0630118834730022,0.5277988145287059,1.3349564505119325,5.5514018691588785,2.8554537426680326,0.3051803184792439,0.0018334019254762995,0.03700831422086519,0.0,0.0018334019254762995,-0.007910973304535496,0,0,0,4,0,1.0,0.21495327102803738,0.1855545127723911,0.06964749729924591,0.9588726302383868,0.49608623096978177,0.0,0.2106918238993711,0.022000975470418807
655,107,100.0,107,0,103,4,0,0.0,1.3632253081043835,1.3490613810658627,0.9407367877326183,1.0634755298185936,0.5279706210462041,1.3321912185149796,5.5514018691588785,2.8554537426680326,0.30452651538098907,0.001226034119770917,0.03757994990880502,0.0,0.001226034119770917,-0.011529709491869253,0,0,0,4,0,1.0,0.2523364485981308,0.1851482122981651,0.053612850477055655,0.9761390151253764,0.5021232959448791,0.0,0.17330538085255068,0.02199965244980378
656,107,100.0,107,0,103,4,0,0.0,1.3680871231264364,1.3541144762684247,0.9113008559145795,1.064041367994123,0.539068549722964,1.302777665242572,5.5514018691588785,2.8554537426680326,0.3006124314571308,0.0015509320387437847,0.03574338336560591,0.0,0.0015509320387437847,-0.015565505805485727,0,0,0,4,0,1.0,0.2616822429906542,0.17966365617309848,0.04598105898839763,0.9668480641246773,0.4981257621205186,0.0,0.14081062194269742,0.02203204014859434
657,107,100.0,107,0,102,5,0,0.0,1.3746352131178072,1.3611163018826573,0.9437762797202368,1.0647509960355372,0.5382599982261126,1.352744802054389,5.5514018691588785,2.8554537426680326,0.2979564538167676,0.001049835152179181,0.039509679288838126,0.0,0.001049835152179181,-0.0026064399372174194,0,0,1,4,0,1.0,0.22429906542056074,0.1800595506811141,0.04251976925517837,0.9688497650876533,0.49241199530410895,0.0,0.14081062194269742,0.022074912148784986
658,107,100.0,107,0,102,5,0,0.0,1.3863510142623288,1.3727720711355418,1.0330369465434819,1.0657066210559782,0.5259290387919504,1.3718957763763353,5.5514018691588785,2.8554537426680326,0.3016024928894172,0.012584047344850607,0.04617778886470682,0.0,0.012584047344850607,-0.00019305384152061843,0,0,0,5,0,0.8,0.21495327102803738,0.18829353726171053,0.03507873698808385,0.9761640355947141,0.5019660484364239,0.0,0.10831586303284417,0.022147134869713623
659,107,100.0,107,0,103,4,0,0.0,1.3898545536344158,1.3762993321281844,1.1234239751908546,1.0667155340908296,0.5079025560719035,1.357887550314616,5.5514018691588785,2.8554537426680326,0.3076131114415359,0.014270142114273033,0.04567973449275267,0.0,0.014270142114273033,-0.0025263470606459865,0,0,0,4,0,0.75,0.21495327102803738,0.19852960774025963,0.0366462524762176,0.9592443036039057,0.5127803402001857,0.0,0.17819706498951782,0.022179057089081022
660,107,100.0,107,0,101,6,0,0.0,1.390852030405322,1.3776696889223903,1.0913050766840822,1.067726942004162,0.5000623793890513,1.3392529959029966,5.5514018691588785,2.8554537426680326,0.30830470948351896,0.012372285238231443,0.03356485011150824,0.0,0.012372285238231443,0.007439849520317472,0,0,0,6,0,0.8333333333333334,0.22429906542056074,0.195400526433646,0.04565339554054343,0.968675026729554,0.5074716546357138,0.0,0.17819706498951782,0.022198484615493
661,107,100.0,107,0,101,6,0,0.0,1.3896920920180813,1.3763618490987732,1.0402978212763356,1.0686795938234257,0.49734807167127204,1.2784463026440782,5.5514018691588785,2.8554537426680326,0.3110243110893034,0.011538681348372081,0.03353207200815023,0.0,0.011538681348372081,0.01101863546451847,0,0,0,6,0,1.0,0.22429906542056074,0.1927258399826795,0.04706037052342728,0.9650476128722201,0.5099923449057049,0.0,0.14081062194269742,0.022206286189570677
662,107,100.0,107,0,102,5,0,0.0,1.394656969078285,1.380743936595773,1.0740067033129832,1.0697051458958138,0.48491670111452967,1.2164361923670146,5.5514018691588785,2.8554537426680326,0.31454191306726464,0.020655072256708446,0.039526571531634073,0.0,0.020655072256708446,-0.006809575672435314,0,0,1,4,0,0.8,0.2336448598130841,0.19631776843546384,0.058838090874722596,0.9646392217823417,0.5105886139172963,0.0,0.14081062194269742,0.022245752657388703
663,106,99.06542056074767,107,1,103,3,0,0.009345794392523364,1.4070352230176053,1.3947754494255198,1.1578064724931418,1.0709694349463215,0.4763353323072062,1.2447483319392054,5.5514018691588785,2.8554537426680326,0.3202271754057011,0.040754822232530366,0.03355057924096951,0.0,0.040754822232530366,0.013620885618983246,0,1,0,3,0,0.5,0.2616822429906542,0.20409396328722978,0.06471166762517935,0.9591931978224352,0.5137780638630275,0.009345794392523364,0.1544374563242488,0.022325694521590736
664,106,99.06542056074767,107,0,100,7,0,0.0,1.3951248517834112,1.3831729132289874,1.0433093744923916,1.07198508830801,0.49416764012594233,1.2669881429240097,5.5514018691588785,2.8554537426680326,0.31397510956422336,0.06111810151673417,0.034906080089147896,0.0,0.06111810151673417,0.02157868458165872,0,0,0,7,0,0.42857142857142855,0.24299065420560748,0.19315438803829765,0.06426162388133994,0.9604959054038402,0.5068733539302549,0.0,0.1544374563242488,0.0222806434213842
665,105,98.13084112149532,107,1,102,4,0,0.009345794392523364,1.400010032238207,1.3865814428770726,1.007655591958885,1.0730841257368522,0.5180525505924726,1.308854617764297,5.5514018691588785,2.8554537426680326,0.3126612863101519,0.09155040160867006,0.035455830544054004,0.0,0.09155040160867006,0.02271738962271347,0,1,0,4,0,0.6,0.2523364485981308,0.18916459554117046,0.06302275496046278,0.9569209594771886,0.503602400974074,0.009345794392523364,0.1544374563242488,0.022320760576355778
666,105,98.13084112149532,107,0,105,2,0,0.0,1.415930579977031,1.4012759569021254,1.0675121307896833,1.0744529343116982,0.5098453300251349,1.2898146368885393,5.5514018691588785,2.8554537426680326,0.3176678136305593,0.00011932222804367327,0.04927753823728074,0.0,0.00011932222804367327,-0.009707454947870564,0,0,0,2,0,1.0,0.2616822429906542,0.19535074817022824,0.05901522897687141,0.963575328871337,0.5128216708248184,0.0,0.1593291404612159,0.022419906162890097
667,105,98.13084112149532,107,0,105,2,0,0.0,1.4240862900878835,1.4088796466346813,1.1312230559149803,1.0759563530653031,0.5035291797091744,1.279737321666307,5.5514018691588785,2.8554537426680326,0.321391807614301,0.0007038470349701607,0.042344849710147715,0.0,0.0007038470349701607,-0.0004446439725653839,0,0,0,2,0,1.0,0.2523364485981308,0.20163971795918118,0.05636239149479218,0.9517806930433007,0.5201267377764925,0.0,0.19182389937106917,0.022482149426978255
668,105,98.13084112149532,107,1,105,1,0,0.009345794392523364,1.4149043551290303,1.3994641312884184,1.1249119654344062,1.0772091291429753,0.5173877566919716,1.273844060210444,5.5514018691588785,2.8554537426680326,0.319570172725985,0.03571082366123033,0.02560185967734322,0.0,0.03571082366123033,0.008466486675882096,0,1,0,1,0,0.5,0.2523364485981308,0.20171360842037542,0.05412941681525178,0.9538611709066875,0.5232485970150434,0.009345794392523364,0.1918238993710692,0.022454125972882558
669,105,98.13084112149532,107,0,107,0,0,0.0,1.4171663088539679,1.4015008094838939,1.1156795246570068,1.0784652866028448,0.5159364030791621,1.3052372287700988,5.5514018691588785,2.8554537426680326,0.31870505925275716,0.0,0.0,0.0,0.0,0.0,0,0,0,0,0,0.0,0.2523364485981308,0.20032581876102737,0.059724000594240205,0.9511164170559412,0.5191611234471754,0.0,0.2292103424178896,0.02248337023910807
670,105,98.13084112149532,107,1,104,2,0,0.009345794392523364,1.4130172472313252,1.4007743468088616,1.0929016871641073,1.0795875282220282,0.5261986023097447,1.3112610900772148,5.5514018691588785,2.8554537426680326,0.31669993270520713,0.017959385425421397,0.04290538335169805,0.0,0.017959385425421397,0.014024023330240035,0,1,0,2,0,0.6666666666666666,0.24299065420560748,0.1971740866849057,0.07158080594549199,0.9409940450799841,0.5118722042124788,0.009345794392523364,0.24772886093640814,0.022478647476153232
671,105,98.13084112149532,107,0,105,2,0,0.0,1.39843485899014,1.386380309940941,0.9624157836490077,1.080430364500292,0.5510873476228709,1.3314116794174045,5.5514018691588785,2.8554537426680326,0.311791866931143,0.002883994714177285,0.04611212779574757,0.0,0.002883994714177285,0.007435222156362664,0,0,0,2,0,1.0,0.2336448598130841,0.18533714323128117,0.08316422903691596,0.9574608609374721,0.5011794353988872,0.0,0.21034241788958769,0.02241776893497343
672,105,98.13084112149532,107,0,103,4,0,0.0,1.4007229584991803,1.3888845445110012,0.9926980352364363,1.0813063397863083,0.5550806225646463,1.3298676294176741,5.5514018691588785,2.8554537426680326,0.3121251534245826,0.009572075468016398,0.03889644220823639,0.0,0.009572075468016398,0.006907299368123412,0,0,0,4,0,1.0,0.2523364485981308,0.18788008529794362,0.0699375649249256,0.9555870412040436,0.5071577767923753,0.0,0.21034241788958769,0.02244171596706333
673,106,99.06542056074767,107,0,102,5,0,0.0,1.4010767967783961,1.3888339585880196,1.025855827862445,1.0821561464371303,0.5364169016816832,1.299048584144593,5.5514018691588785,2.8554537426680326,0.3153362722350226,0.006131284015435281,0.0384097398817749,0.0,0.006131284015435281,0.006292743437274806,0,0,0,5,0,1.0,0.27102803738317754,0.19211797722885263,0.0721430468844833,0.9600556476711095,0.5118880997612804,0.0,0.21034241788958769,0.022455618076367576
674,106,99.06542056074767,107,0,101,6,0,0.0,1.4116521600130016,1.3994445629595176,1.0856393694024222,1.0832240719718527,0.5192689648042808,1.2735329148428478,5.5514018691588785,2.8554537426680326,0.32161596370788414,0.03983773295760844,0.03945834332606083,0.0,0.03983773295760844,0.009269945559482462,0,0,1,5,0,0.6666666666666666,0.24299065420560748,0.19999215762083286,0.076835605590562,0.9574479508850421,0.5211234289209761,0.0,0.21034241788958766,0.022523741952365676
675,107,100.0,107,0,101,6,0,0.0,1.4179655836242147,1.405563007925202,1.1936980087123454,1.0844012708795376,0.5109309715269805,1.24896903589135,5.5514018691588785,2.8554537426680326,0.3244120842735758,0.02539852367239596,0.03199085152336218,0.0,0.02539852367239596,0.014409798063658394,0,0,1,5,0,0.8333333333333334,0.2336448598130841,0.20935598687103343,0.06780014913145098,0.948337100336566,0.5281194502036523,0.0,0.21034241788958769,0.02257211625555581
676,107,100.0,107,0,104,3,0,0.0,1.4045898882994512,1.3927456689894733,1.0377791635409566,1.0852520608694733,0.5262250449350225,1.259029557016957,5.5514018691588785,2.8554537426680326,0.31883376533767316,0.0020307446906962894,0.03784489237055607,0.0,0.0020307446906962894,0.009515570982606377,0,0,0,3,0,1.0,0.2523364485981308,0.1962249328029014,0.06545606858409396,0.9512075642308614,0.5230176527662429,0.0,0.21034241788958769,0.022517384736236924
677,107,100.0,107,0,105,2,0,0.0,1.4007638417544646,1.3887121275874157,0.9576837425568948,1.085986416217658,0.5365101425949407,1.2741385041770679,5.5514018691588785,2.8554537426680326,0.31357249449365376,0.0029396189845381487,0.03683591953687534,0.0,0.0029396189845381487,0.018135516526857604,0,0,0,2,0,1.0,0.2523364485981308,0.18680522087653845,0.060376007272296535,0.9646321363640555,0.5151352943558539,0.0,0.1729559748427673,0.0225087390921491
678,107,100.0,107,0,103,4,0,0.0,1.4043078466947638,1.3922452763418318,1.0017743926507952,1.0867805123312417,0.5450204071811481,1.3074998097515111,5.5514018691588785,2.8554537426680326,0.3111623546092148,0.007132750344764027,0.037803723077835055,0.0,0.007132750344764027,0.005735511767694629,0,0,0,4,0,1.0,0.22429906542056074,0.18841286063445686,0.06622636602316873,0.9434347810458965,0.5105246109663321,0.0,0.17295597484276728,0.02253779664044845
679,107,100.0,107,0,105,2,0,0.0,1.4085000850863258,1.3966414065952912,0.9656883758102313,1.087652356970314,0.5494515086770503,1.3141639152332765,5.5514018691588785,2.8554537426680326,0.30894298500950024,0.005609545927953237,0.03609178517856795,0.0,0.005609545927953237,0.023298180564590237,0,0,0,2,0,1.0,0.21495327102803738,0.1838112722452917,0.08326300733871261,0.9657697793610628,0.5028064188805772,0.0,0.1729559748427673,0.022571205392594582
680,107,100.0,107,0,103,4,0,0.0,1.4158362064222165,1.4044614816756906,0.97879568919289,1.0886779453902593,0.5497111061361178,1.3096169060563445,5.5514018691588785,2.8554537426680326,0.3081494364030941,0.02918015500647413,0.05018084659218438,0.0,0.02918015500647413,0.0032381825403844933,0,0,0,4,0,0.75,0.24299065420560748,0.1837421191307334,0.08407503169328655,0.942778854732883,0.5017435312714003,0.0,0.19706498951781967,0.02262252860073488
681,107,100.0,107,0,102,5,0,0.0,1.4126661680290895,1.4014446882440983,0.9061553656019911,1.0896053340945224,0.5569836965378713,1.316536036944816,5.5514018691588785,2.8554537426680326,0.3039645317807822,0.005440914343612869,0.042569105726785045,0.0,0.005440914343612869,0.015301338356369442,0,0,0,5,0,1.0,0.22429906542056074,0.17602357117246467,0.0935473535972577,0.9476941533832817,0.4922035816713476,0.0,0.21034241788958766,0.02261991898650173
682,106,99.06542056074767,107,1,102,4,0,0.009345794392523364,1.416872811515612,1.4029667206366891,0.9154763912701543,1.0906171917075282,0.5427490200250429,1.3089098308415705,5.5514018691588785,2.8554537426680326,0.3080111685204938,0.027626432101471487,0.04153075712743695,0.0,0.027626432101471487,0.012113217597180504,0,1,0,4,0,0.8,0.24299065420560748,0.17920989448366378,0.08397844361869863,0.9573449160589342,0.5028188564939032,0.009345794392523364,0.22921034241788962,0.022655398766974866
683,106,99.06542056074767,107,0,105,2,0,0.0,1.4155642021668982,1.4019542288685944,0.897474925894271,1.0915008458877113,0.5483571663128398,1.3154570472328173,5.5514018691588785,2.8554537426680326,0.30518033063039285,0.00045799037604753916,0.043683047145589564,0.0,0.00045799037604753916,0.014134152098624647,0,0,0,2,0,1.0,0.2336448598130841,0.17650756023263733,0.08299571591138499,0.9511399936771634,0.4993898603782249,0.0,0.21523410202655485,0.022661471888411437
684,106,99.06542056074767,107,0,106,1,0,0.0,1.4139725059584294,1.4001686095871417,0.9372752700111453,1.0923184777054527,0.5350043919328126,1.305860465710147,5.5514018691588785,2.8554537426680326,0.30753687343040004,3.3334666284500937e-05,0.05255535916740224,0.0,3.3334666284500937e-05,-0.017244875954235517,0,0,0,1,0,1.0,0.24299065420560748,0.18105893863490333,0.07711195277144593,0.9432705688431043,0.5048431122518146,0.0,0.21523410202655485,0.02266518695653956
685,106,99.06542056074767,107,0,105,2,0,0.0,1.4335246717313728,1.420313405023534,0.9844500856984265,1.093572942677046,0.5202922002006778,1.2953604897071969,5.5514018691588785,2.8554537426680326,0.3097536661023499,0.00033677268582053073,0.044566938610371525,0.0,0.00033677268582053073,0.007613337835351092,0,0,1,1,0,1.0,0.2336448598130841,0.18366031401893798,0.07548135365530621,0.9474963872347961,0.5132492913558278,0.0,0.19182389937106917,0.02278085811889519
686,106,99.06542056074767,107,0,104,3,0,0.0,1.4393745147755255,1.4261285613047356,0.9796079429232062,1.0949244262597966,0.5196100565611622,1.3378580419410604,5.5514018691588785,2.8554537426680326,0.31409520087905696,0.00017481716734147986,0.04447013538982051,0.0,0.00017481716734147986,0.005557696672373658,0,0,0,3,0,1.0,0.2336448598130841,0.1844462098781391,0.0768785109025292,0.9505345700403908,0.5178390190053881,0.0,0.17854647099930118,0.02282940282838855
687,107,100.0,107,0,105,2,0,0.0,1.4336889651292106,1.419939116754046,1.0063365057373121,1.0960959294731432,0.5109443838775894,1.331458945126237,5.5514018691588785,2.8554537426680326,0.31582460865920825,0.00016406581958997932,0.03525003244822121,0.0,0.00016406581958997932,0.011296465354876578,0,0,1,1,0,1.0,0.24299065420560748,0.18796305046005704,0.07505960442832832,0.9503384341145407,0.5173270719420074,0.0,0.15443745632424877,0.022817700946332467
688,107,100.0,107,0,104,3,0,0.0,1.4357374816684612,1.421993823701325,0.9850419851077152,1.0972809179192808,0.5087368718597195,1.2797457058843111,5.5514018691588785,2.8554537426680326,0.3179697295091708,0.0001826033868896359,0.04902304278879944,0.0,0.0001826033868896359,0.010613963731734732,0,0,1,2,0,1.0,0.2336448598130841,0.1878974350418518,0.07603652475983702,0.9499255041879889,0.5211579808347528,0.0,0.17854647099930115,0.022844861927496428
689,107,100.0,107,0,102,5,0,0.0,1.4477567355997012,1.4332447016510783,1.0522586830051723,1.0986890804608818,0.4918746580503289,1.2724791085821048,5.5514018691588785,2.8554537426680326,0.3223643832541838,4.4489009031213406e-05,0.04654985576058647,0.0,4.4489009031213406e-05,-0.0006595895578400346,0,0,0,5,0,1.0,0.24299065420560748,0.19429180383787048,0.07658106198041881,0.9634145775570508,0.5274867933904078,0.0,0.15443745632424877,0.02292506291215113
690,107,100.0,107,0,104,3,0,0.0,1.446781387343959,1.4322928362571237,0.9481337568836016,1.100035289511673,0.48891222596517775,1.2124618207929538,5.5514018691588785,2.8554537426680326,0.3209384333810401,0.00024148323918861454,0.04151336284608185,0.0,0.00024148323918861454,0.00968306155937515,0,0,1,2,0,1.0,0.24299065420560748,0.18579949315555533,0.0893500331335742,0.9589386926743995,0.5223621737641393,0.0,0.17854647099930115,0.022939406359234894
691,107,100.0,107,0,102,5,0,0.0,1.453075607040231,1.4381949858600187,0.9625624892941149,1.101477884707126,0.4923949485202658,1.2197491723475418,5.5514018691588785,2.8554537426680326,0.32180602751489373,0.0001503807774203266,0.04415751869695518,0.0,0.0001503807774203266,0.00840451917915761,0,0,0,5,0,1.0,0.2336448598130841,0.18704547709073116,0.09998444181567723,0.9670040453501975,0.521530117194933,0.0,0.1918238993710692,0.02299147377696631
692,107,100.0,107,0,101,6,0,0.0,1.4688662398055798,1.4540278996641653,0.9462905327680248,1.1032409684879139,0.48800113529670947,1.1989850246338667,5.5514018691588785,2.8554537426680326,0.32294506200779804,0.0002804359167291421,0.04301424325461411,0.0,0.0002804359167291421,0.013089117674679157,0,0,0,6,0,1.0,0.27102803738317754,0.1848402412814575,0.09742228492950349,0.9683591790807097,0.5245370471521259,0.0,0.15443745632424877,0.023095598961695496
693,107,100.0,107,0,101,6,0,0.0,1.4770847160098945,1.4621970665811428,0.9956074110128365,1.1051403216528775,0.47916404904223514,1.1972790164787643,5.5514018691588785,2.8554537426680326,0.3262533116690598,0.0002507578852835656,0.034890082170735165,0.0,0.0002507578852835656,0.012087222921800348,0,0,0,6,0,1.0,0.2803738317757009,0.1895620095938367,0.1002498881916057,0.9476745298374244,0.5271567967136557,0.0,0.13941299790356393,0.023163808918234784
694,107,100.0,107,0,103,4,0,0.0,1.498729457137227,1.4828698882966487,1.117869938101416,1.107457681955918,0.4568273078347329,1.1566051836333304,5.5514018691588785,2.8554537426680326,0.33305761897872643,0.0007890899779374042,0.03155989637740715,0.0,0.0007890899779374042,0.020276477906143432,0,0,0,4,0,1.0,0.2803738317757009,0.20011761590169172,0.09223714575873534,0.972679555191881,0.5326353528944723,0.0,0.11705101327742835,0.023305118199623585
695,107,100.0,107,0,102,5,0,0.0,1.4959066853378258,1.4806241256171986,1.0454552661424608,1.1096575697358686,0.46730596188206847,1.145356803595512,5.5514018691588785,2.8554537426680326,0.3286411980673791,0.0003757884603122935,0.040410965326545575,0.0,0.0003757884603122935,0.006916340997124304,0,0,0,5,0,1.0,0.29906542056074764,0.19261048092081492,0.08385141923944363,0.9599353459479453,0.5303686263964154,0.0,0.07966457023060795,0.023322412729600128
696,107,100.0,107,0,103,4,0,0.0,1.4835341374576063,1.4680159649696742,1.03166345391596,1.1115066245817995,0.4899113326430606,1.1890474874408763,5.5514018691588785,2.8554537426680326,0.32485344720994846,0.0004792511126486251,0.04041349859616596,0.0,0.0004792511126486251,0.016550500626871356,0,0,0,4,0,1.0,0.2803738317757009,0.1908285198429046,0.08842214660541527,0.9701520625729553,0.5215755677304597,0.0,0.11705101327742837,0.023286949443100086
697,107,100.0,107,0,101,6,0,0.0,1.4878668494228497,1.472663873788777,1.038349507632949,1.1134090556309926,0.48755799216731405,1.2335343099541576,5.5514018691588785,2.8554537426680326,0.32425274852367014,0.01545516576954549,0.03736013430393615,0.0,0.01545516576954549,0.01922553951398474,0,0,0,6,0,0.8333333333333334,0.2803738317757009,0.1903360953002565,0.09272218767127596,0.9628735360678713,0.5198006607715792,0.0,0.15443745632424877,0.023335774522224236
698,107,100.0,107,0,103,4,0,0.0,1.4931916347066865,1.4782071648943715,1.0040765135863259,1.1153837925322632,0.49911797441368894,1.2445485926987911,5.5514018691588785,2.8554537426680326,0.32023224732177935,0.0006876147102973614,0.03776080768113589,0.0,0.0006876147102973614,0.01945555781868899,0,0,0,4,0,1.0,0.2523364485981308,0.18510584111103592,0.11068054890320325,0.9851211343942101,0.5083815889990724,0.0,0.15443745632424877,0.02339059229802101
699,107,100.0,107,0,101,6,0,0.0,1.4996636067202231,1.4849159291200256,0.9592868666450823,1.1174553942621135,0.5041711946265122,1.2109789544164022,5.5514018691588785,2.8554537426680326,0.3184986577359403,0.00015295478891060466,0.04412439085928022,0.0,0.00015295478891060466,-0.0015724019287290947,0,0,0,6,0,1.0,0.2523364485981308,0.17974214823816542,0.1119350918082502,0.9726096507570429,0.5064127890528966,0.0,0.11705101327742834,0.023452528972652785
700,107,100.0,107,0,102,5,0,0.0,1.4812085523071177,1.4668917870836895,0.9068344497492339,1.1190561055321468,0.5149912517802474,1.2291684528125983,5.5514018691588785,2.8554537426680326,0.314693923266149,0.00023236092342720848,0.04260567810901279,0.0,0.00023236092342720848,-0.006995964970133195,0,0,0,5,0,1.0,0.27102803738317754,0.17521125096983928,0.11272171936241472,0.9747311378780795,0.5004550544711313,0.0,0.07966457023060795,0.023383107485521998
701,107,100.0,107,0,105,2,0,0.0,1.4697910639584677,1.4555550029274738,0.8524691761819423,1.1203521359303215,0.528357014942001,1.2908768642188342,5.5514018691588785,2.8554537426680326,0.3132094607161784,0.00043546835248384056,0.039063601632595465,0.0,0.00043546835248384056,0.009305847101544251,0,0,0,2,0,1.0,0.2523364485981308,0.17110075840446656,0.12409804152328317,0.9689155539158386,0.4951542056546924,0.0,0.15443745632424874,0.023344523818034143
702,107,100.0,107,0,104,3,0,0.0,1.476068322293656,1.4617764765407384,0.8630924546841987,1.1217532798208967,0.5258361992332155,1.273929826966315,5.5514018691588785,2.8554537426680326,0.3160733576362038,0.0008136533957847368,0.04573456046611587,0.0,0.0008136533957847368,0.0128965164384644,0,0,0,3,0,1.0,0.2523364485981308,0.17291495605099597,0.12349970272397241,0.9689058676857255,0.5009939134912378,0.0,0.10377358490566037,0.023395914617541883
703,107,100.0,107,0,105,2,0,0.0,1.483849174596805,1.4691216857214817,0.8487914054866799,1.1232822059361751,0.5326108815436201,1.2789193585963998,5.5514018691588785,2.8554537426680326,0.3167883593362786,0.00031588421286537225,0.03809035113413173,0.0,0.00031588421286537225,0.013986414856787588,0,0,0,2,0,1.0,0.2523364485981308,0.17168283741409796,0.12034666392123136,0.9442277202221901,0.5010156467679414,0.0,0.08805031446540881,0.023456647768048303
704,107,100.0,107,0,105,2,0,0.0,1.498343406365362,1.4832746831075245,0.8718405268357505,1.1250907801083196,0.5288993931026849,1.2721018110953004,5.5514018691588785,2.8554537426680326,0.3183477890450519,0.00033100285140046326,0.051055796947452645,0.0,0.00033100285140046326,0.010323783470545578,0,0,0,2,0,1.0,0.27102803738317754,0.17337657096504733,0.12034878510779676,0.9598503187003863,0.504012366947379,0.0,0.17679944095038436,0.0235549404263348
705,107,100.0,107,0,105,2,0,0.0,1.4959134129262988,1.480931986469668,0.8626078740444477,1.1267941955865164,0.5306643717884756,1.2563580748436172,5.5514018691588785,2.8554537426680326,0.3188155796140235,0.0003170590419043073,0.040375733247061334,0.0,0.0003170590419043073,0.018271486688419908,0,0,0,2,0,1.0,0.2616822429906542,0.17296610198076565,0.10709565674411596,0.9494555542225415,0.5079503296477679,0.0,0.13941299790356393,0.023567110579652162
706,107,100.0,107,0,105,2,0,0.0,1.5032035259552292,1.4879024133846184,0.8700117376715969,1.1286082006766662,0.5378833731764654,1.2701534628903202,5.5514018691588785,2.8554537426680326,0.31813551132447015,0.0002729929583293924,0.05868365850677087,0.0,0.0002729929583293924,0.007536087171333916,0,0,0,2,0,1.0,0.24299065420560748,0.17285897216246535,0.10180192834157002,0.9673515357054927,0.5086567609903113,0.0,0.13941299790356393,0.02362946018291625
707,107,100.0,107,0,105,2,0,0.0,1.4945933468271217,1.479899529915829,0.8458437155072851,1.1301875927821528,0.5436711292682171,1.2685224525219247,5.5514018691588785,2.8554537426680326,0.3154054804720656,0.00015025374232738097,0.050227211296423185,0.0,0.00015025374232738097,0.007900541914469261,0,0,0,2,0,1.0,0.27102803738317754,0.17020302958265993,0.09840269452751409,0.9597183473062315,0.5067210566242929,0.0,0.13941299790356393,0.023608958692769473
708,107,100.0,107,0,105,2,0,0.0,1.5023632439580281,1.487734398499221,0.8652713201096309,1.1319008629152092,0.5377734927387166,1.2743435243783394,5.5514018691588785,2.8554537426680326,0.31548204369901467,0.00022484598482476576,0.03428412861717909,0.0,0.00022484598482476576,0.011608095323749013,0,0,0,2,0,1.0,0.27102803738317754,0.1713121278963482,0.10363766543324897,0.9667337305376648,0.5069038220661434,0.0,0.07966457023060795,0.02367226899649219
709,107,100.0,107,0,105,2,0,0.0,1.5006582749896653,1.485933324968799,0.9028796961602066,1.133524068354904,0.5326581299996465,1.273122187914353,5.5514018691588785,2.8554537426680326,0.31795492128712843,0.00030193508820286323,0.05650925882688178,0.0,0.00030193508820286323,0.0059215119896751656,0,0,0,2,0,1.0,0.27102803738317754,0.17604717369633785,0.11094420948636469,0.9652739049278557,0.5097057662475859,0.0,0.07966457023060795,0.02368691909188985
710,107,100.0,107,0,106,1,0,0.0,1.487903155756191,1.4737321646913657,0.8148721305097213,1.1348222051238865,0.5591456148559344,1.3005765702486698,5.5514018691588785,2.8554537426680326,0.31049325294686914,0.00012107018043073188,0.041300962862738884,0.0,0.00012107018043073188,0.0008405436848797354,0,0,0,1,0,1.0,0.2523364485981308,0.1654971571067806,0.10982741205399486,0.9687159522963567,0.49501128459268223,0.0,0.06638714185883995,0.023641677343199913
711,107,100.0,107,0,105,2,0,0.0,1.4788249158769124,1.46460484858164,0.7897306845718634,1.1358747731663463,0.5623477072646825,1.3059415868656277,5.5514018691588785,2.8554537426680326,0.30763350022076397,0.000938809687851902,0.030024271189078466,0.0,0.000938809687851902,-0.001343941844876434,0,0,0,2,0,1.0,0.24299065420560748,0.16191643421156426,0.10893052881630567,0.9656465486555855,0.4855314633965519,0.0,0.07966457023060795,0.023611313940584796
712,107,100.0,107,0,106,1,0,0.0,1.472498320764269,1.458294590893239,0.7678525336954403,1.1367531364237748,0.5632959504385325,1.2889378419939188,5.5514018691588785,2.8554537426680326,0.30695759164920333,7.209103147985025e-05,0.0434305400414904,0.0,7.209103147985025e-05,0.0007969172769493049,0,0,0,1,0,1.0,0.2523364485981308,0.1600248097232134,0.10597249197864077,0.9487388849242085,0.48626777685861144,0.0,0.06464011180992314,0.02359222159327581
713,107,100.0,107,0,106,1,0,0.0,1.4778541032601984,1.463095326395019,0.7452582153171673,1.1377160846499441,0.5694818321690077,1.234223015673751,5.5514018691588785,2.8554537426680326,0.3057322264403506,0.00011160563009061105,0.04693998363646368,0.0,0.00011160563009061105,0.011256228727814177,0,0,0,1,0,1.0,0.2523364485981308,0.15757465658395328,0.10546490634350367,0.9581321657465345,0.4831968768190412,0.0,0.06568832983927324,0.023632748776337507
714,107,100.0,107,0,106,1,0,0.0,1.4701211158810203,1.4554302022329597,0.7351880742832481,1.1384764370751366,0.5802379979835012,1.2759588487583444,5.5514018691588785,2.8554537426680326,0.30266062217471057,0.00032599767224253894,0.05352411896001517,0.0,0.00032599767224253894,0.017880203144030715,0,0,0,1,0,1.0,0.24299065420560748,0.15590798490082047,0.09596779826254206,0.9716586573865216,0.4816192208619656,0.0,0.10307477288609365,0.023604939595332934
715,107,100.0,107,0,104,3,0,0.0,1.467785280938788,1.4537644454289307,0.6994985151380115,1.139177026056543,0.5832299349950696,1.2839035091815203,5.5514018691588785,2.8554537426680326,0.29883529089366023,0.00037285066837217974,0.032838128890247155,0.0,0.00037285066837217974,0.0016487277081946676,0,0,0,3,0,1.0,0.24299065420560748,0.15055346478662554,0.0920516021215032,0.9772910583594016,0.4763248477203545,0.0,0.06568832983927324,0.023603262917766914
716,107,100.0,107,0,104,3,0,0.0,1.471939195766424,1.457840040909696,0.6698703262013692,1.1399507114386123,0.6004648278840269,1.341357979879213,5.5514018691588785,2.8554537426680326,0.2958079996866292,0.001007251292831798,0.043308084941417135,0.0,0.001007251292831798,0.0012934896464282992,0,0,0,3,0,1.0,0.24299065420560748,0.1461864947791483,0.09325214581904659,0.9657038903890636,0.47181000444287585,0.0,0.10307477288609365,0.02363507860600448
717,107,100.0,107,0,104,3,0,0.0,1.4671198186960375,1.4534339867503134,0.6673463247224991,1.1406016543217645,0.6011386103651951,1.3265470072839394,5.5514018691588785,2.8554537426680326,0.2950081925962269,0.0006605208960961721,0.0409534113360242,0.0,0.0006605208960961721,0.0031599365769522936,0,0,1,2,0,1.0,0.2523364485981308,0.14577104771910102,0.073016384233703,0.975284442604246,0.47396056580506574,0.0,0.10307477288609365,0.023620275407112347
718,107,100.0,107,0,105,2,0,0.0,1.4613348966659423,1.4471815250962476,0.6950793568969174,1.141091180911749,0.6025008987517376,1.3594283320175629,5.5514018691588785,2.8554537426680326,0.2978105039343577,0.0007160357432353783,0.04426876972307045,0.0,0.0007160357432353783,0.007103912032680626,0,0,1,1,0,1.0,0.24299065420560748,0.15016011611166713,0.07322520825275528,0.9721777943245041,0.4782360930593051,0.0,0.10307477288609365,0.02359833989962941
719,107,100.0,107,0,103,4,0,0.0,1.4673199280377527,1.4535422928758093,0.7275924101501134,1.1417120323216976,0.606463999930762,1.3751297019046393,5.5514018691588785,2.8554537426680326,0.29759327551516024,0.0005328833817647522,0.03524619735429779,0.0,0.0005328833817647522,0.002570352598136136,0,0,0,4,0,1.0,0.24299065420560748,0.15230340367676456,0.06142613086667361,0.9788115222101833,0.4826216868521553,0.0,0.14046121593291405,0.02363712911889935
720,107,100.0,107,0,103,4,0,0.0,1.4647453042979586,1.4508867339978204,0.7363226631118552,1.1422544930025282,0.6212900412275755,1.3773155125164653,5.5514018691588785,2.8554537426680326,0.29714649770576895,0.0007755536228860979,0.04181137222160959,0.0,0.0007755536228860979,-0.009847865523883198,0,0,0,4,0,1.0,0.2523364485981308,0.15332565524157898,0.07041039314985359,0.9756823217054651,0.48371079775172193,0.0,0.07966457023060795,0.023632000857107018
721,107,100.0,107,0,103,4,0,0.0,1.4602182903442111,1.4471688897805983,0.7056664635189297,1.142696534912068,0.624564079839036,1.4328282292926249,5.5514018691588785,2.8554537426680326,0.2922684078319189,0.0006512773932244081,0.04513301331708254,0.0,0.0006512773932244081,-0.0021728178532556264,0,0,0,4,0,1.0,0.2523364485981308,0.14863433036151372,0.06309589120123106,0.9810192083259398,0.47634307431784584,0.0,0.07966457023060795,0.02361567693846334
722,107,100.0,107,0,105,2,0,0.0,1.4642177068079862,1.4505922173466872,0.6903268433660218,1.143204155747445,0.625064479242826,1.4173309789383222,5.5514018691588785,2.8554537426680326,0.29272612688194943,0.0003455605351659718,0.03219161096848179,0.0,0.0003455605351659718,-0.007920227868844332,0,0,1,1,0,1.0,0.2523364485981308,0.14731931663641998,0.07162067400454492,0.9689104688798504,0.4735554649266833,0.0,0.13941299790356393,0.023642921459853382
723,107,100.0,107,0,105,2,0,0.0,1.4658784729238763,1.4520211247727435,0.6647187571117679,1.1437299231371412,0.6311173363166178,1.46719422730022,5.5514018691588785,2.8554537426680326,0.29076890821743184,0.000901876345982931,0.04900362911696947,0.0,0.000901876345982931,0.0028072766776331415,0,0,0,2,0,1.0,0.2523364485981308,0.14400284010814804,0.07104443466015045,0.9687455042838922,0.4675984265704679,0.0,0.13941299790356393,0.023658731812736235
724,107,100.0,107,0,106,1,0,0.0,1.4688938221567012,1.454749369954506,0.665579856949155,1.144303000505552,0.6461682734136163,1.4927556387105878,5.5514018691588785,2.8554537426680326,0.28956629741609197,0.0005967709829886437,0.06100683232424042,0.0,0.0005967709829886437,-0.011294575835256615,0,0,0,1,0,1.0,0.2336448598130841,0.14326624196480678,0.0766278155612432,0.9848992630595967,0.4631345553980257,0.0,0.07966457023060795,0.023681990538482696
725,107,100.0,107,0,106,1,0,0.0,1.4596733976940701,1.4452631899322699,0.6699076530960313,1.1446430151288132,0.6551050553386918,1.4747001105744244,5.5514018691588785,2.8554537426680326,0.2891523917377876,0.0005663037016921705,0.044773695235025564,0.0,0.0005663037016921705,0.0023891072619313114,0,0,0,1,0,1.0,0.24299065420560748,0.14409927003364323,0.06676471413531312,0.9565134741177883,0.4663052100810614,0.0,0.10202655485674356,0.02364074289631231
726,107,100.0,107,0,106,1,0,0.0,1.4739186520872496,1.4598856256859216,0.6986326021125262,1.1453073503029862,0.6450075265350674,1.4709155742035445,5.5514018691588785,2.8554537426680326,0.28987915365537087,0.00016399438452576303,0.050872940669669714,0.0,0.00016399438452576303,-0.019945518419124286,0,0,0,1,0,1.0,0.21495327102803738,0.14567210358668536,0.05274884551300911,0.9876587461365697,0.47408271494746135,0.0,0.07966457023060795,0.0237214540600756
727,107,100.0,107,0,106,1,0,0.0,1.4677807508573784,1.4538002185507253,0.7212705541877905,1.1458137029049253,0.6217985509397783,1.4471865675422175,5.5514018691588785,2.8554537426680326,0.29365582569574467,6.912453393527685e-05,0.025788264315283235,0.0,6.912453393527685e-05,-0.01258679964174203,0,0,0,1,0,1.0,0.2523364485981308,0.15021237343370217,0.06128244471813341,0.9795929544664759,0.4802325299605009,0.0,0.11705101327742837,0.02369799388608782
728,107,100.0,107,0,106,1,0,0.0,1.4680711993395577,1.4537353980498442,0.6933408305449771,1.1463041161070073,0.6212708866272858,1.4296476561981715,5.5514018691588785,2.8554537426680326,0.291454644436691,8.556495048563586e-05,0.0492134313978492,0.0,8.556495048563586e-05,-0.021322017187518028,0,0,0,1,0,1.0,0.2523364485981308,0.1467225867275379,0.06451253612501834,0.9842088711493715,0.47516683936053306,0.0,0.11705101327742837,0.023706447889565413
729,107,100.0,107,0,105,2,0,0.0,1.4718414064279002,1.4574801288947326,0.7367895990914385,1.146866069032606,0.5944006660616917,1.420680824737646,5.5514018691588785,2.8554537426680326,0.29536690857356995,0.0012595021739389032,0.027721507075619232,0.0,0.0012595021739389032,0.010595040471094191,0,0,0,2,0,1.0,0.2616822429906542,0.15243629558682015,0.060817649250534414,0.9771978182029106,0.48441353869493203,0.0,0.15443745632424877,0.02373332207793015
730,107,100.0,107,0,105,2,0,0.0,1.4760588825773535,1.461342540644082,0.7636117060382063,1.1475002071570417,0.5953034434081391,1.400170769483889,5.5514018691588785,2.8554537426680326,0.2980582275722654,0.0013284143811903204,0.04100364198958107,0.0,0.0013284143811903204,0.01040247829700297,0,0,0,2,0,1.0,0.24299065420560748,0.15565808420774493,0.06848837355701579,0.9901843045686912,0.48594086431964806,0.0,0.11705101327742837,0.023763463219081356
731,107,100.0,107,0,104,3,0,0.0,1.4669098529786144,1.4517361885691564,0.7207795034420428,1.147896793808784,0.5928590137969646,1.3911386724381491,5.5514018691588785,2.8554537426680326,0.29892731352817314,0.0012626203380131996,0.045573174627986546,0.0,0.0012626203380131996,0.00010799805825321511,0,0,0,3,0,1.0,0.27102803738317754,0.15343122162252576,0.07715935744651854,0.9816702531427197,0.48331487453065597,0.0,0.15443745632424877,0.02372338024528271
732,107,100.0,107,0,103,4,0,0.0,1.469638803059898,1.45386877531975,0.6872112381339476,1.1483307721346845,0.6010245389161956,1.3874990229130728,5.5514018691588785,2.8554537426680326,0.2964067343641439,0.001110585582430306,0.04407396611460979,0.0,0.001110585582430306,0.010041659532995392,0,0,1,3,0,1.0,0.27102803738317754,0.14940429487684215,0.08870607326540057,0.9846408897005433,0.4765981459463085,0.0,0.11705101327742834,0.023743221020863774
733,107,100.0,107,0,103,4,0,0.0,1.4707951814312095,1.4551983500534753,0.717113014967481,1.1487827307234324,0.5915487524342242,1.3802833918024817,5.5514018691588785,2.8554537426680326,0.2992169998832652,0.00091263046028053,0.044342040476564586,0.0,0.00091263046028053,0.005984056892066741,0,0,0,4,0,1.0,0.24299065420560748,0.15334690867923517,0.08455465465626692,0.9742949016798396,0.48260567822128037,0.0,0.17784765897973445,0.023755455646939188
734,107,100.0,107,0,102,5,0,0.0,1.4756085337831075,1.459735561432373,0.7541420152462702,1.1493254302214477,0.5731417417603455,1.3414364548008044,5.5514018691588785,2.8554537426680326,0.30273028540771607,0.0007661960193208807,0.04064455850392863,0.0,0.0007661960193208807,0.009020249435291682,0,0,0,5,0,1.0,0.2523364485981308,0.15821898099534765,0.07952101781406545,0.9634011873425836,0.48980303061299285,0.0,0.14046121593291405,0.02378727067526244
735,107,100.0,107,0,102,5,0,0.0,1.4950210266252657,1.478358292840427,0.7888866978845307,1.1502780439711182,0.574630311782043,1.3240402638263031,5.5514018691588785,2.8554537426680326,0.3065979242123664,0.001026164989847768,0.0402189690711588,0.0,0.001026164989847768,0.01118129852217491,0,0,0,5,0,1.0,0.2336448598130841,0.16167497089798716,0.08564338811717595,0.9706648804422133,0.49610970425897155,0.0,0.17784765897973445,0.023897933861957297
736,107,100.0,107,0,103,4,0,0.0,1.4902368905706054,1.4736248889287367,0.7381724103383761,1.151095328148499,0.5876547373490587,1.3121633336847565,5.5514018691588785,2.8554537426680326,0.3029397906403788,0.0006234065210099501,0.041518253674117045,0.0,0.0006234065210099501,0.004374483888575573,0,0,0,4,0,1.0,0.2336448598130841,0.15596065808711074,0.08720512326068298,0.9692811605753225,0.48877722462521117,0.0,0.14046121593291405,0.02388568176749962
737,107,100.0,107,0,105,2,0,0.0,1.487859892218905,1.4708804232239565,0.7495561578660773,1.151826581595301,0.5812724771445031,1.2372718683640047,5.5514018691588785,2.8554537426680326,0.3058728498086152,0.00020465022845848982,0.03619216901165953,0.0,0.00020465022845848982,-0.004864132383996106,0,0,1,1,0,1.0,0.2616822429906542,0.1586102679814016,0.08777628916333013,0.9724694585909538,0.49462314319474604,0.0,0.14046121593291405,0.02388423707769867
738,107,100.0,107,0,105,2,0,0.0,1.4861783035694114,1.4690641239715678,0.7447574426816554,1.152495463570205,0.574167578661957,1.239687460778152,5.5514018691588785,2.8554537426680326,0.30573913743558223,0.0007144939816780319,0.04946488569417834,0.0,0.0007144939816780319,-0.005158295281306791,0,0,0,2,0,1.0,0.2616822429906542,0.1583775003184405,0.08726411938013261,0.9572554993542919,0.4965559821052214,0.0,0.21523410202655485,0.02388537894214441
739,107,100.0,107,0,105,2,0,0.0,1.4881292453705672,1.47105138259929,0.7511599255698425,1.1531906421304108,0.5770963278335969,1.2607456443098815,5.5514018691588785,2.8554537426680326,0.3049868955712758,0.0007193509797803776,0.04979851845939216,0.0,0.0007193509797803776,-0.0018668878182201976,0,0,0,2,0,1.0,0.2616822429906542,0.158013991877954,0.09294086813962303,0.9418386086195121,0.49493757581755743,0.0,0.21523410202655485,0.023905058902258004
740,107,100.0,107,0,105,2,0,0.0,1.4807784864653952,1.4638821980522865,0.7592173197676749,1.1537021999896286,0.5796063384735919,1.261956241159871,5.5514018691588785,2.8554537426680326,0.30425696592211526,0.000485849259802102,0.04210640120418231,0.0,0.000485849259802102,-0.003826668172687675,0,0,0,2,0,1.0,0.24299065420560748,0.1585849191230165,0.08942706490056383,0.947773033497938,0.49686098161907155,0.0,0.21523410202655485,0.023875608756750617
741,107,100.0,107,0,105,2,0,0.0,1.4712043212704862,1.4544502233659689,0.7203315651054277,1.1539836900114593,0.5908124918503729,1.2734649052292686,5.5514018691588785,2.8554537426680326,0.30131015760959245,0.00048741455044211114,0.04985354285448978,0.0,0.00048741455044211114,-0.007641992357322769,0,0,0,2,0,1.0,0.2616822429906542,0.1545771216125123,0.0917124190969494,0.9543092966465763,0.4915466626885164,0.0,0.21523410202655485,0.023831756839457874
742,107,100.0,107,0,104,3,0,0.0,1.46945051613632,1.4523101386112203,0.6775540624145175,1.1542082549117454,0.5915743113332016,1.2614610093478744,5.5514018691588785,2.8554537426680326,0.29803198975034473,0.0004620543933339881,0.046917706016624205,0.0,0.0004620543933339881,0.00605100830943887,0,0,0,3,0,1.0,0.24299065420560748,0.14946694697738822,0.10149780460127805,0.9529298867327802,0.482947405042532,0.0,0.17784765897973442,0.02382619398721201
743,107,100.0,107,0,103,4,0,0.0,1.4746298176656978,1.4570539403977416,0.7036641536147337,1.1545347731177085,0.5840164854121629,1.2456277778651828,5.5514018691588785,2.8554537426680326,0.3034691830437046,0.00025967112886193686,0.04316722076067929,0.0,0.00025967112886193686,0.00449639079981437,0,0,0,4,0,1.0,0.2523364485981308,0.1543997788577168,0.1062160680786463,0.9580519729744366,0.49223926524633144,0.0,0.17784765897973442,0.023856752283025234
744,107,100.0,107,0,103,4,0,0.0,1.485987770939791,1.4687825808262491,0.7270938903917935,1.1551198924690018,0.5712416314122101,1.220417087533659,5.5514018691588785,2.8554537426680326,0.3062726030797862,0.0002800742791941264,0.03829646007129354,0.0,0.0002800742791941264,-0.0005461473435807163,0,0,0,4,0,1.0,0.24299065420560748,0.1566186539720034,0.09114076695638827,0.9595429655418275,0.4984645717239576,0.0,0.14046121593291402,0.023921895955603487
745,107,100.0,107,0,104,3,0,0.0,1.4874830754061137,1.470639233724857,0.7193535347302751,1.1557307166996256,0.5660363560745566,1.1625841256068776,5.5514018691588785,2.8554537426680326,0.30541246706567793,0.00036834014514890737,0.04226992100675351,0.0,0.00036834014514890737,-0.003599136917480039,0,0,0,3,0,1.0,0.24299065420560748,0.15556614402883442,0.09497079704025559,0.9598506132117677,0.4993295765130156,0.0,0.21523410202655485,0.02393809337961234
746,107,100.0,107,0,102,5,0,0.0,1.481312220183206,1.4646696723232449,0.726570505752099,1.1561877326753243,0.5672082080627141,1.1606935098979432,5.5514018691588785,2.8554537426680326,0.3073630284004967,0.0215918921159804,0.04560558305565474,0.0,0.0215918921159804,-0.003515805450109133,0,0,0,5,0,0.8,0.2523364485981308,0.15768404313686463,0.09485542128891097,0.9541322621088588,0.5027096954217514,0.0,0.21523410202655485,0.02391376404338914
747,107,100.0,107,0,103,4,0,0.0,1.4770748499649051,1.4601138426420786,0.6894011555045894,1.1565276270839278,0.5931691933751781,1.2440587102448337,5.5514018691588785,2.8554537426680326,0.30281597660287196,0.029291956674504568,0.04392940234054877,0.0,0.029291956674504568,0.008060381047717294,0,0,0,4,0,0.75,0.24299065420560748,0.15264688963579792,0.10590384383561877,0.9562374468803261,0.49033191035514123,0.0,0.21523410202655485,0.023897429956103427
748,107,100.0,107,0,103,4,0,0.0,1.4893232917940225,1.472741851236151,0.7226749308907694,1.1571462855201389,0.5737328815388464,1.2243888885010445,5.5514018691588785,2.8554537426680326,0.3052612220629629,0.03479304912558453,0.05350542403963746,0.0,0.03479304912558453,-0.00024173102064121987,0,0,0,4,0,0.75,0.2523364485981308,0.15558441847926524,0.08858783182499033,0.965842561456997,0.4994936829159587,0.0,0.19182389937106914,0.023967504917984574
749,107,100.0,107,0,104,3,0,0.0,1.4980954877813921,1.4816070685469318,0.7234201994191399,1.157949792194476,0.5760889261658072,1.2454902882102816,5.5514018691588785,2.8554537426680326,0.3039187733476745,0.04864256020151154,0.04935855949340213,0.0,0.04864256020151154,-0.00510655151402221,0,0,1,2,0,0.6666666666666666,0.2336448598130841,0.1542565323332996,0.10191495050939721,0.9634771297794129,0.49614944249159865,0.0,0.21523410202655485,0.024022837778623896
750,107,100.0,107,0,103,4,0,0.0,1.5078042731753347,1.4914857960778476,0.730463277024511,1.1589560211034156,0.5744016056460133,1.2404089181388935,5.5514018691588785,2.8554537426680326,0.3039318501340533,0.04056454771457031,0.049498021764761604,0.0,0.04056454771457031,0.0016028304580811142,0,0,1,3,0,0.75,0.2336448598130841,0.15370688079466735,0.10203659920744365,0.9588022462592499,0.49582383740830116,0.0,0.22921034241788957,0.02408574790611367
751,107,100.0,107,0,102,5,0,0.0,1.50454170537082,1.4884375175871245,0.7394875012566735,1.159863883865515,0.575752898572815,1.2514338121606923,5.5514018691588785,2.8554537426680326,0.3044779217787621,0.031513773802503,0.04966053046061134,0.0,0.031513773802503,0.001809641828378028,0,0,0,5,0,0.8,0.2336448598130841,0.15481317452037602,0.10265652240751323,0.9568752053211702,0.49452558126403345,0.0,0.2292103424178896,0.024082396867700428
752,107,100.0,107,0,101,6,0,0.0,1.5194157908752113,1.503336537602249,0.7561673659418975,1.16108617072611,0.5711433173118657,1.238447702457502,5.5514018691588785,2.8554537426680326,0.30417239197537715,0.059053960320606926,0.05281209711046695,0.0,0.059053960320606926,0.00012018242568679709,0,0,0,6,0,0.6666666666666666,0.2336448598130841,0.1549464439795603,0.10122651871119957,0.9588022462592499,0.4942431699440565,0.0,0.22921034241788957,0.024174218213175884
753,107,100.0,107,0,103,4,0,0.0,1.515371977753333,1.4991294285806194,0.7549273696292365,1.162177450109185,0.5713313610526083,1.2321738641552311,5.5514018691588785,2.8554537426680326,0.30667215157738514,0.07563652712403034,0.041226373993439216,0.0,0.07563652712403034,0.009819097255501105,0,0,0,4,0,0.5,0.2803738317757009,0.15645193002672309,0.11856197992505604,0.956653954823532,0.4967941634330443,0.0,0.2292103424178896,0.024169579636559982
754,107,100.0,107,0,102,5,0,0.0,1.5141341135930084,1.4974326868180716,0.7544832946663343,1.1631988087733431,0.5854713524867998,1.2533592657610062,5.5514018691588785,2.8554537426680326,0.3052577626431836,0.06655500322028493,0.03905971602519491,0.0,0.06655500322028493,0.008682180391446016,0,0,0,5,0,0.6,0.2803738317757009,0.15636249435933272,0.1293623930067188,0.9493471888779705,0.4925771994297014,0.0,0.26659678546471,0.02417797252785924
755,107,100.0,107,0,103,4,0,0.0,1.5139682423304264,1.496598631587905,0.7591495750859373,1.164171950164271,0.5754611306501666,1.2350346317501073,5.5514018691588785,2.8554537426680326,0.3081654426917213,0.026596319002123253,0.042720344089548314,0.0,0.026596319002123253,-0.005564925529704667,0,0,1,3,0,0.75,0.2803738317757009,0.15825643634513106,0.133027018105315,0.9515545266208949,0.49582105599480747,0.0,0.2292103424178896,0.024191036972680685
756,107,100.0,107,0,101,6,0,0.0,1.5259783297159082,1.5086249892782382,0.7535348149034281,1.1653920296175504,0.5702700807217705,1.2173814565441776,5.5514018691588785,2.8554537426680326,0.3072040565946983,0.057929882760843106,0.040982591738173445,0.0,0.057929882760843106,0.006612172799214726,0,0,0,6,0,0.6666666666666666,0.308411214953271,0.15620712944152543,0.13319519981939004,0.929822341254979,0.4921404417807374,0.0,0.26659678546471,0.024268506811814188
757,106,99.06542056074767,107,1,104,2,0,0.009345794392523364,1.5217279811592086,1.5078189535222892,0.778887710799861,1.1664867406544113,0.5687306497605965,1.232691684554909,5.5514018691588785,2.8554537426680326,0.31112927372389376,0.11747992281013027,0.04360826933384911,0.0,0.11747992281013027,0.0077074098622955944,0,1,0,2,0,0.3333333333333333,0.2897196261682243,0.16084132859167455,0.13575735351624152,0.9573340357871687,0.49907942774293523,0.009345794392523364,0.22921034241788957,0.02426288455266741
758,105,98.13084112149532,107,1,102,3,1,0.009345794392523364,1.5163698948878692,1.5009384437043716,0.7404194390709933,1.1674965417691752,0.5835202400712171,1.2826218936705485,5.5514018691588785,2.8554537426680326,0.3079192809347584,0.06707170826078347,0.046258684603673446,0.0,0.06707170826078347,0.0009765243233319065,0,2,0,3,0,0.4,0.2616822429906542,0.1565113955497131,0.14853108775308302,0.9568177714162177,0.48704219348501393,0.009345794392523364,0.2292103424178896,0.02425051132317323
759,105,98.13084112149532,107,0,104,3,0,0.0,1.5188509409304567,1.5031411814230131,0.7785703356391579,1.1684964189697298,0.5727115730436597,1.2677169931959194,5.5514018691588785,2.8554537426680326,0.3094992649822481,0.000329644342971753,0.04053094337486628,0.0,0.000329644342971753,0.0026475263138079907,0,0,1,2,0,1.0,0.2897196261682243,0.160099136497623,0.13731697197850473,0.9682997222744729,0.4900336049204137,0.0,0.19182389937106917,0.024277192068858824
760,105,98.13084112149532,107,0,103,4,0,0.0,1.5253409325279528,1.5097236235608342,0.7863243336037873,1.1696181120116456,0.5772861258155082,1.2805000716138868,5.5514018691588785,2.8554537426680326,0.30717387843444155,0.00132075460653076,0.04898818297536092,0.0,0.00132075460653076,-0.004812394166283068,0,0,0,4,0,1.0,0.2616822429906542,0.15879980386446657,0.14721623718956936,0.9591569001086069,0.48440028069770025,0.0,0.19182389937106917,0.024325656739819623
761,105,98.13084112149532,107,0,103,4,0,0.0,1.5229471813684592,1.5077693543283193,0.747665011661711,1.1706631330244615,0.575003606234416,1.253637010694394,5.5514018691588785,2.8554537426680326,0.30494930193741054,0.006255098329476234,0.049632814076388934,0.0,0.006255098329476234,-0.009882356874538728,0,0,0,4,0,1.0,0.2616822429906542,0.15425523319602905,0.1416001137755562,0.9521866865862886,0.4816707859810747,0.0,0.15443745632424877,0.024328608029833214
762,106,99.06542056074767,107,0,103,4,0,0.0,1.5156075471120851,1.5007051602504282,0.7416372875069127,1.1715169421103064,0.5801898002968504,1.2739684626984054,5.5514018691588785,2.8554537426680326,0.30264415752265483,0.0026611445862404397,0.05441108062707645,0.0,0.0026611445862404397,-0.007566693178958528,0,0,0,4,0,1.0,0.2803738317757009,0.15280715518575713,0.1353145543338971,0.9557773353685799,0.47932582233806703,0.0,0.11705101327742837,0.024304099920299846
763,107,100.0,107,0,102,5,0,0.0,1.5209229331238854,1.5068130775023902,0.7734454957867535,1.1724858980740702,0.5649682357812412,1.2870304193039686,5.5514018691588785,2.8554537426680326,0.3048091435508904,0.06271869422612618,0.049012544492538376,0.0,0.06271869422612618,0.00912315267739262,0,0,1,4,0,0.6,0.24299065420560748,0.15578897328488442,0.11526365442219232,0.9514015806946848,0.4886401428522797,0.0,0.19182389937106917,0.024344510895024894
764,106,99.06542056074767,107,1,102,4,0,0.009345794392523364,1.528312768021034,1.516633778694887,0.7555065066539126,1.1735817706632061,0.5708773227790546,1.2883531804954238,5.5514018691588785,2.8554537426680326,0.3059862917084273,0.053419378470746126,0.05073030611099409,0.0,0.053419378470746126,0.0015045277369102994,0,1,0,4,0,0.6,0.24299065420560748,0.1544416314711421,0.144390383273884,0.9433397876975704,0.4810463801422507,0.009345794392523364,0.1918238993710692,0.024397106136941314
765,105,98.13084112149532,107,1,100,6,0,0.009345794392523364,1.5246122904101047,1.5093698290566573,0.729914050645106,1.1746365276894235,0.5840156913652816,1.3078158150732528,5.5514018691588785,2.8554537426680326,0.30433130877425096,0.06652369608497852,0.044897455870451526,0.0,0.06652369608497852,0.012303522203360593,0,1,0,6,0,0.7142857142857143,0.2336448598130841,0.1524922508956442,0.1870773669151742,0.9509947679668888,0.4676692465387278,0.009345794392523364,0.15443745632424877,0.024393662798377257
766,105,98.13084112149532,107,0,103,4,0,0.0,1.539680380075269,1.5237627732541288,0.7453021782009404,1.1759035979073842,0.5756059743460561,1.2927506694409991,5.5514018691588785,2.8554537426680326,0.30761257790623775,0.032916480925147845,0.04134707843138599,0.0,0.032916480925147845,0.006016650958125938,0,0,0,4,0,0.75,0.2336448598130841,0.154750501176818,0.19559350687646998,0.9436116289743239,0.47207673044259957,0.0,0.15443745632424877,0.024487093548683572
767,104,97.19626168224299,107,1,103,3,0,0.009345794392523364,1.5430510053966626,1.5306741734407279,0.7362067120376404,1.1772111266599674,0.5718886930783904,1.251186634756022,5.5514018691588785,2.8554537426680326,0.30685680989099895,0.0324172950440039,0.046897925007201205,0.0,0.0324172950440039,0.0069930609341321,0,1,0,3,0,0.75,0.24299065420560748,0.1535091416747566,0.21394378180312934,0.9260414952832047,0.4621680352197672,0.009345794392523364,0.19182389937106917,0.02452261461464159
768,104,97.19626168224299,107,0,103,4,0,0.0,1.5585389965826513,1.5460272994626196,0.7573773894420797,1.1789132829927904,0.5672632449733651,1.2773933927953467,5.5514018691588785,2.8554537426680326,0.30776933393929196,0.0005136808989741997,0.04460205006789995,0.0,0.0005136808989741997,-0.001073902264790802,0,0,0,4,0,1.0,0.22429906542056074,0.15458511894617968,0.2156358749239591,0.9477786114123393,0.4651634447495848,0.0,0.15443745632424874,0.02462435671392736
769,105,98.13084112149532,107,0,105,2,0,0.0,1.5508181542063555,1.538377726964401,0.7750365293492195,1.1803920910355434,0.570020995209001,1.2913812908512046,5.5514018691588785,2.8554537426680326,0.3104706145002534,0.0011146976968885486,0.045302555881809564,0.0,0.0011146976968885486,0.0077936324848024985,0,0,0,2,0,1.0,0.2336448598130841,0.15803119731208584,0.22413261901259873,0.9630867021812552,0.4673450959934486,0.0,0.15443745632424874,0.02460686584184772
770,106,99.06542056074767,107,0,104,3,0,0.0,1.551356283432119,1.5391384733603635,0.7965055426410331,1.1818460506078414,0.5666964495810767,1.2395103796932236,5.5514018691588785,2.8554537426680326,0.30979224527284566,0.0005355848290155607,0.03826525537258759,0.0,0.0005355848290155607,0.013332565521328776,0,0,0,3,0,1.0,0.2336448598130841,0.15865548460140588,0.21487275955658214,0.9534550338668325,0.46828044510566186,0.0,0.15443745632424877,0.024630315059488567
771,106,99.06542056074767,107,0,102,5,0,0.0,1.5468348599769604,1.5346709476823337,0.7975394170944456,1.1831564385337727,0.5521798188921536,1.32374443418699,5.5514018691588785,2.8554537426680326,0.3079714239715958,0.022334972350411257,0.04224527937266148,0.0,0.022334972350411257,0.015855436211240338,0,0,0,5,0,0.8,0.21495327102803738,0.15793525133916397,0.2027124246303256,0.9612775944391789,0.4681984948480602,0.0,0.15443745632424874,0.02462641670275001
772,107,100.0,107,0,102,5,0,0.0,1.5773212161854813,1.5644723211678173,0.8413667132708778,1.1851101804862758,0.5391202028021097,1.303202901979248,5.5514018691588785,2.8554537426680326,0.31094759061104527,0.02208892087716352,0.04642651126180937,0.0,0.02208892087716352,0.008201089764495273,0,0,1,4,0,0.8,0.22429906542056074,0.1609938378891249,0.21795195360956637,0.9588785928204051,0.46846392736616954,0.0,0.1918238993710692,0.02480674258264503
773,106,99.06542056074767,107,1,101,5,0,0.009345794392523364,1.5724081380105412,1.5592202682070764,0.8094893043718906,1.186890732549617,0.549237731861488,1.292551220769956,5.5514018691588785,2.8554537426680326,0.3090681165604592,0.022562793395386017,0.041146159397802785,0.0,0.022562793395386017,0.011545135597258236,0,1,0,5,0,0.8333333333333334,0.205607476635514,0.1581820605818799,0.22223051843890224,0.9585700686566436,0.46426397151771137,0.009345794392523364,0.21069182389937105,0.02480759861203674
774,106,99.06542056074767,107,0,100,7,0,0.0,1.558806323196101,1.5459641099610488,0.7766290251222561,1.1883150487361984,0.555687733559525,1.2992019263671624,5.5514018691588785,2.8554537426680326,0.30493906707408036,0.02323998763905429,0.040786360975749676,0.0,0.02323998763905429,0.01555983539076192,0,0,0,7,0,0.8571428571428571,0.22429906542056074,0.15420382641371042,0.22338529111499425,0.9559208193578395,0.45944141552257356,0.0,0.21069182389937105,0.024759924882893122
775,106,99.06542056074767,107,0,102,5,0,0.0,1.5480371573047527,1.5355360162224447,0.7873103384513014,1.189460478718565,0.5445621626270026,1.2981792031573898,5.5514018691588785,2.8554537426680326,0.3090167286909935,0.01942078944845336,0.049182919920567544,0.0,0.01942078944845336,0.003832171145208241,0,0,0,5,0,0.8,0.2336448598130841,0.15764897416631754,0.1955763557438584,0.956415172614518,0.4676149707920545,0.0,0.17330538085255062,0.024722432665086943
776,106,99.06542056074767,107,0,103,4,0,0.0,1.5438612502880622,1.531571550080742,0.812262192364764,1.1904826386801737,0.5417211809200408,1.272732520744219,5.5514018691588785,2.8554537426680326,0.3110205116678091,0.00040523448326577606,0.04675545313536982,0.0,0.00040523448326577606,-0.0032354406715758843,0,0,0,4,0,1.0,0.2336448598130841,0.16088550130663629,0.1857024743954155,0.9504221163509419,0.47238326266003033,0.0,0.24807826694619148,0.0247161467824434
777,106,99.06542056074767,107,0,102,5,0,0.0,1.5414717575619148,1.5290138348272606,0.8188288359568499,1.1914171838361574,0.5488175239429317,1.2849955049334214,5.5514018691588785,2.8554537426680326,0.3123569672295292,0.0018272290707217905,0.0516931523069357,0.0,0.0018272290707217905,0.0034692365002216285,0,0,0,5,0,1.0,0.2523364485981308,0.16232153123407297,0.19034187899430233,0.9575717004099907,0.47045361688021237,0.0,0.21069182389937108,0.02471754207112939
778,107,100.0,107,0,103,4,0,0.0,1.551793827533721,1.5381714466218732,0.8289227255881311,1.1925342365824902,0.556284211666721,1.2687488382646126,5.5514018691588785,2.8554537426680326,0.3165041374958537,0.0004945684627967098,0.047419214822882166,0.0,0.0004945684627967098,-0.006595177333512475,0,0,0,4,0,1.0,0.2523364485981308,0.16590310909719297,0.21978776893456906,0.9420198621456033,0.4737623055290239,0.0,0.21069182389937102,0.02478510088321479
779,107,100.0,107,0,102,5,0,0.0,1.5466580614605252,1.5333428287439455,0.85132166949948,1.1935090892444382,0.5574165032432608,1.298079672642353,5.5514018691588785,2.8554537426680326,0.3173552168930769,0.020658219496960114,0.05952048308338771,0.0,0.020658219496960114,-0.004054325623121335,0,0,1,4,0,0.8,0.27102803738317754,0.16799230843556584,0.20655530569484237,0.9498879345883192,0.4791231335013322,0.0,0.2854647099930119,0.024773340286259354
780,107,100.0,107,0,101,6,0,0.0,1.5514397626935914,1.5385336500251605,0.9010418265587308,1.1945746826400052,0.5436530108005286,1.272383549573088,5.5514018691588785,2.8554537426680326,0.32012258873502697,0.046788154002190996,0.04665054828879969,0.0,0.046788154002190996,0.016990045454564867,0,0,0,6,0,0.8333333333333334,0.27102803738317754,0.17248087118146185,0.19110897548196198,0.956730324626824,0.4880193151363262,0.0,0.24807826694619148,0.02481246255567236
781,107,100.0,107,0,101,6,0,0.0,1.5577822141866546,1.544669016120954,0.8989152353809201,1.195750002541724,0.5330055645592888,1.2585316945425782,5.5514018691588785,2.8554537426680326,0.3225558266786881,0.017477875204501264,0.04794946172025549,0.0,0.017477875204501264,-0.00024089365131576648,0,0,0,6,0,0.8333333333333334,0.2803738317757009,0.17365398856659145,0.18965127057460832,0.9577592708252285,0.49055197906578124,0.0,0.21069182389937108,0.02486095517119865
782,106,99.06542056074767,107,1,100,6,0,0.009345794392523364,1.5631277720201384,1.5465695827690082,0.9362865386642842,1.1969997432024775,0.5368871926972003,1.286381481606125,5.5514018691588785,2.8554537426680326,0.326109174064537,0.02326305050337561,0.04179595363598153,0.0,0.02326305050337561,0.022615620298892327,0,1,0,6,0,0.8571428571428571,0.2803738317757009,0.17871852745975422,0.20346271272962224,0.9552988583096911,0.48710195543749396,0.009345794392523364,0.26659678546471,0.024905525843601634
783,105,98.13084112149532,107,1,101,5,0,0.009345794392523364,1.5618252551459582,1.5428751247665655,0.9178104839856676,1.1981203529207056,0.5605690493623615,1.317582726103396,5.5514018691588785,2.8554537426680326,0.32272875231997644,0.027605792096027926,0.04373615883529177,0.0,0.027605792096027926,0.021657290225411453,0,1,0,5,0,0.6666666666666666,0.2803738317757009,0.17582215002060753,0.20978027992852405,0.9438923460077566,0.48425897536264656,0.009345794392523364,0.26659678546471,0.024915012505300656
784,105,98.13084112149532,107,0,103,4,0,0.0,1.5595271688604342,1.540402280942446,0.9413974565352546,1.1990969601282158,0.5636139283418922,1.3345387348764868,5.5514018691588785,2.8554537426680326,0.3229441783829665,0.001111440242562761,0.05397793320937924,0.0,0.001111440242562761,0.001330979707652294,0,0,1,3,0,1.0,0.308411214953271,0.17826332268751532,0.20779743114328866,0.957795742218476,0.4859441167156188,0.0,0.2292103424178896,0.024917465357402042
785,105,98.13084112149532,107,0,104,3,0,0.0,1.5612798538988262,1.5427471165437525,0.9569220633805037,1.2000992453254173,0.5527861706454472,1.3158273359609147,5.5514018691588785,2.8554537426680326,0.3237028407025586,0.0005347350972340464,0.05367471378022536,0.0,0.0005347350972340464,-0.006418085060742078,0,0,1,2,0,1.0,0.2897196261682243,0.17947196927700038,0.19602393720567135,0.9499941232798101,0.48986709381960813,0.0,0.26659678546471,0.024940538677681853
786,105,98.13084112149532,107,0,103,4,0,0.0,1.5648839919659867,1.5467056971235937,1.0055940853709784,1.201163339082302,0.5490274683607723,1.2828345319514087,5.5514018691588785,2.8554537426680326,0.32515399208185913,0.0003084321340828991,0.050156455439311576,0.0,0.0003084321340828991,-0.0027698458826711514,0,0,0,4,0,1.0,0.308411214953271,0.1828380321595419,0.17962921039705285,0.9520024591497646,0.49583147217508416,0.0,0.26659678546471,0.024973751720520885
787,106,99.06542056074767,107,0,103,4,0,0.0,1.5790865729924368,1.560668740680491,1.005420728693174,1.202516014734049,0.5359154029978,1.2693248699303556,5.5514018691588785,2.8554537426680326,0.32510623904701363,0.0005383809835704438,0.037690680561770544,0.0,0.0005383809835704438,0.010954049513150488,0,0,0,4,0,1.0,0.2897196261682243,0.18143043579142884,0.18187443214147084,0.9520024591497646,0.49359973675276375,0.0,0.26659678546471,0.025064077139415122
788,107,100.0,107,0,103,4,0,0.0,1.5682632035944644,1.550042413316041,0.9633392911601816,1.203587321468323,0.5562486386855688,1.2975881050448592,5.5514018691588785,2.8554537426680326,0.32330130722123696,0.0007472961928301452,0.05052879105429606,0.0,0.0007472961928301452,0.0004366800574799323,0,0,1,3,0,1.0,0.29906542056074764,0.17824230733243981,0.1729915308158219,0.957678415161618,0.4909812692312313,0.0,0.26659678546471,0.025025255626544902
789,107,100.0,107,0,102,5,0,0.0,1.5745521061696872,1.556088100231385,0.9546042374775415,1.204766142968993,0.548971608529795,1.3130100932752944,5.5514018691588785,2.8554537426680326,0.3228400270620029,0.0005196731815937289,0.04701708565137981,0.0,0.0005196731815937289,0.00893217142094102,0,0,0,5,0,1.0,0.2897196261682243,0.17668408332296515,0.19144340724372103,0.9537073443412107,0.48503820713147733,0.0,0.26659678546471,0.025073530490751145
790,107,100.0,107,0,102,5,0,0.0,1.5721357971898609,1.5529450101039093,0.9676648006085297,1.2058395041792584,0.5555848531985341,1.334396614396699,5.5514018691588785,2.8554537426680326,0.32312263246855033,0.0002939018358849299,0.043319912798704646,0.0,0.0002939018358849299,0.011155483434731717,0,0,0,5,0,1.0,0.2803738317757009,0.17813730251412302,0.19369793917253172,0.94861952903006,0.4830330388004298,0.0,0.26659678546471,0.025076773612277448
791,107,100.0,107,0,104,3,0,0.0,1.5672585802834427,1.5484486552936134,0.9826067237223127,1.2067795029913018,0.5545131991824661,1.3412032831508207,5.5514018691588785,2.8554537426680326,0.32283198450257333,0.00012825398370160235,0.046233378205971044,0.0,0.00012825398370160235,0.005235406697494727,0,0,0,3,0,1.0,0.29906542056074764,0.17894944001392846,0.18116645136321438,0.9479669020564773,0.48503061298809097,0.0,0.26659678546471,0.02506580814337512
792,107,100.0,107,0,104,3,0,0.0,1.5484259858855016,1.529798011818141,0.8675493812606363,1.2072666121743638,0.5898881218103387,1.3202647220094113,5.5514018691588785,2.8554537426680326,0.3152898201582055,5.169883227210679e-05,0.05071355833408241,0.0,5.169883227210679e-05,-0.002307556889900586,0,0,0,3,0,1.0,0.2897196261682243,0.1677886654521117,0.2015667219864767,0.9507680286543247,0.4646628815663475,0.0,0.26659678546471,0.024978599760084725
793,107,100.0,107,0,103,4,0,0.0,1.5507232860046036,1.531149645680645,0.9365662851740603,1.2077706884037982,0.5763205288089714,1.3012230570507426,5.5514018691588785,2.8554537426680326,0.32139584919596675,4.533078548635349e-05,0.05855960934768448,0.0,4.533078548635349e-05,-0.0025470058722819044,0,0,0,4,0,1.0,0.2897196261682243,0.1768424660255711,0.21051953400361142,0.9461268600780592,0.4721380663751379,0.0,0.26659678546471,0.02499728309245988
794,107,100.0,107,0,103,4,0,0.0,1.5551341476985088,1.5359256977182054,0.9244358052700294,1.208369473335,0.5631210683367147,1.272277868510729,5.5514018691588785,2.8554537426680326,0.3214279323258593,0.00034036048809527394,0.06133780820672822,0.0,0.00034036048809527394,0.0051854401038421705,0,0,0,4,0,1.0,0.2803738317757009,0.17520360815736982,0.20229936086779973,0.9387863344689972,0.4765486754701111,0.0,0.26659678546471,0.02502788641429367
795,107,100.0,107,0,104,3,0,0.0,1.5472359032021539,1.528169962242442,0.9186152328189606,1.2087739910883422,0.5740795294593949,1.2897610814762561,5.5514018691588785,2.8554537426680326,0.32016375497700933,0.00028779419532174594,0.05096827184711091,0.0,0.00028779419532174594,0.0017801356592312967,0,0,0,3,0,1.0,0.2897196261682243,0.17460525655725212,0.19702087738101362,0.9509864596787481,0.47607239772917515,0.0,0.2292103424178896,0.02499417060047568
796,107,100.0,107,0,104,3,0,0.0,1.5463668567608764,1.5268158086662316,0.8958830022774452,1.2091360242411782,0.5762069143705436,1.2952713890939858,5.5514018691588785,2.8554537426680326,0.32064819399817646,0.000438709471089046,0.05716120257482221,0.0,0.000438709471089046,-0.0009743021052966983,0,0,0,3,0,1.0,0.2803738317757009,0.17340585759284025,0.21836943588746152,0.9547655584429223,0.4711212591692284,0.0,0.2337526205450734,0.02499499421287547
797,107,100.0,107,0,106,1,0,0.0,1.5623113163733593,1.542339937114169,0.9405600913193599,1.2098423471502282,0.5660673663627869,1.2860331687412216,5.5514018691588785,2.8554537426680326,0.3248943334686236,0.000898343163894812,0.06367346857079523,0.0,0.000898343163894812,-0.012684642577558636,0,0,0,1,0,1.0,0.29906542056074764,0.17780148955354377,0.21367658065412887,0.9586004027215915,0.4776038400933995,0.0,0.19636617749825297,0.025084800872908777
798,107,100.0,107,0,104,3,0,0.0,1.5798675261904924,1.5594445547294282,1.0505078879168748,1.2109192328904277,0.5406416003579847,1.2173755807530242,5.5514018691588785,2.8554537426680326,0.3317703421875038,0.00223607290222052,0.04451445108969137,0.0,0.00223607290222052,0.003598874774902098,0,0,0,3,0,1.0,0.2616822429906542,0.1883965810694006,0.2034366899346037,0.9629984686213532,0.4924759707996871,0.0,0.19636617749825297,0.025187956909080836
799,107,100.0,107,0,104,3,0,0.0,1.5888399791676224,1.5687177985087282,0.9996528239678129,1.212177203205705,0.5528537644425392,1.1970268227554908,5.5514018691588785,2.8554537426680326,0.3294878107421213,0.003020454078823698,0.05501550477542091,0.0,0.003020454078823698,-0.0017289885420989453,0,0,0,3,0,1.0,0.2523364485981308,0.18275023352331532,0.19559629858040645,0.9605379587989036,0.488822480590003,0.0,0.19636617749825297,0.025250779554191104
800,107,100.0,107,0,103,4,0,0.0,1.5801117366465414,1.5601565338967323,0.9781416097425364,1.213203682399906,0.5429900677375027,1.2044412601559287,5.5514018691588785,2.8554537426680326,0.32931101754493497,0.025769279589721045,0.05789252151068568,0.0,0.025769279589721045,-0.013275789972804708,0,0,0,4,0,0.75,0.24299065420560748,0.18202531795814775,0.1952984490667057,0.9362983838299583,0.48760758585769953,0.0,0.23375262054507337,0.025221793660869962
801,107,100.0,107,0,104,3,0,0.0,1.5890664930389726,1.5686428856024586,1.0458028925458869,1.2143947100334564,0.5247462223735411,1.2248474352123362,5.5514018691588785,2.8554537426680326,0.33355059268081466,0.03297904954543967,0.05929188674489009,0.0,0.03297904954543967,-0.017096332367538936,0,0,0,3,0,0.6666666666666666,0.2523364485981308,0.18841399640987327,0.19255189208788093,0.9286857398147195,0.4897837967854329,0.0,0.23375262054507337,0.02528357206440133
802,107,100.0,107,0,103,4,0,0.0,1.5921600420961965,1.5718316495307476,1.066090625387879,1.2156245713670168,0.5148055518412188,1.211915799875024,5.5514018691588785,2.8554537426680326,0.33191999404501504,0.0235365410033887,0.054844621868732624,0.0,0.0235365410033887,-0.01063897250335144,0,0,0,4,0,0.75,0.2336448598130841,0.18851062599862942,0.18602516206892278,0.9508741106922298,0.4869597353453026,0.0,0.23375262054507337,0.025316598870426837
803,107,100.0,107,0,102,5,0,0.0,1.608526700096049,1.5874382236938833,1.1574463060377465,1.2171758253839327,0.47916504379172475,1.1504497497263397,5.5514018691588785,2.8554537426680326,0.3386291043676397,0.021273731426505977,0.0539494270056776,0.0,0.021273731426505977,-0.005227065787315066,0,0,2,3,0,0.8,0.29906542056074764,0.1974023392022465,0.18250711308546497,0.954971307355078,0.4984102513091819,0.0,0.23375262054507337,0.02542057983086826
804,106,99.06542056074767,107,1,103,3,0,0.009345794392523364,1.6002491061852286,1.5789356832455106,1.116531540289336,1.2185018314974414,0.4976327557540997,1.1965646712409783,5.5514018691588785,2.8554537426680326,0.3364664968442057,0.02596600503802824,0.04829014712192792,0.0,0.02596600503802824,0.005643322055676095,1,0,0,3,0,0.75,0.27102803738317754,0.19392928365215992,0.1782675813627008,0.9530510458115916,0.5002149738911918,0.009345794392523364,0.21523410202655485,0.02539812360691225
805,106,99.06542056074767,107,0,103,4,0,0.0,1.5979510536163222,1.5769441721251092,1.1209878712983652,1.2197312044516546,0.4972713425033369,1.2164778489595416,5.5514018691588785,2.8554537426680326,0.33798635417391987,0.0003006393468500726,0.05024721600451514,0.0,0.0003006393468500726,0.00557922986528786,0,0,0,4,0,1.0,0.2803738317757009,0.19501156376642365,0.17578245605628653,0.9541743903088586,0.505286491108012,0.0,0.2526205450733753,0.025404185432083934
806,106,99.06542056074767,107,0,104,3,0,0.0,1.5944096968597274,1.5738161603143468,1.107385830063077,1.2208540180855783,0.5051047085810948,1.2345021839088886,5.5514018691588785,2.8554537426680326,0.33579189044673163,0.00036213965243532694,0.04941132724424033,0.0,0.00036213965243532694,-0.0015489613185105295,0,0,1,2,0,1.0,0.29906542056074764,0.19273939560250775,0.173126756886426,0.9565652292003002,0.5063899034840084,0.0,0.2526205450733753,0.025402509360267486
807,106,99.06542056074767,107,0,106,1,0,0.0,1.5866241104902108,1.5659662986399958,1.093690015404613,1.2217654509603892,0.5066173095719941,1.2328095041491876,5.5514018691588785,2.8554537426680326,0.33496786713117244,0.00015964896400514665,0.04756030813199929,0.0,0.00015964896400514665,-0.00545646817323453,0,0,0,1,0,1.0,0.2803738317757009,0.19183336034758128,0.17843081367494543,0.9651773407481526,0.5053727322141484,0.0,0.21523410202655485,0.025376594200487754
808,106,99.06542056074767,107,0,105,2,0,0.0,1.5773626553279654,1.5570537859659614,1.0501608916185148,1.2224472641496913,0.5265252084710704,1.2451105106215197,5.5514018691588785,2.8554537426680326,0.33316649386616093,0.00019258173851304766,0.047816340436374956,0.0,0.00019258173851304766,-0.004625677068874623,0,0,0,2,0,1.0,0.29906542056074764,0.18882803381164615,0.16702205297454908,0.9664836295231042,0.5070944963792653,0.0,0.2526205450733753,0.02534002135479249
809,107,100.0,107,0,105,2,0,0.0,1.5735050597749995,1.5530388495220628,1.0037337186502224,1.223017892756399,0.5358688051225131,1.2495767642610875,5.5514018691588785,2.8554537426680326,0.33387204327016384,2.729345667059115e-05,0.050970290052709574,0.0,2.729345667059115e-05,-0.014827805176571784,0,0,0,2,0,1.0,0.29906542056074764,0.18692968688187694,0.17722465543386948,0.9532956122844914,0.5043162339435194,0.0,0.2526205450733753,0.02532888039498115
810,107,100.0,107,0,105,2,0,0.0,1.5756416889645366,1.5558516668050195,0.9970018193768095,1.2236364822843042,0.5348995564600472,1.2448066808056661,5.5514018691588785,2.8554537426680326,0.3346633483649226,3.0211623249666353e-05,0.05046446287712707,0.0,3.0211623249666353e-05,-0.009954090940135718,0,0,0,2,0,1.0,0.2803738317757009,0.18677965460893725,0.16641459206890508,0.9490057055975338,0.5077093905334515,0.0,0.2526205450733753,0.025348395309841995
811,107,100.0,107,0,104,3,0,0.0,1.580705746671515,1.5609348418779354,1.0209080071523722,1.2243535264446759,0.5356324774589635,1.2467465410745815,5.5514018691588785,2.8554537426680326,0.33663013014749255,0.00040167080916109237,0.046331674891995044,0.0,0.00040167080916109237,0.0017643338182109132,0,0,0,3,0,1.0,0.3177570093457944,0.18918543813097813,0.15666771189285839,0.9511458455244689,0.5119081341899405,0.0,0.2526205450733753,0.025383953030533847
812,107,100.0,107,0,105,2,0,0.0,1.586973884053462,1.5667477947645656,1.0591805938670165,1.225182884685342,0.5217215430990507,1.2369841890203153,5.5514018691588785,2.8554537426680326,0.34019848150131793,1.9754710584648727e-05,0.050971966939091354,0.0,1.9754710584648727e-05,-0.01251006486652817,0,0,0,2,0,1.0,0.3364485981308411,0.19384056534723282,0.15532629028939582,0.9529119532670608,0.5156868867055772,0.0,0.21523410202655482,0.025427134687905195
813,107,100.0,107,0,105,2,0,0.0,1.5829688115542961,1.562539131261844,1.0102493533298866,1.2258924198334815,0.5346701799537612,1.2390220529076779,5.5514018691588785,2.8554537426680326,0.33898887583046067,0.00026850834164529337,0.04445313484123283,0.0,0.00026850834164529337,-0.0020034590776125683,0,0,0,2,0,1.0,0.32710280373831774,0.19029433701119933,0.16020045099006133,0.9441864823503517,0.5130765140676008,0.0,0.2526205450733753,0.02541723954938091
814,107,100.0,107,0,105,2,0,0.0,1.5904749364443476,1.5698672776156701,1.037010961469331,1.226749095997141,0.5220595169853859,1.2217638706250342,5.5514018691588785,2.8554537426680326,0.34098325556631637,0.0003398727440905532,0.05027341121312423,0.0,0.0003398727440905532,-0.0002597639850008826,0,0,0,2,0,1.0,0.2897196261682243,0.19300083836167553,0.17287909244016963,0.9308518768332069,0.5138079521170104,0.0,0.2900069881201957,0.02546700116962005
815,107,100.0,107,0,105,2,0,0.0,1.5761018011328731,1.55614181137174,0.9781865476174333,1.227267770697573,0.5347459659973897,1.2295239494141288,5.5514018691588785,2.8554537426680326,0.33753311865982694,0.0003728092677766212,0.042243941740261845,0.0,0.0003728092677766212,-0.005294429809186735,0,0,1,1,0,1.0,0.2897196261682243,0.1877912681210518,0.16185042840908417,0.9343759747031886,0.5135988399323378,0.0,0.2526205450733753,0.025402540751135554
816,107,100.0,107,0,102,5,0,0.0,1.6000964923078564,1.5799235381711016,1.0747233004769472,1.2283148958482308,0.5279165469999823,1.2314233583140888,5.5514018691588785,2.8554537426680326,0.3418057834853092,0.00033845374576714303,0.048770213651898445,0.0,0.00033845374576714303,0.004276682905906504,0,0,0,5,0,1.0,0.2897196261682243,0.19503946876956824,0.16055580219488674,0.915459007266506,0.5230311418660484,0.0,0.2526205450733753,0.025537464294162912
817,107,100.0,107,0,104,3,0,0.0,1.607831055462683,1.5869884859640673,1.073068714359157,1.229493509877521,0.5379894893112733,1.2365045618392336,5.5514018691588785,2.8554537426680326,0.34255496479141123,0.0014043134681474393,0.046816828355005335,0.0,0.0014043134681474393,0.0014552010826813788,0,0,0,3,0,1.0,0.3177570093457944,0.19510317123720541,0.16491664802467268,0.9170399332473158,0.5278150315850383,0.0,0.23934311670160727,0.025592964499142532
818,107,100.0,107,0,105,2,0,0.0,1.600507805807505,1.5798169557275847,1.0612781126283466,1.2304746453455646,0.5439673182842945,1.2433820984125348,5.5514018691588785,2.8554537426680326,0.3408510582202833,0.0006371107598298557,0.0329130297979367,0.0,0.0006371107598298557,0.004559725804869685,0,0,0,2,0,1.0,0.3177570093457944,0.19382536752930704,0.15968437906806435,0.9333991172670424,0.5257241856716874,0.0,0.2526205450733753,0.02557035618558809
819,107,100.0,107,0,105,2,0,0.0,1.5879478842022632,1.5672160365049843,1.064567148520499,1.2311399142085238,0.5447976565344583,1.220839299907212,5.5514018691588785,2.8554537426680326,0.3421959095800511,6.725068609924341e-05,0.047790177752620226,0.0,6.725068609924341e-05,-0.018880691347814393,0,0,0,2,0,1.0,0.32710280373831774,0.19619157801086676,0.1611410071473083,0.9387001344117238,0.5252527329825479,0.0,0.2393431167016073,0.025517054799884968
820,107,100.0,107,0,102,5,0,0.0,1.589881582603722,1.5689919504167715,1.0523672320991029,1.2318267549470447,0.550548731530316,1.247353804403211,5.5514018691588785,2.8554537426680326,0.3414999646222352,0.00019356510394401435,0.049955584985766285,0.0,0.00019356510394401435,0.0024425962858611538,0,0,0,5,0,1.0,0.2897196261682243,0.19509080832023346,0.16865096739887922,0.9379639730788233,0.5224548254427563,0.0,0.23934311670160727,0.025536529501679395
821,107,100.0,107,0,103,4,0,0.0,1.5964752644452365,1.575531768358166,1.0754619496961113,1.2326433764469291,0.5447123345167897,1.2021095741157555,5.5514018691588785,2.8554537426680326,0.3438518009635321,0.0002894477120979876,0.04611498511411323,0.0,0.0002894477120979876,0.003538815825017236,0,0,1,3,0,1.0,0.3177570093457944,0.19788205226667763,0.16502148087648452,0.9379639730788233,0.527550517029782,0.0,0.23934311670160727,0.025581157035477906
822,107,100.0,107,0,104,3,0,0.0,1.5835822114993627,1.56307708989853,0.9953191824506002,1.233152169631861,0.5662172767092661,1.2518115460186068,5.5514018691588785,2.8554537426680326,0.337191569388684,2.5197052937639657e-05,0.05943656100484503,0.0,2.5197052937639657e-05,-0.004984334055231687,0,0,0,3,0,1.0,0.308411214953271,0.18908092561979437,0.17102289745610155,0.933643165202353,0.518299145616033,0.0,0.253319357092942,0.02552395594776933
823,107,100.0,107,0,105,2,0,0.0,1.5981833116224498,1.5774143365086413,1.0494335456163608,1.2339739492186907,0.5464835327557744,1.229003554007991,5.5514018691588785,2.8554537426680326,0.3408690635301035,3.8430690004888766e-05,0.05527137292445741,0.0,3.8430690004888766e-05,-0.008215768385903488,0,0,0,2,0,1.0,0.29906542056074764,0.19394979764123252,0.16969234785507079,0.9293090230103457,0.5257033607872458,0.0,0.253319357092942,0.025608694216369066
824,107,100.0,107,0,105,2,0,0.0,1.591636348993286,1.571510860613212,1.001770022535405,1.2346374064508285,0.5674041019803476,1.2424688324149105,5.5514018691588785,2.8554537426680326,0.33788163519262326,9.939584245738077e-05,0.04654296647095017,0.0,9.939584245738077e-05,-0.0027292565860080054,0,0,0,2,0,1.0,0.29906542056074764,0.1891190456060512,0.16888545568569396,0.941380223021618,0.5210531899395585,0.0,0.23934311670160727,0.02558543176040629
825,107,100.0,107,0,103,4,0,0.0,1.6017175796170227,1.5819983435571363,1.0157072806258942,1.2355214911479875,0.5643433962560259,1.21873353816943,5.5514018691588785,2.8554537426680326,0.3389575497679791,0.00043416645284122273,0.0517561851699943,0.0,0.00043416645284122273,0.0028976694955925447,0,0,0,4,0,1.0,0.2897196261682243,0.1897248767275667,0.1610939930307973,0.9369056179167955,0.5240860160093354,0.0,0.23934311670160727,0.025648460228311663
826,107,100.0,107,0,101,6,0,0.0,1.6360360065661228,1.6148435573708093,1.1072844880499257,1.2371306351252773,0.5428826585611372,1.104761563369307,5.5514018691588785,2.8554537426680326,0.3453964854012612,0.048498740731104266,0.05008000344975511,0.0,0.048498740731104266,-0.0014371930481508848,0,0,0,6,0,0.8333333333333334,0.3177570093457944,0.1978495511874375,0.17416806120718792,0.924587029494694,0.5301292785207686,0.0,0.23934311670160727,0.025843026544019383
827,106,99.06542056074767,107,1,101,5,0,0.009345794392523364,1.6370450041855398,1.6223677099076999,1.0619323542057584,1.2387327057637458,0.5515615817836913,1.1713726403469562,5.5514018691588785,2.8554537426680326,0.34237302918529333,0.03985182401073612,0.05107584765661799,0.0,0.03985182401073612,0.0007087908385174646,0,1,0,5,0,0.8333333333333334,0.3177570093457944,0.19253708662066707,0.18979782514357285,0.9398965623659077,0.521473405867485,0.009345794392523364,0.2718378756114605,0.025870944725119638
828,105,98.13084112149532,107,1,99,6,1,0.009345794392523364,1.6201010828489997,1.5999403686096845,0.9993174210181535,1.2400423476466653,0.5948706857932138,1.2376166980972183,5.5514018691588785,2.8554537426680326,0.33967726231178164,0.1453973985665021,0.06981626360201248,0.125,0.13431923291094025,-0.00203461000269807,0,2,1,5,0,0.625,0.3177570093457944,0.18880843630649785,0.20666048472302476,0.9235964959084828,0.5062617261205556,0.009345794392523364,0.2907058001397624,0.025804923227517623
829,105,98.13084112149532,107,0,104,3,0,0.0,1.6380764927088076,1.6175151586477852,1.032766817526634,1.2415834297287847,0.5829442684496471,1.235976567071551,5.5514018691588785,2.8554537426680326,0.34113995019201604,0.0036355286209940867,0.052537125378085546,0.0,0.0036355286209940867,0.002969925778384397,0,0,0,3,0,1.0,0.2897196261682243,0.1906339300557141,0.20052651638411556,0.9218615487078863,0.5109243588140245,0.0,0.2907058001397624,0.025916802719812393
830,105,98.13084112149532,107,0,101,6,0,0.0,1.6427528980793402,1.6223135955404568,1.0704918198942726,1.2431901206415856,0.571528454613435,1.1790904028022762,5.5514018691588785,2.8554537426680326,0.34293485275341484,0.033556292669892095,0.05263513781989864,0.0,0.033556292669892095,0.010589935918062371,0,0,1,5,0,0.8333333333333334,0.29906542056074764,0.19385945596428147,0.19137498315964555,0.9300570720869104,0.5219966794641205,0.0,0.27672955974842767,0.025963123904566395
831,105,98.13084112149532,107,1,102,4,0,0.009345794392523364,1.6320991316370552,1.6109451457337503,1.033653006675474,1.2445174376970087,0.5914690944979369,1.22737139407056,5.5514018691588785,2.8554537426680326,0.339254208161043,0.03511771427985123,0.049975050679707554,0.0,0.03511771427985123,0.007021668921268554,0,1,1,3,0,0.8,0.2897196261682243,0.18991441224494948,0.19552455721866321,0.9203727078311212,0.511638616235634,0.009345794392523364,0.27672955974842767,0.025928805534623046
832,105,98.13084112149532,107,0,102,5,0,0.0,1.6426777571311826,1.6211983205923688,1.0765146804093337,1.2460148724412738,0.583289803700199,1.216253679138485,5.5514018691588785,2.8554537426680326,0.3400686019433279,0.0027939227904140223,0.05011179309647953,0.0,0.0027939227904140223,0.004012448321833973,0,0,0,5,0,1.0,0.27102803738317754,0.1925368517461026,0.20114194983670353,0.9176975229073974,0.5130762974679117,0.0,0.27672955974842767,0.02600307794031825
833,106,99.06542056074767,107,0,102,5,0,0.0,1.6408165919994935,1.6188432399558825,1.1080964134221076,1.2474157500385483,0.5921762614091904,1.2260446296514664,5.5514018691588785,2.8554537426680326,0.3412318797607561,0.003973564659971078,0.05271776296275752,0.0,0.003973564659971078,0.002003956233597448,0,0,0,5,0,1.0,0.2803738317757009,0.1959620718715549,0.2156836165030815,0.919009168278385,0.5125179386635306,0.0,0.27672955974842767,0.02601377282055059
834,106,99.06542056074767,107,0,102,5,0,0.0,1.6303235115903,1.608403760330748,1.0791942001360009,1.248538150614704,0.5986722943099729,1.2952783706433006,5.5514018691588785,2.8554537426680326,0.34019483926629324,0.001546462752687457,0.052876649060903815,0.0,0.001546462752687457,0.006020834601026715,0,0,0,5,0,1.0,0.27102803738317754,0.19480093907796986,0.2160954989935998,0.916514051928607,0.5125025528152265,0.0,0.27672955974842767,0.025977332233134403
835,106,99.06542056074767,107,0,103,4,0,0.0,1.6339907817141597,1.6121735729483002,1.0712027162432536,1.2497146177659841,0.5930189865477535,1.294061814753633,5.5514018691588785,2.8554537426680326,0.3393142103446283,0.0007123431607112239,0.04893827972365225,0.0,0.0007123431607112239,-0.0007625067514886036,0,0,0,4,0,1.0,0.2803738317757009,0.19320643168456167,0.206252878626882,0.916514051928607,0.5113610657200865,0.0,0.27672955974842767,0.026012465321404946
836,107,100.0,107,0,101,6,0,0.0,1.6341904980374113,1.6123262573265167,1.0587447297175008,1.2508609793073953,0.5961833245392159,1.303469639004182,5.5514018691588785,2.8554537426680326,0.33752950496243517,0.0015335558639865425,0.04953493792767452,0.0,0.0015335558639865425,0.007223179229041939,0,0,1,5,0,1.0,0.29906542056074764,0.19116880470330108,0.21325039116201053,0.9177414358191678,0.5077083281250608,0.0,0.27672955974842767,0.02602983081479057
837,107,100.0,107,0,100,7,0,0.0,1.6462619856217793,1.6246408275427826,1.0856310564652834,1.252255916510175,0.5909699129336973,1.2945518386730646,5.5514018691588785,2.8554537426680326,0.3360394858315372,0.001184882666866694,0.05330923525303285,0.0,0.001184882666866694,0.005602049393199336,0,0,0,7,0,1.0,0.27102803738317754,0.19102415167282014,0.20915689938408125,0.9282930046800509,0.5101729843040439,0.0,0.27672955974842767,0.026110104145994732
838,107,100.0,107,0,99,8,0,0.0,1.6406266122563702,1.6189290176372069,1.0824678983251903,1.2534805434546117,0.6068118598206307,1.3332624601348488,5.5514018691588785,2.8554537426680326,0.3351782239829362,0.005971535331336243,0.054566269919454874,0.0,0.005971535331336243,0.0006869047978106807,0,0,0,8,0,1.0,0.2523364485981308,0.1909693831711248,0.21478180017231505,0.9188853999827546,0.506979966730305,0.0,0.27672955974842767,0.026099411607127004
839,107,100.0,107,0,102,5,0,0.0,1.6476348697672447,1.626196534776512,1.0697298227848664,1.2548362182152524,0.6072102458161418,1.3350520102248546,5.5514018691588785,2.8554537426680326,0.3333397820310531,0.0016852752453398573,0.04934047856086384,0.0,0.0016852752453398573,0.0003348484625584458,0,0,0,5,0,1.0,0.22429906542056074,0.18765476212786236,0.21693950775045096,0.8873956830474218,0.5047575203424146,0.0,0.3141160027952481,0.026153808227526935
840,107,100.0,107,0,99,8,0,0.0,1.6634313921538841,1.641129099857133,1.1016402280843949,1.2564942963009789,0.588961257895663,1.2950287801218272,5.5514018691588785,2.8554537426680326,0.3359502522100364,0.007231592135678178,0.05289312362574903,0.0,0.007231592135678178,-0.0023526738225860405,0,0,1,7,0,1.0,0.24299065420560748,0.1906443450371934,0.21479131242979654,0.8709467205450712,0.5091609099658646,0.0,0.3141160027952481,0.026256463665837754
841,107,100.0,107,0,99,8,0,0.0,1.6553044924258333,1.6331032190395074,1.1114559083907025,1.2579216884825986,0.5746549685362811,1.2809428795929036,5.5514018691588785,2.8554537426680326,0.3363696637959481,0.0016399411199652827,0.05341988843113342,0.0,0.0016399411199652827,0.0009691072506337328,0,0,1,7,0,1.0,0.2616822429906542,0.19198197726034116,0.21111463677688572,0.9224378598739311,0.5099299141252226,0.0,0.27672955974842767,0.026236208428933802
842,107,100.0,107,0,103,4,0,0.0,1.6525936314855867,1.6310221562171923,1.1254091639714798,1.2592607831117484,0.5783936586173415,1.2960103712988682,5.5514018691588785,2.8554537426680326,0.33783902208256156,0.0015188870366208429,0.047422725424311016,0.0,0.0015188870366208429,-0.0011982922191424578,0,0,0,4,0,1.0,0.27102803738317754,0.19347456330306229,0.18843070213510507,0.8922142249122708,0.5186458762396797,0.0,0.3141160027952481,0.026241772738085534
843,107,100.0,107,0,101,6,0,0.0,1.651839605637812,1.6304601470213422,1.109312470736898,1.2605488021830982,0.5829818780284705,1.3407233919189556,5.5514018691588785,2.8554537426680326,0.33713385404339324,0.0014817870140786079,0.05006281667254838,0.0,0.0014817870140786079,0.0018756576985273314,0,0,0,6,0,1.0,0.27102803738317754,0.1918162874349479,0.2045865889540824,0.889560823549777,0.5128075347033482,0.0,0.3280922431865828,0.026256392003236227
844,107,100.0,107,0,102,5,0,0.0,1.6414020845513972,1.6197360017207756,1.0905945028022668,1.261555064058986,0.5908828854767298,1.3037041497130106,5.5514018691588785,2.8554537426680326,0.3348695961180388,0.0026813573929238958,0.05162395101291282,0.0,0.0026813573929238958,-0.002352070571010112,0,0,0,5,0,1.0,0.29906542056074764,0.19040886866110554,0.21364400822295967,0.9249700228767559,0.5096762515217769,0.0,0.2907058001397624,0.026218571069002196
845,107,100.0,107,0,101,6,0,0.0,1.630705219469577,1.6097312666165398,1.0545760918392009,1.2623040481260954,0.6017001313761727,1.3476710227922086,5.5514018691588785,2.8554537426680326,0.33230916377944797,0.0024060762190755915,0.05267313901426707,0.0,0.0024060762190755915,-0.0036559097093836757,0,0,0,6,0,1.0,0.2803738317757009,0.18705879768852232,0.20461695811211528,0.8994945411441875,0.5094137550200375,0.0,0.3141160027952481,0.026175780190381224
846,107,100.0,107,0,101,6,0,0.0,1.638812930032919,1.6178864480140818,1.0798054266280621,1.2632179392455782,0.5771263146616079,1.3464574218039533,5.5514018691588785,2.8554537426680326,0.33099315916497263,0.001727641098794642,0.052000079676496315,0.0,0.001727641098794642,-0.0013928294181787166,0,0,1,5,0,1.0,0.24299065420560748,0.18721652019455912,0.19693377309528964,0.886198867774009,0.5097228689881028,0.0,0.3280922431865828,0.026229366612285525
847,107,100.0,107,0,103,4,0,0.0,1.6386821276731742,1.6179526342959276,1.1262615333134454,1.2641072465618155,0.5622580726343809,1.3437902863174915,5.5514018691588785,2.8554537426680326,0.33253307753542805,0.008012897157165199,0.05471350145040956,0.0,0.008012897157165199,0.0010900434026301087,0,0,0,4,0,1.0,0.27102803738317754,0.19107726489496116,0.18456872168616156,0.898491139205985,0.5143405186715168,0.0,0.3141160027952481,0.026241409480009456
848,107,100.0,107,0,103,4,0,0.0,1.631318406905541,1.6106185803350639,1.083885568070968,1.2648036237043558,0.5806196739988283,1.352022228246195,5.5514018691588785,2.8554537426680326,0.33140681340161304,0.0008718861394097317,0.05693982864093039,0.0,0.0008718861394097317,-0.005054392886735648,0,0,0,4,0,1.0,0.2616822429906542,0.188455835710999,0.1811724571277118,0.8943564790091068,0.5121856372790777,0.0,0.3280922431865828,0.026214533239761174
849,107,100.0,107,0,101,6,0,0.0,1.6316813141194613,1.610817214521837,1.077830912203656,1.2654846536455728,0.5900008617062922,1.3702143099945518,5.5514018691588785,2.8554537426680326,0.3298216936803333,0.0020975584094108817,0.05311050340308956,0.0,0.0020975584094108817,-0.006711102254088867,0,0,0,6,0,1.0,0.2616822429906542,0.18683875923901902,0.1799920146732348,0.9279395589137296,0.5083061765884055,0.0,0.2907058001397624,0.026226071023303356
850,107,100.0,107,0,101,6,0,0.0,1.6305592027391556,1.6095098894544424,1.1134917057006488,1.266116373041792,0.5947486476060632,1.3885838222562308,5.5514018691588785,2.8554537426680326,0.3320996848172002,0.015337114504875154,0.05655454070934038,0.0,0.015337114504875154,-0.013433561838707234,0,0,0,6,0,0.8333333333333334,0.27102803738317754,0.1909919971691313,0.18633027204806724,0.9319016010602889,0.5106204489003756,0.0,0.27672955974842767,0.026229479693973077
851,106,99.06542056074767,107,1,100,6,0,0.009345794392523364,1.6161205974615487,1.594687095304028,1.0756955001750346,1.2664034250380745,0.6162621264917185,1.4184576780066502,5.5514018691588785,2.8554537426680326,0.3287111905453859,0.013371933765404699,0.061045585754149326,0.0,0.013371933765404699,-0.00691909258880368,0,1,0,6,0,0.8571428571428571,0.2897196261682243,0.18783327217696427,0.1882741708105249,0.9321186921643028,0.5025331722722101,0.009345794392523364,0.27672955974842767,0.026161384986070672
852,106,99.06542056074767,107,0,102,5,0,0.0,1.600194526221801,1.5796213162230495,0.9907720301588029,1.266326145835807,0.6413541656220932,1.4242515893012588,5.5514018691588785,2.8554537426680326,0.32169136229283035,0.002315946318576595,0.06566525247955646,0.0,0.002315946318576595,-0.012113078505203111,0,0,0,5,0,1.0,0.29906542056074764,0.17890559389397115,0.18672745153265013,0.9321186921643028,0.4914020730182148,0.0,0.27672955974842767,0.026080651293935206
853,106,99.06542056074767,107,0,103,4,0,0.0,1.6068414546408931,1.5855434139644609,1.0514901473693534,1.2663863555146944,0.6234712910176365,1.3515019421535528,5.5514018691588785,2.8554537426680326,0.32815336330444866,0.0019161113681708465,0.06529496352774466,0.0,0.0019161113681708465,-0.01480342657364253,0,0,0,4,0,1.0,0.3177570093457944,0.18649843695435125,0.18547900282304355,0.9190851609893054,0.499124735269763,0.0,0.3095737246680643,0.026114745565795287
854,106,99.06542056074767,107,0,102,5,0,0.0,1.608706292085212,1.587804836476099,1.0829812092473983,1.2664965050330497,0.6177650149517048,1.3532378031145,5.5514018691588785,2.8554537426680326,0.32828013219685426,0.0020282690689910773,0.060060494776664045,0.0,0.0020282690689910773,-0.005607426321059839,0,0,0,5,0,1.0,0.308411214953271,0.18842688565380644,0.16956068050535322,0.9403548473654347,0.5044050880787957,0.0,0.2393431167016073,0.02612564238728908
855,106,99.06542056074767,107,0,103,4,0,0.0,1.6119137551080607,1.5901065233799916,1.1534621335806419,1.2666560881667333,0.6091711913649213,1.3536273767319493,5.5514018691588785,2.8554537426680326,0.3327934495352758,0.0028801515347822446,0.06002111869323553,0.0,0.0028801515347822446,-0.01126492923924674,0,0,1,3,0,1.0,0.308411214953271,0.1964734622903314,0.18198974955952524,0.9291574755357173,0.5090172792788425,0.0,0.2393431167016073,0.026143958113685042
856,107,100.0,107,0,101,6,0,0.0,1.6221923012639587,1.60075674994372,1.186188474619947,1.2670544043122671,0.6052897707379828,1.349405537086702,5.5514018691588785,2.8554537426680326,0.332520363670316,0.003428753776784862,0.05446030458321427,0.0,0.003428753776784862,0.0010591274870991134,0,0,0,6,0,1.0,0.2897196261682243,0.19661416999211756,0.166192462891188,0.9457224029808866,0.5135259050325846,0.0,0.20195667365478687,0.026201037711107183
857,107,100.0,107,0,100,7,0,0.0,1.6230597853788442,1.601242800450047,1.1813743844990088,1.2674524498824151,0.6148707448309525,1.3518801599933767,5.5514018691588785,2.8554537426680326,0.3318470083199263,0.0019763985011858197,0.05548150963597289,0.0,0.0019763985011858197,-0.002008023607027089,0,0,0,7,0,1.0,0.27102803738317754,0.19601108601345318,0.18099458979408115,0.9451318530912405,0.5084085670842085,0.0,0.19741439552760306,0.026211058135246768
858,107,100.0,107,0,102,5,0,0.0,1.622728689325266,1.6008162400235173,1.2037853477857487,1.2678293852569014,0.604971019718216,1.3382512992889077,5.5514018691588785,2.8554537426680326,0.33654165320226004,0.01524092889340685,0.06081140901381939,0.0,0.01524092889340685,-0.014122216422759038,0,0,1,4,0,0.8,0.29906542056074764,0.20051897880287933,0.17553007103355525,0.9413346347931506,0.5168693719943804,0.0,0.23480083857442346,0.026214784262607982
859,107,100.0,107,0,101,6,0,0.0,1.6274387091959552,1.605783011525301,1.1544191180734413,1.268309016506319,0.6201282444716533,1.3761028154970052,5.5514018691588785,2.8554537426680326,0.33070956395270623,0.017711459637809124,0.06154849231059651,0.0,0.017711459637809124,-0.007328783284664575,0,0,0,6,0,0.8333333333333334,0.2803738317757009,0.19350240858158496,0.17423175058230658,0.8911136852782986,0.5058957905143052,0.0,0.3469601677148847,0.026245182186192678
860,107,100.0,107,0,102,5,0,0.0,1.6286277984892596,1.606430222084063,1.2842181067691183,1.2687897367457734,0.6027333237434473,1.3438735387129421,5.5514018691588785,2.8554537426680326,0.3375482368344047,0.007009969019987834,0.05855158736138364,0.0,0.007009969019987834,-0.002546406788444555,0,0,0,5,0,1.0,0.27102803738317754,0.2065101621652997,0.1578274449877238,0.9264639992326247,0.5201070290813743,0.0,0.3095737246680643,0.02625799100469383
861,107,100.0,107,0,103,4,0,0.0,1.6385776921032074,1.616058161202777,1.3018031795225962,1.2694766673194837,0.606494108645077,1.363002782116551,5.5514018691588785,2.8554537426680326,0.3377228483135062,0.010598747727842946,0.060596480532264754,0.0,0.010598747727842946,-0.0005796205900099882,0,0,0,4,0,1.0,0.2803738317757009,0.2071051996710841,0.16313076021762077,0.913922629584125,0.5207271499118197,0.0,0.30957372466806427,0.02631754796515184
862,107,100.0,107,0,102,5,0,0.0,1.6246186601015595,1.6028226151708067,1.262795498168271,1.2698416349927917,0.6051749750014833,1.371480312809674,5.5514018691588785,2.8554537426680326,0.332693836466182,0.007216981520259315,0.06209857976693818,0.0,0.007216981520259315,-0.0014676778243448707,0,0,0,5,0,1.0,0.27102803738317754,0.20264713289052594,0.1712409798426221,0.925586394552907,0.5114774677671071,0.0,0.3095737246680643,0.026252963546687103
863,107,100.0,107,0,102,5,0,0.0,1.63215845889301,1.6100224300245476,1.3273816787890471,1.2703606510891778,0.5831570292621129,1.3761471766067477,5.5514018691588785,2.8554537426680326,0.33441305912167496,0.01803563439843954,0.05974005518678149,0.0,0.01803563439843954,-5.232044562586413e-05,0,0,0,5,0,0.8,0.2803738317757009,0.2068810708603515,0.1680358518467037,0.9181176355344949,0.5154002756815466,0.0,0.3095737246680643,0.026298072672919007
864,107,100.0,107,0,102,5,0,0.0,1.628784653431993,1.6066450089451951,1.2562732396420082,1.2707876943637217,0.5977255072730345,1.3941742756869062,5.5514018691588785,2.8554537426680326,0.3312668155359073,0.016237381383051454,0.061311222669577184,0.0,0.016237381383051454,0.0009336178132128392,0,0,1,4,0,0.8,0.2523364485981308,0.20045571879420196,0.18185159721213587,0.9250418349326133,0.5051040106569328,0.0,0.2721872816212439,0.02628730065719681
865,107,100.0,107,0,104,3,0,0.0,1.6256053495558325,1.6037309660594623,1.2421338662757235,1.2711359762977847,0.5986534380519185,1.380179466774246,5.5514018691588785,2.8554537426680326,0.3327702768160672,0.0011674156619869529,0.06281766878890337,0.0,0.0011674156619869529,0.000799837844154235,0,0,0,3,0,1.0,0.2803738317757009,0.2006453019671483,0.17775420887836912,0.9125868631893114,0.5092517948938688,0.0,0.27672955974842767,0.02627637665257663
866,107,100.0,107,0,104,3,0,0.0,1.6293908437155915,1.607834436940017,1.3079097943393632,1.2715680513725975,0.5797342025312087,1.4254423396947,5.5514018691588785,2.8554537426680326,0.33058831203874606,0.0007137169363169073,0.05691487544206175,0.0,0.0007137169363169073,0.0006975070360871749,0,0,0,3,0,1.0,0.27102803738317754,0.20259053565187513,0.17401871223155102,0.9306104844001785,0.5108528719304709,0.0,0.27672955974842767,0.026301472975322863
867,107,100.0,107,0,101,6,0,0.0,1.6264040017031833,1.605365680307878,1.2608918715654331,1.2719313933805951,0.5782716070145812,1.4250127259802323,5.5514018691588785,2.8554537426680326,0.32979739926381746,0.015503511889677286,0.05923148355059544,0.0,0.015503511889677286,-0.0004303922271929513,0,0,0,6,0,0.8333333333333334,0.2616822429906542,0.199624681402863,0.16333713278139664,0.9386729897443606,0.5128361102821615,0.0,0.2393431167016073,0.02629172629674385
868,107,100.0,107,0,102,5,0,0.0,1.6169295337875906,1.5965209913397367,1.198873062028432,1.2720823155238923,0.5975420011885247,1.4516604513898197,5.5514018691588785,2.8554537426680326,0.32271583282630645,0.017858351710755605,0.0626501437427257,0.0,0.017858351710755605,0.004462919375472029,0,0,1,4,0,0.8,0.2803738317757009,0.1917618981552248,0.15735232246109124,0.9410793328700499,0.5001505504519655,0.0,0.23934311670160727,0.026246508713160532
869,107,100.0,107,0,104,3,0,0.0,1.610355620971204,1.590077676130978,1.160395619525092,1.2720817394469757,0.6085453847584743,1.4452820185329858,5.5514018691588785,2.8554537426680326,0.32215378340784984,0.0010202306334744819,0.058818413953962125,0.0,0.0010202306334744819,0.006632023343202009,0,0,0,3,0,1.0,0.27102803738317754,0.18973317213993826,0.1607033598367984,0.9487821493015549,0.49819456078592955,0.0,0.16457023060796647,0.02621363092427366
870,107,100.0,107,0,103,4,0,0.0,1.604717934228457,1.5843834865285542,1.156981461533085,1.2719511038595754,0.6021619814875157,1.4335644941870087,5.5514018691588785,2.8554537426680326,0.32355578142500296,0.001466616280406138,0.06341742888277643,0.0,0.001466616280406138,0.0007440854796496588,0,0,0,4,0,1.0,0.2803738317757009,0.1910084493750454,0.15821862071198736,0.9537107520685573,0.5011994477657253,0.0,0.16457023060796647,0.026183577371175087
871,107,100.0,107,0,103,4,0,0.0,1.591047859236914,1.5713601310517165,1.0565624860524487,1.2715266977978377,0.6297775729914054,1.447715573242238,5.5514018691588785,2.8554537426680326,0.32077636546320765,0.0013913520818311033,0.06084555202093848,0.0,0.0013913520818311033,0.0008040599890122846,0,0,0,4,0,1.0,0.2897196261682243,0.18356767426912554,0.15652737023235536,0.9383523417897235,0.49794795036092304,0.0,0.2393431167016073,0.026109167636830372
872,106,99.06542056074767,107,1,101,5,0,0.009345794392523364,1.6003886272291863,1.5834300164825204,1.1018576639109698,1.2713291944213798,0.6142596624159962,1.4136906172803532,5.5514018691588785,2.8554537426680326,0.32439745522508856,0.017719587766482626,0.05537576160843447,0.0,0.017719587766482626,0.0024608977880123764,0,1,0,5,0,0.8333333333333334,0.308411214953271,0.18733131384431134,0.1464809264119393,0.9419315280350369,0.5027225325373809,0.009345794392523364,0.2578616352201258,0.02615305166801425
873,106,99.06542056074767,107,0,102,5,0,0.0,1.6180847460582135,1.5998930903333948,1.2239143954264577,1.271574343058933,0.5688713717411276,1.368353745374308,5.5514018691588785,2.8554537426680326,0.3310819927217028,0.0023520410046382967,0.06038690238459197,0.0,0.0023520410046382967,0.003229448889228159,0,0,0,5,0,1.0,0.3177570093457944,0.1984457518171693,0.15563123354704533,0.947597409172531,0.511439644547261,0.0,0.18308874912648496,0.026245032315132442
874,106,99.06542056074767,107,0,101,6,0,0.0,1.6119581996179904,1.5944879626376407,1.1970145513782413,1.2716890188536722,0.5738594427242453,1.3479353299574761,5.5514018691588785,2.8554537426680326,0.32992286548675076,0.0018354857596905706,0.05568929384056498,0.0,0.0018354857596905706,0.0038249083864291635,0,0,0,6,0,1.0,0.308411214953271,0.19647944070798654,0.14504302766993926,0.9448521462357582,0.5123237985739909,0.0,0.16002795248078266,0.026216036840067736
875,106,99.06542056074767,107,0,99,8,0,0.0,1.6048869898649203,1.5873351478246511,1.167344064817887,1.2716370238795123,0.5909935034856383,1.347170134105327,5.5514018691588785,2.8554537426680326,0.32985075472116976,0.005140940881848478,0.05362686342639989,0.0,0.005140940881848478,0.0033667353492551205,0,0,0,8,0,1.0,0.2803738317757009,0.19481249473985804,0.1440304855904729,0.9392317423076222,0.5116323310096211,0.0,0.12264150943396225,0.026179938445084563
876,106,99.06542056074767,107,0,103,4,0,0.0,1.602342731472296,1.584631417793041,1.1235215529106284,1.2715247505894842,0.6052009222690735,1.3775791841579446,5.5514018691588785,2.8554537426680326,0.32708375090437647,0.01079695957181372,0.059063470834326205,0.0,0.01079695957181372,0.0034129428373285975,0,0,1,3,0,1.0,0.29906542056074764,0.19075125434046836,0.15838699790797123,0.9513019359008554,0.5000259891532932,0.0,0.14570230607966458,0.02616561419719038
877,107,100.0,107,0,102,5,0,0.0,1.5974075775899008,1.5800880460216913,1.059984488287646,1.2713118961078878,0.6137286766115755,1.3665343319976386,5.5514018691588785,2.8554537426680326,0.3245220574437655,0.0005698107004486048,0.05592842577452147,0.0,0.0005698107004486048,0.004665915303120017,0,0,0,5,0,1.0,0.308411214953271,0.18440102056353672,0.15747036878895485,0.9459618353377439,0.4977234894206967,0.0,0.12264150943396224,0.02613789944714781
878,107,100.0,107,0,103,4,0,0.0,1.607747519376796,1.5900492906999346,1.1450675961217571,1.2713326705747372,0.5772929318338743,1.3025638850600914,5.5514018691588785,2.8554537426680326,0.3310240976214547,0.0012031427285286377,0.05538543480228281,0.0,0.0012031427285286377,0.007224511389002625,0,0,0,4,0,1.0,0.29906542056074764,0.1932628459765793,0.1539661705937066,0.9559369495027198,0.5076468178765016,0.0,0.10831586303284417,0.026189895758727873
879,107,100.0,107,0,103,4,0,0.0,1.6090601101669477,1.591651751850271,1.1135185185107288,1.2713894578658091,0.5796999237106013,1.3317024385526295,5.5514018691588785,2.8554537426680326,0.3270411741744994,0.0017231466865642608,0.055488011236556015,0.0,0.0017231466865642608,0.003437046836699542,0,0,1,3,0,1.0,0.308411214953271,0.18836114414182026,0.1523291116004199,0.9429271693003989,0.5007986290063848,0.0,0.16002795248078266,0.026197269480092766
880,107,100.0,107,0,102,5,0,0.0,1.6124892242909783,1.5946595550009954,1.1206752798804627,1.271513332764165,0.5719453446463212,1.3181859511356977,5.5514018691588785,2.8554537426680326,0.32912632101067185,0.011074989428217875,0.054052848656055655,0.0,0.011074989428217875,0.004250020837158086,0,0,1,4,0,1.0,0.3177570093457944,0.18972292980047434,0.15436198302423218,0.9198132702303149,0.5033100034705464,0.0,0.19741439552760306,0.026216183645923586
881,107,100.0,107,0,103,4,0,0.0,1.6208867662948758,1.6032232075730797,1.130399592929019,1.271829295382402,0.5623230692652686,1.3126155991889277,5.5514018691588785,2.8554537426680326,0.329860273097502,0.014869073040870994,0.05209212450539236,0.0,0.014869073040870994,-0.0010623571682223387,0,0,0,4,0,1.0,0.27102803738317754,0.1904863842699763,0.15306004249844443,0.9191654637274779,0.502022185348968,0.0,0.19741439552760304,0.026262682439147013
882,107,100.0,107,0,103,4,0,0.0,1.6159595572084373,1.5977027035396165,1.1464022938934644,1.2720101274830007,0.5599412919674976,1.3442762399595778,5.5514018691588785,2.8554537426680326,0.3334424275768306,0.0009595734858893365,0.0509911380456298,0.0,0.0009595734858893365,0.004595512844520144,0,0,0,4,0,1.0,0.3177570093457944,0.19454503729860792,0.16102431873560732,0.9422962007398544,0.5074570336891754,0.0,0.16002795248078266,0.026240628182207064
883,106,99.06542056074767,107,1,103,3,0,0.009345794392523364,1.618471641641577,1.600745077347944,1.1758079604602591,1.2722573576817877,0.5618031886914316,1.337179268429827,5.5514018691588785,2.8554537426680326,0.3330010432007322,0.02513602046399931,0.049742978268828536,0.0,0.02513602046399931,0.0013989984232785219,0,1,0,3,0,0.75,0.308411214953271,0.19513533649685777,0.13806304241038717,0.9377386848471628,0.5154767418685072,0.009345794392523364,0.16457023060796647,0.0262567183763549
884,105,98.13084112149532,107,1,101,5,0,0.009345794392523364,1.6020240506332226,1.5892064741254706,1.145712118186777,1.2721168111419772,0.5783994870916247,1.4473954473969932,5.5514018691588785,2.8554537426680326,0.33032471290722176,0.014084453851891545,0.0504952236938534,0.0,0.014084453851891545,-0.0001594638880003015,0,1,0,5,0,0.8333333333333334,0.29906542056074764,0.19302694246881677,0.1540203497595928,0.9341826895756378,0.49937387667875205,0.009345794392523364,0.18308874912648496,0.02617247380059752
885,105,98.13084112149532,107,0,100,7,0,0.0,1.6053513786607836,1.5930976142973765,1.1552100352132948,1.2721842364085618,0.5759615115011619,1.403960819588577,5.5514018691588785,2.8554537426680326,0.33072475800308054,0.026269852733752326,0.04473862333010483,0.0,0.026269852733752326,0.006252598752389086,0,0,0,7,0,0.8571428571428571,0.2803738317757009,0.19273553323470693,0.13333396293230299,0.943305819942878,0.5074453870757215,0.0,0.18308874912648496,0.026190073089384425
886,105,98.13084112149532,107,0,98,9,0,0.0,1.618358547448192,1.6056735593047324,1.2427389391456047,1.2725370166117598,0.5633839972181724,1.3643394224967995,5.5514018691588785,2.8554537426680326,0.33576690904955586,0.029264380536930194,0.051306223522500895,0.0,0.029264380536930194,0.003684933976520816,0,0,0,9,0,0.7777777777777778,0.2803738317757009,0.20008983731840196,0.12753244973077138,0.9283279298761482,0.5140596900998562,0.0,0.18308874912648496,0.02626014567107927
887,105,98.13084112149532,107,0,102,5,0,0.0,1.6094207811315502,1.5972217590726727,1.20423148008252,1.2726866535426018,0.5843459924053872,1.3758482649921102,5.5514018691588785,2.8554537426680326,0.3336951946882525,0.04725035766590277,0.0496836020162297,0.0,0.04725035766590277,0.008468032421986705,0,0,0,5,0,0.6,0.308411214953271,0.1968721085330801,0.12901259037972007,0.9269572977362245,0.5088002683477357,0.0,0.22047519217330538,0.026217593246167133
888,106,99.06542056074767,107,0,101,6,0,0.0,1.6153751956238518,1.602752689272347,1.1962202160402702,1.2729583641828153,0.5879891668819696,1.380269491675828,5.5514018691588785,2.8554537426680326,0.3348149396457427,0.03189398802809826,0.04661221812206262,0.0,0.03189398802809826,0.011549860448242763,0,0,1,5,0,0.8333333333333334,0.29906542056074764,0.19684036616006867,0.1354442317648369,0.958166728100602,0.511860384807939,0.0,0.18308874912648496,0.026251244604451242
889,107,100.0,107,0,99,8,0,0.0,1.6143595344380457,1.601914689221274,1.252856337981083,1.2732031732883253,0.5701866494373399,1.3375148656688791,5.5514018691588785,2.8554537426680326,0.33848206517915536,0.02204728523044301,0.046301783427453905,0.0,0.02204728523044301,0.0036806579226419806,0,0,1,7,0,0.875,0.32710280373831774,0.2026097319020158,0.1246430618634201,0.9509399569745547,0.52378596204277,0.0,0.22047519217330538,0.02624966150390505
890,107,100.0,107,0,100,7,0,0.0,1.6185015189354037,1.6062791481687295,1.1746711043512514,1.2735406920681598,0.5823754337501775,1.3358143192864245,5.5514018691588785,2.8554537426680326,0.33593430453836204,0.02550146171767167,0.04696196284403186,0.0,0.02550146171767167,0.0060577864587300235,0,0,0,7,0,0.8571428571428571,0.32710280373831774,0.1959046312917494,0.1352452210621197,0.9314553238751593,0.5171994712262371,0.0,0.22047519217330538,0.026275190272707336
891,107,100.0,107,0,101,6,0,0.0,1.6102779580992117,1.5981238624807412,1.1247792995615273,1.273682276827041,0.5729310330925536,1.3284988731267213,5.5514018691588785,2.8554537426680326,0.33466215519011056,0.028926543272128236,0.04793483310740205,0.0,0.028926543272128236,0.014243499744581936,0,0,0,6,0,0.8333333333333334,0.35514018691588783,0.19267017397944083,0.13582143860023588,0.928236443791678,0.5144932656054739,0.0,0.22047519217330538,0.026236093912174636
892,107,100.0,107,0,100,7,0,0.0,1.6218588076016784,1.6096476709734562,1.1568139460884477,1.2740830643153482,0.5595542886644483,1.2829152972102287,5.5514018691588785,2.8554537426680326,0.33774948144437555,0.025019644033141355,0.0466120727789504,0.0,0.025019644033141355,0.009334868533551437,0,0,2,5,0,0.8571428571428571,0.35514018691588783,0.1954107831375646,0.13341987024447022,0.9240879455297092,0.5218556645087004,0.0,0.22047519217330538,0.026299720310354477
893,107,100.0,107,0,101,6,0,0.0,1.6125694903140146,1.599954836927788,1.114349793874294,1.2742509879882984,0.5674751911960356,1.3069504625526687,5.5514018691588785,2.8554537426680326,0.3356327051847303,0.029284099854993553,0.045116917775955244,0.0,0.029284099854993553,0.014902353376235642,0,0,0,6,0,0.8333333333333334,0.34579439252336447,0.19240673887904625,0.14550674195180796,0.9270040587406849,0.5185235335625493,0.0,0.22047519217330538,0.026255671215318195
894,107,100.0,107,0,101,6,0,0.0,1.6009959726561986,1.5881671610931523,1.046299840082097,1.2741448433738092,0.5853727237378602,1.3508955741130144,5.5514018691588785,2.8554537426680326,0.33168713434982866,0.025506925464579066,0.046982395791302256,0.0,0.025506925464579066,0.014204180229553767,0,0,1,5,0,0.8333333333333334,0.3644859813084112,0.1869186345026044,0.15196851459639446,0.9295627385533942,0.509786349702451,0.0,0.22047519217330538,0.026196288171845585
895,107,100.0,107,0,102,5,0,0.0,1.6098822667755646,1.5970289449090274,1.0388849477243773,1.2742441649797973,0.5887088431551869,1.330969194867205,5.5514018691588785,2.8554537426680326,0.33227911921209663,0.03304695848491587,0.050488559991902916,0.0,0.03304695848491587,0.01180189926505414,0,0,0,5,0,0.8,0.3364485981308411,0.18600190378407194,0.16155992426587498,0.9286455990786466,0.5092608612125347,0.0,0.22047519217330538,0.026242137683700144
896,106,99.06542056074767,107,1,102,4,0,0.009345794392523364,1.6161292067277508,1.6022339011912226,1.0333729765588784,1.2744886817845775,0.6043727527957365,1.3738678897179524,5.5514018691588785,2.8554537426680326,0.3290446677772678,0.03361855559016518,0.04990501405014234,0.0,0.03361855559016518,0.006676541438887229,0,1,0,4,0,0.8,0.3177570093457944,0.1831958489638952,0.16947760540109036,0.9353121487883703,0.504348154154236,0.009345794392523364,0.22047519217330538,0.026276863415587853
897,106,99.06542056074767,107,0,106,1,0,0.0,1.6252662242065616,1.6114876418442827,1.041691565930406,1.2749084743660193,0.599863469212634,1.3784330677238192,5.5514018691588785,2.8554537426680326,0.3284740385938656,1.9421050642673128e-06,0.04378540147049713,0.0,1.9421050642673128e-06,0.023980360271269152,0,0,0,1,0,1.0,0.2803738317757009,0.1826848244458249,0.16158332923826718,0.9345194990622115,0.5061658705177813,0.0,0.22047519217330538,0.026328541994471016
898,106,99.06542056074767,107,0,104,3,0,0.0,1.6217724222050107,1.6081572002995885,1.0126505153896868,1.275240200590295,0.6213856965352513,1.404754090143929,5.5514018691588785,2.8554537426680326,0.3252248555602686,0.0001040474369623397,0.051396047508515876,0.0,0.0001040474369623397,0.016614661523219314,0,0,1,2,0,1.0,0.308411214953271,0.1789159286429235,0.16335152814830314,0.9335840156063369,0.4989109244066485,0.0,0.23375262054507337,0.026315809128906506
899,106,99.06542056074767,107,0,102,5,0,0.0,1.631235998595315,1.6171289016259154,1.0319599845089802,1.275767400750727,0.6206207876782316,1.4350322255845867,5.5514018691588785,2.8554537426680326,0.32566560458819516,3.8364393256204857e-05,0.0550488938794735,0.0,3.8364393256204857e-05,0.008425092891043562,0,0,0,5,0,1.0,0.2897196261682243,0.1797136847717535,0.16435726786061905,0.9214281551134509,0.49726981721607866,0.0,0.25786163522012573,0.026370653989214232
900,106,99.06542056074767,107,0,105,2,0,0.0,1.6209167324196654,1.6074018910631998,0.9993143515572406,1.2760573467247165,0.6328719904893596,1.4290843429988875,5.5514018691588785,2.8554537426680326,0.32381473702997665,0.00022910947721476143,0.060061657364304556,0.0,0.00022910947721476143,0.00984386728996589,0,0,0,2,0,1.0,0.2897196261682243,0.17707527931162467,0.16189508663527444,0.9362109832976171,0.497096604312545,0.0,0.25786163522012573,0.026323197294918985
901,107,100.0,107,0,104,3,0,0.0,1.6179302185310218,1.6044217636281624,0.9833315805716508,1.2762709364972358,0.6359872270582947,1.4416746295017007,5.5514018691588785,2.8554537426680326,0.32595814514090815,0.002274248916715889,0.05380662041627776,0.0,0.002274248916715889,0.011396038297024605,0,0,1,2,0,1.0,0.29906542056074764,0.17770860868484778,0.16510841891356803,0.943268060363451,0.4998884937545232,0.0,0.23375262054507337,0.026311314204052444
902,107,100.0,107,0,102,5,0,0.0,1.630300015405194,1.6164447902316408,0.9839305606903845,1.276753076883107,0.6298812676384494,1.3979793163926943,5.5514018691588785,2.8554537426680326,0.3260545448202412,0.0010647786452034807,0.05486442082822426,0.0,0.0010647786452034807,0.009249719633236463,0,0,0,5,0,1.0,0.2803738317757009,0.17670491267286567,0.17257771206536207,0.9555363265076737,0.4965910355345374,0.0,0.19636617749825297,0.026380046836269943
903,107,100.0,107,0,102,5,0,0.0,1.642176538453644,1.6279274085737907,1.0363656951131337,1.2774837546574498,0.6193434416424262,1.3791126526163662,5.5514018691588785,2.8554537426680326,0.32950755792999886,0.0007675834494229576,0.05101969975943423,0.0,0.0007675834494229576,0.009979845868439108,0,0,0,5,0,1.0,0.308411214953271,0.1814051215556839,0.16604702060952772,0.9485353161158716,0.5012169412786122,0.0,0.23375262054507337,0.026449861534439352
904,107,100.0,107,0,102,5,0,0.0,1.6559680073664695,1.6415491278487977,1.0933695405834505,1.278504737780222,0.6111786999069448,1.3628855924376615,5.5514018691588785,2.8554537426680326,0.3333253681877526,0.0009223345258612391,0.05067045299893515,0.0,0.0009223345258612391,0.008018402535613024,0,0,0,5,0,1.0,0.2897196261682243,0.18613291085469502,0.16410303881301286,0.962470381073119,0.5082258547452962,0.0,0.19636617749825297,0.026533395729399077
905,107,100.0,107,0,102,5,0,0.0,1.6703701291755864,1.6555039972061705,1.1620438328812985,1.2798153470736826,0.5781692095339256,1.2986079626801563,5.5514018691588785,2.8554537426680326,0.3374725892191621,0.0012939719957635741,0.05120688192860551,0.0,0.0012939719957635741,0.006491651888689043,0,0,0,5,0,1.0,0.2897196261682243,0.1916482295071897,0.15313657924315094,0.9505530740178123,0.5200086408946768,0.0,0.23375262054507337,0.026624118259505603
906,107,100.0,107,0,105,2,0,0.0,1.6675550156487935,1.6524520330503591,1.152882722567925,1.2810188145852512,0.5967056648599322,1.3475674645524898,5.5514018691588785,2.8554537426680326,0.33560975659177084,0.00018687796389702386,0.05438646034247759,0.0,0.00018687796389702386,0.005773827756964056,0,0,0,2,0,1.0,0.2803738317757009,0.19016638313190012,0.16049145503604917,0.9524701158045381,0.5112261440721302,0.0,0.27113906359189377,0.02662722492092208
907,107,100.0,107,0,104,3,0,0.0,1.666856039601513,1.6520239774000358,1.1231682450159486,1.2821781392938494,0.6025626334285631,1.354090831463638,5.5514018691588785,2.8554537426680326,0.3330371150772926,3.040521299383658e-05,0.05648834496339674,0.0,3.040521299383658e-05,0.003691926335354904,0,0,0,3,0,1.0,0.27102803738317754,0.1867244626763832,0.16004688078047644,0.9645944914000995,0.5069871458517139,0.0,0.19636617749825294,0.02664028203107635
908,107,100.0,107,0,105,2,0,0.0,1.665153431411336,1.650070665112296,1.1475200577891806,1.2832597392786051,0.6004378507908504,1.3512208076828238,5.5514018691588785,2.8554537426680326,0.33490167406126625,1.705345604638747e-05,0.056448383520421544,0.0,1.705345604638747e-05,0.0036073005421783377,0,0,0,2,0,1.0,0.24299065420560748,0.18936968281133537,0.15788070879368604,0.9651314031025562,0.5107351945681261,0.0,0.12159329140461216,0.026647211283748168
909,107,100.0,107,0,104,3,0,0.0,1.6686046111005626,1.6533698439254665,1.1688802459530228,1.2843858198960334,0.5931352342472841,1.3704339705345188,5.5514018691588785,2.8554537426680326,0.33850731528892,3.352816356382854e-05,0.05471196541269107,0.0,3.352816356382854e-05,0.005336454894464511,0,0,0,3,0,1.0,0.2803738317757009,0.1929268814673212,0.16172385457067065,0.9556579359599241,0.5198733988079134,0.0,0.10831586303284416,0.026680544537762203
910,107,100.0,107,0,104,3,0,0.0,1.6486212908821458,1.6333447936153842,1.0979489552616477,1.2850223009634858,0.6212929865992657,1.3554814131224893,5.5514018691588785,2.8554537426680326,0.33538340684884593,9.07220859755008e-05,0.05875621708346562,0.0,9.07220859755008e-05,0.004729840698944887,0,0,1,2,0,1.0,0.2803738317757009,0.18849727309825545,0.16557956136764151,0.9642346521920858,0.5105326995463269,0.0,0.12159329140461216,0.026589715147901094
911,107,100.0,107,0,105,2,0,0.0,1.6425023460526262,1.6272752873646146,1.055535589951697,1.2855019580537568,0.6196026611704247,1.4003771630927833,5.5514018691588785,2.8554537426680326,0.33565065475865086,0.0002559763554270685,0.05297086940528371,0.0,0.0002559763554270685,0.008699603698332448,0,0,0,2,0,1.0,0.29906542056074764,0.18665471559680805,0.16302830438717517,0.9603650293728045,0.5129636195869203,0.0,0.15897973445143257,0.02656596861692155
912,107,100.0,107,0,105,2,0,0.0,1.6560685087246547,1.6405868906059136,1.116739759423382,1.2862720040960622,0.6080577633040665,1.3905601337055342,5.5514018691588785,2.8554537426680326,0.34184148195754194,0.00022519806524572334,0.05757111691543264,0.0,0.00022519806524572334,0.007651757727076269,0,0,0,2,0,1.0,0.3177570093457944,0.19369638504391312,0.16881569888509226,0.9568343475379242,0.5219330288320994,0.0,0.19636617749825297,0.026644793584549336
913,107,100.0,107,0,104,3,0,0.0,1.6731537550716369,1.6572983641481576,1.1593697826459701,1.2874018125472062,0.5877199013706883,1.3392643327183635,5.5514018691588785,2.8554537426680326,0.34631197291179316,0.000225189802427279,0.04983221286474093,0.0,0.000225189802427279,0.00863195910906737,0,0,0,3,0,1.0,0.3364485981308411,0.19818736813493804,0.16750899228763858,0.948890821048735,0.5313655197489481,0.0,0.23375262054507337,0.02674635039513583
914,107,100.0,107,0,101,6,0,0.0,1.6939689411045966,1.6775128855477872,1.2331880924107377,1.2889611328869408,0.5625617176759491,1.2714460410607034,5.5514018691588785,2.8554537426680326,0.35022269222952085,0.0005748828117219884,0.050890178180271785,0.0,0.0005748828117219884,0.0062159654973856044,0,0,0,6,0,1.0,0.32710280373831774,0.2037063148214963,0.17041972548853043,0.9570916398274999,0.5370728717890141,0.0,0.19636617749825297,0.026872689160801197
915,107,100.0,107,0,103,4,0,0.0,1.7005892738712023,1.683314726051345,1.2067949110333627,1.2906084626531167,0.570438330654089,1.2920494168343848,5.5514018691588785,2.8554537426680326,0.3519644568282825,0.0016324534054566297,0.054045329779706025,0.0,0.0016324534054566297,0.00652810905213369,0,0,0,4,0,1.0,0.308411214953271,0.2033400496575884,0.1879677227567323,0.964585481426605,0.5346670814947003,0.0,0.19636617749825297,0.026929310194365404
916,107,100.0,107,0,103,4,0,0.0,1.711906001742365,1.6939688460185356,1.2389869868325718,1.2924521324537113,0.5763480960247638,1.3000901837287635,5.5514018691588785,2.8554537426680326,0.35292202134439044,0.0014169835288564388,0.05354320397686747,0.0,0.0014169835288564388,0.011135719393735505,0,0,0,4,0,1.0,0.29906542056074764,0.20522473739806404,0.1972485068592172,0.9476032334209841,0.5334606065491047,0.0,0.19636617749825297,0.027012216402882976
917,107,100.0,107,0,103,4,0,0.0,1.7168729775125438,1.6988241279641703,1.2215269134636217,1.2943540693800093,0.5860609229938869,1.315098925515221,5.5514018691588785,2.8554537426680326,0.3507342974413701,0.0017511907861745251,0.052211380187304146,0.0,0.0017511907861745251,0.007128404592621512,0,0,1,3,0,1.0,0.32710280373831774,0.20248659528971233,0.19687084470045038,0.9598597204301605,0.5284201227633204,0.0,0.19636617749825297,0.027064205746306448
918,107,100.0,107,0,104,3,0,0.0,1.7274015686194122,1.708704892470224,1.2903670118286206,1.2964274099050759,0.6025111355235108,1.328586234576071,5.5514018691588785,2.8554537426680326,0.3565197230875947,0.029712042615586756,0.0519238518539177,0.0,0.029712042615586756,0.0018447958607977026,0,0,0,3,0,0.6666666666666666,0.3364485981308411,0.20984518227917243,0.20603246194288824,0.9536601476774187,0.5327858806045657,0.0,0.19636617749825294,0.027146450341651425
919,107,100.0,107,0,103,4,0,0.0,1.7252787770596718,1.70660032298044,1.3054120128543834,1.2983934711439113,0.5951083371414222,1.3815623724674169,5.5514018691588785,2.8554537426680326,0.3584470004542035,0.005438821092358609,0.055382578276591155,0.0,0.005438821092358609,0.006147068800853417,0,0,0,4,0,1.0,0.3177570093457944,0.21235939119620562,0.1994428573503745,0.9544427403842828,0.5371843434435523,0.0,0.19636617749825294,0.02716390636846646
920,107,100.0,107,0,104,3,0,0.0,1.7264658932243846,1.707486430517866,1.3203923482522324,1.300323634326192,0.5951041619845121,1.3567144003391585,5.5514018691588785,2.8554537426680326,0.36041863583495215,0.004038037739406644,0.058280605062375236,0.0,0.004038037739406644,0.0015015825948178814,0,0,0,3,0,1.0,0.3364485981308411,0.21510780295692558,0.21016874169568348,0.9642680383400183,0.5358450841506962,0.0,0.19636617749825297,0.027197399407704038
921,107,100.0,107,0,103,4,0,0.0,1.7317627617936169,1.712570630208941,1.3308353246815015,1.3023148241679354,0.6001495230760748,1.3186612614280433,5.5514018691588785,2.8554537426680326,0.3617952310593662,0.003671199966878212,0.056104594983821574,0.0,0.003671199966878212,0.00527592688975842,0,0,0,4,0,1.0,0.37383177570093457,0.2166112517504508,0.20820301011950074,0.9619044417816776,0.5392901314504444,0.0,0.23375262054507337,0.027252312502980047
922,107,100.0,107,0,102,5,0,0.0,1.7275081413799787,1.7090164381151391,1.3474791838442397,1.304167965855888,0.5979781341128577,1.3294146275597696,5.5514018691588785,2.8554537426680326,0.3629549559138683,0.0037279784897097405,0.0499137116370663,0.0,0.0037279784897097405,0.006547205972661762,0,0,0,5,0,1.0,0.37383177570093457,0.21804562614796766,0.1960349382839691,0.9454612586888747,0.5451399718106285,0.0,0.27113906359189377,0.027257497202754645
923,107,100.0,107,0,102,5,0,0.0,1.7235406956704107,1.7048587868158291,1.3262142998170643,1.3058732160924484,0.612157688682068,1.328726049290994,5.5514018691588785,2.8554537426680326,0.3616806739322176,0.004820386324229262,0.05061019649593841,0.0,0.004820386324229262,0.005205616972994931,0,0,0,5,0,1.0,0.34579439252336447,0.21677345226332523,0.20167746968351963,0.9536223910930314,0.5409553326440399,0.0,0.23375262054507337,0.027262006290057667
924,107,100.0,107,0,102,5,0,0.0,1.7265566596193724,1.7083509159295625,1.3451419885218752,1.3076095466024888,0.612997600122774,1.3313653908032905,5.5514018691588785,2.8554537426680326,0.3624001389670948,0.004729090996168864,0.05640442912680278,0.0,0.004729090996168864,0.0031502719981540083,0,0,0,5,0,1.0,0.34579439252336447,0.2176478003648248,0.185307555443688,0.9502794197408251,0.5469176479400734,0.0,0.23375262054507337,0.027301876167069493
925,107,100.0,107,0,102,5,0,0.0,1.7427259580521952,1.7243183109436881,1.432911734366549,1.309661050260825,0.6036541124873013,1.3757667988095028,5.5514018691588785,2.8554537426680326,0.3649098277357157,0.019409540025320252,0.05167027411115972,0.0,0.019409540025320252,0.0031094852506678983,0,0,0,5,0,0.8,0.3177570093457944,0.22249372433869585,0.17071800229043257,0.9502794197408251,0.5541873001437403,0.0,0.23375262054507337,0.027412012528230077
926,107,100.0,107,0,103,4,0,0.0,1.746135937720127,1.7280576212964893,1.4680897550814918,1.3117393936031032,0.5929400355602933,1.360956593733567,5.5514018691588785,2.8554537426680326,0.36633932067871755,0.04576415047725949,0.06148346076728911,0.0,0.04576415047725949,0.005657363848012825,0,0,0,4,0,0.75,0.29906542056074764,0.22468155775210133,0.1695128461666886,0.9540314112835361,0.5582175171855244,0.0,0.19636617749825294,0.027458735492946022
927,107,100.0,107,0,104,3,0,0.0,1.7327022012808675,1.7143376913009563,1.3969433681457821,1.31344497780899,0.6061580076348377,1.3609809342838672,5.5514018691588785,2.8554537426680326,0.3645175611395819,0.0027227776910717567,0.042341083924716305,0.0,0.0027227776910717567,0.0069370117025520095,0,0,1,2,0,1.0,0.32710280373831774,0.22116260054224937,0.17500808500366857,0.9530195622790433,0.5549340356878107,0.0,0.19636617749825294,0.027415917894770398
928,107,100.0,107,0,105,2,0,0.0,1.7252465424504635,1.7065257561479912,1.3782788708564089,1.3149234068910753,0.6212499945385082,1.3525004513156302,5.5514018691588785,2.8554537426680326,0.3620916002017236,0.0023860794607190056,0.05343165053102744,0.0,0.0023860794607190056,0.004134327813307248,0,0,0,2,0,1.0,0.3364485981308411,0.21927174130784297,0.1886467905527566,0.9544340946307533,0.5474647513513772,0.0,0.23375262054507337,0.027399747529896924
929,107,100.0,107,0,104,3,0,0.0,1.7214969671688565,1.702926411392605,1.324404904040973,1.3162773980149802,0.6234213079302511,1.3514630021076601,5.5514018691588785,2.8554537426680326,0.361646125020441,0.0029833561873778163,0.060976492053738084,0.0,0.0029833561873778163,-0.0021961230860697936,0,0,1,2,0,1.0,0.32710280373831774,0.21622678128892583,0.18988304756895366,0.9465030438691964,0.547724108152437,0.0,0.27113906359189377,0.02740033094860036
930,107,100.0,107,0,104,3,0,0.0,1.7057446410336987,1.687437845057279,1.2470730118437892,1.3172389114709757,0.6375008001174758,1.3661418051592686,5.5514018691588785,2.8554537426680326,0.3560516548547892,0.0026333509876555593,0.06170826624020925,0.0,0.0026333509876555593,0.009108902622612844,0,0,1,2,0,1.0,0.308411214953271,0.2091896157895009,0.189163534761011,0.9383031891847886,0.5386340118758363,0.0,0.27113906359189377,0.027335297103907308
931,107,100.0,107,0,104,3,0,0.0,1.7059996673101943,1.6874992063797765,1.2763426810969314,1.31817437107035,0.628755312663592,1.3596611282171271,5.5514018691588785,2.8554537426680326,0.3577565136743093,0.0026932314461886927,0.06064436555665003,0.0,0.0026932314461886927,0.010314073817715097,0,0,0,3,0,1.0,0.3364485981308411,0.21173528545639353,0.1892020107699731,0.9267075893284642,0.5407857214334423,0.0,0.27113906359189377,0.027349928043360526
932,107,100.0,107,0,104,3,0,0.0,1.6980717951992337,1.6798699289397805,1.2481509305807021,1.3189088386630234,0.6241730160201487,1.3525128209196386,5.5514018691588785,2.8554537426680326,0.35616036827850217,0.0027620707645978023,0.044432957479852354,0.0,0.0027620707645978023,0.0024134937186754968,0,0,0,3,0,1.0,0.308411214953271,0.20934501128810062,0.18393145058225624,0.9428690806004131,0.542034924595228,0.0,0.23375262054507337,0.027320774873987565
933,107,100.0,107,0,103,4,0,0.0,1.7192288153752464,1.7007365497356552,1.3322658704413326,1.3200990032369206,0.6019668818807811,1.3331847535472259,5.5514018691588785,2.8554537426680326,0.3611995605310303,0.0032214187241325553,0.05952994977568733,0.0,0.0032214187241325553,0.005548364157345387,0,0,0,4,0,1.0,0.32710280373831774,0.21593888921837895,0.1761175042170505,0.937717470037757,0.5532241110382872,0.0,0.23375262054507337,0.027443552274302258
934,107,100.0,107,0,103,4,0,0.0,1.721636061843836,1.7026521001031365,1.3737281720053924,1.3212989413356773,0.5904612793353083,1.2734500346370696,5.5514018691588785,2.8554537426680326,0.3635335625529914,0.002453809177606443,0.05597241838151984,0.0,0.002453809177606443,-0.0009560316389874701,0,0,0,4,0,1.0,0.32710280373831774,0.21991745199523868,0.17329866100898358,0.9353353329926052,0.5548351326798098,0.0,0.23375262054507337,0.027472720345320528
935,107,100.0,107,0,102,5,0,0.0,1.7118332447014057,1.692760300630593,1.3254457492934728,1.3222386511504785,0.5992947216301476,1.2858730548295252,5.5514018691588785,2.8554537426680326,0.35979784643334023,0.023337108656587,0.07190952400065513,0.0,0.023337108656587,-0.0002748807645435392,0,0,0,5,0,0.8,0.3177570093457944,0.2155827820786307,0.1809141706100796,0.9467179091823907,0.5497244779674615,0.0,0.23375262054507337,0.027437122749146853
936,106,99.06542056074767,107,1,102,4,0,0.009345794392523364,1.7024841931148669,1.6869256925638676,1.3009352606331006,1.3229311353962707,0.6119587824862243,1.2945602404861445,5.5514018691588785,2.8554537426680326,0.3579145982464147,0.026111543163792217,0.06290215799610335,0.0,0.026111543163792217,0.008075367576186699,0,1,1,3,0,0.8,0.32710280373831774,0.2137532913153125,0.1867469204744567,0.930305811094397,0.5415115107948226,0.009345794392523364,0.19636617749825294,0.02740026427487109
937,106,99.06542056074767,107,0,103,4,0,0.0,1.7010978121376277,1.6856807705358268,1.2984500759297712,1.3236625164990377,0.59557709988064,1.274339602426433,5.5514018691588785,2.8554537426680326,0.3584214676889008,0.15324461566815045,0.0651389702481284,0.25,0.12125138314940481,0.009130697780304176,0,0,0,4,0,0.75,0.32710280373831774,0.21392477224305903,0.18763908980470784,0.9550362921417828,0.539757287011079,0.0,0.15897973445143257,0.027403774494520958
938,106,99.06542056074767,107,0,101,6,0,0.0,1.6925562663355616,1.6767097530879995,1.29493692966179,1.3241680827499567,0.6112492296987269,1.3070132467082551,5.5514018691588785,2.8554537426680326,0.3575612553722407,0.018632592077845504,0.051710852933121665,0.0,0.018632592077845504,-0.005258146941898911,0,0,0,6,0,0.8333333333333334,0.37383177570093457,0.2144291222599232,0.20216572551779763,0.9420374524742979,0.5300044419829882,0.0,0.19636617749825297,0.027368284870727393
939,106,99.06542056074767,107,0,101,6,0,0.0,1.693531509726762,1.6773706070408838,1.2931959630103176,1.3246743090935877,0.6105367140896016,1.3451225934641435,5.5514018691588785,2.8554537426680326,0.35977306952182153,0.1202258802816459,0.058823191004551544,0.16666666666666666,0.05104681831479358,0.012464607991927593,0,0,0,6,0,0.8333333333333334,0.34579439252336447,0.21635556524083813,0.21240051175277808,0.9668984327296687,0.5297757495293314,0.0,0.19636617749825297,0.02738038861722119
940,105,98.13084112149532,107,1,101,5,0,0.009345794392523364,1.7043444831734538,1.681483195517317,1.2721759427391484,1.3254097151672235,0.6360370759111167,1.3904140531645357,5.5514018691588785,2.8554537426680326,0.35767311602543006,0.12730706674698716,0.057706558714332556,0.16666666666666666,0.06579807779050055,0.017935572394635186,0,1,1,4,0,0.8333333333333334,0.3177570093457944,0.21349656246943666,0.2301875764775171,0.9407008867702528,0.5173610285793652,0.009345794392523364,0.23375262054507337,0.02744495307458137
941,106,99.06542056074767,107,0,103,4,0,0.0,1.708525609817634,1.686125553468138,1.2693452680287873,1.326080482027866,0.6336359928336396,1.424425206883405,5.5514018691588785,2.8554537426680326,0.3583073506972716,0.003135816662126345,0.052355068774738694,0.0,0.003135816662126345,0.01003875713323546,0,0,0,4,0,1.0,0.32710280373831774,0.21299202499926223,0.22138579364859834,0.9473978179990689,0.5212397504648929,0.0,0.23375262054507337,0.027475435426515666
942,106,99.06542056074767,107,0,104,3,0,0.0,1.7085413698946355,1.6864968268835518,1.2647964687282633,1.32674057668359,0.6267009752338768,1.4605308557648975,5.5514018691588785,2.8554537426680326,0.3552448189491382,0.003894230814363685,0.056384794277725185,0.0,0.003894230814363685,0.01270156871105325,0,0,0,3,0,1.0,0.308411214953271,0.2104486960296725,0.21849644919691696,0.940299136014725,0.5160573644999316,0.0,0.23375262054507337,0.027484938575676687
943,106,99.06542056074767,107,0,103,4,0,0.0,1.7067786734529806,1.6852488787003224,1.2524980110818644,1.3273533149752788,0.6265506746385641,1.4359438263242694,5.5514018691588785,2.8554537426680326,0.35436923722737945,0.0034799631079372884,0.05428658148814923,0.0,0.0034799631079372884,0.013307885941860859,0,0,0,4,0,1.0,0.3177570093457944,0.20905094596345722,0.21805560443708505,0.9240805381328084,0.5167396779088884,0.0,0.23375262054507337,0.027484873322709803
944,106,99.06542056074767,107,0,102,5,0,0.0,1.6900339358359677,1.669331500421433,1.1802645158177405,1.327584946109445,0.6494391978824323,1.4614840305495012,5.5514018691588785,2.8554537426680326,0.35123240984799775,0.04698382325384757,0.05768808614588039,0.0,0.04698382325384757,0.0031255178678206486,0,0,1,4,0,0.8,0.32710280373831774,0.20332709804513913,0.214130675290923,0.9334701436272063,0.5151020236221417,0.0,0.19636617749825294,0.02740445669456961
945,106,99.06542056074767,107,1,100,6,0,0.009345794392523364,1.6928438820122298,1.669807837752526,1.1470262900661479,1.3278573098338067,0.6629922516447616,1.4722777307222856,5.5514018691588785,2.8554537426680326,0.3517796713089263,0.05177702448920315,0.055268568237614994,0.0,0.05177702448920315,0.00977926884865808,0,1,0,6,0,0.7142857142857143,0.3364485981308411,0.20255228345024318,0.23616337631184303,0.941538997973374,0.5101211572689632,0.009345794392523364,0.2148846960167715,0.027422395035531393
946,106,99.06542056074767,107,0,103,4,0,0.0,1.699248689776634,1.6760877916416108,1.1344721989310724,1.3282288878443318,0.6681656553337552,1.4217132802185526,5.5514018691588785,2.8554537426680326,0.35116665923348767,0.059482964196089595,0.05150878624216067,0.0,0.059482964196089595,0.011053136638992489,0,0,0,4,0,0.75,0.3177570093457944,0.20100269964761813,0.23655598059346605,0.9444580076603271,0.507272134262203,0.0,0.2148846960167715,0.02745972419345765
947,106,99.06542056074767,107,0,104,3,0,0.0,1.7034364687715642,1.6802827607351731,1.1473312077961906,1.3286856839382377,0.6695153787352579,1.529580215013762,5.5514018691588785,2.8554537426680326,0.35096945734844787,0.08292735838438779,0.06297163745959562,0.0,0.08292735838438779,0.006133889308449418,0,0,0,3,0,0.6666666666666666,0.32710280373831774,0.20118006827449722,0.22842075352443814,0.9472410739218845,0.5067710298126799,0.0,0.2148846960167715,0.027487184889012202
948,106,99.06542056074767,107,0,103,4,0,0.0,1.714680394746067,1.6915460858236373,1.1881694822391866,1.3293867316612138,0.6524692704694793,1.4756130312272777,5.5514018691588785,2.8554537426680326,0.35266005514370957,0.062100484701245635,0.05806480207670275,0.0,0.062100484701245635,0.00663429007576416,0,0,1,3,0,0.75,0.308411214953271,0.20370967380198662,0.21712213728348295,0.9640474346783268,0.5079081917594044,0.0,0.1774982529699511,0.02755341356560652
949,106,99.06542056074767,107,0,103,4,0,0.0,1.718715848531373,1.6947347356964046,1.2316700160133427,1.3301406016284518,0.6360173337948194,1.4467335349849302,5.5514018691588785,2.8554537426680326,0.3559563637506795,0.0624462067545889,0.057700047115185005,0.0,0.0624462067545889,0.006903071684632028,0,0,1,3,0,0.75,0.34579439252336447,0.2085939313469657,0.22114867291985232,0.9428051956978174,0.5109643637553615,0.0,0.2148846960167715,0.027584354038630222
950,107,100.0,107,0,103,4,0,0.0,1.7107283219745013,1.6870241866513798,1.2269275253921008,1.3306968082584663,0.6436905852745086,1.4811557689710555,5.5514018691588785,2.8554537426680326,0.3549231095760692,0.06313236933818067,0.06497765525599035,0.0,0.06313236933818067,0.009830500663470798,0,0,0,4,0,0.75,0.3364485981308411,0.20830324200880598,0.21870754262215544,0.9424850497675471,0.5098023950014302,0.0,0.2148846960167715,0.02755235751736272
951,107,100.0,107,0,102,5,0,0.0,1.7146596972014199,1.690496948526521,1.2218782761830498,1.3313164631525973,0.6321317950573739,1.478451918290769,5.5514018691588785,2.8554537426680326,0.3554462971953234,0.06471893173579335,0.06052098687044845,0.0,0.06471893173579335,0.008526336876111896,0,0,1,4,0,0.6,0.32710280373831774,0.20877590489768,0.23684417120392398,0.9354182636641681,0.5052948719814644,0.0,0.2148846960167715,0.027580861372930362
952,107,100.0,107,0,103,4,0,0.0,1.6967309714371632,1.6729047975203972,1.202034429903314,1.3315165555004058,0.6388044851838799,1.5181428279655511,5.5514018691588785,2.8554537426680326,0.35365880700566166,0.06792454255993666,0.049197643680151906,0.0,0.06792454255993666,0.010827302608846706,0,0,0,4,0,0.75,0.3364485981308411,0.20764851350735153,0.23715296457252774,0.9617191088144457,0.5046339932030868,0.0,0.1774982529699511,0.02749407451632622
953,107,100.0,107,0,103,4,0,0.0,1.6871879874748599,1.6642515528928705,1.1834880957914533,1.3315132627857178,0.6409090840321062,1.5339104899104024,5.5514018691588785,2.8554537426680326,0.3504624399983074,0.05776633826181333,0.0518911187289141,0.0,0.05776633826181333,0.0007813352946325902,0,0,0,4,0,0.75,0.3364485981308411,0.20491224458577598,0.23659090886405615,0.9545099949138077,0.5007816368018867,0.0,0.2148846960167715,0.02744631258554231
954,107,100.0,107,0,105,2,0,0.0,1.6880086955880071,1.6650260012673732,1.1838203965120975,1.33152775530505,0.6413700528347548,1.5362730099957334,5.5514018691588785,2.8554537426680326,0.3518042407836188,0.006603524663089046,0.04362711963734007,0.0,0.006603524663089046,-0.0021690603385943197,0,0,0,2,0,1.0,0.3177570093457944,0.20560417929800345,0.22752504955965341,0.9486437873911053,0.504266681706978,0.0,0.2148846960167715,0.027450623039700882
955,107,100.0,107,0,102,5,0,0.0,1.7060582939874673,1.682752178380697,1.225201605738264,1.3319467642274476,0.6187856818638113,1.4426318844681238,5.5514018691588785,2.8554537426680326,0.35473771754136996,0.007616242051037088,0.055006200807129965,0.0,0.007616242051037088,0.00668293113674343,0,0,0,5,0,1.0,0.308411214953271,0.20938430137764427,0.23153992239440094,0.9443958195732763,0.5097938284338238,0.0,0.16422082459818307,0.02754685333467654
956,107,100.0,107,0,103,4,0,0.0,1.722524682039931,1.698550373218765,1.2556019648219334,1.3327146966605108,0.6321975298169432,1.5047975393746116,5.5514018691588785,2.8554537426680326,0.3562095518699997,0.015168949873120934,0.05266653373210367,0.0,0.015168949873120934,0.008327169932967449,0,0,0,4,0,0.75,0.29906542056074764,0.21132656139525557,0.24554145945444622,0.9247163683946336,0.5048125025859996,0.0,0.16422082459818307,0.02764014925263939
957,107,100.0,107,0,103,4,0,0.0,1.749297387700793,1.7251549507957258,1.3074588507223677,1.3340684462630867,0.6074373251997578,1.4584072649733892,5.5514018691588785,2.8554537426680326,0.3580973409082797,0.09145391837041222,0.053187813704286074,0.0,0.09145391837041222,0.012180165721094205,0,0,0,4,0,0.5,0.2897196261682243,0.2134450899980503,0.24202041121113754,0.9443958195732763,0.5070242040525861,0.0,0.16422082459818307,0.027793340627790257
958,106,99.06542056074767,107,1,102,4,0,0.009345794392523364,1.7535784055146588,1.7271528163097547,1.3333655522316183,1.3354670436646001,0.6172098658474978,1.4774664752043254,5.5514018691588785,2.8554537426680326,0.3597212686331164,0.08433767206941567,0.050658590937820824,0.0,0.08433767206941567,0.012776974722797763,0,1,0,4,0,0.6,0.308411214953271,0.2164239993004909,0.24425927772348616,0.9436050560750902,0.4997201829207734,0.009345794392523364,0.18273934311670162,0.027834713867782773
959,106,99.06542056074767,107,0,102,5,0,0.0,1.7437837382073909,1.7173507333702758,1.303752600250178,1.3365639246167882,0.6309669083235825,1.4960904005246856,5.5514018691588785,2.8554537426680326,0.3583477440094811,0.030865544870532065,0.05151645642447998,0.0,0.030865544870532065,0.011281687322465461,0,0,1,4,0,0.6,0.2803738317757009,0.21455286509333912,0.2515010507977112,0.9527869921819277,0.4987166779283963,0.0,0.18273934311670162,0.027801400995347364
960,106,99.06542056074767,107,0,102,5,0,0.0,1.739821444543483,1.713110084492135,1.2385248916876308,1.3375326128270904,0.64455756939342,1.5246661674948956,5.5514018691588785,2.8554537426680326,0.353504102461357,0.006349187293773479,0.05266830464863729,0.0,0.006349187293773479,0.006532729869806064,0,0,0,5,0,1.0,0.2897196261682243,0.20775950327488232,0.26358218469091,0.9438620888719472,0.4902533231221377,0.0,0.18273934311670162,0.027795419748905755
961,106,99.06542056074767,107,0,101,6,0,0.0,1.750144080887518,1.7229378680912681,1.2780426312030504,1.3386981428453195,0.6173272330036307,1.5207363554522393,5.5514018691588785,2.8554537426680326,0.35541857594386417,0.015457411693235501,0.04928784997967712,0.0,0.015457411693235501,0.009734916606074553,0,0,0,6,0,0.8333333333333334,0.29906542056074764,0.21025355463409892,0.25053926568730606,0.9545919914841952,0.49829388449238865,0.0,0.1453529000698812,0.02786367351588965
962,106,99.06542056074767,107,0,101,6,0,0.0,1.7621466474650553,1.7345561233955396,1.3714304959506993,1.340095794817756,0.6021413356471718,1.524160662779047,5.5514018691588785,2.8554537426680326,0.35704615248917326,0.01206144343669069,0.04383287937422401,0.0,0.01206144343669069,0.011887814891054541,0,0,1,5,0,0.8333333333333334,0.29906542056074764,0.21522395531142174,0.2487583405384567,0.9554258870306487,0.5013253955056467,0.0,0.15863032844164918,0.027943641001555546
963,107,100.0,107,0,104,3,0,0.0,1.7687876110158298,1.7424960844013189,1.3615373133886723,1.3416349150156004,0.5962362180625551,1.4999817276450127,5.5514018691588785,2.8554537426680326,0.35643002580399763,0.003797085292598968,0.04727809872819281,0.0,0.003797085292598968,0.01818328446893595,0,0,0,3,0,1.0,0.27102803738317754,0.21332078996742135,0.24339514190875094,0.9514902340014685,0.5027011350287003,0.0,0.14535290006988122,0.02799882025195617
964,107,100.0,107,0,102,5,0,0.0,1.761096517655315,1.7348926641762077,1.33819081081892,1.3429563966302405,0.6261925012448875,1.537303759536378,5.5514018691588785,2.8554537426680326,0.35458441347758707,0.011380096013597121,0.04789787466464178,0.0,0.011380096013597121,0.011201843789536713,0,0,1,4,0,0.8,0.29906542056074764,0.21167127814354486,0.2517804934517342,0.9562606990607048,0.4981826149768017,0.0,0.18273934311670162,0.02797923193326555
965,107,100.0,107,0,103,4,0,0.0,1.77882616019419,1.7520567341940487,1.4675490004932237,1.3446322336124314,0.6121336254714672,1.4733029118483225,5.5514018691588785,2.8554537426680326,0.36084371204947163,0.026680876036529532,0.0527304676963305,0.0,0.026680876036529532,0.013768341902945569,0,0,0,4,0,0.75,0.29906542056074764,0.22138405415030496,0.2512340518243344,0.9562606990607048,0.5101907956534394,0.0,0.18273934311670162,0.02809180652087442
966,107,100.0,107,0,101,6,0,0.0,1.7899219099391046,1.7627050978994085,1.5379923535594475,1.3465034651247598,0.6061869666482788,1.512340857142778,5.5514018691588785,2.8554537426680326,0.36128029142969087,0.02066376848413433,0.052605328964351494,0.0,0.02066376848413433,0.009941732920052201,0,0,0,6,0,0.8333333333333334,0.2897196261682243,0.22388621214155108,0.24031635381362504,0.9529388259839102,0.5133253970069513,0.0,0.1453529000698812,0.028174001344725374
967,107,100.0,107,0,102,5,0,0.0,1.7938836435068137,1.7661608882585267,1.5807390639566032,1.3484002072829533,0.5904765408149861,1.3921720768864385,5.5514018691588785,2.8554537426680326,0.3658640721712505,0.000934644627218899,0.05368281334263843,0.0,0.000934644627218899,0.008402966727276584,0,0,0,5,0,1.0,0.2897196261682243,0.22973778130508124,0.2539963903915015,0.9506126530321959,0.5146546011860259,0.0,0.18273934311670162,0.02822089031003637
968,107,100.0,107,0,101,6,0,0.0,1.7954260803476254,1.7674160631691935,1.5452199435912373,1.3502714615973737,0.6045875775844725,1.4461236846834382,5.5514018691588785,2.8554537426680326,0.3640167955815301,0.0021910496482792315,0.052902088384309744,0.0,0.0021910496482792315,0.004146586430238501,0,0,0,6,0,1.0,0.2616822429906542,0.22658121731957884,0.2609047217876053,0.9302564803100325,0.5074904349002978,0.0,0.22012578616352202,0.028255318894918405
969,107,100.0,107,0,105,2,0,0.0,1.771971252965106,1.7444682032781034,1.5319369459156487,1.3515650706911395,0.6236990849124462,1.437383078097445,5.5514018691588785,2.8554537426680326,0.3646870254936132,0.002243277901587521,0.04580629693809191,0.0,0.002243277901587521,0.012698437978940824,0,0,0,2,0,1.0,0.2616822429906542,0.22828834061150788,0.26368279130959754,0.9381145332868557,0.5050132695481331,0.0,0.18273934311670162,0.028156513962647525
970,107,100.0,107,0,103,4,0,0.0,1.7612446238722748,1.7348818999425863,1.4849655467983862,1.3526027554097202,0.6264459105638079,1.422804980457739,5.5514018691588785,2.8554537426680326,0.36103104310399536,0.002285513315156766,0.05536260190538311,0.0,0.002285513315156766,0.004493975731066441,0,0,2,2,0,1.0,0.308411214953271,0.2232712266049356,0.2482552721281167,0.9350195671409023,0.5086035722469017,0.0,0.18273934311670162,0.02811769612075027
971,107,100.0,107,0,103,4,0,0.0,1.7626153521546966,1.7357394927999046,1.4830621439478888,1.3536304000550399,0.6298995476068849,1.505706698382807,5.5514018691588785,2.8554537426680326,0.35965136122326724,0.0015945904416340441,0.04865353078551951,0.0,0.0015945904416340441,0.003985337581237064,0,0,0,4,0,1.0,0.2897196261682243,0.22239699454078177,0.25763698524741835,0.9295158958015332,0.5021749459864504,0.0,0.22012578616352202,0.02813922172090543
972,107,100.0,107,0,105,2,0,0.0,1.7675865168838363,1.7410222029554714,1.4393266710606805,1.354749377058755,0.6350971159409353,1.5100658609497837,5.5514018691588785,2.8554537426680326,0.3578293859347217,0.002476731605831785,0.048307160192776935,0.0,0.002476731605831785,0.008694259627256284,0,0,0,2,0,1.0,0.2897196261682243,0.21818120886678255,0.2538793803077946,0.9278222042897382,0.5006166915824213,0.0,0.22012578616352202,0.02818005347991722
973,107,100.0,107,0,104,3,0,0.0,1.7738488913018104,1.7470839879033584,1.4250531595447415,1.3559748753638712,0.6342131434109134,1.5008967912182578,5.5514018691588785,2.8554537426680326,0.35689228940766626,0.01619258415906317,0.05199209187510443,0.0,0.01619258415906317,0.005503801142500449,0,0,0,3,0,1.0,0.29906542056074764,0.21617659627874716,0.25370580179575625,0.9344723856266133,0.49883596313249956,0.0,0.1827393431167016,0.028228862120616982
974,107,100.0,107,0,104,3,0,0.0,1.7916747891798823,1.763816024199384,1.530851762541658,1.357547600577079,0.6296401652454748,1.5162216840923968,5.5514018691588785,2.8554537426680326,0.3616847623265509,0.06759256344823826,0.051435244489990394,0.0,0.06759256344823826,0.010836987452817007,0,0,0,3,0,0.6666666666666666,0.29906542056074764,0.22410401187673532,0.25590076011267915,0.9391609448538455,0.5047996171842307,0.0,0.18273934311670162,0.028340445830488552
975,107,100.0,107,0,105,2,0,0.0,1.7857552156512493,1.758092584657298,1.478152601805377,1.358944673214434,0.6431536497125675,1.517265343483136,5.5514018691588785,2.8554537426680326,0.3593743158258744,0.008267411085422716,0.053033294431961545,0.0,0.008267411085422716,0.007892969623889523,0,0,1,1,0,1.0,0.2897196261682243,0.2205521077727851,0.2642974179935303,0.9362884730153349,0.4967257525778759,0.0,0.1827393431167016,0.028330794344300955
976,107,100.0,107,0,105,2,0,0.0,1.770258468210902,1.7434903579913579,1.390004961472215,1.3599682852266006,0.6583945844920436,1.5090223666775555,5.5514018691588785,2.8554537426680326,0.3557277931774634,0.01725241877384779,0.06940452278501034,0.0,0.01725241877384779,0.005728536945938556,0,0,0,2,0,1.0,0.29906542056074764,0.21436636492829644,0.26078152838210644,0.9350185356474794,0.49414564677233863,0.0,0.22012578616352202,0.028267924990855127
977,107,100.0,107,0,103,4,0,0.0,1.7660173202418892,1.7397097938947492,1.4336944641360008,1.3608763066640635,0.6365296131917865,1.4020998265616915,5.5514018691588785,2.8554537426680326,0.35600369645955543,0.002527363498882316,0.05396468946464691,0.0,0.002527363498882316,0.007820823666821297,0,0,1,3,0,1.0,0.2803738317757009,0.21733973989010463,0.2574165960435937,0.9335370698837654,0.4946114280553817,0.0,0.18273934311670162,0.02825968331707019
978,107,100.0,107,0,102,5,0,0.0,1.773862053942542,1.7480244970595717,1.4884813918211928,1.3619483379715753,0.6292814023325943,1.4253599252716072,5.5514018691588785,2.8554537426680326,0.3575347261222066,0.0027155854423624357,0.0557746348338667,0.0,0.0027155854423624357,-0.0007135530688855085,0,0,0,5,0,1.0,0.27102803738317754,0.2208468956634568,0.2600313095956124,0.9335370698837654,0.496108511416719,0.0,0.18273934311670162,0.02831421266461992
979,107,100.0,107,0,103,4,0,0.0,1.7574628543136281,1.731563108594754,1.4490337086258345,1.362613720054583,0.6349923416770779,1.3943267100796954,5.5514018691588785,2.8554537426680326,0.35542374110530983,0.0041631916787916515,0.057165518400313094,0.0,0.0041631916787916515,-0.0018751740262130112,0,0,1,3,0,1.0,0.2897196261682243,0.21885246394821983,0.2626330872605571,0.9414419614512988,0.4898284793593743,0.0,0.18273934311670162,0.02824171650527149
980,107,100.0,107,0,104,3,0,0.0,1.7556762375179908,1.7306901971951227,1.4020561970356895,1.3632401619950139,0.6424601772534736,1.4401818527894292,5.5514018691588785,2.8554537426680326,0.35314714180982865,0.002668807617003676,0.06753594395443711,0.0,0.002668807617003676,-0.005740010346666195,0,0,0,3,0,1.0,0.308411214953271,0.2147092548851409,0.2653282999431306,0.9163028420130395,0.4868813178560214,0.0,0.14535290006988122,0.02824172730121014
981,107,100.0,107,0,104,3,0,0.0,1.7480743677685866,1.7240378186808456,1.286113107868816,1.363696751702601,0.6560690465032326,1.4513308977854977,5.5514018691588785,2.8554537426680326,0.3479022617549832,0.0025582062379137104,0.07005975315438005,0.0,0.0025582062379137104,-0.011773988262576399,0,0,0,3,0,1.0,0.2803738317757009,0.20496053617063545,0.260272994952817,0.9194892505960478,0.48332963260314443,0.0,0.1212438853948288,0.028210236806410088
982,107,100.0,107,0,103,4,0,0.0,1.7633720234933623,1.739061506326626,1.3078433197688368,1.364483499263229,0.6588891655135781,1.4542942274982036,5.5514018691588785,2.8554537426680326,0.3494298255036268,0.0011192485792443935,0.058606778132335884,0.0,0.0011192485792443935,-0.006380939084736553,0,0,0,4,0,1.0,0.27102803738317754,0.20601421982556903,0.25357773156116437,0.8978238263560296,0.486646839151231,0.0,0.1079664570230608,0.028297957691366622
983,107,100.0,107,0,106,1,0,0.0,1.769103713672173,1.745578592420965,1.391937374378688,1.3653966555142265,0.636633684602234,1.473543389597802,5.5514018691588785,2.8554537426680326,0.3514959682278662,0.0038323386526453477,0.04766518943006916,0.0,0.0038323386526453477,0.022459190469918622,0,0,0,1,0,1.0,0.2803738317757009,0.21122489764713817,0.22136696688495744,0.9200667865021179,0.49987018741310213,0.0,0.1079664570230608,0.02833965351943343
984,107,100.0,107,0,105,2,0,0.0,1.76842202168112,1.744670483256873,1.4604793620566914,1.3662629925011878,0.6353127141222641,1.483486684264217,5.5514018691588785,2.8554537426680326,0.3549467272754385,0.003617787137048693,0.06987502897979617,0.0,0.003617787137048693,0.0025856632920587264,0,0,0,2,0,1.0,0.2897196261682243,0.21740958117404036,0.21206387443845703,0.9433858945667767,0.5064609921304459,0.0,0.1222921034241789,0.028348613985437317
985,107,100.0,107,0,103,4,0,0.0,1.7717300479563978,1.7484489372139354,1.4172937829119185,1.367190905240176,0.6417322236042777,1.4816997865059165,5.5514018691588785,2.8554537426680326,0.3507754785653865,0.0021985067604578133,0.07459393305468902,0.0,0.0021985067604578133,-0.008565960708373122,0,0,0,4,0,1.0,0.29906542056074764,0.21184315121863287,0.21229952056572401,0.9425917838033163,0.5016766027162702,0.0,0.14535290006988122,0.02837840217633077
986,107,100.0,107,0,101,6,0,0.0,1.7748686465978365,1.7513416561571333,1.4377171521052505,1.3681584020611932,0.6306596141795578,1.418106136724091,5.5514018691588785,2.8554537426680326,0.3523623671644611,0.0024994828532453432,0.05679212827665067,0.0,0.0024994828532453432,0.004192424119583103,0,0,1,5,0,1.0,0.308411214953271,0.21392404989827654,0.22029324801273978,0.9471670577742263,0.5030250444714116,0.0,0.1596785464709993,0.02840790838163093
987,107,100.0,107,0,102,5,0,0.0,1.7806492070892062,1.7571892109534797,1.4859953918637068,1.3692318518358535,0.6177545778785329,1.4008459688292865,5.5514018691588785,2.8554537426680326,0.3559778089963157,0.002043587468499025,0.05485302619025376,0.0,0.002043587468499025,0.01068676800502002,0,0,0,5,0,1.0,0.32710280373831774,0.2189787561625483,0.23193008500840928,0.9493777290880027,0.5075669290048559,0.0,0.1596785464709993,0.02845213711497088
988,107,100.0,107,0,102,5,0,0.0,1.7892529005667834,1.76546836248833,1.5714574383973305,1.3704637756226383,0.6193399451237791,1.4064100517721445,5.5514018691588785,2.8554537426680326,0.3586239847180279,0.0025100248962348316,0.06532790460009077,0.0,0.0025100248962348316,-0.005455237422184811,0,0,0,5,0,1.0,0.308411214953271,0.22504475443852964,0.2333514598597265,0.948252459761608,0.5093594212364609,0.0,0.15967854647099927,0.02851274408929705
989,107,100.0,107,0,104,3,0,0.0,1.785284619774022,1.7611690341029287,1.6036407014162974,1.371562310128914,0.6177393031860393,1.4283339539738136,5.5514018691588785,2.8554537426680326,0.3624288858609568,0.0016874469090716465,0.05594255620895807,0.0,0.0016874469090716465,-0.00865106641526799,0,0,0,3,0,1.0,0.3364485981308411,0.22991827381958055,0.23063653375954687,0.9345898219318585,0.5118229315465905,0.0,0.1596785464709993,0.028508586757670214
990,107,100.0,107,0,104,3,0,0.0,1.7825019099929633,1.7584480988642228,1.724925627120856,1.3725673204528286,0.6083691974293308,1.4256189212123642,5.5514018691588785,2.8554537426680326,0.368096175104601,0.004492384752123469,0.058057866871305076,0.0,0.004492384752123469,-0.0003718476500132832,0,0,1,2,0,1.0,0.34579439252336447,0.24028361115760666,0.21691584999528873,0.9297562779918447,0.5264990675760451,0.0,0.13626834381551362,0.02850902201121913
991,107,100.0,107,0,102,5,0,0.0,1.7787202934127968,1.7553570230391926,1.6390901214527953,1.373473021779567,0.62788134459124,1.4504361170396685,5.5514018691588785,2.8554537426680326,0.364606498276848,0.001986971474102101,0.061435868009442084,0.0,0.001986971474102101,-0.0017508973972707343,0,0,2,3,0,1.0,0.308411214953271,0.23303371572703468,0.22005357603211154,0.9434380446452674,0.5172146351927138,0.0,0.19706498951781967,0.028503044869534172
992,107,100.0,107,0,104,3,0,0.0,1.7681714693712078,1.7456283198716604,1.6586798271891015,1.3741306223289051,0.6345217395773716,1.5126407812011589,5.5514018691588785,2.8554537426680326,0.3631608630056291,0.0018077621408645016,0.06421894796543766,0.0,0.0018077621408645016,-0.01266255997357942,0,0,0,3,0,1.0,0.308411214953271,0.23323303140298765,0.2118718800143085,0.941697538507278,0.5145254245607507,0.0,0.13626834381551362,0.028459689489075166
993,107,100.0,107,0,104,3,0,0.0,1.7809141969974138,1.758095226445615,1.7869548110628073,1.3750542347990344,0.6153443418887885,1.4880950997223592,5.5514018691588785,2.8554537426680326,0.3700733479235503,0.001785153481712521,0.07017109361508311,0.0,0.001785153481712521,-0.020736238886694475,0,0,0,3,0,1.0,0.29906542056074764,0.24370314564382958,0.20884386510456993,0.9349726358696977,0.5247708396505084,0.0,0.1222921034241789,0.028536589790629223
994,107,100.0,107,0,102,5,0,0.0,1.7822364809714686,1.7594588242691098,1.7673453293927692,1.3759826234663863,0.6059505027939885,1.43152454725245,5.5514018691588785,2.8554537426680326,0.3706322826844506,0.0013431875887724154,0.06203101508649976,0.0,0.0013431875887724154,-0.0014088908414847446,0,0,0,5,0,1.0,0.3177570093457944,0.2423288988240009,0.20228549129249815,0.921804176580132,0.5275149183989737,0.0,0.09888190076869319,0.0285564560649737
995,107,100.0,107,0,102,5,0,0.0,1.7844096039034287,1.761554469277142,1.7283282753473141,1.3769323745638415,0.6132218927915173,1.4919383912075395,5.5514018691588785,2.8554537426680326,0.36991996605082256,0.0015714398576272416,0.07565079696689266,0.0,0.0015714398576272416,-0.02025555722297113,0,0,0,5,0,1.0,0.32710280373831774,0.23898348415920653,0.19608572725213907,0.9313365204291234,0.5305259779747217,0.0,0.15967854647099927,0.028580881531262658
996,107,100.0,107,0,102,5,0,0.0,1.791732714114508,1.768709915700408,1.7817932624751147,1.3780184623281972,0.6089067281814743,1.4497313698638634,5.5514018691588785,2.8554537426680326,0.37133377878545626,0.020695839573485426,0.06133883434038602,0.0,0.020695839573485426,-0.009115800884127367,0,0,0,5,0,0.8,0.308411214953271,0.24224778869372562,0.200450538336473,0.9391224242247347,0.5315917190683104,0.0,0.19706498951781973,0.028633003449176034
997,107,100.0,107,0,104,3,0,0.0,1.788477262379286,1.765888689667675,1.7850988279615088,1.3790090903153636,0.6240002436235671,1.4145594807906994,5.5514018691588785,2.8554537426680326,0.3697664350666836,0.0014331948941642642,0.059460182577091646,0.0,0.0014331948941642642,-0.008196547641221205,0,0,0,3,0,1.0,0.308411214953271,0.24075899511289747,0.200354928707696,0.9389979627952842,0.5291987284137808,0.0,0.19706498951781967,0.028630869652467653
998,107,100.0,107,0,102,5,0,0.0,1.7809640500178228,1.7588827845607813,1.7364265220476793,1.379811391074929,0.6263764673946363,1.4334500818181029,5.5514018691588785,2.8554537426680326,0.3685952350360566,0.0235562131917226,0.05630040138497936,0.0,0.0235562131917226,0.0021582647297988646,0,0,0,5,0,0.8,0.32710280373831774,0.23817303253859237,0.2046973505064466,0.9490406400992577,0.5252144649866416,0.0,0.19706498951781967,0.028604758254193566
999,107,100.0,107,0,103,4,0,0.0,1.7988706013365896,1.7761368598058769,1.8405693685516673,1.380984928217307,0.6124252200206517,1.395053591603532,5.5514018691588785,2.8554537426680326,0.3719525227174152,0.006123451772410266,0.054477802884288,0.0,0.006123451772410266,-0.003694688382895217,0,0,0,4,0,1.0,0.308411214953271,0.24433747531557187,0.2060597138342988,0.9490870404114317,0.5237571349124981,0.0,0.1970649895178197,0.028711045915914217
1000,107,100.0,107,0,104,3,0,0.0,1.816032691917816,1.7933405964970708,1.9107251573616202,1.3825179513440127,0.6025391581271603,1.3879798680490516,5.5514018691588785,2.8554537426680326,0.37253320386267585,0.001800712778502141,0.05350446965470613,0.0,0.001800712778502141,-0.004596127675726536,0,0,0,3,0,1.0,0.308411214953271,0.24615455696420885,0.18949501712080707,0.9528534967113795,0.5307813500424555,0.0,0.19706498951781967,0.02881874375194409
1001,107,100.0,107,0,104,3,0,0.0,1.8018290105188257,1.778756984560982,1.8416719613262835,1.3836740570701955,0.6366970907300583,1.4134158494195008,5.5514018691588785,2.8554537426680326,0.3717542235928557,0.0030427922527348425,0.06814608207116625,0.0,0.0030427922527348425,0.006968979647974938,0,0,0,3,0,1.0,0.3177570093457944,0.24406103727906928,0.1863055409935878,0.9612338099377545,0.529820732622158,0.0,0.2344514325646401,0.028764231377062882
1002,107,100.0,107,0,104,3,0,0.0,1.806558480645334,1.7839816796614825,1.9092340464857533,1.3849165017335825,0.610514609785164,1.395262052477372,5.5514018691588785,2.8554537426680326,0.3750420492361868,0.002678733920182967,0.04905662034213637,0.0,0.002678733920182967,0.002898338601032465,0,0,0,3,0,1.0,0.32710280373831774,0.24924148217609074,0.171662190448162,0.9479598819094327,0.539922958915597,0.0,0.19706498951781967,0.02880561744401606
1003,107,100.0,107,0,103,4,0,0.0,1.813521003422154,1.7915771708519368,1.9038910621873573,1.386296977554306,0.5955931260450169,1.3353359823540112,5.5514018691588785,2.8554537426680326,0.3741374426903825,0.002932323051721671,0.054568362857082164,0.0,0.002932323051721671,0.0035259986647936947,0,0,0,4,0,1.0,0.3177570093457944,0.24727771151772432,0.18125298423994046,0.9514742178208933,0.5357836091524354,0.0,0.15967854647099927,0.028860139482144893
1004,107,100.0,107,0,101,6,0,0.0,1.8202698240273907,1.7983264078056176,1.957723203872836,1.3877922115978962,0.5932288454420516,1.3527068204281143,5.5514018691588785,2.8554537426680326,0.3768008712814195,0.0011410389164094334,0.05749794031352636,0.0,0.0011410389164094334,0.005701145350312474,0,0,0,6,0,1.0,0.2803738317757009,0.25149285732579857,0.17806597973320942,0.9467605925485251,0.5423139995086079,0.0,0.15967854647099927,0.02891523144340075
1005,107,100.0,107,0,102,5,0,0.0,1.8424065743055038,1.8204777585893088,2.0314023599556417,1.3897507671850309,0.5747931520268296,1.2921755360849776,5.5514018691588785,2.8554537426680326,0.37985541468077044,0.002816079298582801,0.06224163553976969,0.0,0.002816079298582801,0.002273851656946979,0,0,0,5,0,1.0,0.2803738317757009,0.25515053200386145,0.18146794570295555,0.9422825633693035,0.5451384934865956,0.0,0.23445143256464013,0.02905387801919885
1006,107,100.0,107,0,101,6,0,0.0,1.8333310699542875,1.8115935354912767,2.0313639994992294,1.3914504492185822,0.5962098286113279,1.4045390707626513,5.5514018691588785,2.8554537426680326,0.3762379248123946,0.0014436736506976582,0.04767556658267565,0.0,0.0014436736506976582,0.018916356076326007,0,0,0,6,0,1.0,0.2616822429906542,0.25354653968223306,0.17292786975814406,0.9463088116433843,0.5421518212941009,0.0,0.2344514325646401,0.029032767314563016
1007,107,100.0,107,0,100,7,0,0.0,1.825138976289384,1.8039288284802606,1.9493701696824461,1.3929265078873247,0.6172513872703752,1.4333556746843013,5.5514018691588785,2.8554537426680326,0.37164879574450027,0.0013627983675383137,0.06085582944720228,0.0,0.0013627983675383137,0.003242964155413538,0,0,0,7,0,1.0,0.27102803738317754,0.24727297889106672,0.16901228670243285,0.9453755671808608,0.5402716584853677,0.0,0.1970649895178197,0.029012880932488792
1008,107,100.0,107,0,102,5,0,0.0,1.8221384098895987,1.800773439681651,1.878217081264553,1.3942883378495303,0.6226932658936986,1.4370771260058337,5.5514018691588785,2.8554537426680326,0.369789066953486,0.001541717896381448,0.05653300247935387,0.0,0.001541717896381448,0.0008695759773072354,0,0,0,5,0,1.0,0.308411214953271,0.2425730390902353,0.16743580540625114,0.9642966354572328,0.5363483349156701,0.0,0.2344514325646401,0.029017321312802154
1009,107,100.0,107,0,103,4,0,0.0,1.8437699217079329,1.8214784877537515,2.0553167727992885,1.396084259843188,0.6062399055842362,1.4280039521310435,5.5514018691588785,2.8554537426680326,0.3763438463399196,0.0024631977041625055,0.040504069195158796,0.0,0.0024631977041625055,0.029235704578803777,0,0,1,3,0,1.0,0.2803738317757009,0.2533987015357784,0.1705962721010669,0.9520352590627015,0.5450331253695642,0.0,0.2344514325646401,0.02915111973278547
1010,107,100.0,107,0,103,4,0,0.0,1.8643902129433547,1.8413162354488626,2.181588371705409,1.3982820662822795,0.5613018987029759,1.3867646699823049,5.5514018691588785,2.8554537426680326,0.3825985107189447,0.001850258163622039,0.049118157797507875,0.0,0.001850258163622039,0.021040310547025362,0,0,0,4,0,1.0,0.308411214953271,0.2625325628497197,0.17358925750987447,0.952422403175456,0.5539807441802872,0.0,0.27183787561146056,0.0292855998620734
1011,107,100.0,107,0,102,5,0,0.0,1.8683474628138723,1.8449619099857244,2.236086440273347,1.4005003958151554,0.5730619511045394,1.3869471642093467,5.5514018691588785,2.8554537426680326,0.38375548802782844,0.0014530030418342388,0.05150979673538218,0.0,0.0014530030418342388,0.01528315958590376,0,0,1,4,0,1.0,0.29906542056074764,0.2651804457608309,0.16966769746672733,0.9569999617883127,0.5561076418739352,0.0,0.30922431865828093,0.029337057798261595
1012,107,100.0,107,0,102,5,0,0.0,1.8675674016472634,1.8436494731289916,2.155608147947619,1.4026254011524844,0.5835025181907109,1.3625644576927889,5.5514018691588785,2.8554537426680326,0.3816037849243994,0.004306700336053066,0.03404644337744023,0.0,0.004306700336053066,0.023689420873550936,0,0,0,5,0,1.0,0.308411214953271,0.2598932293679075,0.17243521846895662,0.945877411172857,0.5536501850567049,0.0,0.23445143256464013,0.029363496764646876
1013,107,100.0,107,0,99,8,0,0.0,1.8716723947375946,1.8484706316111392,2.1277354528137624,1.404799860705631,0.5845229614211603,1.3392664219679011,5.5514018691588785,2.8554537426680326,0.38042717270079884,0.0034342218819592768,0.05254012737327332,0.0,0.0034342218819592768,0.010618694148648425,0,0,0,8,0,1.0,0.2897196261682243,0.25715421223653573,0.17525766702680487,0.9341894521985544,0.5533626076326358,0.0,0.27183787561146056,0.029415067073445097
1014,107,100.0,107,0,100,7,0,0.0,1.8740847080924445,1.8500882901836713,2.1586699913551874,1.4069491827658864,0.5784139026639791,1.3735617752673766,5.5514018691588785,2.8554537426680326,0.3807157523381639,0.0013006625721918759,0.0401443431579005,0.0,0.0013006625721918759,0.013165562414893552,0,0,0,7,0,1.0,0.32710280373831774,0.2582773941359343,0.1697162195713628,0.959949174017364,0.5547555778596722,0.0,0.2344514325646401,0.029457815088825126
1015,107,100.0,107,0,97,10,0,0.0,1.8815062038353314,1.8576217127851182,2.2397846659189753,1.4092092226470303,0.5544719824424905,1.3412094297038628,5.5514018691588785,2.8554537426680326,0.3834848401392632,0.0013659623469633364,0.06196524346232415,0.0,0.0013659623469633364,-0.0024635643879638734,0,0,2,8,0,1.0,0.3177570093457944,0.26303271642624326,0.17184317377208858,0.9511100785244878,0.5577503938915491,0.0,0.2718378756114605,0.029527189764225515
1016,107,100.0,107,0,100,7,0,0.0,1.8681559501028409,1.8444089404353674,2.1051284439077507,1.411102900452745,0.5832286554632029,1.3519722954571725,5.5514018691588785,2.8554537426680326,0.3771166799077843,0.0023355595806921828,0.059505145625296484,0.0,0.0023355595806921828,0.0026209134286935593,0,0,0,7,0,1.0,0.3177570093457944,0.25392106746196635,0.16815403631432244,0.9592633556790848,0.549074127983228,0.0,0.2344514325646401,0.029487475042451743
1017,107,100.0,107,0,99,8,0,0.0,1.877174405388985,1.8526843238713298,2.2567162382891244,1.4131315449615163,0.5834094940643766,1.3403562866792982,5.5514018691588785,2.8554537426680326,0.38363644714939915,0.0037550697575986017,0.04556347175648447,0.0,0.0037550697575986017,0.011255815657873824,0,0,0,8,0,1.0,0.308411214953271,0.2647494171615938,0.16638173738898013,0.9651231162076065,0.5577550573987555,0.0,0.23445143256464007,0.029561530821658032
1018,107,100.0,107,0,99,8,0,0.0,1.8853934704847253,1.8616764676763908,2.36458375065535,1.4153076756701983,0.5996817064433099,1.351126514324251,5.5514018691588785,2.8554537426680326,0.38439453884084074,0.006847400845485229,0.05074184056300697,0.0,0.006847400845485229,-0.00413333582280366,0,0,0,8,0,1.0,0.29906542056074764,0.26836662364658126,0.1756002844429601,0.9661194780461706,0.552964380024215,0.0,0.1970649895178197,0.029633695350019938
1019,107,100.0,107,0,100,7,0,0.0,1.8807690953768377,1.8573661677698639,2.4388021592653115,1.4173232050771134,0.5900964081602096,1.3478829070884413,5.5514018691588785,2.8554537426680326,0.3877622595082484,0.034125467853315425,0.05274228334743145,0.0,0.034125467853315425,0.00034482113991982484,0,0,0,7,0,0.7142857142857143,0.32710280373831774,0.2748213120990642,0.17293983445360706,0.9567028466472242,0.5598162762616091,0.0,0.23445143256464007,0.029639349729422667
1020,107,100.0,107,0,98,9,0,0.0,1.8919273208868976,1.8680634219442311,2.4955822034089032,1.4195255460898915,0.5896096361699082,1.3504812800543287,5.5514018691588785,2.8554537426680326,0.3891981829068645,0.015471878939079534,0.05678826616195888,0.0,0.015471878939079534,0.002613710553838605,0,0,0,9,0,0.8888888888888888,0.3177570093457944,0.27712480981537074,0.17074056399076074,0.954292040402299,0.5648502128138996,0.0,0.27183787561146056,0.029726584271410807
1021,106,99.06542056074767,107,1,99,7,0,0.009345794392523364,1.861968359612478,1.844830093042185,2.3643889006883554,1.4209895209038799,0.6284680581195654,1.4292274805625105,5.5514018691588785,2.8554537426680326,0.3871588773342498,0.026222690449591753,0.051694570020835516,0.0,0.026222690449591753,0.007469074593509234,0,1,0,7,0,0.875,0.308411214953271,0.27257432600950593,0.17330148752433436,0.9507852823943659,0.5569006217565597,0.009345794392523364,0.2529699510831586,0.029597691026847582
1022,106,99.06542056074767,107,0,98,9,0,0.0,1.8696185768917257,1.8523253816815737,2.5447094134602883,1.4227276579964026,0.6215087688022524,1.4191958383293939,5.5514018691588785,2.8554537426680326,0.3922343697683439,0.006656147854826731,0.056815367160067104,0.0,0.006656147854826731,0.0071203451373128435,0,0,0,9,0,1.0,0.308411214953271,0.28307989632450353,0.16513700084079183,0.9534183354383081,0.5683098181076189,0.0,0.17819706498951782,0.02966075796357439
1023,106,99.06542056074767,107,0,98,9,0,0.0,1.8693627939467174,1.8515388354620372,2.5689132044277696,1.4243981958174934,0.6177649563581525,1.4145740854643059,5.5514018691588785,2.8554537426680326,0.3958459253400779,0.0038647318590944485,0.05631676869144147,0.0,0.0038647318590944485,0.005081699241329152,0,0,0,9,0,1.0,0.35514018691588783,0.28762440465438666,0.16255554201814407,0.9635159341583934,0.5749745702743738,0.0,0.21558350803633822,0.029683329766216862
1024,106,99.06542056074767,107,0,99,8,0,0.0,1.8816156556442636,1.8627778147985719,2.603230588543443,1.4262777712887313,0.6147881301736766,1.4393927489462488,5.5514018691588785,2.8554537426680326,0.3953589693967665,0.004240558807015056,0.048183910310936946,0.0,0.004240558807015056,0.012062746031700794,0,0,1,7,0,1.0,0.32710280373831774,0.2879361215435124,0.16784620489993476,0.9635159341583934,0.5670124134125867,0.0,0.21558350803633822,0.02977142927877446
1025,106,99.06542056074767,107,0,102,5,0,0.0,1.8682963963656694,1.849499538761442,2.3220147156508903,1.4278003523277785,0.6391388687645434,1.4686045736496947,5.5514018691588785,2.8554537426680326,0.3863873355992331,0.005541302449397349,0.06665604698358625,0.0,0.005541302449397349,-0.002868716990653519,0,0,0,5,0,1.0,0.308411214953271,0.2709399109481754,0.17789926665483524,0.9701443743074482,0.5549599942170769,0.0,0.2155835080363382,0.0297265712810138
1026,107,100.0,107,0,103,4,0,0.0,1.8670845314609472,1.8481713121444803,2.3285591608386143,1.4292491152522446,0.6449749764186636,1.535106510964026,5.5514018691588785,2.8554537426680326,0.388142021493493,0.0074738976080661705,0.06918794943732284,0.0,0.0074738976080661705,-0.004017223667951181,0,0,1,3,0,1.0,0.29906542056074764,0.27296581292812766,0.18868231551799275,0.9651053302880976,0.5536284105537417,0.0,0.21558350803633822,0.029741196334064718
1027,107,100.0,107,0,104,3,0,0.0,1.8695067214319798,1.8502209497937274,2.40560652045853,1.430703330585535,0.6645214820349781,1.564488315196858,5.5514018691588785,2.8554537426680326,0.3889097359949345,0.015604245356902654,0.07478196558643764,0.0,0.015604245356902654,-0.006484803627561801,0,0,0,3,0,1.0,0.2897196261682243,0.2766589754712741,0.190817681638613,0.9695442609418199,0.5526638972267065,0.0,0.2155835080363382,0.029774069507000324
1028,107,100.0,107,0,103,4,0,0.0,1.8741449147509708,1.855254864011535,2.465522557526085,1.4322310143462127,0.6569575685634261,1.4885454872795383,5.5514018691588785,2.8554537426680326,0.38915813906570085,0.009666553356624112,0.06904732111292292,0.0,0.009666553356624112,-0.00033939816372641207,0,0,0,4,0,1.0,0.2897196261682243,0.2793064775102701,0.1949681363081296,0.9706104060758066,0.5568546388245448,0.0,0.2155835080363382,0.029819071625155485
1029,107,100.0,107,0,100,7,0,0.0,1.8625455006422051,1.8440390428811646,2.393577989222911,1.4334588657363796,0.6727941612861836,1.499598685277095,5.5514018691588785,2.8554537426680326,0.38868396723838505,0.020481049616146028,0.0697317047195957,0.0,0.020481049616146028,0.003796949372330866,0,0,0,7,0,0.8571428571428571,0.3177570093457944,0.27678922162584796,0.19648030035656275,0.9694141710938564,0.5564362015034698,0.0,0.2155835080363382,0.029778604918849115
1030,107,100.0,107,0,102,5,0,0.0,1.8638750009014171,1.8457796393049315,2.4732109393507162,1.4346914179386527,0.6613830630367322,1.4857033786239464,5.5514018691588785,2.8554537426680326,0.39062322527352733,0.013147972084899224,0.07301337301088882,0.0,0.013147972084899224,0.0037879418308378156,0,0,1,4,0,0.8,0.32710280373831774,0.28101510380847383,0.1901577475135041,0.9715143467054455,0.5581887055461295,0.0,0.17819706498951782,0.029802849899140248
1031,107,100.0,107,0,101,6,0,0.0,1.8594145641203146,1.8415641351009657,2.32443373826524,1.4357924777648847,0.6600577307390116,1.4874913996033878,5.5514018691588785,2.8554537426680326,0.3872284790476117,0.005792231932521127,0.07273567387793013,0.0,0.005792231932521127,-0.0007280871170272651,0,0,0,6,0,1.0,0.29906542056074764,0.27323149109456946,0.19934684771127456,0.9639020980843892,0.5492077196340368,0.0,0.2529699510831587,0.029796267842243315
1032,107,100.0,107,0,101,6,0,0.0,1.866108978607339,1.8485370754650123,2.305246811939912,1.4370213846063788,0.6532651459429755,1.4720393195898216,5.5514018691588785,2.8554537426680326,0.3877765007977434,0.005288231287173855,0.07428201788724693,0.0,0.005288231287173855,-0.0023414384813452336,0,0,1,5,0,1.0,0.2803738317757009,0.27248604757331263,0.202040276796945,0.9588830838455893,0.5472634535877181,0.0,0.2529699510831586,0.02984728534787811
1033,107,100.0,107,0,103,4,0,0.0,1.868016196508261,1.8506785037752318,2.4096651976495327,1.438264118577338,0.6229780764269588,1.446626073176251,5.5514018691588785,2.8554537426680326,0.3925835061604308,0.0003604976514650218,0.059413451348552575,0.0,0.0003604976514650218,-0.0005396976297049605,0,0,0,4,0,1.0,0.2616822429906542,0.28101774550837694,0.19241066082681396,0.94581415123389,0.555722284882065,0.0,0.29035639412997905,0.029874564284225295
1034,107,100.0,107,0,102,5,0,0.0,1.871712766132413,1.8546449306478991,2.4905039333083088,1.4395619744422807,0.633579938777769,1.4573351594973922,5.5514018691588785,2.8554537426680326,0.3899976360904873,0.00045408236537636726,0.05146079804982062,0.0,0.00045408236537636726,0.01029740608053632,0,0,0,5,0,1.0,0.2523364485981308,0.2810005245483497,0.1806771470667896,0.9680794612000583,0.5547823088779553,0.0,0.2155835080363382,0.029911576969281033
1035,107,100.0,107,0,100,7,0,0.0,1.8875209190316504,1.8703068127283156,2.554017682631649,1.4411805448717834,0.6364102109362395,1.4578550609419303,5.5514018691588785,2.8554537426680326,0.3920650913577559,0.004054032982502923,0.05530862431749219,0.0,0.004054032982502923,0.010261684684225265,0,0,0,7,0,1.0,0.27102803738317754,0.28375724129468666,0.18322572073220525,0.9677970372124118,0.5575774251165312,0.0,0.2155835080363382,0.030013726498730693
1036,107,100.0,107,0,100,7,0,0.0,1.8947778512187594,1.878121743869944,2.6454649101259853,1.442931419166396,0.6387908784163695,1.4625681202182717,5.5514018691588785,2.8554537426680326,0.3907262831284697,0.01799921474134163,0.06687834194946289,0.0,0.01799921474134163,0.006581557306711672,0,0,1,6,0,0.8571428571428571,0.27102803738317754,0.28519895666576756,0.18705267912816062,0.9574685992622062,0.5537147681260393,0.0,0.29035639412997905,0.030075008862453706
1037,107,100.0,107,0,100,7,0,0.0,1.9001467518098138,1.883189076300225,2.6668279926270917,1.4447480543222604,0.6567930115120659,1.480599419964838,5.5514018691588785,2.8554537426680326,0.39157693696170504,0.03165727775032985,0.06618447371477346,0.0,0.03165727775032985,0.012455117728853398,0,0,1,6,0,0.7142857142857143,0.2523364485981308,0.2861078764765746,0.19068617975663682,0.9607437094224741,0.5496262001406086,0.0,0.29035639412997905,0.03012778995368335
1038,107,100.0,107,0,100,7,0,0.0,1.924696443153335,1.9068960786403013,2.8888709751955757,1.4470543702900516,0.6370800555003227,1.5206250780785622,5.5514018691588785,2.8554537426680326,0.39554667840190705,0.005915775348168942,0.058799047199335194,0.0,0.005915775348168942,0.017727034092337685,0,0,0,7,0,1.0,0.2616822429906542,0.2961513335671406,0.18068707307243514,0.9674419458338889,0.5587401265689663,0.0,0.25296995108315856,0.03028346630321098
1039,105,98.13084112149532,107,2,98,7,0,0.018691588785046728,1.9360277828482664,1.9296507992561696,3.026267559992825,1.4495719385483572,0.6219481647305686,1.490835729959084,5.5514018691588785,2.8554537426680326,0.39992823951190326,0.01921479361763682,0.059206140024128905,0.0,0.01921479361763682,0.008213617207613362,0,2,0,7,0,0.7777777777777778,0.2523364485981308,0.303277756031042,0.19244179080575805,0.9593359245366941,0.5544229798282121,0.018691588785046728,0.2718378756114605,0.03037606700021364
1040,104,97.19626168224299,107,1,101,5,0,0.009345794392523364,1.9463703778878594,1.9362102100184875,3.2230731422550227,1.4524896688679876,0.6236494332047315,1.4876493554515986,5.5514018691588785,2.8554537426680326,0.4037712990224134,0.016907814972400615,0.060603588425390854,0.0,0.016907814972400615,0.02188002676770733,0,1,0,5,0,0.8333333333333334,0.2897196261682243,0.3123590631283209,0.19872865277623236,0.9584897241581561,0.5602259815673618,0.009345794392523364,0.2718378756114605,0.03046943719521803
1041,104,97.19626168224299,107,0,104,3,0,0.0,1.9707050648012647,1.9600631832525162,3.3974807737391264,1.4557894562763039,0.6079659396874609,1.4760721068521905,5.5514018691588785,2.8554537426680326,0.40725811130586176,0.002953194975649869,0.019023997265800292,0.0,0.002953194975649869,0.02463487264518464,0,0,0,3,0,1.0,0.2803738317757009,0.31786943871488105,0.19256434365686045,0.952175182537993,0.5641528173284023,0.0,0.2718378756114605,0.030638222581310486
1042,104,97.19626168224299,107,0,101,6,0,0.0,1.9566678919196787,1.9461132823746015,3.3481553920580063,1.4586763534081961,0.634535771576947,1.5014951197886324,5.5514018691588785,2.8554537426680326,0.40427132370024865,0.01928264544239096,0.07563160431966814,0.0,0.01928264544239096,0.005525843378490547,0,0,1,5,0,0.8333333333333334,0.2803738317757009,0.31496729946360114,0.18884307582991017,0.9603690750535603,0.5612520884443027,0.0,0.2718378756114605,0.030609253723002355
1043,104,97.19626168224299,107,0,102,5,0,0.0,1.9691394802982332,1.9581832716550602,3.336788895531534,1.4617565388964069,0.6373855108031299,1.4986702797995803,5.5514018691588785,2.8554537426680326,0.40337172458945125,0.022888549631326083,0.06490383259513642,0.0,0.022888549631326083,-0.0022689650387358374,0,0,0,5,0,0.8,0.2803738317757009,0.3126204435739249,0.18789327103556813,0.9569057601292867,0.560343251411009,0.0,0.27183787561146056,0.030715588300797243
1044,106,99.06542056074767,107,0,101,6,0,0.0,1.984632795422582,1.973930206931209,3.6575894431494507,1.4651084882749723,0.6168436880616534,1.4487923243731653,5.5514018691588785,2.8554537426680326,0.4084712472202039,0.01800702870334006,0.06278884011703732,0.0,0.01800702870334006,-0.001976112480811393,0,0,0,6,0,0.8333333333333334,0.29906542056074764,0.32488971670745487,0.17540831269613436,0.9545845324640552,0.571439370650583,0.0,0.2718378756114605,0.030840911558410275
1045,107,100.0,107,0,101,6,0,0.0,1.9667920030167014,1.9567818005776083,3.669161430119059,1.4679729924407299,0.6285611581780924,1.4697104177262668,5.5514018691588785,2.8554537426680326,0.4102824925354285,0.03095127806962586,0.06770444976847463,0.0,0.03095127806962586,-0.0009688097505996714,0,0,0,6,0,0.8333333333333334,0.29906542056074764,0.3286320566949498,0.1755730374066514,0.9583677311623144,0.5719595548576457,0.0,0.23864430468204056,0.030792604892085875
1046,107,100.0,107,0,99,8,0,0.0,1.9952391306001405,1.9847711706260744,3.8551565762992097,1.471395080826756,0.6058541078413162,1.3971219802852257,5.5514018691588785,2.8554537426680326,0.4152953657706471,0.02381524838495141,0.044009454889420596,0.0,0.02381524838495141,0.008085964792696815,0,0,0,8,0,0.875,0.2897196261682243,0.3357009403896663,0.1771875707667233,0.9530350433896798,0.5793772079577559,0.0,0.23864430468204056,0.030983698605451165
1047,106,99.06542056074767,107,1,98,8,0,0.009345794392523364,1.9885991430280185,1.975454309444667,3.703188747395764,1.4745775676994544,0.6336736691026961,1.4465077600228142,5.5514018691588785,2.8554537426680326,0.4121205954081988,0.02494286059613975,0.06413727708426917,0.0,0.02494286059613975,0.003094181781500264,0,1,1,7,0,0.8888888888888888,0.29906542056074764,0.3290838377713817,0.1769022270373172,0.9544743160219914,0.5815226813641052,0.009345794392523364,0.23864430468204054,0.030995935887848748
1048,105,98.13084112149532,107,1,100,6,0,0.009345794392523364,1.9998018838533531,1.9829676385635766,3.9330067688383266,1.4778492944494412,0.632754823756711,1.4880631230387757,5.5514018691588785,2.8554537426680326,0.4131749295495446,0.01362271289079924,0.047912419319164075,0.0,0.01362271289079924,0.007401348862891843,0,1,1,5,0,0.8571428571428571,0.29906542056074764,0.33553470989078715,0.17125596931930862,0.9615113360021528,0.5829373799639482,0.009345794392523364,0.2344514325646401,0.03109866091394161
1049,105,98.13084112149532,107,0,100,7,0,0.0,2.0234672748139833,2.00725223960087,4.252654166184425,1.4815029188204687,0.6144423916795091,1.4728771261894258,5.5514018691588785,2.8554537426680326,0.41888880538362283,0.0534191810070379,0.07236456529969645,0.0,0.0534191810070379,0.001958608240656174,0,0,0,7,0,0.8571428571428571,0.29906542056074764,0.3472095819089668,0.17152578863833684,0.9573908722343162,0.587916588692149,0.0,0.2344514325646401,0.03126915164566753
1050,105,98.13084112149532,107,0,99,8,0,0.0,2.0479081389641305,2.0314303265722518,4.876952810631971,1.4856045309091142,0.5957860014953104,1.4385662424510075,5.5514018691588785,2.8554537426680326,0.42627364039075255,0.07583000966114603,0.06373548436010361,0.0,0.07583000966114603,0.005322426461127256,0,0,2,6,0,0.75,0.2803738317757009,0.3682201092041638,0.15907322166984078,0.9479908497867445,0.5969244228345788,0.0,0.2718378756114605,0.03144991578436574
1051,104,97.19626168224299,107,1,100,6,0,0.009345794392523364,2.0558996104425935,2.046914697377175,5.235945056113722,1.4897576638492245,0.5914710613239835,1.4500007014897858,5.5514018691588785,2.8554537426680326,0.43038483961509,0.08666961068139618,0.05659623935716098,0.14285714285714285,0.07923201978924124,0.005169650043346711,0,1,0,6,0,0.7142857142857143,0.29906542056074764,0.3807334730372784,0.14345332326405513,0.9449488829591225,0.6117199426282602,0.009345794392523364,0.23864430468204056,0.03154916853674623
1052,104,97.19626168224299,107,1,95,8,3,0.009345794392523364,2.0440037303238014,2.0365376980359136,4.852425325106127,1.493694366824246,0.6248825972441633,1.4684954847524836,5.5514018691588785,2.8554537426680326,0.42464305566836513,0.36048980821082144,0.08506923395800119,0.4166666666666667,0.1368239219613416,0.020778707825648928,1,3,1,7,0,0.5,0.2616822429906542,0.3648667740750248,0.15413026974003674,0.9442240728333913,0.6051946641816428,0.009345794392523364,0.2529699510831586,0.03154589450237126
1053,104,97.19626168224299,107,1,102,4,0,0.009345794392523364,2.002605101984346,1.9863997828010793,4.419992277293087,1.4966138442612265,0.689595753833466,1.5373527979875083,5.5514018691588785,2.8554537426680326,0.4216696772467836,0.2507510196626087,0.09789024755251459,0.2,0.12772090880056775,-0.017318732431105887,1,0,1,3,0,0.6,0.3177570093457944,0.3567841570532019,0.16924668257334702,0.9423662796442899,0.5933549122224879,0.009345794392523364,0.29035639412997905,0.03138058352454429
1054,104,97.19626168224299,107,0,102,5,0,0.0,2.0227081850754636,2.0061259838420717,4.814626366204204,1.4997059278225846,0.6854544827515369,1.5140462063035935,5.5514018691588785,2.8554537426680326,0.4261694357556094,0.13582981046056136,0.08359723310243683,0.2,0.0745391084918171,-0.0008893960598933103,0,0,0,5,0,0.8,0.32710280373831774,0.3684329301353661,0.17090410652092683,0.9497361045963401,0.5936270986251311,0.0,0.2529699510831586,0.03152524544788949
1055,104,97.19626168224299,107,0,102,5,0,0.0,2.042349867268608,2.0256346221637345,5.105505662171985,1.5031553664826438,0.6762453893418311,1.5144595030664487,5.5514018691588785,2.8554537426680326,0.4289124084766598,0.01725896999869067,0.06702627481054275,0.0,0.01725896999869067,0.006452999666265735,0,0,0,5,0,1.0,0.308411214953271,0.3754380263769609,0.1690654276014681,0.9613608253968524,0.5957399876766843,0.0,0.21558350803633822,0.031672702421515056
1056,105,98.13084112149532,107,0,102,5,0,0.0,2.0442064847182215,2.027795426293617,5.260680923798727,1.5065556686273012,0.6677156450274138,1.459662076306877,5.5514018691588785,2.8554537426680326,0.43011045431183215,0.02073254898670656,0.06436116779284493,0.0,0.02073254898670656,0.005782378679589728,0,0,0,5,0,0.8,0.308411214953271,0.3799072655791514,0.16275836393198898,0.9516478249372247,0.5983698844330207,0.0,0.2529699510831586,0.031730532536188946
1057,105,98.13084112149532,107,1,102,4,0,0.009345794392523364,2.036625612792784,2.0252649272167718,4.980818189228872,1.5096808002436177,0.6774721211252145,1.4938256254978777,5.5514018691588785,2.8554537426680326,0.4251892958298944,0.01667631285957014,0.060099637142298865,0.0,0.01667631285957014,0.0059922821229728696,0,1,0,4,0,0.8,0.32710280373831774,0.367806710317286,0.16190210068664093,0.9534340856964832,0.5912476024666325,0.009345794392523364,0.2341020265548567,0.03173724652041247
1058,105,98.13084112149532,107,1,101,5,0,0.009345794392523364,2.043688996653483,2.0346956859966747,5.2048022477565254,1.513004305129969,0.6917894962707096,1.6020580870120413,5.5514018691588785,2.8554537426680326,0.4240989270059019,0.07051093434399047,0.04852570387744986,0.0,0.07051093434399047,0.021493233841095055,0,1,0,5,0,0.8333333333333334,0.29906542056074764,0.3719917343295565,0.15208723032502408,0.9651515420015186,0.6015517803360698,0.009345794392523364,0.2341020265548567,0.031820014012048495
1059,105,98.13084112149532,107,0,102,5,0,0.0,2.044232722194255,2.035383301893958,5.30224112944577,1.516296710009664,0.678307998336112,1.5943913486025634,5.5514018691588785,2.8554537426680326,0.4252662119861055,0.0032966967879409434,0.054793264928394425,0.0,0.0032966967879409434,0.013403543805086071,0,0,0,5,0,1.0,0.2897196261682243,0.375746762210528,0.14495541058840297,0.9651515420015186,0.607452454748998,0.0,0.2341020265548567,0.03186973918893288
1060,105,98.13084112149532,107,0,103,4,0,0.0,2.058912649874974,2.049996721740047,5.716589088740262,1.5198289253461392,0.6692692545402805,1.6102863321286034,5.5514018691588785,2.8554537426680326,0.4260584984848894,0.002991952681224229,0.0544309103712378,0.0,0.002991952681224229,-0.0022803097193779265,0,0,0,4,0,1.0,0.308411214953271,0.38446852086781286,0.1317426437464857,0.9691707563217644,0.6079010830480825,0.0,0.2012578616352201,0.03199356921484871
1061,105,98.13084112149532,107,0,103,4,0,0.0,2.0546857236599543,2.0453558766215467,5.692365326638273,1.5231542661590878,0.6713201090157357,1.600657295717095,5.5514018691588785,2.8554537426680326,0.4258171587500663,0.0052592897328876675,0.0441682673273256,0.0,0.0052592897328876675,0.018016904249332583,0,0,0,4,0,1.0,0.308411214953271,0.38383305841382265,0.1309922730536828,0.9705939507070216,0.6077128451902881,0.0,0.2012578616352201,0.032019911368123516
1062,106,99.06542056074767,107,0,103,4,0,0.0,2.059066804972675,2.0505384614222306,5.805605364564944,1.5265030424526633,0.6584616280169722,1.546108488790821,5.5514018691588785,2.8554537426680326,0.42950486340495275,0.008445792940460665,0.05915127711277079,0.0,0.008445792940460665,-0.0006996885089374516,0,0,0,4,0,1.0,0.32710280373831774,0.38923849697020246,0.1226492481067606,0.9668997009492599,0.6198876838059255,0.0,0.2012578616352201,0.03208962815369136
1063,107,100.0,107,0,103,4,0,0.0,2.0293666577314373,2.0214897268155743,5.002386300204849,1.5290926174446118,0.6650475174863356,1.5228830055140603,5.5514018691588785,2.8554537426680326,0.4238938556409584,0.008803098840238293,0.054926359888258544,0.0,0.008803098840238293,0.0018401938819478658,0,0,1,3,0,1.0,0.3177570093457944,0.3693747360283078,0.1354556890107867,0.947926272056877,0.6147830029470004,0.0,0.23864430468204054,0.03197809947549856
1064,107,100.0,107,0,101,6,0,0.0,2.054235369169652,2.046074034343651,5.395173381078082,1.5321698431440685,0.6645009381153942,1.5484247150450445,5.5514018691588785,2.8554537426680326,0.4272743478805905,0.004057110628192839,0.06856864534344931,0.0,0.004057110628192839,-0.006170447532198975,0,0,1,5,0,1.0,0.32710280373831774,0.3798498762996031,0.12925248267797884,0.9606287322724664,0.6192165391359505,0.0,0.2012578616352201,0.03214637741089238
1065,107,100.0,107,0,103,4,0,0.0,2.0670110903766323,2.0581836160910703,5.448984839671977,1.5354358268913024,0.6413507238781513,1.546099912910171,5.5514018691588785,2.8554537426680326,0.4302065821022871,0.007337156777677076,0.041948126203003276,0.0,0.007337156777677076,0.014355226365497,0,0,0,4,0,1.0,0.32710280373831774,0.38362784940305333,0.13071547673221812,0.9686097229082096,0.62563403582661,0.0,0.2012578616352201,0.03225688534449994
1066,107,100.0,107,0,102,5,0,0.0,2.0680648993615667,2.059393090405931,5.548981859930045,1.538636180767063,0.632849661129015,1.4641685975732623,5.5514018691588785,2.8554537426680326,0.4308409091058458,0.009697633103896701,0.05392577666893637,0.0,0.009697633103896701,0.0018515374584001487,0,0,0,5,0,1.0,0.308411214953271,0.38738029959004744,0.1296333046337492,0.969279018420343,0.6280753292582877,0.0,0.2012578616352201,0.03230784670168663
1067,107,100.0,107,0,99,8,0,0.0,2.077897943984635,2.069173811912194,5.700564227387183,1.5419685772009484,0.6157184326298628,1.5269094364713116,5.5514018691588785,2.8554537426680326,0.4314900377818969,0.02045569798216321,0.06789712500025137,0.0,0.02045569798216321,0.006374647240840442,0,0,0,8,0,0.875,0.308411214953271,0.391760630401532,0.1193719274332664,0.9679161132305327,0.6339588421141394,0.0,0.2012578616352201,0.032404589444147924
1068,107,100.0,107,0,100,7,0,0.0,2.090291037842802,2.080786533890221,6.072125972427699,1.5454710953196193,0.6248792761382702,1.46864740083286,5.5514018691588785,2.8554537426680326,0.43511035074371907,0.0029797172383222745,0.0476077765836715,0.0,0.0029797172383222745,0.013891278582860144,0,0,0,7,0,1.0,0.3177570093457944,0.4024210466290607,0.1270507781829682,0.9626480882945485,0.6288437586013889,0.0,0.2012578616352201,0.03251656130579236
1069,107,100.0,107,0,99,8,0,0.0,2.0905120490251954,2.0816585728197277,5.7904904319751695,1.5488935211881836,0.6297998670973326,1.4634780394455118,5.5514018691588785,2.8554537426680326,0.43179310411859584,0.02182979153219112,0.06001180255682577,0.0,0.02182979153219112,0.010716133107364662,0,0,0,8,0,0.875,0.34579439252336447,0.3924957113674286,0.1322604830968363,0.9470426306549563,0.6274571654246378,0.0,0.23864430468204054,0.032566529255481313
1070,107,100.0,107,0,101,6,0,0.0,2.094438892479822,2.0860724654076765,6.005637054954933,1.5523190505980735,0.623102546289039,1.4639749869205128,5.5514018691588785,2.8554537426680326,0.4340082140972037,0.04720515999428294,0.060293673616500655,0.0,0.04720515999428294,0.0060721980541976195,0,0,0,6,0,0.8333333333333334,0.308411214953271,0.39936874139546324,0.12449537185447887,0.9654676038959815,0.635324719312788,0.0,0.16387141858839974,0.03263507067662489
1071,107,100.0,107,0,100,7,0,0.0,2.1255260832164153,2.1172516192483632,6.504693487453789,1.5563590106524434,0.6091807476419466,1.4638842069031293,5.5514018691588785,2.8554537426680326,0.43799694822067003,0.022571035778646727,0.061931045374689915,0.0,0.022571035778646727,0.008374243013571444,0,0,1,6,0,0.8571428571428571,0.2897196261682243,0.4097442233390784,0.11905371332476143,0.9724836749222444,0.6454543832606695,0.0,0.16387141858839974,0.03284818622559526
1072,106,99.06542056074767,107,1,100,6,0,0.009345794392523364,2.132574939951326,2.1296987140706416,6.496254043609435,1.5604574473177435,0.6109560496435193,1.4721068481534014,5.5514018691588785,2.8554537426680326,0.4384183828038748,0.04364882799927366,0.05401715641132308,0.0,0.04364882799927366,0.020617975853347594,0,1,1,5,0,0.7142857142857143,0.29906542056074764,0.4090345009635586,0.12538057766001343,0.9641606514861525,0.6368964193288692,0.009345794392523364,0.16387141858839974,0.03294194499084491
1073,106,99.06542056074767,107,0,101,6,0,0.0,2.1108829853848725,2.1079808425852,5.700866464177476,1.5640532410270265,0.6429052261573704,1.5227247983907373,5.5514018691588785,2.8554537426680326,0.4322491705999849,0.03329792733242206,0.06005701523089927,0.0,0.03329792733242206,0.020577506928084393,0,0,0,6,0,0.8333333333333334,0.2897196261682243,0.3871322219144871,0.14406234237156354,0.9736237484226811,0.6241428678419706,0.0,0.16387141858839974,0.03288482333103781
1074,105,98.13084112149532,107,1,104,2,0,0.009345794392523364,2.1295071125773815,2.122775121192094,5.753567585408713,1.5679834762743545,0.6524901469610725,1.56238962185717,5.5514018691588785,2.8554537426680326,0.4321265450002598,0.28506005837662185,0.02695943347025644,0.3333333333333333,0.04870507514798486,0.05955980815865842,0,1,0,2,0,0.6666666666666666,0.2897196261682243,0.3859393825191705,0.15074597241172114,0.9484230110099812,0.6207960150162831,0.009345794392523364,0.2529699510831586,0.0330340569917331
1075,105,98.13084112149532,107,0,101,6,0,0.0,2.147862932355524,2.141159893997469,6.006798502922082,1.5721222976803881,0.6342557852126736,1.5309585544622504,5.5514018691588785,2.8554537426680326,0.43491799725309654,0.010055285944891322,0.07987828909490617,0.0,0.010055285944891322,0.0071524185416047175,0,0,0,6,0,0.8333333333333334,0.3177570093457944,0.3925906102556349,0.14453331666252284,0.9611698959261123,0.6261947104956854,0.0,0.2155835080363382,0.033184927155994276
1076,105,98.13084112149532,107,0,101,6,0,0.0,2.159416593878884,2.153105904467606,6.6171108085197075,1.5764158271981363,0.6502702713282328,1.5486343067928958,5.5514018691588785,2.8554537426680326,0.4368197063172521,0.046002717119415365,0.042301159072960635,0.0,0.046002717119415365,0.026006977669634182,0,0,1,5,0,0.6666666666666666,0.2897196261682243,0.406355520889543,0.13391286385991638,0.9458718930129131,0.6274682005887439,0.0,0.2529699510831586,0.03330399533826463
1077,106,99.06542056074767,107,0,100,7,0,0.0,2.168155325622661,2.161270467048953,7.111537017650476,1.5807732652128184,0.6580735691667601,1.548117765089516,5.5514018691588785,2.8554537426680326,0.43801782268571654,0.015359448551617806,0.061050252451878353,0.0,0.015359448551617806,0.005108566253877668,0,0,0,7,0,0.8571428571428571,0.2897196261682243,0.41482796171047354,0.12125384379184148,0.9652193179769993,0.6305757768215301,0.0,0.2155835080363382,0.03340990131042085
1078,105,98.13084112149532,107,1,99,7,0,0.009345794392523364,2.204871170655352,2.2001946636098126,7.738850014251012,1.5858563836541923,0.6324495698779051,1.5561363575090459,5.5514018691588785,2.8554537426680326,0.4414345844912697,0.06385392064590552,0.07644780434569393,0.0,0.06385392064590552,0.013797806945973823,0,1,0,7,0,0.625,0.2897196261682243,0.42543979648924085,0.11159150066147552,0.9738670511511331,0.6364276693983263,0.009345794392523364,0.20125786163522014,0.033666053583473535
1079,106,99.06542056074767,107,0,99,8,0,0.0,2.2224545396794726,2.2175961891187486,7.717324130829396,1.5912309348973626,0.6278043622810291,1.5209734628341158,5.5514018691588785,2.8554537426680326,0.4433708145303712,0.05460889309611475,0.05476246128434032,0.0,0.05460889309611475,0.015724487224079053,0,0,0,8,0,0.75,0.29906542056074764,0.4252619718570745,0.1242298635669414,0.9561887086384262,0.6322911212794355,0.0,0.23864430468204054,0.0338307043409065
1080,106,99.06542056074767,107,0,100,7,0,0.0,2.2116647766495863,2.2067269042319286,7.54784670933908,1.5962037243942266,0.6306379278911469,1.5369250577735256,5.5514018691588785,2.8554537426680326,0.4439738688507455,0.03464275748448669,0.05042425043708714,0.0,0.03464275748448669,0.019821907078121755,0,0,0,7,0,0.8571428571428571,0.3364485981308411,0.4240260025675291,0.12833622714709156,0.9426346824876513,0.6333638178450243,0.0,0.2386443046820405,0.03384775337765867
1081,106,99.06542056074767,107,0,100,7,0,0.0,2.218099289547866,2.213301834317575,7.854397109825,1.6011847134570545,0.6030841029081726,1.5159423682682494,5.5514018691588785,2.8554537426680326,0.44794134388492246,0.04896341121040369,0.05958566084370213,0.0,0.04896341121040369,0.01803358464532026,0,0,1,6,0,0.7142857142857143,0.32710280373831774,0.434592448115047,0.11996803771049169,0.9474892403836057,0.6412569256989238,0.0,0.2386443046820405,0.033951040861458275
1082,106,99.06542056074767,107,0,99,8,0,0.0,2.2014569672335873,2.197223044709711,7.204655144231712,1.6056561747615588,0.6253914376260069,1.5208250393228118,5.5514018691588785,2.8554537426680326,0.4427963558602368,0.06234494429196835,0.06441203358038716,0.0,0.06234494429196835,0.0030775117249169422,0,0,0,8,0,0.75,0.32710280373831774,0.41852426180097224,0.12044821197753153,0.9395588818626645,0.6441917089548083,0.0,0.23864430468204054,0.033931669504472586
1083,106,99.06542056074767,107,1,101,5,0,0.009345794392523364,2.1872323847453905,2.1919244634302664,6.8888892230175145,1.6096699927695917,0.6760118590997897,1.5811631776786585,5.5514018691588785,2.8554537426680326,0.43868163804039795,0.10479527004439565,0.06072376477500657,0.0,0.10479527004439565,0.009238385308335326,0,1,0,5,0,0.6666666666666666,0.2803738317757009,0.40875967686316905,0.12688186493042555,0.9432757395508502,0.6342859720035365,0.009345794392523364,0.23864430468204054,0.03391785295029873
1084,106,99.06542056074767,107,0,101,6,0,0.0,2.20253627594311,2.2071614860431854,7.694743323526217,1.6141261909244065,0.6657995287048677,1.5885644456176593,5.5514018691588785,2.8554537426680326,0.44155850308253064,0.025992670482343463,0.0591077364434868,0.0,0.025992670482343463,0.005135040057513436,0,0,1,5,0,0.8333333333333334,0.2897196261682243,0.4261066754299154,0.12398970443464212,0.9410338344723169,0.6353388043988513,0.0,0.2386443046820405,0.03405799474478351
1085,105,98.13084112149532,107,1,100,6,0,0.009345794392523364,2.2008304281467304,2.2048319349712915,7.354663341415847,1.618426891178464,0.6998000427987766,1.5323302087098953,5.5514018691588785,2.8554537426680326,0.4387185122628907,0.06615540656012416,0.05185584030792744,0.0,0.06615540656012416,0.015430923153591921,0,1,0,6,0,0.42857142857142855,0.2803738317757009,0.41678466537009784,0.11865395682126136,0.9337958493150145,0.6294759508390819,0.009345794392523364,0.23864430468204054,0.03411086775898432
1086,103,96.26168224299066,107,2,101,4,0,0.018691588785046728,2.203560464825834,2.200335203543106,7.78331236405947,1.6226580656056602,0.7231775457872626,1.6256005745689253,5.5514018691588785,2.8554537426680326,0.4408196293514577,0.16016967313750566,0.05905771434366589,0.0,0.16016967313750566,0.031094702729297253,1,1,1,3,0,0.3333333333333333,0.27102803738317754,0.4281023003671295,0.11653074844456338,0.925608257464996,0.6319621334712074,0.018691588785046728,0.25751222921034245,0.03418492755664993
1087,103,96.26168224299066,107,0,101,6,0,0.0,2.215025931323445,2.2119463007477425,7.755767500182339,1.6268526978850253,0.7156503059228523,1.5922541487195632,5.5514018691588785,2.8554537426680326,0.44080211106664957,0.032664093216511876,0.05206358291932193,0.0,0.032664093216511876,0.020681390637030502,0,0,0,6,0,0.8333333333333334,0.2616822429906542,0.4275956938786928,0.1158463515520742,0.9572823936625496,0.6339760455336102,0.0,0.220125786163522,0.034302142781344136
1088,103,96.26168224299066,107,1,100,6,0,0.009345794392523364,2.203946676681864,2.2060284145225912,7.730876019788855,1.6306650335114126,0.6977542679663851,1.5962696822965299,5.5514018691588785,2.8554537426680326,0.4432963072042977,0.018487816362171196,0.04412038157360202,0.0,0.018487816362171196,0.017520476571611803,0,1,2,4,0,0.8571428571428571,0.3177570093457944,0.4306994962047059,0.1209260619415864,0.9453672918764493,0.6262226674516244,0.009345794392523364,0.22012578616352202,0.0343011762482996
1089,103,96.26168224299066,107,0,100,7,0,0.0,2.2202357006737685,2.222033348674031,7.512258093900329,1.6348614553160674,0.7219983630362693,1.6197705497090615,5.5514018691588785,2.8554537426680326,0.44007839120745973,0.014637935807223825,0.04561834185461568,0.0,0.014637935807223825,0.03139203756575248,0,0,0,7,0,1.0,0.3177570093457944,0.4208289398116991,0.12560442061366692,0.9573174540857504,0.619918694521723,0.0,0.18273934311670162,0.034442534809998704
1090,103,96.26168224299066,107,1,101,5,0,0.009345794392523364,2.207052996087013,2.2153269144129544,7.671361993097148,1.6386374821936482,0.7228558501747442,1.6299327024049888,5.5514018691588785,2.8554537426680326,0.4413241580914937,0.0166145578424219,0.059317708228570486,0.0,0.0166145578424219,0.018007100123518017,0,1,0,5,0,0.8333333333333334,0.29906542056074764,0.42661486508528307,0.11908037673608296,0.9641463611159149,0.6160620657385268,0.009345794392523364,0.18273934311670162,0.034430532637464935
1091,105,98.13084112149532,107,0,103,4,0,0.0,2.222156620985002,2.231368234257819,8.2612689588411,1.6428194970858452,0.7145946940809057,1.6340347030304694,5.5514018691588785,2.8554537426680326,0.44520540007002807,0.0035490561350947233,0.022791919329904122,0.0,0.0035490561350947233,0.06295534270356468,0,0,0,4,0,1.0,0.308411214953271,0.4401356686177315,0.10742375884098478,0.9507513047704748,0.6222569943522817,0.0,0.22012578616352202,0.03456575851233397
1092,105,98.13084112149532,107,0,104,3,0,0.0,2.2113893057833534,2.2208601451945174,7.857991523900961,1.6466420535793307,0.7386300865904356,1.645274937418934,5.5514018691588785,2.8554537426680326,0.44162139941790923,0.0009545194575488304,0.08412130827623937,0.0,0.0009545194575488304,0.024307458955181344,0,0,1,2,0,1.0,0.3177570093457944,0.42987882358987134,0.11200213096485487,0.9426230369380322,0.6183077570503294,0.0,0.220125786163522,0.034566497602555146
1093,106,99.06542056074767,107,0,104,3,0,0.0,2.2130357005541472,2.2226110541462836,7.986638855800833,1.6503954558565126,0.7483114720616921,1.658240459538114,5.5514018691588785,2.8554537426680326,0.4425161370243018,0.0029935928939992563,0.05254309939962675,0.0,0.0029935928939992563,0.036527717424429874,0,0,1,2,0,1.0,0.29906542056074764,0.432666823086699,0.10529524785505946,0.9507513047704748,0.6215255172377993,0.0,0.22012578616352202,0.0346283179093097
1094,106,99.06542056074767,107,0,104,3,0,0.0,2.2221937234447084,2.231752579482549,8.007620996679245,1.6542505070897746,0.7464017805016976,1.6446563912220413,5.5514018691588785,2.8554537426680326,0.44166925548356906,0.0009050363106918117,0.09301989424326917,0.0,0.0009050363106918117,0.012077304966490251,0,0,0,3,0,1.0,0.32710280373831774,0.4306293800628612,0.11109801979890324,0.9465031122966958,0.6184852193396013,0.0,0.22012578616352202,0.03472914762612348
1095,107,100.0,107,0,103,4,0,0.0,2.2543024807557086,2.2647382675424965,8.44836679562392,1.658748991969717,0.7392255199181429,1.6265287077336956,5.5514018691588785,2.8554537426680326,0.44291016907854086,0.0010641473647501343,0.025160991038874855,0.0,0.0010641473647501343,0.041680646714081795,0,0,0,4,0,1.0,0.2803738317757009,0.4349031836453733,0.10679441521063207,0.9189916649997512,0.6221376277198662,0.0,0.25751222921034245,0.03495391749011231
1096,107,100.0,107,0,103,4,0,0.0,2.2378013282267615,2.247289885697696,8.095880120470135,1.6627204403168532,0.764656312768561,1.6546215169918055,5.5514018691588785,2.8554537426680326,0.43823375093337,0.0010814992414717361,0.04347500657164566,0.0,0.0010814992414717361,0.031369637863896876,0,0,0,4,0,1.0,0.2803738317757009,0.4260608448016753,0.10970527948154048,0.9478243750899027,0.610791576160865,0.0,0.23410202655485673,0.034928113162700794
1097,107,100.0,107,0,103,4,0,0.0,2.238917866872282,2.2490244047927574,8.015271944372875,1.666618108505857,0.7652207644223938,1.6592772115724717,5.5514018691588785,2.8554537426680326,0.4365493096029185,0.0013919384321543873,0.0703596035380043,0.0,0.0013919384321543873,0.018515790142986155,0,0,0,4,0,1.0,0.2897196261682243,0.4228287468207694,0.10950003532555524,0.9349259324710499,0.6047355697208626,0.0,0.25751222921034245,0.034989343912018245
1098,106,99.06542056074767,107,1,102,4,0,0.009345794392523364,2.231034215480986,2.237769907755924,7.998416134848593,1.6702175995865363,0.7805097213075398,1.6849128996766416,5.5514018691588785,2.8554537426680326,0.43508645904058474,0.19542512079962865,0.07378489847205064,0.2,0.006756871549774399,0.01610465432014918,0,1,1,3,0,1.0,0.2897196261682243,0.42298208908645957,0.11328311522281438,0.9410542350891977,0.5901057939459101,0.009345794392523364,0.25751222921034245,0.035001316556451896
1099,106,99.06542056074767,107,0,102,5,0,0.0,2.247927691725046,2.254278007868049,8.37338014357399,1.6740212012250906,0.7624253766586575,1.6115837712315195,5.5514018691588785,2.8554537426680326,0.44062312706891515,0.0003402208176343689,0.0656792636213801,0.0,0.0003402208176343689,0.00684715990777131,0,0,0,5,0,1.0,0.29906542056074764,0.4325154660918442,0.1137362038251553,0.9387532705559753,0.5961116823175375,0.0,0.25751222921034245,0.03514008898034433
1100,106,99.06542056074767,107,0,104,3,0,0.0,2.255824168448809,2.2627368292378414,8.528491435442769,1.6779094229634126,0.7579594679363969,1.6663912574558262,5.5514018691588785,2.8554537426680326,0.43725678678351176,0.00021345466801615638,0.056709229268206686,0.0,0.00021345466801615638,0.024701829428982563,0,0,0,3,0,1.0,0.29906542056074764,0.43097187598391856,0.106112315833647,0.942852902284,0.5957336454090295,0.0,0.25751222921034245,0.035235084550538226
1101,106,99.06542056074767,107,0,104,3,0,0.0,2.2418868779958196,2.248562015723291,7.855823914751518,1.6813628141341699,0.7756362670062387,1.6252202356144902,5.5514018691588785,2.8554537426680326,0.43053545386086345,0.012308105362344486,0.06776099391731928,0.0,0.012308105362344486,-0.012516366159994075,0,0,1,2,0,1.0,0.2897196261682243,0.41357755602852264,0.11115040883049622,0.9527851562297323,0.5888886266593504,0.0,0.22012578616352202,0.03521470309199046
1102,106,99.06542056074767,107,0,104,3,0,0.0,2.2515668566988554,2.2585077591627662,8.055837275973207,1.6849447922001162,0.7726947132017112,1.6204042512615355,5.5514018691588785,2.8554537426680326,0.4322535725088279,0.00052587233710457,0.07904953666209436,0.0,0.00052587233710457,0.0004153914206604566,0,0,0,3,0,1.0,0.2803738317757009,0.4181110183214423,0.10779311667916255,0.9405104076002881,0.5975949828035684,0.0,0.25751222921034245,0.03531424384887844
1103,107,100.0,107,0,104,3,0,0.0,2.24765092435174,2.253808369092222,7.896921209056714,1.6883171374115955,0.7596600386476422,1.606786786610719,5.5514018691588785,2.8554537426680326,0.4316137238415627,0.009000032138848648,0.07974824381586401,0.0,0.009000032138848648,0.011590147074554932,0,0,0,3,0,1.0,0.2523364485981308,0.4148551176004416,0.11021813177586946,0.9191520365217418,0.5991838670975016,0.0,0.2948986722571628,0.0353428120659213
1104,107,100.0,107,0,104,3,0,0.0,2.2702736939072388,2.2764987039635973,8.526369507958997,1.692111516478564,0.7300567292859524,1.5804956020121212,5.5514018691588785,2.8554537426680326,0.43931726979265173,0.0023592343759845685,0.061198263352450266,0.0,0.0023592343759845685,0.015467972120140755,0,0,0,3,0,1.0,0.2803738317757009,0.43194908951437244,0.10180187889581231,0.9246715886614341,0.6110772038916606,0.0,0.2948986722571628,0.03551009928323817
1105,107,100.0,107,0,100,7,0,0.0,2.272374481317423,2.2782893521273015,7.902301673062966,1.6958384537104612,0.7471514194577747,1.6028977678216871,5.5514018691588785,2.8554537426680326,0.4324311839608661,0.03739143914648813,0.07203785334725962,0.0,0.03739143914648813,0.017859780669803243,0,0,0,7,0,0.8571428571428571,0.308411214953271,0.41267976327980255,0.10946443830765881,0.9499609779851459,0.6039592335655097,0.0,0.25751222921034245,0.035573813704626644
1106,107,100.0,107,0,101,6,0,0.0,2.2490061234480145,2.25484522153305,7.714293513677795,1.6989234209300919,0.7749624542240958,1.6073630527312868,5.5514018691588785,2.8554537426680326,0.43076201119411617,0.04752519812263186,0.090020342898338,0.0,0.04752519812263186,0.00835913715681554,0,0,0,6,0,0.8333333333333334,0.29906542056074764,0.4104627388927347,0.115764782915243,0.9512438335725533,0.6018639539573692,0.0,0.25751222921034245,0.035501016821246116
1107,107,100.0,107,0,104,3,0,0.0,2.2490895303694973,2.2544872361392874,7.898271588038163,1.7019121206519294,0.7829390085676189,1.642930480584523,5.5514018691588785,2.8554537426680326,0.4348332540999471,0.01544286951190274,0.07804663997432847,0.0,0.01544286951190274,0.01313537594499318,0,0,0,3,0,1.0,0.3177570093457944,0.41792974608653477,0.11369219024432493,0.9514455741819736,0.6121102388446387,0.0,0.25751222921034245,0.03554410432488569
1108,107,100.0,107,0,101,6,0,0.0,2.28358485495713,2.2883134181897025,8.789898926398797,1.7055881922207912,0.7540599398430041,1.573888458440337,5.5514018691588785,2.8554537426680326,0.4390315552363697,0.0037618338218787773,0.07184784515479824,0.0,0.0037618338218787773,0.01304636983250009,0,0,0,6,0,1.0,0.308411214953271,0.43451821825922476,0.10456673333245493,0.9696035404278243,0.6153036580348306,0.0,0.18273934311670162,0.035769065209421955
1109,107,100.0,107,0,103,4,0,0.0,2.269440967307398,2.2741005261783385,8.440607812518444,1.7088346212209529,0.7758379106308034,1.6302568642611552,5.5514018691588785,2.8554537426680326,0.4363971633487318,0.00750531240865966,0.07074471431470493,0.0,0.00750531240865966,0.016991959752557045,0,0,0,4,0,1.0,0.34579439252336447,0.4270540351026233,0.10686510747986425,0.963856649554073,0.61080356675992,0.0,0.22012578616352202,0.03574469591036739
1110,107,100.0,107,0,105,2,0,0.0,2.245378144913156,2.2504783457735456,7.878739995152664,1.7114487335951512,0.8154881839743258,1.6307203378753303,5.5514018691588785,2.8554537426680326,0.4315340817251607,0.004110746661092723,0.09582588570966233,0.0,0.004110746661092723,-0.012853313422197976,0,0,1,1,0,1.0,0.3177570093457944,0.41462590888153483,0.1137284057549588,0.9514455741819736,0.5990330184987122,0.0,0.25751222921034245,0.03566170418320948
1111,107,100.0,107,0,106,1,0,0.0,2.257156513540488,2.2620395790270447,7.2756217870979585,1.714252301733832,0.831002693843069,1.6875307370399122,5.5514018691588785,2.8554537426680326,0.42757444029893166,4.76947733498537e-06,0.09613646774439707,0.0,4.76947733498537e-06,0.006954179388975801,0,0,0,1,0,1.0,0.2803738317757009,0.3981657934319422,0.13204830354266184,0.9514455741819736,0.5855825376193984,0.0,0.25751222921034245,0.035760623322018244
1112,107,100.0,107,0,106,1,0,0.0,2.2352655339700416,2.2395268003495374,7.073749107445255,1.716461541696108,0.8354727487470375,1.6894792913319487,5.5514018691588785,2.8554537426680326,0.42566079733791584,4.307064225970884e-06,0.10248383033146738,0.0,4.307064225970884e-06,0.010940103208089802,0,0,0,1,0,1.0,0.29906542056074764,0.39510921621579986,0.13227923094229574,0.9630227540076195,0.5825875255257192,0.0,0.22012578616352202,0.035682710336759675
1113,107,100.0,107,0,105,2,0,0.0,2.2386767980636346,2.242926678509372,7.631896425042439,1.7186853633917254,0.8354602811340601,1.6922527946737884,5.5514018691588785,2.8554537426680326,0.430290028498171,0.006174441706832376,0.06760796448419518,0.0,0.006174441706832376,0.009439080668254773,0,0,0,2,0,1.0,0.2897196261682243,0.4100474843113328,0.12487883207418572,0.9613223149982268,0.5883993381258251,0.0,0.22012578616352202,0.035731516757146524
1114,107,100.0,107,0,107,0,0,0.0,2.227823875088554,2.2315448141940113,7.556836746100904,1.7205856817910428,0.8563040684617719,1.720485402435245,5.5514018691588785,2.8554537426680326,0.427237017505552,0.0,0.0,0.0,0.0,0.0,0,0,0,0,0,0.0,0.29906542056074764,0.4069749654418684,0.12821224159433936,0.9696035404278243,0.5783698675749834,0.0,0.18273934311670162,0.03570438349869908
1115,106,99.06542056074767,107,1,105,1,0,0.009345794392523364,2.264235476598016,2.275747769658264,8.493965804403809,1.7232668927463692,0.8507575070170429,1.7272427019415775,5.5514018691588785,2.8554537426680326,0.43261671473662155,0.1637242327919312,0.09258025705939736,0.0,0.1637242327919312,0.03097643101750147,0,1,0,1,0,0.5,0.2897196261682243,0.42439461907775783,0.11528560190917446,0.9608884576741032,0.5914880094838373,0.009345794392523364,0.22012578616352202,0.035924721875532736
1116,105,98.13084112149532,107,1,102,2,2,0.009345794392523364,2.2796290436944946,2.2874086789282244,8.426707698144142,1.7263860292040794,0.8599007796736414,1.7312204011264123,5.5514018691588785,2.8554537426680326,0.43348012895131793,0.6005210124766871,0.13186196893226063,0.6,0.0005220733343911692,0.04309920066034321,0,3,0,2,0,1.0,0.2803738317757009,0.4226839251729293,0.11778306109187245,0.949702533456186,0.5919440934584732,0.009345794392523364,0.2389937106918239,0.036046222460375435
1117,105,98.13084112149532,107,0,104,3,0,0.0,2.2805167951078134,2.2883699687999703,8.489950715381234,1.7293645514564253,0.8391409024225799,1.7143611082684105,5.5514018691588785,2.8554537426680326,0.4354409443483478,0.006321894784440494,0.08746061700231357,0.0,0.006321894784440494,0.010805223381773513,0,0,0,3,0,1.0,0.29906542056074764,0.42669623099333354,0.11676857691074627,0.9572618694166133,0.5981681780918214,0.0,0.2016072676450035,0.036093186380007435
1118,105,98.13084112149532,107,0,105,2,0,0.0,2.2745576740769153,2.283035380329907,8.255300633238164,1.7321361620187412,0.8518420543501116,1.7168270642059877,5.5514018691588785,2.8554537426680326,0.4357046466892769,0.06801746316307977,0.09527374413369732,0.0,0.06801746316307977,0.011986293601356612,0,0,0,2,0,0.5,0.308411214953271,0.42292428582656705,0.1276756632796157,0.9485973635668657,0.5938407746868661,0.0,0.2389937106918239,0.03610296180361986
1119,105,98.13084112149532,107,0,104,3,0,0.0,2.2735608996098713,2.2823890970040517,8.004724513934121,1.7348138670663902,0.871507597501251,1.7334788189663657,5.5514018691588785,2.8554537426680326,0.4331548212674927,0.10543880709104371,0.10521630527530335,0.0,0.10543880709104371,0.005827234065588789,0,0,0,3,0,0.6666666666666666,0.308411214953271,0.4154580815633647,0.13281572784785042,0.9512651137222641,0.5870347797792805,0.0,0.2389937106918239,0.03613620824578499
1120,106,99.06542056074767,107,0,105,2,0,0.0,2.2959520110710265,2.304399477137203,8.642569979537985,1.7379179084636682,0.8368978357345279,1.6983309916542573,5.5514018691588785,2.8554537426680326,0.4357981616786193,0.16377362394958564,0.10902209282547207,0.0,0.16377362394958564,0.01230571664461344,0,0,0,2,0,0.5,0.308411214953271,0.4269999374494713,0.12261398298586894,0.949702533456186,0.5958065845740499,0.0,0.2389937106918239,0.03629248103621704
1121,107,100.0,107,0,104,3,0,0.0,2.306402869996163,2.3145372668198596,8.483939772452512,1.7411648993106277,0.8341443347768566,1.6984890409070719,5.5514018691588785,2.8554537426680326,0.43497521891307245,0.01155603019870881,0.07223348486045574,0.0,0.01155603019870881,0.024247235668891642,0,0,0,3,0,1.0,0.2897196261682243,0.4223186439698248,0.13166701423278646,0.9232975627483588,0.5898733848145923,0.0,0.3137665967854647,0.03639109349167452
1122,107,100.0,107,0,104,3,0,0.0,2.306821483298434,2.315657600555515,7.848380572839377,1.744344766325192,0.8289075903800232,1.6955270228867567,5.5514018691588785,2.8554537426680326,0.4314185915590649,0.02101692208896043,0.0893975134769418,0.0,0.02101692208896043,0.017315266950549968,0,0,0,3,0,1.0,0.29906542056074764,0.40724628438465493,0.1364159408946571,0.9250845085749417,0.5943543621427217,0.0,0.3137665967854647,0.03643858637402549
1123,107,100.0,107,0,104,3,0,0.0,2.3265914465381647,2.33553629632254,8.043732975731336,1.7478879352778949,0.8409748838489398,1.689213141956986,5.5514018691588785,2.8554537426680326,0.4302709529495954,0.0094230020456382,0.058784769823779136,0.0,0.0094230020456382,0.029227051066210947,0,0,0,3,0,1.0,0.2897196261682243,0.4066567445025705,0.13864718300859544,0.9231504612681093,0.585180316469302,0.0,0.3137665967854647,0.036588022965458655
1124,107,100.0,107,0,104,3,0,0.0,2.321559082924986,2.329474357221757,7.808366805207432,1.751191453986584,0.8476895754888227,1.717796322261641,5.5514018691588785,2.8554537426680326,0.4282785774922073,0.006578199992262203,0.0785293501818997,0.0,0.006578199992262203,0.01833107275946196,0,0,0,3,0,1.0,0.2803738317757009,0.40129835805899605,0.137074424371608,0.9210279590399806,0.5884561833266916,0.0,0.3137665967854647,0.03661002637169626
1125,107,100.0,107,0,104,3,0,0.0,2.3522142587689765,2.361900482954787,8.809590423960232,1.7551413726633427,0.7983894613088878,1.6435700566368523,5.5514018691588785,2.8554537426680326,0.4361643679911833,0.005043273406160577,0.08212165164516345,0.0,0.005043273406160577,0.01131989356652093,0,0,1,2,0,1.0,0.2803738317757009,0.4234456243157602,0.12330932340647092,0.9206188228352753,0.6022573026461019,0.0,0.3137665967854647,0.036819696301260134
1126,107,100.0,107,0,104,3,0,0.0,2.382862386407341,2.393227353811214,10.585272475234165,1.7596941226844782,0.7602622881741459,1.6110355499022693,5.5514018691588785,2.8554537426680326,0.44438822514615706,0.015618304534666583,0.07746088121163866,0.0,0.015618304534666583,0.009754255575963358,0,0,0,3,0,1.0,0.29906542056074764,0.45656058812507094,0.1019420551872891,0.9154034578191966,0.6140376847411347,0.0,0.27638015373864433,0.037037937774888376
1127,107,100.0,107,0,104,3,0,0.0,2.4021632960435415,2.413742895189616,10.801596258262514,1.7645855204700351,0.7508344431810808,1.6015611875131115,5.5514018691588785,2.8554537426680326,0.44196147370688466,0.0012507097321052655,0.08820537343425854,0.0,0.0012507097321052655,0.0068684662045340366,0,0,0,3,0,1.0,0.27102803738317754,0.4553639724380844,0.09813712971900938,0.9260875866420508,0.6115306287587338,0.0,0.27638015373864433,0.03720427812363761
1128,107,100.0,107,0,105,2,0,0.0,2.373959501758269,2.383934369790524,10.138959100844852,1.768656311731142,0.7829553387398774,1.6283469770472436,5.5514018691588785,2.8554537426680326,0.4372358755172121,0.004406936690768471,0.073481627015756,0.0,0.004406936690768471,0.016215413454005678,0,0,0,2,0,1.0,0.2803738317757009,0.4455354026590403,0.10419312343934227,0.9039243491003821,0.6113838972818391,0.0,0.3137665967854647,0.037121378932921986
1129,107,100.0,107,0,102,5,0,0.0,2.357305209302785,2.367191544318628,9.378474870963183,1.7722283965215746,0.7993086807943498,1.632759089043365,5.5514018691588785,2.8554537426680326,0.43360090372901894,0.02985980594097356,0.07757224804674187,0.0,0.02985980594097356,0.03405391365547572,0,0,1,4,0,0.8,0.27102803738317754,0.43172228687865355,0.10762582073027038,0.9313733719052162,0.6081017757531371,0.0,0.27638015373864433,0.03708910708506441
1130,107,100.0,107,0,102,5,0,0.0,2.3686147806733446,2.3791790620466227,9.437043312039657,1.7759723205020617,0.7919340517371811,1.6197770606341029,5.5514018691588785,2.8554537426680326,0.4371365657823396,0.0030435323025230225,0.08039116714206328,0.0,0.0030435323025230225,0.027405294702229455,0,0,0,5,0,1.0,0.2897196261682243,0.434557734575268,0.10712310866052233,0.9102767349134393,0.6128846052293108,0.0,0.3137665967854647,0.03719910795062894
1131,107,100.0,107,0,101,6,0,0.0,2.3730857124630695,2.3850167881325457,9.04158321874467,1.7797426933195306,0.8010862352079585,1.612814277452762,5.5514018691588785,2.8554537426680326,0.4367740853269255,0.005208009716896039,0.07654843644380495,0.0,0.005208009716896039,0.026751268636558856,0,0,0,6,0,1.0,0.27102803738317754,0.42659612650723694,0.11585272209683642,0.9256568325112566,0.6065635752560536,0.0,0.27638015373864433,0.03727529323544204
1132,107,100.0,107,0,101,6,0,0.0,2.392446106806985,2.4040792143260443,9.379616145839307,1.7838408598950188,0.7924410634826007,1.5715760513839143,5.5514018691588785,2.8554537426680326,0.4396257297066235,0.015330437277507346,0.0831760617939886,0.0,0.015330437277507346,0.022778994757282196,0,0,0,6,0,0.8333333333333334,0.2616822429906542,0.4341175235253915,0.11705283696314167,0.9287551929580158,0.6055249558271154,0.0,0.27638015373864433,0.0374306058325919
1133,107,100.0,107,0,100,7,0,0.0,2.3912658408610517,2.403357242395294,9.310225593174428,1.7878055127600327,0.8036625060862063,1.59694699106122,5.5514018691588785,2.8554537426680326,0.4399879505781399,0.05744613606363933,0.07711978624600291,0.0,0.05744613606363933,0.029198458012767357,0,0,0,7,0,0.7142857142857143,0.27102803738317754,0.4334296819087836,0.11972292500272284,0.8955189787707762,0.6026462069600311,0.0,0.3137665967854647,0.03748130891717114
1134,106,99.06542056074767,107,1,103,3,0,0.009345794392523364,2.3818001341048585,2.3953791738491748,9.364819124549824,1.7914197841648136,0.8257480167379203,1.6311374417198905,5.5514018691588785,2.8554537426680326,0.440693108424868,0.07519132605036324,0.06373060785677498,0.0,0.07519132605036324,0.033063657436822005,0,1,0,3,0,0.75,0.2523364485981308,0.43506064884189916,0.11968124703551869,0.9080949168547314,0.604210582297483,0.009345794392523364,0.3137665967854647,0.037485582307439175
1135,106,99.06542056074767,107,0,104,3,0,0.0,2.4122911280857364,2.4255656136446633,10.405043626025684,1.7956753441675324,0.7941541076940323,1.608858114168688,5.5514018691588785,2.8554537426680326,0.4475971584837424,0.005939075545529191,0.06920444773494659,0.0,0.005939075545529191,0.03513081074697555,0,0,0,3,0,1.0,0.27102803738317754,0.45447185612634544,0.11241795289647533,0.9169807086466478,0.6089763986403015,0.0,0.3137665967854647,0.037698795051028126
1136,106,99.06542056074767,107,0,103,4,0,0.0,2.436941198539434,2.4503469556130297,11.100998083255822,1.8003754844282571,0.7619290572961921,1.5775342449135006,5.5514018691588785,2.8554537426680326,0.4541801831432335,0.00738371966054058,0.05924994395539374,0.0,0.00738371966054058,0.0346214031887635,0,0,0,4,0,1.0,0.29906542056074764,0.4699836118062432,0.10810961652913902,0.9080949168547314,0.6186481692839468,0.0,0.3137665967854647,0.037889150568789366
1137,106,99.06542056074767,107,0,104,3,0,0.0,2.4742873847573987,2.488547609210486,12.429109087024978,1.8058140559522942,0.7563121341115971,1.5677728372862558,5.5514018691588785,2.8554537426680326,0.4584316492550671,0.011830261250800042,0.08749506702508285,0.0,0.011830261250800042,0.02490563191543871,0,0,0,3,0,1.0,0.3177570093457944,0.4892319855960022,0.09558065548412092,0.9079596375448126,0.6222684929706788,0.0,0.3137665967854647,0.038153529446944584
1138,106,99.06542056074767,107,0,102,5,0,0.0,2.4813854034680443,2.496624630041085,12.914744887626028,1.811281840057083,0.7286157703317991,1.5398679546296918,5.5514018691588785,2.8554537426680326,0.4638069016237243,0.039772099186339206,0.08465719679348348,0.0,0.039772099186339206,0.02577694826741883,0,0,1,4,0,0.6,0.308411214953271,0.501548687345481,0.09391535140137881,0.9097541540397409,0.6345697655097601,0.0,0.3137665967854647,0.038267084563428415
1139,107,100.0,107,0,103,4,0,0.0,2.4801191763291,2.495241987572666,12.516068946556942,1.816561909543121,0.7326561085506611,1.5127289893198832,5.5514018691588785,2.8554537426680326,0.46440557781912273,0.04413407217183934,0.0556121788362412,0.0,0.04413407217183934,0.042469206918124454,0,0,1,3,0,0.75,0.3177570093457944,0.49729314734253016,0.095751201473253,0.9157454531642012,0.6369436296677671,0.0,0.3137665967854647,0.03833613839861097
1140,107,100.0,107,0,105,2,0,0.0,2.47971588010887,2.4941535127990053,12.854369535533069,1.8216663443724739,0.7499090388773629,1.5937138930332468,5.5514018691588785,2.8554537426680326,0.4663881857549823,0.014675499365253628,0.07026884296798089,0.0,0.014675499365253628,0.016906098065546438,0,0,0,2,0,1.0,0.3364485981308411,0.5037455449015366,0.0964044267394772,0.9228506128417743,0.6331373513043598,0.0,0.3137665967854647,0.03840699930519822
1141,107,100.0,107,0,105,2,0,0.0,2.466591010190657,2.4793917116011484,12.58838319706081,1.8262878113026193,0.7771480656957233,1.6040577134867433,5.5514018691588785,2.8554537426680326,0.4635506253929429,0.09350306588032485,0.09872663947068082,0.0,0.09350306588032485,0.010996993278298506,0,0,0,2,0,0.5,0.29906542056074764,0.4968818315525134,0.09650704603726262,0.9264028968377356,0.6262058243375626,0.0,0.3137665967854647,0.03840735688081866
1142,107,100.0,107,0,105,2,0,0.0,2.4506355910871367,2.46383524604665,11.935525365175762,1.830421948240019,0.7961558004288507,1.6127592567557103,5.5514018691588785,2.8554537426680326,0.46291170956824956,0.009742047297122126,0.10009295639580343,0.0,0.009742047297122126,0.010982895104736823,0,0,0,2,0,1.0,0.308411214953271,0.4891378733402232,0.10262383944736478,0.915891243939395,0.6225530413010097,0.0,0.3137665967854647,0.03838660396925406
1143,107,100.0,107,0,104,3,0,0.0,2.440054716494408,2.454818089903765,11.184068337725154,1.8342320522314617,0.8114219018331809,1.6201920099593774,5.5514018691588785,2.8554537426680326,0.4596988954957979,0.0063298450955559015,0.07067127038485901,0.0,0.0063298450955559015,0.013693821591256206,0,0,0,3,0,1.0,0.308411214953271,0.4751248632336284,0.10832659487321036,0.907858104819384,0.616444758608682,0.0,0.3137665967854647,0.03838809747480201
1144,106,99.06542056074767,107,1,102,4,0,0.009345794392523364,2.4785696867887412,2.5051963130285744,13.049573981768171,1.8388367278955273,0.7677823500702323,1.5809365963146293,5.5514018691588785,2.8554537426680326,0.4691989733379798,0.1743753682697442,0.09111050991854279,0.2,0.1375329795203309,0.032471042739675604,0,1,0,4,0,0.6,0.3364485981308411,0.5071374830022152,0.09669143034994651,0.9319747739275779,0.6232690561375309,0.009345794392523364,0.2948986722571628,0.03864641451806732
1145,106,99.06542056074767,107,0,103,4,0,0.0,2.464573560754451,2.4896100975216653,12.966826939749659,1.8432013274932992,0.7624644157914555,1.5972520152139666,5.5514018691588785,2.8554537426680326,0.46737032616409446,0.029401081344750224,0.09144821444869458,0.0,0.029401081344750224,0.02061968465524272,0,0,2,2,0,0.75,0.32710280373831774,0.5055910155785353,0.08999759874099031,0.929990293839391,0.6249327154970868,0.0,0.2948986722571628,0.03863874844917939
1146,106,99.06542056074767,107,0,104,3,0,0.0,2.44709252971482,2.4728779373724183,13.207327276781305,1.847059074693935,0.7802058973924043,1.6110058573888981,5.5514018691588785,2.8554537426680326,0.46928106833409355,0.004577126618825916,0.07037563645007724,0.0,0.004577126618825916,0.03338127834082142,0,0,0,3,0,1.0,0.34579439252336447,0.5135428250765043,0.08385810350005031,0.9302152222191531,0.6294867003726978,0.0,0.2948986722571628,0.038606421387392856
1147,105,98.13084112149532,107,1,103,3,0,0.009345794392523364,2.4226323648313426,2.4368999931816346,12.267956391292808,1.850256358117398,0.8777515305225935,1.7012394112696432,5.5514018691588785,2.8554537426680326,0.4674432845016365,0.33257489875452223,0.11827792331199971,0.25,0.08257490896744574,-0.006725929966507227,0,1,0,3,0,0.75,0.3644859813084112,0.5041956703023308,0.10844755336202418,0.9054013422095494,0.5794374905864532,0.009345794392523364,0.3322851153039832,0.038529769037564957
1148,105,98.13084112149532,107,0,105,2,0,0.0,2.415258882911115,2.4289051758959648,11.571714340363242,1.8529081546913646,0.9051655882996704,1.714227652158002,5.5514018691588785,2.8554537426680326,0.4629096973697664,0.014489403955398836,0.08470558374573292,0.0,0.014489403955398836,0.0033122801117837497,0,0,0,2,0,1.0,0.35514018691588783,0.48746020987710165,0.10684371753191116,0.9456621086964635,0.5787150594503869,0.0,0.25751222921034245,0.03853076204022345
1149,105,98.13084112149532,107,1,103,3,0,0.009345794392523364,2.4388452471184245,2.44281091404363,12.359470967112168,1.8560298389515824,0.900213532479437,1.7101823217325942,5.5514018691588785,2.8554537426680326,0.4666658609846026,0.11882453788968174,0.10619271636449007,0.0,0.11882453788968174,0.01018131285128887,0,1,1,2,0,0.5,0.32710280373831774,0.5016534597654229,0.09740796028283362,0.9437228420117506,0.5906164268148463,0.009345794392523364,0.25751222921034245,0.038693262986281333
1150,105,98.13084112149532,107,0,102,5,0,0.0,2.4476000469641344,2.449539867269555,13.309697582495598,1.8589881477046792,0.89880401025089,1.713021687394909,5.5514018691588785,2.8554537426680326,0.4676287611544956,0.02920234706251164,0.09777617215510988,0.0,0.02920234706251164,0.011933546429196907,0,0,1,4,0,0.8,0.34579439252336447,0.5128576559038739,0.08810697041906072,0.9354226959522021,0.5897985612284573,0.0,0.2948986722571628,0.03877927355451487
1151,105,98.13084112149532,107,0,101,6,0,0.0,2.4460439909769827,2.447207133488947,13.45901062387224,1.86180869521253,0.8978990917660779,1.706837950685461,5.5514018691588785,2.8554537426680326,0.46883178136457637,0.012919267550753157,0.0967093534261626,0.0,0.012919267550753157,0.016090457787420687,0,0,1,5,0,0.8333333333333334,0.3364485981308411,0.5142245908753753,0.08593254695148152,0.9349450897763025,0.5933082189690916,0.0,0.2948986722571628,0.03881176298926744
1152,106,99.06542056074767,107,0,102,5,0,0.0,2.429790821754689,2.4316423895621853,12.007017935614893,1.8641931480406098,0.919763615630655,1.7431076801894336,5.5514018691588785,2.8554537426680326,0.4614440525952428,0.0092789526015876,0.0917277167725101,0.0,0.0092789526015876,0.015839243278103134,0,0,0,5,0,1.0,0.35514018691588783,0.4885056182402783,0.09441320569600278,0.938853897460616,0.5827929624014081,0.0,0.25751222921034245,0.038764540616916754
1153,106,99.06542056074767,107,0,102,5,0,0.0,2.4123275388633005,2.4139397208488163,11.760856834837856,1.8661051207081054,0.9348722438548394,1.7381756244791267,5.5514018691588785,2.8554537426680326,0.45778326955833415,0.005693761306708866,0.08743385245992699,0.0,0.005693761306708866,0.023209810814992148,0,0,0,5,0,1.0,0.38317757009345793,0.48299039568950186,0.09018467597068232,0.9367519348631698,0.5850359060491719,0.0,0.25751222921034245,0.038704521950006204
1154,107,100.0,107,0,100,7,0,0.0,2.423786953438988,2.4258630385378814,11.757780872192793,1.8682348697374702,0.9148742596641852,1.7340784560993756,5.5514018691588785,2.8554537426680326,0.45894059480597416,0.011785158204577937,0.07710688250970789,0.0,0.011785158204577937,0.02034558230339822,0,0,1,6,0,1.0,0.38317757009345793,0.48438983757874216,0.09262752902407216,0.9404537308004922,0.5916978668105314,0.0,0.25751222921034245,0.03879222602206886
1155,107,100.0,107,0,100,7,0,0.0,2.4051858650811675,2.4072335474481545,11.138911925970074,1.8698782395680176,0.9164557219235482,1.743296721293677,5.5514018691588785,2.8554537426680326,0.4578897624943499,0.007630196725677721,0.09534784040968514,0.0,0.007630196725677721,0.005785382083874183,0,0,2,5,0,1.0,0.38317757009345793,0.47731266790831595,0.09093225244867557,0.9340652026060314,0.594419888159938,0.0,0.25751222921034245,0.03872268341294588
1156,107,100.0,107,0,99,8,0,0.0,2.375012537551093,2.3758851071605407,10.532868928149343,1.8707585715640638,0.9267005003530489,1.7592644826105932,5.5514018691588785,2.8554537426680326,0.4513560323103514,0.026833610483115618,0.08650659256136856,0.0,0.026833610483115618,0.006739343430729891,0,0,2,6,0,0.875,0.3644859813084112,0.4637572226316039,0.0924516218928053,0.9424653640707548,0.5892639064055332,0.0,0.25751222921034245,0.03858438551176001
1157,106,99.06542056074767,107,1,99,7,0,0.009345794392523364,2.3941723198066254,2.393979107663044,10.27322099185666,1.8720551778092782,0.914006314394682,1.7386904223624198,5.5514018691588785,2.8554537426680326,0.4528747446198451,0.035359507153372924,0.07106815466178971,0.0,0.035359507153372924,0.018535131123901687,0,1,0,7,0,0.75,0.3644859813084112,0.45791274614635463,0.09713333133325264,0.932599024673643,0.5846386490886354,0.009345794392523364,0.27638015373864433,0.038698696418815993
1158,106,99.06542056074767,107,0,101,6,0,0.0,2.3798509422948895,2.3799318059529737,9.081590461230098,1.8729657896305376,0.9229399421914066,1.735997463751295,5.5514018691588785,2.8554537426680326,0.4476260828928227,0.10111884380958802,0.10402217953560251,0.0,0.10111884380958802,0.0069278106038177705,0,0,0,6,0,0.6666666666666666,0.35514018691588783,0.43417379794146194,0.11447039718011032,0.9376738202692619,0.5744429690138536,0.0,0.253319357092942,0.03864009058092298
1159,105,98.13084112149532,107,1,101,5,0,0.009345794392523364,2.371536570996854,2.3609581857542525,8.197885321878555,1.8736576604480846,0.9463091749183878,1.7777628998602537,5.5514018691588785,2.8554537426680326,0.44308985547236035,0.13000324662718277,0.09009268173606173,0.16666666666666666,0.07905677246058458,0.013338810406836774,0,1,1,4,0,0.6666666666666666,0.35514018691588783,0.41811222225769523,0.1310300057391529,0.9405867940431041,0.5598259663437464,0.009345794392523364,0.2389937106918239,0.038608396750009835
1160,105,98.13084112149532,107,0,103,4,0,0.0,2.367416399681682,2.355550619611727,8.323326270824321,1.8739655593205482,0.9292993747533381,1.755173427440193,5.5514018691588785,2.8554537426680326,0.4457665481357165,0.016548520418335953,0.07818627385993417,0.0,0.016548520418335953,0.009416334042844116,0,0,1,3,0,0.75,0.35514018691588783,0.42330372446938497,0.1271931388319763,0.948844015457901,0.5613227564034465,0.0,0.2389937106918239,0.038592191848372676
1161,105,98.13084112149532,107,0,101,6,0,0.0,2.3890627908388278,2.376868294850795,8.318934059041075,1.8747516393675052,0.9118996466283092,1.6989458018058607,5.5514018691588785,2.8554537426680326,0.4474152638641973,0.1156218701985511,0.07605344403628055,0.0,0.1156218701985511,0.017298278973547226,0,0,0,6,0,0.6666666666666666,0.38317757009345793,0.42140656288765965,0.13094824451931159,0.9341505754258468,0.5631451124233976,0.0,0.2389937106918239,0.038711646880219004
1162,105,98.13084112149532,107,1,102,4,0,0.009345794392523364,2.3779598170561864,2.3629797604949756,8.251820114626653,1.8752718884698412,0.9373469695972954,1.7536988236421593,5.5514018691588785,2.8554537426680326,0.44679704371190754,0.12634868701342566,0.0643178307659844,0.0,0.12634868701342566,0.030738252709206763,0,1,0,4,0,0.4,0.34579439252336447,0.420118266540316,0.13333466478815,0.9232320866392478,0.5651298180959342,0.009345794392523364,0.27638015373864433,0.03866355974753772
1163,104,97.19626168224299,107,1,102,4,0,0.009345794392523364,2.392956577990541,2.3780698887790237,9.849259337273525,1.8760213975793965,0.9617783565933271,1.780907457500873,5.5514018691588785,2.8554537426680326,0.4479535159450283,0.016710072347763654,0.05860359980538269,0.0,0.016710072347763654,0.024435517939090056,0,1,0,4,0,1.0,0.34579439252336447,0.44311372179309466,0.10444869039453808,0.9393620261778225,0.570809683428288,0.009345794392523364,0.27638015373864433,0.03874924449516971
1164,105,98.13084112149532,107,0,102,5,0,0.0,2.414668379594736,2.3994988181828973,10.583655085961942,1.8772657374162252,0.9452249044318095,1.757326034418999,5.5514018691588785,2.8554537426680326,0.45289140938668737,0.013720503114937393,0.07802208499232308,0.0,0.013720503114937393,0.012306956805424197,0,0,1,4,0,1.0,0.32710280373831774,0.45547362518973145,0.10239767042151533,0.9290508824034576,0.5733734630892038,0.0,0.27638015373864433,0.0388755692774118
1165,105,98.13084112149532,107,0,103,4,0,0.0,2.422950892550874,2.4075508990201255,10.255444597861592,1.8786584844595156,0.9439235351498737,1.7585375168604085,5.5514018691588785,2.8554537426680326,0.45171786001151903,0.05159099107166524,0.09508654696157794,0.0,0.05159099107166524,0.0024481981791880103,0,0,0,4,0,0.75,0.32710280373831774,0.44842596268593765,0.10970217774830296,0.9275028894032501,0.5708821259055737,0.0,0.3137665967854647,0.03893686646597926
1166,105,98.13084112149532,107,0,101,6,0,0.0,2.414626054082686,2.3994412270007226,9.559994466972896,1.8798262079086752,0.9388864187040102,1.7499950327420293,5.5514018691588785,2.8554537426680326,0.4490447449310364,0.03440094422185255,0.08965755126737622,0.0,0.03440094422185255,0.0038375807334430725,0,0,1,5,0,0.8333333333333334,0.3364485981308411,0.43646107909660725,0.12017188695710686,0.9285663237617443,0.5679738307875604,0.0,0.3137665967854647,0.03891191417510484
1167,106,99.06542056074767,107,0,101,6,0,0.0,2.4142632493915412,2.398803821461293,8.66493222232092,1.8809460268986369,0.9512060303072354,1.7322390948774324,5.5514018691588785,2.8554537426680326,0.44434936944469205,0.04786507400396218,0.0948642959717237,0.0,0.04786507400396218,0.008889347875547774,0,0,0,6,0,0.8333333333333334,0.34579439252336447,0.4169977930004735,0.1410912397961761,0.9247975590810045,0.5567470696093204,0.0,0.3137665967854647,0.038926088108279105
1168,106,99.06542056074767,107,1,102,4,0,0.009345794392523364,2.413893378289114,2.3931417874983465,8.741984227407084,1.88200814854686,0.9901469681473831,1.7762016076749905,5.5514018691588785,2.8554537426680326,0.4433080590249212,0.048170664370762006,0.09646830959778308,0.0,0.048170664370762006,0.006338432252854442,1,0,0,4,0,0.8,0.32710280373831774,0.4169307155472655,0.13956512780565442,0.9225066482191007,0.5540895797729203,0.009345794392523364,0.3137665967854647,0.03893940294894491
1169,106,99.06542056074767,107,0,103,4,0,0.0,2.4154655522935857,2.394949649910145,8.493234408897205,1.8829776199625605,0.9976138857136603,1.7653152884533447,5.5514018691588785,2.8554537426680326,0.44193328535912957,0.009912716044306656,0.09027220299798085,0.0,0.009912716044306656,-0.007046167416428106,0,0,0,4,0,1.0,0.34579439252336447,0.41111173702037807,0.1440425121032202,0.9213148978043267,0.5544098023240154,0.0,0.3137665967854647,0.03896110522287912
1170,106,99.06542056074767,107,0,103,4,0,0.0,2.415669334546454,2.3947875075475737,8.802340012802478,1.8839157046503092,0.9777873769660068,1.7750993766494425,5.5514018691588785,2.8554537426680326,0.4448008582406029,0.01124389423321746,0.09636712897976804,0.0,0.01124389423321746,0.003544242314270696,0,0,1,3,0,1.0,0.35514018691588783,0.41880332723629055,0.1379256692023132,0.9284075352205626,0.5542418739455799,0.0,0.3137665967854647,0.03897551742130632
1171,106,99.06542056074767,107,0,102,5,0,0.0,2.3762123142847478,2.357296952151229,7.743861060760456,1.8839705823899626,0.9915395547313274,1.7890018091039184,5.5514018691588785,2.8554537426680326,0.4342191525220127,0.004528075295151391,0.09251266825946199,0.0,0.004528075295151391,0.005451130379694935,0,0,2,3,0,1.0,0.32710280373831774,0.3947857670408108,0.14103215362138397,0.9272377925712499,0.5451866969240777,0.0,0.3137665967854647,0.0387790158242332
1172,106,99.06542056074767,107,0,101,6,0,0.0,2.391090891383164,2.371005503185922,8.559486977764251,1.8843370461880138,0.9787284702748169,1.790963358619291,5.5514018691588785,2.8554537426680326,0.43684965990527735,0.0074140273567668185,0.08516053927624452,0.0,0.0074140273567668185,0.008545548711169934,0,0,0,6,0,1.0,0.308411214953271,0.40824832357515417,0.12141837413911098,0.9244225305441267,0.554175168744491,0.0,0.3137665967854647,0.038858640811843766
1173,106,99.06542056074767,107,1,100,6,0,0.009345794392523364,2.4116682191843597,2.3887238775791992,7.879630341561545,1.8851877517999698,0.9677274986646343,1.7523995645533876,5.5514018691588785,2.8554537426680326,0.436047834645779,0.008915832132597766,0.07984138845304578,0.0,0.008915832132597766,0.014809288755135066,0,1,0,6,0,0.8571428571428571,0.3177570093457944,0.3959604106786141,0.13868525690827485,0.9245371806899554,0.5583379883097149,0.009345794392523364,0.3137665967854647,0.03897367320346759
1174,106,99.06542056074767,107,0,102,5,0,0.0,2.3955749600064187,2.3727645210255526,6.6163145911284715,1.885559642241137,0.9789558894768605,1.784202830221038,5.5514018691588785,2.8554537426680326,0.4289842589673043,0.0008709655211427001,0.0842286476462756,0.0,0.0008709655211427001,0.007945626783949677,0,0,1,4,0,1.0,0.2897196261682243,0.37071876636096895,0.1668935891275138,0.9200143460362404,0.5475524892026089,0.0,0.3137665967854647,0.03889851648733835
1175,106,99.06542056074767,107,0,102,5,0,0.0,2.4064145972445874,2.3841516429165757,6.909798863084327,1.8861810367213585,0.9616875412264866,1.7641210351960515,5.5514018691588785,2.8554537426680326,0.4300654589575672,0.0015040005935447248,0.08295417647927264,0.0,0.0015040005935447248,0.004759048882605388,0,0,0,5,0,1.0,0.3177570093457944,0.37626981474664783,0.1591080717610756,0.9175499439660959,0.5509167248703514,0.0,0.3137665967854647,0.03896158648950031
1176,106,99.06542056074767,107,0,103,4,0,0.0,2.4251483135215115,2.40198948441315,7.649969180089714,1.8871921686197377,0.9649471697190134,1.7752828447060633,5.5514018691588785,2.8554537426680326,0.4317552922406782,0.0019433670620192588,0.08074196625567694,0.0,0.0019433670620192588,0.0015588938686447729,0,0,0,4,0,1.0,0.308411214953271,0.387498524865921,0.1414328015007581,0.9343814397413077,0.5582117000217856,0.0,0.27638015373864433,0.03906969127270271
1177,106,99.06542056074767,107,0,102,5,0,0.0,2.4276570963698174,2.404325222117256,7.991888438729802,1.8882277848422344,0.9725987793977532,1.762953130929274,5.5514018691588785,2.8554537426680326,0.4325221901550902,0.0085610011282049,0.0900465993779209,0.0,0.0085610011282049,0.004026157766357863,0,0,0,5,0,1.0,0.2897196261682243,0.3923990316568948,0.12824029762417638,0.9253298617820618,0.564130986285196,0.0,0.3137665967854647,0.03909702095803672
1178,107,100.0,107,0,101,6,0,0.0,2.426042850094807,2.4023930616552462,8.593951101367617,1.8891896919639646,0.9787870166218596,1.7705878519134872,5.5514018691588785,2.8554537426680326,0.4343848313908487,0.01012979622207858,0.09050737554771772,0.0,0.01012979622207858,-0.002120623808792743,0,0,1,5,0,1.0,0.3364485981308411,0.4036780765519876,0.11706858396520396,0.9253298617820618,0.5638514722789653,0.0,0.3137665967854647,0.03910268313311589
1179,107,100.0,107,0,102,5,0,0.0,2.421898690192556,2.3983173239487217,8.488319281089037,1.8900310276288805,0.9742207793225492,1.7567552946140814,5.5514018691588785,2.8554537426680326,0.43664454378302,0.008358203230300726,0.09992538647693854,0.0,0.008358203230300726,-0.0035916094070814085,0,0,1,4,0,1.0,0.34579439252336447,0.40456578084636663,0.12004086183522819,0.9211678321522598,0.5679672750308413,0.0,0.3137665967854647,0.039093974308970755
1180,107,100.0,107,0,102,5,0,0.0,2.4062135607606487,2.3840199721196793,7.588412960688351,1.8905217359287407,0.9809897881554913,1.7408862124152558,5.5514018691588785,2.8554537426680326,0.4318940810578846,0.0064808331986707865,0.09602934216594826,0.0,0.0064808331986707865,-0.0058148670885624035,0,0,1,4,0,1.0,0.3364485981308411,0.3869614089027105,0.13166484924463845,0.9133622717359743,0.5662123063723632,0.0,0.3137665967854647,0.03902255463606819
1181,107,100.0,107,0,103,4,0,0.0,2.4047129834924132,2.381906756829852,7.521913800808496,1.8909501587720194,0.9872836979949214,1.7741371849931105,5.5514018691588785,2.8554537426680326,0.4321733722964276,0.004226756951502967,0.08418804365777446,0.0,0.004226756951502967,-0.00279900747371456,0,0,0,4,0,1.0,0.3177570093457944,0.3855130864186325,0.13191893513450625,0.9103439556306897,0.5621142745026751,0.0,0.3137665967854647,0.03902116845778344
1182,107,100.0,107,0,103,4,0,0.0,2.3859231830488605,2.362735613262713,7.1237065213829,1.8909284096899852,0.9978365413150231,1.7439590728394885,5.5514018691588785,2.8554537426680326,0.4275786574542988,0.00651829358816631,0.10119456142260384,0.0,0.00651829358816631,-0.004477098546348007,0,0,0,4,0,1.0,0.3177570093457944,0.37603383435793547,0.1315751195410242,0.9200881221411723,0.5600582064829338,0.0,0.3137665967854647,0.0389269089380772
1183,107,100.0,107,0,102,5,0,0.0,2.3925986127980408,2.3697686883798053,6.742174881969411,1.8910679426082524,1.008390337634584,1.7369447367667437,5.5514018691588785,2.8554537426680326,0.427100614141817,0.01249215400672152,0.09978425352246882,0.0,0.01249215400672152,-0.003996101542291908,0,0,0,5,0,1.0,0.35514018691588783,0.3683078914984775,0.14445145258595488,0.9217785940372445,0.5608619047753137,0.0,0.3137665967854647,0.038962278235791556
1184,106,99.06542056074767,107,1,102,4,0,0.009345794392523364,2.411676338222174,2.3936033351288457,7.478932463373277,1.8916323691162653,0.9783450322064087,1.7050402767919735,5.5514018691588785,2.8554537426680326,0.4296333324363095,0.12493030984944949,0.08821038426857872,0.0,0.12493030984944949,0.0021723220465983185,0,1,1,3,0,0.6,0.35514018691588783,0.380225705591563,0.12948103399148284,0.9219436951245445,0.5637981177964463,0.009345794392523364,0.3137665967854647,0.03906572533183606
1185,106,99.06542056074767,107,0,103,4,0,0.0,2.400471875680033,2.382965102127327,6.495168169578103,1.8920532547909497,0.9890732346348116,1.7071092767920717,5.5514018691588785,2.8554537426680326,0.42496271486804327,0.03934370528367844,0.08932543380862464,0.0,0.03934370528367844,-0.014185838699929065,0,0,0,4,0,0.75,0.32710280373831774,0.3604637800761967,0.15446535905170572,0.9254487718226241,0.5587641301124272,0.0,0.3137665967854647,0.03901571211700042
1186,105,98.13084112149532,107,1,101,5,0,0.009345794392523364,2.426441856421191,2.407508425561305,7.2255931708529895,1.8930443107349648,0.9843615044439651,1.6780025673718777,5.5514018691588785,2.8554537426680326,0.43186269334719696,0.17154997386069568,0.09055202319407195,0.16666666666666666,0.006675623988681905,0.007945272142474,0,1,0,5,0,1.0,0.3364485981308411,0.37670964336245677,0.13835664670984102,0.9146600597608993,0.5734778424222144,0.009345794392523364,0.3137665967854647,0.039159711592728866
1187,105,98.13084112149532,107,0,102,5,0,0.0,2.4184201594886434,2.3994221105312916,6.513154244901558,1.893800816879775,1.0136462919503302,1.6956923872086693,5.5514018691588785,2.8554537426680326,0.4274901987227253,0.01358693162536552,0.08530827670364208,0.0,0.01358693162536552,0.0031742064024297576,0,0,0,5,0,1.0,0.3364485981308411,0.3604467748711703,0.15083130491378108,0.9241997518873171,0.5621179501811847,0.0,0.27638015373864433,0.039130403949578875
1188,105,98.13084112149532,107,0,104,3,0,0.0,2.420677778372614,2.4014427201040625,6.650568461551303,1.8945818793988964,1.0068647221347864,1.7139152936391884,5.5514018691588785,2.8554537426680326,0.4247223475071509,0.02290077836465178,0.10485004103670388,0.0,0.02290077836465178,0.003979924656996851,0,0,1,2,0,1.0,0.35514018691588783,0.36080855089048086,0.14740779738395143,0.9295479634924295,0.5578397205944935,0.0,0.27638015373864433,0.03915284348346614
1189,106,99.06542056074767,107,0,101,6,0,0.0,2.398001143247455,2.3787015696225735,6.269098946430118,1.8948211486130428,1.0293701589487643,1.7264535331037822,5.5514018691588785,2.8554537426680326,0.4215639002763514,0.0007500498858113155,0.08174128078839628,0.0,0.0007500498858113155,-0.005032309267705759,0,0,0,6,0,1.0,0.34579439252336447,0.35262541767770933,0.15408592217315498,0.9231446940224045,0.5500543932642554,0.0,0.27638015373864433,0.03904287641870555
1190,106,99.06542056074767,107,0,101,6,0,0.0,2.413897393576498,2.3940353362680886,6.197818999351677,1.8954038644963165,1.0095297435628363,1.7296709707188531,5.5514018691588785,2.8554537426680326,0.4238510994052962,0.005746617531589635,0.08061109921078059,0.0,0.005746617531589635,0.003476507818105249,0,0,1,5,0,1.0,0.3364485981308411,0.3528968755175898,0.15897175204854597,0.9261996796406065,0.5509668758449203,0.0,0.27638015373864433,0.039130677261599786
1191,107,100.0,107,0,100,7,0,0.0,2.417134008091041,2.396904066038503,6.370438038249568,1.8960354733983684,0.9994055591934585,1.7343936904131922,5.5514018691588785,2.8554537426680326,0.4264875119847997,0.004367316134319799,0.0882686874088553,0.0,0.004367316134319799,0.004623810520554209,0,0,0,7,0,1.0,0.32710280373831774,0.35810407757486845,0.15084358745213194,0.941800671184563,0.5594877281399269,0.0,0.27638015373864433,0.03915587798418883
1192,106,99.06542056074767,107,1,100,6,0,0.009345794392523364,2.449074207076781,2.4230233938458086,7.08427457131761,1.8973654208257231,1.00324374524513,1.710202821466491,5.5514018691588785,2.8554537426680326,0.42899245325783597,0.06841847517416808,0.0886813482610278,0.0,0.06841847517416808,0.0078064277641397084,0,1,0,6,0,0.8571428571428571,0.308411214953271,0.368338834594325,0.14206594037260578,0.9605682357172927,0.5569477245496102,0.009345794392523364,0.22012578616352202,0.03933456699591249
1193,106,99.06542056074767,107,0,100,7,0,0.0,2.475543846827534,2.448621721277345,7.113284552239723,1.8991224373718627,0.9899191072471212,1.6886184077606545,5.5514018691588785,2.8554537426680326,0.43005406083286,0.0016897630367980726,0.07642319061055285,0.0,0.0016897630367980726,-0.0031626526093731433,0,0,0,7,0,1.0,0.3177570093457944,0.36735474389758693,0.1465583225474534,0.9444817490381534,0.5634932287402646,0.0,0.25751222921034245,0.03949200059202928
1194,106,99.06542056074767,107,0,102,5,0,0.0,2.461067515854705,2.4339371053927317,6.745030524647333,1.9004938331921777,1.0279461783867738,1.701055914125158,5.5514018691588785,2.8554537426680326,0.42515281537478367,0.004166202179408761,0.0820687181228151,0.0,0.004166202179408761,-0.010201189595222005,0,0,0,5,0,1.0,0.3177570093457944,0.3579691334656865,0.15662723342859997,0.9472928162329739,0.5555572837779459,0.0,0.23340321453528998,0.03943919872380412
1195,106,99.06542056074767,107,0,100,7,0,0.0,2.46072004396084,2.4340870580372838,6.717702329550873,1.9018294949019359,1.0202402081356245,1.7244350990704933,5.5514018691588785,2.8554537426680326,0.42461549597133397,0.046797887525366275,0.08141739601871158,0.0,0.046797887525366275,-0.00244085098850712,0,0,0,7,0,0.8571428571428571,0.3177570093457944,0.35714482632540334,0.15923884779556452,0.9616690206258234,0.5551952465727302,0.0,0.220125786163522,0.039456530965475134
1196,106,99.06542056074767,107,0,101,6,0,0.0,2.414214430140777,2.388831872989247,5.297044159773468,1.9020932247092484,1.076216897344826,1.804654243999186,5.5514018691588785,2.8554537426680326,0.41082776910825625,0.03772218848268063,0.08682437810292465,0.0,0.03772218848268063,-0.009698239352181356,0,0,1,5,0,0.8333333333333334,0.29906542056074764,0.3225317379115309,0.1877400616651988,0.951724911000895,0.5398097279615159,0.0,0.25751222921034245,0.039227768237701535
1197,107,100.0,107,0,100,7,0,0.0,2.4081733015483264,2.382383217353048,4.997893516492347,1.9022021131309352,1.061401140599261,1.809626210671818,5.5514018691588785,2.8554537426680326,0.408871342878097,0.024586002225128595,0.07400426953783774,0.0,0.024586002225128595,-0.0008511176978790923,0,0,0,7,0,0.8571428571428571,0.29906542056074764,0.3149774938689379,0.19793610690134011,0.9501272207188649,0.5341121806407827,0.0,0.2707896575821104,0.03919911722399548
1198,106,99.06542056074767,107,1,101,5,0,0.009345794392523364,2.418674944633154,2.400950529134678,4.989694971525431,1.9025397309572651,1.0898354996283761,1.8456692513290622,5.5514018691588785,2.8554537426680326,0.40866566047576414,0.027409909521227283,0.07693959925584896,0.0,0.027409909521227283,-0.006427293684287312,1,0,0,5,0,0.8333333333333334,0.29906542056074764,0.3132281340575343,0.20189476989911515,0.9453611658767611,0.5314380871957977,0.009345794392523364,0.2707896575821104,0.03925644569984854
1199,106,99.06542056074767,107,0,103,4,0,0.0,2.4121164234858847,2.394762962847023,4.632634228850426,1.9029186679244139,1.117202812799089,1.8715524948744306,5.5514018691588785,2.8554537426680326,0.4011367554117282,0.009013747728677317,0.09400666352278238,0.0,0.009013747728677317,-0.012888885447626675,0,0,1,3,0,1.0,0.2803738317757009,0.29947663766762705,0.2150774678337593,0.9437571446905462,0.5185468421272178,0.0,0.2707896575821104,0.039229063279017595
1200,106,99.06542056074767,107,0,102,5,0,0.0,2.426604151424755,2.4097606286371054,4.576288920580611,1.9036293856490447,1.1012379124398324,1.8510728381655002,5.5514018691588785,2.8554537426680326,0.4034333698225374,0.04302508979839228,0.08698810305143247,0.0,0.04302508979839228,-0.013048398481826418,0,0,0,5,0,0.8,0.27102803738317754,0.2999783607461339,0.22756461871048597,0.9453611658767611,0.5177935411676982,0.0,0.2707896575821104,0.03931164902664584
1201,106,99.06542056074767,107,0,102,5,0,0.0,2.443764503498345,2.426707012594356,4.987741586826988,1.9047069260817713,1.0906989437456953,1.8414254232266118,5.5514018691588785,2.8554537426680326,0.40798255064803635,0.051753604083253635,0.08409385328639404,0.0,0.051753604083253635,0.005167372186925756,0,0,0,5,0,0.8,0.27102803738317754,0.31138739226020357,0.21937679412631672,0.9374822940322862,0.5212825260136867,0.0,0.2707896575821104,0.039412835121321314
1202,105,98.13084112149532,107,1,103,3,0,0.009345794392523364,2.4369961371372217,2.435275452591459,4.9546365484707025,1.905605064638251,1.1159667537817037,1.8763453717172784,5.5514018691588785,2.8554537426680326,0.4062413546579806,0.12142584449921279,0.09866957640236113,0.0,0.12142584449921279,0.0074874295773011135,0,1,0,3,0,0.75,0.27102803738317754,0.3090779705601806,0.2256123141011836,0.9377579133474405,0.5147979192964938,0.009345794392523364,0.2707896575821104,0.03939181625502837
1203,105,98.13084112149532,107,1,101,4,1,0.009345794392523364,2.4401358250869465,2.4283846042364035,4.921574830421044,1.9068790103777764,1.152904835103682,1.8929115584065161,5.5514018691588785,2.8554537426680326,0.40319760997296905,0.3726148135610117,0.14354229806172422,0.3333333333333333,0.04323362880296167,0.01670887766231044,0,2,1,3,0,0.8333333333333334,0.2616822429906542,0.30585576962914607,0.22586357682571245,0.9413424089712807,0.5096125234676401,0.009345794392523364,0.2707896575821104,0.039425703160426415
1204,105,98.13084112149532,107,0,103,4,0,0.0,2.409678708047222,2.3983307798269293,4.709633538129653,1.9072155431190951,1.1756745113032174,1.9218306857147598,5.5514018691588785,2.8554537426680326,0.396588056098202,0.007087329577252175,0.087367017153646,0.0,0.007087329577252175,0.007188135319014882,0,0,0,4,0,1.0,0.27102803738317754,0.29718548442960424,0.22132504014435475,0.9455146713283711,0.5014729632197823,0.0,0.2707896575821104,0.039278222343606436
1205,105,98.13084112149532,107,0,104,3,0,0.0,2.383194061143239,2.3722686533476587,4.055815579559817,1.9069471127508797,1.1963411419788348,1.9644402113141626,5.5514018691588785,2.8554537426680326,0.3901960317750264,0.11039083613581975,0.07977635344822177,0.0,0.11039083613581975,0.02170520458159164,0,0,0,3,0,0.6666666666666666,0.2523364485981308,0.28108324067488344,0.2460400890039865,0.9489050073816869,0.4941028179845751,0.0,0.2707896575821104,0.039141966656588686
1206,104,97.19626168224299,107,1,104,2,0,0.009345794392523364,2.36836084820894,2.3498116508110654,3.849423335130087,1.9063498313200877,1.219887602634993,1.9939579723374805,5.5514018691588785,2.8554537426680326,0.388803624795093,0.10873639954604096,0.08882891954284382,0.0,0.10873639954604096,0.020546658039784654,0,1,0,2,0,0.6666666666666666,0.2616822429906542,0.2771688613325728,0.25236061570346624,0.9568436430885261,0.4764750906302971,0.009345794392523364,0.23340321453528998,0.03905927304443229
1207,105,98.13084112149532,107,0,104,3,0,0.0,2.350355881836192,2.3323844594060525,3.434140920946559,1.9051950211849265,1.2130573365771016,2.019728631166603,5.5514018691588785,2.8554537426680326,0.385031579039365,6.794545085386271e-05,0.07234635980764147,0.0,6.794545085386271e-05,-0.00038283703237799543,0,0,1,2,0,1.0,0.27102803738317754,0.2659086633122218,0.2617176579630185,0.9501468855679375,0.47453293947432973,0.0,0.23340321453528998,0.03895276067795596
1208,106,99.06542056074767,107,0,104,3,0,0.0,2.3376517876427454,2.3195807806749853,3.679840545696005,1.9037807036201704,1.2114434719440152,2.014598345001613,5.5514018691588785,2.8554537426680326,0.3873734264149524,2.4029675618725475e-05,0.08888134997105235,0.0,2.4029675618725475e-05,-0.018618322126073283,0,0,1,2,0,1.0,0.2803738317757009,0.27396375114951743,0.2440109864124519,0.9560993487611229,0.4777557864812468,0.0,0.23340321453529,0.038869047615070706
1209,106,99.06542056074767,107,0,105,2,0,0.0,2.3367303750147363,2.3188151373009953,3.5898514616295487,1.9023892811653478,1.189302823060564,1.9915688042051853,5.5514018691588785,2.8554537426680326,0.387051693009844,0.002315070443463093,0.10690163724025559,0.0,0.002315070443463093,-0.015421535110534679,0,0,0,2,0,1.0,0.2897196261682243,0.27196226056491063,0.23716891621948316,0.9476293548637493,0.4833056636936882,0.0,0.2707896575821104,0.038844574839649385
1210,106,99.06542056074767,107,0,105,2,0,0.0,2.367095219491199,2.3492995812932977,4.0121023586008695,1.9017339654926153,1.169061089049498,1.9415662936341131,5.5514018691588785,2.8554537426680326,0.3918021956655813,0.006835735940566182,0.11271435846797537,0.0,0.006835735940566182,-0.014966149297702347,0,0,0,2,0,1.0,0.2897196261682243,0.282686989631719,0.22071688746977797,0.939473449388345,0.4932685796209466,0.0,0.3081761006289308,0.038987042944080036
1211,107,100.0,107,0,105,2,0,0.0,2.3754981506935215,2.3582766644037765,4.04242775642917,1.9013024312203153,1.184492678565128,1.9187008465516457,5.5514018691588785,2.8554537426680326,0.3931005286338345,0.0005229056186498164,0.1045722605567492,0.0,0.0005229056186498164,-0.014257663933799347,0,0,0,2,0,1.0,0.2897196261682243,0.28364705717005806,0.22574026181931628,0.9535747831746024,0.49505207220945646,0.0,0.23340321453529,0.03902289646932701
1212,107,100.0,107,0,105,2,0,0.0,2.353770932287498,2.3371697164207506,3.9142148742331946,1.9004010599006285,1.1896780630973018,1.9632270692666278,5.5514018691588785,2.8554537426680326,0.3891686811474333,0.0007939233452685093,0.10175648797094515,0.0,0.0007939233452685093,-0.01373552438129988,0,0,0,2,0,1.0,0.2897196261682243,0.2781492593866389,0.21871548446873662,0.9531359813227893,0.4917739726532446,0.0,0.2707896575821104,0.038901391256755215
1213,107,100.0,107,0,105,2,0,0.0,2.37289703003708,2.3564642525872617,3.8158647184942542,1.8999661840661026,1.1600964075187457,1.9308477473449779,5.5514018691588785,2.8554537426680326,0.3902950637401661,0.000849037139549431,0.09954469349154293,0.0,0.000849037139549431,-0.007505575024485567,0,0,0,2,0,1.0,0.2803738317757009,0.2756795566374884,0.22972328413610438,0.9366021248585089,0.4938178851287744,0.0,0.3081761006289308,0.03899081290635667
1214,107,100.0,107,0,103,4,0,0.0,2.404695947083039,2.3882970591550663,4.1352479046103445,1.9002709027630993,1.134655293929769,1.8883924114703199,5.5514018691588785,2.8554537426680326,0.3949122696957541,8.5730548723785e-05,0.07598249642661924,0.0,8.5730548723785e-05,-0.011603711067753542,0,0,0,4,0,1.0,0.27102803738317754,0.28411483616401045,0.22409097560365687,0.9531492677327263,0.4972454778683415,0.0,0.2707896575821104,0.03915415804230546
1215,107,100.0,107,0,104,3,0,0.0,2.408489952907081,2.3908140430065137,4.06709267465495,1.9006244174063287,1.148213243949002,1.8825069626039925,5.5514018691588785,2.8554537426680326,0.39248903417116754,0.000271436258210235,0.09291946112913337,0.0,0.000271436258210235,-0.005718902361348199,0,0,2,1,0,1.0,0.2803738317757009,0.28013763352289,0.22813473881784116,0.9332218185392953,0.4915848762876824,0.0,0.3081761006289308,0.03917817529498116
1216,107,100.0,107,0,103,4,0,0.0,2.4129061588547964,2.395006532865226,4.001561195687274,1.9010636092893125,1.1489677385282093,1.8963288626544308,5.5514018691588785,2.8554537426680326,0.39020761660629066,0.025462768719182377,0.08861835164579734,0.0,0.025462768719182377,0.002990278575089045,0,0,0,4,0,0.75,0.27102803738317754,0.2764969938077508,0.2304738914636674,0.939473449388345,0.4918020816333446,0.0,0.3081761006289308,0.039206526785249815
1217,107,100.0,107,0,104,3,0,0.0,2.4189453377823487,2.4014169982312312,3.8143268579837057,1.901636698549809,1.1442899368765944,1.8969197572846284,5.5514018691588785,2.8554537426680326,0.3877946183572716,0.2559379299583694,0.11028115239886917,0.3333333333333333,0.0784971293687757,0.010267789995178708,0,0,0,3,0,0.6666666666666666,0.2616822429906542,0.270074294797198,0.2406385927988726,0.9332218185392953,0.48981766597578047,0.0,0.3081761006289308,0.03924490482925641
1218,106,99.06542056074767,107,1,103,3,0,0.009345794392523364,2.432213887780753,2.4090883839892543,4.017309032622692,1.9025014289945548,1.178516033388985,1.950875789778816,5.5514018691588785,2.8554537426680326,0.3898918042719457,0.16237495295788126,0.11345266904224635,0.25,0.0879142282158036,0.004478636818974452,0,1,0,3,0,0.75,0.2803738317757009,0.27494841089618205,0.23263735727367352,0.9250625064917651,0.49310485284995964,0.009345794392523364,0.2893081761006289,0.03932359356817267
1219,106,99.06542056074767,107,0,103,4,0,0.0,2.3946626106773627,2.371780473960313,3.7933719627176563,1.9023564561852722,1.1863671986127755,1.9575186660680262,5.5514018691588785,2.8554537426680326,0.38584906892510773,4.121194658343033e-05,0.09863404573605786,0.0,4.121194658343033e-05,-0.008373015656142208,0,0,0,4,0,1.0,0.2897196261682243,0.2684445829256978,0.23206176854454533,0.9431941913265717,0.4897372453882982,0.0,0.2519217330538085,0.03913376736690147
1220,106,99.06542056074767,107,0,104,3,0,0.0,2.4136383751319532,2.391176020686451,4.2267856315546375,1.9026586876994207,1.1929861839297273,1.9441145658360877,5.5514018691588785,2.8554537426680326,0.3903217699359005,6.109854395819567e-05,0.10271359078906894,0.0,6.109854395819567e-05,-0.006762190513230089,0,0,1,2,0,1.0,0.2803738317757009,0.27965540573033015,0.2165902410839481,0.9471203054393389,0.4916094394789657,0.0,0.2519217330538085,0.03923296122971556
1221,106,99.06542056074767,107,0,104,3,0,0.0,2.4350694616081365,2.4125824485665124,4.171419926044,1.9034412896493442,1.1920008251915886,1.9619111268320581,5.5514018691588785,2.8554537426680326,0.3918172318567772,0.035158448901024854,0.10045945107095348,0.0,0.035158448901024854,-0.0018834003321001418,0,0,0,3,0,0.6666666666666666,0.29906542056074764,0.2786554082379752,0.2324270342388091,0.9295365532989459,0.4881086252160358,0.0,0.2519217330538085,0.03935129008043112
1222,105,98.13084112149532,107,1,105,1,0,0.009345794392523364,2.4678361697477156,2.440151888822706,4.424746349459146,1.9049437832379792,1.184225591032461,1.9593954502631181,5.5514018691588785,2.8554537426680326,0.3947065051611909,0.1025885339445671,0.09562645984257824,0.0,0.1025885339445671,0.012139623996538784,0,1,1,0,0,0.5,0.2897196261682243,0.28447583978310886,0.22438780855960536,0.9170061030268079,0.4914149453548013,0.009345794392523364,0.2707896575821104,0.03953657512583403
1223,106,99.06542056074767,107,0,105,2,0,0.0,2.476896267785636,2.448850780049145,4.7952474435326335,1.906489635684803,1.1710055561800174,1.959215813988639,5.5514018691588785,2.8554537426680326,0.39717941024318004,8.156543579769206e-05,0.10491753167334791,0.0,8.156543579769206e-05,-0.013239599777429834,0,0,0,2,0,1.0,0.2803738317757009,0.292602736614189,0.20968234455021037,0.9083102672013045,0.49399582449412355,0.0,0.2707896575821104,0.039603946166798104
1224,106,99.06542056074767,107,0,104,3,0,0.0,2.475197305522836,2.4475038594475733,4.6887677447927905,1.9079605784742952,1.2014601262154965,1.9844586179646608,5.5514018691588785,2.8554537426680326,0.3933302763660711,0.00014360715973084796,0.10030970932137391,0.0,0.00014360715973084796,-0.0031216993617989943,0,0,0,3,0,1.0,0.2803738317757009,0.2868357932371609,0.2072866450948021,0.9174703677432984,0.487562064346242,0.0,0.23899371069182387,0.039616452400951636
1225,106,99.06542056074767,107,0,104,3,0,0.0,2.463794972842752,2.435664769522088,4.721672401812923,1.909119071383753,1.200693373575591,2.008205190998656,5.5514018691588785,2.8554537426680326,0.3951434106515319,0.0005315690308327749,0.10310611245815478,0.0,0.0005315690308327749,0.0030286304086905393,0,0,1,2,0,1.0,0.2897196261682243,0.2897920720449837,0.2072153149961629,0.9239859515055979,0.488961296797003,0.0,0.2707896575821104,0.03957598085212204
1226,106,99.06542056074767,107,0,105,2,0,0.0,2.4441367620424006,2.416302218131013,4.611375515211755,1.90980217310537,1.1956618649275452,2.006937010570644,5.5514018691588785,2.8554537426680326,0.39475277816638243,2.218807970273863e-05,0.118400726379467,0.0,2.218807970273863e-05,-1.60344798316725e-05,0,0,0,2,0,1.0,0.2897196261682243,0.2887336338435192,0.20730667564343774,0.9095468672325312,0.49007280306376366,0.0,0.23899371069182387,0.03948744262495836
1227,107,100.0,107,0,104,3,0,0.0,2.453611748279065,2.424806477410611,4.440012392620673,1.91066003732522,1.1748914985135444,1.9917864679906214,5.5514018691588785,2.8554537426680326,0.3966985385666646,0.00017181505355947757,0.10865178749753739,0.0,0.00017181505355947757,0.004105574730661458,0,0,0,3,0,1.0,0.2897196261682243,0.2870973239710472,0.23105556821376988,0.9275872642032957,0.49083127931801035,0.0,0.23899371069182387,0.03954706551412804
1228,107,100.0,107,0,105,2,0,0.0,2.4497111732106545,2.421524721790448,3.904487607048002,1.911418438418152,1.16719260778439,1.9835548142982697,5.5514018691588785,2.8554537426680326,0.3941566398298504,0.028333339495194787,0.10667921028260849,0.0,0.028333339495194787,0.0037270460394790428,0,0,0,2,0,0.5,0.29906542056074764,0.2757278123452538,0.2660326270556446,0.9325724195476461,0.4825575153894679,0.0,0.2707896575821104,0.039538390534982266
1229,107,100.0,107,0,105,2,0,0.0,2.442616148176561,2.4147293706540647,3.585729005370895,1.9119999532320107,1.1780617943462395,1.9930109294177987,5.5514018691588785,2.8554537426680326,0.38993964539210624,0.03466653521529846,0.10750202068699692,0.0,0.03466653521529846,0.0034400376919058173,0,0,0,2,0,0.5,0.29906542056074764,0.26599117516611337,0.28477904533125586,0.93390617107224,0.47640543750814446,0.0,0.2707896575821104,0.039511217853070046
1230,107,100.0,107,0,105,2,0,0.0,2.4573466829447685,2.429503290266156,3.393835358061172,1.9129023531117548,1.1718470867344204,1.9794720926744058,5.5514018691588785,2.8554537426680326,0.38934497254023626,0.035058613040294014,0.10621805975202443,0.0,0.035058613040294014,0.0063887603689223305,0,0,1,1,0,0.5,0.2897196261682243,0.26086715509429004,0.30761931596315945,0.93390617107224,0.47677554834148167,0.0,0.2707896575821104,0.03959775433248108
1231,107,100.0,107,0,105,2,0,0.0,2.451699790019942,2.4239101103523897,3.484138668158389,1.9136512168482134,1.1681211708223256,1.9598057624967242,5.5514018691588785,2.8554537426680326,0.3914818979221748,0.03252532604150914,0.10618744429801188,0.0,0.03252532604150914,0.003031674535030837,0,0,0,2,0,0.5,0.2803738317757009,0.2648473166335272,0.2945398898661713,0.9371824281635495,0.4819866447906179,0.0,0.23899371069182387,0.03958021159665204
1232,107,100.0,107,0,106,1,0,0.0,2.4407317871172496,2.413394656722242,3.428311462958401,1.9141384859956891,1.18053324630238,1.9587184059861935,5.5514018691588785,2.8554537426680326,0.38775994035070105,2.7798409890492987e-05,0.11960824832230592,0.0,2.7798409890492987e-05,-0.0048883517734710225,0,0,0,1,0,1.0,0.29906542056074764,0.26086079535122364,0.2855746771395118,0.9505139648389216,0.4780663253836581,0.0,0.23340321453529,0.03953232845469281
1233,107,100.0,107,0,106,1,0,0.0,2.461802903961319,2.4347223787414998,3.746764569479196,1.9150990439873563,1.1532390562196213,1.9404258529607301,5.5514018691588785,2.8554537426680326,0.39540385998604344,4.122488538090968e-05,0.1158685969013786,0.0,4.122488538090968e-05,0.004396599132761025,0,0,1,0,0,1.0,0.308411214953271,0.2731314097064895,0.26421979690225417,0.9455498790673972,0.49318192358456875,0.0,0.2016072676450035,0.039651398183474934
1234,107,100.0,107,0,105,2,0,0.0,2.4454065516593375,2.4186651132524277,3.556047344334881,1.9156653674591972,1.1486688656314539,1.9134839962241825,5.5514018691588785,2.8554537426680326,0.39429210990860186,0.047756560689109606,0.11126977522604145,0.0,0.047756560689109606,0.007422142554830202,0,0,0,2,0,0.5,0.29906542056074764,0.26935216333348344,0.27717475458757534,0.9552092551642327,0.49202313191281016,0.0,0.2016072676450035,0.03957750197435117
1235,107,100.0,107,0,105,2,0,0.0,2.4315911463351743,2.404489784067752,3.512802424731193,1.915891703852075,1.1450903402174493,1.8999072308647498,5.5514018691588785,2.8554537426680326,0.3969592378870346,0.051682955213418036,0.10436272846873965,0.0,0.051682955213418036,0.0006985717336366326,0,0,0,2,0,0.5,0.29906542056074764,0.27218113860416027,0.2854640201398546,0.9552092551642327,0.4928936072172009,0.0,0.2016072676450035,0.03951165641323108
1236,107,100.0,107,0,104,3,0,0.0,2.4338667032249353,2.4067660315853585,3.493117676164184,1.9161635750698982,1.1106892054209583,1.8692536997535105,5.5514018691588785,2.8554537426680326,0.3981619689816065,0.05563895622135784,0.1009038840396967,0.0,0.05563895622135784,0.010717978000305939,0,0,0,3,0,0.6666666666666666,0.308411214953271,0.272992433554384,0.28517573633576154,0.9559155421462016,0.4975390243856648,0.0,0.2016072676450035,0.03952691577611217
1237,107,100.0,107,0,103,4,0,0.0,2.44704761400251,2.418944201446303,3.7470263712066605,1.9167058767365233,1.1047979790549447,1.810506111591367,5.5514018691588785,2.8554537426680326,0.40221918364046383,0.010982680193371746,0.08375190617115418,0.0,0.010982680193371746,0.00040183486161343707,0,0,1,3,0,1.0,0.3177570093457944,0.2818896403324305,0.28220929988291693,0.9326456987482674,0.49927692393600553,0.0,0.21558350803633822,0.03960056291661814
1238,107,100.0,107,0,103,4,0,0.0,2.452683576266321,2.4244993931314704,3.7900824031681757,1.9173595939730208,1.12790758900419,1.8443875389798288,5.5514018691588785,2.8554537426680326,0.40339376525491755,0.016003162728533856,0.08780694735220658,0.0,0.016003162728533856,0.007173126838353361,0,0,1,3,0,0.75,0.308411214953271,0.28423491405836904,0.28825655476250894,0.9465590059295501,0.49627014550851195,0.0,0.2016072676450035,0.03963807602458522
1239,107,100.0,107,0,105,2,0,0.0,2.4376308507355775,2.409380307476417,3.606774346670447,1.9176492698184673,1.1306992622910508,1.8341195322158237,5.5514018691588785,2.8554537426680326,0.4000354700670792,0.022276977798037792,0.10017138455602716,0.0,0.022276977798037792,-0.0033715964225718986,0,0,0,2,0,1.0,0.29906542056074764,0.2781480296021077,0.29218263374703635,0.9600820646872749,0.4930161220699954,0.0,0.16422082459818307,0.039566948176816705
1240,106,99.06542056074767,107,1,102,4,0,0.009345794392523364,2.4710576024592963,2.4498515494750306,3.994532056345338,1.9186797099013095,1.101267186540882,1.7683048545429625,5.5514018691588785,2.8554537426680326,0.4067032984420069,0.021701727659841193,0.08658777253278312,0.0,0.021701727659841193,0.015302348368496888,0,1,0,4,0,0.8,0.308411214953271,0.28998618199921333,0.27782113999001207,0.9528257385317465,0.5066001590721297,0.009345794392523364,0.1781970649895178,0.03974879380539103
1241,106,99.06542056074767,107,0,104,3,0,0.0,2.458884189598483,2.4380434302970477,3.754840114895284,1.919586460217752,1.1168856907397973,1.8136066824316863,5.5514018691588785,2.8554537426680326,0.40296181690763744,0.007132189304101603,0.10283485205686878,0.0,0.007132189304101603,0.022409464127240764,0,0,0,3,0,1.0,0.3177570093457944,0.28254477266984884,0.29834414030218104,0.9610525429646852,0.4955473550214063,0.0,0.16422082459818307,0.03970087265901072
1242,106,99.06542056074767,107,0,106,1,0,0.0,2.4566314761628982,2.4351904446503623,3.616518177404159,1.9204021461500056,1.1376524094167144,1.8251405773469702,5.5514018691588785,2.8554537426680326,0.40299536332943964,0.00010549799053006714,0.11708711524189279,0.0,0.00010549799053006714,0.01796914998075727,0,0,0,1,0,1.0,0.2803738317757009,0.2804155823436668,0.31000205619877474,0.9636123730088609,0.49322911985811585,0.0,0.1268343815513627,0.03970125485907327
1243,106,99.06542056074767,107,0,105,2,0,0.0,2.502806139714612,2.4814256425410837,3.841655251856332,1.9222507202986592,1.1051058792782702,1.7970160553770658,5.5514018691588785,2.8554537426680326,0.4063393054282691,7.734299537562751e-05,0.08307986274347239,0.0,7.734299537562751e-05,0.01905837039484931,0,0,2,0,0,1.0,0.2803738317757009,0.2854144304907659,0.30668835649074794,0.9671052771307869,0.4992421912401472,0.0,0.16422082459818307,0.039958520766688696
1244,106,99.06542056074767,107,0,105,2,0,0.0,2.4973779071409172,2.4763632494209014,3.650832908064872,1.9239308658325434,1.1011293888391231,1.7919844153457147,5.5514018691588785,2.8554537426680326,0.40578555575885145,0.037685168328189064,0.11212586251020482,0.0,0.037685168328189064,0.024815145972693076,0,0,0,2,0,0.5,0.2897196261682243,0.2809894301352407,0.3195769234075866,0.9642708626655798,0.4987973861768186,0.0,0.2016072676450035,0.03995536749308501
1245,107,100.0,107,0,105,2,0,0.0,2.4883359209500076,2.4683025801778133,3.534214703690573,1.9253789006426298,1.0937715737582485,1.7911170847442193,5.5514018691588785,2.8554537426680326,0.4048023134237009,0.027796067998441323,0.1132236352028752,0.0,0.027796067998441323,0.015790977357896918,0,0,0,2,0,0.5,0.3177570093457944,0.27779777398068917,0.32149786221435256,0.9644449322525895,0.4982487170023286,0.0,0.1960167714884696,0.039930831544220335
1246,107,100.0,107,0,104,3,0,0.0,2.4973580105059474,2.476564192892968,3.472152999426817,1.9269743127121202,1.0920948048894756,1.790061891800693,5.5514018691588785,2.8554537426680326,0.40302249818745994,0.012017253175818192,0.10374777582502463,0.0,0.012017253175818192,0.010196244186632045,0,0,0,3,0,1.0,0.3177570093457944,0.2740641273065371,0.32666294433198007,0.9650534698956359,0.49633372015359883,0.0,0.1960167714884696,0.03999872011882465
1247,107,100.0,107,0,104,3,0,0.0,2.486707404516691,2.4667430716051864,3.370120023099744,1.9282998184676539,1.1105713269005402,1.8045550668942463,5.5514018691588785,2.8554537426680326,0.3985166432167613,0.014474447026610299,0.10260333760120026,0.0,0.014474447026610299,0.011101340786083455,0,0,0,3,0,1.0,0.29906542056074764,0.26825129136085224,0.3277775788474146,0.9727653199630899,0.49032061975653135,0.0,0.1586303284416492,0.03996439169073121
1248,107,100.0,107,0,103,4,0,0.0,2.494324079332291,2.4747057048436085,3.5557758384595908,1.9297693704665393,1.1387969864013143,1.840718557664789,5.5514018691588785,2.8554537426680326,0.40212199956485994,0.019150135391253438,0.10844716573204156,0.0,0.019150135391253438,-0.011057494772688137,0,0,1,3,0,1.0,0.29906542056074764,0.27533749844168154,0.3223982134868197,0.9682173554238747,0.49040232149331103,0.0,0.16422082459818307,0.040023456253585526
1249,107,100.0,107,0,103,4,0,0.0,2.5368260386448798,2.5162439561089225,4.135773379744874,1.9321458445281876,1.1117013879896276,1.8236349413280257,5.5514018691588785,2.8554537426680326,0.4097508820531064,0.008994463424173569,0.09203805618214347,0.0,0.008994463424173569,0.01035780638158984,0,0,0,4,0,1.0,0.308411214953271,0.2911418025921023,0.2989727598814437,0.9563924479204549,0.501819110832226,0.0,0.2016072676450035,0.0402698956089169
1250,107,100.0,107,0,102,5,0,0.0,2.531195361581627,2.511166642008893,4.052683387334795,1.9343384751879018,1.1015200625287056,1.8134056804214227,5.5514018691588785,2.8554537426680326,0.4093908651056173,0.022566059945773473,0.09715926648598677,0.0,0.022566059945773473,-0.004176722808135014,0,0,0,5,0,0.8,0.29906542056074764,0.2897683541009287,0.2977840113819973,0.953526888707334,0.5039572254519356,0.0,0.23340321453529,0.04027304700071849
1251,107,100.0,107,0,103,4,0,0.0,2.5480184182387986,2.5272110040791596,4.5387749055967435,1.9368350077631584,1.0932380127147094,1.8137358859282713,5.5514018691588785,2.8554537426680326,0.4140123265408877,0.010673707389705342,0.08988777016182818,0.0,0.010673707389705342,0.010535845006236194,0,0,0,4,0,1.0,0.3177570093457944,0.3019842248960799,0.26777455579768245,0.9580572237618337,0.5150725439815033,0.0,0.2016072676450035,0.04039280595043289
1252,107,100.0,107,0,102,5,0,0.0,2.567238234636967,2.5458724651537503,4.861040144269012,1.939686548516511,1.0837114832231147,1.7960639018163638,5.5514018691588785,2.8554537426680326,0.4160557857472209,0.017145197228811398,0.08571015812388696,0.0,0.017145197228811398,0.012426843876846205,0,0,0,5,0,0.8,0.308411214953271,0.3085694364971339,0.2573785106911876,0.9471886020104934,0.5209131134320468,0.0,0.23899371069182387,0.040529617246006386
1253,106,99.06542056074767,107,1,102,4,0,0.009345794392523364,2.559596440409256,2.5526097394391307,4.775248962699919,1.9422768701312685,1.1241086683092856,1.8396065797379404,5.5514018691588785,2.8554537426680326,0.4172612059537615,0.04722081103999391,0.0946065979342249,0.0,0.04722081103999391,-0.01061800467532632,0,1,1,3,0,0.4,0.2897196261682243,0.30841409173413514,0.2718522943555177,0.9544650544551412,0.5135918285680392,0.009345794392523364,0.23899371069182387,0.040528390992615695
1254,105,98.13084112149532,107,1,102,4,0,0.009345794392523364,2.582930850010414,2.5651014902042175,4.814569933599055,1.945665858521299,1.192642577940632,1.9177055407709522,5.5514018691588785,2.8554537426680326,0.41237648869133814,0.2582426561494744,0.12770015766488158,0.2,0.058247650884677524,0.0004774996342135962,0,1,0,4,0,0.8,0.2803738317757009,0.30445487675764743,0.29794865290929917,0.9498656912953475,0.5040310826268535,0.009345794392523364,0.23899371069182387,0.04069344853853234
1255,105,98.13084112149532,107,0,103,4,0,0.0,2.580601093458461,2.5621756118888346,4.759225366630838,1.9486376614670642,1.1916194578592765,1.9134411792564783,5.5514018691588785,2.8554537426680326,0.41082230133622,0.02358088359164169,0.10749307066721359,0.0,0.02358088359164169,-0.021966191909203042,0,0,1,3,0,0.75,0.27102803738317754,0.30184885954132473,0.3038513466820901,0.9498656912953475,0.50302237832296,0.0,0.23899371069182387,0.04072422898499237
1256,105,98.13084112149532,107,0,105,2,0,0.0,2.575839679099821,2.5579104963441246,5.105851168657335,1.9514271752332297,1.1911297719196654,1.9190004614170004,5.5514018691588785,2.8554537426680326,0.41314847616240935,0.0510613344769949,0.12324195408592503,0.0,0.0510613344769949,-0.019598624326988556,0,0,0,2,0,0.5,0.27102803738317754,0.309991084230926,0.2870473363000526,0.9566527866583344,0.5041033605258333,0.0,0.16422082459818307,0.04074024855081827
1257,105,98.13084112149532,107,0,106,1,0,0.0,2.624923660884223,2.6071867599582466,5.66160507073182,1.95526268445505,1.1483288676836156,1.8943521273394945,5.5514018691588785,2.8554537426680326,0.4189417890153566,0.12039253094875597,0.12470126134145076,0.0,0.12039253094875597,-0.04324269664639546,0,0,0,1,0,0.0,0.308411214953271,0.32194865305573506,0.2809032026808453,0.9679012126360282,0.5086014138571033,0.0,0.16422082459818307,0.041040429055552705
1258,106,99.06542056074767,107,0,105,2,0,0.0,2.6244391088134433,2.6058689607502155,5.815373228998809,1.9589585691678,1.1365776804054517,1.8913017345655878,5.5514018691588785,2.8554537426680326,0.41805890956590996,0.020218404655886424,0.11657239474116142,0.0,0.020218404655886424,-0.06805681914762285,0,0,1,1,0,1.0,0.2803738317757009,0.3236247150383068,0.2718595664468471,0.9645608634070325,0.51005438981693,0.0,0.16422082459818307,0.04109077343437626
1259,107,100.0,107,0,105,2,0,0.0,2.607311288839776,2.589441286917846,5.614205417677715,1.9621736519003714,1.1514307962387726,1.902478926430157,5.5514018691588785,2.8554537426680326,0.41657429723113815,0.028340666060239945,0.11805854063411649,0.0,0.028340666060239945,-0.0649899274921224,0,0,0,2,0,0.5,0.2803738317757009,0.3203138287319414,0.28344910595900963,0.9623714639566936,0.5065523198474606,0.0,0.2016072676450035,0.04105103693461647
1260,106,99.06542056074767,107,1,105,1,0,0.009345794392523364,2.611290563767099,2.589943650282971,5.237531999755551,1.965383947768828,1.125825584089268,1.871372566743866,5.5514018691588785,2.8554537426680326,0.4129294936852623,0.030956308942209222,0.1159411642880223,0.0,0.030956308942209222,-0.049069097232184,0,1,0,1,0,0.5,0.3177570093457944,0.31093234710615486,0.31292785065208834,0.9630213095333582,0.4928456348720594,0.009345794392523364,0.2016072676450035,0.04111676756601636
1261,106,99.06542056074767,107,0,102,5,0,0.0,2.6453966604006167,2.623629367454948,5.909542938183779,1.96919653664785,1.1026189499665653,1.830312575316343,5.5514018691588785,2.8554537426680326,0.4185731473671259,0.024724446471140214,0.09156800914028825,0.0,0.024724446471140214,-0.007567548360595322,0,0,1,4,0,0.8,0.308411214953271,0.32467481731546144,0.29497861346562676,0.9594086599256128,0.5013910550714931,0.0,0.2016072676450035,0.04134173140510324
1262,106,99.06542056074767,107,0,101,6,0,0.0,2.6394221905816817,2.6171963205639344,6.038429473055115,1.9727533046724604,1.113773848694568,1.8371018300817177,5.5514018691588785,2.8554537426680326,0.4177296664119865,0.04946714195420134,0.09097837174133616,0.0,0.04946714195420134,0.010057112719278413,0,0,0,6,0,0.6666666666666666,0.29906542056074764,0.32607620315324,0.2819630225786298,0.9554884005835347,0.5010111463490813,0.0,0.2016072676450035,0.04136263998884694
1263,105,98.13084112149532,107,1,103,3,0,0.009345794392523364,2.627207158426672,2.609388910587794,5.818030016964847,1.975935787596549,1.1365534827925285,1.8780700994782946,5.5514018691588785,2.8554537426680326,0.41433316973366563,0.07915124774765547,0.10660168346353656,0.0,0.07915124774765547,-0.007360834088777551,0,1,0,3,0,0.5,0.29906542056074764,0.31949562753773914,0.28097967182833844,0.9464497298377608,0.4982398480523041,0.009345794392523364,0.17714884696016772,0.04134700199195473
1264,104,97.19626168224299,107,1,103,3,0,0.009345794392523364,2.635258267134118,2.614585716949877,5.903538680985307,1.9793066786317537,1.1451410631396697,1.873732843046743,5.5514018691588785,2.8554537426680326,0.41384951499981293,0.10470438546505528,0.09987292929173067,0.0,0.10470438546505528,0.011478878221616695,0,1,0,3,0,0.5,0.27102803738317754,0.3202160306305028,0.2828035174694754,0.9604080733071938,0.4982339673338404,0.009345794392523364,0.16422082459818307,0.04143538465260496
1265,105,98.13084112149532,107,0,103,4,0,0.0,2.6109481640193803,2.590787155807211,5.375598650695961,1.981971475041933,1.1656859111618867,1.9103681850236804,5.5514018691588785,2.8554537426680326,0.4078810930004997,0.07782628190409324,0.1130365589238378,0.0,0.07782628190409324,0.011897954406128897,0,0,1,3,0,0.5,0.27102803738317754,0.3071902631303691,0.2919074002354219,0.9543492019885427,0.49226887536620006,0.0,0.1781970649895178,0.04135188015144575
1266,104,97.19626168224299,107,1,103,3,0,0.009345794392523364,2.6135916063885167,2.5812108826267446,5.3069255827942765,1.984612084200945,1.1806753382626816,1.9253716302095785,5.5514018691588785,2.8554537426680326,0.40724610067490263,0.17194970400996973,0.1324483519670664,0.25,0.156872995141396,-0.008204940746167566,1,0,0,3,0,0.5,0.27102803738317754,0.30603667076269986,0.28654878283028434,0.9561539787901229,0.49971004480072173,0.009345794392523364,0.19706498951781967,0.04140279804982155
1267,104,97.19626168224299,107,0,106,1,0,0.0,2.6216338846342495,2.5890025176247224,5.359703803684168,1.9870846195950147,1.1751568093900984,1.922614077786062,5.5514018691588785,2.8554537426680326,0.4066005620494717,0.000279038767171024,0.09340705132338072,0.0,0.000279038767171024,0.020487369687679946,0,0,0,1,0,1.0,0.27102803738317754,0.3058410863278214,0.290199580528482,0.9531534420269152,0.5011805333419957,0.0,0.19706498951781967,0.04147831049327459
1268,105,98.13084112149532,107,0,106,1,0,0.0,2.615064776089417,2.5824917314149434,5.403045384792008,1.9893378228938323,1.1786403303262587,1.915019574533066,5.5514018691588785,2.8554537426680326,0.4073784199719799,4.7076192186705137e-05,0.08346416284628472,0.0,4.7076192186705137e-05,0.01864025553483084,0,0,0,1,0,1.0,0.2616822429906542,0.30751344556608573,0.27720802986696347,0.9579162841056551,0.5045266219739802,0.0,0.19706498951781967,0.04147763453951343
1269,106,99.06542056074767,107,0,106,1,0,0.0,2.5854073437051643,2.554084327792943,4.886286750384682,1.990877758798789,1.1865552172060374,1.9227843653046264,5.5514018691588785,2.8554537426680326,0.40215329102362474,0.00010990113039837685,0.07883551181002463,0.0,0.00010990113039837685,0.02989903762534807,0,0,0,1,0,1.0,0.2803738317757009,0.29602679521121855,0.30006366921932176,0.9674200518915826,0.500323740964088,0.0,0.19706498951781967,0.04135133345630856
1270,106,99.06542056074767,107,0,107,0,0,0.0,2.5716728172565433,2.54063976847099,4.722556355952844,1.992066600008437,1.2118316604312709,1.9586870548011506,5.5514018691588785,2.8554537426680326,0.39802802779564783,0.0,0.0,0.0,0.0,0.0,0,0,0,0,0,0.0,0.2897196261682243,0.2901037275871818,0.3002502473945911,0.9613664372546575,0.4916819641327034,0.0,0.19706498951781967,0.04129963422947309
1271,107,100.0,107,0,106,1,0,0.0,2.5819914883888786,2.5505147835998865,4.679290960031399,1.9934470755985398,1.2012689487125159,1.9404839278405392,5.5514018691588785,2.8554537426680326,0.3959994077345983,7.76100008544768e-06,0.09492200497097597,0.0,7.76100008544768e-06,0.013030768136300885,0,0,0,1,0,1.0,0.2803738317757009,0.2871039361466748,0.30136040918491347,0.9573920293558211,0.48984466783077507,0.0,0.19706498951781967,0.04137093700608687
1272,107,100.0,107,0,105,2,0,0.0,2.5853933133937823,2.553658988867615,5.13357688103921,1.994859957408334,1.203593342683364,1.9419489056046955,5.5514018691588785,2.8554537426680326,0.39878471001403426,0.05387593111386142,0.07225079412656313,0.0,0.05387593111386142,0.017257562067132026,0,0,0,2,0,0.5,0.2616822429906542,0.2975681903482807,0.277780238884103,0.9515852148818686,0.49670893106687003,0.0,0.19706498951781967,0.041408118224370016
1273,107,100.0,107,0,107,0,0,0.0,2.576672295337781,2.545485387049913,5.1870722325628655,1.9960457802964,1.2265326625409572,1.9718466270944817,5.5514018691588785,2.8554537426680326,0.3948176313745613,0.0,0.0,0.0,0.0,0.0,0,0,0,0,0,0.0,0.2616822429906542,0.2948177129561161,0.26983891325349074,0.9563959526108975,0.49147875002102215,0.0,0.19706498951781967,0.041381443446109355
1274,107,100.0,107,0,105,2,0,0.0,2.5991745150167955,2.5672429625819997,6.019521313440653,1.9976947645643022,1.2149833494513855,1.9704236289406345,5.5514018691588785,2.8554537426680326,0.403214656707543,1.2019174607893597e-05,0.09395348276351739,0.0,1.2019174607893597e-05,0.0015066963089633845,0,0,0,2,0,1.0,0.2897196261682243,0.3144680440110971,0.25076896438401197,0.9502208311720615,0.49808757277356025,0.0,0.19706498951781967,0.041517497536001334
1275,107,100.0,107,0,105,2,0,0.0,2.602752241834602,2.570873558381004,6.107600130130908,1.99937959883611,1.1969948709562916,1.926525892685604,5.5514018691588785,2.8554537426680326,0.4016427414230819,0.00016792697320214722,0.09006048478455768,0.0,0.00016792697320214722,0.021422387016298172,0,0,0,2,0,1.0,0.2897196261682243,0.3141790385046365,0.2384646980663026,0.9684014352886765,0.5033572628471381,0.0,0.16422082459818307,0.04155944100172641
1276,107,100.0,107,0,103,4,0,0.0,2.602614338544356,2.5706492078442214,6.091899287294132,2.001011198464006,1.176914222369763,1.9351186912315124,5.5514018691588785,2.8554537426680326,0.40380107677348587,0.0004686371037810527,0.08047899639772867,0.0,0.0004686371037810527,0.0051939066704588255,0,0,1,3,0,1.0,0.27102803738317754,0.3150509862357929,0.2442536337237422,0.9649422630459834,0.5046998462760313,0.0,0.13976240391334732,0.041582046271595244
1277,107,100.0,107,0,103,4,0,0.0,2.607788500277409,2.575394355225756,5.9234843740832135,2.002704604910064,1.1735939936900701,1.9262198825893577,5.5514018691588785,2.8554537426680326,0.40493681556065764,0.028063011194236303,0.07505329658855421,0.0,0.028063011194236303,0.03400693037908556,0,0,0,4,0,0.75,0.27102803738317754,0.31419908847553335,0.2557473070088077,0.9671624062139851,0.5088278498437454,0.0,0.17714884696016772,0.041632094299131776
1278,107,100.0,107,0,103,4,0,0.0,2.6320416111976894,2.5991380252565115,6.59396638109634,2.00489204853001,1.1867928779985153,1.9347360540268903,5.5514018691588785,2.8554537426680326,0.4057553434115171,0.02453780379872444,0.08164261474999548,0.0,0.02453780379872444,0.02744515046630691,0,0,0,4,0,0.75,0.2616822429906542,0.3230301701339659,0.2345966980319129,0.9504427405839793,0.5044269787708533,0.0,0.16422082459818307,0.04178459057409043
1279,107,100.0,107,0,103,4,0,0.0,2.647657602480831,2.6146476159337237,6.808521586597622,2.0073713260592143,1.1790157367380998,1.8753338451027664,5.5514018691588785,2.8554537426680326,0.4047446777257411,0.0038889970597109948,0.08968634618202573,0.0,0.0038889970597109948,0.016328687109051665,0,0,0,4,0,1.0,0.2616822429906542,0.32319393615717773,0.2266703085466123,0.9572235492300132,0.5066633829649974,0.0,0.17714884696016772,0.04189806784200553
1280,107,100.0,107,0,104,3,0,0.0,2.6703085727159137,2.6369775687873296,7.279380030364571,2.0102899061450152,1.1775690640667567,1.8871779565089164,5.5514018691588785,2.8554537426680326,0.4071003530911699,0.03819299427404459,0.08458992000108422,0.0,0.03819299427404459,0.01866234522134173,0,0,0,3,0,0.6666666666666666,0.24299065420560748,0.33080010160226714,0.21839053093855215,0.9465090625703156,0.5086864884365735,0.0,0.2016072676450035,0.04205299204532733
1281,107,100.0,107,0,103,4,0,0.0,2.6704638246458456,2.6373960961034766,7.436599668830034,2.013134708209653,1.1671442327759005,1.8811765365517876,5.5514018691588785,2.8554537426680326,0.40508667480347116,0.03145037910779896,0.08140792466065919,0.0,0.03145037910779896,0.02484723271668343,0,0,0,4,0,0.75,0.24299065420560748,0.33084676802595187,0.2075973626557905,0.951794796219145,0.5134201554277105,0.0,0.16422082459818307,0.042094384308490086
1282,107,100.0,107,0,102,5,0,0.0,2.656627904747474,2.6239066477074693,6.914423560954355,2.015590130299994,1.1909007236187388,1.895471637121618,5.5514018691588785,2.8554537426680326,0.40215154760107574,0.047862766567744304,0.093393082851671,0.0,0.047862766567744304,0.020939310141185264,0,0,0,5,0,0.8,0.2616822429906542,0.32208498528132695,0.22752757873055507,0.9530623496148358,0.5047216881457426,0.0,0.1596785464709993,0.0420602614299867
1283,107,100.0,107,0,102,5,0,0.0,2.6953335998263706,2.6620701459214198,7.240492422284325,2.0188472317788246,1.1666567555274672,1.8953510094302704,5.5514018691588785,2.8554537426680326,0.40507966662749406,0.026142313595663418,0.07916585695498707,0.0,0.026142313595663418,-0.002430165495057435,0,0,0,5,0,0.8,0.24299065420560748,0.32668352610119783,0.22866885472856324,0.9527446758144407,0.5123040211995123,0.0,0.17260656883298392,0.042300292418421065
1284,107,100.0,107,0,100,7,0,0.0,2.704620095439007,2.6712713497428373,6.987856056213582,2.022221517126687,1.1702156191134794,1.8709532033109368,5.5514018691588785,2.8554537426680326,0.4050827904388996,0.017828142155623762,0.07535011788602561,0.0,0.017828142155623762,0.014887721778737206,0,0,0,7,0,0.8571428571428571,0.2616822429906542,0.3227315009969216,0.2403030458747023,0.9615423219141226,0.5130612957208116,0.0,0.13976240391334732,0.042394900475111165
1285,106,99.06542056074767,107,1,101,5,0,0.009345794392523364,2.719299865656407,2.674831471983615,6.806913957622075,2.0258327503903844,1.2074982598848785,1.9683590984252055,5.5514018691588785,2.8554537426680326,0.4008534752157884,0.12407117736307662,0.10268053609257066,0.16666666666666666,0.08544828092631186,0.010927685517337193,0,1,0,5,0,0.6666666666666666,0.22429906542056074,0.31589537291621567,0.2381670546184003,0.9587124729976154,0.49579820435246874,0.009345794392523364,0.15408805031446543,0.042519857873890524
1286,105,98.13084112149532,107,1,101,4,1,0.009345794392523364,2.7167042683247655,2.6845577215719687,6.966089876408398,2.0290256166961242,1.2309377414032083,1.9397599811775672,5.5514018691588785,2.8554537426680326,0.40127172243551734,0.16373915045027562,0.11021335281586624,0.16666666666666666,0.1045512581634358,-0.005466857838449394,0,2,1,3,0,0.5,0.22429906542056074,0.31758967308741093,0.2358419926478455,0.9494198892502654,0.49344337837542673,0.009345794392523364,0.16422082459818307,0.042552465297445136
1287,103,96.26168224299066,107,2,99,4,2,0.018691588785046728,2.729124481698413,2.6903720056570033,6.918920870912894,2.032673433002767,1.2577689771966105,1.9821019769311756,5.5514018691588785,2.8554537426680326,0.4069703073265514,0.36653246971331044,0.12384224210387923,0.375,0.04208180971507989,0.013687940981527369,0,4,0,4,0,0.75,0.22429906542056074,0.3234598626509264,0.25657847673236883,0.9565120475495051,0.496105194409621,0.018691588785046728,0.13976240391334732,0.04266664721794021
1288,102,95.32710280373831,107,1,102,4,0,0.009345794392523364,2.7279034384791587,2.684719623167838,7.458599970665279,2.0360640467915743,1.260182638437971,1.9251944695176204,5.5514018691588785,2.8554537426680326,0.4085173246173517,0.18040373408009883,0.10112710931989363,0.2,0.020100949750608586,0.0021840297043355106,0,1,0,4,0,0.8,0.22429906542056074,0.33236409860451455,0.23199958975767926,0.9608819812521717,0.49274444445880594,0.009345794392523364,0.1540880503144654,0.0427089507060099
1289,102,95.32710280373831,107,0,104,3,0,0.0,2.7370862334888475,2.694295504442207,7.272126986250007,2.0394726692204515,1.2622029801328447,1.9239951565653546,5.5514018691588785,2.8554537426680326,0.40778699041348854,0.0023478428692844697,0.08266740980441012,0.0,0.0023478428692844697,-0.0038371258972341726,0,0,0,3,0,1.0,0.2336448598130841,0.32814603086669614,0.23340833043946504,0.9604788416410834,0.4972107267433849,0.0,0.1268343815513627,0.04280353049941774
1290,103,96.26168224299066,107,0,103,4,0,0.0,2.76328846594576,2.720666038924335,7.610498171203767,2.043386358743675,1.2074683292297803,1.8711103918057563,5.5514018691588785,2.8554537426680326,0.413648009471959,0.2069119767184374,0.1205220854988601,0.25,0.04514025037275012,0.008856153609384215,0,0,0,4,0,0.75,0.2336448598130841,0.3364896026281825,0.23558216358090794,0.964900401922545,0.5045942688856261,0.0,0.1268343815513627,0.04299041845868595
1291,103,96.26168224299066,107,1,103,3,0,0.009345794392523364,2.762152708507739,2.7120306614538725,7.340522337749987,2.0471640047798885,1.244771527526654,1.9595340810814696,5.5514018691588785,2.8554537426680326,0.41173571932395436,0.2398423006168128,0.12147889523869754,0.25,0.014904158070359708,0.01319078581651481,0,1,0,3,0,0.75,0.2336448598130841,0.3324888641102046,0.24732269717975205,0.9590199751287621,0.49521913199122125,0.009345794392523364,0.14116002795248078,0.04303867413905875
1292,105,98.13084112149532,107,0,104,3,0,0.0,2.774193605305305,2.723790584487373,7.024529848479847,2.050929447736596,1.246281187846506,1.9778578029599705,5.5514018691588785,2.8554537426680326,0.41218969414820283,0.000310902504130998,0.09177928533820316,0.0,0.000310902504130998,0.007710524537631769,0,0,0,3,0,1.0,0.2616822429906542,0.32783871474281584,0.26220101069748003,0.9523448612018887,0.4973515721226725,0.0,0.14116002795248078,0.04315263886396424
1293,106,99.06542056074767,107,0,104,3,0,0.0,2.76770510726433,2.7186853917871843,7.479321664398858,2.054470749078645,1.23439113083732,1.9737417807995212,5.5514018691588785,2.8554537426680326,0.41212018684653473,0.00013562689151495484,0.08844127797155671,0.0,0.00013562689151495484,0.01624925350742305,0,0,1,2,0,1.0,0.27102803738317754,0.3329726020199194,0.23483122067520823,0.9573866843885184,0.5012746319850715,0.0,0.21593291404612158,0.04317075648461472
1294,106,99.06542056074767,107,0,104,3,0,0.0,2.799925673369056,2.7494914698368356,8.371573295800696,2.058614652845894,1.2109526272200855,1.9149427871470726,5.5514018691588785,2.8554537426680326,0.4186542846249923,0.0022675218142627746,0.11593168092413415,0.0,0.0022675218142627746,0.013692379013617714,0,0,0,3,0,1.0,0.27102803738317754,0.3479997440159901,0.21166275002456772,0.9569211747689547,0.5176040251637108,0.0,0.21593291404612155,0.04339102294274559
1295,106,99.06542056074767,107,0,105,2,0,0.0,2.7981628253783906,2.7487186284556135,8.457293730368049,2.0626225748554132,1.2002874061343494,1.8988931314046897,5.5514018691588785,2.8554537426680326,0.4199062689953381,0.0007165804616766616,0.11705943955282297,0.0,0.0007165804616766616,0.011805830470014489,0,0,0,2,0,1.0,0.27102803738317754,0.34913245319345687,0.20992869072901288,0.9548171052112782,0.5208171163961204,0.0,0.17854647099930115,0.04343943088230427
1296,107,100.0,107,0,105,2,0,0.0,2.810599356827119,2.7602350878847792,8.92269405032262,2.0667791302433423,1.1915097571410926,1.8961880054376252,5.5514018691588785,2.8554537426680326,0.42191772467672495,0.0003397338065551155,0.11003246520524128,0.0,0.0003397338065551155,0.0017323587714961342,0,0,0,2,0,1.0,0.2616822429906542,0.35565907885724596,0.20425249963819034,0.9586820878058444,0.5238232439794178,0.0,0.21593291404612158,0.04356095779774326
1297,107,100.0,107,0,104,3,0,0.0,2.8458965249903265,2.7939808990985107,10.287348870280907,2.071587873938318,1.1678197962620345,1.900726129111329,5.5514018691588785,2.8554537426680326,0.4261437706141302,0.0005904863578585006,0.10265294417317072,0.0,0.0005904863578585006,0.010474386198229565,0,0,0,3,0,1.0,0.27102803738317754,0.372703468500806,0.18632590722938178,0.9697075422349437,0.5273169017446818,0.0,0.14116002795248075,0.04380609936446604
1298,107,100.0,107,0,102,5,0,0.0,2.859445975960783,2.8064495402014207,10.602571063074434,2.076544135204706,1.14796947939981,1.824254485538932,5.5514018691588785,2.8554537426680326,0.43004873184277237,0.0009937253717951186,0.120661353987034,0.0,0.0009937253717951186,-0.01189559227304975,0,0,0,5,0,1.0,0.27102803738317754,0.3797674393470741,0.19097704082085834,0.963129781461457,0.5311183256799774,0.0,0.14116002795248075,0.04394460849323207
1299,106,99.06542056074767,107,1,101,5,0,0.009345794392523364,2.8560293823886624,2.8000500043344574,11.127138147042714,2.0812844884784236,1.1556137229828063,1.8521797217866374,5.5514018691588785,2.8554537426680326,0.4320631773236492,0.02547038701623507,0.11235383408658221,0.0,0.02547038701623507,0.005385421272216899,0,1,1,4,0,0.8333333333333334,0.27102803738317754,0.387667363665992,0.18195952649341504,0.9515161531825067,0.5383748880484315,0.009345794392523364,0.14116002795248078,0.0439952048228565
1300,105,98.13084112149532,107,1,100,6,0,0.009345794392523364,2.8997443857300085,2.8401631908857277,10.930630564241804,2.086816283853569,1.1703008562483477,1.831189481910957,5.5514018691588785,2.8554537426680326,0.4336722627094878,0.15227377717739277,0.09814279590555472,0.14285714285714285,0.009416634457325112,0.011817443134128977,0,1,0,6,0,1.0,0.27102803738317754,0.38522340144738487,0.18269330753128687,0.9585404459703467,0.5432841763615324,0.009345794392523364,0.21593291404612158,0.044292758768601385
1301,105,98.13084112149532,107,0,102,5,0,0.0,2.895581456418074,2.836791005615362,10.14647587253327,2.0920308141268773,1.1826697647572662,1.8666072410623107,5.5514018691588785,2.8554537426680326,0.4314956567809425,0.002839108929530336,0.09873764532276225,0.0,0.002839108929530336,0.00607887721647884,0,0,1,4,0,1.0,0.2616822429906542,0.3757274986147958,0.19388102986396316,0.9547372887551522,0.5407090849719745,0.0,0.17854647099930118,0.044346393371967587
1302,105,98.13084112149532,107,0,102,5,0,0.0,2.900184117592008,2.8429597901877615,9.448686990541164,2.097237363332294,1.182193642696737,1.863261043738578,5.5514018691588785,2.8554537426680326,0.4320977155501513,0.006342816134661695,0.0952451687981075,0.0,0.006342816134661695,0.006667280183089597,0,0,0,5,0,1.0,0.2616822429906542,0.3680325607423825,0.21369641029496908,0.9462424313044324,0.5426423475525173,0.0,0.17854647099930118,0.044443741979912216
1303,105,98.13084112149532,107,0,103,4,0,0.0,2.876596669002562,2.819746008662452,9.050500356468698,2.101764954898857,1.2324523850472422,1.9265244892475155,5.5514018691588785,2.8554537426680326,0.42543584628406617,0.08947113410668231,0.10471454359602173,0.0,0.08947113410668231,0.010079575104841032,0,0,0,4,0,0.75,0.2616822429906542,0.3585817064619277,0.21694540521398806,0.9499748314694787,0.5305347046949295,0.0,0.14116002795248078,0.04439044637838506
1304,106,99.06542056074767,107,0,103,4,0,0.0,2.87891564455711,2.8231132190442896,8.727313688990892,2.1062401824904775,1.2279776154498707,1.8929924138323446,5.5514018691588785,2.8554537426680326,0.4226525031314059,0.0036520902617522546,0.09213343364968121,0.0,0.0036520902617522546,0.010097418384102719,0,0,0,4,0,1.0,0.2616822429906542,0.35211835926120655,0.2206021736238236,0.96639220117907,0.5312211308307968,0.0,0.14116002795248075,0.044465935283036724
1305,107,100.0,107,0,103,4,0,0.0,2.890356091943199,2.833413207868984,9.23118222886722,2.110822911161451,1.2031543566637204,1.8609992377985458,5.5514018691588785,2.8554537426680326,0.4271685902326312,0.010711842445345066,0.11168444806250129,0.0,0.010711842445345066,-0.009967035651951728,0,0,0,4,0,1.0,0.2897196261682243,0.3622484384298012,0.2089835014564297,0.9573325713694159,0.5397672104581286,0.0,0.11670160726764499,0.04458856636864299
1306,106,99.06542056074767,107,1,102,4,0,0.009345794392523364,2.912743206478976,2.8492633796781672,9.678826493848343,2.1157815201027175,1.2198522378741725,1.858342748326508,5.5514018691588785,2.8554537426680326,0.4285871016595242,0.08545261424481078,0.10490328073481883,0.0,0.08545261424481078,0.011260744120724175,0,1,0,4,0,0.6,0.2897196261682243,0.36764300855130816,0.20485546269931584,0.9560836218585665,0.5433106389246314,0.009345794392523364,0.17854647099930118,0.0447712973336207
1307,105,98.13084112149532,107,1,104,2,0,0.009345794392523364,2.90292009919265,2.8543419346153334,9.733105704116463,2.1202513861214016,1.2657542614905923,1.924485761624111,5.5514018691588785,2.8554537426680326,0.4264010694221727,0.06555588931852223,0.09617755544611972,0.0,0.06555588931852223,0.033526308258467176,0,1,0,2,0,0.6666666666666666,0.2616822429906542,0.3645483542172189,0.2062194967279604,0.9530862602207848,0.5382984747718429,0.009345794392523364,0.19706498951781973,0.044785999275450454
1308,104,97.19626168224299,107,1,101,2,3,0.009345794392523364,2.8997696772142367,2.8419777337435606,10.865539348427788,2.1248244368863967,1.291982370849018,1.9811045563193819,5.5514018691588785,2.8554537426680326,0.42956865522243826,0.5859822411663013,0.1760623301975799,0.5,0.0863187828840561,0.016738562113209416,1,3,0,2,0,0.6666666666666666,0.27102803738317754,0.38006457165872415,0.19863871687336618,0.9536650461359467,0.531495559389829,0.009345794392523364,0.1596785464709993,0.04483553784016997
1309,104,97.19626168224299,107,0,106,1,0,0.0,2.8962564380820024,2.838490921291858,11.494578567307217,2.1289924941760554,1.2734171887289658,1.9918711224471768,5.5514018691588785,2.8554537426680326,0.4287551104801224,0.00017023575428598125,0.09645820456260451,0.0,0.00017023575428598125,0.034351169828259476,0,0,0,1,0,1.0,0.27102803738317754,0.3860675088608069,0.186612357717038,0.9589222159340214,0.5305048036570879,0.0,0.15967854647099927,0.04487748011844585
1310,104,97.19626168224299,107,0,106,1,0,0.0,2.8995372667478767,2.841287145051117,11.639889129347406,2.1331054104186298,1.2905981224825132,1.9957043889806727,5.5514018691588785,2.8554537426680326,0.4315982257119415,0.00016736687695883838,0.09365545683731724,0.0,0.00016736687695883838,0.03456755455775107,0,0,0,1,0,1.0,0.2897196261682243,0.39116192919566733,0.18597205834089062,0.9606851264075229,0.5363329554320918,0.0,0.1222921034241789,0.04495260547216592
1311,105,98.13084112149532,107,0,106,1,0,0.0,2.9051336931929597,2.847766140101002,10.82181357649851,2.1372488880057348,1.3052390724113037,2.0006496321408966,5.5514018691588785,2.8554537426680326,0.4295233752383425,0.00018645361230814125,0.09252410054236761,0.0,0.00018645361230814125,0.037341142973209784,0,0,0,1,0,1.0,0.3177570093457944,0.3791997467266549,0.20088629305685568,0.9679352327436397,0.5336248508554529,0.0,0.1222921034241789,0.04503974514731013
1312,106,99.06542056074767,107,0,107,0,0,0.0,2.9094631999498315,2.852601316374054,10.38432400384867,2.1413845034844847,1.3179971705452203,2.029769086978236,5.5514018691588785,2.8554537426680326,0.43006731685576316,0.0,0.0,0.0,0.0,0.0,0,0,0,0,0,0.0,0.3177570093457944,0.37457396184770314,0.21700174712196119,0.9679352327436397,0.5299529937536711,0.0,0.1222921034241789,0.04512043797457965
1313,107,100.0,107,0,107,0,0,0.0,2.9014167514157956,2.8449983882932774,9.953738900911718,2.1452283499007163,1.3427161140221775,2.029480537101046,5.5514018691588785,2.8554537426680326,0.4270267640987524,0.0,0.0,0.0,0.0,0.0,0,0,0,0,0,0.0,0.3177570093457944,0.36711989358269354,0.21294412654747957,0.9623074562947799,0.5264974109832332,0.0,0.15967854647099927,0.04513508536008682
1314,107,100.0,107,0,105,2,0,0.0,2.8994104066419286,2.8431409596289097,9.924941746421345,2.1489200066475416,1.3387198505025804,2.0655301186941806,5.5514018691588785,2.8554537426680326,0.42661508275548554,0.00010916464590733933,0.08976754582603488,0.0,0.00010916464590733933,0.001215685745041717,0,0,0,2,0,1.0,0.29906542056074764,0.3669794313599944,0.2089168188525237,0.9591123091913976,0.5280378571918847,0.0,0.18273934311670162,0.04517776041158933
1315,107,100.0,107,0,105,2,0,0.0,2.9085799019350644,2.8522211831543163,9.976134893491867,2.1527136751096223,1.329104737845331,2.014238976427058,5.5514018691588785,2.8554537426680326,0.42775219130857023,0.0004668187771375219,0.08164832876296016,0.0,0.0004668187771375219,0.03721356027239725,0,0,0,2,0,1.0,0.2897196261682243,0.36886324944552135,0.20908024106368567,0.9579044345904666,0.5309547498967321,0.0,0.18273934311670162,0.04527777111209746
1316,107,100.0,107,0,104,3,0,0.0,2.911707528912092,2.856737764700971,9.197800106716189,2.15650219224107,1.3095402848503186,1.9767400574672063,5.5514018691588785,2.8554537426680326,0.4261866993362804,0.0008601144823367252,0.08455275620156705,0.0,0.0008601144823367252,0.037660052247361686,0,0,0,3,0,1.0,0.2803738317757009,0.3583196070067369,0.2229291637388209,0.9591123091913976,0.5306429096231344,0.0,0.18273934311670162,0.045347498924093364
1317,107,100.0,107,0,103,4,0,0.0,2.9498058076872655,2.892445175933965,10.261114911640359,2.160998216906666,1.2887724639521492,2.023840924457118,5.5514018691588785,2.8554537426680326,0.43064532150632506,0.08581101101382056,0.08081626148951257,0.0,0.08581101101382056,0.03034775735870343,0,0,1,3,0,0.5,0.2803738317757009,0.3717769253935097,0.21758472734744785,0.9534703768988536,0.5312775001593018,0.0,0.1970649895178197,0.04560218127026175
1318,107,100.0,107,0,105,2,0,0.0,2.9133384841150867,2.857216545170957,9.638379344038661,2.164561109863187,1.2819911969650266,1.9588827486367526,5.5514018691588785,2.8554537426680326,0.4283206812629514,0.04417922232661954,0.08626407627952332,0.0,0.04417922232661954,0.020250327289679015,0,0,0,2,0,0.5,0.2803738317757009,0.36480707736158796,0.2256816026743922,0.952487736594978,0.5266150190338039,0.0,0.1970649895178197,0.045470713032537975
1319,107,100.0,107,0,104,3,0,0.0,2.9253899721085026,2.8685972675874494,11.07923319545152,2.1682822430707813,1.2806178608225245,1.9650918109224478,5.5514018691588785,2.8554537426680326,0.42768193394917087,0.15880269329697114,0.09442178456147828,0.0,0.15880269329697114,0.029915156845018775,0,0,1,2,0,0.3333333333333333,0.2616822429906542,0.3782155183481448,0.19603977943951478,0.9386738786256319,0.5255108574191933,0.0,0.18273934311670162,0.045584098091228015
1320,107,100.0,107,0,105,2,0,0.0,2.9099946546299154,2.8542840843144703,10.529983806100576,2.1715701559789578,1.2946101137206116,1.9733114736349746,5.5514018691588785,2.8554537426680326,0.42222536018154533,0.0009095203737756792,0.0792538586797725,0.0,0.0009095203737756792,0.03528324959783952,0,0,0,2,0,1.0,0.2803738317757009,0.3677584631251499,0.2087804683667817,0.9364936265624278,0.516295379991251,0.0,0.18273934311670162,0.045554063919931165
1321,107,100.0,107,0,105,2,0,0.0,2.9246724227149152,2.868736137156652,11.265464906972289,2.175094321401963,1.3094789569268137,1.9845304760648297,5.5514018691588785,2.8554537426680326,0.42365708467277496,0.06464239723446662,0.08994755335578106,0.0,0.06464239723446662,0.024444250556886704,0,0,0,2,0,0.5,0.2523364485981308,0.3754264159680492,0.20139158916904787,0.9349074232352486,0.5136641910364375,0.0,0.22012578616352202,0.04567776821709068
1322,107,100.0,107,0,106,1,0,0.0,2.874577547457485,2.8200306787518583,10.544562510775185,2.177405246443576,1.3392241519771144,2.0106384742319308,5.5514018691588785,2.8554537426680326,0.4194305500166049,0.00019941339178119403,0.097574423502689,0.0,0.00019941339178119403,0.0227427325263152,0,0,0,1,0,1.0,0.2523364485981308,0.36712448038278866,0.20375009574138764,0.9541788058438064,0.510518604970215,0.0,0.18273934311670162,0.04546028753859903
1323,107,100.0,107,0,106,1,0,0.0,2.8883967866895,2.8328757699503804,11.074580535201155,2.1799436125994998,1.3270160558817474,2.0609012569329375,5.5514018691588785,2.8554537426680326,0.4211226043602665,0.0001488700559873729,0.0972907714111001,0.0,0.0001488700559873729,0.03285416143073916,0,0,0,1,0,1.0,0.27102803738317754,0.3739145900769561,0.1972497637840272,0.9503900781536369,0.5115455954182737,0.0,0.18273934311670162,0.04556562467046007
1324,107,100.0,107,0,104,3,0,0.0,2.8600062682886946,2.805802334426183,10.065488110321262,2.1817910413416666,1.357492792922991,2.083562949344085,5.5514018691588785,2.8554537426680326,0.4146075194459129,0.03582299423749626,0.08779178585491638,0.0,0.03582299423749626,0.01499321402233252,0,0,0,3,0,0.6666666666666666,0.2803738317757009,0.35848911388100885,0.19960002662659826,0.9491480125328078,0.509411384818729,0.0,0.10796645702306082,0.045450048315036705
1325,107,100.0,107,0,105,2,0,0.0,2.8570158814311992,2.8038646221595944,9.64504824148879,2.1835414532287207,1.3663543983402648,2.084925582788035,5.5514018691588785,2.8554537426680326,0.41204592679609187,0.01494460209453602,0.0857508888758153,0.0,0.01494460209453602,0.029783087515204865,0,0,0,2,0,1.0,0.2803738317757009,0.35093944177091424,0.20287218974522675,0.9564054825366095,0.5077941078360755,0.0,0.15967854647099927,0.045460087481619726
1326,107,100.0,107,0,104,3,0,0.0,2.8521507973918268,2.799070723900922,9.53563906546515,2.1851323728762364,1.353806720802104,2.07249760769953,5.5514018691588785,2.8554537426680326,0.4132967307540163,0.00023840352477669886,0.08408201022791939,0.0,0.00023840352477669886,0.02403848904209423,0,0,0,3,0,1.0,0.2803738317757009,0.3517794736921097,0.2086287946283939,0.9360003937202523,0.5082346780720898,0.0,0.18273934311670162,0.04545847604873178
1327,107,100.0,107,0,105,2,0,0.0,2.8126451948915814,2.7625196399761003,7.5994517581097805,2.185842905114001,1.3848038844388344,2.103411706621555,5.5514018691588785,2.8554537426680326,0.4021562151046403,0.053672973057253735,0.08178931465238438,0.0,0.053672973057253735,0.006584317777021065,0,0,0,2,0,0.5,0.2616822429906542,0.3200977506732723,0.24401954734110642,0.9532573881581722,0.4922553121025414,0.0,0.15967854647099927,0.04527109249591861
1328,107,100.0,107,0,106,1,0,0.0,2.8194283370482456,2.7702772218148053,8.065695863639013,2.186710359761152,1.3659749809309893,2.0918904581483266,5.5514018691588785,2.8554537426680326,0.40252237450522066,0.00019183766508590046,0.07052388861976533,0.0,0.00019183766508590046,0.02037219266216883,0,0,0,1,0,1.0,0.2523364485981308,0.32563082163308443,0.2260906185347311,0.9614336094170032,0.4948852817355679,0.0,0.15967854647099927,0.04531739308979594
1329,107,100.0,107,0,103,4,0,0.0,2.8377672352929766,2.78930792072939,7.976550416535258,2.187987774885645,1.359054903629951,2.088094281709883,5.5514018691588785,2.8554537426680326,0.40135926824646817,0.01332863349527285,0.08560741518106349,0.0,0.01332863349527285,0.04261011364957598,0,0,0,4,0,1.0,0.2336448598130841,0.32197148228761846,0.23222540476326997,0.9642890598639643,0.4929226822660171,0.0,0.15967854647099927,0.04542732558001047
1330,107,100.0,107,0,103,4,0,0.0,2.8271318375024928,2.7791587505807587,7.6575872876095,2.1889968701250697,1.3892876928145184,2.11502101287803,5.5514018691588785,2.8554537426680326,0.39727977803342074,0.03265926002457089,0.0825064562861096,0.0,0.03265926002457089,0.020575971680255517,0,0,0,4,0,0.75,0.2336448598130841,0.3145431952234022,0.23191948068037774,0.9550163921706288,0.4871884438534645,0.0,0.11670160726764499,0.04538855571494867
1331,107,100.0,107,0,102,5,0,0.0,2.8130859530185166,2.7660059994415134,7.6319563569610205,2.1896766945369777,1.3904400873715903,2.131908258602922,5.5514018691588785,2.8554537426680326,0.3986732745469439,0.033422463455321974,0.0916571091462363,0.0,0.033422463455321974,0.011264649828521156,0,0,0,5,0,0.8,0.24299065420560748,0.3167218888212187,0.21972572415432742,0.9602248908190244,0.49414914509431856,0.0,0.11670160726764499,0.04532803232833548
1332,107,100.0,107,0,102,5,0,0.0,2.772162308654811,2.7280942617208286,6.498281005048009,2.189471065170347,1.3837139408223786,2.1194964042289817,5.5514018691588785,2.8554537426680326,0.39272072094620136,0.045503746949049705,0.08433515350136159,0.0,0.045503746949049705,0.016938676886754787,0,0,0,5,0,0.6,0.2523364485981308,0.2991825594875573,0.24225988798771525,0.9618584233505287,0.4928309616500728,0.0,0.1596785464709993,0.04512047828079421
1333,105,98.13084112149532,107,2,102,3,0,0.018691588785046728,2.755210665692286,2.7136055143550126,5.84637730757486,2.1889206026441763,1.4008882785240537,2.13667874776951,5.5514018691588785,2.8554537426680326,0.39149517903012776,0.1932352067149487,0.09938122062706845,0.2,0.16337316491987877,0.016376516561230313,1,1,0,3,0,0.4,0.24299065420560748,0.2895966867901972,0.2716433242734721,0.9545205067238542,0.4851563778466172,0.018691588785046728,0.1970649895178197,0.04502786096457882
1334,104,97.19626168224299,107,1,104,2,0,0.009345794392523364,2.748742471758975,2.702606412684205,5.7200720649341354,2.1882376106642814,1.409729598181834,2.151812627524965,5.5514018691588785,2.8554537426680326,0.3939384361935965,0.23816316406355795,0.102804290557252,0.3333333333333333,0.12064836280234281,0.02133155138659078,0,1,0,2,0,0.6666666666666666,0.2523364485981308,0.2909520098327658,0.27627509171582887,0.9293245388617333,0.4861477824003568,0.009345794392523364,0.21593291404612158,0.04498576873488625
1335,103,96.26168224299066,107,1,105,1,0,0.009345794392523364,2.774020945824879,2.7403018224188957,5.885925815396681,2.188058586653509,1.3882558577361899,2.076966255055781,5.5514018691588785,2.8554537426680326,0.3966836528426847,0.18934087153443155,0.09383276438548571,0.0,0.18934087153443155,0.01802157513046726,0,1,0,1,0,0.5,0.2336448598130841,0.29428550931368214,0.280141369019972,0.9459290502957901,0.48664805679752704,0.009345794392523364,0.21593291404612158,0.04510960513130784
1336,102,95.32710280373831,107,1,104,2,0,0.009345794392523364,2.8108445379191034,2.7684286642083844,6.1923755697364085,2.1890090375975193,1.4079565385034971,2.1615887317017064,5.5514018691588785,2.8554537426680326,0.3968824260911137,0.3318733768900651,0.12938898143905217,0.3333333333333333,0.0034298166958281044,-0.011481071169706055,0,1,0,2,0,1.0,0.24299065420560748,0.29765452931579384,0.28555572700550863,0.9432860211717228,0.47969273421556563,0.009345794392523364,0.21593291404612158,0.04530729293530544
1337,102,95.32710280373831,107,0,105,2,0,0.0,2.813611387471713,2.7716370364904095,6.268309045069432,2.1898171478994106,1.3917977218562174,2.0676632561577026,5.5514018691588785,2.8554537426680326,0.39987622084511343,0.13078131276964294,0.10690059446407797,0.0,0.13078131276964294,0.004558787721057556,0,0,0,2,0,0.5,0.2336448598130841,0.30102863249194683,0.2861270161905624,0.9432860211717228,0.4819185474347092,0.0,0.21593291404612158,0.04533266479099861
1338,104,97.19626168224299,107,0,105,2,0,0.0,2.790171859665226,2.750205975431254,5.526748866765635,2.1901126197573557,1.3912636217220677,2.1102520926531443,5.5514018691588785,2.8554537426680326,0.3988320705288557,0.4566162908626385,0.13053401679508822,0.5,0.13083942010963284,0.026233897575840937,0,0,0,2,0,0.0,0.2803738317757009,0.2904731319924852,0.3128742350595184,0.9474057795028545,0.4792493446302861,0.0,0.18308874912648496,0.04521968568307929
1339,104,97.19626168224299,107,1,105,1,0,0.009345794392523364,2.7856131692437094,2.744185431976138,5.244688296686508,2.1903287576911534,1.4014219777601413,2.1056646213810164,5.5514018691588785,2.8554537426680326,0.3959775705330604,0.22539972350556386,0.09495225521754333,0.0,0.22539972350556386,0.03729664019757639,0,1,0,1,0,0.0,0.2897196261682243,0.28333786089935836,0.3158846173617718,0.9309849837791366,0.48055359491118815,0.009345794392523364,0.2204751921733054,0.045199978090331674
1340,105,98.13084112149532,107,0,106,1,0,0.0,2.753470943497875,2.713215757501711,5.00705281227789,2.1897646299183204,1.4078421986659257,2.11307982086897,5.5514018691588785,2.8554537426680326,0.39415883925214,0.003418069076700537,0.06629281079939825,0.0,0.003418069076700537,0.021464694250761918,0,0,0,1,0,1.0,0.29906542056074764,0.28030874524692345,0.3112016206047663,0.9315641589770901,0.4766018420819552,0.0,0.18308874912648496,0.045031212757801115
1341,106,99.06542056074767,107,0,106,1,0,0.0,2.747183049745065,2.707506577795898,5.1859496279277355,2.189086192164622,1.426752406410678,2.189459485018038,5.5514018691588785,2.8554537426680326,0.39537120966525907,0.03264391358393878,0.08790642009670294,0.0,0.03264391358393878,0.011308755945091287,0,0,0,1,0,1.0,0.2803738317757009,0.2842516729850749,0.30403909571128396,0.9487933643887122,0.47641784345339805,0.0,0.14570230607966456,0.04499008705092224
1342,106,99.06542056074767,107,0,106,1,0,0.0,2.719698679087635,2.6814373072212008,5.196184678121311,2.187831610117304,1.444347538031589,2.179166849183691,5.5514018691588785,2.8554537426680326,0.3920388284430154,0.09261301284704104,0.09014048190475157,0.0,0.09261301284704104,0.018158046937652328,0,0,0,1,0,0.0,0.2803738317757009,0.2820598999493346,0.287253007930619,0.941332864083583,0.4768460198425896,0.0,0.14570230607966456,0.044834753192622596
1343,106,99.06542056074767,107,0,106,1,0,0.0,2.688807045597745,2.651297059910915,4.783226070487252,2.185924339424114,1.447149381570486,2.200882787077016,5.5514018691588785,2.8554537426680326,0.3895078871340609,0.006315138240819661,0.08924263982878215,0.0,0.006315138240819661,0.011814549160600096,0,0,0,1,0,1.0,0.2803738317757009,0.27468917805693527,0.30130003206992884,0.9446635766773501,0.4757679177065817,0.0,0.14116002795248075,0.0446530644089774
1344,107,100.0,107,0,106,1,0,0.0,2.689376768421276,2.652811641608591,4.668579240519383,2.1841061285071333,1.4370867527710967,2.201428276078965,5.5514018691588785,2.8554537426680326,0.3856678662292021,0.00014921824238219134,0.09460224641751064,0.0,0.00014921824238219134,-0.029205599384899417,0,0,0,1,0,1.0,0.2523364485981308,0.269558865505614,0.2970059749039867,0.9411052447592766,0.4770050521002158,0.0,0.17854647099930118,0.04462995393725579
1345,107,100.0,107,0,106,1,0,0.0,2.657031407793991,2.6217510606282843,4.471876644596861,2.1816302993441536,1.4363732769436257,2.1900416478001863,5.5514018691588785,2.8554537426680326,0.3807198882594365,0.010696249328611606,0.08892215931852976,0.0,0.010696249328611606,0.01123888287521746,0,0,0,1,0,1.0,0.27102803738317754,0.2630104297760707,0.28539383883283514,0.9491490271571893,0.4738787554225074,0.0,0.17854647099930118,0.04443287905587118
1346,106,99.06542056074767,107,1,105,1,0,0.009345794392523364,2.6709437127924143,2.640466973598979,5.105009102235642,2.179518546414933,1.419489326043442,2.186444964347911,5.5514018691588785,2.8554537426680326,0.38663927282989197,0.07753405340016256,0.08881457894882072,0.0,0.07753405340016256,0.0023919051993615548,0,1,1,0,0,0.5,0.2803738317757009,0.2768543452408151,0.26624238169533204,0.9477380447772997,0.47716048546253353,0.009345794392523364,0.1970649895178197,0.04447229051683663
1347,106,99.06542056074767,107,0,105,2,0,0.0,2.6888368883187623,2.6579734717336447,5.290379407367776,2.1780011648913775,1.4076739419503843,2.181605095227205,5.5514018691588785,2.8554537426680326,0.38842675197235543,0.02121175577404191,0.09692427673499182,0.0,0.02121175577404191,0.0382301950407819,0,0,1,1,0,1.0,0.2897196261682243,0.2804966408073231,0.26837168723474186,0.9448172027170918,0.47453694351100256,0.0,0.19706498951781967,0.0445400923307159
1348,106,99.06542056074767,107,0,106,1,0,0.0,2.6981057190156106,2.6668097618615088,5.247978409644856,2.176728964437062,1.4158231657004723,2.1882814481073414,5.5514018691588785,2.8554537426680326,0.39096799001554294,0.0010075017203819104,0.06384772268151118,0.0,0.0010075017203819104,0.03177827203754591,0,0,0,1,0,1.0,0.29906542056074764,0.28227556552067484,0.27526435470279836,0.9474486521923244,0.479572388048077,0.0,0.1596785464709993,0.044568272936456654
1349,106,99.06542056074767,107,0,106,1,0,0.0,2.641407934859243,2.611872001399478,4.410584014246269,2.1742381132084327,1.4314010367032064,2.2064565510997953,5.5514018691588785,2.8554537426680326,0.38179762254394034,0.012696402409028617,0.14567031056422602,0.0,0.012696402409028617,0.0005263913513608998,0,0,0,1,0,1.0,0.308411214953271,0.2630551514807954,0.2999132920503688,0.946801964863729,0.4683030287980055,0.0,0.19706498951781967,0.04424922146335872
1350,106,99.06542056074767,107,0,106,1,0,0.0,2.662151356867652,2.6320449033897804,4.55409237134146,2.172279209392345,1.392170795054456,2.17105020898469,5.5514018691588785,2.8554537426680326,0.3822838693233288,0.007511762555805943,0.1426678724980759,0.0,0.007511762555805943,-0.002304873430840404,0,0,0,1,0,1.0,0.32710280373831774,0.26465305748481993,0.28952225908657625,0.946801964863729,0.47311693040364333,0.0,0.19706498951781967,0.04432497077723489
1351,107,100.0,107,0,105,2,0,0.0,2.6557818154302377,2.6262876162903175,4.3978833917935845,2.1702447238326226,1.3942381178145566,2.1743689697127686,5.5514018691588785,2.8554537426680326,0.3805815130898771,0.0026728477914148394,0.08938254127484044,0.0,0.0026728477914148394,0.013156133654989799,0,0,0,2,0,1.0,0.308411214953271,0.2605891089441962,0.2960142330194852,0.9356872989360817,0.470509640627191,0.0,0.2344514325646401,0.04426407617301825
1352,107,100.0,107,0,106,1,0,0.0,2.6802022657363462,2.6506710022346662,4.53866378573838,2.1688253371121897,1.3920397578739783,2.1759331061255676,5.5514018691588785,2.8554537426680326,0.38069425532695855,0.023959638923124367,0.0859516177953284,0.0,0.023959638923124367,0.0037109166508633162,0,0,0,1,0,1.0,0.29906542056074764,0.2618723912685548,0.2886948112368315,0.9448172027170918,0.46802199243041137,0.0,0.19706498951781967,0.04436591345893304
1353,107,100.0,107,0,106,1,0,0.0,2.695444739468843,2.665397554376726,4.7888589487032105,2.167782888230433,1.367376561312322,2.1395429106455524,5.5514018691588785,2.8554537426680326,0.38181439129870753,0.01497433691184345,0.09696735209141363,0.0,0.01497433691184345,-0.0030413064754359898,0,0,0,1,0,1.0,0.2803738317757009,0.2655514574813188,0.28504703833060313,0.9415343832508178,0.47238280713076675,0.0,0.2344514325646401,0.04442724250479076
1354,107,100.0,107,0,104,3,0,0.0,2.714228962105856,2.683695877837767,5.073991763794428,2.167188206123977,1.3463701682980944,2.108703896030372,5.5514018691588785,2.8554537426680326,0.3845871758506836,0.02762539098712204,0.10720823935941554,0.0,0.02762539098712204,0.0005599414830924262,0,0,1,2,0,0.6666666666666666,0.2803738317757009,0.27098146590263017,0.2720172455709844,0.9370752479307044,0.4777592219396659,0.0,0.22047519217330538,0.04451267318174293
1355,107,100.0,107,0,105,2,0,0.0,2.6837620632371078,2.6526466300719345,4.650399545856897,2.1659012273640665,1.3479737585847065,2.1192085785315076,5.5514018691588785,2.8554537426680326,0.38433501061520214,0.019977804203244007,0.10334813461487767,0.0,0.019977804203244007,5.204501719707766e-05,0,0,0,2,0,1.0,0.29906542056074764,0.26658990231726104,0.2863694977794921,0.9276625515677677,0.47437999249569784,0.0,0.23445143256464013,0.044341964145815586
1356,106,99.06542056074767,107,1,104,2,0,0.009345794392523364,2.6861278776470736,2.651249820518994,4.974466376778592,2.164689686704331,1.3608353073684372,2.1462876883008777,5.5514018691588785,2.8554537426680326,0.38660829034243105,0.042717742175082264,0.10542020043096413,0.0,0.042717742175082264,0.013112725951779517,0,1,0,2,0,0.6666666666666666,0.27102803738317754,0.2751651100284435,0.26595879684242146,0.9291447688121256,0.47545050643324455,0.009345794392523364,0.25331935709294195,0.04433649572630923
1357,106,99.06542056074767,107,0,105,2,0,0.0,2.729013539855382,2.6917061952224626,5.758767783160887,2.164366314262669,1.3462115206276266,2.1295098945798543,5.5514018691588785,2.8554537426680326,0.39153963273725445,0.07515456413596631,0.103152612566503,0.0,0.07515456413596631,-0.004970015264641359,0,0,0,2,0,0.5,0.27102803738317754,0.2896705121415256,0.23555201884440893,0.9361040096172382,0.48398120765113156,0.0,0.21593291404612158,0.044546307162106676
1358,105,98.13084112149532,107,1,105,1,0,0.009345794392523364,2.7537360468416177,2.7261113375048303,6.065517118289874,2.1645870460749173,1.3609021625928903,2.1428385663340626,5.5514018691588785,2.8554537426680326,0.39627066293566005,0.2676483574716814,0.11394544959272011,0.5,0.23239290241799998,0.0003908291027608368,1,0,0,1,0,0.5,0.2523364485981308,0.2974618410072321,0.2438691753962696,0.9262278754131174,0.4828154234323214,0.009345794392523364,0.30922431865828093,0.04467307114443491
1359,105,98.13084112149532,107,0,107,0,0,0.0,2.747941045201587,2.7189475617704253,6.268211191604536,2.164888896185468,1.3671755742893172,2.1547656329932896,5.5514018691588785,2.8554537426680326,0.39817318703937055,0.0,0.0,0.0,0.0,0.0,0,0,0,0,0,0.0,0.2523364485981308,0.3027093897958357,0.23964932239325554,0.9380099511240246,0.48328113139334866,0.0,0.2718378756114605,0.04464840573137424
1360,105,98.13084112149532,107,0,106,1,0,0.0,2.7665380036037663,2.7387576264529208,6.329412974986423,2.1656346608924597,1.3614640414904462,2.1433645530402097,5.5514018691588785,2.8554537426680326,0.3981165691323052,6.089903466247489e-05,0.11819169135015065,0.0,6.089903466247489e-05,-0.017608180487544534,0,0,0,1,0,1.0,0.27102803738317754,0.3019127517176275,0.240338507780399,0.9307103772075143,0.48387944296439633,0.0,0.3092243186582809,0.04475203800650378
1361,106,99.06542056074767,107,0,106,1,0,0.0,2.750852247557028,2.723766537360553,5.5346560020547955,2.1660166797415714,1.3762803755451056,2.1469198030819627,5.5514018691588785,2.8554537426680326,0.3961142784382221,0.00044322158524495877,0.09187851293634226,0.0,0.00044322158524495877,-0.019708008389541787,0,0,0,1,0,1.0,0.2897196261682243,0.2902045009369677,0.27272015190240523,0.9331606558882337,0.47848921860611765,0.0,0.2718378756114605,0.04467906341203241
1362,106,99.06542056074767,107,0,106,1,0,0.0,2.7453763326665004,2.718291212130186,5.663224980828375,2.166262713915787,1.36437555370555,2.1200641971495133,5.5514018691588785,2.8554537426680326,0.39820077907067897,0.00010272512360388265,0.09426502680067833,0.0,0.00010272512360388265,-0.01244057797455933,0,0,0,1,0,1.0,0.29906542056074764,0.29460397092473534,0.2591597581171836,0.890659444445854,0.4875188546493372,0.0,0.38399720475192173,0.04465519653359772
1363,107,100.0,107,0,107,0,0,0.0,2.75486919922737,2.7279061596808476,5.8449701447354006,2.1667213630017192,1.3585638308286936,2.135474233776131,5.5514018691588785,2.8554537426680326,0.39808215222579757,0.0,0.0,0.0,0.0,0.0,0,0,0,0,0,0.0,0.27102803738317754,0.2958458517047236,0.2482384939785912,0.9042724681939878,0.48970778099172113,0.0,0.34661076170510136,0.04470920912264705
1364,107,100.0,107,0,106,1,0,0.0,2.7390972527244606,2.7127246706821824,5.494366703204343,2.1668201152585174,1.341398271318999,2.1049962925154397,5.5514018691588785,2.8554537426680326,0.3965663480480843,4.570952559388304e-05,0.13279545017911118,0.0,4.570952559388304e-05,-0.03135002561127065,0,0,0,1,0,1.0,0.2616822429906542,0.29070876016372843,0.25329870726189,0.9102622834206219,0.4944126883986142,0.0,0.30922431865828093,0.04463175930263886
1365,107,100.0,107,0,106,1,0,0.0,2.753139517841612,2.727731078495974,5.684212322724031,2.1672588485171507,1.3306154105769206,2.0530498157359256,5.5514018691588785,2.8554537426680326,0.3965002397637958,2.3691436945782068e-05,0.07475860825710448,0.0,2.3691436945782068e-05,-0.02158313593635819,0,0,0,1,0,1.0,0.2523364485981308,0.29191670466416136,0.24420815707355276,0.8951079628179109,0.4952169396240254,0.0,0.34661076170510136,0.044708234540851606
1366,107,100.0,107,0,106,1,0,0.0,2.765981366290212,2.740647765946263,5.698231133269631,2.1679801179787117,1.3184368803930324,2.0351431007155383,5.5514018691588785,2.8554537426680326,0.39792955082586823,0.0013368163915524478,0.08926101835313559,0.0,0.0013368163915524478,-0.012761264330102495,0,0,0,1,0,1.0,0.2616822429906542,0.2930231599397239,0.25331250146978884,0.902589570003516,0.49212615768998474,0.0,0.34661076170510136,0.04478274154101204
1367,107,100.0,107,0,106,1,0,0.0,2.784256585523865,2.758810843043776,5.851441366896837,2.16909570253625,1.3106632445584103,2.0465396798440176,5.5514018691588785,2.8554537426680326,0.39662246440330096,0.00026448551908591863,0.13475600673847132,0.0,0.00026448551908591863,-0.04368605243154744,0,0,1,0,0,1.0,0.2523364485981308,0.29225926628841037,0.24743274718478003,0.9105834285483899,0.49174143278648486,0.0,0.3466107617051013,0.04489004513768073
1368,107,100.0,107,0,105,2,0,0.0,2.7862738389118875,2.761483628891225,6.015259386167873,2.1702404882235986,1.2784210453222826,1.9784571901299284,5.5514018691588785,2.8554537426680326,0.3981102982608422,0.0003598888941953991,0.08086205950721245,0.0,0.0003598888941953991,0.0009875866321079063,0,0,0,2,0,1.0,0.2803738317757009,0.29563504618740594,0.23449059682978735,0.9121514113511596,0.49821725085538104,0.0,0.3466107617051013,0.0449164758174983
1369,107,100.0,107,0,105,2,0,0.0,2.792248326050554,2.7676667617244557,6.0731164316202495,2.1714938302835125,1.2975097611190498,1.9717402361692205,5.5514018691588785,2.8554537426680326,0.3954333344615011,0.0026592967547352624,0.08845766448431809,0.0,0.0026592967547352624,-0.0023501427539152075,0,0,0,2,0,1.0,0.2616822429906542,0.29371818594103316,0.22834791328503243,0.9038616483466534,0.49566403132090686,0.0,0.3466107617051013,0.04496424255457076
1370,107,100.0,107,0,106,1,0,0.0,2.7720741143625154,2.7489678384829226,5.330499455686016,2.172284232457838,1.3142914738190288,1.997479336445978,5.5514018691588785,2.8554537426680326,0.392003274134477,0.0004971451480149951,0.08391167046340817,0.0,0.0004971451480149951,0.004207965223137267,0,0,0,1,0,1.0,0.2523364485981308,0.28071512702325674,0.25697797948472145,0.8902027929152102,0.48602229335455915,0.0,0.3466107617051013,0.04487465628036502
1371,107,100.0,107,0,104,3,0,0.0,2.7389260110482523,2.716763825839727,4.959416716537343,2.172316408516246,1.318292820599063,1.9930514648439923,5.5514018691588785,2.8554537426680326,0.38951624479673486,0.05841966591066869,0.07340390003777374,0.0,0.05841966591066869,0.020915308614018507,0,0,0,3,0,0.6666666666666666,0.2523364485981308,0.27433110418798057,0.26100250167189204,0.914882702936936,0.48797293766218364,0.0,0.3466107617051013,0.04470937515002574
1372,107,100.0,107,0,104,3,0,0.0,2.7642471909156128,2.741132779767203,5.028249851520937,2.1729043411677678,1.3208382566183325,1.9605948769468449,5.5514018691588785,2.8554537426680326,0.38725064694216815,0.04164674898683011,0.10890967153660037,0.0,0.04164674898683011,-0.03425524070294735,0,0,1,2,0,0.6666666666666666,0.24299065420560748,0.2722671354336358,0.2584717964613935,0.914882702936936,0.48530360896919755,0.0,0.3466107617051013,0.044844375121813655
1373,107,100.0,107,0,103,4,0,0.0,2.8003072967970835,2.77685214739117,5.883180883817024,2.1742914456901277,1.3063269921328589,1.9770765735618685,5.5514018691588785,2.8554537426680326,0.39512132363055263,0.03850788229634964,0.10131591699011652,0.0,0.03850788229634964,-0.0033084716512734313,0,0,0,4,0,0.75,0.2336448598130841,0.29086080656022967,0.22944690392057548,0.8970948239545676,0.497037820565081,0.0,0.38399720475192173,0.04504447971522023
1374,107,100.0,107,0,103,4,0,0.0,2.7711142175702412,2.748807320992371,5.554124589552074,2.1749982964484658,1.3087141598244982,2.017585456979506,5.5514018691588785,2.8554537426680326,0.3921138270604647,0.004023501178856138,0.08311594990373981,0.0,0.004023501178856138,0.02039168257916829,0,0,0,4,0,1.0,0.24299065420560748,0.2845743428996974,0.23086345615950696,0.8952450354187046,0.4915214135633273,0.0,0.38399720475192173,0.04490860621730304
1375,107,100.0,107,0,103,4,0,0.0,2.7732146744377046,2.7514499935936425,5.329820073694312,2.175745331645329,1.3051888128649274,1.999025635598324,5.5514018691588785,2.8554537426680326,0.3911594970446741,0.002447645398099432,0.09481549905322645,0.0,0.002447645398099432,0.000864061951188988,0,0,0,4,0,1.0,0.2336448598130841,0.2800159568800391,0.2458707359073915,0.9211691481096028,0.4836599254181135,0.0,0.34661076170510136,0.0449297741238843
1376,107,100.0,107,0,103,4,0,0.0,2.750773833417584,2.729406522633183,5.043256772704344,2.1759674827044613,1.3170796904264264,2.0280242555836465,5.5514018691588785,2.8554537426680326,0.38959944211801645,0.0027682632497636017,0.09441318443894554,0.0,0.0027682632497636017,-0.002607065682332682,0,0,0,4,0,1.0,0.24299065420560748,0.275382852740951,0.2587768273037965,0.915499049254749,0.4771298944343786,0.0,0.30922431865828093,0.04482074162914988
1377,107,100.0,107,0,104,3,0,0.0,2.755516644026005,2.732830157825811,5.086074297796786,2.176261498598256,1.3445484296957728,2.0300557287234247,5.5514018691588785,2.8554537426680326,0.3877954736761129,0.0007841480169957312,0.09248533450206997,0.0,0.0007841480169957312,-0.003587864092317261,0,0,0,3,0,1.0,0.24299065420560748,0.27495583545143765,0.2538848546512223,0.9097597784135043,0.47461165970388414,0.0,0.3466107617051013,0.04484865342611368
1378,107,100.0,107,0,105,2,0,0.0,2.7271905528430223,2.705283480190776,4.627953205508166,2.1759178528941985,1.3525143421035404,2.0496431118117413,5.5514018691588785,2.8554537426680326,0.3817053799263941,0.0003199946963295645,0.1174001603074095,0.0,0.0003199946963295645,-0.04419122466811043,0,0,0,2,0,1.0,0.2336448598130841,0.2632860576416841,0.26719918585233804,0.9066345471781498,0.4660779420335945,0.0,0.3466107617051013,0.04470211664813976
1379,107,100.0,107,0,104,3,0,0.0,2.73121580693663,2.7095744752700646,4.756295867875257,2.17568204173793,1.3600525692195589,2.0938013958639106,5.5514018691588785,2.8554537426680326,0.38025652187552517,0.0006323155944455203,0.10217469198767587,0.0,0.0006323155944455203,-0.022607770949070998,0,0,0,3,0,1.0,0.22429906542056074,0.26399605790148944,0.2512167485538652,0.9074317566145492,0.4715597649207543,0.0,0.38399720475192173,0.04471887617936415
1380,107,100.0,107,0,105,2,0,0.0,2.744083914138571,2.720813909947382,5.0002670528755955,2.1757097135466683,1.3276400494549163,2.0560791188725136,5.5514018691588785,2.8554537426680326,0.3847077809017845,0.0007721625566485698,0.10191592934135149,0.0,0.0007721625566485698,-0.008293864103163462,0,0,0,2,0,1.0,0.2523364485981308,0.27072359413268055,0.25160830405535245,0.8989859064786544,0.47733881931150707,0.0,0.38399720475192173,0.04478361179322299
1381,107,100.0,107,0,105,2,0,0.0,2.7779941819157545,2.755150075870289,5.3400656073622,2.1765209578676554,1.2875865554530592,2.0211040682476233,5.5514018691588785,2.8554537426680326,0.3868499175466602,4.585223335632066e-05,0.11953647631087908,0.0,4.585223335632066e-05,-0.04184900976356465,0,0,1,1,0,1.0,0.24299065420560748,0.27528276784547107,0.23138952262586585,0.8992911669095943,0.48731303649262664,0.0,0.38399720475192173,0.044964745485271816
1382,107,100.0,107,0,103,4,0,0.0,2.783652634361228,2.760818234127149,5.2868516046025515,2.177438518791986,1.2789435108421061,2.0029151354006385,5.5514018691588785,2.8554537426680326,0.38704790146420853,0.0005540355255834672,0.10067125043689244,0.0,0.0005540355255834672,-0.02854309372773503,0,0,1,3,0,1.0,0.2523364485981308,0.27369011683129035,0.23655251063460797,0.8992911669095943,0.48995588917852634,0.0,0.38399720475192173,0.045006138011376706
1383,107,100.0,107,0,104,3,0,0.0,2.798891409167134,2.774750853143416,5.755749405209262,2.178648150781482,1.2710838890263494,2.00334939232129,5.5514018691588785,2.8554537426680326,0.38976206924747303,0.0007023724284886736,0.08780556648254793,0.0,0.0007023724284886736,0.012368833198405796,0,0,1,2,0,1.0,0.24299065420560748,0.2825305545869772,0.2251579096616311,0.8955669805962064,0.4956990184395093,0.0,0.38399720475192173,0.045099602126364526
1384,107,100.0,107,0,105,2,0,0.0,2.8135367780710006,2.7898813270390828,6.157442362019981,2.1801688772355714,1.253571472209278,1.9975005600056246,5.5514018691588785,2.8554537426680326,0.3928251905513145,0.00015292335621157221,0.08085906994866913,0.0,0.00015292335621157221,0.017181508753739527,0,0,0,2,0,1.0,0.24299065420560748,0.28995570685039074,0.21210649183040928,0.8955669805962064,0.5029015560158567,0.0,0.38399720475192173,0.04519454079110838
1385,106,99.06542056074767,107,1,103,3,0,0.009345794392523364,2.802416469851367,2.774039170058552,5.820325332300216,2.1813977903670576,1.2933607135098462,2.040836250747629,5.5514018691588785,2.8554537426680326,0.38988977427415605,0.13825888001907477,0.10293181496002901,0.25,0.11187894537766425,0.002115341960264361,0,1,0,3,0,0.75,0.22429906542056074,0.28380843292921404,0.21959649269121548,0.9167453957066078,0.4991966626242338,0.009345794392523364,0.38399720475192173,0.045156484773013796
1386,106,99.06542056074767,107,0,104,3,0,0.0,2.7930336671326983,2.7640364471411125,5.895824706947819,2.182249611262424,1.3001166495088419,2.073908427098697,5.5514018691588785,2.8554537426680326,0.39133861647942614,0.0004211732840404328,0.07173182783518166,0.0,0.0004211732840404328,0.015741782033558655,0,0,0,3,0,1.0,0.24299065420560748,0.2871651650787409,0.21259792729703597,0.9142519774605773,0.5034884844920183,0.0,0.38399720475192173,0.04512173243523923
1387,106,99.06542056074767,107,0,104,3,0,0.0,2.8072180194231366,2.7785484990563067,5.9012321767573095,2.1834086167497917,1.285970662319321,2.051305255136037,5.5514018691588785,2.8554537426680326,0.3929451904604324,0.0015270730595511254,0.09189279780836128,0.0,0.0015270730595511254,0.00707333112745534,0,0,0,3,0,1.0,0.2336448598130841,0.28802733014820886,0.21159743353767121,0.9172054048785193,0.5073230786683186,0.0,0.3466107617051013,0.04520920162947481
1388,106,99.06542056074767,107,0,105,2,0,0.0,2.7930628987091572,2.7647080134836854,5.819669559525205,2.184218360440964,1.305049193315817,2.058221527240829,5.5514018691588785,2.8554537426680326,0.3911281857505824,9.818898889782038e-05,0.09615980242748556,0.0,9.818898889782038e-05,-0.013335865364641264,0,0,1,1,0,1.0,0.2803738317757009,0.2863062282817096,0.20675533144769512,0.9183083628205903,0.5014748817297966,0.0,0.3466107617051013,0.045149986954172716
1389,106,99.06542056074767,107,0,104,3,0,0.0,2.7733137526183462,2.745159560902438,5.669472229042758,2.1845584246589085,1.3130287152706952,2.0919947921509516,5.5514018691588785,2.8554537426680326,0.3900886695005492,0.0014529567578710084,0.08591271552779978,0.0,0.0014529567578710084,0.004345425407345949,0,0,0,3,0,1.0,0.2616822429906542,0.28460091182508607,0.2107362468625726,0.9094385945574998,0.4988926498188229,0.0,0.3466107617051013,0.04505609641193804
1390,107,100.0,107,0,104,3,0,0.0,2.7961523022625205,2.7673537972353435,5.989723511130632,2.1853957754220334,1.2911893507952386,2.026471513222408,5.5514018691588785,2.8554537426680326,0.39361919463568107,0.029172472718513708,0.11938734834234864,0.0,0.029172472718513708,-0.009061588540701493,0,0,1,2,0,0.6666666666666666,0.308411214953271,0.2917018871689569,0.19993134031185966,0.9160270537704289,0.5092091666920477,0.0,0.30922431865828093,0.045182244242011366
1391,107,100.0,107,0,104,3,0,0.0,2.785802599044765,2.756939830221616,5.817843540004861,2.1859713232127715,1.2899567308253175,2.007377591063011,5.5514018691588785,2.8554537426680326,0.3902650836935433,0.00032696412066704917,0.08406940660648647,0.0,0.00032696412066704917,0.008557427956549383,0,0,1,2,0,1.0,0.27102803738317754,0.2870283271282469,0.19607996268254513,0.9286665011229027,0.5034350567505652,0.0,0.30922431865828093,0.04513871297638833
1392,107,100.0,107,0,104,3,0,0.0,2.7845011386578458,2.755511982465728,5.7297209937749995,2.1864978192768296,1.3024087804141413,2.008610100276203,5.5514018691588785,2.8554537426680326,0.3872231809420146,0.0024736052791670625,0.07822689314889948,0.0,0.0024736052791670625,0.01918767418688346,0,0,0,3,0,1.0,0.27102803738317754,0.2833827678378886,0.20059938975986397,0.9241111791843225,0.5001864706070455,0.0,0.27183787561146056,0.045139722600236805
1393,107,100.0,107,0,104,3,0,0.0,2.7945367518901714,2.765197209352791,6.050672611652733,2.1872305272282277,1.2817828396278694,1.995758007206019,5.5514018691588785,2.8554537426680326,0.3897539589463215,0.004600519795993806,0.08263435253713146,0.0,0.004600519795993806,0.017466749421649202,0,0,0,3,0,1.0,0.27102803738317754,0.2891258613153978,0.20004403447315655,0.9314384933786364,0.5061854345177949,0.0,0.30922431865828093,0.04520036173470895
1394,107,100.0,107,0,105,2,0,0.0,2.79149134232363,2.762576931021546,6.022541931454013,2.1878824563744614,1.2862748890941516,1.9804007736766327,5.5514018691588785,2.8554537426680326,0.38819545134963884,0.0021778208541209975,0.06880323856105572,0.0,0.0021778208541209975,0.03787108881581913,0,0,0,2,0,1.0,0.27102803738317754,0.2872039534692862,0.19368281050092778,0.9256558711963769,0.5117143498306214,0.0,0.30922431865828093,0.045194442454479074
1395,106,99.06542056074767,107,1,104,2,0,0.009345794392523364,2.767674558843183,2.735915632763336,6.1060017794545445,2.187975828669529,1.3041936274842805,1.9886505753549721,5.5514018691588785,2.8554537426680326,0.38812359298131205,0.33444770692993075,0.11543683144088829,0.3333333333333333,0.002235115185599876,0.03294197850426328,0,1,0,2,0,1.0,0.2616822429906542,0.2904127633613636,0.18112148310162807,0.9271537772037268,0.5143081283106652,0.009345794392523364,0.30922431865828093,0.045076691638423906
1396,106,99.06542056074767,107,0,103,4,0,0.0,2.7306876798319,2.701415162260618,5.418101304993323,2.1872093192657305,1.3082900994687139,2.0117050980473077,5.5514018691588785,2.8554537426680326,0.3825735474218559,0.06936489720384958,0.08379430110430092,0.0,0.06936489720384958,0.00713212029502619,0,0,0,4,0,0.75,0.27102803738317754,0.276385729466506,0.19104975133845356,0.9294635042235222,0.5125015950823005,0.0,0.3466107617051013,0.04488081358263815
1397,106,99.06542056074767,107,0,103,4,0,0.0,2.7444123847697104,2.7156746989307963,5.374930822777603,2.1867904367622204,1.307003979855147,2.0442160926936497,5.5514018691588785,2.8554537426680326,0.3841429785748103,0.06614828368767396,0.08843462572374217,0.0,0.06614828368767396,-0.0022354579941025465,0,0,1,3,0,0.75,0.27102803738317754,0.2765954047531372,0.19830897291678487,0.933777946813891,0.5146152304184014,0.0,0.3466107617051013,0.04494345660926528
1398,106,99.06542056074767,107,0,103,4,0,0.0,2.732966091498828,2.7053094512822335,5.3472456360014515,2.186146735373299,1.3001864649981894,2.004062611338135,5.5514018691588785,2.8554537426680326,0.38392054912817586,0.150448359066775,0.10278981704064732,0.0,0.150448359066775,0.004061382006169817,0,0,0,4,0,0.5,0.27102803738317754,0.276960450699965,0.19098651741390252,0.9295678393914538,0.5134203076278034,0.0,0.3466107617051013,0.04487703484521008
1399,106,99.06542056074767,107,0,103,4,0,0.0,2.753763686956117,2.7259900635854426,5.460751049097032,2.1859938348341945,1.27742181691047,1.9779921180931943,5.5514018691588785,2.8554537426680326,0.38318196469927246,0.2762410563097739,0.1089259332691121,0.25,0.10382336143372542,0.004039221936061571,0,0,0,4,0,0.5,0.2616822429906542,0.27676102463006974,0.1828424779920378,0.9376288369263236,0.5189515783452832,0.0,0.30922431865828093,0.04497883982041331
1400,107,100.0,107,0,103,4,0,0.0,2.782061609986483,2.753794285488773,5.274281278142677,2.1864804496552233,1.2203815659647663,1.9228650606728088,5.5514018691588785,2.8554537426680326,0.3872003453519164,0.07870881465797923,0.07679615979836138,0.0,0.07870881465797923,0.0030173471555548503,0,0,0,4,0,0.75,0.2523364485981308,0.2766254619078698,0.19761955266780756,0.9386007874213038,0.5266248851676955,0.0,0.30922431865828093,0.04512727696612487
1401,106,99.06542056074767,107,1,102,4,0,0.009345794392523364,2.7914077858636417,2.7595736012634906,5.2050328902320775,2.187174039256435,1.2173448353738057,1.9278451001361503,5.5514018691588785,2.8554537426680326,0.384873844306612,0.08233263888801075,0.07938817960543451,0.0,0.08233263888801075,0.005092004742010814,0,1,0,4,0,0.8,0.2616822429906542,0.2731585660059021,0.19193597786258965,0.9297065778139216,0.5270022110955127,0.009345794392523364,0.30922431865828093,0.045183910410623945
1402,105,98.13084112149532,107,1,103,3,0,0.009345794392523364,2.8183103954150646,2.781693314339136,5.273083687042128,2.1883875308062106,1.2169288833857186,1.902126306607792,5.5514018691588785,2.8554537426680326,0.3868267598236872,0.11515338802743556,0.09019056880631794,0.0,0.11515338802743556,-0.0143913937785983,1,0,0,3,0,0.75,0.2523364485981308,0.27510045342433137,0.189151698559801,0.9202725740048174,0.5232261519053164,0.009345794392523364,0.34661076170510136,0.04533574880331857
1403,105,98.13084112149532,107,0,103,4,0,0.0,2.808472157724595,2.772993711607658,4.8461057884195915,2.189244379331365,1.2628514922086065,1.9577344396614145,5.5514018691588785,2.8554537426680326,0.3832250564841535,0.002633154141600676,0.06902769680182251,0.0,0.002633154141600676,0.015727681155538464,0,0,1,3,0,1.0,0.24299065420560748,0.26576871519631473,0.21045499921493954,0.9303120741942992,0.5178727029673431,0.0,0.30922431865828093,0.04529879107150648
1404,105,98.13084112149532,107,0,100,7,0,0.0,2.812352385887244,2.776826827708222,4.731707095050044,2.1901643232289607,1.2631353632918711,1.945399274042355,5.5514018691588785,2.8554537426680326,0.3826112765523688,0.03565201464099666,0.07259847895911255,0.0,0.03565201464099666,0.02021639291473822,0,0,0,7,0,0.8571428571428571,0.2523364485981308,0.2624210065737612,0.21734952566834873,0.9351702818747502,0.5135574968332788,0.0,0.30922431865828093,0.045331326498546896
1405,105,98.13084112149532,107,0,100,7,0,0.0,2.8135401081086755,2.7789153000628115,4.42995508260406,2.191105706843714,1.2568177186501575,1.9451864825884428,5.5514018691588785,2.8554537426680326,0.3785145753163983,0.034593677584928324,0.07677200784007511,0.0,0.034593677584928324,0.01878356740891721,0,0,0,7,0,0.8571428571428571,0.2523364485981308,0.2542842615668711,0.23386913225562148,0.9381814148810316,0.507558316327649,0.0,0.27183787561146056,0.04535070549648422
1406,106,99.06542056074767,107,0,102,5,0,0.0,2.7939294543960473,2.759480735999812,4.443314456467571,2.1915762536952803,1.268842041103358,1.919758595992984,5.5514018691588785,2.8554537426680326,0.3756943548082705,0.05654736127481165,0.06937762098691666,0.0,0.05654736127481165,0.023381271237251356,0,0,0,5,0,0.6,0.2336448598130841,0.25376075879151616,0.2339145421186406,0.9242936849303292,0.5019749812726867,0.0,0.30922431865828093,0.04525937035176311
1407,105,98.13084112149532,107,2,100,5,0,0.018691588785046728,2.7946229200372836,2.757728503403541,4.202901860022925,2.1920367764058284,1.2924026812004024,1.9851138427231285,5.5514018691588785,2.8554537426680326,0.3732595781056358,0.19380855643310954,0.08415579033363096,0.14285714285714285,0.06587763033969915,0.027355393807798518,0,2,2,3,0,0.5714285714285714,0.2616822429906542,0.247279648201927,0.25091171292623426,0.936964809726431,0.5020130761835903,0.018691588785046728,0.2718378756114605,0.04526941268645638
1408,105,98.13084112149532,107,0,105,2,0,0.0,2.7689848180412575,2.732181165108536,4.090872547148035,2.1918571157017386,1.3356882776461687,2.0263896036109186,5.5514018691588785,2.8554537426680326,0.3689223944665716,8.770457237855899e-05,0.06540057825717464,0.0,8.770457237855899e-05,0.0327756450338636,0,0,0,2,0,1.0,0.24299065420560748,0.24293440578789505,0.2515199890655953,0.9341737279822557,0.4939407326957747,0.0,0.2718378756114605,0.04513865711232673
1409,105,98.13084112149532,107,0,104,3,0,0.0,2.776061717280376,2.7395899530430965,3.9855117780324845,2.1918518287358393,1.330202156359354,2.022151817411516,5.5514018691588785,2.8554537426680326,0.36867877638568003,0.05561802758993076,0.08887055290752732,0.0,0.05561802758993076,0.013978736274165163,0,0,0,3,0,0.6666666666666666,0.27102803738317754,0.2402455301880467,0.2590176130393996,0.9330817479796261,0.4931429750535479,0.0,0.23445143256464007,0.045173966125089504
1410,105,98.13084112149532,107,0,105,2,0,0.0,2.799514426581002,2.7632393907739337,4.01713703632384,2.192386931740649,1.3159699350450764,2.001433473122735,5.5514018691588785,2.8554537426680326,0.37005117217083994,0.00016798918871133473,0.08195599729031092,0.0,0.00016798918871133473,-0.004362425593523012,0,0,0,2,0,1.0,0.2803738317757009,0.2406922405755211,0.26271214218021555,0.9315230941460066,0.4928413924345962,0.0,0.2718378756114605,0.04529886948098162
1411,105,98.13084112149532,107,0,105,2,0,0.0,2.787874321959914,2.751939559701703,3.88711590779843,2.1926486259672675,1.3279436314368984,2.007899205834706,5.5514018691588785,2.8554537426680326,0.36883817416803466,0.0002994457302685749,0.08627657864058297,0.0,0.0002994457302685749,0.008857162522896644,0,0,0,2,0,1.0,0.2523364485981308,0.2380375790548859,0.2639691737461868,0.9168744682983888,0.49244342013353554,0.0,0.30922431865828093,0.04524440523667034
1412,107,100.0,107,0,104,3,0,0.0,2.7813146129583473,2.745523719701995,3.7849894714169348,2.1927562865615813,1.3151502507745392,1.9939734398248765,5.5514018691588785,2.8554537426680326,0.3691395424171484,0.0008120759728887458,0.06101454638631065,0.0,0.0008120759728887458,0.03224693265359798,0,0,0,3,0,1.0,0.27102803738317754,0.23636454802164955,0.2769285801209536,0.9275592676332367,0.4916489660695503,0.0,0.2718378756114605,0.04521314379089736
1413,106,99.06542056074767,107,1,104,2,0,0.009345794392523364,2.784928103243174,2.7449905627813895,3.7251058544057525,2.192935537064874,1.3441600666847868,2.0300220202621295,5.5514018691588785,2.8554537426680326,0.3678821857320953,0.05483787890741654,0.08813824628163047,0.0,0.05483787890741654,0.009434566765576857,0,1,0,2,0,0.6666666666666666,0.2616822429906542,0.23459165320018155,0.2844255368663893,0.9256319439633877,0.48525770832485465,0.009345794392523364,0.30922431865828093,0.04523377044992401
1414,106,99.06542056074767,107,0,104,3,0,0.0,2.763105063843712,2.723338831587079,3.5196179892863153,2.1925282216711266,1.3373794292221917,2.0298471727437186,5.5514018691588785,2.8554537426680326,0.3645287079610757,7.114063486494036e-05,0.07545923503425152,0.0,7.114063486494036e-05,0.0009380872966510504,0,0,0,3,0,1.0,0.2803738317757009,0.2293064713969958,0.2933765499084024,0.923362910263582,0.4776407061619592,0.0,0.30922431865828093,0.04511883990159908
1415,106,99.06542056074767,107,0,105,2,0,0.0,2.783700576302291,2.74393837033741,3.6407859315535345,2.192603105220208,1.3002564200417588,1.9839843379457498,5.5514018691588785,2.8554537426680326,0.37119176787669383,0.003386026732439845,0.05352558527286899,0.0,0.003386026732439845,0.015413590996382787,0,0,0,2,0,1.0,0.2523364485981308,0.23556485193402948,0.29646111351886345,0.9211676255221155,0.4871707474896405,0.0,0.3466107617051013,0.045222886596444425
1416,106,99.06542056074767,107,0,103,4,0,0.0,2.793601102163317,2.754835247508441,3.579258489133281,2.1929247747337968,1.2702916825818018,1.9499488974756019,5.5514018691588785,2.8554537426680326,0.37265350575843215,0.018960781215589795,0.07403090988510264,0.0,0.018960781215589795,0.022681635023653723,0,0,0,4,0,0.75,0.2616822429906542,0.23513071048340128,0.30516767608658807,0.928012423632009,0.48938566302154957,0.0,0.30922431865828093,0.045276981787831946
1417,106,99.06542056074767,107,0,103,4,0,0.0,2.8170291124103266,2.7787284990854304,3.80999136552329,2.1937830677203407,1.2367908765381601,1.9001480487031637,5.5514018691588785,2.8554537426680326,0.37574121025188045,0.06933913428928959,0.06864302055634808,0.0,0.06933913428928959,0.021182829958246552,0,0,0,4,0,0.25,0.27102803738317754,0.2410609139860185,0.2851120114865944,0.9189823166304353,0.5003686802007853,0.0,0.3466107617051013,0.04540637591867066
1418,107,100.0,107,0,103,4,0,0.0,2.8324768922245775,2.794151764621132,3.949691006097756,2.1949691759180614,1.2576820185499553,1.942146684688543,5.5514018691588785,2.8554537426680326,0.37585786115810427,0.052256721606416576,0.07555007305383121,0.0,0.052256721606416576,0.016530289227165068,0,0,1,3,0,0.75,0.2523364485981308,0.24272046384855103,0.2742172513621949,0.913349548148052,0.502572666025829,0.0,0.3466107617051013,0.04550054920320387
1419,106,99.06542056074767,107,1,102,4,0,0.009345794392523364,2.8720374550507253,2.826724093512716,4.170596928965872,2.1970100723798818,1.2481944436564598,1.9578558085469175,5.5514018691588785,2.8554537426680326,0.3769703323679008,0.02296822685146594,0.07235487058068929,0.0,0.02296822685146594,0.021070642656203575,0,1,0,4,0,0.8,0.24299065420560748,0.2460313415100586,0.2697944467970416,0.9132913248269487,0.5108642145964495,0.009345794392523364,0.36547868623340324,0.045727490444536126
1420,106,99.06542056074767,107,0,103,4,0,0.0,2.8428032970107884,2.7996195893353892,3.6947984362111765,2.198228939916633,1.2492861278731104,1.94799633717684,5.5514018691588785,2.8554537426680326,0.3697477647686003,0.001157340368565225,0.07788116233881859,0.0,0.001157340368565225,0.012476700312162081,0,0,0,4,0,1.0,0.27102803738317754,0.23210991252842336,0.2895269507433734,0.9077299408166553,0.4962572501942416,0.0,0.3654786862334032,0.0455987217536846
1421,106,99.06542056074767,107,0,103,4,0,0.0,2.8347415121980246,2.791544003225362,3.806825044748928,2.199228527554031,1.2597290963406216,1.9629853329878213,5.5514018691588785,2.8554537426680326,0.37174173345208583,0.004823315838212474,0.08630403420543506,0.0,0.004823315838212474,0.004371063874109349,0,0,0,4,0,1.0,0.27102803738317754,0.2365053663690392,0.2777419824090837,0.9271069166534355,0.5022026648874403,0.0,0.3280922431865828,0.04557268421092244
1422,104,97.19626168224299,107,2,102,3,0,0.018691588785046728,2.831953149655638,2.777391873257839,3.633918785213676,2.2001527293692673,1.3116446804794601,2.07821153446362,5.5514018691588785,2.8554537426680326,0.3696339088369527,0.2143795788060793,0.09734793867737238,0.2,0.01437960338746661,0.017265178060972032,0,2,0,3,0,1.0,0.2897196261682243,0.23198685241281813,0.29712301693928717,0.926156147560762,0.4846345897599054,0.018691588785046728,0.3469601677148847,0.045571937475872
1423,104,97.19626168224299,107,0,102,5,0,0.0,2.8560423700341553,2.8020489976320713,3.678928630803554,2.2013373562935015,1.2997217931425062,2.0348667766184514,5.5514018691588785,2.8554537426680326,0.36888570096156337,0.03880964024182349,0.08385453554283744,0.0,0.03880964024182349,-0.002223154722782739,0,0,0,5,0,0.8,0.2803738317757009,0.2307406645765483,0.2981028894005588,0.9347202583268062,0.4848934448167805,0.0,0.3095737246680643,0.04570929681468693
1424,105,98.13084112149532,107,0,102,5,0,0.0,2.8646845770162233,2.811116990131561,3.609788626263442,2.2026953026088596,1.2887708284172552,1.9947088454487663,5.5514018691588785,2.8554537426680326,0.3678193708173849,0.03649131191321432,0.07109340304008613,0.0,0.03649131191321432,0.004111131966980874,0,0,0,5,0,0.8,0.27102803738317754,0.22824975205928175,0.30977354384135036,0.9303638256200343,0.4800443738013712,0.0,0.3095737246680643,0.04577189561403993
1425,105,98.13084112149532,107,0,102,5,0,0.0,2.857439003749827,2.8048352072380953,3.6040265570331544,2.203870974671543,1.2989594315670259,1.951088727149111,5.5514018691588785,2.8554537426680326,0.3671543703518019,0.10102353740058016,0.07671054666090975,0.0,0.10102353740058016,0.0156724156218764,0,0,2,3,0,0.6,0.27102803738317754,0.22828476773474943,0.30916410122153043,0.9162904675628837,0.48259050498550504,0.0,0.34696016771488475,0.045752453133665646
1426,104,97.19626168224299,107,1,102,4,0,0.009345794392523364,2.83348394718536,2.780378173715013,3.3897206283064607,2.204504281978607,1.3361062570981517,2.0009136186338328,5.5514018691588785,2.8554537426680326,0.361421533898195,0.15127840399676387,0.09194909011218713,0.2,0.11767635400533616,0.001956124127336367,0,1,0,4,0,0.6,0.27102803738317754,0.22099795385085672,0.30474250679791887,0.9277705773019422,0.47840027249699113,0.009345794392523364,0.3095737246680643,0.04564171974944439
1427,106,99.06542056074767,107,0,104,3,0,0.0,2.8292564007264462,2.7763831527332425,3.3183384900137796,2.2049783512679926,1.3255899937951108,2.0199908330378973,5.5514018691588785,2.8554537426680326,0.36291919995547084,0.07063377364296082,0.08805499943722205,0.0,0.07063377364296082,0.014658476659967445,0,0,0,3,0,0.6666666666666666,0.2803738317757009,0.22101480159951103,0.30602813716610056,0.9127482735756522,0.47871208814441385,0.0,0.3469601677148847,0.04562735043178312
1428,106,99.06542056074767,107,0,104,3,0,0.0,2.855081608398885,2.801786908272099,3.3848152270743426,2.2060191977187618,1.3306622812847257,2.0076734471487074,5.5514018691588785,2.8554537426680326,0.36285812867355194,0.03354310200283123,0.08302964159535357,0.0,0.03354310200283123,0.0005858565065542202,0,0,0,3,0,0.6666666666666666,0.2523364485981308,0.22095599101196972,0.29840418333052643,0.9129865020596274,0.4791486709322292,0.0,0.3843466107617051,0.04577133691461227
1429,106,99.06542056074767,107,0,104,3,0,0.0,2.8277946274412074,2.7760722787872605,3.30093657906533,2.2064429078005663,1.3507220637182356,2.0314123171944165,5.5514018691588785,2.8554537426680326,0.3601176224617466,0.03797113420641524,0.07900858037678482,0.0,0.03797113420641524,-0.0026859979082639964,0,0,0,3,0,0.6666666666666666,0.2616822429906542,0.2182108503338878,0.29481538762322423,0.9058765295376309,0.48029098914826357,0.0,0.3843466107617051,0.04564095143251836
1430,106,99.06542056074767,107,0,103,4,0,0.0,2.8345612047298614,2.7826385087763796,3.3455613851878745,2.207004515564963,1.327572415852904,2.006416388938597,5.5514018691588785,2.8554537426680326,0.3622839457856031,0.029062735020205937,0.06663392997560261,0.0,0.029062735020205937,0.007455747353972447,0,0,0,4,0,0.75,0.27102803738317754,0.22081497486457194,0.2966080777499093,0.8983939066600041,0.4836023444068232,0.0,0.3843466107617051,0.04568280254392542
1431,107,100.0,107,0,104,3,0,0.0,2.8444296704744514,2.79198797179311,3.4164124220820398,2.2077636625527375,1.3113651913024158,1.9888016704442055,5.5514018691588785,2.8554537426680326,0.3615976503435625,0.09894023448392493,0.06910064469602395,0.0,0.09894023448392493,0.01608128009885129,0,0,0,3,0,0.3333333333333333,0.2616822429906542,0.22074860719717976,0.2810873105653782,0.8830095073376122,0.48544837814643194,0.0,0.42173305380852555,0.04574298341818575
1432,107,100.0,107,0,104,3,0,0.0,2.8340336716511088,2.7823690595415234,3.5023755735323316,2.2082814015775236,1.3110701136440355,1.9941573900252418,5.5514018691588785,2.8554537426680326,0.36273193513992563,0.04231558061610482,0.06702739785228178,0.0,0.04231558061610482,0.008083381305058923,0,0,0,3,0,0.6666666666666666,0.2616822429906542,0.22359316335889928,0.26743941629677054,0.8918821527426534,0.4890097449563981,0.0,0.38434661076170507,0.04569839532324929
1433,107,100.0,107,0,103,4,0,0.0,2.8573982440806476,2.804858921969216,3.6237949848123194,2.2092981068986783,1.2948832799361187,1.991517266398649,5.5514018691588785,2.8554537426680326,0.3643322698035827,0.06686326027150627,0.0854908431103344,0.0,0.06686326027150627,0.009501761898590921,0,0,0,4,0,0.75,0.24299065420560748,0.22600117884504722,0.26820774512553114,0.89190781089286,0.4898805630542817,0.0,0.3469601677148847,0.04582973396046939
1434,107,100.0,107,0,104,3,0,0.0,2.8211280571174617,2.7699886416943618,3.3914526295722767,2.2094892168911393,1.3100101771944521,1.9979603222033608,5.5514018691588785,2.8554537426680326,0.36273159088115015,0.03424393328637194,0.06954513355113782,0.0,0.03424393328637194,-0.0006104247576308083,0,0,0,3,0,0.6666666666666666,0.2523364485981308,0.2219582884079381,0.2872159972545005,0.9086836242017777,0.4859353530918234,0.0,0.3469601677148847,0.04565111155436963
1435,106,99.06542056074767,107,1,104,2,0,0.009345794392523364,2.8428566083324953,2.7998380303612582,3.622029443960887,2.2101339741171735,1.3105149634149724,2.0067550808124177,5.5514018691588785,2.8554537426680326,0.3665493667820727,0.12279130414426237,0.08281913121081087,0.0,0.12279130414426237,0.007280801221295004,0,1,0,2,0,0.6666666666666666,0.27102803738317754,0.22876553922059134,0.2728084827836205,0.9084446645147517,0.4892757073052637,0.009345794392523364,0.3654786862334032,0.045768959682615754
1436,106,99.06542056074767,107,0,105,2,0,0.0,2.856476526097616,2.812789297134695,3.767160907774809,2.211278938641985,1.301430186159951,1.9938585829855224,5.5514018691588785,2.8554537426680326,0.36996092472317454,0.00028795871214597186,0.07034439265179665,0.0,0.00028795871214597186,0.0015995045471971503,0,0,0,2,0,1.0,0.2616822429906542,0.23316151682783168,0.26696064652377033,0.9071008471562542,0.4965491331161535,0.0,0.3654786862334032,0.04585340623762934
1437,106,99.06542056074767,107,0,106,1,0,0.0,2.841594952222549,2.798224495834629,3.6733650459106717,2.2120584963033543,1.3167951668012592,1.9429670903133904,5.5514018691588785,2.8554537426680326,0.3670870308605989,5.721005023046394e-05,0.09383539728131496,0.0,5.721005023046394e-05,-0.010683819852024934,0,0,0,1,0,1.0,0.27102803738317754,0.2299464806098318,0.2664371210586916,0.9024502128960709,0.49685516251804906,0.0,0.40286512928022367,0.04579012832246292
1438,106,99.06542056074767,107,0,102,5,0,0.0,2.8461579733154165,2.8034514302791784,3.7354582290251765,2.2129351962124835,1.3086128255924014,1.9412682538409987,5.5514018691588785,2.8554537426680326,0.36574599428319665,0.0009969755698074779,0.08794435981492643,0.0,0.0009969755698074779,0.00971103446216437,0,0,0,5,0,1.0,0.2897196261682243,0.22960244481913417,0.26071293092837977,0.921516750969069,0.4972648170768415,0.0,0.3280922431865828,0.04582546030811085
1439,106,99.06542056074767,107,0,105,2,0,0.0,2.8442033269174036,2.799608216864984,3.5755877207579987,2.2136990694162266,1.3190875851786348,1.9428266813241595,5.5514018691588785,2.8554537426680326,0.3632819335624071,0.0001012981308873713,0.09472043055435107,0.0,0.0001012981308873713,0.0038018446667247296,0,0,0,2,0,1.0,0.27102803738317754,0.2249665611628007,0.2824840083544307,0.9005286347253154,0.48877661884580725,0.0,0.40286512928022367,0.04582659309911355
1440,107,100.0,107,0,104,3,0,0.0,2.832770006155104,2.788660305743553,3.687347991070669,2.2141910405436946,1.3298941416690109,1.9451025400452777,5.5514018691588785,2.8554537426680326,0.36433430837896386,0.00031255775671951407,0.08228930694045493,0.0,0.00031255775671951407,0.01554659136116665,0,0,0,3,0,1.0,0.2897196261682243,0.22820009697971094,0.26982534941419106,0.8889428016595852,0.4928779104080732,0.0,0.40286512928022367,0.045776450499288114
1441,107,100.0,107,0,106,1,0,0.0,2.8304575966233565,2.7866502410577083,3.5834514290813386,2.2146230464893497,1.3461462905573125,1.9726003569959638,5.5514018691588785,2.8554537426680326,0.3616451859447247,0.00016374767799383293,0.06582636237889455,0.0,0.00016374767799383293,0.00816301518025453,0,0,1,0,0,1.0,0.2803738317757009,0.22420972182316704,0.27577828878478966,0.9143436752392209,0.4890891523999251,0.0,0.4028651292802236,0.04577105631660126
1442,107,100.0,107,0,105,2,0,0.0,2.8730104330003847,2.828028205466855,3.7501135021615517,2.21598793961175,1.3434257007235217,1.956259294546254,5.5514018691588785,2.8554537426680326,0.3635837750001738,0.001641746465891038,0.05495306005008337,0.0,0.001641746465891038,0.03289823001941017,0,0,0,2,0,1.0,0.2803738317757009,0.2269687215616346,0.27295484764759437,0.9106266264211654,0.49409695917198493,0.0,0.4028651292802236,0.046003307444359896
1443,107,100.0,107,0,103,4,0,0.0,2.8863546641860283,2.8400886841847264,3.9775625750599763,2.217589363955149,1.326866814762465,1.9434442744959501,5.5514018691588785,2.8554537426680326,0.36746426999114146,0.00037444743099996204,0.09193598405491898,0.0,0.00037444743099996204,0.011759689752295077,0,0,0,4,0,1.0,0.2803738317757009,0.23403148589811792,0.25464665050704516,0.9241563415173191,0.5039632060132039,0.0,0.3654786862334032,0.0460928925659629
1444,107,100.0,107,0,102,5,0,0.0,2.8701144023514424,2.824099945083247,3.975272347227566,2.218779819527936,1.334165704867962,1.9260202327167013,5.5514018691588785,2.8554537426680326,0.3676362372321005,0.002861534134598126,0.08455560070792591,0.0,0.002861534134598126,0.012742982725589002,0,0,1,4,0,1.0,0.2897196261682243,0.23438541878490887,0.2444966708786862,0.9022185293994713,0.5073014059445028,0.0,0.40286512928022367,0.04602868771089395
1445,107,100.0,107,0,103,4,0,0.0,2.9119969946943134,2.8646411786415897,4.2654399051098695,2.220862391129287,1.3173386856114135,1.9180087414593607,5.5514018691588785,2.8554537426680326,0.3713258068191301,0.0010844470199256233,0.0827586263610395,0.0,0.0010844470199256233,0.011768241808792546,0,0,0,4,0,1.0,0.2803738317757009,0.24048657720234248,0.2435603682628028,0.9125799498146755,0.5100785417649901,0.0,0.4028651292802236,0.04626783410697556
1446,107,100.0,107,0,101,6,0,0.0,2.893733202352768,2.846687538516121,4.276267357387612,2.2224753695507773,1.3114840256165738,1.9231262351740528,5.5514018691588785,2.8554537426680326,0.36898860306902903,0.002168665570780032,0.0834321220407485,0.0,0.002168665570780032,0.007767706607398413,0,0,1,5,0,1.0,0.2803738317757009,0.24010607159580907,0.23249810650381605,0.8859029902054955,0.5083998904487307,0.0,0.440251572327044,0.04619954407162027
1447,107,100.0,107,0,102,5,0,0.0,2.8920828774274963,2.8447117365137107,4.154839431842819,2.223997155629782,1.3257235498890072,1.9628148781185613,5.5514018691588785,2.8554537426680326,0.3678319385886544,0.004291551102383257,0.07958884918798866,0.0,0.004291551102383257,0.01179580665390052,0,0,1,4,0,1.0,0.2616822429906542,0.23737341885411353,0.24210841951105852,0.8871182768852461,0.5075619685460377,0.0,0.440251572327044,0.046213019395768086
1448,107,100.0,107,0,103,4,0,0.0,2.8881170506962666,2.841420019392875,4.095046934641701,2.2254002930434593,1.337490299713296,1.9747473986563293,5.5514018691588785,2.8554537426680326,0.36657702593345887,0.010867112879090472,0.08104002688668237,0.0,0.010867112879090472,0.009777816049723914,0,0,0,4,0,1.0,0.2523364485981308,0.23529263359276698,0.24215145705547722,0.8928875482001289,0.5050048524036249,0.0,0.440251572327044,0.04621322323200874
1449,107,100.0,107,0,104,3,0,0.0,2.899647221100179,2.8532119039790618,3.9483868766887635,2.2270327339651406,1.3294130571351492,1.9365300111381387,5.5514018691588785,2.8554537426680326,0.36453486929785384,0.0027985743320309404,0.06710100463542572,0.0,0.0027985743320309404,0.0013187288991841257,0,0,0,3,0,1.0,0.2523364485981308,0.23078989387246904,0.25506459109368196,0.8803472200980222,0.5006946784057369,0.0,0.440251572327044,0.04629418088172581
1450,107,100.0,107,0,103,4,0,0.0,2.8898392054129056,2.843191284931395,3.981050942934882,2.2283896539781187,1.329759244474731,1.8968467218061846,5.5514018691588785,2.8554537426680326,0.36549168383467157,0.0050210133146324845,0.06719591084119363,0.0,0.0050210133146324845,0.003946164823490583,0,0,1,3,0,1.0,0.2523364485981308,0.2323889933180298,0.25244440387927247,0.89491486822471,0.5031771101147394,0.0,0.440251572327044,0.04626451391493724
1451,107,100.0,107,0,105,2,0,0.0,2.8765212082418814,2.831240246249603,3.7716383450596056,2.22943482266274,1.3345995616031838,1.9446871293321417,5.5514018691588785,2.8554537426680326,0.36214658229003427,0.015224818965194252,0.06602247765655722,0.0,0.015224818965194252,0.01028962155583757,0,0,0,2,0,1.0,0.2336448598130841,0.22608633054807548,0.2543044183841741,0.8747919035053421,0.4997461614230436,0.0,0.440251572327044,0.04621284608324322
1452,107,100.0,107,0,104,3,0,0.0,2.8800016455066095,2.8342540239754657,3.7042287774780895,2.2305189926621334,1.3371673457251316,1.9339787223340306,5.5514018691588785,2.8554537426680326,0.3605728324124451,0.00394806383876676,0.06652439676822358,0.0,0.00394806383876676,-0.0008901255085175993,0,0,0,3,0,1.0,0.21495327102803738,0.22385824518432706,0.2606562516297733,0.8738772102935678,0.4950521858308229,0.0,0.44025157232704404,0.04624572725597914
1453,106,99.06542056074767,107,1,105,1,0,0.009345794392523364,2.884463701963635,2.848420238996715,3.851030047253768,2.2316887816376387,1.3284822940250747,1.9493343634214553,5.5514018691588785,2.8554537426680326,0.3589198890505467,0.03531171318356851,0.05535952143120666,0.0,0.03531171318356851,0.0002675510899050604,0,1,0,1,0,0.5,0.22429906542056074,0.2240943103431546,0.2528930593329139,0.8824835336675837,0.48663632823986575,0.009345794392523364,0.44025157232704404,0.04628473892980547
1454,106,99.06542056074767,107,0,106,1,0,0.0,2.917461299412594,2.8799333431483776,4.102941427466948,2.233752072344284,1.3247714369458177,1.9513691711091574,5.5514018691588785,2.8554537426680326,0.3599929559755959,6.15487108220144e-05,0.09380467425559397,0.0,6.15487108220144e-05,0.006945927075603597,0,0,0,1,0,1.0,0.2336448598130841,0.2275163494211759,0.2382061999719703,0.8758636693597375,0.4883301519850959,0.0,0.44025157232704404,0.046479185072902766
1455,106,99.06542056074767,107,0,104,3,0,0.0,2.9422219182932445,2.9039229241327162,4.534457842766107,2.2363044558496785,1.3271341511065124,1.949278970242619,5.5514018691588785,2.8554537426680326,0.3616426175480332,0.0003794956333386587,0.09266701297035755,0.0,0.0003794956333386587,0.011077998722822816,0,0,0,3,0,1.0,0.22429906542056074,0.23331686007942243,0.21813616784690548,0.9043619526711748,0.48858476143829377,0.0,0.4028651292802236,0.04663942923247204
1456,106,99.06542056074767,107,0,105,2,0,0.0,2.9032127731721973,2.866763686257215,3.997817817203302,2.237935105345811,1.3586707319694216,1.9827071761849726,5.5514018691588785,2.8554537426680326,0.35343149729606416,0.0002766989961568444,0.0944376700335019,0.0,0.0002766989961568444,0.026170201281244365,0,0,0,2,0,1.0,0.2336448598130841,0.21999337224371424,0.23402753753658592,0.892297277414851,0.4762818731150049,0.0,0.44025157232704404,0.04646766472790036
1457,106,99.06542056074767,107,0,105,2,0,0.0,2.920502760844357,2.884991874042891,4.1852453699125665,2.2399355903761533,1.3501280833366387,1.9815416816870308,5.5514018691588785,2.8554537426680326,0.35580308053251675,0.001003100473192802,0.07550333157418765,0.0,0.001003100473192802,0.034985885558493635,0,0,0,2,0,1.0,0.22429906542056074,0.22349136662094668,0.228067488358765,0.9077999340123342,0.47845049373709664,0.0,0.4028651292802236,0.046582676128596366
1458,107,100.0,107,0,106,1,0,0.0,2.915139195246176,2.880087528546881,4.245818799278175,2.2417669194282097,1.3274907551927482,1.9611458225553646,5.5514018691588785,2.8554537426680326,0.35607070614513336,6.16186097824898e-05,0.07985261705320842,0.0,6.16186097824898e-05,-0.018300876065977856,0,0,1,0,0,1.0,0.22429906542056074,0.22418806534007682,0.22526434588117866,0.9379477142514813,0.47861566404531475,0.0,0.3280922431865828,0.04658200467758422
1459,107,100.0,107,0,106,1,0,0.0,2.8769239497274532,2.8414999402010572,4.01062789955395,2.2426644751378078,1.3287540566654563,1.9692087440275168,5.5514018691588785,2.8554537426680326,0.35635820001726426,0.0007446914867308627,0.08548647015270126,0.0,0.0007446914867308627,-0.006351598982821338,0,0,0,1,0,1.0,0.2336448598130841,0.22246527502482366,0.23537060925665976,0.9464642763738327,0.48053493595758173,0.0,0.3280922431865828,0.04640374309404173
1460,107,100.0,107,0,106,1,0,0.0,2.8790119437532713,2.8437909160882775,4.013694942312442,2.2435887357646758,1.3337174831281562,1.9847092492443799,5.5514018691588785,2.8554537426680326,0.35454998948018956,0.00029093388984997815,0.08656365612714834,0.0,0.00029093388984997815,-0.007796605339524865,0,0,0,1,0,1.0,0.2523364485981308,0.2212342936310095,0.22848585021381757,0.9273966780832827,0.4816616349588014,0.0,0.3654786862334032,0.046427378981501774
1461,107,100.0,107,0,104,3,0,0.0,2.9122335902192305,2.87528367471795,4.132745819610754,2.2452060134808507,1.3380371400773263,1.9883944964502467,5.5514018691588785,2.8554537426680326,0.35681735174479656,0.026272545288922717,0.08788919877342889,0.0,0.026272545288922717,0.021590561939641928,0,0,0,3,0,0.6666666666666666,0.205607476635514,0.22431195686365088,0.23811160340974566,0.9273966780832827,0.4780160963968631,0.0,0.3654786862334032,0.046616577522369494
1462,107,100.0,107,0,106,1,0,0.0,2.952517362074104,2.91359436867928,4.065045529901523,2.247652265895598,1.33353141492104,1.9930629115976606,5.5514018691588785,2.8554537426680326,0.3563213385959798,0.021804568001459045,0.10159365863890989,0.0,0.021804568001459045,0.018311590705333725,0,0,0,1,0,1.0,0.21495327102803738,0.22164558787558758,0.26030473041078633,0.9255249935991094,0.47066330535210216,0.0,0.36547868623340324,0.04685292218470987
1463,107,100.0,107,0,105,2,0,0.0,2.9897958067402213,2.9497868991953413,4.420116613010466,2.2508554354779626,1.298817616038647,1.9600902195675824,5.5514018691588785,2.8554537426680326,0.36330867843488823,5.51457820230002e-05,0.0869032647335784,0.0,5.51457820230002e-05,-0.010196120245253293,0,0,0,2,0,1.0,0.2336448598130841,0.23058580994990055,0.26174111023583857,0.8882081327913718,0.47402463965944014,0.0,0.44025157232704404,0.04708504692090227
1464,106,99.06542056074767,107,1,105,1,0,0.009345794392523364,3.027063505601185,2.997453646847154,4.41408447141821,2.2547923111186976,1.2916777632427086,1.9496238192643023,5.5514018691588785,2.8554537426680326,0.36392327522680357,0.24793533375049964,0.11627591485682527,0.0,0.24793533375049964,0.013931115292132201,0,1,0,1,0,0.5,0.19626168224299065,0.22933058941675982,0.2793014654976649,0.9187539981059357,0.46921878885437773,0.009345794392523364,0.4028651292802236,0.04732759324662087
1465,105,98.13084112149532,107,1,99,4,3,0.009345794392523364,3.0464146450216076,3.009552877583925,4.494269894388017,2.259340670324904,1.2995374873912122,1.9511570301718983,5.5514018691588785,2.8554537426680326,0.3619924874490592,0.5499043740637184,0.15367094062382566,0.625,0.08311759312798674,0.00866647050190189,1,3,1,3,0,0.75,0.18691588785046728,0.2287736643728518,0.29044359109736045,0.8980634409269059,0.46814496291854946,0.009345794392523364,0.44025157232704404,0.04748928709031479
1466,105,98.13084112149532,107,0,102,5,0,0.0,3.0774385440800556,3.040790251463438,4.887114867799308,2.264288929828168,1.2961216226341705,1.9439643490702607,5.5514018691588785,2.8554537426680326,0.36566363439963223,0.03191342932180559,0.10308521082817568,0.0,0.03191342932180559,-0.0328049695522334,0,0,1,4,0,0.8,0.18691588785046728,0.23583599756159768,0.2712536530735512,0.9273545258509917,0.47471008604268444,0.0,0.3654786862334032,0.047715054216198455
1467,105,98.13084112149532,107,0,103,4,0,0.0,3.09637210503972,3.0609362691187907,4.7729582890849676,2.269556102242361,1.305603161866054,1.9662506705276048,5.5514018691588785,2.8554537426680326,0.36376311299210085,0.0187565869397838,0.10779376669441075,0.0,0.0187565869397838,-0.03829041840614944,0,0,0,4,0,1.0,0.17757009345794392,0.23172116241526583,0.27631181712855496,0.9157550603273623,0.4714055643831373,0.0,0.40286512928022367,0.04788492285691371
1468,105,98.13084112149532,107,0,102,5,0,0.0,3.08631353602664,3.0502158721338968,4.7840020601599225,2.2744279802031717,1.311640251560728,1.9726855677834987,5.5514018691588785,2.8554537426680326,0.36416230879866807,0.0332552019299208,0.10697430988118664,0.0,0.0332552019299208,-0.012197536280480991,0,0,1,4,0,0.8,0.19626168224299065,0.23247024628798554,0.26976212438116076,0.9312508350056893,0.47410391677643704,0.0,0.36547868623340324,0.047904187122633404
1469,106,99.06542056074767,107,0,103,4,0,0.0,3.1094784493749392,3.0721992308666355,4.888500228974751,2.279662923654171,1.3243558206328685,1.9880942878882095,5.5514018691588785,2.8554537426680326,0.36452117644511284,0.009412253683202752,0.10829219498165218,0.0,0.009412253683202752,-0.022699892945920314,0,0,0,4,0,1.0,0.19626168224299065,0.23339301015133937,0.26925327177087655,0.9197175379037477,0.4771952128300291,0.0,0.40286512928022367,0.04809475238372396
1470,107,100.0,107,0,102,5,0,0.0,3.123117039555771,3.0862539156023487,5.088983197419116,2.2850694457335172,1.3011836980230072,1.96815622411373,5.5514018691588785,2.8554537426680326,0.36630122046942737,0.026490507867337643,0.10677747356883574,0.0,0.026490507867337643,-0.016256279995855195,0,0,0,5,0,0.8,0.205607476635514,0.2368322310928387,0.25008180689852494,0.8981526091820241,0.4849919915586284,0.0,0.4402515723270441,0.04824013570315955
1471,107,100.0,107,0,103,4,0,0.0,3.117858542906843,3.081609921766859,4.916139990488972,2.2902155013991727,1.3122009517670163,1.9762863188494089,5.5514018691588785,2.8554537426680326,0.36553765059677445,0.014897220462319612,0.10744532237719973,0.0,0.014897220462319612,-0.017207234885316725,0,0,1,3,0,1.0,0.205607476635514,0.23381577698220618,0.260178831042324,0.8980824981200284,0.4810577909402183,0.0,0.44025157232704404,0.04828731483946728
1472,107,100.0,107,0,102,5,0,0.0,3.1338869368060394,3.095755674734405,4.96589046907476,2.2955377541717565,1.310521664477492,1.9448707165218249,5.5514018691588785,2.8554537426680326,0.3658944381430256,0.20063440111813433,0.12165566106449525,0.2,0.06685407759102784,-0.007815535503213455,0,0,0,5,0,0.6,0.18691588785046728,0.23483885330012433,0.26037622445835706,0.9015395311488383,0.4842666761024513,0.0,0.40286512928022367,0.04844344404195776
1473,107,100.0,107,0,100,7,0,0.0,3.170321442629908,3.1300269720403366,5.432972861943551,2.301490913311617,1.3120906169170952,1.9345081104602488,5.5514018691588785,2.8554537426680326,0.3689483254519583,0.025562202350650532,0.09838916468984804,0.0,0.025562202350650532,-0.004394606147058285,0,0,0,7,0,0.7142857142857143,0.17757009345794392,0.24267759177156562,0.24717252845604804,0.9207850221360854,0.49057779969805243,0.0,0.3654786862334032,0.04871061142381017
1474,106,99.06542056074767,107,1,100,6,0,0.009345794392523364,3.206094420947663,3.1771095077977396,5.6581195523374825,2.308058339247184,1.3076629757821543,1.9304947366609444,5.5514018691588785,2.8554537426680326,0.3717055794231876,0.2049144228498574,0.11552602813671364,0.14285714285714285,0.062104175843874745,-0.002367639812684238,1,0,2,4,0,0.7142857142857143,0.18691588785046728,0.24676997560364103,0.2568835670631151,0.8966210780745638,0.4905124318319266,0.009345794392523364,0.44025157232704404,0.04898324122023599
1475,103,96.26168224299066,107,3,99,3,2,0.028037383177570093,3.180779499585546,3.157286297574788,5.338143100052115,2.3141741030721126,1.3948809931208368,2.0108915152536375,5.5514018691588785,2.8554537426680326,0.3664180682155649,0.608335314594328,0.1553111596240274,0.625,0.10105202082043936,0.029343574987457696,0,5,1,2,0,0.5,0.18691588785046728,0.2383443099699796,0.2619099969150058,0.9248996810665805,0.48026727281254217,0.028037383177570093,0.36547868623340324,0.04894398301694124
1476,102,95.32710280373831,107,1,103,3,0,0.009345794392523364,3.189905451674984,3.1643601183814276,5.383787509143561,2.320435974771738,1.4231697175350606,2.035607629161067,5.5514018691588785,2.8554537426680326,0.3685605585188747,0.1351031606989779,0.11972984228005207,0.0,0.1351031606989779,-0.01231847775987302,1,0,0,3,0,0.5,0.19626168224299065,0.24073219400917317,0.27283200567800714,0.9295984368824814,0.47526896903513755,0.009345794392523364,0.36547868623340324,0.049079015202292436
1477,101,94.39252336448598,107,1,103,3,0,0.009345794392523364,3.1989461896347766,3.1646145980521587,5.352336961359627,2.3266462379809334,1.4314085218463002,2.0584478952115206,5.5514018691588785,2.8554537426680326,0.3696383957127529,0.22515638805070312,0.11920036958554966,0.25,0.05655742128524206,0.01197863024979981,0,1,0,3,0,0.75,0.18691588785046728,0.24208252812170836,0.28186754487778176,0.9333561432141959,0.4760768220513643,0.009345794392523364,0.3280922431865828,0.049212884488709654
1478,100,93.45794392523365,107,1,103,3,0,0.009345794392523364,3.209866047931656,3.170498401508009,5.798780197135381,2.332733219988841,1.4356774646070514,2.0523626618007325,5.5514018691588785,2.8554537426680326,0.37473247332872894,0.23374906410786983,0.11711782924978861,0.25,0.05000756750780889,0.0050626404805173,0,1,1,2,0,0.5,0.205607476635514,0.25212758566681703,0.2667710524425497,0.9329239106686238,0.4816719535276894,0.009345794392523364,0.3280922431865828,0.04935438925797422
1479,101,94.39252336448598,107,0,104,3,0,0.0,3.20914333082914,3.1704352126477167,5.7202842440035475,2.3385473507029406,1.449394005115159,2.0482080152371918,5.5514018691588785,2.8554537426680326,0.3726148673545331,0.1399626655553013,0.10356846251263148,0.0,0.1399626655553013,0.011489279254105403,0,0,0,3,0,0.3333333333333333,0.205607476635514,0.24926458415469094,0.26300197407052606,0.9084719016119347,0.4828361657726912,0.0,0.40286512928022367,0.04943378557900133
1480,104,97.19626168224299,107,0,104,3,0,0.0,3.198495247496064,3.15970480320551,5.712002467685674,2.343950340101544,1.4835970605099433,2.1049099674908436,5.5514018691588785,2.8554537426680326,0.3707316085789578,0.05730739752654357,0.06614373490719198,0.0,0.05730739752654357,0.04515241210121138,0,0,0,3,0,0.6666666666666666,0.205607476635514,0.2482651905166483,0.25151448689549916,0.9109608421599156,0.48178513186187905,0.0,0.40286512928022367,0.04945768509383513
1481,104,97.19626168224299,107,1,104,2,0,0.009345794392523364,3.238437254394713,3.1951259083595205,5.854336612981865,2.3500868986758134,1.4783893139056992,2.099080655402631,5.5514018691588785,2.8554537426680326,0.37436841974160306,0.14760266468389302,0.08109683580573503,0.0,0.14760266468389302,0.03681890247882432,0,1,0,2,0,0.6666666666666666,0.21495327102803738,0.2508677257729151,0.26187461406778273,0.9207746441735094,0.48140565149852677,0.009345794392523364,0.36547868623340324,0.04974500842406837
1482,105,98.13084112149532,107,0,106,1,0,0.0,3.2422992029166893,3.1979361440054976,5.9493294483812855,2.3560337242213345,1.4424564704368235,2.077364531086057,5.5514018691588785,2.8554537426680326,0.37952305225119876,0.00033449105960780114,0.09029730262971475,0.0,0.00033449105960780114,-0.0010599637198647205,0,0,0,1,0,1.0,0.19626168224299065,0.25620894609518685,0.2604035102135441,0.9302516888459882,0.48797080646093355,0.0,0.36547868623340324,0.04984922259298301
1483,106,99.06542056074767,107,0,106,1,0,0.0,3.260250115528248,3.214422409563711,6.329105383618447,2.3621873470637733,1.4666698365601372,2.0915818920335143,5.5514018691588785,2.8554537426680326,0.3819545837139702,0.0005602678546338723,0.09927834907436567,0.0,0.0005602678546338723,-0.0022085956346153957,0,0,0,1,0,1.0,0.19626168224299065,0.26263264971549044,0.24952219610460039,0.9373003940310374,0.4913242031238383,0.0,0.3280922431865828,0.050026834082922855
1484,106,99.06542056074767,107,0,106,1,0,0.0,3.220667862740377,3.1768242349068796,5.909770500473938,2.367306377264116,1.4857781273853077,2.1087905937807205,5.5514018691588785,2.8554537426680326,0.3743029082431746,0.0016438028280106843,0.09937709708811283,0.0,0.0016438028280106843,0.003412022310283369,0,0,0,1,0,1.0,0.205607476635514,0.2526814448107223,0.2531459965575625,0.9292966567230354,0.4834651635929404,0.0,0.36547868623340324,0.0499020085887055
1485,106,99.06542056074767,107,0,105,2,0,0.0,3.188133616611449,3.144208616277851,5.470991692828226,2.3715341768027463,1.489632279039628,2.1215461544810696,5.5514018691588785,2.8554537426680326,0.3745201252073018,0.02283620454928612,0.0892005306193393,0.0,0.02283620454928612,0.008600024789455318,0,0,0,2,0,1.0,0.21495327102803738,0.24896999595696773,0.2760223506538599,0.9286018926834017,0.48021471083727724,0.0,0.36547868623340324,0.049799698788140015
1486,107,100.0,107,0,105,2,0,0.0,3.2019770755267354,3.156175774448098,6.059690673979321,2.3759146268139095,1.4965175278784901,2.155379046275209,5.5514018691588785,2.8554537426680326,0.3770981193562535,0.0028072325952378306,0.07505753489782266,0.0,0.0028072325952378306,0.01778979145981391,0,0,0,2,0,1.0,0.21495327102803738,0.25851461923627583,0.2561192834255665,0.9099240159884391,0.4828567360326148,0.0,0.3654786862334032,0.04993145694461118
1487,107,100.0,107,0,106,1,0,0.0,3.2099421300390256,3.1634643101125524,6.306133282792755,2.380336491712815,1.5084658479507393,2.182797825761,5.5514018691588785,2.8554537426680326,0.37754970906543006,0.0002899903177348116,0.0748687650590655,0.0,0.0002899903177348116,0.019582462078077456,0,0,1,0,0,1.0,0.22429906542056074,0.261451953996314,0.24633233569946136,0.912443726247675,0.48077683279999633,0.0,0.3654786862334032,0.05003441437054839
1488,107,100.0,107,0,104,3,0,0.0,3.2194154797496326,3.173555235240009,6.124489501706546,2.384862605664347,1.496103386901728,2.1745482816739687,5.5514018691588785,2.8554537426680326,0.37585100118545434,0.0021365012890735527,0.08642001888425083,0.0,0.0021365012890735527,0.008103240080442572,0,0,0,3,0,1.0,0.205607476635514,0.2566115284410617,0.2503998098440283,0.90780111531182,0.4808965848351364,0.0,0.36547868623340324,0.05014640166421465
1489,107,100.0,107,0,105,2,0,0.0,3.2006330298809647,3.1544487118606637,5.985492449491773,2.3888230161761097,1.5031123919397074,2.1482392772114878,5.5514018691588785,2.8554537426680326,0.377170347405692,0.00028776029918323236,0.09160069184925236,0.0,0.00028776029918323236,0.005344242055440651,0,0,0,2,0,1.0,0.21495327102803738,0.25707504551372645,0.2576813348895875,0.9164918448939425,0.47610779279671317,0.0,0.36547868623340324,0.05010903325996288
1490,107,100.0,107,0,106,1,0,0.0,3.2099214955248687,3.1635874345116926,5.933184991241411,2.392879100596065,1.4931277040461914,2.1337677319100647,5.5514018691588785,2.8554537426680326,0.3783646166439387,3.722844791137512e-05,0.09493821355517333,0.0,3.722844791137512e-05,0.014260419294912952,0,0,1,0,0,1.0,0.205607476635514,0.256936835047313,0.2634297986190832,0.9036065800329449,0.4782956482903042,0.0,0.40286512928022367,0.05021338539537009
1491,107,100.0,107,0,101,6,0,0.0,3.235210994558521,3.1889014898258576,6.105271303775865,2.3973976303135567,1.4845529401325692,2.1408799088476185,5.5514018691588785,2.8554537426680326,0.37624024925400357,0.008366019425288862,0.09303268591377244,0.0,0.008366019425288862,0.01528204283954567,0,0,3,3,0,1.0,0.18691588785046728,0.256139978220532,0.2564298325844637,0.9024240932263735,0.4814604305972815,0.0,0.36547868623340324,0.0504043451535042
1492,107,100.0,107,0,101,6,0,0.0,3.23139941903953,3.184802410061695,5.755136767546038,2.401693497643884,1.4969797238160703,2.1221074411059018,5.5514018691588785,2.8554537426680326,0.3743225266758672,0.006188265812561588,0.08198749740220358,0.0,0.006188265812561588,0.018129805256920862,0,0,0,6,0,1.0,0.205607476635514,0.25026473733773763,0.2834949418232316,0.9132130583647737,0.47181670855853997,0.0,0.36547868623340324,0.05044662052814118
1493,107,100.0,107,0,104,3,0,0.0,3.199921287270686,3.154564187912703,5.44099737717704,2.405175947712892,1.5465017823897234,2.2028335449014422,5.5514018691588785,2.8554537426680326,0.36985193077334455,0.008298854297099305,0.08903131119693493,0.0,0.008298854297099305,0.010966570959183297,0,0,1,2,0,1.0,0.21495327102803738,0.2441071832401821,0.2970021049940512,0.9121402078729173,0.46300571043593164,0.0,0.36547868623340324,0.05033894974471298
1494,107,100.0,107,0,103,4,0,0.0,3.2034545860025445,3.1576415540789755,5.575406395676181,2.4086292562449643,1.5425648463727866,2.197020869289198,5.5514018691588785,2.8554537426680326,0.3728501225490388,0.00741746082305151,0.08530781576674434,0.0,0.00741746082305151,0.015330602966116713,0,0,0,4,0,1.0,0.205607476635514,0.248417806464419,0.2974479609971006,0.9082868617587186,0.46750187690810546,0.0,0.4028651292802237,0.05040592005223474
1495,106,99.06542056074767,107,1,105,1,0,0.009345794392523364,3.2318632214556278,3.1798564986110103,6.060175244792557,2.412614859555896,1.5348432221030517,2.1937556360398847,5.5514018691588785,2.8554537426680326,0.3805287813603959,0.15492278151528846,0.08812627340928635,0.0,0.15492278151528846,0.020943679886083144,0,1,0,1,0,0.5,0.21495327102803738,0.26013007424517753,0.28649930251974165,0.9147939619681834,0.47974079192631425,0.009345794392523364,0.3843466107617052,0.050604866758955105
1496,106,99.06542056074767,107,0,103,4,0,0.0,3.2399553061857005,3.1883428280778996,6.3339095401336385,2.4165570819432927,1.5359783892690038,2.195634594909508,5.5514018691588785,2.8554537426680326,0.3807646855116378,0.003976775646269743,0.06625639197553554,0.0,0.003976775646269743,0.0062136586772033875,0,0,1,3,0,1.0,0.2336448598130841,0.2631174922009725,0.2644281747800411,0.8976350287386108,0.48387348834734406,0.0,0.3843466107617052,0.050701611350958076
1497,106,99.06542056074767,107,0,104,3,0,0.0,3.2469375194192214,3.194301578940179,6.9366531891152325,2.4205228554935942,1.514972860078289,2.1658109310170266,5.5514018691588785,2.8554537426680326,0.3883271418104779,0.011608968342493628,0.08336210126100001,0.0,0.011608968342493628,0.011943556291560261,0,0,0,3,0,1.0,0.2336448598130841,0.27683430021022515,0.259586670551318,0.9182850780353368,0.49670085030370903,0.0,0.34696016771488475,0.05079314283175959
1498,106,99.06542056074767,107,0,103,4,0,0.0,3.2696428190242024,3.2151317143538396,7.640608653350899,2.4248512241196463,1.4978701433309627,2.1377970018933805,5.5514018691588785,2.8554537426680326,0.3952861965688803,0.02929613410377863,0.0906165017907614,0.0,0.02929613410377863,0.008901290269414303,0,0,3,1,0,0.75,0.2336448598130841,0.2912075158643529,0.25097943354420493,0.9223821644210295,0.5063490677946754,0.0,0.3843466107617051,0.05096846661174903
1499,105,98.13084112149532,107,1,103,3,0,0.009345794392523364,3.261981202355478,3.2007642202464766,7.610973227191746,2.4288547297504968,1.5351147006317245,2.1739866744050214,5.5514018691588785,2.8554537426680326,0.3976149231111048,0.2390316525843676,0.11535462000280484,0.25,0.06799235915856444,0.007112757525156055,1,0,0,3,0,0.5,0.21495327102803738,0.2938080860143259,0.2593127039577717,0.8847544725993846,0.4955105969079781,0.009345794392523364,0.403214535290007,0.05098731765409244
1500,106,99.06542056074767,107,0,107,0,0,0.0,3.2683865090955644,3.207378742345303,7.53313072088198,2.432768079537737,1.524179380512681,2.1669921374766092,5.5514018691588785,2.8554537426680326,0.39450211936994717,0.0,0.0,0.0,0.0,0.0,0,0,0,0,0,0.0,0.21495327102803738,0.28985788134812723,0.2539634340535757,0.8998669572293209,0.4947712151980466,0.0,0.403214535290007,0.0510752161342746
1501,106,99.06542056074767,107,0,106,1,0,0.0,3.2434480733444064,3.183118739488582,7.780652091792734,2.4360154989043785,1.5200916009621201,2.168236512075941,5.5514018691588785,2.8554537426680326,0.3967555532055471,0.00017647881887628532,0.07154575459980148,0.0,0.00017647881887628532,0.024281888794935536,0,0,0,1,0,1.0,0.2336448598130841,0.2961910464817182,0.24338050218773102,0.9244079014130885,0.4989933513900011,0.0,0.3284416491963662,0.05099688823444125
1502,106,99.06542056074767,107,0,106,1,0,0.0,3.234583790054769,3.174775877479479,7.807000828481225,2.438979608460788,1.5360242906367998,2.188181411784097,5.5514018691588785,2.8554537426680326,0.39526960494614594,3.70866151452315e-05,0.09645060949008166,0.0,3.70866151452315e-05,0.01249846879083183,0,0,0,1,0,1.0,0.2336448598130841,0.2955496610062541,0.23255389684979494,0.9075725914412598,0.4979127243356784,0.0,0.3658280922431866,0.05099488620662569
1503,106,99.06542056074767,107,0,106,1,0,0.0,3.2105730998201834,3.1525895126274874,7.160053462429314,2.44135226213151,1.542580549685979,2.2100932274764276,5.5514018691588785,2.8554537426680326,0.3893110012521015,0.0005356772529494118,0.07246891183691975,0.0,0.0005356772529494118,0.02007135130265547,0,0,0,1,0,1.0,0.24299065420560748,0.28309733254366287,0.23179045735136455,0.9024862210867729,0.49743302010572715,0.0,0.3284416491963662,0.05090870776947336
1504,107,100.0,107,0,106,1,0,0.0,3.198576728856396,3.141539569539688,6.862951571519233,2.4434047449634195,1.5342369566001677,2.2066073069925665,5.5514018691588785,2.8554537426680326,0.38750111520360786,0.007136538932545131,0.07423361795918927,0.0,0.007136538932545131,0.022506520233582017,0,0,1,0,0,1.0,0.2336448598130841,0.27801481230572267,0.23400438753938935,0.9162051141191068,0.49665918354784583,0.0,0.3284416491963662,0.05087802976357511
1505,107,100.0,107,0,106,1,0,0.0,3.1827864477476933,3.1272923881045385,6.634632172469871,2.445073162757076,1.5604066903722444,2.221901859591299,5.5514018691588785,2.8554537426680326,0.38291274255584007,0.0060507575501158725,0.07312220040625506,0.0,0.0060507575501158725,0.02308799156222663,0,0,0,1,0,1.0,0.22429906542056074,0.27220595254283436,0.22777187167186955,0.8939804031509934,0.4949327184663677,0.0,0.3284416491963662,0.05082289880719775
1506,107,100.0,107,0,105,2,0,0.0,3.202833450592179,3.1465099597705173,7.314926483571686,2.447132938747909,1.5366857470212167,2.2009230459938562,5.5514018691588785,2.8554537426680326,0.38588067805960957,0.011103298134502497,0.07856408444232349,0.0,0.011103298134502497,0.016082237618138095,0,0,0,2,0,1.0,0.2336448598130841,0.282456168486613,0.21774037988254005,0.8966390164716168,0.49603188323746317,0.0,0.3284416491963662,0.05095254179673059
1507,106,99.06542056074767,107,1,101,5,0,0.009345794392523364,3.1879754357703844,3.1298535012344435,7.105816804062078,2.448806494477474,1.5646038043844734,2.2580285558012396,5.5514018691588785,2.8554537426680326,0.3845569364463328,0.010236176244856296,0.07211993141755331,0.0,0.010236176244856296,0.015125005863078819,1,0,0,5,0,1.0,0.2336448598130841,0.27994963456354804,0.21889221270114328,0.9002806582908033,0.4958888103234805,0.009345794392523364,0.3099231306778477,0.05090214552747936
1508,106,99.06542056074767,107,0,103,4,0,0.0,3.185720629093502,3.1295684341201198,6.666783838092173,2.450372660965372,1.5802124757124854,2.271188852495146,5.5514018691588785,2.8554537426680326,0.3803168883197301,0.008654854144580582,0.07206329606834978,0.0,0.008654854144580582,0.00864256605381769,0,0,1,3,0,1.0,0.22429906542056074,0.2703549891812878,0.21708655428579393,0.9002806582908033,0.4947757019867298,0.0,0.3099231306778477,0.050913232073892506
1509,106,99.06542056074767,107,0,103,4,0,0.0,3.192923572446013,3.135844653219199,6.632877389746252,2.452037477920204,1.5732022964976098,2.271868230187983,5.5514018691588785,2.8554537426680326,0.3802563389805014,0.006953449736994018,0.07386499213656422,0.0,0.006953449736994018,0.009423180522193375,0,0,0,4,0,1.0,0.21495327102803738,0.2698089087753739,0.2213489459508645,0.9002806582908033,0.49379542738296467,0.0,0.3099231306778477,0.05097301582967772
1510,106,99.06542056074767,107,0,105,2,0,0.0,3.1855419182129974,3.129507483510305,6.437000564095292,2.453509992837285,1.5877588079813731,2.2893133380564574,5.5514018691588785,2.8554537426680326,0.3751240667322009,0.018156027622770438,0.06694755192100751,0.0,0.018156027622770438,0.0018318880063323273,0,0,0,2,0,1.0,0.21495327102803738,0.2636466604629057,0.21663659382062528,0.9002806582908033,0.490422117708777,0.0,0.3099231306778477,0.05095713104966821
1511,106,99.06542056074767,107,0,103,4,0,0.0,3.1682040807523,3.1127349129032003,6.029063202170935,2.4545573143759425,1.6055976022208145,2.2968133228846477,5.5514018691588785,2.8554537426680326,0.37282807002394525,0.03380152053741944,0.055050669266316965,0.0,0.03380152053741944,0.022252890037216477,0,0,1,3,0,0.75,0.22429906542056074,0.25687715419193163,0.22870176403546932,0.8882549359941057,0.4855800092356302,0.0,0.38469601677148857,0.050885394753401404
1512,107,100.0,107,0,105,2,0,0.0,3.1580475965724393,3.1028337116623854,5.6130624549479915,2.455348550755406,1.6642071813227168,2.3614690957837716,5.5514018691588785,2.8554537426680326,0.36650933977485267,0.0068917104770605375,0.06875498556082268,0.0,0.0068917104770605375,-0.0019369824627997745,0,0,0,2,0,1.0,0.21495327102803738,0.24685526945860004,0.24219197481162902,0.9226355276429108,0.47417196027860364,0.0,0.3099231306778477,0.05084590902690747
1513,107,100.0,107,0,105,2,0,0.0,3.156641252242941,3.101101758556075,6.006144452135921,2.4560776296502222,1.641111151105087,2.3449179450593003,5.5514018691588785,2.8554537426680326,0.3680006822462112,0.02220325421192785,0.10592941626543402,0.0,0.02220325421192785,-0.030742833602750264,0,0,0,2,0,1.0,0.205607476635514,0.25412485715701244,0.2209116777871983,0.9184644011864531,0.47823507827750056,0.0,0.3473095737246681,0.05084928656055449
1514,107,100.0,107,0,104,3,0,0.0,3.15545950295297,3.0984152889295316,6.344789549227889,2.4567245213164517,1.6189123424710217,2.3372764277222546,5.5514018691588785,2.8554537426680326,0.3718796666537969,0.002229882262801262,0.08991812516344384,0.0,0.002229882262801262,-0.024932312630307967,0,0,0,3,0,1.0,0.24299065420560748,0.2619240169839895,0.21698163267406892,0.932860084408786,0.4819464082996978,0.0,0.3099231306778477,0.050852613660251816
1515,107,100.0,107,0,104,3,0,0.0,3.1705765439624116,3.1128852661637247,6.537537163749617,2.4576834880955856,1.5915114485094566,2.3009127243620155,5.5514018691588785,2.8554537426680326,0.37180963463452543,0.006913543353276419,0.08876427039325037,0.0,0.006913543353276419,-0.022515955284688083,0,0,0,3,0,1.0,0.22429906542056074,0.2643508838890088,0.20641338127161105,0.9069386181592024,0.48583947111105114,0.0,0.38469601677148846,0.05094189029169188
1516,107,100.0,107,0,104,3,0,0.0,3.1762160944946722,3.120064337327968,6.19057788204605,2.458779068066931,1.6008157384373138,2.3028449910752182,5.5514018691588785,2.8554537426680326,0.36721497655346624,0.030528812668586692,0.05791151703467537,0.0,0.030528812668586692,0.010716249350400645,0,0,0,3,0,0.6666666666666666,0.21495327102803738,0.2559426681662538,0.2144229884959552,0.9089174696004065,0.4812069164743385,0.0,0.3473095737246681,0.05098572993400104
1517,106,99.06542056074767,107,1,101,5,0,0.009345794392523364,3.1771198873397615,3.130755845323256,6.090808389913461,2.459882941205926,1.5763168158413434,2.2812574052078576,5.5514018691588785,2.8554537426680326,0.3653979817495254,0.02090675750275379,0.08128135210506594,0.0,0.02090675750275379,-0.0013302267241111037,0,1,0,5,0,0.8333333333333334,0.205607476635514,0.25237953210687936,0.21233863658869542,0.9093948836268185,0.4794541240242633,0.009345794392523364,0.3658280922431866,0.05100600919165736
1518,106,99.06542056074767,107,0,105,2,0,0.0,3.1961120327049435,3.1504632860554755,6.272911643392824,2.4616101391464515,1.5504367692206478,2.2569525078661137,5.5514018691588785,2.8554537426680326,0.36730424378534443,0.005812312014500548,0.09647797211294687,0.0,0.005812312014500548,0.010763797553095478,0,0,0,2,0,1.0,0.21495327102803738,0.2554367582817247,0.20431532985904574,0.8882572349926868,0.4839894985698383,0.0,0.3658280922431866,0.05112562958760128
1519,106,99.06542056074767,107,0,104,3,0,0.0,3.164231518519548,3.120474881424352,5.944052128312385,2.462602973730817,1.5586528763598564,2.2632725536667886,5.5514018691588785,2.8554537426680326,0.3609649648678346,0.006314709930910221,0.09881813550930174,0.0,0.006314709930910221,0.02677393117234154,0,0,0,3,0,1.0,0.19626168224299065,0.24720589994390718,0.1964018699015091,0.8903503602055013,0.47933821270693633,0.0,0.3658280922431866,0.05098040198282318
1520,106,99.06542056074767,107,0,104,3,0,0.0,3.1343114779667265,3.092021207783171,5.659719746618904,2.4629174731917525,1.53461272476017,2.204733661703813,5.5514018691588785,2.8554537426680326,0.35739651305439013,0.00784043755093774,0.10402183279894305,0.0,0.00784043755093774,-0.009590873112783097,0,0,2,1,0,1.0,0.19626168224299065,0.24132018117446616,0.19911421231794052,0.908404009715061,0.4787428075036156,0.0,0.3284416491963662,0.050835291973373053
1521,106,99.06542056074767,107,0,104,3,0,0.0,3.1494816036719833,3.1071889333155385,5.71165151847296,2.4635694781751742,1.5220812394910879,2.2423695889811,5.5514018691588785,2.8554537426680326,0.36053874210161796,0.013412395524811391,0.08847770570558305,0.0,0.013412395524811391,0.02617583065827289,0,0,0,3,0,1.0,0.205607476635514,0.2437025203603349,0.20842846410954013,0.9200843128075726,0.4832568678491778,0.0,0.3284416491963662,0.05092045145225008
1522,106,99.06542056074767,107,1,104,2,0,0.009345794392523364,3.120891860465024,3.0767678196763653,5.773073883517929,2.463577464336661,1.5404243904644122,2.268084993131997,5.5514018691588785,2.8554537426680326,0.3610666459753764,0.3041053029065759,0.1238268838029965,0.3333333333333333,0.037607101459652716,0.02010506979803317,1,0,0,2,0,0.6666666666666666,0.22429906542056074,0.2470726347270502,0.1952328704068336,0.9249687329213393,0.48868127783511833,0.009345794392523364,0.2910552061495457,0.050777616756788824
1523,106,99.06542056074767,107,0,106,1,0,0.0,3.112105304660883,3.069194346837015,5.502752578806423,2.463342689304944,1.5502311535815794,2.2712435847683334,5.5514018691588785,2.8554537426680326,0.3566696974480146,0.003415277394988641,0.07523102480811156,0.0,0.003415277394988641,0.019378693260692192,0,0,0,1,0,1.0,0.22429906542056074,0.2398967473282921,0.2011969348995182,0.906704867806584,0.48141252947906094,0.0,0.3039832285115304,0.05073033203155311
1524,106,99.06542056074767,107,0,106,1,0,0.0,3.1117707337102347,3.070125707815279,5.397943928731575,2.4631358938311863,1.5237624647137966,2.246044782428694,5.5514018691588785,2.8554537426680326,0.3586169826956114,0.0011107405201126927,0.04898814020560047,0.0,0.0011107405201126927,0.022139546294706047,0,0,0,1,0,1.0,0.22429906542056074,0.23952561794141633,0.2086104938227814,0.9105615552408278,0.4832172020623199,0.0,0.22921034241788962,0.050725706702252335
1525,106,99.06542056074767,107,0,106,1,0,0.0,3.141564465386583,3.1011107803774722,5.426385103917317,2.463642814837841,1.4880050086397498,2.204494745439189,5.5514018691588785,2.8554537426680326,0.35890421902910097,0.00039439908150489314,0.09298746370763472,0.0,0.00039439908150489314,0.03832680823620027,0,0,0,1,0,1.0,0.205607476635514,0.23813360423993893,0.2058615316237893,0.9223503702514582,0.49050367351973306,0.0,0.17889587700908455,0.050881912808062514
1526,106,99.06542056074767,107,0,103,4,0,0.0,3.1749811427652204,3.13382807381843,5.610299959668579,2.4648826426936856,1.4617235078917572,2.1740072767166194,5.5514018691588785,2.8554537426680326,0.36202302796306385,0.0509122958212848,0.0813202139914958,0.0,0.0509122958212848,0.03800324253483678,0,0,1,3,0,0.5,0.205607476635514,0.24166206806460228,0.1976408944071236,0.9178880864700613,0.4991256321865924,0.0,0.21628232005590495,0.05106669755041188
1527,107,100.0,107,0,106,1,0,0.0,3.1526158286545347,3.111592275121985,5.354226288096666,2.465579121481746,1.4659635731680316,2.1872094076868756,5.5514018691588785,2.8554537426680326,0.35916764306834503,0.03231186126950526,0.09963424353322994,0.0,0.03231186126950526,0.031900508190703336,0,0,0,1,0,1.0,0.205607476635514,0.23698833491976531,0.20443967822063283,0.9194192878236921,0.4943996371758625,0.0,0.21628232005590495,0.05096481479466873
1528,107,100.0,107,0,105,2,0,0.0,3.1253394125210603,3.0842988195478065,5.537484882131585,2.465632231041228,1.4833063852560258,2.2070235846987143,5.5514018691588785,2.8554537426680326,0.3618578404920654,0.0009233755809144886,0.0911078105119428,0.0,0.0009233755809144886,0.029195875908515467,0,0,1,1,0,1.0,0.22429906542056074,0.2428508213026911,0.20124483989377662,0.9288771275463401,0.4946189422538913,0.0,0.17889587700908455,0.05082919097345334
1529,107,100.0,107,0,105,2,0,0.0,3.088057861487611,3.047788106428766,5.02967744927356,2.464849786862422,1.515450989281357,2.2370551386259576,5.5514018691588785,2.8554537426680326,0.3554894117554699,0.0011341933512424155,0.08342953396398664,0.0,0.0011341933512424155,0.030390412014822787,0,0,0,2,0,1.0,0.22429906542056074,0.2319653850957058,0.21207356559355825,0.9292598188387947,0.4841228625667995,0.0,0.22921034241788962,0.050631612052492087
1530,107,100.0,107,0,105,2,0,0.0,3.114777479095111,3.074390368324248,5.223619485244048,2.4646973772415457,1.4829865809358562,2.200175987780688,5.5514018691588785,2.8554537426680326,0.3589826509994145,0.004841121721059675,0.08007473787116261,0.0,0.004841121721059675,0.02620970672728906,0,0,0,2,0,1.0,0.22429906542056074,0.2361662398212372,0.20641650665617947,0.9327389525838161,0.49154552130501744,0.0,0.22921034241788962,0.05076303414741783
1531,107,100.0,107,0,105,2,0,0.0,3.111695367712422,3.071750487350029,4.831160738552339,2.46448901514283,1.4889230292808053,2.178725776891789,5.5514018691588785,2.8554537426680326,0.3551586089856469,0.005340765346990751,0.0749897898670179,0.0,0.005340765346990751,0.028232558032530386,0,0,0,2,0,1.0,0.205607476635514,0.22788504285206848,0.23184685437411012,0.9314083272523604,0.48157904025056786,0.0,0.1918238993710692,0.050744648748831354
1532,107,100.0,107,0,105,2,0,0.0,3.08864818039123,3.049933962399203,4.643952239504418,2.463788234104876,1.4743537681278522,2.1057606671452374,5.5514018691588785,2.8554537426680326,0.3547843558850845,0.06636782681589519,0.04878268126459753,0.0,0.06636782681589519,0.03342267368290214,0,0,0,2,0,0.5,0.22429906542056074,0.22524772022826836,0.2292520164306293,0.946234983949346,0.4850345297208369,0.0,0.21628232005590495,0.05061940757303731
1533,107,100.0,107,0,106,1,0,0.0,3.122293379997531,3.0825840206073805,5.15212119327281,2.4638533093925696,1.4302644170701861,2.063899690361835,5.5514018691588785,2.8554537426680326,0.36047647809806804,0.011376685272297446,0.045563787373491524,0.0,0.011376685272297446,0.035663217394562574,0,0,0,1,0,1.0,0.2616822429906542,0.23598739691480158,0.20437211909970257,0.940201393778161,0.4985916395659487,0.0,0.1918238993710692,0.050788562668437814
1534,107,100.0,107,0,104,3,0,0.0,3.122923634162516,3.083321115137103,5.1650245451815735,2.4639333644001944,1.4298218647388652,2.098490633561245,5.5514018691588785,2.8554537426680326,0.3597639649630573,0.002244579937714671,0.07467072133746354,0.0,0.002244579937714671,0.022975420217543136,0,0,1,2,0,1.0,0.2523364485981308,0.23498431409897838,0.19950486283011165,0.9234744697783006,0.4991355368862115,0.0,0.15443745632424877,0.05079285690611844
1535,107,100.0,107,0,104,3,0,0.0,3.1080840470638,3.0686130403073157,4.9703617416758465,2.4636751476555467,1.4435430260188,2.1145934167309077,5.5514018691588785,2.8554537426680326,0.3567882454986151,0.0016104442050127697,0.08116741977024372,0.0,0.0016104442050127697,0.0025293009284918697,0,0,0,3,0,1.0,0.2616822429906542,0.2310390213141256,0.2011452710275558,0.8894771239430339,0.4987057833088537,0.0,0.17889587700908455,0.050714972340775245
1536,107,100.0,107,0,106,1,0,0.0,3.0968221620614877,3.0580616189862573,4.654258204223776,2.4631832714065847,1.4828424403738902,2.1293140409521767,5.5514018691588785,2.8554537426680326,0.3490366749093583,0.002035725597012431,0.10271083632053493,0.0,0.002035725597012431,0.0002351687928878743,0,0,0,1,0,1.0,0.2523364485981308,0.22099365142590496,0.2009749929694938,0.8697852999119174,0.4886453954961979,0.0,0.22921034241788962,0.050651640266383545
1537,106,99.06542056074767,107,1,106,0,0,0.009345794392523364,3.075054323804818,3.029917148684024,4.589042258095493,2.4622084896417022,1.5132821945609756,2.1835604799949753,5.5514018691588785,2.8554537426680326,0.35163286621530876,0.3642756810212404,0.12281852117800589,0.0,0.3642756810212404,0.031323779330751256,0,1,0,0,0,0.0,0.2336448598130841,0.22294294239018478,0.20146659568219916,0.9100896384843737,0.48876834439318084,0.009345794392523364,0.2106918238993711,0.05052888385390611
1538,106,99.06542056074767,107,0,106,1,0,0.0,3.066011158208504,3.021893064929431,4.565715587278341,2.4609322720695013,1.5356163774054983,2.2141527432189285,5.5514018691588785,2.8554537426680326,0.34701895019964324,0.0010938595596256175,0.07562873586550192,0.0,0.0010938595596256175,0.027203342963558308,0,0,1,0,0,1.0,0.2336448598130841,0.21975140832137435,0.19504863217300875,0.9100896384843737,0.4853246783583963,0.0,0.2106918238993711,0.05046544712470953
1539,106,99.06542056074767,107,0,106,1,0,0.0,3.050322247109885,3.005244467981398,4.86298122538428,2.4593121819120065,1.5205632659415707,2.2064910319207147,5.5514018691588785,2.8554537426680326,0.3519230520397807,0.001413443387329423,0.10074222702424757,0.0,0.001413443387329423,-0.0006100047593979863,0,0,0,1,0,1.0,0.22429906542056074,0.22929562091468939,0.18510536322923424,0.8916661416914615,0.48948378287154515,0.0,0.23515024458420686,0.05036387210669805
1540,106,99.06542056074767,107,0,106,1,0,0.0,3.071700665954871,3.0253961460709,5.328517933733949,2.458198690156522,1.4664636018139396,2.1526898651155295,5.5514018691588785,2.8554537426680326,0.3608026229643182,0.0009428220995658407,0.13292764148975836,0.0,0.0009428220995658407,-0.03738207426396034,0,0,0,1,0,1.0,0.2523364485981308,0.24229983092002003,0.1711941274640296,0.9145414768816308,0.5040408844377752,0.0,0.23515024458420686,0.05045486657991984
1541,106,99.06542056074767,107,0,106,1,0,0.0,3.0777523166741156,3.031046535140408,5.461703335965476,2.457246069039971,1.4259828358791438,2.089558421855578,5.5514018691588785,2.8554537426680326,0.3657990692272737,0.032780895062328966,0.08377258728904576,0.0,0.032780895062328966,0.0033825305099791647,0,0,0,1,0,1.0,0.24299065420560748,0.24716202469368756,0.1690907825301843,0.8995389072831407,0.5132383678936785,0.0,0.27253668763102723,0.05047152400585306
1542,107,100.0,107,0,106,1,0,0.0,3.0919465271173827,3.045110684318474,5.8855173020619,2.456641925798012,1.3964233739846845,2.059276146219575,5.5514018691588785,2.8554537426680326,0.3679507419755488,0.0046535882652439485,0.1318598126477114,0.0,0.0046535882652439485,-0.044272443535115835,0,0,0,1,0,1.0,0.2616822429906542,0.254401958700908,0.15774893332161724,0.9220536076753094,0.519731975339425,0.0,0.27253668763102723,0.0505338695426626
1543,107,100.0,107,0,106,1,0,0.0,3.1045645861652815,3.058851353909283,5.8354064702310895,2.456368920358144,1.370955706504978,2.079396016662451,5.5514018691588785,2.8554537426680326,0.36781364821609763,0.005389470791262601,0.13161499389854836,0.0,0.005389470791262601,-0.049395471394015456,0,0,0,1,0,1.0,0.2616822429906542,0.2521542735759798,0.1567550660812047,0.9374383053843519,0.5225917925169711,0.0,0.23515024458420686,0.05059306206587689
1544,107,100.0,107,0,106,1,0,0.0,3.1105134986337615,3.065631715134366,5.930921829053435,2.456258598525021,1.3749715016982789,2.06427425623551,5.5514018691588785,2.8554537426680326,0.3669681207431035,0.00024452389236266983,0.13059988168942852,0.0,0.00024452389236266983,-0.08180168101243424,0,0,0,1,0,1.0,0.2897196261682243,0.25284444831198516,0.1501848765521794,0.9374555213946789,0.5219281277460917,0.0,0.23515024458420686,0.05062123153376285
1545,107,100.0,107,0,106,1,0,0.0,3.1292954271662166,3.085628493176138,6.087399011620374,2.4566082258784165,1.3447887171764383,2.008974970461601,5.5514018691588785,2.8554537426680326,0.367108880881335,0.01410025371352952,0.1347410017420503,0.0,0.01410025371352952,-0.07122104093881987,0,0,0,1,0,1.0,0.2616822429906542,0.2541127035751722,0.1408478385639988,0.9149204029985598,0.5276791261355745,0.0,0.23515024458420686,0.05072013290009909
1546,106,99.06542056074767,107,1,105,1,0,0.009345794392523364,3.115420770114634,3.073690829392289,5.948634640310686,2.4566233145985983,1.3551418859449447,2.0157829236731404,5.5514018691588785,2.8554537426680326,0.3683270787555528,0.5004604822709942,0.138146030543798,0.5,0.0005248304359935173,0.013193442277644185,0,1,0,1,0,1.0,0.2897196261682243,0.25373901744891125,0.14148016170436073,0.9173137170102086,0.5246055023973142,0.009345794392523364,0.17889587700908458,0.05065097504055375
1547,106,99.06542056074767,107,0,106,1,0,0.0,3.1214246948375233,3.079880667170421,5.725172243379564,2.4568312264429792,1.341720686209167,2.022297917861197,5.5514018691588785,2.8554537426680326,0.368905308912163,0.004415240650561142,0.13214870857269834,0.0,0.004415240650561142,-0.04945674597566252,0,0,0,1,0,1.0,0.2803738317757009,0.24970144494477717,0.15032633845277177,0.9082880664013485,0.5248009511238548,0.0,0.21628232005590495,0.05068396307743911
1548,106,99.06542056074767,107,0,104,3,0,0.0,3.128750363160437,3.087360740434274,5.6734484016783915,2.4572040734863916,1.3493870155202121,2.0281661040079055,5.5514018691588785,2.8554537426680326,0.36800668311483986,0.0050132471004921166,0.10236070645673606,0.0,0.0050132471004921166,-0.012469027043434852,0,0,1,2,0,1.0,0.2336448598130841,0.24752504726471958,0.15992644419219618,0.9114382163936456,0.5224060469757394,0.0,0.21628232005590498,0.05072591465648145
1549,106,99.06542056074767,107,0,103,4,0,0.0,3.147919984513153,3.1069523785780953,5.939277928405418,2.45801381818665,1.3362919719925868,2.022992795794779,5.5514018691588785,2.8554537426680326,0.3697968290876925,0.009516701662260938,0.08301574465452391,0.0,0.009516701662260938,0.027750289471393574,0,0,0,4,0,1.0,0.24299065420560748,0.251577593377255,0.145919552094832,0.8881756959676235,0.5261310607721622,0.0,0.14150943396226415,0.05083332370591983
1550,106,99.06542056074767,107,0,105,2,0,0.0,3.1107756231353387,3.072451071619469,5.715415412859839,2.458012305912904,1.3394563458366495,2.0297212147541575,5.5514018691588785,2.8554537426680326,0.3663423629243945,0.0013396428967114749,0.058292151334741284,0.0,0.0013396428967114749,0.01885219746711242,0,0,0,2,0,1.0,0.2616822429906542,0.24730364530255902,0.13812580880602182,0.886438055071419,0.5238864930781768,0.0,0.21628232005590495,0.05064758030789211
1551,107,100.0,107,0,103,4,0,0.0,3.112737743378189,3.0742930305100113,5.740769290245124,2.4580529138486975,1.3508821595961924,2.034610124445377,5.5514018691588785,2.8554537426680326,0.365331962984506,0.001546257736920411,0.08336577435041442,0.0,0.001546257736920411,0.011762673237541987,0,0,1,3,0,1.0,0.2803738317757009,0.2474057027095778,0.13860336013131,0.9242416887809585,0.5251740594428713,0.0,0.17889587700908458,0.05065797067951758
1552,107,100.0,107,0,106,1,0,0.0,3.097897776301312,3.0583381315548146,5.626955111969058,2.4577278944361844,1.361392606751764,1.9999044778346653,5.5514018691588785,2.8554537426680326,0.36853071503686907,0.002602141587393462,0.055420527918626394,0.0,0.002602141587393462,0.01943638790217006,0,0,0,1,0,1.0,0.29906542056074764,0.24862377040187902,0.15406858959943637,0.9322977246007896,0.5245461711838995,0.0,0.17330538085255065,0.05057913045464369
1553,107,100.0,107,0,106,1,0,0.0,3.090695108481225,3.051764882202036,5.297699518905977,2.4572619989269233,1.3935135475634917,2.0805575286720495,5.5514018691588785,2.8554537426680326,0.3641984375502656,0.00016785166590741304,0.056161898768818844,0.0,0.00016785166590741304,0.02923388087859835,0,0,0,1,0,1.0,0.32710280373831774,0.24046791222226432,0.1668917181891737,0.9288317960500497,0.5164366465939809,0.0,0.17889587700908452,0.0505364654001652
1554,107,100.0,107,0,105,2,0,0.0,3.0627052543913886,3.024004946820209,5.274703156217125,2.456175269157361,1.4316603063917275,2.150079461487686,5.5514018691588785,2.8554537426680326,0.3599907737365604,6.918785367312382e-05,0.08059820136025936,0.0,6.918785367312382e-05,0.014953224055553771,0,0,1,1,0,1.0,0.2803738317757009,0.2384599695040668,0.15368869606610833,0.93178062957392,0.5117409738527279,0.0,0.17889587700908458,0.050381000596777185
1555,107,100.0,107,0,104,3,0,0.0,3.051252960727565,3.013471834569508,5.202020434979211,2.45487895593529,1.4238562589267807,2.1538574419160055,5.5514018691588785,2.8554537426680326,0.36005744381583304,0.0011994486980379225,0.09831960621241953,0.0,0.0011994486980379225,0.0025457613678935656,0,0,0,3,0,1.0,0.2897196261682243,0.23706669024576454,0.15197887917673825,0.932486916555889,0.5148188388018249,0.0,0.17889587700908458,0.05030523131624991
1556,107,100.0,107,0,105,2,0,0.0,3.0642876287186485,3.0267932989463797,5.2015874036319145,2.4539239689401375,1.4116279088033254,2.0923246980312675,5.5514018691588785,2.8554537426680326,0.35988907934211634,0.0011570045812026124,0.09789130831654355,0.0,0.0011570045812026124,-0.02031090661601842,0,0,1,1,0,1.0,0.2616822429906542,0.23692132149387646,0.14979596010048957,0.9580509611197655,0.5164370645156422,0.0,0.17889587700908458,0.050356770050257786
1557,107,100.0,107,0,105,2,0,0.0,3.0975345808590635,3.059748129779177,5.4243417059103844,2.453749059117204,1.3403384230395696,1.96453648921945,5.5514018691588785,2.8554537426680326,0.3666739238518577,0.05921660447670803,0.08534297612011703,0.0,0.05921660447670803,-0.00952533892578028,0,0,0,2,0,0.5,0.2803738317757009,0.24392228222914675,0.15048206107014825,0.9602768793980793,0.5299576852537953,0.0,0.14150943396226415,0.050520507576417246
1558,107,100.0,107,0,103,4,0,0.0,3.102096512749456,3.064147811052368,5.414394747879993,2.4536796484542207,1.3361906209558736,1.9754900964149884,5.5514018691588785,2.8554537426680326,0.36860877568167516,0.036200003276720974,0.10110708040159457,0.0,0.036200003276720974,-0.0036296195704256518,0,0,0,4,0,0.75,0.2897196261682243,0.24436108500876574,0.1531514534487525,0.9594006293251794,0.5327829505702615,0.0,0.14150943396226415,0.05054232624118221
1559,107,100.0,107,0,103,4,0,0.0,3.0826070997349717,3.0442309423881126,5.326603809404583,2.4531572462032547,1.3130186432192925,1.975291275406161,5.5514018691588785,2.8554537426680326,0.36993311807184215,0.04238349777385491,0.09828785490215253,0.0,0.04238349777385491,0.004084748358520601,0,0,0,4,0,0.75,0.27102803738317754,0.24510080955523053,0.15425835491724793,0.9521426246001569,0.5354752182569488,0.0,0.17889587700908455,0.0504374206987963
1560,107,100.0,107,0,103,4,0,0.0,3.0877725145794495,3.048321571621391,5.0792534143670744,2.452743205727348,1.311996815694042,1.9213714379705211,5.5514018691588785,2.8554537426680326,0.3676507510824356,0.04005725262831639,0.09604955111759989,0.0,0.04005725262831639,-0.002455806813456529,0,0,0,4,0,0.75,0.29906542056074764,0.23989416967933175,0.1683927192179357,0.956210660884539,0.5297352185055628,0.0,0.17330538085255065,0.05045733640588597
1561,107,100.0,107,0,105,2,0,0.0,3.1019730733984963,3.063525568222186,5.247717574513675,2.452688302457684,1.3113337884857135,1.923420070440168,5.5514018691588785,2.8554537426680326,0.36681107283278735,0.07611424660243306,0.11912576943227136,0.0,0.07611424660243306,-0.015378763041430155,0,0,0,2,0,0.5,0.2897196261682243,0.24061194161333252,0.15523685195874426,0.9691675146721315,0.5315523656672798,0.0,0.14150943396226415,0.05052755533124697
1562,107,100.0,107,0,103,4,0,0.0,3.1042263047124266,3.0662965308041117,5.021922956900405,2.452698265769292,1.30286947078182,1.911166457718666,5.5514018691588785,2.8554537426680326,0.36797507443021726,0.04184690205098365,0.07558225135448632,0.0,0.04184690205098365,0.0076789522029051815,0,0,0,4,0,0.75,0.29906542056074764,0.23709379479529555,0.1630713277745602,0.9612173248345798,0.5287521752707397,0.0,0.17889587700908452,0.050538963736693726
1563,107,100.0,107,0,105,2,0,0.0,3.0998549260301043,3.0623852644740284,5.2714613036636155,2.452618597062499,1.2774933682807499,1.8819208477268496,5.5514018691588785,2.8554537426680326,0.36860130098743715,0.06103718170585206,0.09137491259009875,0.0,0.06103718170585206,-0.00978192466348271,0,0,0,2,0,0.5,0.29906542056074764,0.24198909426062276,0.14721173552854067,0.9582592073042424,0.5348123517397887,0.0,0.14150943396226412,0.05051596939174719
1564,107,100.0,107,0,103,4,0,0.0,3.105699791979036,3.067418490038094,5.0788060620056035,2.4526561804009734,1.2717399108949183,1.8721713848209793,5.5514018691588785,2.8554537426680326,0.3675493702367023,0.04116882794479204,0.0903853743151245,0.0,0.04116882794479204,0.008046506366839318,0,0,0,4,0,0.75,0.3177570093457944,0.23790162347095453,0.15436805487484742,0.9481242425948438,0.5353571396921375,0.0,0.14150943396226412,0.050545730308914384
1565,107,100.0,107,0,104,3,0,0.0,3.0961025211440387,3.0581311796973645,5.051778585117763,2.4524805346840277,1.2622370041533624,1.912528845744663,5.5514018691588785,2.8554537426680326,0.36785857344230566,0.06552770952992977,0.09694593593663829,0.0,0.06552770952992977,-0.0023242977445783928,0,0,0,3,0,0.6666666666666666,0.3177570093457944,0.23809350711027594,0.15099935329763828,0.9599298903528534,0.5389413198984222,0.0,0.14150943396226412,0.050495236213640216
1566,107,100.0,107,0,104,3,0,0.0,3.0818103517233646,3.042370279694102,5.046906405212047,2.451949868282064,1.2933613810178726,1.9091157381287311,5.5514018691588785,2.8554537426680326,0.3679414002528576,0.010009921658637249,0.06881816305724096,0.0,0.010009921658637249,-0.0016314127965249743,0,0,0,3,0,1.0,0.32710280373831774,0.23898826571029905,0.14853771520167103,0.9586453168638708,0.5364611402862702,0.0,0.14150943396226415,0.05041619889971887
1567,107,100.0,107,0,105,2,0,0.0,3.0613700824109857,3.0222559159232247,4.670034585146339,2.450974869731249,1.3214206513483375,1.9832260472482384,5.5514018691588785,2.8554537426680326,0.36316869790144946,0.01167364702009309,0.07765713272577665,0.0,0.01167364702009309,-0.021609565447512247,0,0,0,2,0,1.0,0.32710280373831774,0.23001725439068973,0.16005330143724852,0.9564201597551368,0.5250497428241774,0.0,0.17330538085255065,0.05030007723685187
1568,107,100.0,107,0,103,4,0,0.0,3.06814450047317,3.028636974661637,4.736154118107958,2.4501734783574975,1.2684750570691374,1.9014222004366594,5.5514018691588785,2.8554537426680326,0.367210344078192,0.010901745683386746,0.08391124524065587,0.0,0.010901745683386746,-0.0007932585017654814,0,0,0,4,0,1.0,0.308411214953271,0.23367558256117807,0.15736202276375372,0.9586453168638708,0.5301428009802963,0.0,0.14150943396226415,0.0503225076471752
1569,107,100.0,107,0,105,2,0,0.0,3.0484242010733853,3.0103304089460714,4.3619880537571705,2.448976781931019,1.2932659187069266,1.9137787026601463,5.5514018691588785,2.8554537426680326,0.3611127471055062,0.030240456809050954,0.10491335388717515,0.0,0.030240456809050954,-0.007278036823295364,0,0,1,1,0,1.0,0.308411214953271,0.22344317925121002,0.1732245452011255,0.9541986673044524,0.5233917782885306,0.0,0.14150943396226412,0.05020682059372714
1570,107,100.0,107,0,102,5,0,0.0,3.067726990727823,3.0296286042292957,4.636666426796262,2.4482550974490236,1.244377990878609,1.8756716815372754,5.5514018691588785,2.8554537426680326,0.3677548546637923,0.01199777772742108,0.0794963582126185,0.0,0.01199777772742108,0.0019575581423485035,0,0,1,4,0,0.8,0.3177570093457944,0.23167669085703615,0.16635866311394162,0.950181735129171,0.5345763578465668,0.0,0.14150943396226412,0.050293030858723636
1571,106,99.06542056074767,107,1,104,2,0,0.009345794392523364,3.0662166306145493,3.019833198035963,4.572223136131344,2.447511797158005,1.2784631992975812,1.9177322528738143,5.5514018691588785,2.8554537426680326,0.36924370450986665,0.1451052782994196,0.07253635317351798,0.0,0.1451052782994196,0.03143322330900278,0,1,0,2,0,0.6666666666666666,0.3177570093457944,0.23214943056460255,0.18036461503521167,0.9466107115453353,0.5245466104808908,0.009345794392523364,0.06673654786862332,0.05027486676016769
1572,106,99.06542056074767,107,0,102,5,0,0.0,3.061168070024611,3.0151525668820085,4.658211393115531,2.4465012593983615,1.244321185755303,1.9347755005805078,5.5514018691588785,2.8554537426680326,0.3729038501180719,0.004716399504800151,0.06352355427607004,0.0,0.004716399504800151,0.019925177342123623,0,0,0,5,0,1.0,0.3364485981308411,0.23602627190515985,0.18095114658434622,0.9497531204141878,0.5288348971226701,0.0,0.10412299091544372,0.050235196238078594
1573,106,99.06542056074767,107,0,103,4,0,0.0,3.0566325503741987,3.0097377093719047,4.668448019046144,2.4453958820758515,1.2525229740165424,1.8866378691575856,5.5514018691588785,2.8554537426680326,0.3736103451472943,0.017170062582864826,0.08067075775073679,0.0,0.017170062582864826,-0.012684079446683177,0,0,0,4,0,1.0,0.3177570093457944,0.2373751173821412,0.17591602471270135,0.9700361053924658,0.5328607828881896,0.0,0.10412299091544372,0.05019673687076342
1574,106,99.06542056074767,107,0,103,4,0,0.0,3.0753958975901674,3.02689903059547,4.562468734416161,2.4447140951628037,1.2711958183899417,1.914439818555961,5.5514018691588785,2.8554537426680326,0.37183813655791464,0.0061576371588944944,0.07030277996879368,0.0,0.0061576371588944944,-0.004650650264192285,0,0,1,3,0,1.0,0.308411214953271,0.23326080329748977,0.18276857434817925,0.9641151746777779,0.5251038565057659,0.0,0.10412299091544372,0.05028081955188044
1575,105,98.13084112149532,107,1,101,5,0,0.009345794392523364,3.050896118245068,2.99623842178281,4.373063234254727,2.443534095076185,1.2885718801752941,2.0235606421836754,5.5514018691588785,2.8554537426680326,0.3684852011749289,0.010298601804486164,0.0797206964753152,0.0,0.010298601804486164,-6.15713122517995e-05,0,1,0,5,0,1.0,0.3177570093457944,0.2291474724853241,0.1958706587560352,0.9618122180104671,0.511275565674276,0.009345794392523364,0.14150943396226412,0.05014147347683652
1576,106,99.06542056074767,107,0,104,3,0,0.0,3.062611045195944,3.0080853465566473,4.473177553174717,2.442475697793683,1.2909972295075962,2.034816626629436,5.5514018691588785,2.8554537426680326,0.369478184588927,0.0007230376453554135,0.0606214036548236,0.0,0.0007230376453554135,0.005815533532439354,0,0,0,3,0,1.0,0.3364485981308411,0.2304982961359844,0.18863879653181748,0.9618122180104671,0.5117611874688698,0.0,0.14150943396226412,0.05018493708918315
1577,106,99.06542056074767,107,0,103,4,0,0.0,3.0413314390111434,2.98848328220813,4.295475203392938,2.4409997402519323,1.3028918356108408,2.045646114431189,5.5514018691588785,2.8554537426680326,0.36900048192873003,0.0007412998636290254,0.06434856710125961,0.0,0.0007412998636290254,0.018373209501117982,0,0,0,4,0,1.0,0.35514018691588783,0.22750053254340452,0.18571516392605886,0.9734665262266222,0.5100092671919324,0.0,0.14150943396226412,0.0500574664158261
1578,106,99.06542056074767,107,0,105,2,0,0.0,3.02869839161632,2.977441685923174,4.081438769878921,2.439313697855553,1.3189591579516804,2.079565918551624,5.5514018691588785,2.8554537426680326,0.36466819903823877,0.00037013957547263386,0.062146897932888474,0.0,0.00037013957547263386,0.006465546853970328,0,0,0,2,0,1.0,0.3364485981308411,0.22100126941795947,0.19083530515079733,0.9725506892355192,0.5020115380276825,0.0,0.14150943396226412,0.04997022909849679
1579,106,99.06542056074767,107,0,106,1,0,0.0,2.9891179534708585,2.94007023295837,4.037652624779756,2.4368220999779853,1.3219194216799237,2.089988192763654,5.5514018691588785,2.8554537426680326,0.36509687043397543,0.001110376608328485,0.06196369386588699,0.0,0.001110376608328485,0.010838301437670395,0,0,0,1,0,1.0,0.32710280373831774,0.2220423276167409,0.18246487134371273,0.9771680275745829,0.5036373226461379,0.0,0.14150943396226412,0.04973675369534586
1580,107,100.0,107,0,106,1,0,0.0,2.9721276301926363,2.923964177294037,3.9347950157580427,2.434033727749854,1.3129474786278792,2.0801036698762445,5.5514018691588785,2.8554537426680326,0.36433187573978976,0.0027557295756076064,0.06043121985015562,0.0,0.0027557295756076064,0.013828792437026727,0,0,0,1,0,1.0,0.34579439252336447,0.2201024595591406,0.18762016940880133,0.9714517032762717,0.49840657605905775,0.0,0.14150943396226415,0.049611991739380905
1581,107,100.0,107,0,106,1,0,0.0,2.966164676623664,2.920121053680213,3.76961134593668,2.431237185307218,1.3194637254540797,2.082138071633291,5.5514018691588785,2.8554537426680326,0.3599958734744131,0.0047209331003179025,0.059421713683393634,0.0,0.0047209331003179025,0.01747205745974434,0,0,0,1,0,1.0,0.308411214953271,0.21367928091076333,0.19330659950440035,0.9530179319528809,0.49198193846340654,0.0,0.14150943396226415,0.04954224998361426
1582,107,100.0,107,0,104,3,0,0.0,2.974744038230466,2.929074563998648,3.8907040683804284,2.4287250275168155,1.2984478288981083,2.0710049775468344,5.5514018691588785,2.8554537426680326,0.3616945381482064,0.0005200263404027881,0.060629009189167575,0.0,0.0005200263404027881,0.012712468211438233,0,0,0,3,0,1.0,0.308411214953271,0.21683759677032544,0.19604278015525686,0.9717882332188967,0.495680062162416,0.0,0.11705101327742837,0.04954928003982439
1583,107,100.0,107,0,102,5,0,0.0,2.98169829874363,2.935377354138397,4.083247212251614,2.426428581835611,1.272783492250387,2.0328096996994858,5.5514018691588785,2.8554537426680326,0.36620315448686847,0.004503378307908685,0.059964911667311424,0.0,0.004503378307908685,0.012945101932707948,0,0,0,5,0,1.0,0.3177570093457944,0.22318668483578752,0.19183303462130727,0.9745340383078908,0.5046034675369805,0.0,0.14150943396226415,0.04955126437031406
1584,107,100.0,107,0,101,6,0,0.0,2.960796343757239,2.915144038648775,4.037856049247617,2.4237355077270277,1.2908488804821467,2.0432546053148077,5.5514018691588785,2.8554537426680326,0.36367674919340454,0.002353040907333603,0.05669609769952805,0.0,0.002353040907333603,0.015225104282954463,0,0,0,6,0,1.0,0.3177570093457944,0.2215657302364982,0.19567716827862425,0.977045199384415,0.5008820248334616,0.0,0.17889587700908452,0.04940830485266892
1585,107,100.0,107,0,104,3,0,0.0,2.975013814971466,2.928082838398818,4.230637371989129,2.4214149022572453,1.2840478197046101,2.0572474586887086,5.5514018691588785,2.8554537426680326,0.3663192687958141,0.004454434105147211,0.05793093330582591,0.0,0.004454434105147211,0.007477370498909767,0,0,0,3,0,1.0,0.308411214953271,0.22643727619557125,0.2014212285874049,0.9512304808849339,0.5031119989377726,0.0,0.17889587700908455,0.049446260300870334
1586,106,99.06542056074767,107,1,101,5,0,0.009345794392523364,2.97207331349245,2.926055568735207,4.373329588280291,2.41911126093423,1.264869105490776,2.040507672656176,5.5514018691588785,2.8554537426680326,0.3672351862068488,0.029583730268286045,0.057867593891665736,0.0,0.029583730268286045,0.011902053960080447,0,1,0,5,0,0.8333333333333334,0.2897196261682243,0.2288236147345242,0.19228835128741925,0.966736724998661,0.5088588531686775,0.009345794392523364,0.16002795248078266,0.049398668087287406
1587,106,99.06542056074767,107,1,98,8,0,0.009345794392523364,3.0031564891352547,2.9540938504101657,4.550118587354865,2.417544402884367,1.2484260926654391,2.008336443871933,5.5514018691588785,2.8554537426680326,0.3713650682536789,0.033725323375750085,0.05478470602044511,0.0,0.033725323375750085,0.01814917451557056,1,0,0,8,0,0.8888888888888888,0.29906542056074764,0.233727914173423,0.203588531959895,0.9532270272435417,0.5117176685141464,0.009345794392523364,0.16002795248078266,0.04953171351208788
1588,106,99.06542056074767,107,0,100,7,0,0.0,3.0163646435105287,2.967376370886099,4.7870913156371815,2.416298188464755,1.2354215802409199,1.9830837853180896,5.5514018691588785,2.8554537426680326,0.37452822865139734,0.011170822121746726,0.05548972176252433,0.0,0.011170822121746726,0.010161801728777611,0,0,0,7,0,0.8571428571428571,0.3364485981308411,0.23952297869608358,0.19591737241184237,0.9529779804601461,0.5138997887794731,0.0,0.16002795248078266,0.04957996174582101
1589,106,99.06542056074767,107,0,100,7,0,0.0,3.0400419734837687,2.9920470380122373,4.795137325615535,2.415651126711665,1.256986693622701,2.012352292409055,5.5514018691588785,2.8554537426680326,0.37072585671406766,0.04208552052935683,0.05880018945136863,0.0,0.04208552052935683,0.012687130037450796,0,0,0,7,0,0.7142857142857143,0.2897196261682243,0.2351007044225553,0.19796662256236114,0.9505202051355732,0.5068187015564839,0.0,0.16002795248078266,0.04968911012116422
1590,106,99.06542056074767,107,0,102,5,0,0.0,3.051024372703258,3.0030880151438866,4.721613252173774,2.4152747575034077,1.2480595444650393,2.001210316631343,5.5514018691588785,2.8554537426680326,0.3710183589653433,0.008052616831736309,0.05112546992799588,0.0,0.008052616831736309,0.014653825935787457,0,0,1,4,0,1.0,0.2803738317757009,0.23352693877376468,0.1948508372610727,0.9647995757223855,0.5135612625081365,0.0,0.19741439552760306,0.049738648592939944
1591,106,99.06542056074767,107,0,102,5,0,0.0,3.066799790874916,3.0187415222989844,4.817722995823104,2.415266718268528,1.2338969220395304,1.9984976355965989,5.5514018691588785,2.8554537426680326,0.3724789558234529,0.008379029312386753,0.05633070132194531,0.0,0.008379029312386753,0.010538596273575318,0,0,1,4,0,1.0,0.29906542056074764,0.235353767263963,0.18749740292390443,0.9607669037875708,0.5128556395121155,0.0,0.19741439552760306,0.04981741090548161
1592,107,100.0,107,0,102,5,0,0.0,3.087458366136353,3.0374367891244143,4.980786731179476,2.415685976347298,1.2403934686322053,1.975291311335147,5.5514018691588785,2.8554537426680326,0.3740450517292555,0.012600666993707718,0.06527809451620563,0.0,0.012600666993707718,0.016718122550816616,0,0,0,5,0,0.8,0.27102803738317754,0.23856424004436316,0.18866757332628953,0.9616166788250093,0.509178596723763,0.0,0.16002795248078266,0.04992668964203963
1593,107,100.0,107,0,105,2,0,0.0,3.079547880013799,3.030023986047491,4.825723640105475,2.4159239273752475,1.246740155077993,1.982850606642855,5.5514018691588785,2.8554537426680326,0.37319776443341324,0.010220172837411202,0.07454174490832396,0.0,0.010220172837411202,0.014428093571297762,0,0,0,2,0,1.0,0.2803738317757009,0.2358268212668457,0.19325546774614383,0.9610632961236548,0.5081059504539068,0.0,0.16002795248078266,0.04989053450219351
1594,107,100.0,107,0,102,5,0,0.0,3.109304501591331,3.06087483854935,5.022761592548848,2.416859829279592,1.2160496219655708,1.9302127554704933,5.5514018691588785,2.8554537426680326,0.374216709094483,0.10521071468243089,0.06970173564925002,0.0,0.10521071468243089,0.018788759290501056,0,0,0,5,0,0.4,0.2897196261682243,0.23770194632231983,0.184470486230324,0.9552482869964178,0.5134424262629989,0.0,0.19741439552760304,0.050052679733058825
1595,107,100.0,107,0,102,5,0,0.0,3.1200836512674757,3.0714020671768667,4.979473819531579,2.4180094870530557,1.2054122114283043,1.9315326483365394,5.5514018691588785,2.8554537426680326,0.3726304669131102,0.07452619840270935,0.06434489430843489,0.0,0.07452619840270935,0.021130796836242815,0,0,0,5,0,0.6,0.27102803738317754,0.2350597645655022,0.18304349842649786,0.9321062264900825,0.5142930227446256,0.0,0.19741439552760304,0.05012298945439967
1596,107,100.0,107,0,102,5,0,0.0,3.103781161082331,3.0566409083815342,4.800656583186923,2.418789118431573,1.243269963491925,1.9432928997589498,5.5514018691588785,2.8554537426680326,0.37103019155736416,0.09202767146899474,0.0709146893080463,0.0,0.09202767146899474,0.01781184572493666,0,0,0,5,0,0.6,0.27102803738317754,0.23136431888114994,0.1903596450213341,0.9365101422181504,0.5086055585005098,0.0,0.23480083857442346,0.05005260801016238
1597,107,100.0,107,0,103,4,0,0.0,3.1061012572110265,3.0581043404903276,4.736162090966867,2.4195799178982513,1.2475311352965783,1.9521070520136907,5.5514018691588785,2.8554537426680326,0.36939488846345125,0.0871936496185116,0.07429950952724697,0.0,0.0871936496185116,0.01997008004230419,0,0,1,3,0,0.5,0.2803738317757009,0.22910718418373174,0.202532295694693,0.9272581640687767,0.5044127794620712,0.0,0.23480083857442346,0.05007549894729
1598,107,100.0,107,0,103,4,0,0.0,3.126769827189207,3.0778314052349423,4.814201379965152,2.4207987742188157,1.2609572422211914,1.990020090813461,5.5514018691588785,2.8554537426680326,0.3697721793214852,0.10918558927896295,0.07200545740148831,0.0,0.10918558927896295,0.022591894019340364,0,0,0,4,0,0.5,0.2616822429906542,0.22954048157395301,0.20377232125959147,0.9017351622526141,0.5015699572140896,0.0,0.2721872816212439,0.050196243736392546
1599,107,100.0,107,0,105,2,0,0.0,3.151353537712779,3.102466402968761,4.994634137505762,2.422545579432795,1.2420423793731477,1.9571389629197837,5.5514018691588785,2.8554537426680326,0.3708988533629223,0.35865543852320503,0.08215120668213241,0.5,0.3411539893068718,0.02120037851536838,0,0,0,2,0,0.0,0.2803738317757009,0.2317970131290301,0.19732092120236347,0.9151300957605156,0.5036131931236545,0.0,0.2721872816212439,0.05034410189644026
1600,107,100.0,107,0,104,3,0,0.0,3.150274868910873,3.1012334694572004,4.764827147014504,2.4242143407550336,1.2266789423204691,1.9364735351135627,5.5514018691588785,2.8554537426680326,0.3683579225705622,0.2491216175805976,0.07056265127301808,0.3333333333333333,0.23235686327117658,0.02681606294781617,0,0,0,3,0,0.3333333333333333,0.27102803738317754,0.22654967250053018,0.20022053804815115,0.9058885630440721,0.5040986586221033,0.0,0.2348008385744235,0.05036253390624676
1601,107,100.0,107,0,105,2,0,0.0,3.1613214412157973,3.113169681489826,4.736421504975715,2.4261081177802155,1.2224105845021107,1.9387843579151145,5.5514018691588785,2.8554537426680326,0.3678773322147524,0.07851432361028542,0.05874053036488553,0.0,0.07851432361028542,0.022670029795374136,0,0,0,2,0,0.5,0.2803738317757009,0.22499004428288563,0.1965452603332948,0.9158493411904177,0.5045629525141898,0.0,0.2348008385744235,0.050444804731243055
1602,107,100.0,107,0,104,3,0,0.0,3.1796330290901014,3.131215596479655,4.998839217236115,2.428360053082434,1.207975715609123,1.9037489053365042,5.5514018691588785,2.8554537426680326,0.3717502805949289,0.048310214840306204,0.05939592990707296,0.0,0.048310214840306204,0.023369961609315704,0,0,0,3,0,0.6666666666666666,0.2803738317757009,0.23134634051769457,0.19495387722400026,0.9244573929622587,0.5095862096558565,0.0,0.19741439552760304,0.050568514156049404
1603,107,100.0,107,0,103,4,0,0.0,3.1867444793559287,3.1383653533226985,5.16917832458549,2.430711011813276,1.1863803457337945,1.8258189338921864,5.5514018691588785,2.8554537426680326,0.3751439337635307,0.061374389874948185,0.06523537886737907,0.0,0.061374389874948185,0.016431138842368048,0,0,1,3,0,0.5,0.2897196261682243,0.2355934829620576,0.19399715663168712,0.9126434579008845,0.5140930419588196,0.0,0.2348008385744235,0.05063763667691275
1604,107,100.0,107,0,104,3,0,0.0,3.184178691430041,3.1345975904167074,5.261370604988793,2.4329087706235186,1.2206997297962214,1.9297527815218696,5.5514018691588785,2.8554537426680326,0.3736156500612229,0.050970211716240804,0.06137880158710785,0.0,0.050970211716240804,0.02083495505937205,0,0,1,2,0,0.6666666666666666,0.27102803738317754,0.23603440390142708,0.20323378608784629,0.9259590642080582,0.5066369568524249,0.0,0.1974143955276031,0.050656185730384246
1605,107,100.0,107,0,101,6,0,0.0,3.225320729321669,3.174024149515872,5.575794970049865,2.435944419173481,1.210759721565359,1.8941372527485372,5.5514018691588785,2.8554537426680326,0.3766606505976553,0.04719937801195201,0.06428410210918434,0.0,0.04719937801195201,0.0074702502484591355,0,0,0,6,0,0.6666666666666666,0.2897196261682243,0.24114703901412338,0.2047386362061134,0.9241401133522891,0.5129142002834881,0.0,0.1974143955276031,0.050905236689909455
1606,107,100.0,107,0,101,6,0,0.0,3.245428616255228,3.194458830490332,6.031685016564211,2.439360188473459,1.175656727403054,1.8735762807681444,5.5514018691588785,2.8554537426680326,0.3789923639624142,0.08910570388951129,0.07445909145412138,0.0,0.08910570388951129,0.019465167600550986,0,0,0,6,0,0.5,0.29906542056074764,0.24822810783045837,0.19372862485804518,0.9430401515211777,0.5194354991237432,0.0,0.1974143955276031,0.05105454398073582
1607,105,98.13084112149532,107,2,99,6,0,0.018691588785046728,3.252332468349312,3.2181057053529996,5.876894200923577,2.4428654956838995,1.2038511570179087,1.9252817782471447,5.5514018691588785,2.8554537426680326,0.3760623182043479,0.1444785078494531,0.06962678091693439,0.125,0.11720082179368817,0.016961696016781574,0,2,0,6,0,0.5,0.29906542056074764,0.24235013092284607,0.21300286414624564,0.9547344025411957,0.5090094512472849,0.018691588785046728,0.14150943396226418,0.05113910945417251
1608,103,96.26168224299066,107,2,103,2,0,0.018691588785046728,3.246798685696476,3.2232623011870154,5.89954140112225,2.4465101150659265,1.2450385521089997,1.9636431948011785,5.5514018691588785,2.8554537426680326,0.3751389000673053,0.3014760599074451,0.09802871936448651,0.25,0.053413478736013965,-0.002323386567236324,0,2,1,1,0,0.75,0.2803738317757009,0.24275292861952344,0.2298579978255124,0.9583129840587848,0.49777819918803623,0.018691588785046728,0.14116002795248075,0.05116347575118338
1609,102,95.32710280373831,107,1,101,5,0,0.009345794392523364,3.260578076221735,3.2282068504590953,5.77092719736667,2.4505729699448557,1.2729864268228699,1.923590317098313,5.5514018691588785,2.8554537426680326,0.37557524165173173,0.24986422465284056,0.11198600756851163,0.16666666666666666,0.131938734650105,0.021898360896179636,1,0,0,5,0,0.5,0.27102803738317754,0.24224074954386346,0.24182498955391793,0.9713843859699063,0.4933928485762879,0.009345794392523364,0.16002795248078266,0.05129037917465945
1610,102,95.32710280373831,107,0,105,2,0,0.0,3.260803097720879,3.2291840795885984,5.6159740637927245,2.454364278484356,1.2943052908493993,1.930310708437428,5.5514018691588785,2.8554537426680326,0.3717458633298103,0.044005015110284276,0.08412865353837592,0.0,0.044005015110284276,-0.003639502363441516,0,0,0,2,0,0.5,0.2803738317757009,0.23764158853961143,0.2405357988752348,0.9650582116193152,0.49107448272867804,0.0,0.16002795248078266,0.05134563381294879
1611,101,94.39252336448598,107,1,104,2,0,0.009345794392523364,3.251718493290076,3.2132695253548205,5.52918873868415,2.4578441958989643,1.2934484044565264,1.9862646110054774,5.5514018691588785,2.8554537426680326,0.3696772397040946,0.33503154704306054,0.11073114908424704,0.3333333333333333,0.001698213953328759,0.009704156123143052,0,1,0,2,0,1.0,0.2803738317757009,0.2354662703060392,0.23500532847857736,0.9548522869335299,0.4844314466824465,0.009345794392523364,0.12264150943396225,0.051349894506823375
1612,103,96.26168224299066,107,0,104,3,0,0.0,3.265034315433587,3.22551117503216,5.691773963973778,2.461343975472323,1.281860498252736,1.9740625594289305,5.5514018691588785,2.8554537426680326,0.3710243855213571,0.00631382360450022,0.0779079339141248,0.0,0.00631382360450022,0.008357318766426092,0,0,0,3,0,1.0,0.2616822429906542,0.23862122964331312,0.23512988131026963,0.9483210382209106,0.4851722577996625,0.0,0.12264150943396224,0.051466440910947236
1613,105,98.13084112149532,107,0,105,2,0,0.0,3.261482825849674,3.2230316533695866,5.678420381656779,2.4646871791835783,1.2885703487658728,1.9564201585098808,5.5514018691588785,2.8554537426680326,0.36872193322825675,0.00653139381379576,0.07315831319721186,0.0,0.00653139381379576,-0.001526678178656593,0,0,0,2,0,1.0,0.2616822429906542,0.23640388187699046,0.23266852066381716,0.9503683974582628,0.4803195396959764,0.0,0.12264150943396225,0.0514964152807767
1614,106,99.06542056074767,107,0,105,2,0,0.0,3.2128057227691733,3.1743697911442097,5.149187029046047,2.4668233056864017,1.3441567352886985,2.019601366780496,5.5514018691588785,2.8554537426680326,0.36190035412954935,0.0055349537961425135,0.08666823027016081,0.0,0.0055349537961425135,0.012550957345364933,0,0,0,2,0,1.0,0.2523364485981308,0.22645021949374225,0.24810715964658378,0.9311746988699998,0.4677764675471579,0.0,0.12264150943396224,0.05128352781746069
1615,105,98.13084112149532,107,1,104,2,0,0.009345794392523364,3.231449396544967,3.1963110848987513,5.438897180594617,2.4693112455096995,1.3434181159024186,2.0246040504511638,5.5514018691588785,2.8554537426680326,0.36506145003560775,0.04929930641950195,0.08303147011108712,0.0,0.04929930641950195,0.01637597851216166,0,1,1,1,0,0.6666666666666666,0.2523364485981308,0.2318392767828216,0.24685413272255344,0.946912396489684,0.47179610612197254,0.009345794392523364,0.12264150943396225,0.051412267171739495
1616,106,99.06542056074767,107,0,104,3,0,0.0,3.219157483405742,3.184511296297017,5.333453692468443,2.4715470027283097,1.3315510634137524,2.0119712995676187,5.5514018691588785,2.8554537426680326,0.36630498251722066,0.0019986545384404683,0.08856638561015821,0.0,0.0019986545384404683,0.015734668846579147,0,0,0,3,0,1.0,0.2803738317757009,0.2316548841291719,0.250001108334307,0.9508562323203208,0.4771229989441849,0.0,0.08525506638714184,0.05138272811263126
1617,106,99.06542056074767,107,0,105,2,0,0.0,3.1924003349437062,3.158581292062224,4.917502010254459,2.473126583512627,1.3687348815763647,2.0594710317366416,5.5514018691588785,2.8554537426680326,0.35994956308463877,0.002963597485327078,0.08770947450559018,0.0,0.002963597485327078,0.00390107961989683,0,0,0,2,0,1.0,0.2897196261682243,0.2220094969904916,0.25498302496506153,0.9478782441544877,0.4706656738974746,0.0,0.10761705101327743,0.05127149446963321
1618,106,99.06542056074767,107,0,105,2,0,0.0,3.2131882302857413,3.1789434668565493,5.161738564713786,2.475126206084123,1.34615857049341,2.0319211229294463,5.5514018691588785,2.8554537426680326,0.3633079459406754,0.018015134480341238,0.0873856985040705,0.0,0.018015134480341238,0.013968758199001674,0,0,0,2,0,1.0,0.2897196261682243,0.22725841935218868,0.25099172493713434,0.9371868180982827,0.4734112595949189,0.0,0.10761705101327743,0.0514039830951219
1619,106,99.06542056074767,107,0,105,2,0,0.0,3.2064399221689928,3.1729429745491338,5.136838775714768,2.4769316573323246,1.3260851621000715,2.027955499889615,5.5514018691588785,2.8554537426680326,0.3619385089614915,0.0036716958048352752,0.0943861931524993,0.0,0.0036716958048352752,0.008131407114997713,0,0,1,1,0,1.0,0.27102803738317754,0.22642211607430762,0.2518266051276005,0.9042850430453357,0.473788237833313,0.0,0.07023060796645704,0.051396018467157564
1620,107,100.0,107,0,105,2,0,0.0,3.2538139844951397,3.220758954643568,5.916015133881289,2.479777845309848,1.2893553589018834,1.9828375346663918,5.5514018691588785,2.8554537426680326,0.3664266825501137,0.010952878924844478,0.0948664022973163,0.0,0.010952878924844478,0.017771318973072825,0,0,1,1,0,1.0,0.2616822429906542,0.23765987786885018,0.22828411571832424,0.921750406662164,0.47907460721585604,0.0,0.10761705101327743,0.05167352456935207
1621,107,100.0,107,0,105,2,0,0.0,3.253014411099129,3.223215445175925,5.885653844803878,2.482598876866919,1.2707083526342495,1.9744021907363298,5.5514018691588785,2.8554537426680326,0.3641883310130709,0.010502368067967727,0.06117915777562015,0.0,0.010502368067967727,0.049674282333931896,0,0,0,2,0,1.0,0.2523364485981308,0.2352643701349448,0.22625840350414775,0.9231858847237897,0.4792123810784289,0.0,0.08525506638714185,0.05170980332796114
1622,107,100.0,107,0,103,4,0,0.0,3.255765429309016,3.226395402255444,6.043315000789348,2.485411996935566,1.270416038234254,1.9704109291654404,5.5514018691588785,2.8554537426680326,0.36389638324333884,0.05004034395213989,0.08249614697772774,0.0,0.05004034395213989,0.019908591838000117,0,0,0,4,0,0.75,0.2336448598130841,0.23676010508800144,0.21900649042914008,0.9369914305266678,0.47683273038948376,0.0,0.16002795248078266,0.051763722090153536
1623,106,99.06542056074767,107,1,105,1,0,0.009345794392523364,3.2638443860732034,3.239413424409805,6.211063278075858,2.488307700675437,1.2596933063947426,1.9709439677426535,5.5514018691588785,2.8554537426680326,0.36925361134560686,0.2511136138443603,0.06621155892520142,0.0,0.2511136138443603,0.0772879750170331,1,0,0,1,0,0.0,0.2803738317757009,0.24241154920525917,0.21975047435538164,0.9535963522958607,0.4786705257654138,0.009345794392523364,0.16002795248078266,0.05184545961438283
1624,105,98.13084112149532,107,1,106,0,0,0.009345794392523364,3.262491507482517,3.2289172882253347,6.027447930292497,2.4912312039263393,1.2712830493734757,1.97822774695394,5.5514018691588785,2.8554537426680326,0.37010702342423185,0.18667062185084266,0.057578490499468726,0.0,0.18667062185084266,0.08583463401634817,0,1,0,0,0,0.0,0.27102803738317754,0.2419384154600134,0.23528403666352116,0.9380268776105591,0.48306924561222525,0.009345794392523364,0.21628232005590495,0.05188043486292686
1625,105,98.13084112149532,107,0,106,1,0,0.0,3.265915781102652,3.234278417555537,5.698199985142072,2.493977908573226,1.2597107704149328,1.9579491583924546,5.5514018691588785,2.8554537426680326,0.36659841496930645,1.456583606528417e-05,0.08059728447729564,0.0,1.456583606528417e-05,0.0071354063442415905,0,0,0,1,0,1.0,0.24299065420560748,0.2342852412015331,0.24250219456253383,0.9442330118820577,0.48191161822508066,0.0,0.21628232005590498,0.05193677167134732
1626,105,98.13084112149532,107,0,106,1,0,0.0,3.2664669488370275,3.233868606967579,5.7514237343689425,2.496636820778056,1.2765961475934062,1.9751995613287863,5.5514018691588785,2.8554537426680326,0.36371571153799276,3.519959426227642e-05,0.07880239346684467,0.0,3.519959426227642e-05,0.02895406262768252,0,0,0,1,0,1.0,0.2523364485981308,0.23331183594928115,0.23291782169373407,0.9371968931391212,0.4799735626377336,0.0,0.21628232005590498,0.05197748951405273
1627,104,97.19626168224299,107,1,105,1,0,0.009345794392523364,3.325044184159641,3.2872947449268546,5.9298814219787,2.500544673146274,1.2524875359575305,1.9581136263107037,5.5514018691588785,2.8554537426680326,0.36550588455000077,0.4338337539919058,0.10613138800463846,0.5,0.0665214614776143,0.04423349459656223,0,1,0,1,0,0.5,0.2616822429906542,0.23534405403896339,0.24304311956894334,0.9175334495545482,0.48760886051192426,0.009345794392523364,0.19776380153738643,0.05232616914901891
1628,105,98.13084112149532,107,0,106,1,0,0.0,3.3608205902324544,3.321090424962226,6.410368677739773,2.5050085373594113,1.222919165549132,1.9503928471952174,5.5514018691588785,2.8554537426680326,0.3706765526596787,0.004454864732106481,0.07875252130049999,0.0,0.004454864732106481,0.016023386035163734,0,0,0,1,0,1.0,0.2523364485981308,0.24467356780039795,0.22816285919738216,0.9373504429057629,0.49825432720599194,0.0,0.1977638015373864,0.052568782968253805
1629,105,98.13084112149532,107,1,106,0,0,0.009345794392523364,3.324455568826851,3.283260264551581,5.835646443814731,2.5085235942407285,1.2821110435495053,1.9948890565616524,5.5514018691588785,2.8554537426680326,0.3645166804941673,0.17101385746315362,0.09424714003491397,0.0,0.17101385746315362,0.017667040104798026,0,1,0,0,0,0.0,0.27102803738317754,0.233688959433011,0.24119451710237572,0.9450295739703986,0.48714418678830174,0.009345794392523364,0.23515024458420686,0.05243714327286302
1630,104,97.19626168224299,107,1,104,2,0,0.009345794392523364,3.3539703721601706,3.3172311916570605,6.237189007971915,2.512537979282408,1.2744566466064104,1.9877830983357856,5.5514018691588785,2.8554537426680326,0.36788335808357076,0.15862018707794154,0.07318601831101841,0.0,0.15862018707794154,0.011504300562001765,1,0,0,2,0,0.3333333333333333,0.27102803738317754,0.2393367361605944,0.23725374816013112,0.9361182868870643,0.487901345263827,0.009345794392523364,0.27253668763102723,0.0526420317434885
1631,104,97.19626168224299,107,0,106,1,0,0.0,3.3441461557539194,3.307688350614842,6.453931762851137,2.5163532281597734,1.2923073467101858,1.947015838311846,5.5514018691588785,2.8554537426680326,0.37118453013525676,0.10294010281436834,0.07032549484030391,0.0,0.10294010281436834,0.06443080634203768,0,0,0,1,0,0.0,0.2616822429906542,0.24506318991988973,0.23412304447861934,0.9192890632039854,0.49067902822120746,0.0,0.27253668763102723,0.05264738199488765
1632,105,98.13084112149532,107,0,107,0,0,0.0,3.32830122159761,3.292074311649126,6.545275750188121,2.5197028530422556,1.3252546381264785,1.9572891106349826,5.5514018691588785,2.8554537426680326,0.36980471016324135,0.0,0.0,0.0,0.0,0.0,0,0,0,0,0,0.0,0.27102803738317754,0.24553743613304158,0.22500884930667062,0.9223215726116409,0.4869762665139325,0.0,0.27253668763102723,0.0526159808186422
1633,104,97.19626168224299,107,1,105,1,0,0.009345794392523364,3.3164322786232163,3.2820324691531337,6.4688423333534315,2.5226938755564827,1.3591166596980977,2.0275021737279295,5.5514018691588785,2.8554537426680326,0.3649343757546786,0.43706986285751914,0.11446970765101791,0.5,0.06950415324174454,0.05409671774198621,0,1,0,1,0,0.5,0.2523364485981308,0.24127811835980087,0.2211253275016268,0.9088814755022124,0.48352488292441137,0.009345794392523364,0.23515024458420683,0.052599339735933504
1634,105,98.13084112149532,107,0,106,1,0,0.0,3.3111656968443213,3.276640002976415,6.123390006965824,2.525509870549847,1.3739834958073118,2.0285201343940162,5.5514018691588785,2.8554537426680326,0.3615781580597135,0.07417621043200617,0.072799204997765,0.0,0.07417621043200617,0.05748323431177871,0,0,0,1,0,0.0,0.24299065420560748,0.23460441183367992,0.2330372520187013,0.9204483275669393,0.4768769592195573,0.0,0.23515024458420683,0.052613211544254704
1635,106,99.06542056074767,107,0,106,1,0,0.0,3.3118018287341022,3.2766909803778246,5.91353214016068,2.528246620617672,1.3664409151298613,2.0311908778051504,5.5514018691588785,2.8554537426680326,0.36014794882700407,0.05565253488067751,0.07572897508710313,0.0,0.05565253488067751,0.05819336363934413,0,0,0,1,0,0.0,0.2523364485981308,0.23138917853533705,0.23399032802118044,0.9150185679144117,0.47783388897144835,0.0,0.23515024458420683,0.052655465519823204
1636,106,99.06542056074767,107,0,107,0,0,0.0,3.3379451089977823,3.302396349049788,5.959238905341662,2.5314924279827067,1.3731991300398738,2.038941075809982,5.5514018691588785,2.8554537426680326,0.35908580510180865,0.0,0.0,0.0,0.0,0.0,0,0,0,0,0,0.0,0.2336448598130841,0.2305471420027302,0.23427214798104085,0.926393257895335,0.47992129307607057,0.0,0.23515024458420686,0.052832523185083934
1637,106,99.06542056074767,107,0,104,3,0,0.0,3.313489480262324,3.2793892949876913,5.642925347561757,2.5341199881908207,1.3522723097498797,1.9469250348657403,5.5514018691588785,2.8554537426680326,0.3569278811833223,0.1319739845197528,0.11103072007429031,0.0,0.1319739845197528,0.023823499366477135,0,0,2,1,0,0.3333333333333333,0.2336448598130841,0.22527155252499054,0.23650710260777094,0.9207633807635317,0.47906008528674227,0.0,0.23515024458420686,0.052747759424558366
1638,107,100.0,107,0,104,3,0,0.0,3.3465382752056034,3.3126190786327734,6.014843053161742,2.537431608513251,1.2954016317436072,1.8734207417078415,5.5514018691588785,2.8554537426680326,0.36204216639795805,0.07551418269996925,0.09748386234074402,0.0,0.07551418269996925,0.02312431369970021,0,0,0,3,0,0.3333333333333333,0.2523364485981308,0.2323387208726952,0.2198308371374098,0.9366486812987509,0.49473529276570183,0.0,0.23515024458420683,0.052960284292494664
1639,105,98.13084112149532,107,2,103,2,0,0.018691588785046728,3.375342473142293,3.337994484566717,6.169662051739126,2.5413104946565768,1.31199581313568,1.8845040191540483,5.5514018691588785,2.8554537426680326,0.3638829140755555,0.11886726331074811,0.10933394362401945,0.0,0.11886726331074811,0.02010468754935496,0,2,0,2,0,0.25,0.24299065420560748,0.2348877959757195,0.22686217275440831,0.9209122733145041,0.495657050721683,0.018691588785046728,0.21628232005590495,0.053159685181954824
1640,105,98.13084112149532,107,0,104,3,0,0.0,3.370134724573818,3.331939857798449,6.190928366366252,2.5448581501224536,1.328996246092759,1.8920208142979802,5.5514018691588785,2.8554537426680326,0.3664007594477543,0.0008436213502291033,0.09185059567657887,0.0,0.0008436213502291033,-0.0030306329846330193,0,0,0,3,0,1.0,0.2523364485981308,0.23765674005182108,0.2331586501590741,0.9189374125072671,0.4923366124446238,0.0,0.17889587700908455,0.05318429726950112
1641,105,98.13084112149532,107,0,105,2,0,0.0,3.3567442115783908,3.318319874381858,5.878821286268345,2.5479933740665763,1.3606777870447342,1.9253779428944422,5.5514018691588785,2.8554537426680326,0.3618504812220098,0.0043857111189051405,0.09321050408808257,0.0,0.0043857111189051405,0.01924745780188386,0,0,0,2,0,1.0,0.2803738317757009,0.23033009538029928,0.22974374180188742,0.9318917405712288,0.4858375944948579,0.0,0.14150943396226412,0.05316210713925072
1642,105,98.13084112149532,107,0,107,0,0,0.0,3.382185053619936,3.342070439308965,5.993079672479531,2.551581622257339,1.3764022942286223,1.9455441932032111,5.5514018691588785,2.8554537426680326,0.3653515451158529,0.0,0.0,0.0,0.0,0.0,0,0,0,0,0,0.0,0.2616822429906542,0.23388254506009137,0.23967114706153309,0.9419916473582202,0.4858673777291115,0.0,0.21628232005590492,0.05334054173308812
1643,105,98.13084112149532,107,0,105,2,0,0.0,3.3520638904483735,3.312140143318626,5.9431838776555175,2.5543836930752035,1.3607479019617919,1.9498055602244864,5.5514018691588785,2.8554537426680326,0.364693153693906,0.0023119231672088115,0.09460479309986022,0.0,0.0023119231672088115,0.017684233279072425,0,0,0,2,0,1.0,0.2523364485981308,0.23436736272318706,0.23690220432032394,0.9421516680121993,0.483964433295617,0.0,0.17889587700908455,0.053229941835250774
1644,107,100.0,107,0,105,2,0,0.0,3.3748805559726383,3.3343421004700615,6.012214259313704,2.5576129253501687,1.3713615888374684,1.9510182637147404,5.5514018691588785,2.8554537426680326,0.3665124422260384,0.0010195948352151511,0.08938160448228075,0.0,0.0010195948352151511,0.013867200748823416,0,0,0,2,0,1.0,0.2616822429906542,0.2356350004267999,0.24716897319691106,0.9278331222333476,0.4848418518704556,0.0,0.21628232005590495,0.05339012977979957
1645,106,99.06542056074767,107,1,104,2,0,0.009345794392523364,3.392415412495545,3.3556745334484925,6.210795342432318,2.561154462172414,1.3719789871673678,1.951607642776192,5.5514018691588785,2.8554537426680326,0.3706565200563312,0.25906889603276034,0.09615998647525631,0.3333333333333333,0.16628046587546605,0.048456469757319175,1,0,1,1,0,0.3333333333333333,0.2897196261682243,0.23976034566162616,0.253183985462578,0.921907824216867,0.49131190783721657,0.009345794392523364,0.17889587700908455,0.05352836753528349
1646,106,99.06542056074767,107,0,105,2,0,0.0,3.383381846647497,3.3471630370131398,5.955001515538222,2.564483234997676,1.3717636453885182,1.9722399930190166,5.5514018691588785,2.8554537426680326,0.36729744335928793,0.0070071456366601285,0.09792284323216965,0.0,0.0070071456366601285,0.004369535141928282,0,0,0,2,0,1.0,0.2523364485981308,0.2339108262010354,0.25883630595836377,0.9271701080468528,0.4868989348099292,0.0,0.21628232005590498,0.053530725490155175
1647,105,98.13084112149532,107,1,103,3,0,0.009345794392523364,3.3760635980198304,3.337187588549926,5.824108992391047,2.5675853355232032,1.358504064117204,1.9537049182141684,5.5514018691588785,2.8554537426680326,0.3683401520374534,0.14919595089311788,0.11606458876853956,0.25,0.10935924518353407,0.014194939766448256,1,0,0,3,0,0.75,0.27102803738317754,0.2328409796345743,0.254391161583319,0.9325806918986932,0.49631049919589887,0.009345794392523364,0.2103424178895877,0.05353842376979559
1648,105,98.13084112149532,107,0,105,2,0,0.0,3.3646898520186745,3.3259683663941106,5.478290120217468,2.570246314522335,1.3782973499905566,1.9791262089653874,5.5514018691588785,2.8554537426680326,0.36343076630731797,0.003729866321597249,0.09209890074274421,0.0,0.003729866321597249,0.02158014227880478,0,0,0,2,0,1.0,0.2616822429906542,0.22539368387453482,0.2630249342139823,0.9384715807447137,0.4886843321380566,0.0,0.19776380153738643,0.05351954655200097
1649,105,98.13084112149532,107,0,106,1,0,0.0,3.3846684800646254,3.3465285846800326,5.726605535577855,2.573300980515081,1.3858576606539628,1.9799223674018025,5.5514018691588785,2.8554537426680326,0.3650383632140666,0.0013746005208302506,0.1190341141608624,0.0,0.0013746005208302506,-0.01235660181447873,0,0,0,1,0,1.0,0.27102803738317754,0.22878665866799558,0.2605892987395568,0.9333465957225424,0.4877467591070072,0.0,0.21034241788958769,0.05366305197943866
1650,106,99.06542056074767,107,0,106,1,0,0.0,3.3901670014805028,3.352422811375997,5.549602659733809,2.5764030674668446,1.3847371802375654,1.9766137968731212,5.5514018691588785,2.8554537426680326,0.3642510068511946,0.00243191126621445,0.09491983531918853,0.0,0.00243191126621445,0.01838797347578236,0,0,0,1,0,1.0,0.2616822429906542,0.22580663729944606,0.2850287134194231,0.937004602624355,0.4791145163709903,0.0,0.23515024458420683,0.05373483391550052
1651,106,99.06542056074767,107,0,106,1,0,0.0,3.394737333905146,3.3575139736482424,5.505323566663952,2.579532876387561,1.3926889124536046,1.9779519896482745,5.5514018691588785,2.8554537426680326,0.36203697407219426,0.01036243939337236,0.10166253397809127,0.0,0.01036243939337236,0.028076184485735123,0,0,0,1,0,1.0,0.2616822429906542,0.22291737492587682,0.2860379562109758,0.8958703874763871,0.47530452384864996,0.0,0.2103424178895877,0.053802370700606214
1652,107,100.0,107,0,105,2,0,0.0,3.419085729996434,3.3804621870702634,5.7737592119857934,2.58309753555754,1.3897272081185699,2.0061076995468197,5.5514018691588785,2.8554537426680326,0.36495624180903063,0.07179789373790829,0.11340691455408818,0.0,0.07179789373790829,0.049614905205564996,0,0,0,2,0,0.5,0.2803738317757009,0.2281544388190788,0.2782850093150276,0.9101674526114367,0.48291869238011537,0.0,0.21034241788958769,0.053975006277903914
1653,107,100.0,107,0,104,3,0,0.0,3.427649906518515,3.3892512372316754,5.995643478525444,2.5867611813432605,1.350368981958644,1.9857187375487555,5.5514018691588785,2.8554537426680326,0.3682911708471628,0.04317466818688098,0.11152984377776272,0.0,0.04317466818688098,0.028631273164954507,0,0,0,3,0,0.6666666666666666,0.27102803738317754,0.23316890191303344,0.2712946141982295,0.9022438636517393,0.48687193422146136,0.0,0.23515024458420686,0.05407013401586755
1654,107,100.0,107,0,103,4,0,0.0,3.455718061375435,3.4165307533577387,6.261755641692356,2.5909433765896366,1.3234545566491143,1.945089233599543,5.5514018691588785,2.8554537426680326,0.37292052341062876,0.029557161539053484,0.10401607330482816,0.0,0.029557161539053484,0.015986206206521913,0,0,0,4,0,0.75,0.2897196261682243,0.23889951105827043,0.2648624802800532,0.8694533449497936,0.49376693321418447,0.0,0.27253668763102723,0.05427018511549632
1655,105,98.13084112149532,107,2,104,1,0,0.018691588785046728,3.446362768952956,3.3962782565846616,6.097631263558675,2.5947462925883418,1.4023857624919418,2.006761189778924,5.5514018691588785,2.8554537426680326,0.3724767679293983,0.3120717316158394,0.13068325547592416,0.3333333333333333,0.06743427588763662,0.032452636232454424,0,2,0,1,0,0.6666666666666666,0.2803738317757009,0.23814967871246762,0.2696055559655406,0.921048325646272,0.4911876514775854,0.018691588785046728,0.2914046121593291,0.0542777039069917
1656,105,98.13084112149532,107,0,106,1,0,0.0,3.4404799393389234,3.3938614110404433,5.946877019326358,2.5981826266099044,1.3983642643963274,1.9992007657853386,5.5514018691588785,2.8554537426680326,0.3693348240644092,0.00606780408402861,0.09959519175137914,0.0,0.00606780408402861,-0.05489803497629531,0,0,0,1,0,1.0,0.2897196261682243,0.23362469551884654,0.2634715429659632,0.9171452126048186,0.4884229397720159,0.0,0.2480782669461915,0.05429735122313618
1657,105,98.13084112149532,107,0,107,0,0,0.0,3.4817797156751635,3.4344147069227704,6.114632164584292,2.6024472221870756,1.3598172566386997,1.9574258710085963,5.5514018691588785,2.8554537426680326,0.372656713042252,0.0,0.0,0.0,0.0,0.0,0,0,0,0,0,0.0,0.2803738317757009,0.23611559361931045,0.2612451182610018,0.9205259018477809,0.4964598291576132,0.0,0.24807826694619148,0.05456473688182637
1658,105,98.13084112149532,107,0,106,1,0,0.0,3.4672656368459345,3.41986009580102,6.1005641414689045,2.6062575640598227,1.3644941971027926,1.9633140677376224,5.5514018691588785,2.8554537426680326,0.37211018420333963,0.00737730305609363,0.10012419807942227,0.0,0.00737730305609363,-0.05757153230483825,0,0,0,1,0,1.0,0.2897196261682243,0.23626952524177494,0.25292959545297694,0.903978191345367,0.5006742807376695,0.0,0.24807826694619148,0.054546567762487126
1659,105,98.13084112149532,107,0,106,1,0,0.0,3.4704565091674717,3.423432798801347,5.953195641182979,2.6100407168881863,1.369047367582008,1.9703784864121248,5.5514018691588785,2.8554537426680326,0.3700228717513243,0.0013297010466628483,0.09821090509272185,0.0,0.0013297010466628483,-0.03502079684819748,0,0,0,1,0,1.0,0.2803738317757009,0.23258267057050605,0.2639934927946221,0.9378243591696033,0.4993838298420517,0.0,0.21069182389937108,0.05461653521360899
1660,107,100.0,107,0,105,2,0,0.0,3.5031976115275842,3.453939717398045,6.262846984447703,2.614412732296595,1.316897500113809,1.9172889910318893,5.5514018691588785,2.8554537426680326,0.37424138962351083,0.03300581590579353,0.09699207466800588,0.0,0.03300581590579353,-0.027083874436647948,0,0,1,1,0,0.5,0.27102803738317754,0.238830647675485,0.25643534271122137,0.9406267774838856,0.5064245453078714,0.0,0.21663172606568834,0.05484266116421427
1661,106,99.06542056074767,107,1,105,1,0,0.009345794392523364,3.5180381319725282,3.4680788721789404,6.063081781002169,2.6189441280042107,1.3439924850961413,1.9893189724544875,5.5514018691588785,2.8554537426680326,0.3728925968436778,0.1004372963654578,0.09663740443912078,0.0,0.1004372963654578,-0.04814392061666839,0,1,0,1,0,0.5,0.27102803738317754,0.23540911132251333,0.28794618386237364,0.9195140374103492,0.4985481754662849,0.009345794392523364,0.21663172606568834,0.0549815597206031
1662,106,99.06542056074767,107,0,107,0,0,0.0,3.5336242090565317,3.4825920605058576,6.173272969663828,2.623716434149589,1.3051215781648062,1.9354645091689466,5.5514018691588785,2.8554537426680326,0.3743229646037425,0.0,0.0,0.0,0.0,0.0,0,0,0,0,0,0.0,0.2616822429906542,0.23747988882249432,0.2820389629320176,0.9054090481100945,0.5045574333616818,0.0,0.21069182389937108,0.05512762560324301
1663,106,99.06542056074767,107,0,106,1,0,0.0,3.5397492891074496,3.489422714377858,6.087518439362617,2.6285085062298377,1.2948879393877173,1.9385011628349893,5.5514018691588785,2.8554537426680326,0.3729803007028456,0.08911420527135647,0.11361616785880321,0.0,0.08911420527135647,0.05679536673017416,0,0,0,1,0,0.0,0.27102803738317754,0.23469997151183988,0.28801746797608474,0.9010793039097813,0.5044150669941093,0.0,0.21663172606568834,0.055226668704281
1664,106,99.06542056074767,107,0,107,0,0,0.0,3.5456971948313836,3.4935196764846608,6.001940223752582,2.6332573323947703,1.2843766741412508,1.9022028004605946,5.5514018691588785,2.8554537426680326,0.3729860880285354,0.0,0.0,0.0,0.0,0.0,0,0,0,0,0,0.0,0.2897196261682243,0.2338832082331932,0.30187773079788965,0.9104318541579692,0.5025814830937123,0.0,0.25401816911250874,0.055324208500130354
1665,105,98.13084112149532,107,1,105,1,0,0.009345794392523364,3.5391677155560903,3.500321396039088,5.863186745123072,2.6377304126980503,1.3012107733058922,1.9170343090809936,5.5514018691588785,2.8554537426680326,0.37446640083644867,0.16083747313743468,0.10873927490108343,0.0,0.16083747313743468,0.006209432864344777,0,1,0,1,0,0.5,0.2803738317757009,0.23367253746801686,0.32341650583964104,0.9017447277967672,0.49952739199421214,0.009345794392523364,0.27253668763102723,0.05535542447322016
1666,106,99.06542056074767,107,0,106,1,0,0.0,3.526426939402901,3.487297082204913,5.733058894031495,2.642073764948589,1.3504751019483374,1.9748133979216,5.5514018691588785,2.8554537426680326,0.37263648073795963,0.07818933609071868,0.12266937584820176,0.0,0.07818933609071868,-0.022217796806128343,0,0,0,1,0,0.0,0.29906542056074764,0.23131508134983944,0.3288307809922183,0.9094225798694806,0.49446523082402544,0.0,0.27253668763102723,0.05535373179965185
1667,106,99.06542056074767,107,0,105,2,0,0.0,3.5552802602095475,3.5163223894318096,5.85654866374073,2.6469561381619577,1.333278798030495,1.9515232380041903,5.5514018691588785,2.8554537426680326,0.3728518011428861,0.06971105810569678,0.11947999846161678,0.0,0.06971105810569678,-0.010606696118086067,0,0,0,2,0,0.5,0.2897196261682243,0.23199061762554588,0.3248851528724188,0.9094415451226037,0.4983206183814929,0.0,0.27253668763102723,0.05556770535801116
1668,106,99.06542056074767,107,0,104,3,0,0.0,3.599593946237027,3.5608248027420015,6.189006156122799,2.6527156941278296,1.3047376171729903,1.909570037309279,5.5514018691588785,2.8554537426680326,0.37612306333751033,0.05897871208655255,0.11864318491373999,0.0,0.05897871208655255,-0.004204474822435467,0,0,2,1,0,0.6666666666666666,0.27102803738317754,0.2372530558560088,0.32352701302657033,0.9123658772143968,0.5045086169183027,0.0,0.23515024458420683,0.05587150451634283
1669,106,99.06542056074767,107,0,104,3,0,0.0,3.630068555829419,3.5894492983812234,6.667481115247662,2.6589646760229533,1.272299965685197,1.8887207162768258,5.5514018691588785,2.8554537426680326,0.3812725354910331,0.06352432979456364,0.1142322839700876,0.0,0.06352432979456364,-0.005106303516593321,0,0,0,3,0,0.6666666666666666,0.27102803738317754,0.2461040448052794,0.3115485365625054,0.915322018523453,0.5113409838535312,0.0,0.27253668763102723,0.05611309595800627
1670,106,99.06542056074767,107,1,105,1,0,0.009345794392523364,3.6574121503630845,3.61563311737462,6.849971610819165,2.6656565109822354,1.2848370619100067,1.9191730172203283,5.5514018691588785,2.8554537426680326,0.38293036296939187,0.10887106019838427,0.11972881101070487,0.0,0.10887106019838427,-0.02307568027942819,0,1,0,1,0,0.5,0.2803738317757009,0.24898037234528403,0.3015035909123237,0.9064453397515824,0.5079867271359522,0.009345794392523364,0.27253668763102723,0.05634535505657359
1671,105,98.13084112149532,107,1,105,1,0,0.009345794392523364,3.638002568422903,3.5886956556917196,6.885565712705197,2.671687073858282,1.290298495096667,1.9415996281049317,5.5514018691588785,2.8554537426680326,0.3848878317945641,0.054952619793097804,0.10357456661339018,0.0,0.054952619793097804,0.027058138170158674,0,1,0,1,0,0.5,0.2897196261682243,0.2522775517828104,0.29640492126728,0.9070836052664941,0.5087247918748505,0.009345794392523364,0.2910552061495457,0.056334407113546696
1672,104,97.19626168224299,107,1,103,3,0,0.009345794392523364,3.684969804401172,3.6486070271618476,7.413791212528651,2.6784118499570035,1.2821482595448153,1.9568363447782873,5.5514018691588785,2.8554537426680326,0.3893418225397869,0.277871742299742,0.1364557426760849,0.25,0.027992066888749213,0.020184194623929563,0,1,0,3,0,0.75,0.2523364485981308,0.26034216716162045,0.3014014863109335,0.9078231654565878,0.5064356634553808,0.009345794392523364,0.2910552061495457,0.05666525472883653
1673,103,96.26168224299066,107,1,102,4,0,0.009345794392523364,3.702561228013638,3.660013662802896,7.387638763770002,2.685656336281617,1.3310615653130953,2.0132249785996095,5.5514018691588785,2.8554537426680326,0.38701640220113687,0.3674850783031144,0.13407039535942902,0.2,0.17129676259206628,0.015597386477453101,0,1,0,4,0,0.4,0.24299065420560748,0.2575562424611595,0.31269750038058547,0.9310317788751227,0.4957160489665385,0.009345794392523364,0.3284416491963662,0.056856643324845496
1674,102,95.32710280373831,107,1,105,1,0,0.009345794392523364,3.7294471700316554,3.702444715386925,7.645161417463114,2.6931671585742114,1.3137925828804315,1.994557808501731,5.5514018691588785,2.8554537426680326,0.3906114373351204,0.23696387624345405,0.1255728944261658,0.0,0.23696387624345405,0.03225576298253119,0,1,0,1,0,0.5,0.22429906542056074,0.26274972176432687,0.32281583200640296,0.9156377251201809,0.4949772746892647,0.009345794392523364,0.3095737246680643,0.057098307063065096
1675,102,95.32710280373831,107,1,104,2,0,0.009345794392523364,3.721694427757866,3.6763714243490724,7.261421264387346,2.7007111109795012,1.422287956155942,2.0844195329169124,5.5514018691588785,2.8554537426680326,0.38791398981253056,0.3612190511112343,0.15504888459392788,0.3333333333333333,0.02791724644701794,-0.0497611904707301,0,1,0,2,0,0.6666666666666666,0.2336448598130841,0.25918227609091804,0.3479614107470063,0.900009559626828,0.4806256784805241,0.009345794392523364,0.3095737246680643,0.057167250387347116
1676,103,96.26168224299066,107,0,105,2,0,0.0,3.7202501487333945,3.6745048819775348,7.221256623155413,2.7075325842239435,1.4698239068696974,2.1273275821898965,5.5514018691588785,2.8554537426680326,0.38707732924115423,0.036395537684529085,0.13070240431218133,0.0,0.036395537684529085,0.018245741242858604,0,0,0,2,0,0.5,0.22429906542056074,0.25824688337217716,0.35207142835444194,0.8994278021206012,0.47831884617901804,0.0,0.3095737246680643,0.057257420998756525
1677,103,96.26168224299066,107,1,104,2,0,0.009345794392523364,3.7196049371514794,3.6880648609609814,7.68131800514727,2.714138639818012,1.4814694915229614,2.0936449158165717,5.5514018691588785,2.8554537426680326,0.3897565143060251,0.1415784657104952,0.1260372712960473,0.0,0.1415784657104952,0.03361825773026217,0,1,0,2,0,0.6666666666666666,0.2336448598130841,0.2654482211802185,0.3297268070337679,0.9016629565726054,0.4857752013080588,0.009345794392523364,0.3039832285115304,0.05734851137169873
1678,104,97.19626168224299,107,1,101,4,1,0.009345794392523364,3.7029734797963294,3.666074629003884,7.458728685875631,2.7204887151677717,1.5480459794217938,2.1527204802119186,5.5514018691588785,2.8554537426680326,0.3878050311036323,0.4340964679969985,0.15312177959614265,0.5,0.09570731157867167,-0.013736472948611245,1,1,1,3,0,0.8333333333333334,0.2336448598130841,0.26207331822916613,0.33441482310718307,0.907903073868767,0.4804003025475482,0.009345794392523364,0.30398322851153037,0.05735601581704146
1679,105,98.13084112149532,107,0,106,1,0,0.0,3.717054381561931,3.6793303390702126,7.544023285347072,2.726855679029333,1.5348651727442497,2.213052280421693,5.5514018691588785,2.8554537426680326,0.3867063379114559,0.05573530244488749,0.13040219487628724,0.0,0.05573530244488749,0.02453541469216347,0,0,0,1,0,0.0,0.21495327102803738,0.26216808497070726,0.3361910331454457,0.8780439378731116,0.4770391366928615,0.0,0.3095737246680643,0.05751732317980909
1680,105,98.13084112149532,107,0,106,1,0,0.0,3.7351914371102484,3.6968434139585464,7.731165421644403,2.733440899384899,1.5227090281857967,2.144857391098818,5.5514018691588785,2.8554537426680326,0.3889455576240306,0.16061295882443818,0.1488370945491032,0.0,0.16061295882443818,-0.055572253187144316,0,0,0,1,0,0.0,0.22429906542056074,0.26535782261054525,0.33739451299830736,0.9165944832099832,0.480796717372213,0.0,0.3095737246680643,0.05770202741810366
1681,105,98.13084112149532,107,0,106,1,0,0.0,3.7809178614216146,3.7434250919193706,8.045174955804466,2.7409021764327433,1.5236083158532678,2.142863065285436,5.5514018691588785,2.8554537426680326,0.3877967586143536,0.2609316192377105,0.1535678542225409,0.0,0.2609316192377105,-0.07167669666580889,0,0,1,0,0,0.0,0.2336448598130841,0.2654644326955797,0.3219316801325796,0.9106648268535688,0.48025968272939445,0.0,0.3039832285115304,0.05803718619701724
1682,106,99.06542056074767,107,0,106,1,0,0.0,3.7708513989659953,3.7336262559623377,7.762903340273131,2.7479265591834143,1.5435241888885223,2.163244404109371,5.5514018691588785,2.8554537426680326,0.38755408248231316,0.23460210908016063,0.15425831287699604,0.0,0.23460210908016063,-0.06771750154520828,0,0,0,1,0,0.0,0.2523364485981308,0.26265262324550603,0.3357365813870782,0.9202607120769585,0.47875769621617925,0.0,0.30398322851153037,0.058087142884815826
1683,106,99.06542056074767,107,1,103,2,1,0.009345794392523364,3.7910710592529147,3.7465391098577343,7.872393751689677,2.7551841236540127,1.5394474434392713,2.1912612924895964,5.5514018691588785,2.8554537426680326,0.39109690588759505,0.2855121427382958,0.14433461321783464,0.25,0.14303283210163348,-0.034680559071397166,0,2,0,2,0,0.25,0.2616822429906542,0.2678108098934174,0.36650430436392323,0.911606503657026,0.4816039360267275,0.009345794392523364,0.3228511530398323,0.05829185938440154
1684,105,98.13084112149532,107,1,102,4,0,0.009345794392523364,3.8027834278503674,3.75345333317805,7.657886636833579,2.7623790535258665,1.5544145513140857,2.2609919614107112,5.5514018691588785,2.8554537426680326,0.3887912574722334,0.1281635069650464,0.125217591842005,0.2,0.0811957883061269,0.006767339145943163,0,1,1,3,0,0.8,0.2616822429906542,0.26410970848250326,0.380302183144682,0.8929573575668713,0.4738150669854763,0.009345794392523364,0.32634521313766596,0.058453145174542906
1685,105,98.13084112149532,107,0,105,2,0,0.0,3.7975493481547185,3.748436393594226,7.737795084969825,2.769128491289218,1.5666740777458463,2.2481179230517094,5.5514018691588785,2.8554537426680326,0.39243549363324726,0.01558469873813064,0.09684201628802014,0.0,0.01558469873813064,0.00859485140118399,0,0,0,2,0,1.0,0.27102803738317754,0.26786790784066883,0.38123975677662547,0.9032509706823961,0.4776830761609196,0.0,0.3637316561844864,0.05852333831267599
1686,105,98.13084112149532,107,0,104,3,0,0.0,3.779147517971339,3.7303976742902645,7.542605603492509,2.7752731321509514,1.5865901405487233,2.2669059725841465,5.5514018691588785,2.8554537426680326,0.39134024169050674,0.015678917340417296,0.09449217034662329,0.0,0.015678917340417296,0.011598423190744741,0,0,0,3,0,1.0,0.27102803738317754,0.2652520542713222,0.38765176998957523,0.9112471763644857,0.47587094709521705,0.0,0.32634521313766596,0.05851905785048904
1687,104,97.19626168224299,107,1,104,2,0,0.009345794392523364,3.788189969124808,3.7516397748005863,7.575120111197764,2.7814455269629947,1.610306829238723,2.2824194070792787,5.5514018691588785,2.8554537426680326,0.3910839924820695,0.1423851538673845,0.11605184110978468,0.0,0.1423851538673845,0.011593967036799194,0,1,0,2,0,0.3333333333333333,0.27102803738317754,0.2652309973013743,0.3905571049998982,0.9065656910727866,0.47304053762247256,0.009345794392523364,0.36023759608665273,0.058652395045592755
1688,105,98.13084112149532,107,0,105,2,0,0.0,3.788823574061003,3.753556960195458,7.4085249995241895,2.78776750272552,1.5913350658782504,2.264767743039397,5.5514018691588785,2.8554537426680326,0.3892714198232714,0.02044449392254863,0.09302971334290142,0.0,0.02044449392254863,0.01708924602236972,0,0,0,2,0,1.0,0.2616822429906542,0.261713772400045,0.3898747772031176,0.90549747563229,0.472456614070202,0.0,0.36023759608665273,0.05874582361703452
1689,105,98.13084112149532,107,1,103,3,0,0.009345794392523364,3.7735396194769795,3.732216799959466,7.454733704538668,2.7935284880907294,1.5933904286158997,2.2595444286598005,5.5514018691588785,2.8554537426680326,0.38881339934204173,0.34209511252617375,0.13012961575835047,0.25,0.1932385389442391,0.03623881003570145,0,1,0,3,0,0.25,0.2336448598130841,0.26258457807134095,0.3858954298258673,0.8846320565713611,0.4744733800213235,0.009345794392523364,0.40321453529000695,0.05875165498022712
1690,105,98.13084112149532,107,0,105,2,0,0.0,3.7586752095454172,3.7172804798508117,7.170278855889399,2.7986767539949398,1.5909581817257918,2.276901690446827,5.5514018691588785,2.8554537426680326,0.3878610057756888,0.02350185532927881,0.1085248787305439,0.0,0.02350185532927881,0.019215836296460065,0,0,0,2,0,1.0,0.27102803738317754,0.2593972299010992,0.4034615645557174,0.9055941194881988,0.4703034024219053,0.0,0.3658280922431866,0.05875083610629145
1691,105,98.13084112149532,107,0,104,3,0,0.0,3.7183302175925608,3.6782713665292825,6.60301892253366,2.802786903798648,1.6179173373312739,2.2860344634866463,5.5514018691588785,2.8554537426680326,0.38176577095323183,0.046853428865697606,0.1033724303648253,0.0,0.046853428865697606,0.013551551509955203,0,0,0,3,0,0.6666666666666666,0.24299065420560748,0.24968248206480914,0.4145319754138335,0.8630610269840113,0.4655576717794013,0.0,0.40321453529000695,0.05860779285972679
1692,106,99.06542056074767,107,0,106,1,0,0.0,3.7233827151444063,3.682454932535707,6.771787672202376,2.8068752580096437,1.6474251417134875,2.3078576771127612,5.5514018691588785,2.8554537426680326,0.3839736262593907,0.1178258112015124,0.09341150603104713,0.0,0.1178258112015124,0.00609618377697041,0,0,0,1,0,0.0,0.2616822429906542,0.25266603165988627,0.4079596318179872,0.8685405300350602,0.4706083862177506,0.0,0.40321453529000695,0.058691425879151715
1693,106,99.06542056074767,107,0,105,2,0,0.0,3.7442907495143447,3.704641808921081,6.651499752242851,2.8113536999510096,1.6259397994835882,2.2829538278456747,5.5514018691588785,2.8554537426680326,0.38276451091432806,0.06879541249452018,0.0889495452759882,0.0,0.06879541249452018,0.003344994368014609,0,0,1,1,0,0.5,0.2523364485981308,0.24913100862400875,0.40739410234790446,0.8632574358972995,0.47224969468953015,0.0,0.40321453529000706,0.05885990597001538
1694,106,99.06542056074767,107,1,105,1,0,0.009345794392523364,3.7708833027316384,3.728991375439802,6.915633230551233,2.8162957991872415,1.6357314471971298,2.2783949401992025,5.5514018691588785,2.8554537426680326,0.3875502398325592,0.06650585977221433,0.12079553396044408,0.0,0.06650585977221433,0.004675157835167032,0,1,0,1,0,0.5,0.2616822429906542,0.2560598075707239,0.4172733708850271,0.8918599902445639,0.47416435960880493,0.009345794392523364,0.3284416491963662,0.05906342841490553
1695,106,99.06542056074767,107,0,106,1,0,0.0,3.75202797179311,3.712022436468668,6.534843109688838,2.820673842257404,1.6588968427415685,2.284637165946418,5.5514018691588785,2.8554537426680326,0.3825789087637095,0.101317341058174,0.0899411947848398,0.0,0.101317341058174,0.014865388467233176,0,0,0,1,0,0.0,0.2336448598130841,0.24792597027825583,0.42023307776561636,0.8911783667886428,0.4681991171662803,0.0,0.3228511530398323,0.05903165825756418
1696,106,99.06542056074767,107,0,105,2,0,0.0,3.719061644676022,3.680538767772596,6.355734268599072,2.824207671055976,1.6723250655232063,2.2948250969101056,5.5514018691588785,2.8554537426680326,0.38158418101396707,0.0857291680974575,0.10715611602287163,0.0,0.0857291680974575,0.004727546101675806,0,0,0,2,0,0.5,0.2523364485981308,0.24551300867114093,0.41785731809411736,0.9168265303949283,0.46964705574445637,0.0,0.3228511530398323,0.05891728004532289
1697,106,99.06542056074767,107,0,106,1,0,0.0,3.745425849073976,3.705955277649902,6.456701234115048,2.828221198353896,1.6659119823038606,2.324909656420797,5.5514018691588785,2.8554537426680326,0.3819388452446102,5.130752535217303e-06,0.08295393703738235,0.0,5.130752535217303e-06,-0.01971776086937993,0,0,0,1,0,1.0,0.27102803738317754,0.24585116014707892,0.4278378900870273,0.891035727411351,0.46722849199108885,0.0,0.3284416491963662,0.05910640327503339
1698,106,99.06542056074767,107,0,105,2,0,0.0,3.744621341606065,3.7062900625703246,6.5621855733738474,2.8321277689392073,1.6638939214547896,2.310739345675043,5.5514018691588785,2.8554537426680326,0.37967825016918266,0.015768431878909042,0.10645992390618196,0.0,0.015768431878909042,-0.011409536717116753,0,0,1,1,0,1.0,0.308411214953271,0.24527708363583586,0.4193190381174214,0.889887434592036,0.46569755189696227,0.0,0.326345213137666,0.05915815589568795
1699,106,99.06542056074767,107,1,103,3,0,0.009345794392523364,3.74056259125851,3.698358324156022,6.243884894247746,2.8358602455177904,1.6870607045159631,2.343567491206471,5.5514018691588785,2.8554537426680326,0.3731635776442519,0.06519867955278681,0.10202299306475524,0.0,0.06519867955278681,-0.00167779679976221,0,1,0,3,0,0.75,0.2803738317757009,0.23529042872319467,0.4104589806266327,0.8872241627716457,0.46223709197265667,0.009345794392523364,0.326345213137666,0.05919115171502885
1700,106,99.06542056074767,107,0,104,3,0,0.0,3.753982794535614,3.712704022142417,6.299283005167096,2.83969520476388,1.6752301069419198,2.3268405774715784,5.5514018691588785,2.8554537426680326,0.3708973178998525,0.019366991992669055,0.08123205610310974,0.0,0.019366991992669055,0.0005863778341500536,0,0,0,3,0,0.6666666666666666,0.27102803738317754,0.23379521627176061,0.40220066580730546,0.8845515966211646,0.4630422435895735,0.0,0.326345213137666,0.0593130054750755
1701,106,99.06542056074767,107,0,104,3,0,0.0,3.719200444799499,3.679104184008105,6.125421723139399,2.8426531162542172,1.689731157210677,2.345193774684128,5.5514018691588785,2.8554537426680326,0.3690695947185676,0.05170323175218222,0.08646048589075396,0.0,0.05170323175218222,-0.00045210272481640185,0,0,1,2,0,0.6666666666666666,0.2897196261682243,0.23164235390926333,0.40312094368253715,0.8921636866274916,0.46572968578793056,0.0,0.3134171907756813,0.05918132462357275
1702,106,99.06542056074767,107,0,102,5,0,0.0,3.772746382639241,3.72977672793808,6.53840571550481,2.846684110791922,1.6756293406532365,2.3324561505525683,5.5514018691588785,2.8554537426680326,0.3725235818631374,0.13159970625376463,0.09412243570365372,0.0,0.13159970625376463,0.009741531388487101,0,0,0,5,0,0.6,0.27102803738317754,0.2375841175156335,0.4051825633105402,0.8856243537833617,0.46547382310534424,0.0,0.3508036338225018,0.059506605904968285
1703,106,99.06542056074767,107,0,101,6,0,0.0,3.753054063902731,3.7094516820736994,6.634554300479133,2.8501357043189666,1.713821657925636,2.3675537081897375,5.5514018691588785,2.8554537426680326,0.3727593956047077,0.11615393676717833,0.0948140558824941,0.0,0.11615393676717833,0.008388174047327945,0,0,1,5,0,0.6666666666666666,0.2616822429906542,0.2395148629880133,0.39168590073215137,0.8862810305208966,0.4676210691568136,0.0,0.3508036338225018,0.05945742363956057
1704,107,100.0,107,0,103,4,0,0.0,3.7853070802856883,3.741017259398167,6.971797908653147,2.8542098115567462,1.6896376577572059,2.3483834488973754,5.5514018691588785,2.8554537426680326,0.3759830491731362,0.07712034228782705,0.09001709497652641,0.0,0.07712034228782705,0.008976573106845465,0,0,0,4,0,0.5,0.2523364485981308,0.24473305944965518,0.3841848187769544,0.9011392228708406,0.47172232543393555,0.0,0.3099231306778476,0.0596768558452761
1705,106,99.06542056074767,107,1,103,3,0,0.009345794392523364,3.7926441126228583,3.762779038252101,6.959553651561883,2.858336161364115,1.6869990349128832,2.3539042070891005,5.5514018691588785,2.8554537426680326,0.3780540380901676,0.15710694473686507,0.09564491077944348,0.25,0.11457610812029188,0.008847285489506918,0,1,0,3,0,0.75,0.2523364485981308,0.24559233415624127,0.40073663353623523,0.8776339745480015,0.4693888512217498,0.009345794392523364,0.3658280922431866,0.059772454011966986
1706,106,99.06542056074767,107,0,106,1,0,0.0,3.8135810673019908,3.7844648637421305,7.0406342888986355,2.8631686093397546,1.6701297910905721,2.331000900829669,5.5514018691588785,2.8554537426680326,0.38020490510616467,0.08609892875675863,0.11871067617927972,0.0,0.08609892875675863,0.038108471755066375,0,0,0,1,0,0.0,0.27102803738317754,0.2470480877005113,0.40734653151879263,0.8878293575624538,0.47070430257763923,0.0,0.3284416491963662,0.0599461329436541
1707,105,98.13084112149532,107,1,106,0,0,0.009345794392523364,3.80991404146909,3.771847639646496,6.761969308830922,2.867801691952919,1.6891901487644367,2.3558011345667285,5.5514018691588785,2.8554537426680326,0.3754050521395329,0.5527356044405304,0.16371445982238353,1.0,0.4472643955594696,0.01833229945207049,0,1,0,0,0,0.0,0.2523364485981308,0.2405233305392019,0.39667947369470236,0.8867438768982461,0.46449868209891865,0.009345794392523364,0.3284416491963662,0.05999394557992885
1708,105,98.13084112149532,107,0,105,2,0,0.0,3.8524482149745993,3.8155516712337616,7.369588758352426,2.873073991607493,1.6469774880335788,2.316511236436102,5.5514018691588785,2.8554537426680326,0.3815338994865234,0.0002813672741521121,0.08046239377081357,0.0,0.0002813672741521121,0.011899700695388649,0,0,0,2,0,1.0,0.27102803738317754,0.24943581507120174,0.3705877926734175,0.8978363566757384,0.4834448061591285,0.0,0.29105520614954583,0.060281890486362
1709,105,98.13084112149532,107,0,105,2,0,0.0,3.8515092717216493,3.8146919549936813,7.393599809741295,2.878176104144615,1.6413424404720658,2.2868700950889385,5.5514018691588785,2.8554537426680326,0.38216175220039195,0.0017527787039626048,0.09954664110895267,0.0,0.0017527787039626048,-0.020110346753465402,0,0,0,2,0,1.0,0.2523364485981308,0.25064801470550707,0.3706338951472825,0.9002777297635769,0.48593216309486537,0.0,0.25366876310272535,0.06035004000179544
1710,106,99.06542056074767,107,0,105,2,0,0.0,3.85753303005894,3.8194767966498944,7.883865903724334,2.8832418313704613,1.6015862286501659,2.269101431792991,5.5514018691588785,2.8554537426680326,0.38780029920244385,0.0008398734007360255,0.0915916030294133,0.0,0.0008398734007360255,-0.02684318820486814,0,0,1,1,0,1.0,0.27102803738317754,0.2604422025077065,0.35583427038074583,0.9038823606281341,0.49675170760651444,0.0,0.2910552061495457,0.06045248354231378
1711,106,99.06542056074767,107,0,105,2,0,0.0,3.868445259037882,3.8287065277168426,8.140018245963562,2.8883737496595954,1.6409314004247466,2.3292235313878225,5.5514018691588785,2.8554537426680326,0.38834303009657023,9.315050114141239e-05,0.08328402153711317,0.0,9.315050114141239e-05,0.017380766545923798,0,0,0,2,0,1.0,0.2616822429906542,0.2633255694921416,0.35252258818135096,0.8874295564574669,0.49137975274403767,0.0,0.3134171907756813,0.06058031446363737
1712,107,100.0,107,0,106,1,0,0.0,3.85590215514891,3.8174706066637154,8.157519671512281,2.893102459173285,1.6496875170524679,2.339241414926722,5.5514018691588785,2.8554537426680326,0.3898841829952848,0.07201052714425492,0.14948512450709728,0.0,0.07201052714425492,0.01026978988160332,0,0,0,1,0,0.0,0.27102803738317754,0.26517951963380954,0.3439192733765205,0.8755152327733239,0.495028268295667,0.0,0.3134171907756813,0.060585112000586784
1713,107,100.0,107,0,106,1,0,0.0,3.8770751718917147,3.8378241886473217,8.489842674185104,2.898161092269,1.646354963170338,2.3411603070762146,5.5514018691588785,2.8554537426680326,0.39012347080750076,0.032643359676927136,0.08714242650126902,0.0,0.032643359676927136,0.017994824307959734,0,0,0,1,0,1.0,0.2616822429906542,0.2672324896769762,0.33560451907607564,0.880363522453123,0.49539961108130265,0.0,0.2889587700908456,0.06076320054833052
1714,107,100.0,107,0,105,2,0,0.0,3.8676376588045507,3.8277995203186497,8.308995256552869,2.9028462786230698,1.6666677530506406,2.3316959894025873,5.5514018691588785,2.8554537426680326,0.38729172456879923,0.011084978224800266,0.10915331792057686,0.0,0.011084978224800266,-0.005043133659213606,0,0,0,2,0,1.0,0.2523364485981308,0.26309194476179104,0.3342685738951851,0.8897048333110562,0.4932560354157759,0.0,0.2910552061495457,0.06078290464744383
1715,107,100.0,107,0,107,0,0,0.0,3.9077828716490415,3.8653727955232235,9.10067896925926,2.9082559916425,1.608655627940633,2.303589103685886,5.5514018691588785,2.8554537426680326,0.39202037807670953,0.0,0.0,0.0,0.0,0.0,0,0,0,0,0,0.0,0.2523364485981308,0.27309140654320047,0.3102756589979255,0.9071357676310123,0.5012654097562103,0.0,0.2910552061495457,0.061060866638106746
1716,107,100.0,107,0,106,1,0,0.0,3.8682887483457327,3.827919481059644,8.190375545639617,2.912655663153366,1.6239299582412476,2.3089894420520687,5.5514018691588785,2.8554537426680326,0.38752876621843146,0.04223068432325783,0.08860537288844471,0.0,0.04223068432325783,0.02043860895645988,0,0,1,0,0,1.0,0.24299065420560748,0.2619660139880652,0.33507016508253706,0.9071357676310123,0.4909324486458577,0.0,0.2910552061495457,0.06092621131400126
1717,107,100.0,107,0,106,1,0,0.0,3.860812300848699,3.8215566583218115,8.361463986757075,2.9167843541114045,1.6038678180692196,2.277996337684159,5.5514018691588785,2.8554537426680326,0.38794349626924873,0.00014811849377901278,0.08484399524647479,0.0,0.00014811849377901278,0.01262213817347857,0,0,0,1,0,1.0,0.2336448598130841,0.26419426317077827,0.3216779289528117,0.903744178268677,0.49548796176796395,0.0,0.2910552061495457,0.06094777550675835
1718,107,100.0,107,0,104,3,0,0.0,3.85504215184028,3.816191175105983,8.626960635573699,2.920672585095919,1.5879271469659824,2.2168891164977484,5.5514018691588785,2.8554537426680326,0.39089849018250167,0.01588045250601023,0.10527541276866714,0.0,0.01588045250601023,0.014997865069138102,0,0,0,3,0,1.0,0.2616822429906542,0.2682156904376395,0.30198878110437866,0.9164554940203864,0.5065580468440884,0.0,0.2910552061495457,0.0609744380803017
1719,107,100.0,107,0,107,0,0,0.0,3.825246549139876,3.7875941325631133,8.46449713521295,2.923796529185998,1.6132089040864304,2.2854959894571234,5.5514018691588785,2.8554537426680326,0.3898625762096861,0.0,0.0,0.0,0.0,0.0,0,0,0,0,0,0.0,0.27102803738317754,0.26640431752665694,0.3050769351798216,0.9092974522929193,0.5049378414233269,0.0,0.2515723270440252,0.0608700614560192
1720,107,100.0,107,0,107,0,0,0.0,3.8625951155643894,3.8239306621094524,8.643082730709121,2.9276613287319457,1.6104742986271827,2.2709556681986203,5.5514018691588785,2.8554537426680326,0.39075633370434537,0.0,0.0,0.0,0.0,0.0,0,0,0,0,0,0.0,0.2616822429906542,0.26673192123435024,0.3086273679046941,0.9015226996102225,0.5044345732616821,0.0,0.32634521313766596,0.061111983069782445
1721,107,100.0,107,0,105,2,0,0.0,3.8703655214874026,3.8312022789279783,8.948445720898821,2.9315818808382903,1.5685640432446546,2.184088826542575,5.5514018691588785,2.8554537426680326,0.3956282427706741,0.016918036028429072,0.10025206723873328,0.0,0.016918036028429072,-0.006129527601330564,0,0,0,2,0,1.0,0.2523364485981308,0.27397265511953833,0.3093289306967646,0.8856031984875449,0.5108915930429583,0.0,0.32634521313766596,0.061206809875324446
1722,107,100.0,107,0,105,2,0,0.0,3.865588016975034,3.8276768816841846,9.113038070416087,2.9353099505227473,1.5002973530499804,2.1337169089722456,5.5514018691588785,2.8554537426680326,0.4009016060218966,0.1268587964753203,0.1158367493691964,0.0,0.1268587964753203,-0.01292864980639219,0,0,0,2,0,0.5,0.2803738317757009,0.2800882755851124,0.2990967169790688,0.8906209730620691,0.5218326005574155,0.0,0.2889587700908456,0.06123614900542965
1723,107,100.0,107,0,105,2,0,0.0,3.8608060913967277,3.8219413816994914,8.66955071602048,2.9388005472626917,1.5066685345026156,2.1402314067868726,5.5514018691588785,2.8554537426680326,0.3985614630100398,0.0353253925396496,0.10270914095559672,0.0,0.0353253925396496,-0.031778427517208385,0,0,1,1,0,0.5,0.2803738317757009,0.2743522512005117,0.3076859985301015,0.8970153084776611,0.5152428003819606,0.0,0.32634521313766596,0.06126207556516422
1724,107,100.0,107,0,106,1,0,0.0,3.8452441578403933,3.8061802363977137,8.511575676938381,2.9418314298566584,1.4873279077505812,2.129250351550911,5.5514018691588785,2.8554537426680326,0.3987943683857793,0.00013975340529994378,0.09092967199334386,0.0,0.00013975340529994378,-0.012756967017268472,0,0,0,1,0,1.0,0.2897196261682243,0.2736177657412339,0.3103665283493423,0.8989250265450137,0.514512169580346,0.0,0.2889587700908456,0.061227538622615194
1725,106,99.06542056074767,107,1,105,1,0,0.009345794392523364,3.859081976915277,3.8138570466950763,8.905071312643443,2.9450833635967095,1.517330698648792,2.1651306410416997,5.5514018691588785,2.8554537426680326,0.3983519851272743,0.41701738701514424,0.13020184600555862,0.5,0.08312499675107708,0.007247268215431202,0,1,1,0,0,0.5,0.2803738317757009,0.27628193130450884,0.294732480631789,0.8998140776866004,0.505541359947423,0.009345794392523364,0.2889587700908456,0.0613431564498343
1726,106,99.06542056074767,107,0,106,1,0,0.0,3.8357399440792417,3.7916448937927876,8.732133385096494,2.9476028032889836,1.5300217411976103,2.1814641096345615,5.5514018691588785,2.8554537426680326,0.3978658428660282,0.00016461229661143573,0.0928005197326178,0.0,0.00016461229661143573,-0.01888708161718511,0,0,0,1,0,1.0,0.2803738317757009,0.2757695146928293,0.29886599297332955,0.8998140776866004,0.5037422191818095,0.0,0.2889587700908456,0.06126241700314777
1727,106,99.06542056074767,107,0,106,1,0,0.0,3.823805193290867,3.777241548276193,8.663010901839009,2.9497212768513723,1.5489169305283819,2.2052449751230347,5.5514018691588785,2.8554537426680326,0.3995448081763,0.00012595815810571506,0.09407717805197718,0.0,0.00012595815810571506,-0.014856361472020518,0,0,0,1,0,1.0,0.27102803738317754,0.2774549008666916,0.3051876271401093,0.8925681585160716,0.5012524307157593,0.0,0.326345213137666,0.061232989265518234
1728,106,99.06542056074767,107,0,106,1,0,0.0,3.8205908936768025,3.7734836676570835,8.602915956544376,2.951693414746909,1.52934382050286,2.194132422074821,5.5514018691588785,2.8554537426680326,0.3999099104460144,0.0001229004713511415,0.0896301181567346,0.0,0.0001229004713511415,-0.01607939439012296,0,0,0,1,0,1.0,0.2897196261682243,0.27813033965322087,0.3056211546152615,0.9064442991188025,0.5041867269506235,0.0,0.2889587700908456,0.06124507451012225
1729,106,99.06542056074767,107,0,105,2,0,0.0,3.832424081115575,3.7853273390827145,8.51618403902628,2.9538797916042916,1.5641578957083284,2.2192409748596362,5.5514018691588785,2.8554537426680326,0.3985086462012757,0.03148420458295871,0.09578609310551194,0.0,0.03148420458295871,-0.018704822700726043,0,0,0,2,0,0.5,0.2523364485981308,0.2756658751151563,0.30399275156413685,0.8900697337112764,0.5030785964419802,0.0,0.32634521313766596,0.06133545593721759
1730,107,100.0,107,0,107,0,0,0.0,3.832623020830499,3.784065884116457,8.276814687514312,2.9559749212714346,1.5857740250718328,2.292809360299565,5.5514018691588785,2.8554537426680326,0.3961566506766194,0.0,0.0,0.0,0.0,0.0,0,0,0,0,0,0.0,0.2523364485981308,0.27150317828261544,0.30714322277558953,0.9071826791614233,0.4982674931309824,0.0,0.27603074772886094,0.0613663633650393
1731,107,100.0,107,0,107,0,0,0.0,3.8459895796683954,3.7983706786089115,8.066137766721717,2.9583369989118555,1.5935605678343208,2.29279235894513,5.5514018691588785,2.8554537426680326,0.39428332205995686,0.0,0.0,0.0,0.0,0.0,0,0,0,0,0,0.0,0.27102803738317754,0.26736167179232884,0.3167217161790407,0.8916264830021684,0.49579395755931227,0.0,0.3134171907756813,0.06146692017642284
1732,107,100.0,107,0,107,0,0,0.0,3.853663110219257,3.8052048683269684,7.853792829278824,2.960787746218757,1.6054847890468191,2.292878966019709,5.5514018691588785,2.8554537426680326,0.3912803141289847,0.0,0.0,0.0,0.0,0.0,0,0,0,0,0,0.0,0.2616822429906542,0.26235781617525816,0.31832749636151536,0.8897503202753869,0.4914844119722787,0.0,0.3284416491963661,0.061540277807026283
1733,107,100.0,107,0,107,0,0,0.0,3.859272741723647,3.8105368618129405,7.946289053175587,2.9632903156560024,1.6244649407297616,2.3170279896559838,5.5514018691588785,2.8554537426680326,0.3927256018102032,0.0,0.0,0.0,0.0,0.0,0,0,0,0,0,0.0,0.2616822429906542,0.26417889941598904,0.32332305223000346,0.890395494338356,0.48698102267628623,0.0,0.3284416491963661,0.06160405582087758
1734,107,100.0,107,0,106,1,0,0.0,3.8590821408725473,3.8103970420182174,8.12148909068345,2.9657182313889403,1.6491025251813927,2.3330161426515637,5.5514018691588785,2.8554537426680326,0.39486378107521936,0.22199459646861983,0.1479127622774163,0.0,0.22199459646861983,0.02942649189740454,0,0,0,1,0,0.0,0.2616822429906542,0.2674297001298632,0.3133904048132135,0.890395494338356,0.49419611811710895,0.0,0.3284416491963661,0.061637766821954584
1735,107,100.0,107,0,107,0,0,0.0,3.8635249523581376,3.814293282856464,8.11594414665887,2.9681658233950854,1.6460978121702394,2.3110770574054755,5.5514018691588785,2.8554537426680326,0.3967555719627851,0.0,0.0,0.0,0.0,0.0,0,0,0,0,0,0.0,0.2616822429906542,0.2693384267644558,0.32033976462328845,0.8847985416642135,0.4915027743954805,0.0,0.3284416491963662,0.06169492580815489
1736,107,100.0,107,0,107,0,0,0.0,3.8399413498133352,3.791509886104631,7.978992088259835,2.9700230700594794,1.6538773284286767,2.3260413854520947,5.5514018691588785,2.8554537426680326,0.39682992631011804,0.0,0.0,0.0,0.0,0.0,0,0,0,0,0,0.0,0.2803738317757009,0.2690588075326741,0.32256924931012837,0.8939828328182048,0.48942345431668877,0.0,0.3284416491963662,0.06160352420512538
1737,107,100.0,107,0,107,0,0,0.0,3.847637558800273,3.799891381582597,7.723482271284226,2.972018747685538,1.6642037870686173,2.326719871368111,5.5514018691588785,2.8554537426680326,0.3937702668303129,0.0,0.0,0.0,0.0,0.0,0,0,0,0,0,0.0,0.2616822429906542,0.26359747154928265,0.3393713967967374,0.895480334425367,0.4827928444383355,0.0,0.3284416491963662,0.061670498075792515
1738,107,100.0,107,0,107,0,0,0.0,3.85068191726032,3.8024319151290955,7.9394731476437705,2.9740154746683216,1.619696800204488,2.303984729771174,5.5514018691588785,2.8554537426680326,0.3994411732983305,0.0,0.0,0.0,0.0,0.0,0,0,0,0,0,0.0,0.2803738317757009,0.27100118929806677,0.3315290678629386,0.900600954926348,0.49029829101053196,0.0,0.3284416491963662,0.06171422767577313
1739,107,100.0,107,0,107,0,0,0.0,3.8123347119126643,3.763824195873988,7.799261650444292,2.975073245584202,1.6816723411275045,2.319118123938116,5.5514018691588785,2.8554537426680326,0.3968681682924562,0.0,0.0,0.0,0.0,0.0,0,0,0,0,0,0.0,0.2897196261682243,0.2687651151392709,0.32775640411282314,0.9001519960565998,0.48996479129520015,0.0,0.3284416491963662,0.061537593728638026
1740,107,100.0,107,0,106,1,0,0.0,3.8321930213166038,3.7838114247222623,8.07123457685871,2.9765573932002387,1.6948498842819182,2.312629995454787,5.5514018691588785,2.8554537426680326,0.3997041106483632,5.2574553356237895e-05,0.09933729397728713,0.0,5.2574553356237895e-05,-0.014675382213340304,0,0,0,1,0,1.0,0.2803738317757009,0.2730045308612825,0.3285000103955251,0.900600954926348,0.4903283763178363,0.0,0.3284416491963662,0.06165807484998215
1741,107,100.0,107,0,107,0,0,0.0,3.8242179398124345,3.775521706910663,8.013704353008368,2.9778097944216197,1.703572470300075,2.3104568649038484,5.5514018691588785,2.8554537426680326,0.4003267561813524,0.0,0.0,0.0,0.0,0.0,0,0,0,0,0,0.0,0.27102803738317754,0.2731375963268366,0.329171131272813,0.8863036529456509,0.4885757572759604,0.0,0.3658280922431866,0.061636080311235866
1742,107,100.0,107,0,107,0,0,0.0,3.869940828589852,3.8210517023519794,8.450619622820883,2.980066504272544,1.6703852829538466,2.2932348388716264,5.5514018691588785,2.8554537426680326,0.4033234329006412,0.0,0.0,0.0,0.0,0.0,0,0,0,0,0,0.0,0.2897196261682243,0.2784905211818684,0.3220021786445035,0.8758815208164537,0.4963831362639462,0.0,0.3658280922431867,0.06189691440807264
1743,107,100.0,107,0,107,0,0,0.0,3.875215235444149,3.8268854890166293,8.145834176955287,2.982392039681295,1.6888125487718664,2.303865520969594,5.5514018691588785,2.8554537426680326,0.401470236541392,0.0,0.0,0.0,0.0,0.0,0,0,0,0,0,0.0,0.29906542056074764,0.2734708110462922,0.3348051532278822,0.8802261361194589,0.48916665135760456,0.0,0.3658280922431866,0.06195648873627725
1744,107,100.0,107,0,107,0,0,0.0,3.856308432105813,3.8095291290805764,7.909718838021112,2.984254688238669,1.7173027745818925,2.327635663551981,5.5514018691588785,2.8554537426680326,0.400033559628292,0.0,0.0,0.0,0.0,0.0,0,0,0,0,0,0.0,0.308411214953271,0.27009311433160277,0.33414088457526264,0.881440058753224,0.4907634714737513,0.0,0.3658280922431867,0.061888548253557725
1745,107,100.0,107,0,107,0,0,0.0,3.8826320261979523,3.8339921711608875,8.475235651438153,2.9866229744086223,1.6800972003667762,2.280522170893536,5.5514018691588785,2.8554537426680326,0.4061148925719229,0.0,0.0,0.0,0.0,0.0,0,0,0,0,0,0.0,0.32710280373831774,0.28003814272859573,0.3176831373471788,0.8662619404467415,0.5003350240768212,0.0,0.3658280922431867,0.06205397888205692
1746,107,100.0,107,0,106,1,0,0.0,3.8896619133717896,3.839344245072103,8.832110821582523,2.989045896058345,1.6671830679658006,2.232757895914741,5.5514018691588785,2.8554537426680326,0.40803930526549603,5.8678510028406264e-05,0.09488558204180032,0.0,5.8678510028406264e-05,0.005739043921358711,0,0,0,1,0,1.0,0.308411214953271,0.28459787922133384,0.3069085865417546,0.8871068962506921,0.5036003421174037,0.0,0.3658280922431866,0.06212372102139058
1747,107,100.0,107,0,106,1,0,0.0,3.886297064952368,3.8352569721196934,9.11043585782432,2.991306264150344,1.6736576844120536,2.268674605216784,5.5514018691588785,2.8554537426680326,0.40796640523117067,3.842908514145668e-05,0.09432682635160552,0.0,3.842908514145668e-05,0.001470242842100511,0,0,0,1,0,1.0,0.32710280373831774,0.28706476563384925,0.2891373393701242,0.8940143845816173,0.5100526885511679,0.0,0.3284416491963662,0.062139168661933995
1748,107,100.0,107,0,107,0,0,0.0,3.8784726913382888,3.8294773356519647,8.979315693424727,2.9933700606003986,1.680101426803177,2.271047685782769,5.5514018691588785,2.8554537426680326,0.40640983577737066,0.0,0.0,0.0,0.0,0.0,0,0,0,0,0,0.0,0.3177570093457944,0.2849330241112551,0.28978825304749795,0.8959147689713378,0.5087485670380151,0.0,0.3284416491963662,0.06212951217035066
1749,107,100.0,107,0,105,2,0,0.0,3.9362249544955716,3.885210830903074,10.12038892946294,2.996648081638333,1.655011909624659,2.1926872507341137,5.5514018691588785,2.8554537426680326,0.4104296857462606,0.013270724374329525,0.11298232762346908,0.0,0.013270724374329525,-0.03650966904433384,0,0,0,2,0,1.0,0.308411214953271,0.29638025719321576,0.2681085316875436,0.8470371920490662,0.5167862297730561,0.0,0.40321453529000706,0.062465074673343654
1750,106,99.06542056074767,107,1,104,2,0,0.009345794392523364,3.9453292036745977,3.893651910294351,9.558593116464069,3.0000233345153164,1.6534972328188442,2.216080641228518,5.5514018691588785,2.8554537426680326,0.40702281972082344,0.0381783149752577,0.1046340633729443,0.0,0.0381783149752577,-0.03281537133652986,0,1,1,1,0,0.6666666666666666,0.2803738317757009,0.2876664364835818,0.280160982209887,0.8545817479164015,0.5103100937701235,0.009345794392523364,0.44060097833682743,0.06255878531153895
1751,106,99.06542056074767,107,0,106,1,0,0.0,3.934311751379599,3.883383621692749,9.483553083638686,3.0030696343032113,1.684986426869497,2.3535391265894963,5.5514018691588785,2.8554537426680326,0.40697216800757596,6.104910079427789e-06,0.07396683020665196,0.0,6.104910079427789e-06,-0.004857783349478728,0,0,1,0,0,1.0,0.27102803738317754,0.2875966444528392,0.29125089708352225,0.8448120014311482,0.5053844959888807,0.0,0.44060097833682743,0.06254719089071711
1752,106,99.06542056074767,107,0,107,0,0,0.0,3.9127180429340234,3.8628969877738633,8.675104406208426,3.005560959325813,1.7118621855988811,2.3726253967428432,5.5514018691588785,2.8554537426680326,0.40167759589446894,0.0,0.0,0.0,0.0,0.0,0,0,0,0,0,0.0,0.2523364485981308,0.27639025599817935,0.3181713526531876,0.851779790443699,0.489821829899471,0.0,0.40321453529000706,0.0624747916652892
1753,106,99.06542056074767,107,0,106,1,0,0.0,3.9138997563785085,3.863818574745592,8.889249590981287,3.008002198106554,1.7206298468157177,2.3867909168803556,5.5514018691588785,2.8554537426680326,0.4036780178733588,0.0755203766425564,0.07871451688120212,0.0,0.0755203766425564,0.02095296866810359,0,0,0,1,0,0.0,0.2523364485981308,0.2801645053076824,0.31041782046257205,0.8638963204999486,0.49897890789144334,0.0,0.40321453529000695,0.06251555445457768
1754,106,99.06542056074767,107,0,107,0,0,0.0,3.920043481065385,3.8705463152282586,9.04250091748345,3.010527414457093,1.7327727591927122,2.417147910043846,5.5514018691588785,2.8554537426680326,0.4015362231258579,0.0,0.0,0.0,0.0,0.0,0,0,0,0,0,0.0,0.2523364485981308,0.2792479683649331,0.30219257657135884,0.8644091316878084,0.49725449528233806,0.0,0.40321453529000695,0.06258232627040804
1755,107,100.0,107,0,107,0,0,0.0,3.9034815291124816,3.854254974593992,8.722259713663117,3.0126083710661407,1.749989583919796,2.384049199774073,5.5514018691588785,2.8554537426680326,0.3986432261935784,0.0,0.0,0.0,0.0,0.0,0,0,0,0,0,0.0,0.2897196261682243,0.27443054406016965,0.3061209093280728,0.8644091316878084,0.4953472409741067,0.0,0.40321453529000695,0.0625292268873317
1756,107,100.0,107,0,105,2,0,0.0,3.9353481526054512,3.8857461630708974,8.628690768732238,3.0153492799777917,1.7192382686787973,2.2870901681075795,5.5514018691588785,2.8554537426680326,0.39737749945709044,0.0002901894825682629,0.0770778124255089,0.0,0.0002901894825682629,0.017679290931248592,0,0,0,2,0,1.0,0.2523364485981308,0.2712791705871591,0.31089448590369273,0.8591971484420827,0.49466942823193133,0.0,0.38819007686932216,0.06272769269784698
1757,107,100.0,107,0,106,1,0,0.0,3.9163728748732374,3.8677303360936417,8.320574446025738,3.0176003766187867,1.7217197974345941,2.280944169056305,5.5514018691588785,2.8554537426680326,0.39625082961433455,0.0015181120988359306,0.0786441190091261,0.0,0.0015181120988359306,0.020312422140595476,0,0,0,1,0,1.0,0.24299065420560748,0.26793293590037903,0.3134315868172599,0.8735214945703402,0.49310898550997156,0.0,0.40321453529000695,0.0626649558208291
1758,107,100.0,107,0,107,0,0,0.0,3.886145576348518,3.8359308071556084,7.935586402451416,3.0190607775651257,1.7396875406427386,2.290898747029465,5.5514018691588785,2.8554537426680326,0.3953175149560324,0.0,0.0,0.0,0.0,0.0,0,0,0,0,0,0.0,0.24299065420560748,0.2648429583693645,0.3308932257455881,0.8524011313635667,0.490212387986437,0.0,0.44060097833682743,0.06253466986494559
1759,107,100.0,107,0,106,1,0,0.0,3.9234502850429873,3.8734403637386396,8.041382054959842,3.0213363318678312,1.7491951543726998,2.327322940259607,5.5514018691588785,2.8554537426680326,0.3944140964735712,0.08281379509609571,0.08507233567280686,0.0,0.08281379509609571,0.01887195776299988,0,0,0,1,0,0.0,0.2336448598130841,0.26352093742128235,0.32934928342409436,0.8496228715134654,0.48898877775541627,0.0,0.44060097833682743,0.06275368210866945
1760,107,100.0,107,0,106,1,0,0.0,3.9113803329203387,3.860489159300543,8.369042200975658,3.0232510562485553,1.7362397148778315,2.296988302437951,5.5514018691588785,2.8554537426680326,0.3970012065332835,0.0491582466084996,0.08134388432788695,0.0,0.0491582466084996,0.016573092236223275,0,0,0,1,0,1.0,0.27102803738317754,0.2692964996316859,0.32073840613865634,0.869656537152564,0.49512081081172876,0.0,0.40321453529000695,0.0627206693825518
1761,107,100.0,107,0,105,2,0,0.0,3.9156030390360983,3.8666880367365875,8.127524988905908,3.0252527114224885,1.7299538146645177,2.2953540989902392,5.5514018691588785,2.8554537426680326,0.39363774874359647,0.030207699475674483,0.0822154313426124,0.0,0.030207699475674483,0.017849520763259796,0,0,0,2,0,1.0,0.2523364485981308,0.26342839170164256,0.321594199433628,0.8909648229310156,0.492219364066889,0.0,0.40321453529000695,0.06277036108192029
1762,107,100.0,107,0,105,2,0,0.0,3.8881407340937817,3.8407383312404124,7.6600137772628685,3.0266044247894017,1.741725475421172,2.3046974976052277,5.5514018691588785,2.8554537426680326,0.3886427521907081,0.04584180186987112,0.11003543671738975,0.0,0.04584180186987112,-0.03398369474062257,0,0,0,2,0,0.5,0.2523364485981308,0.2555699348461245,0.32278559417256014,0.8967230383592293,0.48696042381167876,0.0,0.3658280922431867,0.06265234833217154
1763,107,100.0,107,0,106,1,0,0.0,3.899998440065806,3.8501697112518576,7.818209455714106,3.028132987561206,1.7307528683019922,2.2783299971166775,5.5514018691588785,2.8554537426680326,0.3902409405598477,3.2544627651421687e-05,0.07761554833980455,0.0,3.2544627651421687e-05,-0.016969992337536266,0,0,0,1,0,1.0,0.27102803738317754,0.2581047332406904,0.3223273447322657,0.9019777906151417,0.4921195806825517,0.0,0.3658280922431867,0.06273346056346991
1764,107,100.0,107,0,106,1,0,0.0,3.8927216694906748,3.843346610873858,7.208966109074438,3.029462038550046,1.7004890761493976,2.253863520137457,5.5514018691588785,2.8554537426680326,0.385822087527655,3.459619273520299e-05,0.0798328696750814,0.0,3.459619273520299e-05,-0.020725122131768137,0,0,0,1,0,1.0,0.27102803738317754,0.24888573475965065,0.3404701374587437,0.8540000412893444,0.48209093615048754,0.0,0.40321453529000706,0.06271605192869566
1765,106,99.06542056074767,107,1,104,2,0,0.009345794392523364,3.88054751898444,3.824086871850321,6.941320620436173,3.0305004664427284,1.7092669123671755,2.2630682016167034,5.5514018691588785,2.8554537426680326,0.3846071203340633,0.3464633031923455,0.11936070934260527,0.3333333333333333,0.013129969878414678,0.013584399187626587,1,0,0,2,0,1.0,0.27102803738317754,0.24589560898371046,0.34711484560269396,0.8594467660152991,0.4761446823287713,0.009345794392523364,0.40321453529000706,0.06267000709022774
1766,106,99.06542056074767,107,0,107,0,0,0.0,3.829386413696742,3.77519074653949,6.72414617557142,3.0302049878240522,1.7025138795853598,2.2565263106475197,5.5514018691588785,2.8554537426680326,0.382526834194701,0.0,0.0,0.0,0.0,0.0,0,0,0,0,0,0.0,0.2897196261682243,0.2429763951280075,0.3427910271133427,0.877935871563684,0.47471015366971814,0.0,0.3658280922431867,0.06240998293615136
1767,106,99.06542056074767,107,0,105,2,0,0.0,3.84199477243406,3.7863484396467584,6.990735039640796,3.0301728286729936,1.7114578892440817,2.2529532864241086,5.5514018691588785,2.8554537426680326,0.38419299992298184,0.05878971582228583,0.10322815261082814,0.0,0.05878971582228583,0.02855463454844015,0,0,0,2,0,0.5,0.2897196261682243,0.24654034972636504,0.3359677688743973,0.8557335844616891,0.47387947295334104,0.0,0.40321453529000706,0.0624725655849967
1768,106,99.06542056074767,107,0,106,1,0,0.0,3.8516103787198817,3.7958268020676473,6.7888071688744205,3.0303581080152107,1.772130175277587,2.3125258020269293,5.5514018691588785,2.8554537426680326,0.38012633032503884,0.02469655042165987,0.08293474061043869,0.0,0.02469655042165987,0.015418570619436078,0,0,0,1,0,1.0,0.27102803738317754,0.2412981801845508,0.34464358059635397,0.860825814042731,0.466518001256179,0.0,0.40321453529000706,0.06252328889938166
1769,106,99.06542056074767,107,0,106,1,0,0.0,3.831505451999385,3.7775313892329088,6.616901472465053,3.030120163151095,1.747116798279641,2.2567159244649657,5.5514018691588785,2.8554537426680326,0.37948318652821533,0.01584162404648827,0.08123155533808255,0.0,0.01584162404648827,0.019880395679063856,0,0,0,1,0,1.0,0.24299065420560748,0.23924499064456367,0.34321104055214724,0.8592611416778038,0.4688504593524641,0.0,0.40321453529000706,0.06241936706301525
1770,107,100.0,107,0,106,1,0,0.0,3.8121533666230785,3.758915637901768,6.488636707921758,3.029463761358018,1.7500723054665714,2.2792450087339806,5.5514018691588785,2.8554537426680326,0.3766594936976393,0.17495845498861307,0.13598977495077136,0.0,0.17495845498861307,0.04360653594346253,0,0,0,1,0,0.0,0.24299065420560748,0.23594602181128976,0.33307720848155353,0.8672916354888056,0.4689705753728543,0.0,0.40321453529000695,0.06231323501135004
1771,106,99.06542056074767,107,1,105,1,0,0.009345794392523364,3.829469681581926,3.777917472227161,6.517662758865722,3.029210042984096,1.7384431953554058,2.278350654487658,5.5514018691588785,2.8554537426680326,0.37496940173509796,0.5694418067169891,0.16465200681479092,0.5,0.09264917566568281,0.03483688202439894,0,1,0,1,0,0.5,0.2523364485981308,0.23378476591942662,0.3219263730062752,0.8747740816029781,0.4692360250243619,0.009345794392523364,0.42173305380852555,0.06239619418074228
1772,106,99.06542056074767,107,0,107,0,0,0.0,3.834652704031756,3.7848232327608384,6.4276548212329585,3.0291714527610214,1.7463380390623986,2.280777051664232,5.5514018691588785,2.8554537426680326,0.373752449257154,0.0,0.0,0.0,0.0,0.0,0,0,0,0,0,0.0,0.2616822429906542,0.23144186078027687,0.32425315252410775,0.8590234498074191,0.46465747287922765,0.0,0.4217330538085255,0.062421558330006885
1773,106,99.06542056074767,107,0,106,1,0,0.0,3.844497364208654,3.7961291173712683,6.239706881706882,3.0293922319081164,1.7137425566780067,2.258335275213982,5.5514018691588785,2.8554537426680326,0.3721582806127497,0.12629530666723582,0.07914933351620151,0.0,0.12629530666723582,0.03443594149077478,0,0,0,1,0,0.0,0.2616822429906542,0.22742217710447604,0.3250369123692881,0.8735939870281378,0.46378726600023623,0.0,0.4217330538085255,0.06247393375410075
1774,106,99.06542056074767,107,0,107,0,0,0.0,3.820497479633999,3.7736675105988113,6.1649722389372945,3.0290936021757946,1.741674055499869,2.314401735628818,5.5514018691588785,2.8554537426680326,0.37225737575082984,0.0,0.0,0.0,0.0,0.0,0,0,0,0,0,0.0,0.2803738317757009,0.22742090982133467,0.3284550716497913,0.8592611506976937,0.46248454637582087,0.0,0.4217330538085255,0.06234967071429333
1775,106,99.06542056074767,107,0,106,1,0,0.0,3.8582681964640884,3.80957137331508,6.610817063057942,3.0296236742306957,1.7294689414632303,2.30783901902648,5.5514018691588785,2.8554537426680326,0.3768884880729597,0.09860819951724095,0.09530906964952421,0.0,0.09860819951724095,0.002505652210175402,0,0,0,1,0,0.0,0.27102803738317754,0.234841712352494,0.3163379197013906,0.8830211310548214,0.4706253731126494,0.0,0.3843466107617051,0.06254609227960903
1776,107,100.0,107,0,107,0,0,0.0,3.841441757959908,3.7934983125427038,6.152157155112817,3.0297714432709584,1.7291627369137361,2.290394093952647,5.5514018691588785,2.8554537426680326,0.3689292408491003,0.0,0.0,0.0,0.0,0.0,0,0,0,0,0,0.0,0.24299065420560748,0.2242924958926436,0.3240088091613525,0.8830211310548214,0.4615028083044125,0.0,0.3843466107617051,0.06246406982538347
1777,107,100.0,107,0,106,1,0,0.0,3.8768228183544746,3.827976874564165,6.836319781991789,3.030702608346358,1.6741506140349074,2.2550440121400075,5.5514018691588785,2.8554537426680326,0.3786045421374009,0.05025550126419075,0.12181496117439565,0.0,0.05025550126419075,0.04215764211692963,0,0,0,1,0,0.0,0.2616822429906542,0.23850990423150517,0.3174695937077747,0.8690083025386782,0.4727581621631537,0.0,0.4217330538085255,0.06265426962135426
1778,107,100.0,107,0,106,1,0,0.0,3.890880503616117,3.8428640769429117,7.07351899261004,3.031947262175763,1.6673084282175423,2.2574835650381226,5.5514018691588785,2.8554537426680326,0.3798791950979854,0.002647068486063887,0.14686673410112222,0.0,0.002647068486063887,-0.013406322812887339,0,0,0,1,0,1.0,0.24299065420560748,0.24089460267256171,0.31095665300901076,0.8743685759820606,0.47322160261958457,0.0,0.4217330538085255,0.06274232830483997
1779,107,100.0,107,0,106,1,0,0.0,3.908400974995698,3.862136225534076,7.22704968329654,3.033596621321405,1.6734961128881742,2.251448980990043,5.5514018691588785,2.8554537426680326,0.3795794213900321,0.2270271265020954,0.1388197421042459,0.0,0.2270271265020954,0.03469796328803443,0,0,0,1,0,0.0,0.24299065420560748,0.2412581798490511,0.3132725951004976,0.8550479704228967,0.4717700167614502,0.0,0.4217330538085255,0.06285347900546502
1780,107,100.0,107,0,105,2,0,0.0,3.8799887678998473,3.834695603237787,7.134054255572707,3.034572040358496,1.7018729724312809,2.260603814015026,5.5514018691588785,2.8554537426680326,0.3789400079705818,0.08348501768930203,0.11588778786693277,0.0,0.08348501768930203,0.018911213742235145,0,0,0,2,0,0.5,0.2616822429906542,0.2412841648519547,0.31898008576974335,0.867930296316626,0.47015593734299754,0.0,0.4217330538085255,0.06272534428968642
1781,107,100.0,107,0,106,1,0,0.0,3.9061369191044553,3.8594016003955884,7.493804430311524,3.0360839814125904,1.697513464065598,2.2633992604550772,5.5514018691588785,2.8554537426680326,0.38048039878757844,0.18878287549393555,0.1389114960893727,0.0,0.18878287549393555,0.03157701918627276,0,0,0,1,0,0.0,0.2616822429906542,0.24490497163789254,0.31562288847998526,0.842975454352708,0.47252441854014987,0.0,0.4591194968553459,0.0628776714344175
1782,107,100.0,107,0,107,0,0,0.0,3.9306683323798124,3.88297808474648,7.839849366988897,3.038091322173097,1.6794169030624557,2.2473660616624365,5.5514018691588785,2.8554537426680326,0.3834587339118549,0.0,0.0,0.0,0.0,0.0,0,0,0,0,0,0.0,0.2336448598130841,0.24960970152083764,0.3084679962281075,0.8524381145154906,0.47810318750198727,0.0,0.4591194968553459,0.06302898784423128
1783,107,100.0,107,0,106,1,0,0.0,3.9218447105122,3.8746719746805254,7.622050020143967,3.0398516025421336,1.7217685809210446,2.329236616719421,5.5514018691588785,2.8554537426680326,0.3803953813074048,0.4103612564992434,0.16955146837474433,0.0,0.4103612564992434,0.022291679348614757,0,0,0,1,0,0.0,0.2616822429906542,0.245123934733696,0.31017952961979134,0.8524717318881515,0.4756110033053963,0.0,0.42173305380852555,0.06301000173073276
1784,107,100.0,107,0,106,1,0,0.0,3.9393976351831665,3.8924694698522284,7.602359543567492,3.0419681783130743,1.7395636948562645,2.3490135295606724,5.5514018691588785,2.8554537426680326,0.3805928385408448,0.01988399302332519,0.10811758066094704,0.0,0.01988399302332519,0.044761466507731607,0,0,0,1,0,1.0,0.27102803738317754,0.2444241077233074,0.31428435606980243,0.8600904160066867,0.47508117915520154,0.0,0.38434661076170507,0.06312798527512146
1785,107,100.0,107,0,106,1,0,0.0,3.942382611914697,3.8942148044948954,7.482107755547326,3.0440641860206488,1.6959450164903755,2.2987666292402547,5.5514018691588785,2.8554537426680326,0.3783108905230308,0.4291487167304522,0.14836275670839322,0.0,0.4291487167304522,0.046614324937972684,0,0,0,1,0,0.0,0.2523364485981308,0.24131377107050242,0.31423158397500206,0.8468729468638525,0.4747114936726109,0.0,0.38434661076170507,0.06317283542404539
1786,107,100.0,107,0,104,3,0,0.0,3.980705867241051,3.9311351940289345,7.655857159210834,3.046943738913496,1.6829721163643139,2.285619405657275,5.5514018691588785,2.8554537426680326,0.37879609499198375,0.10417221605002337,0.10747359406200112,0.0,0.10417221605002337,0.020809795404386617,0,0,0,3,0,0.6666666666666666,0.24299065420560748,0.24260484510851685,0.31562160923939997,0.8405994511726339,0.474766494218789,0.0,0.38434661076170507,0.0634055638511026
1787,106,99.06542056074767,107,1,104,2,0,0.009345794392523364,3.9782826490160876,3.927490968974264,7.161357716103379,3.0496904499334443,1.6787905320945342,2.237165331240119,5.5514018691588785,2.8554537426680326,0.3756652769382338,0.1295980477002606,0.09668475034112557,0.0,0.1295980477002606,0.023747847567565577,1,0,0,2,0,0.6666666666666666,0.2523364485981308,0.23536355997308178,0.3249318208342285,0.8462633884607925,0.4730258317916016,0.009345794392523364,0.40321453529000695,0.0634326632912875
1788,106,99.06542056074767,107,0,104,3,0,0.0,3.9993601780559866,3.947914323874491,7.17219637434885,3.0527926436957515,1.693722368740603,2.2234871019328706,5.5514018691588785,2.8554537426680326,0.37597519139239255,0.009054999608765981,0.11913953406087398,0.0,0.009054999608765981,-0.008184550814490358,0,0,0,3,0,1.0,0.24299065420560748,0.2351163898405247,0.32913866923984786,0.8540145086094254,0.4738652632688329,0.0,0.40321453529000695,0.06358234179043229
1789,106,99.06542056074767,107,0,106,1,0,0.0,3.9908387044614644,3.941548642828665,7.156957646197529,3.0556608404880325,1.7129814559624064,2.2867853789439976,5.5514018691588785,2.8554537426680326,0.3730430399516438,0.034291309625091505,0.1413581262783989,0.0,0.034291309625091505,0.006362098228151147,0,0,0,1,0,1.0,0.22429906542056074,0.23288518528507124,0.3258153390314922,0.8471202347914559,0.47017878419763487,0.0,0.40321453529000695,0.06358068443878581
1790,106,99.06542056074767,107,0,107,0,0,0.0,3.9865891855828575,3.9381000333093086,7.076302966055924,3.058368358487989,1.7060002872070832,2.274474057349511,5.5514018691588785,2.8554537426680326,0.3724120101741617,0.0,0.0,0.0,0.0,0.0,0,0,0,0,0,0.0,0.205607476635514,0.2318125020984308,0.3314955910287974,0.8496717042512084,0.4670548580360648,0.0,0.40321453529000695,0.06359809280642437
1791,106,99.06542056074767,107,0,105,2,0,0.0,3.9907289745864105,3.9440219664432252,6.930792627467427,3.0611338430129305,1.6848082170034795,2.259515268724003,5.5514018691588785,2.8554537426680326,0.3705189776592541,9.55527254628194e-05,0.07580341195700291,0.0,9.55527254628194e-05,0.02405696174120131,0,0,0,2,0,1.0,0.22429906542056074,0.22800336173001975,0.3342029194525428,0.8377637867659804,0.4645383671668502,0.0,0.40321453529000695,0.06365827531712731
1792,107,100.0,107,0,106,1,0,0.0,3.9802685858840268,3.9352328000948535,6.777620862421728,3.0636195839429474,1.7119499676205068,2.311416089083704,5.5514018691588785,2.8554537426680326,0.3687220350986986,5.319963449368182e-06,0.0813657212902204,0.0,5.319963449368182e-06,0.009380033939926369,0,0,1,0,0,1.0,0.21495327102803738,0.22557947582413684,0.34435894872805123,0.837921105910477,0.46128665968275584,0.0,0.40321453529000695,0.06364146296482498
1793,107,100.0,107,0,105,2,0,0.0,4.009423634080569,3.964578586428105,7.060635786673975,3.066704709973879,1.6867815731273423,2.2954457430712645,5.5514018691588785,2.8554537426680326,0.3711196552890881,0.0002048695177115997,0.07233494351017222,0.0,0.0002048695177115997,0.026401656451493893,0,0,0,2,0,1.0,0.21495327102803738,0.22910581141452407,0.3353964505982159,0.858355698257361,0.4655255431445292,0.0,0.38819007686932216,0.06383128537916583
1794,107,100.0,107,0,106,1,0,0.0,4.005222418362068,3.960934628106176,7.151936212105881,3.0696185004226666,1.6858022642735617,2.3198561684893013,5.5514018691588785,2.8554537426680326,0.37222112934039764,0.014586278665566835,0.08274200309397782,0.0,0.014586278665566835,0.01808116503918744,0,0,0,1,0,1.0,0.22429906542056074,0.23114177725785134,0.34310043534907414,0.8502780773318371,0.465726699591302,0.0,0.40321453529000695,0.06385188026978503
1795,107,100.0,107,0,104,3,0,0.0,4.048099055459151,4.004421201001714,7.485343555074338,3.0734424801116735,1.6475309231960773,2.222024600696954,5.5514018691588785,2.8554537426680326,0.37556730218701273,0.11787879401684415,0.12351303973888718,0.0,0.11787879401684415,-3.7980898334251854e-05,0,0,0,3,0,0.3333333333333333,0.22429906542056074,0.2354029748265927,0.3373261793762615,0.847206364006889,0.4724955155265566,0.0,0.3658280922431866,0.06412085944084475
1796,107,100.0,107,0,101,6,0,0.0,4.0445369692469555,4.002022073336744,7.572617883665452,3.0771024630449713,1.6495593607404606,2.1321989632539076,5.5514018691588785,2.8554537426680326,0.37521267154291293,0.07257759513751015,0.10391398948557769,0.0,0.07257759513751015,0.014354505786964197,0,0,2,4,0,0.6666666666666666,0.2523364485981308,0.23603340350914948,0.3291968431632365,0.8522080501026068,0.47705066597411033,0.0,0.3658280922431866,0.0641553035696087
1797,107,100.0,107,0,103,4,0,0.0,4.0290295654913555,3.9865009534553444,8.150699687718642,3.0803033781397735,1.6321671191650111,2.1941206127489847,5.5514018691588785,2.8554537426680326,0.37609196555031055,0.11253708024828266,0.1089277070044034,0.0,0.11253708024828266,0.0003368843418241896,0,0,0,4,0,0.5,0.2523364485981308,0.24227348088890366,0.3112648607687702,0.8522080501026068,0.47997276622634055,0.0,0.3658280922431866,0.06412346687576778
1798,107,100.0,107,0,100,7,0,0.0,4.0279763434168565,3.984897595437914,8.17211233598166,3.0833762660674884,1.667180106432549,2.2624490269533735,5.5514018691588785,2.8554537426680326,0.37278347209006757,0.0816582561838078,0.09470475851977282,0.0,0.0816582561838078,0.004100208823865891,0,0,0,7,0,0.7142857142857143,0.2616822429906542,0.23996349946633627,0.3085042166824118,0.8579155996003657,0.4744767306923486,0.0,0.3658280922431866,0.06416207321206525
1799,105,98.13084112149532,107,2,102,3,0,0.018691588785046728,4.044712738782476,3.9793287919651874,8.324956354734509,3.0867253129668377,1.685435392186439,2.290881770148767,5.5514018691588785,2.8554537426680326,0.37254395058466705,0.38375362417243325,0.13070717314666425,0.4,0.14412830316470016,0.015304329586481803,0,2,0,3,0,0.4,0.2803738317757009,0.24119931663284708,0.30048410517824464,0.8233695928019553,0.46832623104208504,0.018691588785046728,0.40321453529000695,0.06429357043140893
1800,105,98.13084112149532,107,0,103,4,0,0.0,4.0741271941571675,4.005199331521847,8.774451206042828,3.090078590862448,1.6362715356045359,2.2489751564790463,5.5514018691588785,2.8554537426680326,0.377134621003512,0.09655849060398769,0.07721514120009267,0.0,0.09655849060398769,0.035109063394983236,0,0,0,4,0,0.75,0.2523364485981308,0.24773955737440492,0.29316580894418437,0.8399340109366574,0.4749058348724645,0.0,0.403214535290007,0.06448851835786854
1801,104,97.19626168224299,107,1,103,3,0,0.009345794392523364,4.098367217286863,4.021699604247788,8.961881987583988,3.0938724774492035,1.6633981124743584,2.2240266973913707,5.5514018691588785,2.8554537426680326,0.3797765539459188,0.06701404910265335,0.1073541832976624,0.0,0.06701404910265335,-0.01233870453554095,0,1,0,3,0,0.75,0.22429906542056074,0.2519370206691691,0.2888458516098156,0.8432153934312425,0.47946363675553455,0.009345794392523364,0.3658280922431866,0.06466388481178405
1802,104,97.19626168224299,107,0,104,3,0,0.0,4.126277531907882,4.044769804217199,9.672946744071059,3.0979256046039656,1.625375178694695,2.1845529467706446,5.5514018691588785,2.8554537426680326,0.38578117574674686,0.15463729377724625,0.12198067379814977,0.0,0.15463729377724625,0.011507846645346579,0,0,0,3,0,0.6666666666666666,0.24299065420560748,0.2623356011212222,0.2870423878354102,0.8417156758480353,0.48285494831117703,0.0,0.3322851153039833,0.06486130397040701
1803,103,96.26168224299066,107,1,104,2,0,0.009345794392523364,4.130425793822454,4.041679193798439,10.267330455269272,3.101974986331845,1.6554304939887192,2.2222011267198893,5.5514018691588785,2.8554537426680326,0.38696540636276944,0.3444519368483991,0.12711665140001213,0.3333333333333333,0.015460013597137555,0.0024659919326128024,0,1,0,2,0,1.0,0.24299065420560748,0.26814655841865614,0.2723630189854936,0.8437051982050466,0.4794600628772078,0.009345794392523364,0.32669461914744935,0.0649398593910317
1804,105,98.13084112149532,107,0,103,4,0,0.0,4.142794253092735,4.053814775360914,10.518650811103884,3.1060033700671044,1.6488740644406605,2.2031714618662175,5.5514018691588785,2.8554537426680326,0.3887445079790066,0.001450362489985683,0.10380562868965067,0.0,0.001450362489985683,-0.023624369694531938,0,0,0,4,0,1.0,0.2336448598130841,0.2713770070314343,0.27356386046705167,0.8476743645871083,0.48047331921865244,0.0,0.347309573724668,0.06505921600445186
1805,105,98.13084112149532,107,0,102,5,0,0.0,4.165868790302838,4.074975163578346,11.176097729155705,3.110400105246081,1.6047935834717522,2.167735999135593,5.5514018691588785,2.8554537426680326,0.39321719138650235,0.006742147311362435,0.10709816537465496,0.0,0.006742147311362435,-0.014937130552829813,0,0,1,4,0,1.0,0.22429906542056074,0.27972393247038174,0.2777971646573617,0.8431565821721279,0.47987190592453144,0.0,0.347309573724668,0.06523736206011402
1806,106,99.06542056074767,107,0,102,5,0,0.0,4.15628575707099,4.066407106345392,11.119182832341275,3.1144755681570877,1.5990143993117745,2.1560943367961705,5.5514018691588785,2.8554537426680326,0.3910697863048067,0.020185255055842066,0.10645597890197078,0.0,0.020185255055842066,-0.011701220028181946,0,0,0,5,0,1.0,0.205607476635514,0.27722621820945315,0.27045624111773825,0.8485234652046646,0.4816852414571077,0.0,0.38469601677148846,0.06524763337306647
1807,106,99.06542056074767,107,0,102,5,0,0.0,4.157943465526145,4.068212434828393,11.740050454280741,3.11847589836566,1.5953749273429196,2.2238094465417744,5.5514018691588785,2.8554537426680326,0.3921862974534027,0.01588313118848424,0.11622767626482414,0.0,0.01588313118848424,-0.015630587570680587,0,0,0,5,0,1.0,0.22429906542056074,0.2830567824535767,0.2561341939085274,0.8515979528681381,0.48617266023527367,0.0,0.38469601677148846,0.06531303570467213
1808,106,99.06542056074767,107,1,101,5,0,0.009345794392523364,4.150104918719365,4.052833018407865,10.937232391567417,3.1222329811539926,1.631392757236309,2.2467637033932415,5.5514018691588785,2.8554537426680326,0.3871511444326361,0.03324780088729892,0.10665471680751852,0.0,0.03324780088729892,-0.0072953903915397205,0,1,0,5,0,0.5,0.205607476635514,0.27324005174962007,0.2629940092398052,0.8716292482608643,0.4795893843227164,0.009345794392523364,0.347309573724668,0.06532748385118552
1809,106,99.06542056074767,107,0,104,3,0,0.0,4.16861992693527,4.068730531344856,11.866734739276996,3.126023637227906,1.6309483190313745,2.2902517503102753,5.5514018691588785,2.8554537426680326,0.39231384879429076,0.11197071237422514,0.1115195536735001,0.0,0.11197071237422514,-0.022584080751988405,0,0,0,3,0,0.6666666666666666,0.205607476635514,0.28405610087609295,0.26467074350102976,0.8625745434686296,0.47868512679516423,0.0,0.347309573724668,0.06547417910763216
1810,105,98.13084112149532,107,1,104,2,0,0.009345794392523364,4.17078555092045,4.089235748370349,11.894639621302156,3.1297438980779115,1.617206710919808,2.2670717005987266,5.5514018691588785,2.8554537426680326,0.39289979575190603,0.04519696274222312,0.0969219026201757,0.0,0.04519696274222312,-0.022111169390235125,0,1,0,2,0,0.6666666666666666,0.22429906542056074,0.2847213408486349,0.2805956145411635,0.8504692763201159,0.47576734824532774,0.009345794392523364,0.3658280922431866,0.06553812239139731
1811,104,97.19626168224299,107,1,105,1,0,0.009345794392523364,4.1412095258822434,4.055036384885387,10.66372614349324,3.133131830274311,1.6482995399846723,2.2740562975800063,5.5514018691588785,2.8554537426680326,0.3892270319118065,0.36117008473791334,0.12490561686572732,0.5,0.13883967251388316,-0.028088976164979185,0,1,0,1,0,0.5,0.24299065420560748,0.2741809723749879,0.29603424302611536,0.8575055369566682,0.47018547426157375,0.009345794392523364,0.39762403913347305,0.06543861268455685
1812,104,97.19626168224299,107,0,105,2,0,0.0,4.109646771473672,4.024884135248171,9.908797910300404,3.1356096639064166,1.6779330481981154,2.2728943674311175,5.5514018691588785,2.8554537426680326,0.386390216984867,0.15944987852730436,0.11234695800837857,0.0,0.15944987852730436,0.012585271396401754,0,0,0,2,0,0.5,0.2336448598130841,0.2662645667821291,0.2998531025659854,0.8633417731282216,0.4661582708201744,0.0,0.39762403913347305,0.06531617560910652
1813,104,97.19626168224299,107,1,104,2,0,0.009345794392523364,4.139625976454223,4.049829345151912,9.769031186564922,3.1387064249389804,1.6767592864363863,2.2306477843860653,5.5514018691588785,2.8554537426680326,0.38742519801020925,0.4282299153789704,0.12043151197470282,0.3333333333333333,0.09634221321757942,0.011818031227242823,0,1,0,2,0,0.6666666666666666,0.2523364485981308,0.26567417643200375,0.3008525212251943,0.8572890883098837,0.4705301823054712,0.009345794392523364,0.42208245981830883,0.06551028492341218
1814,104,97.19626168224299,107,0,105,2,0,0.0,4.152111074544734,4.0624841257009585,9.396338097190478,3.1418839988667964,1.6663605096861178,2.210364443235386,5.5514018691588785,2.8554537426680326,0.3886672073642259,0.07909309259216585,0.0757729652645927,0.0,0.07909309259216585,0.0036372043818371225,0,0,0,2,0,0.5,0.2616822429906542,0.263418210128649,0.31695762967662383,0.8575031251932115,0.4695545491541578,0.0,0.36408106219426983,0.06561807749068867
1815,105,98.13084112149532,107,0,105,2,0,0.0,4.168905905582813,4.081005107182127,9.300240750986372,3.145393925088071,1.637206933169921,2.1311130110502394,5.5514018691588785,2.8554537426680326,0.38811821724048334,0.11574283286551149,0.08347345910291526,0.0,0.11574283286551149,-0.003630481998390167,0,0,0,2,0,0.5,0.2523364485981308,0.2608403461724721,0.30664012442233374,0.8642573157504494,0.47077272458060954,0.0,0.38469601677148846,0.0657521638057042
1816,106,99.06542056074767,107,0,104,3,0,0.0,4.15117039891566,4.06442228095513,9.310594287201194,3.1484248150439837,1.6572934095529477,2.1797640983091036,5.5514018691588785,2.8554537426680326,0.38583999907162325,0.002146377680918368,0.09218211422740342,0.0,0.002146377680918368,-0.006428203124136759,0,0,0,3,0,1.0,0.24299065420560748,0.2593857548495305,0.2900670233871103,0.8436754818511493,0.4759846381233947,0.0,0.4014675052410902,0.06570675910270957
1817,106,99.06542056074767,107,0,104,3,0,0.0,4.1562169455012965,4.070029987869381,9.184729878486054,3.1514972597207835,1.6326153615747783,2.1658680136100594,5.5514018691588785,2.8554537426680326,0.38477839073669506,0.00019077888836828546,0.08808246032766927,0.0,0.00019077888836828546,-0.005409811247153007,0,0,0,3,0,1.0,0.24299065420560748,0.256835906926529,0.278059529068344,0.8514178535237487,0.481329832076069,0.0,0.3602375960866527,0.06577585795389529
1818,107,100.0,107,0,105,2,0,0.0,4.145713705253731,4.057968497738843,9.894720942516553,3.1542064439439845,1.6758286571242433,2.253027352587813,5.5514018691588785,2.8554537426680326,0.38702444759115817,2.4459356024122695e-06,0.07520385435901705,0.0,2.4459356024122695e-06,-0.016830755475678583,0,0,0,2,0,1.0,0.24299065420560748,0.2649687560675428,0.26468212671708224,0.8450366180348587,0.4808511481404804,0.0,0.38469601677148846,0.06576202150380604
1819,107,100.0,107,0,105,2,0,0.0,4.119871454472051,4.033674222012534,9.75029052131051,3.1562832992205037,1.675754801064699,2.228217828900932,5.5514018691588785,2.8554537426680326,0.3830072217316456,0.1519538854089242,0.1329765175626651,0.0,0.1519538854089242,0.022327925990841213,0,0,0,2,0,0.5,0.2616822429906542,0.2605399317753443,0.2540508447186795,0.8479046118520533,0.48223415352074184,0.0,0.3640810621942698,0.06566246207075922
1820,107,100.0,107,0,103,4,0,0.0,4.156466435414259,4.069273268308298,10.282515076380855,3.1591140622951452,1.6603330654701554,2.192035032463909,5.5514018691588785,2.8554537426680326,0.38525029001459,0.1197788715494717,0.11628995546081543,0.0,0.1197788715494717,0.01683648999824333,0,0,1,3,0,0.75,0.2803738317757009,0.26540070685843964,0.25626836968761657,0.8479046118520533,0.48469881127068754,0.0,0.3640810621942698,0.06588585254055072
1821,106,99.06542056074767,107,1,104,2,0,0.009345794392523364,4.161517866285103,4.073614436228663,10.016404706227773,3.161995181487921,1.6478303365273546,2.207819021869663,5.5514018691588785,2.8554537426680326,0.3843969039583768,0.24209773829805012,0.12444193662116772,0.0,0.24209773829805012,0.021941375003080504,0,1,0,2,0,0.3333333333333333,0.2897196261682243,0.262295239621434,0.25998928669149746,0.8471478090360302,0.4905822229228337,0.009345794392523364,0.37910552061495456,0.06595224420781536
1822,105,98.13084112149532,107,1,104,2,0,0.009345794392523364,4.176521632847953,4.08311961048531,10.347573224487494,3.165089666980633,1.6591094111958762,2.2389574662999774,5.5514018691588785,2.8554537426680326,0.3854732510550565,0.11210484753302863,0.08422621221818609,0.0,0.11210484753302863,-0.00020405174840150883,0,1,0,2,0,0.6666666666666666,0.2803738317757009,0.2653793031146927,0.24632973195386404,0.8667393267749279,0.4991509519290436,0.009345794392523364,0.3791055206149546,0.0660714438415386
1823,105,98.13084112149532,107,0,105,2,0,0.0,4.1772537072486875,4.082703189174648,10.192973240467293,3.1679757564398874,1.6738294337288526,2.2481917425659184,5.5514018691588785,2.8554537426680326,0.38239605002974764,0.026323985699987444,0.09669060285450023,0.0,0.026323985699987444,0.015453884412554908,0,0,0,2,0,1.0,0.2616822429906542,0.2619395096700303,0.2581820032615389,0.8557197748778487,0.49014383641700465,0.0,0.3791055206149546,0.06611630968828278
1824,105,98.13084112149532,107,0,105,2,0,0.0,4.1798789274067,4.086161418453133,9.797369689689901,3.1708584334595504,1.691111086833773,2.233034545689729,5.5514018691588785,2.8554537426680326,0.38194024896116363,0.026082775489327952,0.09590842726675869,0.0,0.026082775489327952,0.005096669395826203,0,0,0,2,0,0.5,0.2803738317757009,0.2582114902265334,0.25996768100507694,0.8627515099450094,0.48860383929535556,0.0,0.3791055206149546,0.06617059254349635
1825,105,98.13084112149532,107,0,106,1,0,0.0,4.1623829695132795,4.069308088744373,9.149402677673418,3.1732738057432197,1.6852091606176884,2.224828533806099,5.5514018691588785,2.8554537426680326,0.3823591103280175,0.00015004583009350431,0.08023090784687503,0.0,0.00015004583009350431,0.025015214244293094,0,0,0,1,0,1.0,0.27102803738317754,0.25457424344872803,0.2749354677804711,0.8432319154383094,0.4872885107420381,0.0,0.3791055206149546,0.06611759767316594
1826,106,99.06542056074767,107,0,107,0,0,0.0,4.18728210085128,4.092917635892456,9.201363217457223,3.1761595359467503,1.6314313208130935,2.1451127081602945,5.5514018691588785,2.8554537426680326,0.38620722472050195,0.0,0.0,0.0,0.0,0.0,0,0,0,0,0,0.0,0.2897196261682243,0.2572050290888731,0.2775182548350025,0.824640608374128,0.49291616203969796,0.0,0.3791055206149546,0.06628329367540595
1827,106,99.06542056074767,107,1,105,1,0,0.009345794392523364,4.198715457741937,4.11553719062839,9.113011034711729,3.179240153420349,1.64627858097801,2.1613589017584016,5.5514018691588785,2.8554537426680326,0.38325182260148893,0.12861365101844555,0.10469939430203345,0.0,0.12861365101844555,0.016463509480504623,0,1,0,1,0,0.5,0.2616822429906542,0.2532048150201536,0.27596385421479963,0.8549046968171362,0.48608484922141487,0.009345794392523364,0.3850454227812719,0.06638444326333282
1828,106,99.06542056074767,107,0,104,3,0,0.0,4.239150255600883,4.153543674957744,9.568728924492119,3.183340436127048,1.6276675827507159,2.1511896035807765,5.5514018691588785,2.8554537426680326,0.38736307405712034,0.0027135163631432356,0.1069727118515627,0.0,0.0027135163631432356,0.019408633878010284,0,0,0,3,0,1.0,0.2336448598130841,0.2593066476976011,0.27892554819631815,0.839973961684385,0.48981365780931885,0.0,0.38504542278127185,0.06664515809063176
1829,106,99.06542056074767,107,0,105,2,0,0.0,4.216901516690625,4.132275006278083,9.274541230861685,3.1868377835610757,1.6497870006182793,2.188385591817281,5.5514018691588785,2.8554537426680326,0.3821549721842348,0.008769125278068014,0.12200610373327872,0.0,0.008769125278068014,0.02294768264500391,0,0,0,2,0,1.0,0.2336448598130841,0.25336792885376264,0.2691449383354312,0.8299388513929359,0.4877922900452631,0.0,0.3791055206149546,0.06658384696518
1830,106,99.06542056074767,107,0,103,4,0,0.0,4.232646350000303,4.149378496731554,9.199742308207426,3.19062597166353,1.6355670817295582,2.145574123355895,5.5514018691588785,2.8554537426680326,0.3811506462621759,0.020028254658267606,0.13011424166434024,0.0,0.020028254658267606,0.016482897614937153,0,0,0,4,0,1.0,0.24299065420560748,0.25116454489978907,0.2613175283849887,0.8380554412647302,0.4897266996557829,0.0,0.3791055206149546,0.0667166561112038
1831,105,98.13084112149532,107,1,103,3,0,0.009345794392523364,4.260291558209594,4.1688417081685625,9.206039809126274,3.194935557416989,1.627405444433621,2.1034666751329767,5.5514018691588785,2.8554537426680326,0.3819416995972913,0.22169524000531374,0.12723847641031016,0.25,0.03648347392562964,0.031701138828041875,1,0,0,3,0,0.75,0.24299065420560748,0.2510459718050728,0.26351412525473084,0.8279871309548167,0.4863023632514232,0.009345794392523364,0.3791055206149546,0.06691641126609557
1832,106,99.06542056074767,107,0,104,3,0,0.0,4.255413590188829,4.16463217037318,9.28141829764511,3.1988409666087168,1.6911761063498514,2.1900207414833237,5.5514018691588785,2.8554537426680326,0.3817893929349898,0.0018910958981141765,0.10957269023015694,0.0,0.0018910958981141765,0.020884759837810313,0,0,0,3,0,1.0,0.22429906542056074,0.25152595237404224,0.26727210420109104,0.8383627380248182,0.4842933906006762,0.0,0.40391334730957373,0.06694778000245759
1833,106,99.06542056074767,107,0,106,1,0,0.0,4.218259049900906,4.130009143806814,8.749314506136042,3.2018439430411805,1.7246909809095767,2.251205403471194,5.5514018691588785,2.8554537426680326,0.37747735365998003,0.00038237151813189834,0.12043978227059182,0.0,0.00038237151813189834,0.01179421069584996,0,0,0,1,0,1.0,0.2336448598130841,0.2446266184605098,0.27928273031513845,0.821792263047612,0.47416390776523437,0.0,0.4412997903563941,0.06680488160248407
1834,106,99.06542056074767,107,0,105,2,0,0.0,4.198149800484624,4.108500497863084,8.560798229420453,3.204269835322235,1.744063865097693,2.2662231246188616,5.5514018691588785,2.8554537426680326,0.37545151064650595,0.0033415332424497255,0.12566653503638348,0.0,0.0033415332424497255,0.026047142049556937,0,0,0,2,0,1.0,0.2336448598130841,0.24190593665280927,0.27576594886667355,0.81208030331155,0.46908552968263306,0.0,0.4412997903563941,0.0667389704713689
1835,106,99.06542056074767,107,0,104,3,0,0.0,4.2280868745055615,4.137853782253129,8.916328405082917,3.2072969929375246,1.7052739931106806,2.1959690658534226,5.5514018691588785,2.8554537426680326,0.3794812178125617,0.00045010776181925286,0.11851952642833737,0.0,0.00045010776181925286,0.011919456429938155,0,0,0,3,0,1.0,0.2523364485981308,0.24701701928419065,0.26170394904957833,0.8105043134618556,0.481264202650886,0.0,0.4786862334032145,0.06693187538418471
1836,107,100.0,107,0,106,1,0,0.0,4.244978380386157,4.154623428492977,9.307715165039417,3.2106207910603435,1.7042984832479597,2.2313194540415564,5.5514018691588785,2.8554537426680326,0.3782449249726909,3.977420217009723e-05,0.11582642247922542,0.0,3.977420217009723e-05,0.021165322288713817,0,0,0,1,0,1.0,0.22429906542056074,0.24812828118709804,0.2509040534012518,0.8105043134618556,0.4829397325822191,0.0,0.4786862334032145,0.06706378767253608
1837,107,100.0,107,0,105,2,0,0.0,4.265113780663182,4.176088246987268,8.800514935205365,3.2143400140357072,1.6478974211883168,2.1698981721618815,5.5514018691588785,2.8554537426680326,0.37728416245267815,0.11685447474724707,0.0981017818608199,0.0,0.11685447474724707,0.02165721241935248,0,0,1,1,0,0.5,0.22429906542056074,0.24284898874306934,0.26351713961025147,0.8232719329402165,0.4875017402915523,0.0,0.4786862334032145,0.0672175650197453
1838,106,99.06542056074767,107,1,104,2,0,0.009345794392523364,4.312979337587585,4.218196946600328,9.288210572037164,3.218995235240674,1.622383735481151,2.1661237343081283,5.5514018691588785,2.8554537426680326,0.37795244478942114,0.13912962209838659,0.10667395512694851,0.0,0.13912962209838659,0.017125292611463488,0,1,0,2,0,0.6666666666666666,0.21495327102803738,0.2459587749938795,0.26005466707545477,0.8102230720389884,0.4842404444673557,0.009345794392523364,0.4786862334032145,0.06752335664843066
1839,106,99.06542056074767,107,0,106,1,0,0.0,4.286446383543013,4.191772396051328,9.026029406459065,3.2228336127334276,1.6350330069205419,2.201874190622074,5.5514018691588785,2.8554537426680326,0.3792712808369145,0.0001909137728666444,0.10979102757714834,0.0,0.0001909137728666444,-0.009653617739942,0,0,1,0,0,1.0,0.22429906542056074,0.24568749786334979,0.26460880260460684,0.8102230720389884,0.4865243716676064,0.0,0.4786862334032145,0.06744549342509508
1840,106,99.06542056074767,107,0,104,3,0,0.0,4.284780216742808,4.188352465137234,8.899600666519651,3.2264842634961792,1.6527821272501009,2.2275546758683964,5.5514018691588785,2.8554537426680326,0.3791489762242519,0.2552275458162882,0.12420250225318709,0.3333333333333333,0.07906409608639077,0.026220995430121647,0,0,0,3,0,0.6666666666666666,0.21495327102803738,0.24488404421613016,0.27758657925082686,0.7941942929793485,0.4853238812700385,0.0,0.4786862334032145,0.06748928391301243
1841,105,98.13084112149532,107,1,103,3,0,0.009345794392523364,4.294787715684785,4.19792126810414,8.938845230348562,3.2303044271870918,1.6584158494736032,2.2332589308703223,5.5514018691588785,2.8554537426680326,0.37647950633130245,0.22295228356115165,0.12420264554814929,0.25,0.12332877343623061,0.02269128589671926,1,0,1,2,0,0.5,0.22429906542056074,0.24238060259657176,0.26213600229756856,0.8336660862607417,0.4913990889681133,0.009345794392523364,0.4972047519217331,0.0675938629112664
1842,105,98.13084112149532,107,0,104,3,0,0.0,4.301405044334493,4.204661098451185,8.992258290688307,3.234114300683191,1.682701611264092,2.2329724988452555,5.5514018691588785,2.8554537426680326,0.37237775302502585,0.06146647470445867,0.10129960912335079,0.0,0.06146647470445867,0.01060994808104184,0,0,0,3,0,0.6666666666666666,0.21495327102803738,0.23895455015303088,0.2585480487221361,0.8336660862607417,0.487632539621015,0.0,0.4972047519217331,0.06768134414218259
1843,106,99.06542056074767,107,0,102,5,0,0.0,4.312154039109015,4.212296619672168,10.001100792178278,3.2379898080251373,1.66582997456446,2.2444520732774125,5.5514018691588785,2.8554537426680326,0.37508820100234064,0.025788090360109574,0.08958883325085001,0.0,0.025788090360109574,0.01971033650267142,0,0,0,5,0,0.8,0.22429906542056074,0.24839484933465794,0.24041057566106455,0.8319333847939208,0.49231861764921026,0.0,0.4598183088749127,0.0677904207757767
1844,106,99.06542056074767,107,0,102,5,0,0.0,4.339377094994056,4.236557781159808,10.715352858444998,3.2423088650426117,1.669545665693979,2.27482899914942,5.5514018691588785,2.8554537426680326,0.37969529172641425,0.08367155522312213,0.1003090343363745,0.0,0.08367155522312213,0.018419628204446925,0,0,0,5,0,0.6,0.24299065420560748,0.2563148910956873,0.23747142502598276,0.8263267953625812,0.49344259013340347,0.0,0.4598183088749127,0.06798820039282862
1845,106,99.06542056074767,107,0,105,2,0,0.0,4.341567143209866,4.237592215772037,10.416560419004679,3.246528223626312,1.6833415501722018,2.286282352446625,5.5514018691588785,2.8554537426680326,0.3800470179398985,0.005914551825220428,0.07411493039136506,0.0,0.005914551825220428,0.017020529022108766,0,0,1,1,0,1.0,0.22429906542056074,0.254824660083554,0.25303218377113973,0.8237766336931474,0.49369939066072493,0.0,0.4598183088749126,0.0680593915502051
1846,107,100.0,107,0,103,4,0,0.0,4.31515793753199,4.211767300111101,10.584622285044746,3.2500371655607943,1.6918046531058593,2.2865153823355455,5.5514018691588785,2.8554537426680326,0.3803443357503513,0.029899256173600383,0.09023016862142716,0.0,0.029899256173600383,0.0211871203272999,0,0,0,4,0,0.75,0.2336448598130841,0.25721266366946544,0.24339574907804912,0.849985668648619,0.49542122958874973,0.0,0.4598183088749127,0.06797744362871383
1847,107,100.0,107,0,104,3,0,0.0,4.304753658231688,4.205160208101295,9.766111938693504,3.253294981316618,1.748292424061978,2.315569395691119,5.5514018691588785,2.8554537426680326,0.37717908355738894,0.0528210742831074,0.08625986024193323,0.0,0.0528210742831074,0.02508365901571537,0,0,1,2,0,0.6666666666666666,0.21495327102803738,0.24891056628591174,0.2546279480524478,0.8472717998640442,0.49326775396405775,0.0,0.4598183088749126,0.06797193494317677
1848,107,100.0,107,0,106,1,0,0.0,4.304284243556442,4.204261607145372,9.732344916872114,3.2564392443428116,1.7578601331894406,2.343430987162318,5.5514018691588785,2.8554537426680326,0.37818897922006656,0.008202403577836987,0.06694245967313052,0.0,0.008202403577836987,0.04031305268132934,0,0,0,1,0,1.0,0.24299065420560748,0.2501050964009726,0.2687051414440621,0.8426954147751201,0.49019544796073916,0.0,0.4598183088749127,0.06801447935793092
1849,107,100.0,107,0,105,2,0,0.0,4.304668754539335,4.205112847857166,9.42170534428687,3.2595131698205555,1.757295861757848,2.3392730481078323,5.5514018691588785,2.8554537426680326,0.3779903299624918,0.0008513183396699668,0.09736180882702837,0.0,0.0008513183396699668,-0.0012975730707370792,0,0,0,2,0,1.0,0.2803738317757009,0.24766500112102532,0.2821137646980524,0.8529985732907595,0.48948476113613276,0.0,0.4224318658280922,0.06806028917289592
1850,107,100.0,107,0,103,4,0,0.0,4.280245415856236,4.184683187823735,8.387706796799156,3.2620326331845675,1.7890481517420622,2.3412856599301892,5.5514018691588785,2.8554537426680326,0.3722087990368206,0.07429668501789663,0.10438542626206977,0.0,0.07429668501789663,0.014563636724339996,0,0,2,2,0,0.75,0.2523364485981308,0.23539814315136234,0.3015567059900368,0.8194815496264677,0.4847573574994055,0.0,0.4598183088749126,0.06797414353494184
1851,107,100.0,107,0,104,3,0,0.0,4.269551510476959,4.176617500859469,7.8966921606050615,3.264295904869422,1.831767632241779,2.3703229652711046,5.5514018691588785,2.8554537426680326,0.36535611929587763,0.07568210156526448,0.07973178008515065,0.0,0.07568210156526448,0.037430200017066574,0,0,0,3,0,0.6666666666666666,0.22429906542056074,0.22612145360833738,0.30707297638237646,0.849985668648619,0.47796303632399817,0.0,0.4598183088749127,0.06795298734606141
1852,106,99.06542056074767,107,1,103,3,0,0.009345794392523364,4.2705342239541455,4.172448952192016,7.5460070657558465,3.2665683161638945,1.8340118464637605,2.3731589472675334,5.5514018691588785,2.8554537426680326,0.36416556222336705,0.18478809511351763,0.10620475865819647,0.0,0.18478809511351763,0.030555466908308154,0,1,0,3,0,0.5,0.2523364485981308,0.22170792932535882,0.30581497503247923,0.8769589268178172,0.4812491522121791,0.009345794392523364,0.4224318658280922,0.06799034474012576
1853,106,99.06542056074767,107,0,104,3,0,0.0,4.271153827904283,4.174332559456923,7.268447828389418,3.2686498771635226,1.8383439657610914,2.3747912803871585,5.5514018691588785,2.8554537426680326,0.3610307064154994,0.0026155743841106698,0.09075932277363341,0.0,0.0026155743841106698,0.011380771294275801,0,0,0,3,0,1.0,0.2336448598130841,0.21689338685307838,0.31590861521559327,0.8876331921576035,0.4756733314695636,0.0,0.38504542278127185,0.06802316176561135
1854,106,99.06542056074767,107,0,104,3,0,0.0,4.302566881912914,4.206371597102447,7.032594075625169,3.2714038880713323,1.835566804532866,2.3513768206443633,5.5514018691588785,2.8554537426680326,0.355480007558614,0.03703859678758791,0.09308258866791452,0.0,0.03703859678758791,0.01419966446228275,0,0,1,2,0,0.6666666666666666,0.24299065420560748,0.20963887277220092,0.32389976304316204,0.8771879531975108,0.4684762595881934,0.0,0.4224318658280922,0.06821954678942477
1855,105,98.13084112149532,107,1,104,2,0,0.009345794392523364,4.3435659530481106,4.255769620415878,7.18369519289084,3.2749942989993226,1.8064269310586851,2.32330398412554,5.5514018691588785,2.8554537426680326,0.35785414399013904,0.37814636942290664,0.12833991564624106,0.3333333333333333,0.15454962069066575,0.023552799430283915,0,1,1,1,0,0.3333333333333333,0.2336448598130841,0.21152057674867672,0.3352046551295873,0.8802647801209509,0.46773895914321584,0.009345794392523364,0.4224318658280922,0.06847580340671099
1856,105,98.13084112149532,107,0,105,2,0,0.0,4.357710584507384,4.270381470840773,6.999166049093151,3.279029365744641,1.751217720721786,2.2175877735562155,5.5514018691588785,2.8554537426680326,0.35889327951903494,0.04278096774901149,0.11659991618904014,0.0,0.04278096774901149,0.006754850251598055,0,0,1,1,0,0.5,0.2336448598130841,0.2097847530570897,0.3395677951304494,0.8788147865838254,0.46666154915965974,0.0,0.4224318658280922,0.06860413629620653
1857,106,99.06542056074767,107,0,103,4,0,0.0,4.343297993086175,4.254532479845516,6.770310154695071,3.2825871645403235,1.7671516176368007,2.230543030094567,5.5514018691588785,2.8554537426680326,0.3556143965832006,0.001245339689752854,0.08474314194872462,0.0,0.001245339689752854,0.019351832464276436,0,0,0,4,0,1.0,0.24299065420560748,0.2062547066397197,0.3517930879009842,0.8705809332916072,0.46162173842608506,0.0,0.4224318658280922,0.06858286898853444
1858,106,99.06542056074767,107,0,106,1,0,0.0,4.344338232213562,4.255717839521056,6.925300095185332,3.286070449954912,1.758711057096399,2.232339218996572,5.5514018691588785,2.8554537426680326,0.3565535328701781,0.12280090245424996,0.09688439305392046,0.0,0.12280090245424996,0.035839252972920344,0,0,0,1,0,0.0,0.2336448598130841,0.2080653826656431,0.34616210312691836,0.8853146930047266,0.4633374464106481,0.0,0.3850454227812718,0.0686378019860407
1859,106,99.06542056074767,107,0,106,1,0,0.0,4.349096366096824,4.258758121981002,6.953278841646714,3.289523722853194,1.7881630804175936,2.228639479073488,5.5514018691588785,2.8554537426680326,0.3581533892775999,0.00020085313444571159,0.08473309288735807,0.0,0.00020085313444571159,-0.007201586516481617,0,0,0,1,0,1.0,0.24299065420560748,0.20956587687650374,0.357154825785143,0.8853146930047266,0.46281793678709526,0.0,0.3850454227812718,0.06871089596056629
1860,107,100.0,107,0,106,1,0,0.0,4.349603880775357,4.25878671658957,6.8654667649485415,3.2928790423459153,1.7616121890298366,2.184390894755904,5.5514018691588785,2.8554537426680326,0.35797909649670623,0.07899656410255726,0.09716575648320003,0.0,0.07899656410255726,0.030096585227836092,0,0,0,1,0,0.0,0.2523364485981308,0.208594397507722,0.3606765946240833,0.875719172292803,0.46123758381793317,0.0,0.4224318658280922,0.06876133833197565
1861,107,100.0,107,0,106,1,0,0.0,4.404708411176821,4.311205734904353,7.240850645856298,3.2973359928988737,1.7708979970800625,2.1906127983704065,5.5514018691588785,2.8554537426680326,0.3595124276833688,0.24799535369467884,0.07142428849400291,0.0,0.24799535369467884,0.055375124068890336,0,0,0,1,0,0.0,0.2336448598130841,0.21180790446767864,0.365394091426748,0.8545428701164342,0.4612006120372007,0.0,0.4224318658280922,0.06910049406466962
1862,107,100.0,107,0,105,2,0,0.0,4.42791359703832,4.334289259475116,7.410548756344708,3.3021929887834958,1.7578887032104575,2.189629539823587,5.5514018691588785,2.8554537426680326,0.35951883212269076,0.01518197080635844,0.10447338442461193,0.0,0.01518197080635844,0.006930636705777982,0,0,0,2,0,1.0,0.2336448598130841,0.2123541535474594,0.3558296259565494,0.8393492831210335,0.4670733139081722,0.0,0.4598183088749126,0.06928586462936145
1863,107,100.0,107,0,104,3,0,0.0,4.456115603594223,4.362323493156792,7.637838173811558,3.307551699057261,1.7862827221646334,2.2224994714416693,5.5514018691588785,2.8554537426680326,0.35939892819054875,0.029500869217183534,0.10282163054668764,0.0,0.029500869217183534,0.025657434158011288,0,0,0,3,0,1.0,0.22429906542056074,0.21344364828405796,0.34372178904154177,0.8616241481992364,0.46768500182202855,0.0,0.4598183088749126,0.06950338240867646
1864,105,98.13084112149532,107,2,104,1,0,0.018691588785046728,4.423115662119186,4.322940776129183,7.193671940599328,3.3121210910982386,1.794252539766885,2.2261528590123403,5.5514018691588785,2.8554537426680326,0.35721925203027505,0.46748677484787704,0.14064503886820268,0.6666666666666666,0.19918429530298679,0.013807549299141261,0,2,0,1,0,0.3333333333333333,0.2523364485981308,0.20829450135126493,0.3344796637412764,0.833491156455981,0.46713682277213336,0.018691588785046728,0.4598183088749126,0.0694036211393269
1865,105,98.13084112149532,107,0,105,2,0,0.0,4.439990730487444,4.339470197112854,7.256178891478721,3.3166742567651157,1.803567537661839,2.2225189130759064,5.5514018691588785,2.8554537426680326,0.3568852107046838,0.3004002605522858,0.10937528456595952,0.5,0.22434315389074597,0.026694757184198503,0,0,0,2,0,0.5,0.24299065420560748,0.20807066698456958,0.3425459118514219,0.8518034041464145,0.46261984287508473,0.0,0.4224318658280922,0.06955300325089055
1866,105,98.13084112149532,107,0,105,2,0,0.0,4.408563127841989,4.310755043564488,7.038003709067829,3.320441450551179,1.7832461005979559,2.2554070994761926,5.5514018691588785,2.8554537426680326,0.3560395513533321,0.18516355410153573,0.07715253883362072,0.0,0.18516355410153573,0.041702191226879626,0,0,0,2,0,0.5,0.2336448598130841,0.205802187685386,0.35475302854270274,0.8600139599459526,0.45802551946060494,0.0,0.4224318658280922,0.06944965047564211
1867,104,97.19626168224299,107,1,104,2,0,0.009345794392523364,4.412553652198171,4.329733612818442,7.210076225500376,3.3241929475449656,1.7346877168709036,2.2404233255418937,5.5514018691588785,2.8554537426680326,0.358901575895169,0.27686682450960987,0.09732010461933101,0.3333333333333333,0.05656115089628324,0.01881402584422054,0,1,0,2,0,0.6666666666666666,0.21495327102803738,0.20904023633636828,0.35479353813809567,0.846251798032547,0.4608740186693961,0.009345794392523364,0.4224318658280922,0.06952316422808061
1868,104,97.19626168224299,107,0,103,4,0,0.0,4.4506626858985685,4.367826647108364,7.44186838155793,3.3290491711852725,1.7056179242884073,2.1817211598159907,5.5514018691588785,2.8554537426680326,0.3624556602157607,0.01405539742021063,0.09425714603656753,0.0,0.01405539742021063,0.0021092177157008285,0,0,1,3,0,0.75,0.2336448598130841,0.21255342057917997,0.3544348715123155,0.8625352895406464,0.46580872232811515,0.0,0.4224318658280922,0.06978304300642733
1869,106,99.06542056074767,107,0,104,3,0,0.0,4.441105815285308,4.359946596639493,7.319302406840382,3.3335867186490598,1.7220718688827006,2.1848877218530576,5.5514018691588785,2.8554537426680326,0.3610237839826489,0.02892763293576862,0.09326414074455432,0.0,0.02892763293576862,0.006213482334113711,0,0,0,3,0,0.6666666666666666,0.24299065420560748,0.21009781050885037,0.352919657563111,0.8726622027608768,0.46673368317729197,0.0,0.4224318658280922,0.06980004243780105
1870,106,99.06542056074767,107,0,102,5,0,0.0,4.46899801965837,4.388643389886352,7.184011385041916,3.3386502374694014,1.7731267609126098,2.216988296991026,5.5514018691588785,2.8554537426680326,0.3580596298656724,0.10651191834973257,0.10874782493562114,0.0,0.10651191834973257,0.027790924769860715,0,0,3,2,0,0.4,0.24299065420560748,0.20609921040808915,0.361054130385036,0.8649610822230451,0.46292876146054845,0.0,0.4224318658280922,0.07001179667849945
1871,105,98.13084112149532,107,1,102,4,0,0.009345794392523364,4.4864246440056,4.41909251640954,7.57799008075175,3.343934849104928,1.751972312662568,2.204294695738544,5.5514018691588785,2.8554537426680326,0.3641400387627105,0.11873200461371562,0.09966939429606722,0.0,0.11873200461371562,0.025471454684604454,0,1,0,4,0,0.6,0.2616822429906542,0.21388970877712718,0.35743853168878265,0.8799964815251462,0.47281813781300575,0.009345794392523364,0.3850454227812718,0.07017437962060166
1872,105,98.13084112149532,107,1,104,2,0,0.009345794392523364,4.520559900982525,4.457867571395228,7.7585823572992725,3.350161106134386,1.7341094572126932,2.215709153731008,5.5514018691588785,2.8554537426680326,0.36551392144468897,0.33510685246365507,0.13381931489239626,0.0,0.33510685246365507,0.028209294944885555,1,0,0,2,0,0.0,0.2897196261682243,0.21552351295132186,0.36750090877667263,0.8683289803348211,0.47059061557270904,0.009345794392523364,0.38504542278127185,0.07043394985017416
1873,104,97.19626168224299,107,1,105,1,0,0.009345794392523364,4.513238569525663,4.465512193768891,7.752320928590599,3.3561487090304176,1.7590710061756571,2.2271837728800232,5.5514018691588785,2.8554537426680326,0.36634175673800873,0.013207964266965027,0.13178530966760374,0.0,0.013207964266965027,-0.035413865297835634,0,1,0,1,0,1.0,0.27102803738317754,0.2165750090909806,0.3731096546725432,0.860436169274414,0.46897315266586986,0.009345794392523364,0.4224318658280922,0.07048282980838529
1874,104,97.19626168224299,107,0,105,2,0,0.0,4.538577498768271,4.484212707810553,8.548071575072212,3.362751130784401,1.6734207492646327,2.1788122659253157,5.5514018691588785,2.8554537426680326,0.3753445251778673,0.15845490368763449,0.15379511899406167,0.0,0.15845490368763449,-0.030410972213430032,0,0,1,1,0,0.5,0.29906542056074764,0.22967363671191882,0.36250543250262574,0.860192194845537,0.4798490741520025,0.0,0.4224318658280922,0.07070378900413873
1875,104,97.19626168224299,107,0,105,2,0,0.0,4.54937589294387,4.49562641048452,8.775388401916747,3.3694257538394483,1.6784758506171584,2.1872100665721677,5.5514018691588785,2.8554537426680326,0.3768324969349106,0.3595367527325587,0.16800490878742708,0.5,0.2129042183182882,-0.018599268473067254,0,0,2,0,0,0.0,0.2616822429906542,0.23258628311922,0.36003736610841497,0.8759421191772333,0.47950340941923814,0.0,0.38504542278127185,0.0708530763619339
1876,105,98.13084112149532,107,0,105,2,0,0.0,4.601446174501361,4.549486098793001,9.326338826766756,3.3771401369091367,1.6272891901608306,2.1501962952754807,5.5514018691588785,2.8554537426680326,0.3825824089487888,0.06638540040124806,0.13880360540606926,0.0,0.06638540040124806,-0.061277941012487736,0,0,0,2,0,0.5,0.2523364485981308,0.2395281024999967,0.3479377643686521,0.8669143357007062,0.49131257090785974,0.0,0.38504542278127185,0.07122356808976493
1877,106,99.06542056074767,107,0,105,2,0,0.0,4.63296654497275,4.5808633893178134,9.632732668236095,3.3853510105520486,1.5981383972089584,2.126620282041632,5.5514018691588785,2.8554537426680326,0.3838923823695197,0.015480298142497028,0.12483919985445963,0.0,0.015480298142497028,-0.031175162215469454,0,0,0,2,0,1.0,0.27102803738317754,0.2423078434504626,0.3373264332467466,0.8759421191772333,0.4964622427499134,0.0,0.38504542278127185,0.07149839879149303
1878,105,98.13084112149532,107,2,103,1,1,0.018691588785046728,4.628373239589149,4.566806484740695,9.55819432132786,3.3932541103463105,1.6688014861867815,2.2207908244513646,5.5514018691588785,2.8554537426680326,0.38297184447346466,0.4080862247461701,0.14596351862177337,0.25,0.16052808061758167,0.03584823965321446,1,2,0,1,0,0.5,0.27102803738317754,0.24113942867932056,0.3327088504606193,0.865456197663669,0.49568210934204426,0.018691588785046728,0.36617749825296997,0.07158826694400604
1879,105,98.13084112149532,107,0,105,2,0,0.0,4.6439843830994585,4.579688296352803,9.564906543920696,3.4009780135427787,1.6589462491627018,2.182656275944306,5.5514018691588785,2.8554537426680326,0.3832084663277253,0.02521907071895132,0.09804123174381266,0.0,0.02521907071895132,0.01936356655277993,0,0,0,2,0,0.5,0.2616822429906542,0.2417012254094469,0.34409788327160723,0.8744410124110407,0.495382492151681,0.0,0.36617749825296997,0.07177659890300939
1880,105,98.13084112149532,107,0,105,2,0,0.0,4.655788310222354,4.590019924982662,9.974682316138159,3.4087173761574556,1.6542703918204011,2.188565915729026,5.5514018691588785,2.8554537426680326,0.38484591923434297,0.002979207371656783,0.09838933786806295,0.0,0.002979207371656783,0.0161035521489441,0,0,0,2,0,1.0,0.2523364485981308,0.24538010698871834,0.32618051177060525,0.8588885895128235,0.4983164572474441,0.0,0.40356394129979034,0.07194611549834358
1881,105,98.13084112149532,107,0,105,2,0,0.0,4.64474918540404,4.578071332790878,9.730860955629453,3.415962795634343,1.7005254135631207,2.187664716411362,5.5514018691588785,2.8554537426680326,0.3816249573760957,0.004883308702004051,0.09795961741718784,0.0,0.004883308702004051,0.013746266495813397,0,0,0,2,0,1.0,0.2523364485981308,0.24112967131724714,0.3266670285732457,0.8835462539345952,0.4970570512990301,0.0,0.36617749825296986,0.0719943646750644
1882,105,98.13084112149532,107,0,105,2,0,0.0,4.643621790608757,4.577920576530044,9.889520131103186,3.4229978816893727,1.7053606199112599,2.2218001210731657,5.5514018691588785,2.8554537426680326,0.38194523211376064,0.0011572580628523552,0.12448726024021015,0.0,0.0011572580628523552,0.005998811828795914,0,0,0,2,0,1.0,0.2523364485981308,0.24245838553292878,0.31594583781804125,0.8698230432162909,0.5021425727471929,0.0,0.40356394129979034,0.07208916951511712
1883,106,99.06542056074767,107,1,105,1,0,0.009345794392523364,4.650932882965913,4.597992538864357,10.082275928895516,3.4300152338096184,1.7025943712081193,2.234114118261856,5.5514018691588785,2.8554537426680326,0.3845116653215406,0.477804341387076,0.1617131736604876,0.5,0.02759136464725917,0.013860103456846518,0,1,0,1,0,1.0,0.2616822429906542,0.24538245399630834,0.31694910590893444,0.8878814145876529,0.509123477098197,0.009345794392523364,0.38469601677148846,0.07222591359877978
1884,106,99.06542056074767,107,0,105,2,0,0.0,4.7332521323472,4.678586591885462,10.5198466348679,3.4389486361952843,1.6486924501113256,2.2058507276072046,5.5514018691588785,2.8554537426680326,0.3834835562838921,0.04881443094426591,0.15730306295548593,0.0,0.04881443094426591,-0.00015633326352770816,0,0,0,2,0,0.5,0.24299065420560748,0.24507952060049407,0.30504170062888136,0.8689364747889566,0.5131870272393851,0.0,0.42208245981830883,0.07276505443207076
1885,106,99.06542056074767,107,0,106,1,0,0.0,4.7225005853497,4.6694816926730445,10.647482396782989,3.44741896045992,1.677242808305334,2.246598393162538,5.5514018691588785,2.8554537426680326,0.3851090421555372,0.6971681520185227,0.1898964790008666,1.0,0.30283184798147733,0.052741616500865174,0,0,0,1,0,0.0,0.2336448598130841,0.2474478709576817,0.30553678046136223,0.8701427899448296,0.5160326882020426,0.0,0.42208245981830883,0.07283222979269859
1886,106,99.06542056074767,107,0,106,1,0,0.0,4.694917078651047,4.644199248645024,10.029164717751046,3.455069875737935,1.7127725881323548,2.2803503914414174,5.5514018691588785,2.8554537426680326,0.38119757257385767,0.053534121666852355,0.1330113628598884,0.0,0.053534121666852355,0.05239656476526089,0,0,0,1,0,0.0,0.22429906542056074,0.2407135139181116,0.30878333385929085,0.863301572145724,0.5110734287650244,0.0,0.38469601677148846,0.07280354643253253
1887,106,99.06542056074767,107,0,107,0,0,0.0,4.694378844235666,4.642104196241308,10.349155672498282,3.4624544640674784,1.702935670742577,2.2694914482220705,5.5514018691588785,2.8554537426680326,0.3847918429966455,0.0,0.0,0.0,0.0,0.0,0,0,0,0,0,0.0,0.24299065420560748,0.24598895615908206,0.3010499597218537,0.8299506284463348,0.5163201492860741,0.0,0.38469601677148846,0.07290628701237392
1888,107,100.0,107,0,107,0,0,0.0,4.689726522267991,4.639190066042979,10.588756677036214,3.469561619581334,1.730076748544193,2.2885307507579578,5.5514018691588785,2.8554537426680326,0.3870295769312766,0.0,0.0,0.0,0.0,0.0,0,0,0,0,0,0.0,0.2616822429906542,0.24977813334203042,0.292914911235474,0.8527664536190736,0.5224716178966318,0.0,0.3473095737246681,0.07298449617159436
1889,107,100.0,107,0,107,0,0,0.0,4.675953876844038,4.622307696551273,10.683128531523582,3.4760801789558693,1.7048513963415184,2.298048789267723,5.5514018691588785,2.8554537426680326,0.38906894442933027,0.0,0.0,0.0,0.0,0.0,0,0,0,0,0,0.0,0.2803738317757009,0.2524519150039965,0.2976058035547677,0.8617733238256922,0.5238985928353338,0.0,0.38469601677148846,0.0730087001682887
1890,107,100.0,107,0,107,0,0,0.0,4.713076986427578,4.66047021940691,10.388944323667396,3.4832843744325195,1.7430153608001513,2.293222541512384,5.5514018691588785,2.8554537426680326,0.3850590736777513,0.0,0.0,0.0,0.0,0.0,0,0,0,0,0,0.0,0.2616822429906542,0.24571065500276587,0.3067097343371649,0.8657606890086136,0.5164597390627537,0.0,0.38469601677148846,0.07329717195088997
1891,106,99.06542056074767,107,1,105,1,0,0.009345794392523364,4.714508977219038,4.660339043747783,10.395605274719767,3.490291310035683,1.764323813942334,2.324718467789067,5.5514018691588785,2.8554537426680326,0.3844835714236383,0.18346790235912738,0.12795720486418624,0.0,0.18346790235912738,0.04111326240103785,0,1,0,1,0,0.5,0.2523364485981308,0.2455759520022613,0.3048533324410033,0.8753963826534674,0.5168069811086536,0.009345794392523364,0.38469601677148846,0.0734043718073107
1892,106,99.06542056074767,107,0,105,2,0,0.0,4.71234530334205,4.658885832944831,10.898419553239073,3.497053520100015,1.7270103099732803,2.2855769980715714,5.5514018691588785,2.8554537426680326,0.38928918543043145,0.027816730641722315,0.07229643344268988,0.0,0.027816730641722315,0.04636189360126708,0,0,0,2,0,0.5,0.2803738317757009,0.2534032859592693,0.28789855785347496,0.8789595933373003,0.5260617639531503,0.0,0.3473095737246681,0.07349009932811028
1893,105,98.13084112149532,107,1,105,1,0,0.009345794392523364,4.703161360671249,4.647209449317702,10.802082787690384,3.5034325297703917,1.7360396633143393,2.225026474552223,5.5514018691588785,2.8554537426680326,0.38674139303512556,0.4923031937006558,0.12523022074822437,0.5,0.017142066870043604,0.046473353615668955,0,1,0,1,0,1.0,0.2897196261682243,0.2504585886970827,0.2835195642040143,0.8837295636114106,0.52683357827479,0.009345794392523364,0.3287910552061496,0.07353525444994524
1894,104,97.19626168224299,107,1,103,3,0,0.009345794392523364,4.7043638701405275,4.6415585558917325,10.755390977968487,3.5095943335249373,1.7279566406301845,2.238600245506725,5.5514018691588785,2.8554537426680326,0.3854614241952512,0.20259058333513108,0.13246897681324488,0.25,0.1303232367344535,0.033239184046544246,1,0,0,3,0,0.5,0.2897196261682243,0.24878989321449382,0.2832075850120554,0.8898994232652326,0.5242914797912915,0.009345794392523364,0.40356394129979034,0.07362924072525415
1895,104,97.19626168224299,107,1,105,1,0,0.009345794392523364,4.71534039741641,4.659370665938567,10.947633170934566,3.5156911635112293,1.6991690225591398,2.2262700571752916,5.5514018691588785,2.8554537426680326,0.3852564846825337,0.0988577625758573,0.12912479700688131,0.0,0.0988577625758573,0.024974036233003538,0,1,0,1,0,0.5,0.308411214953271,0.249556949111417,0.26749366363579363,0.8868696704947645,0.5266097883184676,0.009345794392523364,0.40356394129979034,0.07377116944164741
1896,103,96.26168224299066,107,1,105,1,0,0.009345794392523364,4.672357287602806,4.6171090010129285,10.317872729138964,3.520828112848161,1.8033203994152922,2.3534439753454457,5.5514018691588785,2.8554537426680326,0.38164818066393,0.4946160377187137,0.13947881611829768,0.5,0.005439185054538381,-0.016958108606127675,1,0,0,1,0,1.0,0.29906542056074764,0.24371691973942322,0.2667800227558048,0.8861489911588402,0.518450512580047,0.009345794392523364,0.38469601677148846,0.07362959549862957
1897,102,95.32710280373831,107,1,105,1,0,0.009345794392523364,4.729945138143726,4.659764156935634,10.913292189343743,3.52706094152708,1.818132139983087,2.3495473249339316,5.5514018691588785,2.8554537426680326,0.38554034947623705,0.492507918108844,0.14725492352291872,0.5,0.007805998236482869,0.026292095199987542,0,1,0,1,0,1.0,0.2897196261682243,0.24974276845396817,0.24880146714442067,0.8814595386382011,0.5168015599301834,0.009345794392523364,0.38469601677148846,0.0740065225212273
1898,102,95.32710280373831,107,1,105,1,0,0.009345794392523364,4.723524301402854,4.662997380235403,10.744302951065048,3.5326703030553634,1.8098194146358406,2.279616012384939,5.5514018691588785,2.8554537426680326,0.3844802409941501,0.14194355259559732,0.10529286657757797,0.0,0.14194355259559732,0.038306994502601555,0,1,0,1,0,0.5,0.29906542056074764,0.24739678940810597,0.2341188079225588,0.8903208268075716,0.5246684406983676,0.009345794392523364,0.38469601677148846,0.07405450469937253
1899,103,96.26168224299066,107,0,106,1,0,0.0,4.713069372038548,4.653782077225142,10.831549597186736,3.538105812270438,1.7822078942902688,2.2712379608448368,5.5514018691588785,2.8554537426680326,0.3837597381795135,0.0006945326444797533,0.08392143367400301,0.0,0.0006945326444797533,0.02345829356567619,0,0,0,1,0,1.0,0.2897196261682243,0.24735197445885307,0.21748657676165456,0.9111692349752627,0.5275795891273654,0.0,0.3473095737246681,0.07407983427820845
1900,104,97.19626168224299,107,0,106,1,0,0.0,4.773108128169211,4.711706089139362,11.085035949062513,3.544709307727085,1.7902250293737936,2.320848883684633,5.5514018691588785,2.8554537426680326,0.3852140226889891,6.342324279951297e-06,0.07853609143950996,0.0,6.342324279951297e-06,0.01772587077384291,0,0,0,1,0,1.0,0.308411214953271,0.24826223343938206,0.22029701511515382,0.8914158589785017,0.5282572643132674,0.0,0.3473095737246681,0.07447430793794363
1901,104,97.19626168224299,107,1,106,0,0,0.009345794392523364,4.771642587300732,4.708031528375489,11.34856918008933,3.5510839240538523,1.794514487367613,2.3045771738299297,5.5514018691588785,2.8554537426680326,0.38751632505866773,0.841726380466991,0.16392497072988466,1.0,0.158273619533009,0.06942781876049353,0,1,0,0,0,0.0,0.29906542056074764,0.2519669598385426,0.2136286588013341,0.8785391680272518,0.5288188910714303,0.009345794392523364,0.3658280922431866,0.07455799234384294
1902,105,98.13084112149532,107,0,105,2,0,0.0,4.756899554991839,4.692197899881334,11.581946853378156,3.556871197675615,1.7708678811132477,2.2687120906623046,5.5514018691588785,2.8554537426680326,0.38907098996827627,0.00593114428982805,0.1139877508034771,0.0,0.00593114428982805,0.017763269332723763,0,0,0,2,0,1.0,0.29906542056074764,0.25581150996122026,0.20688562708011304,0.8840851364060114,0.5305262043008885,0.0,0.40321453529000695,0.07456690364291402
1903,106,99.06542056074767,107,0,105,2,0,0.0,4.758490184687994,4.69493036013476,11.425802817908883,3.562555637687007,1.724571908295058,2.270874724217914,5.5514018691588785,2.8554537426680326,0.38746292535717797,0.0019590577825779,0.09216596015937868,0.0,0.0019590577825779,0.03205221295990279,0,0,0,2,0,1.0,0.29906542056074764,0.2534221678954426,0.21520179370764922,0.886216143353129,0.5282433986560456,0.0,0.40321453529000695,0.07465601506892229
1904,106,99.06542056074767,107,0,105,2,0,0.0,4.771270586615091,4.7082755438908634,11.181504060322268,3.5683826135825663,1.7559316267636653,2.3004225536512855,5.5514018691588785,2.8554537426680326,0.38407853839227424,0.26886973242672346,0.10753370442740104,0.5,0.23113840888052298,0.033924390254444936,0,0,1,1,0,0.5,0.2897196261682243,0.24867737215728197,0.23264602191225148,0.8926796048346861,0.519835029962425,0.0,0.3658280922431866,0.07480311037920484
1905,105,98.13084112149532,107,1,105,1,0,0.009345794392523364,4.809526001336892,4.740019611471249,11.180185235266393,3.574871190988004,1.7601531463655422,2.317714374292858,5.5514018691588785,2.8554537426680326,0.382757689122345,0.3670071027025492,0.11860293162446989,0.5,0.13455515633155143,0.03687905857352236,0,1,0,1,0,0.5,0.2897196261682243,0.2468178320353,0.24241604589018217,0.8867494686289099,0.5119723737990355,0.009345794392523364,0.36023759608665273,0.07508702661599859
1906,106,99.06542056074767,107,0,105,2,0,0.0,4.839644541501484,4.770895299798434,11.509869918373557,3.58177696448687,1.7515673321193188,2.286294477216087,5.5514018691588785,2.8554537426680326,0.38245450164479355,0.007919909997426072,0.10412093680227015,0.0,0.007919909997426072,0.02591869972722677,0,0,0,2,0,1.0,0.2897196261682243,0.2472495725288784,0.23190216146122722,0.8921806273334654,0.5178851121991591,0.0,0.3658280922431866,0.07533621490073832
1907,106,99.06542056074767,107,0,107,0,0,0.0,4.845730117325098,4.77598696926053,11.634434914078506,3.5886018590308777,1.718904302193728,2.284561053199621,5.5514018691588785,2.8554537426680326,0.38345713978554596,0.0,0.0,0.0,0.0,0.0,0,0,0,0,0,0.0,0.29906542056074764,0.24882770954493819,0.2324368931221226,0.8880338417714805,0.5206106541403321,0.0,0.3658280922431866,0.0754640836332014
1908,106,99.06542056074767,107,0,105,2,0,0.0,4.812504253646866,4.741847135969626,11.287599713699136,3.5944519941502393,1.7257693723688148,2.287305350151277,5.5514018691588785,2.8554537426680326,0.3816845962976183,0.00048417791784082447,0.09156641279359634,0.0,0.00048417791784082447,0.012700479428716771,0,0,0,2,0,1.0,0.3364485981308411,0.24640288033903437,0.23467838324669932,0.8876604463127608,0.5196767175952768,0.0,0.3284416491963662,0.0753814782659187
1909,105,98.13084112149532,107,1,104,2,0,0.009345794392523364,4.805368247897075,4.724202087942806,10.975050245849031,3.5999721286162845,1.8025283736324684,2.286147038433501,5.5514018691588785,2.8554537426680326,0.3799198304642142,0.09893037577862729,0.11447232801661189,0.0,0.09893037577862729,0.011873270084584423,0,1,0,2,0,0.6666666666666666,0.3177570093457944,0.24340565353929344,0.23541918593672762,0.8732717344593317,0.5135039806655439,0.009345794392523364,0.3284416491963662,0.07542461068027526
1910,106,99.06542056074767,107,0,104,3,0,0.0,4.83776674331422,4.75742127416452,11.403636689705287,3.605853360796797,1.7185579368505746,2.274781729629478,5.5514018691588785,2.8554537426680326,0.38142377631439084,0.001615631552089056,0.09512240409765127,0.0,0.001615631552089056,0.019347928245951145,0,0,0,3,0,1.0,0.3177570093457944,0.24576778219316187,0.22377552167515502,0.8811152475514072,0.52172738922121,0.0,0.40321453529000706,0.07567057108956769
1911,106,99.06542056074767,107,0,104,3,0,0.0,4.793787649098408,4.71314861155439,11.220570355970526,3.6105553087917133,1.760760946109343,2.3001096791135867,5.5514018691588785,2.8554537426680326,0.3801833182669285,0.13887566748678623,0.09235577426791726,0.0,0.13887566748678623,0.03402062250761876,0,0,0,3,0,0.6666666666666666,0.3364485981308411,0.24530855392281187,0.21967814970050947,0.8817407046661135,0.5186398787143168,0.0,0.40321453529000706,0.0755178065934882
1912,105,98.13084112149532,107,1,104,2,0,0.009345794392523364,4.810406342771052,4.730239397337823,11.801758846737787,3.615449015057278,1.7524095892293847,2.3150800827372757,5.5514018691588785,2.8554537426680326,0.38337770843147356,0.22189138648476617,0.11421462911081304,0.0,0.22189138648476617,0.035330718329388576,0,1,0,2,0,0.3333333333333333,0.3177570093457944,0.25175051489818934,0.2184557837262068,0.8822350898298595,0.5168158652431798,0.009345794392523364,0.3228511530398323,0.07567076882120904
1913,104,97.19626168224299,107,1,105,1,0,0.009345794392523364,4.841865750305769,4.771496179395222,12.107755988035356,3.6209686951506064,1.7538603360773093,2.294292288310124,5.5514018691588785,2.8554537426680326,0.38378930928972643,0.2715235948340089,0.12095309020519132,0.5,0.22868651379900062,0.0325373368328592,1,0,0,1,0,0.5,0.308411214953271,0.25249689849261336,0.21545142619547403,0.8888174677668549,0.5157489069854748,0.009345794392523364,0.3658280922431866,0.07590687181478675
1914,105,98.13084112149532,107,0,106,1,0,0.0,4.8554086839060595,4.785589983957619,12.364973161715389,3.626893855668622,1.7346689840758038,2.2595289132902168,5.5514018691588785,2.8554537426680326,0.3861916841450046,0.0002822548792563973,0.07147508076977122,0.0,0.0002822548792563973,0.041245908045518975,0,0,0,1,0,1.0,0.32710280373831774,0.2556310087971417,0.2033301848791674,0.881892686349452,0.5212340330381913,0.0,0.40321453529000706,0.07605918159167359
1915,105,98.13084112149532,107,0,105,2,0,0.0,4.817191773277852,4.750412051759278,11.76372817733072,3.631846234303626,1.712144898328499,2.237524815641806,5.5514018691588785,2.8554537426680326,0.3814697690585893,0.048831896132864594,0.10745108393091232,0.0,0.048831896132864594,0.031873016687076094,0,0,0,2,0,0.5,0.3177570093457944,0.2487213506610024,0.1984740751751835,0.8864952711912225,0.523072018181761,0.0,0.3658280922431866,0.07593880347907471
1916,105,98.13084112149532,107,0,107,0,0,0.0,4.844133093489324,4.777113202059296,12.006743464524781,3.6372671512540076,1.728185562535505,2.248315245911518,5.5514018691588785,2.8554537426680326,0.37983223441720715,0.0,0.0,0.0,0.0,0.0,0,0,0,0,0,0.0,0.2897196261682243,0.2482875727301367,0.19632667926614117,0.8947123251437265,0.520352099718398,0.0,0.3658280922431866,0.07615090596810536
1917,106,99.06542056074767,107,0,105,2,0,0.0,4.882707077848093,4.815691214102263,12.268412274000053,3.643414538259426,1.708217486500246,2.238647217684258,5.5514018691588785,2.8554537426680326,0.3813643080307443,0.002086615859372129,0.10173147380243708,0.0,0.002086615859372129,0.011984654866381172,0,0,0,2,0,1.0,0.3177570093457944,0.249733337054387,0.19432773348771878,0.8955459467968505,0.525137353509997,0.0,0.3658280922431866,0.07643154378606046
1918,106,99.06542056074767,107,1,104,2,0,0.009345794392523364,4.90275019084569,4.827642893915659,12.19512986968904,3.6498649367955,1.7030461859229504,2.2134666789136843,5.5514018691588785,2.8554537426680326,0.3781765950344871,0.34985888185132025,0.13708957622836404,0.3333333333333333,0.016525600050908272,0.024188715303456638,0,1,1,1,0,1.0,0.2897196261682243,0.24617529350794187,0.1944537434019628,0.9057388930159636,0.5180890914746697,0.009345794392523364,0.3658280922431866,0.07662385342425612
1919,106,99.06542056074767,107,0,105,2,0,0.0,4.88464959702578,4.811278170697637,11.855167510532928,3.655551789931729,1.7125704218585538,2.272104352898361,5.5514018691588785,2.8554537426680326,0.376378543578459,0.017347304860257675,0.10361041741437094,0.0,0.017347304860257675,0.01770277037827772,0,0,0,2,0,1.0,0.29906542056074764,0.24283572143232493,0.19435252229098496,0.899156289855146,0.5178927999063305,0.0,0.3284416491963661,0.0766145431855158
1920,104,97.19626168224299,107,2,103,2,0,0.018691588785046728,4.8671553845184485,4.785385885113944,11.692844336191573,3.6607316838154436,1.808323148928027,2.362532758416479,5.5514018691588785,2.8554537426680326,0.3739160986611776,0.46744047748538714,0.13973073285160237,0.5,0.062839235633615,0.0438173717305477,1,1,0,2,0,0.75,0.27102803738317754,0.24009142346169549,0.17999072040057876,0.8943905825901869,0.5156872524796021,0.018691588785046728,0.3473095737246681,0.07660102685986353
1921,103,96.26168224299066,107,2,103,2,0,0.018691588785046728,4.90740352989541,4.8167253815611755,12.588553352650857,3.666393479138892,1.8111075697246302,2.3590454497918025,5.5514018691588785,2.8554537426680326,0.37658903344213823,0.4856041312852863,0.12300721075064852,0.5,0.014854717734819178,0.05899630254993383,1,1,0,2,0,1.0,0.2616822429906542,0.2473403264375225,0.17850435563950454,0.8830566956425866,0.5223230261880174,0.018691588785046728,0.40356394129979034,0.07688310255998115
1922,103,96.26168224299066,107,0,105,2,0,0.0,4.89776527961279,4.807410161694672,12.383551602688021,3.6715200080278954,1.8168171361970407,2.345005303880728,5.5514018691588785,2.8554537426680326,0.3758403201732916,0.0011783861964219783,0.08722180072520454,0.0,0.0011783861964219783,0.014642040511416266,0,0,2,0,0,1.0,0.2523364485981308,0.24558236999875963,0.16982791671789615,0.872733889239579,0.525101009514032,0.0,0.36617749825296997,0.07690810413908306
1923,103,96.26168224299066,107,0,106,1,0,0.0,4.906300005814751,4.816291809250202,11.968713699851442,3.6767030403258962,1.866766093093442,2.451161512691474,5.5514018691588785,2.8554537426680326,0.3722578580431004,0.0013315492833846203,0.08867505249406575,0.0,0.0013315492833846203,0.02459651014602038,0,0,0,1,0,1.0,0.27102803738317754,0.23979853314053984,0.1704705769615014,0.8942986371708462,0.5218286999218981,0.0,0.36617749825296997,0.07702477731496132
1924,103,96.26168224299066,107,0,104,3,0,0.0,4.915380342829724,4.825332715318832,11.771979627426989,3.681944600646726,1.8353618231145556,2.4115609571586205,5.5514018691588785,2.8554537426680326,0.37156197299838234,0.087746743885997,0.10839503908784576,0.0,0.087746743885997,0.023228277732841123,0,0,0,3,0,0.6666666666666666,0.27102803738317754,0.2378305586927741,0.1814449325406285,0.8637160803115784,0.5190404504830328,0.0,0.36617749825296997,0.07714501416521385
1925,105,98.13084112149532,107,0,104,3,0,0.0,4.965220125334406,4.872907078377177,12.408961968273566,3.688123261781601,1.791848590541348,2.3228501409307807,5.5514018691588785,2.8554537426680326,0.37375831857316477,0.33779191600848985,0.14219437696152207,0.3333333333333333,0.19211791356564767,0.03151504993598205,0,0,1,2,0,0.3333333333333333,0.27102803738317754,0.24187244521515358,0.17808949283422915,0.8759923883905907,0.5240292344234977,0.0,0.2914046121593291,0.07748242748304857
1926,105,98.13084112149532,107,2,105,0,0,0.018691588785046728,5.005429580895772,4.8944596354929715,12.881784408243032,3.6950127645395403,1.7931093682408006,2.404771622867626,5.5514018691588785,2.8554537426680326,0.37702247134208466,0.9188256586163219,0.19616681809759112,1.0,0.08117434138367802,0.06398946516809079,2,0,0,0,0,0.5,0.2897196261682243,0.24689601382242124,0.1803614378994536,0.8714371886149074,0.5245312373121259,0.018691588785046728,0.3287910552061496,0.07778183804303179
1927,105,98.13084112149532,107,0,107,0,0,0.0,4.997099439436399,4.885840989646941,13.302677860726023,3.7011137277821806,1.8053855227838018,2.418127779824571,5.5514018691588785,2.8554537426680326,0.379880303881478,0.0,0.0,0.0,0.0,0.0,0,0,0,0,0,0.0,0.2897196261682243,0.25181049819342916,0.17968203270193578,0.8693952514490778,0.5327469452295488,0.0,0.2914046121593291,0.0778272924273603
1928,105,98.13084112149532,107,0,107,0,0,0.0,4.960380258477067,4.849595574626566,13.221813735229354,3.706212503993774,1.7889765747820359,2.361380299909443,5.5514018691588785,2.8554537426680326,0.378299223478765,0.0,0.0,0.0,0.0,0.0,0,0,0,0,0,0.0,0.2803738317757009,0.2510636575197284,0.17659281121728165,0.8584751803829322,0.5321845555727637,0.0,0.3287910552061495,0.07771649312064575
1929,105,98.13084112149532,107,0,105,2,0,0.0,5.021468169894591,4.909867973615215,13.510878227537718,3.7125425273873773,1.7389891914124518,2.321819372152766,5.5514018691588785,2.8554537426680326,0.38100477400026844,0.0014144437601416571,0.0709630891073115,0.0,0.0014144437601416571,0.02457532635750992,0,0,0,2,0,1.0,0.2803738317757009,0.25307233647026,0.17043333072764116,0.85494852787027,0.5383263241332031,0.0,0.3287910552061495,0.07811230812268558
1930,105,98.13084112149532,107,0,104,3,0,0.0,5.03007178269629,4.918024664029442,13.370490519648952,3.7188781283084444,1.7368445942554829,2.338061045070189,5.5514018691588785,2.8554537426680326,0.38092031236381163,0.0011911166146733683,0.08622922453286946,0.0,0.0011911166146733683,0.02072217133316212,0,0,0,3,0,1.0,0.29906542056074764,0.2520040016949844,0.17638318839170897,0.8544325948194923,0.531129787873515,0.0,0.2914046121593291,0.07824578126350464
1931,107,100.0,107,0,104,3,0,0.0,5.020669173699658,4.912208253448881,13.19254553971922,3.7248999511450016,1.708957280913695,2.3148924898505707,5.5514018691588785,2.8554537426680326,0.3788734300232075,0.0009544287575683792,0.0855964623194105,0.0,0.0009544287575683792,0.019953097121842567,0,0,0,3,0,1.0,0.2897196261682243,0.249266280976682,0.17952000705888013,0.8703490733754519,0.5312110784476387,0.0,0.2914046121593291,0.07828474340130312
1932,107,100.0,107,0,105,2,0,0.0,5.053166861759975,4.942291729640127,13.316268487342741,3.7314370394134575,1.7145383843354332,2.3112819755123475,5.5514018691588785,2.8554537426680326,0.38124797311639624,0.042429200238693204,0.09084035120554884,0.0,0.042429200238693204,0.02170586376048822,0,0,0,2,0,0.5,0.2803738317757009,0.25151462829537147,0.19192164503689707,0.84315910146267,0.5278553406945546,0.0,0.32879105520614954,0.07854056360741628
1933,107,100.0,107,0,105,2,0,0.0,5.0728286273500816,4.959924375778132,13.481271820996476,3.7381902577935526,1.691084141911122,2.288867310484536,5.5514018691588785,2.8554537426680326,0.38293801629757884,0.0006082087559871705,0.08875885707472782,0.0,0.0006082087559871705,0.01225455960457944,0,0,0,2,0,1.0,0.2803738317757009,0.2534083817618493,0.194503531124984,0.8399177233798429,0.5291128601297493,0.0,0.32879105520614954,0.0787352899488593
1934,107,100.0,107,0,106,1,0,0.0,5.043942756220015,4.931155835211193,13.330059731467239,3.744093463252,1.734582584251605,2.295494205766602,5.5514018691588785,2.8554537426680326,0.38201007631165806,1.0113613782036507e-05,0.06031808951193999,0.0,1.0113613782036507e-05,0.019383660215205545,0,0,0,1,0,1.0,0.2803738317757009,0.2534275004333146,0.19217074452216154,0.8399177233798429,0.528759880376515,0.0,0.32879105520614954,0.07867514224380928
1935,107,100.0,107,0,105,2,0,0.0,5.0233488426476915,4.910686547680272,12.58674768029969,3.749360512579727,1.8024032215721797,2.3115180183554656,5.5514018691588785,2.8554537426680326,0.3799076427884338,0.00027308337692043754,0.11685092436765186,0.0,0.00027308337692043754,-0.004930344273291476,0,0,0,2,0,1.0,0.27102803738317754,0.2480700288478682,0.19840220826187202,0.8315965632543993,0.5241730231259607,0.0,0.32879105520614954,0.07864737175452603
1936,107,100.0,107,0,105,2,0,0.0,5.036926496292909,4.9237498927856045,12.421621508288883,3.7547755779716794,1.827087900983969,2.3171520725465684,5.5514018691588785,2.8554537426680326,0.3794088284637276,0.02033899524712372,0.1350570515317353,0.0,0.02033899524712372,-0.03442249268242592,0,0,0,2,0,1.0,0.29906542056074764,0.2462971421829698,0.20130192799931806,0.8326246069528879,0.5259168078248233,0.0,0.32879105520614954,0.07879257236645335
1937,107,100.0,107,0,104,3,0,0.0,4.993458740739659,4.8831175543457395,11.84132012338688,3.759107828573258,1.8866705330055196,2.353240013785735,5.5514018691588785,2.8554537426680326,0.3740231718904117,0.011900320782889072,0.10685941185752774,0.0,0.011900320782889072,-0.012974778564268504,0,0,1,2,0,1.0,0.2897196261682243,0.2393515900463456,0.2063871945364362,0.7873945290094124,0.5146702201617331,0.0,0.32879105520614954,0.07863708629465935
1938,106,99.06542056074767,107,1,105,1,0,0.009345794392523364,5.027414546507425,4.920461156755183,12.377739748983368,3.7640699940593,1.8265230512992061,2.358603593832051,5.5514018691588785,2.8554537426680326,0.37658609050599345,0.027898328024281292,0.129071550062769,0.0,0.027898328024281292,-0.03289528055106028,0,1,1,0,0,0.5,0.2803738317757009,0.2436661797925661,0.19878427292981798,0.8132753842935766,0.5198500359208087,0.009345794392523364,0.3287910552061495,0.07887771149354246
1939,105,98.13084112149532,107,1,104,2,0,0.009345794392523364,5.017039924977937,4.906241282849615,11.90657084344217,3.7687793774321223,1.8240485085137834,2.399518795628818,5.5514018691588785,2.8554537426680326,0.37364256926652994,0.21936212446266298,0.1452400407818798,0.3333333333333333,0.12488710240888727,0.006801233627534524,1,0,1,1,0,0.6666666666666666,0.2803738317757009,0.2379583732972509,0.2008614021943158,0.79244078550818,0.5151763329575646,0.009345794392523364,0.3473095737246681,0.07889307551778295
1940,105,98.13084112149532,107,0,106,1,0,0.0,5.037239084154766,4.9240361826265575,12.61031731950072,3.7736464860200463,1.789132518189344,2.3892030678737157,5.5514018691588785,2.8554537426680326,0.37810068800633734,0.10872508284421982,0.1823958901436103,0.0,0.10872508284421982,-0.07727662212210218,0,0,0,1,0,0.0,0.2616822429906542,0.24600674657473345,0.19438427896781657,0.8243972697585413,0.5225840938265383,0.0,0.38469601677148846,0.07906356033083389
1941,105,98.13084112149532,107,0,106,1,0,0.0,5.041803264011383,4.928447766529091,12.179802540607286,3.7784753931637614,1.7747689581295625,2.373071977653955,5.5514018691588785,2.8554537426680326,0.3752872685399533,0.0021198131141521187,0.15874300332387992,0.0,0.0021198131141521187,-0.04825539805692047,0,0,0,1,0,1.0,0.2803738317757009,0.24058177844541695,0.20613692856363758,0.8488958959363606,0.5158960528289045,0.0,0.3976240391334731,0.07915532483499955
1942,105,98.13084112149532,107,0,104,3,0,0.0,5.090685883499233,4.974234135654023,13.004848760557477,3.784212339970359,1.7544446173095676,2.3787873228716663,5.5514018691588785,2.8554537426680326,0.377548196017806,0.009780000312126056,0.0980221847080115,0.0,0.009780000312126056,0.03448438463722364,0,0,0,3,0,1.0,0.27102803738317754,0.24657934852408492,0.20121514478666533,0.8504030342840826,0.5217642572247448,0.0,0.3976240391334731,0.07948164586359074
1943,106,99.06542056074767,107,0,104,3,0,0.0,5.102021019138533,4.985005194382742,13.557004105130275,3.790031520994328,1.721557564840036,2.4328886415989173,5.5514018691588785,2.8554537426680326,0.38028558596576856,0.013942483615567628,0.09394993943791315,0.0,0.013942483615567628,0.021161325295646998,0,0,0,3,0,1.0,0.2803738317757009,0.2513518536206983,0.19232370728739479,0.8385220867342308,0.5288866576929974,0.0,0.3976240391334731,0.07962140355295802
1944,106,99.06542056074767,107,1,104,2,0,0.009345794392523364,5.170485509298568,5.047583972427897,14.164261631195444,3.797201841999556,1.6706513903235083,2.3984280590596923,5.5514018691588785,2.8554537426680326,0.3831530279547106,0.08106424171296196,0.07979224387548592,0.0,0.08106424171296196,0.03432513477228427,0,1,0,2,0,0.6666666666666666,0.2616822429906542,0.25539527485585284,0.19896234878663702,0.8422530276751213,0.5328227683825772,0.009345794392523364,0.3976240391334731,0.08006609860351074
1945,106,99.06542056074767,107,0,104,3,0,0.0,5.239613322525034,5.1121467530051765,14.769174409446267,3.805554488517015,1.6825474007520032,2.4237986189904963,5.5514018691588785,2.8554537426680326,0.3865921294773462,0.01440942925226165,0.049435450013743505,0.0,0.01440942925226165,0.08964295773124864,0,0,0,3,0,1.0,0.27102803738317754,0.26027161051993253,0.2031637067925187,0.8512735509622545,0.5340306023119347,0.0,0.3976240391334731,0.08053099064844038
1946,106,99.06542056074767,107,0,104,3,0,0.0,5.261828191102936,5.134318816819014,15.529671303917805,3.814175119497679,1.632930803912564,2.3951058366731757,5.5514018691588785,2.8554537426680326,0.3909779617479845,0.014712113300700415,0.05507982076748736,0.0,0.014712113300700415,0.07919789089409197,0,0,0,3,0,1.0,0.2897196261682243,0.2668569114226678,0.1887154418224075,0.8562145064808105,0.5421459376160193,0.0,0.3976240391334731,0.08076514405631938
1947,105,98.13084112149532,107,1,102,3,1,0.009345794392523364,5.226440404333119,5.111676993562679,14.555122773004607,3.821782366423186,1.7251181823947894,2.4148281134672778,5.5514018691588785,2.8554537426680326,0.38802084100395673,0.3652435498404213,0.1277896493293672,0.4,0.05228513267991227,0.04438457461126745,1,1,0,3,0,0.8,0.2803738317757009,0.25959181714792773,0.19799578122020814,0.8566488497064075,0.5355136389351304,0.009345794392523364,0.44060097833682743,0.08069681583099449
1948,103,96.26168224299066,107,2,100,3,2,0.018691588785046728,5.222894799290112,5.123199734455898,14.65613401938341,3.829382896294173,1.736949780088782,2.3295503143527356,5.5514018691588785,2.8554537426680326,0.3849498359203001,0.44333028630239274,0.13936562322426083,0.42857142857142855,0.09372693763013863,0.020988416442317633,0,4,1,2,0,0.5714285714285714,0.2897196261682243,0.2569533993085147,0.1677464857835766,0.8593184702768353,0.5347568796758512,0.018691588785046728,0.42208245981830883,0.0807876026131113
1949,102,95.32710280373831,107,2,100,5,0,0.018691588785046728,5.215225018719836,5.108188876348722,14.390701856806501,3.836923036240164,1.8137048543896277,2.532016962775644,5.5514018691588785,2.8554537426680326,0.382356570301184,0.25829587601973625,0.11373216039064242,0.2857142857142857,0.0647940771376587,0.04954579280512659,0,2,0,5,0,0.7142857142857143,0.2897196261682243,0.25364110762346376,0.16451199331758437,0.8570765148311066,0.5311739512088071,0.018691588785046728,0.38469601677148846,0.08085690631440502
1950,102,95.32710280373831,107,0,105,2,0,0.0,5.1720896759293575,5.0673456872977445,13.642858854294197,3.8431180434640493,1.8853012732689272,2.5803123880192076,5.5514018691588785,2.8554537426680326,0.377651790236905,0.01653147706579738,0.053793058601396486,0.0,0.01653147706579738,0.06482598440339647,0,0,1,1,0,1.0,0.2616822429906542,0.2466920513287808,0.17646278560830211,0.844086563155245,0.5204535088665142,0.0,0.42208245981830883,0.08072967738326912
1951,102,95.32710280373831,107,0,106,1,0,0.0,5.117529392722309,5.014873997791278,12.524799234331212,3.847937511264818,2.00940611868269,2.64395913778892,5.5514018691588785,2.8554537426680326,0.37074200085399367,0.07136579830400458,0.14482822438680576,0.0,0.07136579830400458,0.015866302023996415,0,0,0,1,0,0.0,0.27102803738317754,0.23622831022467458,0.1872615980965069,0.8211175143377248,0.5086833487949415,0.0,0.42208245981830894,0.08052568480408075
1952,103,96.26168224299066,107,0,106,1,0,0.0,5.135358099694377,5.0311846831316664,13.275393819074212,3.8529919566518984,1.980948315537255,2.62081670345197,5.5514018691588785,2.8554537426680326,0.3763915640687685,0.14072972928463504,0.14616438913495,0.0,0.14072972928463504,0.01748950387640047,0,0,0,1,0,0.0,0.2897196261682243,0.24473731274160862,0.18567758109063143,0.8267807931936313,0.5160041839430685,0.0,0.42208245981830883,0.08068699201392934
1953,105,98.13084112149532,107,0,106,1,0,0.0,5.143422219260966,5.040867957178137,12.988840669631335,3.858123275817941,2.048440773222069,2.6750899746725403,5.5514018691588785,2.8554537426680326,0.37163234399805267,0.01983052759037212,0.13092784095593957,0.0,0.01983052759037212,0.02177299091357532,0,0,0,1,0,1.0,0.2616822429906542,0.23940036423647035,0.2010887997032142,0.8299919470720555,0.5052716803590578,0.0,0.38469601677148857,0.08080057383434978
1954,107,100.0,107,0,106,1,0,0.0,5.142429220334533,5.04031720035351,12.638503717276791,3.863095491253719,2.0338430368718163,2.6523222744689994,5.5514018691588785,2.8554537426680326,0.3695680643637089,0.00558768956625233,0.13415719507521331,0.0,0.00558768956625233,0.017705305081251677,0,0,0,1,0,1.0,0.2523364485981308,0.23521716372329576,0.2009821173127008,0.8217578619799085,0.4998506831409414,0.0,0.42208245981830883,0.08086659849559484
1955,107,100.0,107,0,105,2,0,0.0,5.105128376224516,5.0076651324489205,12.410048254689174,3.8671798356217106,2.051276618968942,2.6702084828700547,5.5514018691588785,2.8554537426680326,0.36461133318414896,0.11770083899578489,0.16534098562650498,0.0,0.11770083899578489,0.010393699785265165,0,0,1,1,0,0.5,0.2803738317757009,0.23024503770925303,0.19148160460341182,0.8355122664384074,0.497345527317656,0.0,0.42208245981830883,0.08073840755710439
1956,106,99.06542056074767,107,1,105,1,0,0.009345794392523364,5.183291111941906,5.075215483185729,13.345989550522043,3.8728684640321633,1.9701673823065642,2.6301446326567737,5.5514018691588785,2.8554537426680326,0.3710072553098436,0.21130959799612264,0.17011894980117143,0.0,0.21130959799612264,0.010716679632092663,0,1,0,1,0,0.5,0.2523364485981308,0.2377600911329634,0.1832990397650672,0.8415508970576587,0.4993795626989711,0.009345794392523364,0.42208245981830894,0.08121043931211772
1957,106,99.06542056074767,107,0,106,1,0,0.0,5.140143182853382,5.036245635843774,13.215737187498782,3.877326628126272,2.0222381949098684,2.6602521380054647,5.5514018691588785,2.8554537426680326,0.3685628133479646,0.0006943869322235219,0.14154706361462518,0.0,0.0006943869322235219,0.005009680749808565,0,0,0,1,0,1.0,0.2803738317757009,0.2359286489620079,0.16939866306838364,0.852991117977386,0.5008149450138152,0.0,0.42208245981830894,0.08105835007341484
1958,106,99.06542056074767,107,0,106,1,0,0.0,5.155640725713235,5.050375657532246,13.16766864397328,3.8819802723934163,2.0119544160642975,2.68338980773162,5.5514018691588785,2.8554537426680326,0.3682714393550517,0.006176802942028576,0.13886460609072807,0.0,0.006176802942028576,0.006348411566646339,0,0,0,1,0,1.0,0.29906542056074764,0.23498382363987783,0.16650208294287167,0.8675672529769942,0.49997474802432385,0.0,0.42208245981830894,0.08120227911741243
1959,106,99.06542056074767,107,0,105,2,0,0.0,5.164424736876797,5.060071480844267,13.406919774359427,3.8867225218008796,2.0017898585008225,2.712342519799175,5.5514018691588785,2.8554537426680326,0.36889753724911345,0.0111011242011938,0.13387701055175458,0.0,0.0111011242011938,0.021053282158308928,0,0,0,2,0,1.0,0.2897196261682243,0.2356737969902287,0.1627863382927111,0.846820102898555,0.5000231079018537,0.0,0.38469601677148846,0.08131390554232627
1960,106,99.06542056074767,107,0,105,2,0,0.0,5.102962817144063,4.998847749087534,12.686863279298334,3.889930786198273,2.037418464680611,2.743197642951126,5.5514018691588785,2.8554537426680326,0.36552061739500386,0.24513528030893633,0.07516543879192837,0.0,0.24513528030893633,0.09925434574581735,0,0,0,2,0,0.5,0.27102803738317754,0.2305861706410459,0.17309296862254334,0.8199448017665568,0.493207152820401,0.0,0.4594689028651292,0.08105240119656762
1961,107,100.0,107,0,105,2,0,0.0,5.098591251832973,4.994571315994793,11.491247791165817,3.892949750834816,2.1043752460688574,2.771308965516078,5.5514018691588785,2.8554537426680326,0.36038781357864047,0.23864503880055898,0.17396720344322056,0.0,0.23864503880055898,0.004889411122287912,0,0,0,2,0,0.5,0.2523364485981308,0.22001986038087495,0.194392784630075,0.8523093754459727,0.4804728074406938,0.0,0.4594689028651292,0.08107364593936417
1962,106,99.06542056074767,107,1,104,2,0,0.009345794392523364,5.118673538662279,5.010209490785203,11.278467097146502,3.896323225051689,2.125208318876169,2.7835833101729284,5.5514018691588785,2.8554537426680326,0.36167347399677974,0.1770382023968111,0.1573526721870106,0.0,0.1770382023968111,0.022746826722345775,0,1,1,1,0,0.3333333333333333,0.2523364485981308,0.2199145527038081,0.21013311804104176,0.8313424057328122,0.47757284391007515,0.009345794392523364,0.49685534591194963,0.08122222137140252
1963,104,97.19626168224299,107,2,105,0,0,0.018691588785046728,5.175136752101652,5.07257206898381,11.288770605736998,3.900757633741517,2.1445268274905906,2.818740552617959,5.5514018691588785,2.8554537426680326,0.3620652009517553,0.8548293641520949,0.17216753672182716,1.0,0.14517063584790513,0.04456163750809705,1,1,0,0,0,0.5,0.24299065420560748,0.2191002426438151,0.2234534038480548,0.8233826051982881,0.4715051108557456,0.018691588785046728,0.4965059399021663,0.08156784868304884
1964,104,97.19626168224299,107,0,107,0,0,0.0,5.145807019930327,5.045301889288423,10.746506285748472,3.904626313197706,2.187790307711488,2.8724659077363066,5.5514018691588785,2.8554537426680326,0.35687537409002745,0.0,0.0,0.0,0.0,0.0,0,0,0,0,0,0.0,0.2523364485981308,0.2124391764675677,0.2254572710903029,0.815962927952504,0.46355803700837706,0.0,0.4965059399021663,0.081476434198354
1965,103,96.26168224299066,107,1,106,0,0,0.009345794392523364,5.150446532785135,5.063775573837991,10.923188188418361,3.9085210360205123,2.253318556309719,2.8938844581842584,5.5514018691588785,2.8554537426680326,0.355971133490006,0.04226241540080798,0.08459700635661715,0.0,0.04226241540080798,0.08431323061163565,0,1,0,0,0,1.0,0.2616822429906542,0.2121055314786609,0.22537396362305032,0.8334827507227155,0.4656139720263658,0.009345794392523364,0.5150244584206848,0.08155523776693321
1966,103,96.26168224299066,107,0,107,0,0,0.0,5.1499047412461065,5.060390946308267,10.740157512242204,3.9125127239504924,2.2657542387406844,2.870817085773188,5.5514018691588785,2.8554537426680326,0.35823326415279255,0.0,0.0,0.0,0.0,0.0,0,0,0,0,0,0.0,0.2616822429906542,0.21322031465785876,0.2453452174996284,0.8362488696671643,0.46610667201721756,0.0,0.5150244584206848,0.0816095192104342
1967,104,97.19626168224299,107,0,106,1,0,0.0,5.123733473834862,5.035112422829344,11.067681027053121,3.9158129778422635,2.224224099295841,2.8741464167645385,5.5514018691588785,2.8554537426680326,0.35856612957812994,0.9204778815689038,0.19381304781007141,1.0,0.07952211843109624,0.10374770576963677,0,0,0,1,0,0.0,0.2523364485981308,0.21613863427405344,0.2350562360660837,0.8527779034198266,0.4656265264384978,0.0,0.4776380153738644,0.08152578148501304
1968,105,98.13084112149532,107,1,106,0,0,0.009345794392523364,5.1343068090077955,5.046843530416364,11.299497885649357,3.919210008527353,2.2293608869260484,2.8811413693332546,5.5514018691588785,2.8554537426680326,0.36260938698255885,0.9618469925573281,0.19604314264274125,1.0,0.038153007442671916,0.07502153531705402,0,1,0,0,0,1.0,0.27102803738317754,0.22038923328803284,0.23145771410496363,0.8216640576862608,0.4742923382957435,0.009345794392523364,0.4776380153738644,0.08162714848079619
1969,105,98.13084112149532,107,0,107,0,0,0.0,5.1446209490923485,5.056862160714284,11.899949271526808,3.9228158675195828,2.1836544610439206,2.8764823713970227,5.5514018691588785,2.8554537426680326,0.366541149428814,0.0,0.0,0.0,0.0,0.0,0,0,0,0,0,0.0,0.2523364485981308,0.2265330300056238,0.2193343796975125,0.8199019196379542,0.481108183479835,0.0,0.4776380153738644,0.08173020099899345
1970,106,99.06542056074767,107,0,107,0,0,0.0,5.158151174671296,5.070366588281531,11.661403919839284,3.9266272530221786,2.2250470309098214,2.8978068376341417,5.5514018691588785,2.8554537426680326,0.3657717983841682,0.0,0.0,0.0,0.0,0.0,0,0,0,0,0,0.0,0.2523364485981308,0.22429808368705115,0.22335529137693844,0.8089657727696191,0.4819933586445247,0.0,0.4776380153738644,0.08185226830187886
1971,106,99.06542056074767,107,0,107,0,0,0.0,5.158348925929841,5.070752950043164,11.373286043242754,3.9303386320799003,2.1973473748383756,2.8718642362119926,5.5514018691588785,2.8554537426680326,0.36432559311254376,0.0,0.0,0.0,0.0,0.0,0,0,0,0,0,0.0,0.2523364485981308,0.22137624119755062,0.22625830978346445,0.8127362150140275,0.47927833504708733,0.0,0.4776380153738644,0.08190624541427574
1972,106,99.06542056074767,107,0,107,0,0,0.0,5.1381717467097445,5.052029464359753,11.446603205579033,3.9335163220472484,2.171354109196136,2.8466270434682786,5.5514018691588785,2.8554537426680326,0.36346024898128526,0.0,0.0,0.0,0.0,0.0,0,0,0,0,0,0.0,0.2336448598130841,0.22158680623140634,0.21984994234941782,0.7953530983925758,0.48123359245936204,0.0,0.5150244584206848,0.08185072825172678
1973,107,100.0,107,0,107,0,0,0.0,5.122712162202753,5.035678749152387,11.37353123288677,3.9362297648600206,2.198454778752634,2.8932041806147004,5.5514018691588785,2.8554537426680326,0.36234669399486186,0.0,0.0,0.0,0.0,0.0,0,0,0,0,0,0.0,0.2523364485981308,0.2205966223061114,0.22540313165702133,0.7908973858593191,0.4761543517614979,0.0,0.4776380153738644,0.08181217088136805
1974,107,100.0,107,0,107,0,0,0.0,5.1808321597749005,5.091569853826896,11.97009213182754,3.940142482280638,2.148569001798219,2.8464866573731094,5.5514018691588785,2.8554537426680326,0.3673931940924886,0.0,0.0,0.0,0.0,0.0,0,0,0,0,0,0.0,0.2336448598130841,0.22657882349624628,0.21879588924472126,0.8110317034982711,0.48582105182584884,0.0,0.5150244584206849,0.08215863378724231
1975,107,100.0,107,0,106,1,0,0.0,5.139022847279477,5.050247556425351,11.474136479081833,3.942999522595062,2.1912570377024436,2.8783950404581877,5.5514018691588785,2.8554537426680326,0.36802781841394694,0.00312321873669483,0.1434784317943046,0.0,0.00312321873669483,0.014988556216415372,0,0,0,1,0,1.0,0.27102803738317754,0.22568850411273067,0.23232738792711502,0.8321066357193974,0.48190301226103727,0.0,0.4776380153738644,0.08199037795705906
1976,107,100.0,107,0,107,0,0,0.0,5.082994765182706,4.995578002750109,10.976199245416494,3.9445261303916803,2.2339303477463344,2.896648596640043,5.5514018691588785,2.8554537426680326,0.36722739206436494,0.0,0.0,0.0,0.0,0.0,0,0,0,0,0,0.0,0.2803738317757009,0.22385483022171893,0.2403628814659681,0.8265306472949407,0.480964882020615,0.0,0.4776380153738644,0.08173203333630741
1977,107,100.0,107,0,107,0,0,0.0,5.130402922323765,5.041183019113799,11.322655686109288,3.947050930726118,2.243411081850618,2.901796900900259,5.5514018691588785,2.8554537426680326,0.3688316428799685,0.0,0.0,0.0,0.0,0.0,0,0,0,0,0,0.0,0.27102803738317754,0.2261250885259708,0.24858480497990793,0.8364784530957968,0.48075746961614374,0.0,0.4776380153738644,0.08200512137483501
1978,107,100.0,107,0,107,0,0,0.0,5.118294128540425,5.027883840246412,10.931797463176425,3.9491998350343387,2.286558459333084,2.913848689500851,5.5514018691588785,2.8554537426680326,0.36517806479565285,0.0,0.0,0.0,0.0,0.0,0,0,0,0,0,0.0,0.2616822429906542,0.22152497894652753,0.2572590563640978,0.8005998667803753,0.46989545827045703,0.0,0.5150244584206848,0.08197525789016602
1979,107,100.0,107,0,107,0,0,0.0,5.101579772592956,5.00940098395531,10.790413404094107,3.9508651628446927,2.3042725114529534,2.963514231803077,5.5514018691588785,2.8554537426680326,0.36714284747872616,0.0,0.0,0.0,0.0,0.0,0,0,0,0,0,0.0,0.2803738317757009,0.22325602669005973,0.2693140891774657,0.796187348149086,0.4676643951606767,0.0,0.5150244584206848,0.0819154624430729
1980,107,100.0,107,0,107,0,0,0.0,5.114157148029804,5.023056235546949,10.60124454332062,3.9527948735038727,2.291352962027022,2.9289920942542262,5.5514018691588785,2.8554537426680326,0.36576594656731976,0.0,0.0,0.0,0.0,0.0,0,0,0,0,0,0.0,0.2803738317757009,0.2208266973690881,0.2774748437612702,0.796187348149086,0.46737365481420506,0.0,0.5150244584206848,0.08200590031787726
1981,107,100.0,107,0,107,0,0,0.0,5.087880122108857,4.998107083426008,10.864037694976297,3.9540995529694114,2.307884069654571,3.007465628146699,5.5514018691588785,2.8554537426680326,0.36732834134367276,0.0,0.0,0.0,0.0,0.0,0,0,0,0,0,0.0,0.27102803738317754,0.224111103366121,0.2660213177680572,0.802165028959055,0.4696950374578487,0.0,0.4776380153738644,0.08189314244758679
1982,107,100.0,107,0,107,0,0,0.0,5.104383861491541,5.012195796621798,11.517941192369307,3.9556888152669156,2.294442478478882,3.0123156318235176,5.5514018691588785,2.8554537426680326,0.37104917178285945,0.0,0.0,0.0,0.0,0.0,0,0,0,0,0,0.0,0.2803738317757009,0.23053354163803352,0.25580000316272905,0.8266631462521709,0.47789403532045904,0.0,0.44025157232704404,0.08199835146937766
1983,107,100.0,107,0,107,0,0,0.0,5.059964006124022,4.967819311120073,11.39844568263926,3.9562189769017664,2.360877605803843,3.0614808790838755,5.5514018691588785,2.8554537426680326,0.3685653147367456,0.0,0.0,0.0,0.0,0.0,0,0,0,0,0,0.0,0.24299065420560748,0.22926676602093926,0.2527405933168756,0.8193333446690552,0.4758086601759841,0.0,0.44025157232704404,0.08178382145266233
1984,107,100.0,107,0,107,0,0,0.0,5.11626472170097,5.022606189328829,11.607699148996105,3.9579855311878154,2.3111316604966183,3.0229102587243717,5.5514018691588785,2.8554537426680326,0.36927300903855653,0.0,0.0,0.0,0.0,0.0,0,0,0,0,0,0.0,0.2616822429906542,0.22954552588674662,0.2575004740348414,0.841173339646467,0.47513986712152195,0.0,0.44025157232704404,0.0820905466007857
1985,107,100.0,107,0,106,1,0,0.0,5.133234543190114,5.0405092869819725,12.015207633210593,3.9601106140709788,2.238684246750528,2.9079922281905968,5.5514018691588785,2.8554537426680326,0.37238582240736706,0.00097050999119323,0.1269010947253301,0.0,0.00097050999119323,0.01411837262030291,0,0,0,1,0,1.0,0.29906542056074764,0.233670305101718,0.24721960624991934,0.8170399439119884,0.48195776010746033,0.0,0.44025157232704404,0.08220573608759246
1986,107,100.0,107,0,106,1,0,0.0,5.111387828817078,5.018203923599729,11.785530202018961,3.961665480728609,2.2512703663769993,2.9540334711270675,5.5514018691588785,2.8554537426680326,0.37165118153901844,0.22863429284532977,0.16879183329445546,0.0,0.22863429284532977,0.015402159430192519,0,0,0,1,0,0.0,0.308411214953271,0.23258450897971464,0.25357075129751305,0.7897678814715002,0.47561213442719663,0.0,0.44025157232704404,0.08211870176481167
1987,107,100.0,107,0,105,2,0,0.0,5.139402733687624,5.0458193356350725,11.407838313631817,3.963806785141284,2.2435678474962035,2.8840223183732134,5.5514018691588785,2.8554537426680326,0.369691219033607,0.13361885782589575,0.17398389908651696,0.0,0.13361885782589575,-0.0546918150133755,0,0,1,1,0,0.5,0.2897196261682243,0.22781440910785666,0.2644522493841591,0.7859833944058702,0.4710476428400063,0.0,0.4776380153738644,0.08228934826766124
1988,106,99.06542056074767,107,1,104,2,0,0.009345794392523364,5.133529345162924,5.03649003716235,10.828463736012852,3.9657558186132045,2.287421198116411,2.8718581935299725,5.5514018691588785,2.8554537426680326,0.36685380303889104,0.33514920380240926,0.16380061409211327,0.3333333333333333,0.0018158705131446735,-0.02351020425336355,0,1,0,2,0,1.0,0.2616822429906542,0.22250836613659025,0.2742120200339387,0.762379936162907,0.4671514684443023,0.009345794392523364,0.5150244584206848,0.08228780819964764
1989,106,99.06542056074767,107,0,105,2,0,0.0,5.096527021907934,5.001874601909486,10.338493431737888,3.9667764680845674,2.3515394705594757,2.9674994039573197,5.5514018691588785,2.8554537426680326,0.3626741855591682,0.06647821533722124,0.14506240039496782,0.0,0.06647821533722124,-0.02279279433877146,0,0,0,2,0,0.5,0.27102803738317754,0.21708709195803688,0.27997242545816814,0.7885073029516331,0.45956821382179797,0.0,0.5150244584206848,0.08211736867013747
1990,104,97.19626168224299,107,2,104,1,0,0.018691588785046728,5.076441113893013,4.971193429443389,9.638040388931008,3.9673554399490443,2.4507368805571126,3.014499875871167,5.5514018691588785,2.8554537426680326,0.35683569137751103,0.6665382727091665,0.17774763281451614,0.6666666666666666,0.00036593530265620697,0.021476203345842066,0,2,0,1,0,1.0,0.2803738317757009,0.20879634665581479,0.28281885450564076,0.7942189934162236,0.45299661418621995,0.018691588785046728,0.4779874213836478,0.08202520526694945
1991,104,97.19626168224299,107,0,106,1,0,0.0,5.055114709587371,4.949752754367514,9.43194420788827,3.9671397607759964,2.4726342677510584,3.041613621043441,5.5514018691588785,2.8554537426680326,0.3550999466428877,0.13884219039571796,0.14066540864122537,0.0,0.13884219039571796,0.014492413245878355,0,0,0,1,0,0.0,0.2897196261682243,0.2072878509975879,0.28709769654411343,0.7977618588011428,0.44736259829825675,0.0,0.5153738644304682,0.08191549393591177
1992,104,97.19626168224299,107,0,107,0,0,0.0,5.1103060973056555,5.0007762728493645,9.864350020112756,3.9680958025964728,2.425588053426426,2.9471421038166437,5.5514018691588785,2.8554537426680326,0.3586405693272998,0.0,0.0,0.0,0.0,0.0,0,0,0,0,0,0.0,0.2523364485981308,0.2118991610671457,0.28945866958171806,0.7730473051140752,0.45249201351579454,0.0,0.5153738644304682,0.08220510054047533
1993,105,98.13084112149532,107,0,107,0,0,0.0,5.09628410051209,4.988454586578295,9.517768895366391,3.968743073043574,2.4437064189806534,2.950307921117359,5.5514018691588785,2.8554537426680326,0.35619102169172767,0.0,0.0,0.0,0.0,0.0,0,0,0,0,0,0.0,0.27102803738317754,0.20825680238699457,0.2920155744101908,0.7629854547130073,0.449044743266203,0.0,0.5153738644304682,0.08214423181061097
1994,105,98.13084112149532,107,0,107,0,0,0.0,5.073981815357552,4.965204290784025,9.367293342574737,3.9688407398293184,2.4568967280742404,2.9659827296834878,5.5514018691588785,2.8554537426680326,0.35611137644323887,0.0,0.0,0.0,0.0,0.0,0,0,0,0,0,0.0,0.2616822429906542,0.20813641431162055,0.30171783718827627,0.7594728603750589,0.445372767563315,0.0,0.5153738644304682,0.08203411479978272
1995,107,100.0,107,0,105,2,0,0.0,5.126778519107111,5.017302890857439,9.99800900878888,3.9701257389257125,2.3841543975477526,2.923468083289865,5.5514018691588785,2.8554537426680326,0.35990146055989647,0.0071638202427557795,0.13702465684422072,0.0,0.0071638202427557795,-0.003674644272108063,0,0,1,1,0,1.0,0.2616822429906542,0.21321989618821532,0.28190633675348004,0.786328710981877,0.45328980784986506,0.0,0.4779874213836478,0.08231644459592613
1996,107,100.0,107,0,106,1,0,0.0,5.10211911512713,4.992908141391563,9.553966498847537,3.9708167808380055,2.3798868368265897,2.8839598549725696,5.5514018691588785,2.8554537426680326,0.3561034852550182,0.006666639475971039,0.1331649481982606,0.0,0.006666639475971039,0.005216752391988377,0,0,0,1,0,1.0,0.2616822429906542,0.20827526665160584,0.28893995428105346,0.8088308605052839,0.4498295475630665,0.0,0.44060097833682743,0.08220301376710021
1997,107,100.0,107,0,106,1,0,0.0,5.119884166405886,5.012549520270682,9.050608501194414,3.971936770758802,2.38219997208481,2.900684518015832,5.5514018691588785,2.8554537426680326,0.35153906533102797,0.0007994317047063428,0.10721511909784631,0.0,0.0007994317047063428,-0.00603683136987021,0,0,0,1,0,1.0,0.2616822429906542,0.20095956259422207,0.29860933503343234,0.8039160362978779,0.44408277393983664,0.0,0.44060097833682743,0.08230782942054944
1998,107,100.0,107,0,104,3,0,0.0,5.113072898174412,5.005931661730146,8.95948555522311,3.9728736039739845,2.351066808774072,2.8438124658112507,5.5514018691588785,2.8554537426680326,0.35084673275123923,0.05185782983557189,0.1355565362674388,0.0,0.05185782983557189,-0.018769434286409686,0,0,0,3,0,0.6666666666666666,0.2803738317757009,0.1993797865420565,0.2931604527616077,0.8159491013890452,0.44705970413114837,0.0,0.44060097833682743,0.0822871484989448
1999,107,100.0,107,0,104,3,0,0.0,5.165899754563523,5.05906179603331,8.95810190129641,3.974997371476816,2.3298903213251254,2.8287018396002206,5.5514018691588785,2.8554537426680326,0.34969236966983264,0.051098822036959084,0.13719803212932927,0.0,0.051098822036959084,-0.02059821146022352,0,0,1,2,0,0.6666666666666666,0.2523364485981308,0.1974690328343073,0.29834196946231445,0.8152916560189036,0.4436875932959903,0.0,0.4406009783368274,0.08258160438021295
2000,105,98.13084112149532,107,2,104,1,0,0.018691588785046728,5.124754859461646,5.0185669590951125,8.398462813030939,3.9761430631285624,2.3937326130927414,2.8786296235331004,5.5514018691588785,2.8554537426680326,0.3461092709544109,0.13939676578819435,0.15635792684217195,0.0,0.13939676578819435,-0.021424005145815366,1,1,0,1,0,0.3333333333333333,0.2336448598130841,0.1931207610449598,0.3263356551457498,0.7902729767155576,0.4254810822515232,0.018691588785046728,0.4594689028651293,0.08239223725227818
