,satisfied_count,pct_satisfied,move_attempts,successful_moves,failed_searches,voluntary_stays,destination_conflicts,movement_success_rate,city_mean_income,mean_neighbor_income,mean_neighbor_income_variance,mean_rent,mean_utility,mean_value,mean_vision,rent_income_timescale_ratio,gini_coefficient,mean_qre_move_probability,mean_qre_accept_probability,mean_ne_move_probability,mean_qre_ne_move_gap,mean_delta_neighborhood_utility,move_accept_outcomes,move_reject_outcomes,stay_accept_outcomes,stay_reject_outcomes,qre_nonconvergence_count,ne_following_rate,homeless_fraction,theil_index,moran_i,spatial_entropy,neighborhood_heterogeneity,income_mobility_indicator,segregation_index,gentrification_indicator
0,0,0.0,0,0,0,0,0,0.0,0.6112367049671604,0.6118616177646197,0.05395321987978276,0.48948929421169585,0.2798508451792023,0.9779779791370045,6.394736842105263,5.849841044843197,0.22511648663156647,0.0,0.0,0.0,0.0,0.0,0,0,0,0,0,0.0,0.22807017543859648,0.08121809259198051,0.015093313163997632,0.9712125173714988,0.36278944728284257,0.0,0.10526315789473684,0.017373356346290333
1,0,0.0,114,1,104,8,1,0.008771929824561403,0.6101998104926857,0.6101726839782249,0.05392670314199624,0.48943938983705343,0.2846941203746027,0.9584623094029464,6.394736842105263,5.849841044843197,0.22604492238517016,0.10798846964731683,0.034451591746995094,0.0,0.10798846964731683,-0.00608712297563313,0,2,0,8,0,0.5,0.22807017543859648,0.08145271180227762,0.01458841256927402,0.9746195663392986,0.3618343656058749,0.008771929824561403,0.10526315789473684,0.017366712210622456
2,0,0.0,114,1,108,5,0,0.008771929824561403,0.6120497450881034,0.6119057495447294,0.054833508132681105,0.48945099458787095,0.2834842931544209,0.9779015130182465,6.394736842105263,5.849841044843197,0.22712710242649936,0.07658856358427468,0.02892292303647626,0.0,0.07658856358427468,-0.009476946475603968,0,1,0,5,0,0.5,0.2543859649122807,0.08223926004941108,0.015972462131502205,0.9761888595443314,0.36354020851296753,0.008771929824561403,0.12280701754385964,0.017376301313337783
3,0,0.0,114,0,109,5,0,0.0,0.6126302469811772,0.6124826399514175,0.05379779362548871,0.4894822981036102,0.28681907896623093,1.0232284913008003,6.394736842105263,5.849841044843197,0.22484339277299248,0.08261569294832781,0.029727984941500158,0.0,0.08261569294832781,-0.008167140608297329,0,0,0,5,0,0.6,0.24561403508771928,0.08071253875995564,0.021814357079273074,0.9606675785989471,0.35820559646150735,0.0,0.15789473684210525,0.017380119425759247
4,0,0.0,114,0,110,4,0,0.0,0.611311069961071,0.610979555332043,0.05456297517212269,0.4894414279646349,0.2885117544258832,1.031965645415096,6.394736842105263,5.849841044843197,0.22704595720608234,0.11190232066423056,0.032548746967732654,0.0,0.11190232066423056,-0.0070552747579597785,0,0,0,4,0,0.5,0.21052631578947367,0.08212981088594959,0.021354295906237962,0.9606415332072008,0.36221447467580015,0.0,0.14035087719298245,0.017372328121576287
5,112,98.24561403508773,114,0,109,5,0,0.0,0.61613604662838,0.6157999697873195,0.0551814954053909,0.4896285379304936,0.2912315716374739,1.024580838842766,6.394736842105263,5.849841044843197,0.22605621479176108,0.09624146639885929,0.03128783901060245,0.0,0.09624146639885929,-0.006872796165293893,0,0,0,5,0,0.4,0.21929824561403508,0.08081235902003323,0.01636598062717155,0.9745551437795705,0.36004755655903087,0.0,0.14035087719298245,0.017401925822703727
6,113,99.12280701754386,114,0,112,2,0,0.0,0.6126478298210781,0.6123085392393838,0.05484253827114309,0.48964130775097414,0.289002031331219,1.0311546990937852,6.394736842105263,5.849841044843197,0.22695587368398007,0.008981567584811431,0.026372469608412188,0.0,0.008981567584811431,-0.0010424249978668865,0,0,1,1,0,1.0,0.23684210526315788,0.08105313901120868,0.012769377396926554,0.970029180589299,0.36072306790886177,0.0,0.12280701754385964,0.017384858245767132
7,114,100.0,114,0,113,1,0,0.0,0.6106124732510088,0.610189024675511,0.05475700253696413,0.4895541399709277,0.29055621262614184,1.029652875627975,6.394736842105263,5.849841044843197,0.22651946888022167,0.0030771267119585662,0.025751761236346045,0.0,0.0030771267119585662,-0.007309971834338791,0,0,0,1,0,1.0,0.23684210526315788,0.08110869079078807,0.007753206924800301,0.9850061776922647,0.36135569402054474,0.0,0.08771929824561403,0.017372131874629267
8,114,100.0,114,0,112,2,0,0.0,0.6088879815213718,0.6083959445361444,0.057485903282132086,0.4893881574970889,0.2855413005119683,0.9788185333300818,6.394736842105263,5.849841044843197,0.2340314945045674,0.09621561598611926,0.02931685444256802,0.0,0.09621561598611926,-0.0030473765201798064,0,0,0,2,0,0.5,0.22807017543859648,0.08601430285189461,0.018215836402324798,0.9775945270411368,0.37131889868395535,0.0,0.12280701754385964,0.01735865456054015
9,114,100.0,114,0,113,1,0,0.0,0.6111726110349484,0.6106358555913102,0.06051913870536639,0.4893367097231502,0.2820654704117067,0.9621060971449091,6.394736842105263,5.849841044843197,0.23767338235385904,0.003333324296747474,0.02559966790140427,0.0,0.003333324296747474,-0.00715020094979163,0,0,0,1,0,1.0,0.21929824561403508,0.08824665886302102,0.012434350476350874,0.9800079391650356,0.37821151143783216,0.0,0.08771929824561403,0.01736857290160977
10,114,100.0,114,0,113,1,0,0.0,0.6094533312203873,0.6087876724232545,0.06063673003788037,0.489201778940169,0.2858839356732927,0.979941525070681,6.394736842105263,5.849841044843197,0.2390454896824794,0.003223640395376904,0.024680903393170393,0.0,0.003223640395376904,-0.006546258998205323,0,0,0,1,0,1.0,0.24561403508771928,0.08883244651342738,0.025505737235163844,0.9844901395775968,0.37650343806365516,0.0,0.03508771929824561,0.01735602988437448
11,114,100.0,114,0,113,1,0,0.0,0.6048717433132675,0.6040524523356497,0.06160883860811836,0.48885313911491407,0.28367836005333064,0.9787827709036017,6.394736842105263,5.849841044843197,0.24224495748522612,0.005886935464701574,0.025418664866434085,0.0,0.005886935464701574,-0.0026595982631384407,0,0,0,1,0,1.0,0.22807017543859648,0.09125155042078979,0.03703233622040103,0.9808580618218313,0.37977973490852335,0.0,0.07017543859649122,0.017322924507040666
12,114,100.0,114,0,111,3,0,0.0,0.6080168150678903,0.6070338519165607,0.061774916019049136,0.48866441987437154,0.283173162373104,0.9852377975098919,6.394736842105263,5.849841044843197,0.2421810438817653,0.005453780173733964,0.026898914015868778,0.0,0.005453780173733964,-0.001855217719016311,0,0,0,3,0,1.0,0.23684210526315788,0.09115805607511494,0.04643721962419442,0.9706661835262014,0.37728058496099504,0.0,0.10526315789473684,0.017333129978017392
13,114,100.0,114,0,111,3,0,0.0,0.6012539899478823,0.6003554963464548,0.05879402721412188,0.48817420186121324,0.2902790532413928,1.0157855537857468,6.394736842105263,5.849841044843197,0.23751549671622874,0.005202920523410798,0.02674862114193463,0.0,0.005202920523410798,-0.003911840380046124,0,0,1,2,0,1.0,0.22807017543859648,0.0877164098228023,0.03776183372840825,0.966594483152467,0.3736345984976936,0.0,0.10526315789473684,0.01728497736514588
14,114,100.0,114,0,112,2,0,0.0,0.6036429591624003,0.6027587703087388,0.059208934274121994,0.48782513098793057,0.2914361506710574,1.008554804012833,6.394736842105263,5.849841044843197,0.23650120358628302,0.010906581633568026,0.026545732927799093,0.0,0.010906581633568026,0.0001817095988035089,0,0,0,2,0,1.0,0.22807017543859648,0.08689268871392185,0.02883626057933674,0.9815708862690562,0.3739888552273008,0.0,0.07017543859649122,0.01728671216560803
15,114,100.0,114,0,111,3,0,0.0,0.6028705858969163,0.6018682846598923,0.05966681361129506,0.4874548066098809,0.29298302876267623,1.0145002058044612,6.394736842105263,5.849841044843197,0.2362757127903894,0.005631778727964106,0.027569256026128863,0.0,0.005631778727964106,-0.0038648814037393064,0,0,0,3,0,1.0,0.22807017543859648,0.08726907551207379,0.027719730741825335,0.9696672974136441,0.37327549888765454,0.0,0.10526315789473684,0.017272018605547505
16,114,100.0,114,0,112,2,0,0.0,0.6081562056340183,0.6073265979700841,0.0598375965495878,0.4873615877411981,0.29178387715733367,1.0024663903501443,6.394736842105263,5.849841044843197,0.23493425460903383,0.007694126941867032,0.025704033300990036,0.0,0.007694126941867032,0.0024896374169831315,0,0,0,2,0,1.0,0.22807017543859648,0.08624982296093704,0.029569859517561158,0.9776721997861969,0.3724555177000592,0.0,0.10526315789473684,0.01729572012641214
17,114,100.0,114,0,112,2,0,0.0,0.6079938631261977,0.6071830518809894,0.06257233517407186,0.4872671042537266,0.29071983699910825,0.9976573054085867,6.394736842105263,5.849841044843197,0.23802414465269894,0.03083489710294699,0.026293865319924337,0.0,0.03083489710294699,-0.005803019581193752,0,0,0,2,0,0.5,0.21929824561403508,0.0886863923994927,0.019659296143474787,0.984184837227049,0.38110016315075107,0.0,0.08771929824561403,0.017292144846957683
18,114,100.0,114,0,111,3,0,0.0,0.6126755823986101,0.6118660386425073,0.06265260379632973,0.4873973057254456,0.2920547484337531,0.9849319406251664,6.394736842105263,5.849841044843197,0.23778592556225564,0.026326898367507765,0.026868900114701468,0.0,0.026326898367507765,-0.0031562931002872365,0,0,1,2,0,0.6666666666666666,0.23684210526315788,0.08828197587461363,0.025862165058589247,0.9752515553469191,0.3794610053196925,0.0,0.08771929824561403,0.01731936173288655
19,113,99.12280701754386,114,1,109,4,0,0.008771929824561403,0.6160082319164104,0.6148691489990926,0.06148790550275529,0.48767473527438804,0.29268015568916733,0.989313146651087,6.394736842105263,5.849841044843197,0.23406633810032873,0.026907973418869958,0.027335232153431373,0.0,0.026907973418869958,-0.005019389258386364,0,1,0,4,0,0.6,0.21929824561403508,0.0857911291531215,0.05460185517839251,0.9749815990900185,0.3712757201197462,0.008771929824561403,0.05263157894736842,0.01734413957428783
20,113,99.12280701754386,114,0,112,2,0,0.0,0.6182040260610221,0.6171702084238698,0.05956368632895806,0.4880293193801156,0.2907288155730007,0.969959532502948,6.394736842105263,5.849841044843197,0.2299827349387087,0.009272279806084376,0.022665832852311458,0.0,0.009272279806084376,-0.0001386061207459821,0,0,0,2,0,1.0,0.20175438596491227,0.0826367183901816,0.053722052479579216,0.9709452699616141,0.36575863119075375,0.0,0.08771929824561403,0.017365489848288562
21,113,99.12280701754386,114,0,112,2,0,0.0,0.6213880733924689,0.6202855660879173,0.058752212490085554,0.4885089556563479,0.29422101853915267,0.9937168623692664,6.394736842105263,5.849841044843197,0.22867685131011362,0.005181346404192967,0.025578552464133805,0.0,0.005181346404192967,-0.003310963098276734,0,0,0,2,0,1.0,0.20175438596491227,0.08144133079047523,0.05964025108259673,0.9655379179769084,0.36039949891444917,0.0,0.12280701754385964,0.017395439064822292
22,112,98.24561403508773,114,1,112,1,0,0.008771929824561403,0.6233168339110069,0.6216270234481691,0.05880742341923916,0.48904938125812786,0.2956199581486343,0.979496872915063,6.394736842105263,5.849841044843197,0.22924871049374707,0.006401904801890735,0.026059407177648673,0.0,0.006401904801890735,-0.003806880298989651,0,1,0,1,0,1.0,0.21929824561403508,0.08160276295672898,0.06802449931914042,0.9884250890651773,0.35836448505207136,0.008771929824561403,0.08771929824561403,0.017420889886749863
23,112,98.24561403508773,114,0,113,1,0,0.0,0.6266817679795949,0.6249971693785096,0.06080397676450089,0.48968984257846787,0.28925194807535193,0.973960410727834,6.394736842105263,5.849841044843197,0.2307077094393335,0.013692957536254663,0.022956490321405086,0.0,0.013692957536254663,0.005328203130296749,0,0,0,1,0,1.0,0.21052631578947367,0.0828949371071657,0.05332784364791809,0.9826312475101793,0.36135205509740803,0.0,0.10526315789473684,0.0174564475416896
24,113,99.12280701754386,114,0,113,1,0,0.0,0.6255758722255063,0.6237940541676803,0.058927246511550194,0.4902365336676786,0.290163266861278,0.9805923619416624,6.394736842105263,5.849841044843197,0.22803543689064765,0.007030654745834896,0.028156809939172776,0.0,0.007030654745834896,-0.0016449029566662499,0,0,0,1,0,1.0,0.20175438596491227,0.08127036559595316,0.055506981577831155,0.987470338926857,0.3563072748586924,0.0,0.10526315789473684,0.017466908342781733
25,113,99.12280701754386,114,0,113,1,0,0.0,0.6261557575757799,0.6243985977179761,0.059717829653691,0.49077953606655544,0.2891491502378383,0.9726415257538011,6.394736842105263,5.849841044843197,0.2298560571030661,0.008173320791279004,0.027575240989574777,0.0,0.008173320791279004,-0.004209540961154168,0,0,0,1,0,1.0,0.21929824561403508,0.08280291707291164,0.05882577360157354,0.9881545687350068,0.3594720714562279,0.0,0.07017543859649122,0.01748569015813509
26,113,99.12280701754386,114,0,112,2,0,0.0,0.6306470998632967,0.6287936929665662,0.06395298849240513,0.49149645855687785,0.2853453740772372,0.9645099749477416,6.394736842105263,5.849841044843197,0.23521667131446033,0.036745077701053605,0.02581722208602659,0.0,0.036745077701053605,-0.004471782119267714,0,0,0,2,0,0.5,0.22807017543859648,0.08669010693589173,0.05687237230903111,0.9870414151199268,0.36870149151877185,0.0,0.10526315789473684,0.017529116282621972
27,114,100.0,114,0,111,3,0,0.0,0.6283642359388087,0.6265002232201748,0.062802918298244,0.49206411075344125,0.29086723550657767,0.9777786978685735,6.394736842105263,5.849841044843197,0.23384520518055085,0.09732182244723714,0.028492263765565528,0.0,0.09732182244723714,-0.006638162296056377,0,0,0,3,0,0.3333333333333333,0.21929824561403508,0.08588797749543389,0.06089377955093295,0.9788898603030238,0.365509004649418,0.0,0.12280701754385964,0.017534305338592793
28,114,100.0,114,0,112,2,0,0.0,0.6356972096557112,0.6338524998422721,0.06794973753104813,0.4929426333952741,0.2857746870811027,0.9631747555964342,6.394736842105263,5.849841044843197,0.2374426761792372,0.03645664491392031,0.025795048524503955,0.0,0.03645664491392031,-0.003033650847112754,0,0,0,2,0,0.5,0.21929824561403508,0.08910938900662645,0.04585412992732625,0.9810049403535741,0.372856085222135,0.0,0.12280701754385964,0.01759666629622239
29,114,100.0,114,0,113,1,0,0.0,0.6333715602972179,0.6313215805890374,0.07013181750834971,0.4936513200563867,0.2844058562090839,0.9654828782438045,6.394736842105263,5.849841044843197,0.24181998193851562,0.010966553136304135,0.0271695420683578,0.0,0.010966553136304135,-0.0017022826300284732,0,0,0,1,0,1.0,0.21052631578947367,0.09214643501157734,0.06192971653846225,0.9839447161546527,0.37834607793225783,0.0,0.05263157894736842,0.017605766571020472
30,113,99.12280701754386,114,1,112,1,0,0.008771929824561403,0.6313463924466132,0.6289761728631376,0.06891123831835658,0.49422701536798413,0.2866924092241767,0.9864612910890215,6.394736842105263,5.849841044843197,0.2406369588113184,0.12297314300171652,0.026691288826961743,0.0,0.12297314300171652,-0.005856985000394846,0,1,0,1,0,0.5,0.21052631578947367,0.09128681225237345,0.051312176161986085,0.9873255618064369,0.37397169946168396,0.008771929824561403,0.03508771929824561,0.017612479362082982
31,113,99.12280701754386,114,0,113,1,0,0.0,0.6314322846857355,0.629051803179443,0.07197838151477502,0.4947543450288581,0.28698537613448255,0.9822442721214746,6.394736842105263,5.849841044843197,0.243703004975667,0.015836519719323552,0.02189235128660095,0.0,0.015836519719323552,-0.0010558162010646521,0,0,0,1,0,1.0,0.20175438596491227,0.09405086379732094,0.054759917873711664,0.9907044530591591,0.3790812982720095,0.0,0.03508771929824561,0.017628332796750315
32,113,99.12280701754386,114,0,113,1,0,0.0,0.6318867478148023,0.6292571973293218,0.07297243003385943,0.4952604389278153,0.2830598833588556,0.9494430955823351,6.394736842105263,5.849841044843197,0.2450615298758101,0.011881129742354016,0.022019377039401423,0.0,0.011881129742354016,-0.007428078255016318,0,0,0,1,0,1.0,0.20175438596491227,0.09494909988843493,0.05843698566312608,0.966662260655637,0.3812419611972855,0.0,0.10526315789473684,0.017645407956708967
33,113,99.12280701754386,114,0,113,1,0,0.0,0.6356629961345507,0.6330096045124849,0.07725667590686716,0.49591253502260213,0.28026560272761314,0.9351971787371421,6.394736842105263,5.849841044843197,0.2504659129374269,0.02028744957478895,0.02722442941948272,0.0,0.02028744957478895,-0.005883335885166929,0,0,0,1,0,1.0,0.21929824561403508,0.09897682837013995,0.06084766012717728,0.9569485218197495,0.38836302521823735,0.0,0.10526315789473684,0.017683362490810043
34,113,99.12280701754386,114,0,113,1,0,0.0,0.6332430787559499,0.6303411442559601,0.0764253613475719,0.4964016039857031,0.28292650277625286,0.9440844279338948,6.394736842105263,5.849841044843197,0.24982200310912117,0.006237085744454545,0.026948108802749844,0.0,0.006237085744454545,-0.008496016706839249,0,0,0,1,0,1.0,0.21929824561403508,0.09885617193467296,0.06596394173228942,0.9733663465420468,0.3845953792870279,0.0,0.05263157894736842,0.01768556778238757
35,114,100.0,114,0,113,1,0,0.0,0.6317554861700826,0.6289802299895586,0.07360509310967969,0.49679837413479017,0.2872862897164608,0.9350654403123791,6.394736842105263,5.849841044843197,0.24659859724982147,0.006605490325081245,0.026769937187287485,0.0,0.006605490325081245,-0.009442746735943475,0,0,0,1,0,1.0,0.21929824561403508,0.09618752491625776,0.06763190815436829,0.9603522128836683,0.381063431095794,0.0,0.08771929824561403,0.017689735030975727
36,114,100.0,114,0,113,1,0,0.0,0.6361863350009341,0.633376877953789,0.0784824606340804,0.49737769139460924,0.2855706725270184,0.9281102175640581,6.394736842105263,5.849841044843197,0.25130307226821214,0.011882684127098676,0.019877470703993285,0.0,0.011882684127098676,0.002390593105290356,0,0,0,1,0,1.0,0.20175438596491227,0.10033148994857588,0.06227767267652836,0.9722274442387037,0.3888336085419746,0.0,0.10526315789473684,0.01772883384455236
37,114,100.0,114,0,113,1,0,0.0,0.6364272334912803,0.6335403800553663,0.08107449024888747,0.49793077120602136,0.2864253792789369,0.9341317513269184,6.394736842105263,5.849841044843197,0.2541717808047117,0.0060638653721047445,0.02672403835107591,0.0,0.0060638653721047445,-0.008244215946683398,0,0,0,1,0,1.0,0.21052631578947367,0.10274150602986028,0.05593804413710865,0.9701959635368185,0.3938631531980432,0.0,0.14035087719298245,0.017746215481913456
38,114,100.0,114,0,113,1,0,0.0,0.6388163142769008,0.6359039310959073,0.08360418305718975,0.49856210791072314,0.283307704042651,0.935277266089915,6.394736842105263,5.849841044843197,0.25685219763974754,0.0048138857839752835,0.023789049357572464,0.0,0.0048138857839752835,-0.008525984016255705,0,0,0,1,0,1.0,0.21052631578947367,0.10480409174021549,0.05667399191787914,0.9679852922230422,0.40082833832890175,0.0,0.14035087719298245,0.017776626982682963
39,114,100.0,114,0,113,1,0,0.0,0.6406342832720698,0.6376629034094505,0.08934627207007018,0.4992388300892341,0.28005154740266225,0.9221134055563937,6.394736842105263,5.849841044843197,0.26107564579967923,0.005946776393897112,0.026558656597013126,0.0,0.005946776393897112,-0.007675474351184652,0,0,0,1,0,1.0,0.21929824561403508,0.10911576772590739,0.05184427392449192,0.973876898510526,0.41025283690630576,0.0,0.10526315789473684,0.017805510413537853
40,114,100.0,114,0,113,1,0,0.0,0.6443427075179974,0.6412260770402617,0.08947763884034525,0.5000427170908304,0.2778647673944503,0.9225180201717798,6.394736842105263,5.849841044843197,0.2617531007108169,0.009229783849200392,0.02074887490488297,0.0,0.009229783849200392,0.0037581134767302182,0,0,0,1,0,1.0,0.22807017543859648,0.10906688790507069,0.07007244917836551,0.9691023940868173,0.40672783355114983,0.0,0.10526315789473684,0.017847565590654257
41,114,100.0,114,0,113,1,0,0.0,0.6452319012278073,0.6421558622877774,0.09358163062621451,0.5008430907478836,0.2762313477942345,0.927725264912195,6.394736842105263,5.849841044843197,0.26353058235760884,0.014725423908198934,0.02200001963348081,0.0,0.014725423908198934,0.008248296182622877,0,0,0,1,0,1.0,0.23684210526315788,0.11163137364691648,0.060902574523090246,0.9659301267190252,0.4116984495488558,0.0,0.08771929824561403,0.017875421852554516
42,114,100.0,114,0,113,1,0,0.0,0.6432985742289337,0.6402651722524676,0.09246015949008457,0.5015081619288613,0.2759483635201257,0.92838140144207,6.394736842105263,5.849841044843197,0.2647729533105001,0.012452190085201528,0.02528090530545895,0.0,0.012452190085201528,0.007288230519125638,0,0,0,1,0,1.0,0.23684210526315788,0.1117322998811,0.060265795571488985,0.9688940820854209,0.41405670750072826,0.0,0.10526315789473684,0.017885208021021275
43,114,100.0,114,0,113,1,0,0.0,0.6457758581144248,0.6427439716774673,0.09616120498894072,0.5022503321638631,0.27844993674423674,0.9397204130798377,6.394736842105263,5.849841044843197,0.2662614144528077,0.013803868005993054,0.02466988886772422,0.0,0.013803868005993054,0.007568958361046263,0,0,0,1,0,1.0,0.23684210526315788,0.11377210591966719,0.056869270159669444,0.9683207967826659,0.41831381948963936,0.0,0.08771929824561403,0.017919302329963603
44,114,100.0,114,0,114,0,0,0.0,0.6500082200609743,0.6469175307005401,0.09606897662003665,0.5031444038748453,0.2798847242354019,0.9404408757154369,6.394736842105263,5.849841044843197,0.2662973869306491,0.0,0.0,0.0,0.0,0.0,0,0,0,0,0,0.0,0.22807017543859648,0.11338900432904891,0.05120629450894019,0.9743125811211479,0.41754902880899125,0.0,0.08771929824561403,0.017966615026656033
45,114,100.0,114,0,114,0,0,0.0,0.6542037462563175,0.6510105468958821,0.1018974843507785,0.5041777217650018,0.2770066783580977,0.9307587633318156,6.394736842105263,5.849841044843197,0.26997722553902825,0.0,0.0,0.0,0.0,0.0,0,0,0,0,0,0.0,0.23684210526315788,0.117336117029329,0.049285789367059116,0.9863782049140459,0.4230773772504381,0.0,0.05263157894736842,0.01801781638466379
46,114,100.0,114,0,113,1,0,0.0,0.6530203877576974,0.6498290171431647,0.09900801035389645,0.505095298111151,0.2802274008676823,0.9335620324763555,6.394736842105263,5.849841044843197,0.2689898000275506,0.07899366952394256,0.025303626805004874,0.0,0.07899366952394256,0.0011269755839254658,0,0,0,1,0,0.0,0.2543859649122807,0.11566659713476332,0.05787985782632051,0.9858171402209195,0.41984970653604775,0.0,0.03508771929824561,0.018038737971028094
47,114,100.0,114,0,113,1,0,0.0,0.6563751875137804,0.6530961966589188,0.10024391073336716,0.5061120975462423,0.2795670450725536,0.9289567850636998,6.394736842105263,5.849841044843197,0.26879817527008565,0.07778302405228982,0.0242252436291938,0.0,0.07778302405228982,0.002992554935580094,0,0,0,1,0,0.0,0.22807017543859648,0.11576193996828621,0.05589904384467433,0.9892636396209595,0.4207758406795359,0.0,0.03508771929824561,0.018085252545157363
48,114,100.0,114,0,114,0,0,0.0,0.6545078725333888,0.6514516148662319,0.09708986718897263,0.5069924514940563,0.2830605759836443,0.9395088171556418,6.394736842105263,5.849841044843197,0.2644624613311559,0.0,0.0,0.0,0.0,0.0,0,0,0,0,0,0.0,0.21929824561403508,0.1123762341019319,0.05213307754359335,0.9801178353019258,0.41725140982437803,0.0,0.08771929824561403,0.018101665623544965
49,114,100.0,114,0,114,0,0,0.0,0.6487252445922187,0.6458184873143046,0.0929314129009879,0.5075576829291784,0.2869068930540007,0.9466421711762254,6.394736842105263,5.849841044843197,0.26175439626561947,0.0,0.0,0.0,0.0,0.0,0,0,0,0,0,0.0,0.21929824561403508,0.10976333325182615,0.04885134624156842,0.9760769379948114,0.41480319377328834,0.0,0.03508771929824561,0.018089285054084178
50,114,100.0,114,0,114,0,0,0.0,0.6524941639104593,0.6494269757058164,0.09705906002504067,0.5082587218918303,0.2817911924816514,0.9545466857475375,6.394736842105263,5.849841044843197,0.26569490110125527,0.0,0.0,0.0,0.0,0.0,0,0,0,0,0,0.0,0.21929824561403508,0.11312508745139961,0.057400406482624074,0.9810867471447244,0.41771123043997954,0.0,0.03508771929824561,0.01812863448316416
51,114,100.0,114,0,114,0,0,0.0,0.6448135315662877,0.6417421857944464,0.09095745246011222,0.5085591127939485,0.2883896010809939,0.9776646552854091,6.394736842105263,5.849841044843197,0.2616828121205519,0.0,0.0,0.0,0.0,0.0,0,0,0,0,0,0.0,0.22807017543859648,0.10926848778590649,0.05969054396857951,0.9879539506199491,0.4111406334919597,0.0,0.03508771929824561,0.018099017516586845
52,114,100.0,114,0,113,1,0,0.0,0.649816893538523,0.6465819875790805,0.09734262161542706,0.509068427874809,0.2801903947733751,0.9458130035938622,6.394736842105263,5.849841044843197,0.26730463806393545,0.07674325400443091,0.02695809110984241,0.0,0.07674325400443091,-0.0014399769458694478,0,0,1,0,0,0.0,0.21052631578947367,0.11426175790137792,0.058923753963982015,0.9812487385254451,0.42152110645388163,0.0,0.03508771929824561,0.0181389313877719
53,114,100.0,114,0,113,1,0,0.0,0.6450694785324605,0.6418975699515902,0.09172383148805792,0.5093287240449538,0.2907860753878472,0.985124963845697,6.394736842105263,5.849841044843197,0.2620089612937755,0.0879069438186802,0.02687726590754759,0.0,0.0879069438186802,-0.0017226104144067445,0,0,0,1,0,0.0,0.22807017543859648,0.10980360327696953,0.06651659125483245,0.9785367105810888,0.4137050637365268,0.0,0.03508771929824561,0.018122807768841228
54,114,100.0,114,0,113,1,0,0.0,0.646791356878337,0.6436003915722591,0.08857830539185088,0.5096534831893683,0.29812887035050245,0.9966014366319365,6.394736842105263,5.849841044843197,0.2583136618076629,0.06990919412341698,0.028629995702445833,0.0,0.06990919412341698,-0.010226490249872544,0,0,0,1,0,0.0,0.24561403508771928,0.10634178888514713,0.07155825632559892,0.9825888185274918,0.40723576307744197,0.0,0.03508771929824561,0.01814091610743403
55,114,100.0,114,0,112,2,0,0.0,0.6453783273285033,0.642328318186868,0.08635335026168842,0.5098997130232408,0.29970967981553354,0.9878795277757267,6.394736842105263,5.849841044843197,0.25559187402180705,0.03406329017363172,0.023958346816323327,0.0,0.03406329017363172,-0.006703060252719079,0,0,0,2,0,0.5,0.23684210526315788,0.10424278729385793,0.07484477587212036,0.9924908645989408,0.40355139596206746,0.0,0.03508771929824561,0.018141052986628124
56,114,100.0,114,0,114,0,0,0.0,0.6485729668234086,0.6453406348481187,0.09662889266163616,0.510272511392387,0.2897886204013423,1.0195190918014283,6.394736842105263,5.849841044843197,0.26488593874126276,0.0,0.0,0.0,0.0,0.0,0,0,0,0,0,0.0,0.24561403508771928,0.11278788246181545,0.07096035763967928,0.9868757906730841,0.42037811451435997,0.0,0.07017543859649122,0.018167930240109063
57,114,100.0,114,0,114,0,0,0.0,0.6484573437777539,0.6451001572238293,0.0932371659806811,0.5106122476025051,0.29470622149667636,1.0333484626893885,6.394736842105263,5.849841044843197,0.26316282962774906,0.0,0.0,0.0,0.0,0.0,0,0,0,0,0,0.0,0.2543859649122807,0.11064069287311164,0.08149915087294725,0.9945901447840115,0.41171668971204667,0.0,0.05263157894736842,0.01817728913901263
58,114,100.0,114,0,114,0,0,0.0,0.6543991395860114,0.6511182061322521,0.09374801129129134,0.5112137468204743,0.29347533552863214,1.0274967550325762,6.394736842105263,5.849841044843197,0.2638474427297255,0.0,0.0,0.0,0.0,0.0,0,0,0,0,0,0.0,0.23684210526315788,0.11058113006669776,0.09955088879791112,0.986280022356646,0.40846508818288796,0.0,0.05263157894736842,0.0182245914921225
59,114,100.0,114,0,114,0,0,0.0,0.6519102270189895,0.6487302737146072,0.09017505757453843,0.5116683070897541,0.2977569344330869,1.0303783379789884,6.394736842105263,5.849841044843197,0.260270743852117,0.0,0.0,0.0,0.0,0.0,0,0,0,0,0,0.0,0.23684210526315788,0.10742820435544569,0.10328938685244547,0.9862722148080242,0.40237408799026314,0.0,0.07017543859649122,0.018225442455890334
60,114,100.0,114,0,114,0,0,0.0,0.6529901045656029,0.6495553722047576,0.09395263099689817,0.5121348898659376,0.2976102634234697,1.0251736426004552,6.394736842105263,5.849841044843197,0.26346694116174385,0.0,0.0,0.0,0.0,0.0,0,0,0,0,0,0.0,0.2631578947368421,0.11061635803949131,0.11148512899494002,0.9869455213203988,0.4030418917012671,0.0,0.07017543859649122,0.018244489018998077
61,114,100.0,114,0,113,1,0,0.0,0.6530141083882084,0.6495281911858818,0.09115132854247084,0.5125729062542529,0.29593429237107466,1.0042457895650578,6.394736842105263,5.849841044843197,0.26167809921519214,0.01235776021660133,0.022787262711842515,0.0,0.01235776021660133,0.009795783092128002,0,0,0,1,0,1.0,0.2543859649122807,0.10880450802331167,0.12208448617873763,0.9835997867799899,0.4011204864968596,0.0,0.05263157894736842,0.018257420669344507
62,114,100.0,114,0,113,1,0,0.0,0.6540971957346432,0.6506306638309258,0.09612881513115593,0.5130368936979398,0.29289513661595973,0.97530379450977,6.394736842105263,5.849841044843197,0.26495487262548534,0.014823452585495531,0.020667027867436544,0.0,0.014823452585495531,0.010200236193081552,0,0,0,1,0,1.0,0.2543859649122807,0.11261993082474718,0.1231363258130344,0.9865743135248493,0.4058833357796493,0.0,0.07017543859649122,0.01827640737003854
63,114,100.0,114,0,114,0,0,0.0,0.6505993828918799,0.6471323319184338,0.09270398791038414,0.5133100211288215,0.29334624564903733,0.9913872427337106,6.394736842105263,5.849841044843197,0.2634970148496667,0.0,0.0,0.0,0.0,0.0,0,0,0,0,0,0.0,0.24561403508771928,0.11088268708918692,0.11184923036331222,0.9771094586611215,0.40574022111040814,0.0,0.08771929824561403,0.018266907066102945
64,114,100.0,114,0,113,1,0,0.0,0.6491135487056529,0.6452556302662156,0.09291873020279713,0.5134793437883143,0.30174197268070796,1.0013567941560282,6.394736842105263,5.849841044843197,0.26303929974966067,0.010297291745238012,0.02491765735876083,0.0,0.010297291745238012,0.006026652576971936,0,0,0,1,0,1.0,0.23684210526315788,0.11166435352596756,0.13079754849290326,0.9725524949980212,0.4035840430434783,0.0,0.08771929824561403,0.018264430448388422
65,114,100.0,114,0,114,0,0,0.0,0.6518718263392477,0.6480508695458236,0.09566209293348187,0.5137695749851178,0.29834522252280005,0.9894836897279335,6.394736842105263,5.849841044843197,0.2650472011203078,0.0,0.0,0.0,0.0,0.0,0,0,0,0,0,0.0,0.22807017543859648,0.11346027301601284,0.11840942048282986,0.9782866229557405,0.40895159499248324,0.0,0.08771929824561403,0.01828671086839417
66,114,100.0,114,0,114,0,0,0.0,0.652963078001243,0.649209381073594,0.0974906177721077,0.5140970449845343,0.29906924743715163,0.9732972129158274,6.394736842105263,5.849841044843197,0.26682766728314267,0.0,0.0,0.0,0.0,0.0,0,0,0,0,0,0.0,0.23684210526315788,0.11491929851138713,0.10699940397332405,0.979752951333585,0.4126186652187696,0.0,0.07017543859649122,0.01830174536392186
67,114,100.0,114,0,113,1,0,0.0,0.6577592999830092,0.654065903219701,0.09935058085942491,0.5146326375701995,0.2931028457661357,0.9525344956368006,6.394736842105263,5.849841044843197,0.2689936408436495,0.0138050164882208,0.01997480473497503,0.0,0.0138050164882208,0.007308834202887388,0,0,0,1,0,1.0,0.23684210526315788,0.11620242894622296,0.09112323059571151,0.9897806982836017,0.41912584817609144,0.0,0.07017543859649122,0.018341392131285376
68,114,100.0,114,0,113,1,0,0.0,0.6515556141272056,0.6480767810329859,0.09732423421038054,0.5148566155386317,0.29715288613665225,0.9635225928776311,6.394736842105263,5.849841044843197,0.26598252117258836,0.011335472182404964,0.019940946086788962,0.0,0.011335472182404964,0.011315425033331467,0,0,0,1,0,1.0,0.22807017543859648,0.1143026691519596,0.08061357871475644,0.982892690963055,0.41902986777117834,0.0,0.14035087719298245,0.018316924879570737
69,114,100.0,114,0,114,0,0,0.0,0.6491578523825591,0.6457397962128737,0.09289566941431644,0.5149581232341603,0.2987100916570945,0.9630127544313456,6.394736842105263,5.849841044843197,0.26384172846361076,0.0,0.0,0.0,0.0,0.0,0,0,0,0,0,0.0,0.2543859649122807,0.11163157174948081,0.08901330442606369,0.9831546110182366,0.41153338853068366,0.0,0.14035087719298245,0.018307905090265857
70,114,100.0,114,0,114,0,0,0.0,0.6505868327464408,0.6472191493097449,0.09232438102691108,0.5151229247345794,0.29641743878476123,0.9792336461740996,6.394736842105263,5.849841044843197,0.26145992654303196,0.0,0.0,0.0,0.0,0.0,0,0,0,0,0,0.0,0.23684210526315788,0.10971743044290046,0.09053974320654329,0.97408756359501,0.4088405969663768,0.0,0.17543859649122806,0.018319870304992283
71,114,100.0,114,0,114,0,0,0.0,0.6497613134494301,0.6463821993658789,0.09463701497409287,0.5152389174161115,0.2983149647415822,0.9930631717996756,6.394736842105263,5.849841044843197,0.2626599655458579,0.0,0.0,0.0,0.0,0.0,0,0,0,0,0,0.0,0.24561403508771928,0.11169973804596724,0.10173399875951526,0.9753260893803991,0.40994700898732694,0.0,0.14035087719298245,0.01831913540225387
72,114,100.0,114,0,114,0,0,0.0,0.6484870007037821,0.6453893431049842,0.08890352718364045,0.5153016602996975,0.2977197286029264,0.973036057207901,6.394736842105263,5.849841044843197,0.25726059313782623,0.0,0.0,0.0,0.0,0.0,0,0,0,0,0,0.0,0.2543859649122807,0.1064386474599309,0.10222958917194723,0.9761999929094283,0.40128884157279726,0.0,0.12280701754385964,0.018314599018003995
73,114,100.0,114,0,114,0,0,0.0,0.6486214312662478,0.6453586798741232,0.08909364123078146,0.515359297824115,0.3007727333440885,0.9807727315718457,6.394736842105263,5.849841044843197,0.25650853844684485,0.0,0.0,0.0,0.0,0.0,0,0,0,0,0,0.0,0.23684210526315788,0.10642828910773881,0.10755005012027893,0.9731961580108699,0.39831137758934587,0.0,0.12280701754385964,0.018316957022596628
74,114,100.0,114,0,114,0,0,0.0,0.6537025169248201,0.6500131753487823,0.0920119181033368,0.5156313881143376,0.294141552970182,0.9654656345523803,6.394736842105263,5.849841044843197,0.2621314238162413,0.0,0.0,0.0,0.0,0.0,0,0,0,0,0,0.0,0.24561403508771928,0.10998129622983785,0.12044967701598598,0.9772975467344956,0.40250892882646006,0.0,0.14035087719298245,0.018350320875627726
75,114,100.0,114,0,114,0,0,0.0,0.6537932496195134,0.6500050589268441,0.09603827563827037,0.5158871817168582,0.2955128679293988,0.9872393978738316,6.394736842105263,5.849841044843197,0.2639272333036875,0.0,0.0,0.0,0.0,0.0,0,0,0,0,0,0.0,0.2543859649122807,0.11268654806755114,0.11812400640156803,0.9677820599356098,0.40556484409768945,0.0,0.14035087719298245,0.018358256298676358
76,114,100.0,114,0,114,0,0,0.0,0.6567348577658022,0.652884588364966,0.09803276837806629,0.516262770116204,0.29587142942479777,0.9921163147694524,6.394736842105263,5.849841044843197,0.26432676868527394,0.0,0.0,0.0,0.0,0.0,0,0,0,0,0,0.0,0.24561403508771928,0.11335812762827299,0.12277544631171507,0.9788856071210637,0.4056974897595208,0.0,0.12280701754385964,0.018383950001580104
77,114,100.0,114,0,114,0,0,0.0,0.6543945142890105,0.6506979927061587,0.09915717329637641,0.5165140572949384,0.2940790511603738,0.9888678285966468,6.394736842105263,5.849841044843197,0.26616406804639015,0.0,0.0,0.0,0.0,0.0,0,0,0,0,0,0.0,0.2719298245614035,0.11486197254085355,0.11554210730885985,0.9681971676046279,0.41038201549825837,0.0,0.12280701754385964,0.01837959823445716
78,114,100.0,114,0,114,0,0,0.0,0.6493386127983468,0.6457379405875426,0.09595321331051801,0.5165185204414063,0.29715484744189097,0.9895849457777419,6.394736842105263,5.849841044843197,0.2642644488100043,0.0,0.0,0.0,0.0,0.0,0,0,0,0,0,0.0,0.2631578947368421,0.11313358404970203,0.10403305637355109,0.9590036605603105,0.40665230426106447,0.0,0.12280701754385964,0.018354449270490826
79,114,100.0,114,0,113,1,0,0.0,0.6528497399547875,0.6490237842146923,0.10044870874916914,0.5166764958042367,0.29520294433377253,0.9800657152372393,6.394736842105263,5.849841044843197,0.2693837301123889,0.010042927353416907,0.01920144698700897,0.0,0.010042927353416907,0.008342012800451798,0,0,0,1,0,1.0,0.2807017543859649,0.11749980867755112,0.11262134793483838,0.9390881458430964,0.41100158395517433,0.0,0.14035087719298245,0.018376625560080826
80,114,100.0,114,0,113,1,0,0.0,0.6553682252096256,0.6514881225938549,0.09671989283863389,0.5169405577618419,0.2968076906246571,0.9536293825653582,6.394736842105263,5.849841044843197,0.2658570096704038,0.0008686512963837064,0.025607535409794616,0.0,0.0008686512963837064,0.004322383146254771,0,0,0,1,0,1.0,0.23684210526315788,0.1137437020772801,0.11414281087361733,0.9493309609200926,0.40476246649081804,0.0,0.17543859649122806,0.01839694158874492
81,114,100.0,114,0,114,0,0,0.0,0.6580315408310571,0.6540507519954845,0.09874834386985204,0.5173091003119182,0.2983868024964552,1.0005782917482327,6.394736842105263,5.849841044843197,0.2648130511113209,0.0,0.0,0.0,0.0,0.0,0,0,0,0,0,0.0,0.23684210526315788,0.11431419857521351,0.12839744730839645,0.9714794633135779,0.40227240547176396,0.0,0.14035087719298245,0.018421037743533115
82,114,100.0,114,0,114,0,0,0.0,0.6579553651811049,0.6540630060976101,0.09427875270196487,0.5176566571850292,0.3051539788909733,0.9903077956445532,6.394736842105263,5.849841044843197,0.2605416884634475,0.0,0.0,0.0,0.0,0.0,0,0,0,0,0,0.0,0.22807017543859648,0.11045425329098545,0.13271740104611474,0.9648894976247703,0.3947294223132356,0.0,0.17543859649122806,0.018430822627592065
83,114,100.0,114,0,114,0,0,0.0,0.6562659722531857,0.6523313235146762,0.09048088134647365,0.5179028419907205,0.30302592076134066,0.987355214263954,6.394736842105263,5.849841044843197,0.25912674203134967,0.0,0.0,0.0,0.0,0.0,0,0,0,0,0,0.0,0.21052631578947367,0.1083439668616114,0.13608334460948207,0.9702912118202994,0.3909968133053938,0.0,0.14035087719298245,0.018429576372857217
84,114,100.0,114,0,113,1,0,0.0,0.6584166132381447,0.6543770677521978,0.08914164367343747,0.5182303636054655,0.30516164791134326,0.9911477434518857,6.394736842105263,5.849841044843197,0.25891600371311085,0.019056109269577917,0.026702514350263926,0.0,0.019056109269577917,0.0040173261948142636,0,0,0,1,0,1.0,0.20175438596491227,0.10746610039079987,0.1531797673676275,0.9831501132155689,0.3870245748002849,0.0,0.10526315789473684,0.018449909324707053
85,114,100.0,114,0,114,0,0,0.0,0.6551377712743923,0.6510185922147067,0.08982999786659149,0.5183815533419818,0.30932052458832066,0.9870828929037813,6.394736842105263,5.849841044843197,0.25853878059257096,0.0,0.0,0.0,0.0,0.0,0,0,0,0,0,0.0,0.21052631578947367,0.10820015449689775,0.16440345175366416,0.9748068945482471,0.38422808309500345,0.0,0.14035087719298245,0.018437937294519452
86,114,100.0,114,0,113,1,0,0.0,0.6534798056576917,0.6492695387017531,0.08959994817674725,0.5184420452389981,0.3105965193975994,1.0265857280437929,6.394736842105263,5.849841044843197,0.25849610822239844,0.0008969845616932927,0.026648102998501483,0.0,0.0008969845616932927,0.0032750859165546764,0,0,0,1,0,1.0,0.19298245614035087,0.10851589591227033,0.15857691267097984,0.9770506191753541,0.3853859125460314,0.0,0.14035087719298245,0.01843141680634618
87,114,100.0,114,0,113,1,0,0.0,0.6569756539519196,0.6528264221698933,0.09658850196481476,0.5186654560794234,0.30810723437942444,1.0022077295525962,6.394736842105263,5.849841044843197,0.26169605884158353,0.0007728960504435605,0.027001586915256774,0.0,0.0007728960504435605,0.003838707229862681,0,0,0,1,0,1.0,0.20175438596491227,0.11264691550683523,0.14598375736753016,0.9840840529484398,0.39364565977934807,0.0,0.12280701754385964,0.018455430637338236
88,114,100.0,114,0,113,1,0,0.0,0.660024649286138,0.6560074880774452,0.09376196332081962,0.5190246675801055,0.30935171789450067,1.0476744980432604,6.394736842105263,5.849841044843197,0.2577434208948055,0.0008453828291952896,0.027362882396762878,0.0,0.0008453828291952896,0.004829370467342109,0,0,0,1,0,1.0,0.21052631578947367,0.10892361630437525,0.14094635976983755,0.976050106177802,0.3882929457329489,0.0,0.12280701754385964,0.018481182264911675
89,114,100.0,114,0,113,1,0,0.0,0.6627252020635579,0.6584403532361224,0.10008204692151437,0.5194767207746772,0.3087584447567884,1.0356011112272772,6.394736842105263,5.849841044843197,0.2634880819315235,0.0008888265286577181,0.027385238413533457,0.0,0.0008888265286577181,0.0034604406487017125,0,0,0,1,0,1.0,0.22807017543859648,0.11462177487002234,0.1492899110177147,0.9781447238956462,0.3956642989928936,0.0,0.12280701754385964,0.01850790722545907
90,114,100.0,114,0,113,1,0,0.0,0.6594129569175659,0.6552170577559975,0.10080771319391633,0.5197514834463342,0.3124658023770907,1.0486295071486176,6.394736842105263,5.849841044843197,0.2639740905212642,0.0012370053128227918,0.025758531354410086,0.0,0.0012370053128227918,0.003540229867356026,0,0,0,1,0,1.0,0.21929824561403508,0.11563314300640917,0.1445500534961317,0.9701533144995638,0.3978162673754434,0.0,0.12280701754385964,0.018499382589500353
91,114,100.0,114,0,114,0,0,0.0,0.6601150080223812,0.6560486968566673,0.09897039161496815,0.5200490925908133,0.31771476892300937,1.0653645512222352,6.394736842105263,5.849841044843197,0.261202121267581,0.0,0.0,0.0,0.0,0.0,0,0,0,0,0,0.0,0.21929824561403508,0.11328430914752619,0.14349668896438536,0.9555146453090829,0.39424797899203606,0.0,0.17543859649122806,0.018511597675967908
92,114,100.0,114,0,113,1,0,0.0,0.658755569418038,0.6546749688433318,0.10198326070661574,0.5202650033492706,0.31258846418325165,1.0397929688905903,6.394736842105263,5.849841044843197,0.266432332824849,0.0016566335919669317,0.025939116525318863,0.0,0.0016566335919669317,0.004074425998027487,0,0,0,1,0,1.0,0.21929824561403508,0.11722684760186787,0.1319777631251066,0.9626123490476863,0.40670246863057224,0.0,0.15789473684210525,0.018511115701030423
93,114,100.0,114,0,113,1,0,0.0,0.6575135230710741,0.6533685210454123,0.10398253657575295,0.5204071435759497,0.31349254505691554,1.0482808718148249,6.394736842105263,5.849841044843197,0.267550548955267,0.009253476544268528,0.022865556397873646,0.0,0.009253476544268528,-0.005735329597049116,0,0,0,1,0,1.0,0.24561403508771928,0.11888423376637372,0.13819205173699134,0.9570853322983095,0.4074102382188794,0.0,0.17543859649122806,0.01850906295795636
94,114,100.0,114,0,112,2,0,0.0,0.6636031132395406,0.6593708709475568,0.1137254855917751,0.5208218711678919,0.30818921929274723,1.0336620725358165,6.394736842105263,5.849841044843197,0.27406986376132325,0.008904303714129537,0.0254977005612839,0.0,0.008904303714129537,0.002654234038217962,0,0,0,2,0,1.0,0.22807017543859648,0.12527798995244288,0.12025179594348588,0.9605397569103251,0.41947368445907773,0.0,0.15789473684210525,0.018551641361247553
95,114,100.0,114,0,112,2,0,0.0,0.6693089214173101,0.6650163832653878,0.11846713843761002,0.5214765406523446,0.30463556369033534,1.0185420800335299,6.394736842105263,5.849841044843197,0.27668722391852185,0.010539899580487866,0.025296993780148373,0.0,0.010539899580487866,0.002755629543206961,0,0,0,2,0,1.0,0.20175438596491227,0.1282187088740268,0.12968787285993894,0.9620963320372411,0.4222136636885274,0.0,0.15789473684210525,0.018599318964241187
96,114,100.0,114,0,113,1,0,0.0,0.6709988895612398,0.6664492459304326,0.1212117081728576,0.5221599691632245,0.3023701783749722,1.0203289866240493,6.394736842105263,5.849841044843197,0.27722934878942285,0.0008250409838307059,0.024981723191649444,0.0,0.0008250409838307059,0.001636404063989516,0,0,0,1,0,1.0,0.24561403508771928,0.1296432123332063,0.13449506187270666,0.9636463795252888,0.4205085918372662,0.0,0.15789473684210525,0.018627758545731645
97,114,100.0,114,0,112,2,0,0.0,0.6715361511359438,0.6671322143096932,0.1220961354944866,0.5228353802442214,0.29954437182482924,1.0246514960590136,6.394736842105263,5.849841044843197,0.2786986775123228,0.009363991353894721,0.025579565807769357,0.0,0.009363991353894721,0.003063943795556162,0,0,0,2,0,1.0,0.23684210526315788,0.1305314657737612,0.1311924426838998,0.9808920058771364,0.4243017677896636,0.0,0.12280701754385964,0.01865020009092395
98,114,100.0,114,0,111,3,0,0.0,0.6725311892594137,0.6684098854388304,0.11296465444174264,0.5235310742346849,0.3043285221524985,1.0108209495283826,6.394736842105263,5.849841044843197,0.2707737751786825,0.010395817442227152,0.023923348876521772,0.0,0.010395817442227152,0.0022322879600684686,0,0,0,3,0,1.0,0.2543859649122807,0.1221491413788925,0.13916368225588316,0.9785405882568543,0.4131910745011041,0.0,0.10526315789473684,0.01867552377784162
99,114,100.0,114,0,112,2,0,0.0,0.6709967536843349,0.6669362735560268,0.11057261632230164,0.5241171080703383,0.30560808361353037,1.0248901733623585,6.394736842105263,5.849841044843197,0.26948018768780213,0.003246293464460142,0.025773223947225143,0.0,0.003246293464460142,-0.0038598280892183923,0,0,0,2,0,1.0,0.22807017543859648,0.12058624260850401,0.13200916579639027,0.9872455014854693,0.41159397230390643,0.0,0.10526315789473684,0.018684992623893587
100,113,99.12280701754386,114,1,111,2,0,0.008771929824561403,0.6688679757068103,0.6651654549027507,0.1083004525207813,0.5245805221596457,0.31031666574713224,1.0240107752034135,6.394736842105263,5.849841044843197,0.26838593805374344,0.06249948931180751,0.023207164948534698,0.0,0.06249948931180751,-0.0012614341120814332,0,1,0,2,0,0.6666666666666666,0.2543859649122807,0.1194403397650422,0.13479641297021996,0.9805630082247412,0.40893629597534725,0.008771929824561403,0.10526315789473684,0.01868790322780791
101,113,99.12280701754386,114,1,111,2,0,0.008771929824561403,0.6674907142063006,0.6637358886248447,0.10776356461183095,0.5249638468288124,0.30774266927483335,1.032258050019803,6.394736842105263,5.849841044843197,0.2671668777054548,0.06343861492918153,0.02536805830901695,0.0,0.06343861492918153,-0.0024164841732699782,0,1,0,2,0,0.6666666666666666,0.22807017543859648,0.11890796395345019,0.12706156498071483,0.987794587956814,0.4090095306035201,0.008771929824561403,0.10526315789473684,0.018692228862221324
102,113,99.12280701754386,114,0,113,1,0,0.0,0.6612614442667877,0.6575892252954124,0.10028663318492895,0.5250286357726706,0.31242659746587254,1.0234317323601734,6.394736842105263,5.849841044843197,0.2634481669836335,0.01058874574843328,0.025016181722910164,0.0,0.01058874574843328,-0.01023210114260592,0,0,0,1,0,1.0,0.2543859649122807,0.11411925633587194,0.12165973476286415,0.9725711827458811,0.4018105856138543,0.0,0.07017543859649122,0.018662977537638927
103,113,99.12280701754386,114,0,112,2,0,0.0,0.6644518329549849,0.6607657463763197,0.10486960502337063,0.5252382918134898,0.3086614659296706,1.0390662642877302,6.394736842105263,5.849841044843197,0.2670010695087246,0.014730841711289227,0.023568525515123614,0.0,0.014730841711289227,0.000944041945587934,0,0,0,2,0,1.0,0.24561403508771928,0.11733553469091744,0.11055281549108525,0.9800567584387565,0.4082704575139042,0.0,0.07017543859649122,0.01868506175364433
104,113,99.12280701754386,114,0,114,0,0,0.0,0.664892529246412,0.6615281306459477,0.10785099329204116,0.5254713619235194,0.30912017108664513,1.04859428420446,6.394736842105263,5.849841044843197,0.2664037787175433,0.0,0.0,0.0,0.0,0.0,0,0,0,0,0,0.0,0.24561403508771928,0.11811577680521965,0.10488489660658981,0.9916558650377544,0.4106928439250808,0.0,0.07017543859649122,0.018694082350581353
105,113,99.12280701754386,114,0,114,0,0,0.0,0.6617475809846339,0.6583848303984672,0.10973213808130372,0.5255436953481575,0.3062219263780179,1.0322947419300006,6.394736842105263,5.849841044843197,0.26923624251252587,0.0,0.0,0.0,0.0,0.0,0,0,0,0,0,0.0,0.24561403508771928,0.12087876260961575,0.10189689936956108,0.9822719467988413,0.41556024610284265,0.0,0.07017543859649122,0.01868047330445427
106,114,100.0,114,0,114,0,0,0.0,0.654841897561478,0.651842152565926,0.10362077131500941,0.525305608379808,0.30581000755863363,1.035752777630799,6.394736842105263,5.849841044843197,0.2679128948917975,0.0,0.0,0.0,0.0,0.0,0,0,0,0,0,0.0,0.2543859649122807,0.11792131365654185,0.09904936209379193,0.9894067192291245,0.41303636389174314,0.0,0.10526315789473684,0.018638981032740025
107,114,100.0,114,0,114,0,0,0.0,0.654993127012293,0.6519586653463519,0.10594340986621412,0.525086901770617,0.30260825536577607,1.0300192743147945,6.394736842105263,5.849841044843197,0.2699844502955191,0.0,0.0,0.0,0.0,0.0,0,0,0,0,0,0.0,0.2631578947368421,0.11997976803252511,0.09913957424168234,0.9852579701008256,0.4180134024336171,0.0,0.08771929824561403,0.018633340185497983
108,114,100.0,114,0,113,1,0,0.0,0.6597924384188668,0.6568710827006559,0.10689393754018187,0.5251108840357671,0.29920921541704876,1.0152442041769543,6.394736842105263,5.849841044843197,0.26985815476058006,0.07074864768730982,0.02270250275373511,0.0,0.07074864768730982,-0.0044798311480876984,0,0,0,1,0,0.0,0.24561403508771928,0.11949355693856205,0.08903701287273855,0.9840728209014241,0.4184188950873503,0.0,0.14035087719298245,0.018658038204725967
109,114,100.0,114,0,113,1,0,0.0,0.6613876314587148,0.6585863627530234,0.10804073833736141,0.5252137363017568,0.2997990509440216,1.0111890489718338,6.394736842105263,5.849841044843197,0.269893708934285,0.08053420898996017,0.022061569683068806,0.0,0.08053420898996017,-0.005832560582179458,0,0,0,1,0,0.0,0.23684210526315788,0.119530515447557,0.07975869267375994,0.9840112415741415,0.4212181043672893,0.0,0.14035087719298245,0.018669022516960915
110,114,100.0,114,0,113,1,0,0.0,0.6603244023147326,0.6576319543589827,0.105740034872487,0.5252659067744992,0.30344343148167924,1.02508476717004,6.394736842105263,5.849841044843197,0.26950561619589375,0.08202674980615296,0.028954678109814724,0.0,0.08202674980615296,-0.005902413555162411,0,0,0,1,0,0.0,0.22807017543859648,0.11848901576000476,0.08254143761757891,0.9854132367470683,0.42093605272399043,0.0,0.14035087719298245,0.018665232316104893
111,114,100.0,114,0,112,2,0,0.0,0.6646927042434103,0.6619798743480972,0.10814330450314233,0.5255185024840099,0.3023142486258504,1.0282719517228995,6.394736842105263,5.849841044843197,0.2693611838179433,0.11731618464685888,0.025633959264268966,0.0,0.11731618464685888,0.005442899250592284,0,0,0,2,0,0.0,0.21929824561403508,0.11898845591638375,0.08329948792123766,0.9785708467085634,0.42239392948218263,0.0,0.10526315789473684,0.018694462049494515
112,114,100.0,114,0,110,4,0,0.0,0.6625972506010435,0.6599720011947715,0.10463517170285092,0.5256623558357467,0.30265394585568994,1.0007742499335588,6.394736842105263,5.849841044843197,0.2669069482607862,0.06336600369354485,0.02713079668942592,0.0,0.06336600369354485,-0.0003887685853301917,0,0,0,4,0,0.5,0.24561403508771928,0.11630662989538608,0.07021060089218381,0.9804639162249573,0.42377752553027304,0.0,0.14035087719298245,0.018688192377489823
113,114,100.0,114,0,109,5,0,0.0,0.6639750974954056,0.6611717909070932,0.1087446709213363,0.5258539426279039,0.29787391334723534,0.9639125161893795,6.394736842105263,5.849841044843197,0.2678480519504085,0.05270250467513073,0.026903335549731688,0.0,0.05270250467513073,0.00011565376844233644,0,0,0,5,0,0.6,0.22807017543859648,0.11870124202393294,0.06337460406082517,0.9881064716883898,0.42590526965211895,0.0,0.10526315789473684,0.01870068537336369
114,112,98.24561403508773,114,2,108,4,0,0.017543859649122806,0.666138849572168,0.6630507932211074,0.1075008135480562,0.5261410272101512,0.29542964970727176,0.9705533564016785,6.394736842105263,5.849841044843197,0.2671868292754953,0.07213861196850004,0.026264714986857576,0.0,0.07213861196850004,-0.0008968972325014979,1,1,0,4,0,0.5,0.2543859649122807,0.11730107789586759,0.05982241692986669,0.9857433402840082,0.4261510366069412,0.017543859649122806,0.14035087719298245,0.01871990112961036
115,112,98.24561403508773,114,0,112,2,0,0.0,0.6584549845151133,0.6556381299004138,0.103869752965128,0.5260456441894975,0.3034069927406442,1.0013729883201696,6.394736842105263,5.849841044843197,0.2639675180156682,0.06811944519187163,0.025355392438466004,0.0,0.06811944519187163,-0.004379953106649306,0,0,0,2,0,0.5,0.2631578947368421,0.11496224079061533,0.04803048853227605,0.9851822755908817,0.42252213742211975,0.0,0.08771929824561403,0.01867869192677908
116,112,98.24561403508773,114,0,112,2,0,0.0,0.658215666093881,0.65516716830176,0.1084946808277502,0.5259338005200132,0.3021996124602348,0.97899380338776,6.394736842105263,5.849841044843197,0.26887642344543705,0.06751826483919536,0.02735681071018817,0.0,0.06751826483919536,-0.008930838255644058,0,0,0,2,0,0.5,0.2894736842105263,0.11974987019958572,0.049730019362974436,0.9740456671290376,0.43022376342404156,0.0,0.12280701754385964,0.018674223996231143
117,112,98.24561403508773,114,0,113,1,0,0.0,0.6593228305444039,0.6562130731859278,0.10890266018636656,0.5258774465459756,0.30179606248386937,0.9737559373575463,6.394736842105263,5.849841044843197,0.2694481755292195,0.11829498753247197,0.029332428652532855,0.0,0.11829498753247197,-0.006886888778264044,0,0,0,1,0,0.0,0.2807017543859649,0.12002523626284395,0.05352655309520179,0.9795837696774831,0.43151086764609137,0.0,0.10526315789473684,0.01867811150953193
118,111,97.36842105263158,114,1,112,1,0,0.008771929824561403,0.6578021412373968,0.654844343399677,0.10981942193720211,0.5257585230322703,0.30902688150529334,1.0074556240354857,6.394736842105263,5.849841044843197,0.2658073472832252,0.06672922350460445,0.02689431277492383,0.0,0.06672922350460445,-0.007455260476833203,0,1,0,1,0,0.5,0.2719298245614035,0.11904544960793757,0.05196604768395026,0.9862151395397993,0.4267638537671321,0.008771929824561403,0.07017543859649122,0.01866702964473855
119,113,99.12280701754386,114,0,112,2,0,0.0,0.6516749900126012,0.6487689807159963,0.10475934021828712,0.5253640484512754,0.31209177418911266,1.013539294707691,6.394736842105263,5.849841044843197,0.26273616791900034,0.020181120149616993,0.026100145666167626,0.0,0.020181120149616993,-0.004305976704527079,0,0,0,2,0,1.0,0.2719298245614035,0.11628856883124547,0.05334049645740672,0.9902894041668593,0.4223098732259731,0.0,0.08771929824561403,0.01862485582063931
120,113,99.12280701754386,114,0,112,2,0,0.0,0.6517270932067063,0.6486557910001938,0.10732138379091685,0.524987352871468,0.3118988040847578,1.017785658515488,6.394736842105263,5.849841044843197,0.2646637813573782,0.021359981662484873,0.02764459462252271,0.0,0.021359981662484873,-0.002108831761927138,0,0,0,2,0,1.0,0.2719298245614035,0.11866986198549857,0.06238349922588198,0.9807036507706219,0.42189293127845173,0.0,0.14035087719298245,0.018614098290288997
121,113,99.12280701754386,114,0,112,2,0,0.0,0.6535036424973734,0.6503633275977356,0.11106474331675467,0.5247126039256933,0.3128346714450913,1.0169334523524787,6.394736842105263,5.849841044843197,0.2673324877171761,0.013108123883405596,0.02567427160275186,0.0,0.013108123883405596,0.0006265013811123793,0,0,0,2,0,1.0,0.2543859649122807,0.12157329664512342,0.06364089756399133,0.9841152238542346,0.42528364212674585,0.0,0.14035087719298245,0.018614944848442228
122,113,99.12280701754386,114,0,112,2,0,0.0,0.6576528144909088,0.6543943446355378,0.11466617582764357,0.5246425738278805,0.30884563069088083,0.9667001402843539,6.394736842105263,5.849841044843197,0.2686161313573836,0.023949514331358127,0.023465404832399474,0.0,0.023949514331358127,0.001226707815643019,0,0,0,2,0,1.0,0.2631578947368421,0.12328634479476544,0.06838028213955048,0.991366519247695,0.4260410081586396,0.0,0.08771929824561403,0.018633642383707107
123,114,100.0,114,0,112,2,0,0.0,0.6565519456625578,0.6534784234412392,0.11626895595244513,0.5245337764323033,0.3065767088665998,0.9609873841203628,6.394736842105263,5.849841044843197,0.270504759707624,0.023676522760808515,0.023832122204904233,0.0,0.023676522760808515,0.002243665014506166,0,0,0,2,0,1.0,0.2719298245614035,0.12510532055085125,0.06524489208889987,0.97648545524141,0.43087921574012394,0.0,0.15789473684210525,0.018624955802214255
124,114,100.0,114,0,111,3,0,0.0,0.658480554104516,0.655348022484277,0.11797453875787174,0.5245188383691831,0.30107193757777534,0.947411079870257,6.394736842105263,5.849841044843197,0.27257252848862135,0.049920814255220165,0.027272453391826906,0.0,0.049920814255220165,-0.002591182475449668,0,0,0,3,0,0.6666666666666666,0.2982456140350877,0.1264362702142678,0.07421248916809838,0.9842073775910785,0.43275761384208355,0.0,0.12280701754385964,0.01863416191795019
125,114,100.0,114,0,110,4,0,0.0,0.661128228315173,0.6578296806880605,0.12318971705122297,0.5246209126071687,0.29956644227911206,0.9717093462566977,6.394736842105263,5.849841044843197,0.27484338853397183,0.0412800858186477,0.022681390694030374,0.0,0.0412800858186477,0.0012118809387428112,0,0,0,4,0,0.75,0.30701754385964913,0.12966322327364588,0.08728952491197178,0.9705627646629185,0.4345990481296904,0.0,0.17543859649122806,0.01865038587933842
126,114,100.0,114,0,113,1,0,0.0,0.6676205083385017,0.6641683073332807,0.12919879808273313,0.5250136553310216,0.29654286917573935,0.954605904647829,6.394736842105263,5.849841044843197,0.2771767521714006,0.017333029531868698,0.02752166412622872,0.0,0.017333029531868698,-0.0001839440402595094,0,0,0,1,0,1.0,0.2807017543859649,0.1324067211652985,0.08727196578515985,0.9745269221566427,0.4369909129029103,0.0,0.17543859649122806,0.018694334691985358
127,113,99.12280701754386,114,1,112,1,0,0.008771929824561403,0.669885155624487,0.6674056754277811,0.13581800504498356,0.5254937663792059,0.28987425766131114,0.951586987106609,6.394736842105263,5.849841044843197,0.280528630134913,0.16965236462761066,0.027873906927542443,0.0,0.16965236462761066,0.007210526053906929,0,1,0,1,0,0.5,0.2631578947368421,0.13589825023291408,0.08758793150111223,0.9712628518272435,0.4386100711916987,0.008771929824561403,0.19298245614035087,0.018719700794994038
128,113,99.12280701754386,114,0,107,7,0,0.0,0.6715988876830206,0.6689974856727109,0.14462350410126326,0.5260614479501436,0.2862199337613841,0.942587765647966,6.394736842105263,5.849841044843197,0.28359405380148894,0.08623350023590352,0.031404214305323024,0.0,0.08623350023590352,-0.0034885907112188357,0,0,1,6,0,0.7142857142857143,0.2543859649122807,0.14088413080114884,0.07700831753016812,0.9619566155206785,0.44554056650023166,0.0,0.17543859649122806,0.018744873690057073
129,112,98.24561403508773,114,1,107,6,0,0.008771929824561403,0.6705021336500894,0.6673086647145219,0.13927532505824242,0.526539380519233,0.2895011688114572,0.9427479136472174,6.394736842105263,5.849841044843197,0.28344116476379555,0.08579044381029692,0.030499406462261902,0.0,0.08579044381029692,-0.00374179159694452,0,1,0,6,0,0.7142857142857143,0.24561403508771928,0.13987138154069143,0.0964710619279276,0.9725778683240923,0.4427515319955608,0.008771929824561403,0.17543859649122806,0.018753369067689044
130,111,97.36842105263158,114,1,110,2,1,0.008771929824561403,0.6691712923765337,0.6645641594925549,0.14030596024851505,0.5268955764524126,0.29403179844136523,0.949804438721824,6.394736842105263,5.849841044843197,0.28459450143362064,0.06796939399585684,0.03734166280744981,0.0,0.06796939399585684,-0.005485389431868479,0,2,1,1,0,0.5,0.2631578947368421,0.14127771230486866,0.09719693083223263,0.9794141294643736,0.4422219786879113,0.008771929824561403,0.17543859649122806,0.018757133309270868
131,111,97.36842105263158,114,0,113,1,0,0.0,0.6726030908341313,0.6680090166268927,0.13859713494860423,0.5273349952679509,0.29211578203246086,0.9350535236508141,6.394736842105263,5.849841044843197,0.2847578820526979,0.0008096879999386802,0.029443336761153814,0.0,0.0008096879999386802,-0.013681718615968397,0,0,0,1,0,1.0,0.2631578947368421,0.13981700512314707,0.09343253712803377,0.96054877726006,0.4445053734191794,0.0,0.21052631578947367,0.018787144952673918
132,112,98.24561403508773,114,0,114,0,0,0.0,0.6733839984285633,0.6688768320427233,0.1304378185549515,0.52778932143917,0.28969114561459824,0.9353972904208624,6.394736842105263,5.849841044843197,0.28438765287032686,0.0,0.0,0.0,0.0,0.0,0,0,0,0,0,0.0,0.2631578947368421,0.13557638093462002,0.09493480637950755,0.9733130217674054,0.4415580120806112,0.0,0.14035087719298245,0.018804338170066798
133,112,98.24561403508773,114,0,114,0,0,0.0,0.6746785650613478,0.6702791952946289,0.12932952521056612,0.5282826990684341,0.2898856465969677,0.9703147906333982,6.394736842105263,5.849841044843197,0.2820905867175738,0.0,0.0,0.0,0.0,0.0,0,0,0,0,0,0.0,0.2719298245614035,0.1334152385987722,0.08825557463787594,0.9706454588351037,0.43806312298426264,0.0,0.17543859649122806,0.018825241906762102
134,113,99.12280701754386,114,0,114,0,0,0.0,0.6727500434942262,0.6682827856546483,0.12903423633129132,0.528653785458201,0.2922573876185851,0.969566367811252,6.394736842105263,5.849841044843197,0.28083385288607654,0.0,0.0,0.0,0.0,0.0,0,0,0,0,0,0.0,0.2719298245614035,0.13298620061104507,0.09567876617997155,0.9819428181916247,0.436040783074543,0.0,0.14035087719298245,0.018826453280896698
135,114,100.0,114,0,114,0,0,0.0,0.6742413808749584,0.6696947971327963,0.13357065669939994,0.5290692442256327,0.29481944614653915,0.9782219613503876,6.394736842105263,5.849841044843197,0.2800091200667907,0.0,0.0,0.0,0.0,0.0,0,0,0,0,0,0.0,0.2631578947368421,0.13452071699454257,0.10093012763427944,0.9733485466646805,0.43458669448783277,0.0,0.14035087719298245,0.018846061806551174
136,114,100.0,114,0,113,1,0,0.0,0.6763994483634165,0.6718326584407269,0.13869911316557534,0.5295604485061813,0.296864497326972,0.9934331872609342,6.394736842105263,5.849841044843197,0.27839256633018294,0.0008097937711736613,0.02773888813086173,0.0,0.0008097937711736613,-0.011774430375326217,0,0,0,1,0,1.0,0.2719298245614035,0.13504976461209922,0.09027901319882176,0.9749653741851712,0.4349229743334219,0.0,0.17543859649122806,0.018871219478802242
137,114,100.0,114,0,114,0,0,0.0,0.6758015688921507,0.6713569095565651,0.13709136764100607,0.5300006536743157,0.295358113241693,1.004798126635549,6.394736842105263,5.849841044843197,0.2788254027473702,0.0,0.0,0.0,0.0,0.0,0,0,0,0,0,0.0,0.2807017543859649,0.1344063491912875,0.08288276655879635,0.9795593633170366,0.4352784972244721,0.0,0.15789473684210525,0.018881105732749436
138,114,100.0,114,0,113,1,0,0.0,0.6785520801485098,0.6738845075565831,0.14235287938245958,0.530533395912046,0.29273786084911757,0.9918087399710795,6.394736842105263,5.849841044843197,0.2811226298455429,0.002892909119719301,0.028230513163827277,0.0,0.002892909119719301,0.0033367085200727287,0,0,0,1,0,1.0,0.2631578947368421,0.13757559129061062,0.0899036506910971,0.9767504772318104,0.43715790540598765,0.0,0.19298245614035087,0.018910440576074213
139,114,100.0,114,0,114,0,0,0.0,0.6788876549466355,0.674390812621112,0.1425737274855692,0.5310586680088717,0.29215491293840945,1.0094821163013057,6.394736842105263,5.849841044843197,0.28154483320801704,0.0,0.0,0.0,0.0,0.0,0,0,0,0,0,0.0,0.2543859649122807,0.1374445209248913,0.0842475303440109,0.9675136030559013,0.4392557167517745,0.0,0.19298245614035087,0.01892748224142345
140,114,100.0,114,0,114,0,0,0.0,0.6853147996450786,0.6807358969226448,0.15280440395829709,0.531850154399621,0.2886827081633518,0.956344681574107,6.394736842105263,5.849841044843197,0.28600724631722274,0.0,0.0,0.0,0.0,0.0,0,0,0,0,0,0.0,0.2719298245614035,0.14255563274129193,0.08020279627922419,0.9612383819660661,0.44832150321289616,0.0,0.21052631578947367,0.018982768312790867
141,114,100.0,114,0,112,2,0,0.0,0.6818303123096119,0.6772390216510452,0.15129495307061214,0.53243169077868,0.294504916745286,0.9678238951961171,6.394736842105263,5.849841044843197,0.2860592658813108,0.0014477191853407363,0.028054110452096388,0.0,0.0014477191853407363,-0.005200788283553581,0,0,0,2,0,1.0,0.2894736842105263,0.1421063213758096,0.08961440578561193,0.9569127582606514,0.4454191764542942,0.0,0.17543859649122806,0.018982355353009978
142,114,100.0,114,0,113,1,0,0.0,0.6813373674696647,0.6767966561783876,0.14425197828447034,0.5329585060623558,0.2988677351498738,0.9819497357292976,6.394736842105263,5.849841044843197,0.2832873059338463,0.0008998773281142863,0.02840683937918569,0.0,0.0008998773281142863,-0.009610824376580507,0,0,0,1,0,1.0,0.2807017543859649,0.13820750733979728,0.09579453097817815,0.9608102561608624,0.43813215982139514,0.0,0.17543859649122806,0.01899529955715773
143,114,100.0,114,0,114,0,0,0.0,0.6784500375346663,0.6737752618778726,0.14678652981069415,0.5333131060782024,0.2989400847511947,0.9854967435676257,6.394736842105263,5.849841044843197,0.28413182573092066,0.0,0.0,0.0,0.0,0.0,0,0,0,0,0,0.0,0.2719298245614035,0.14019999538724784,0.09913448563276242,0.9523301064560183,0.43793374546866315,0.0,0.17543859649122806,0.01899123467611874
144,114,100.0,114,0,114,0,0,0.0,0.6767083064757384,0.6721741656445703,0.13610617034994296,0.5335720332890781,0.3025628349695389,0.9783768020270956,6.394736842105263,5.849841044843197,0.281011729016025,0.0,0.0,0.0,0.0,0.0,0,0,0,0,0,0.0,0.2543859649122807,0.13450738506662982,0.10348848001213112,0.957147427785255,0.43431164937718486,0.0,0.21052631578947367,0.01899009943595314
145,114,100.0,114,0,113,1,0,0.0,0.6816500841668457,0.6769108960662681,0.14650167185762566,0.5340374866300096,0.3044790946058445,0.9790571741509662,6.394736842105263,5.849841044843197,0.2833875545775735,0.0009805313616478933,0.029801738740922172,0.0,0.0009805313616478933,-0.011382174970407166,0,0,0,1,0,1.0,0.24561403508771928,0.13933718023434952,0.10755137628497202,0.9553152736797541,0.4345599370874958,0.0,0.21052631578947367,0.01902842246469988
146,114,100.0,114,0,113,1,0,0.0,0.6869688122558804,0.6821103339749438,0.15533682758653344,0.5347190387726649,0.3003648353368921,0.9597562592467451,6.394736842105263,5.849841044843197,0.2880760025509106,0.0010758673631730423,0.029841237559584212,0.0,0.0010758673631730423,-0.014203700489656357,0,0,0,1,0,1.0,0.2543859649122807,0.1444059076657774,0.1040596121008202,0.9569772905549607,0.442326445079963,0.0,0.21052631578947367,0.01907495096363658
147,114,100.0,114,0,114,0,0,0.0,0.6873375294921094,0.6823538281387707,0.15822074659866117,0.535372116415567,0.30052399042390376,0.9604677272395532,6.394736842105263,5.849841044843197,0.29163292685518116,0.0,0.0,0.0,0.0,0.0,0,0,0,0,0,0.0,0.2543859649122807,0.14754525043617034,0.10883437811265449,0.9448335529571108,0.44575995703406385,0.0,0.10526315789473684,0.01909589655182232
148,114,100.0,114,0,113,1,0,0.0,0.6869358450565827,0.6820981318667759,0.15799196745029284,0.5359750237940846,0.29607562167774343,0.9662488264274962,6.394736842105263,5.849841044843197,0.29425730035586795,0.001055488354947526,0.026908322403453262,0.0,0.001055488354947526,-0.01285208320783654,0,0,0,1,0,1.0,0.24561403508771928,0.14880636166124608,0.11135000918981765,0.9456375029431499,0.4504141029176095,0.0,0.17543859649122806,0.01911152269129014
149,114,100.0,114,0,113,1,0,0.0,0.6872810206582677,0.6823608370633186,0.16003117266860295,0.5365549563184426,0.29244373273615054,0.9636543082269132,6.394736842105263,5.849841044843197,0.29689259678169644,0.0009717151311187269,0.027649805570839812,0.0,0.0009717151311187269,-0.010464574397558934,0,0,0,1,0,1.0,0.24561403508771928,0.15144111970685759,0.11591930591209565,0.9329546407294319,0.45102226142555424,0.0,0.24561403508771928,0.01913021113471971
150,114,100.0,114,0,113,1,0,0.0,0.6946568642989168,0.6896738077271282,0.1719130739878788,0.5374432014395495,0.2898450010303885,0.9352646038573185,6.394736842105263,5.849841044843197,0.30131645989598255,0.0011138272516699162,0.027324494245305413,0.0,0.0011138272516699162,-0.012154239383959986,0,0,0,1,0,1.0,0.2543859649122807,0.15680627158959146,0.11381363740181828,0.941376059121757,0.45738843166885884,0.0,0.21052631578947367,0.01919307081675962
151,114,100.0,114,0,113,1,0,0.0,0.6962954797650223,0.6912071454042269,0.1682358823344249,0.5383512438864159,0.29082196968203045,0.9295517617654092,6.394736842105263,5.849841044843197,0.3015782450034379,0.001136104318841683,0.028210697012689287,0.0,0.001136104318841683,-0.013167887896447128,0,0,1,0,0,1.0,0.2719298245614035,0.15536453819195878,0.11929620893891736,0.9451327107175871,0.45603639444265515,0.0,0.21052631578947367,0.019227823413970842
152,114,100.0,114,0,112,2,0,0.0,0.6999545894334176,0.6947594191396355,0.16850900437103633,0.53937240918712,0.2861962410132557,0.9221742432077273,6.394736842105263,5.849841044843197,0.30473746186153106,0.0011226213160493354,0.028370562155524748,0.0,0.0011226213160493354,-0.006014579407584902,0,0,0,2,0,1.0,0.2631578947368421,0.1570450629126362,0.12910075209027574,0.9318213498550798,0.4576681343056889,0.0,0.21052631578947367,0.019275987235760964
153,114,100.0,114,0,114,0,0,0.0,0.7056196790274348,0.7003502901334646,0.17272279661256532,0.5405954835938569,0.2880733907168155,0.9204417785575253,6.394736842105263,5.849841044843197,0.30440578590096345,0.0,0.0,0.0,0.0,0.0,0,0,0,0,0,0.0,0.2543859649122807,0.15775443427895078,0.12622973100749363,0.9425486568912901,0.4566055796827157,0.0,0.24561403508771928,0.01934008663805818
154,114,100.0,114,0,113,1,0,0.0,0.7069228437360684,0.7015832281484464,0.18195885106690632,0.5418047100231859,0.28674463841703424,0.9322955399708437,6.394736842105263,5.849841044843197,0.30748457246672367,0.0009956358613319029,0.02917234015225653,0.0,0.0009956358613319029,-0.011490218762550242,0,0,0,1,0,1.0,0.24561403508771928,0.1628933273016922,0.12301665604505317,0.958198524965969,0.4652752415134409,0.0,0.21052631578947367,0.01938197137359534
155,114,100.0,114,0,113,1,0,0.0,0.7084996758788039,0.7031283247055389,0.18305007794257117,0.5430155071825903,0.28549055200853024,0.9385341973031698,6.394736842105263,5.849841044843197,0.3070374401260294,0.0009751772778422892,0.02847356750334725,0.0,0.0009751772778422892,-0.010369837391995151,0,0,0,1,0,1.0,0.24561403508771928,0.16274485384620924,0.12391850745308503,0.9546659736846653,0.46295354862608096,0.0,0.17543859649122806,0.01942527038890933
156,114,100.0,114,0,113,1,0,0.0,0.7108212422643552,0.7053543984403732,0.1839129286602715,0.544259652052817,0.2894057495900657,0.9343651224796298,6.394736842105263,5.849841044843197,0.30553924444024005,0.0010240589453204755,0.029432861853709146,0.0,0.0010240589453204755,-0.012154905627372037,0,0,0,1,0,1.0,0.2543859649122807,0.16168014893628596,0.12094842792824877,0.9590507379300512,0.459518348646607,0.0,0.21052631578947367,0.01947326846947501
157,114,100.0,114,0,113,1,0,0.0,0.7147676600417457,0.7093488596330516,0.17930086210913274,0.5456179521300638,0.2881080718242372,0.9365379864027016,6.394736842105263,5.849841044843197,0.304349748539277,0.0010111742957896078,0.02848941026887964,0.0,0.0010111742957896078,-0.011473279703332506,0,0,0,1,0,1.0,0.24561403508771928,0.15846411721614057,0.11812066845291498,0.9532313487533297,0.4568832089328997,0.0,0.21052631578947367,0.019532729756077418
158,114,100.0,114,0,114,0,0,0.0,0.7210343857727388,0.7155423859899137,0.18447591067819483,0.547186642969437,0.27959962380459025,0.9190880132167425,6.394736842105263,5.849841044843197,0.3068507956979314,0.0,0.0,0.0,0.0,0.0,0,0,0,0,0,0.0,0.24561403508771928,0.16091475099614633,0.12134654258112913,0.9511575993479735,0.46331899157730794,0.0,0.17543859649122806,0.01960994634502656
159,114,100.0,114,0,113,1,0,0.0,0.7200812338462936,0.7146453828457836,0.18471122839771772,0.5486215892817429,0.2796052742025898,0.9231442630124361,6.394736842105263,5.849841044843197,0.30804478815506475,0.046787347833069426,0.02868775437831212,0.0,0.046787347833069426,-0.01017604685340373,0,0,0,1,0,1.0,0.2807017543859649,0.16139001267630323,0.1146421509278582,0.9700763786848867,0.4673482711302195,0.0,0.14035087719298245,0.0196471516245687
160,114,100.0,114,0,111,3,0,0.0,0.7215319837842934,0.716117488018722,0.18495411914938342,0.5500414861658038,0.27883413799218776,0.9118537746159824,6.394736842105263,5.849841044843197,0.30846556024738114,0.017330888400981074,0.028232588015078715,0.0,0.017330888400981074,-0.007507511440920767,0,0,0,3,0,0.6666666666666666,0.24561403508771928,0.1612923583513498,0.10449739977104364,0.9511575993479735,0.46965163601139265,0.0,0.17543859649122806,0.019695936229617822
161,114,100.0,114,0,112,2,0,0.0,0.7244135497035517,0.7190165717144247,0.18828184782854965,0.5515139947695109,0.28080232864786187,0.9193771773541682,6.394736842105263,5.849841044843197,0.30986892316738324,0.0013979361862939672,0.026148285214211548,0.0,0.0013979361862939672,-0.002815446097698321,0,0,1,1,0,1.0,0.24561403508771928,0.1626708793468772,0.11098320008640238,0.9691812024912589,0.4718788154607844,0.0,0.17543859649122806,0.019753413765558364
162,114,100.0,114,0,113,1,0,0.0,0.7234225115446045,0.7181385727179431,0.1770281404282062,0.552859274723994,0.28524514571577914,0.9247401691373857,6.394736842105263,5.849841044843197,0.30430218801644937,0.003547538872392185,0.026130367988796595,0.0,0.003547538872392185,0.002619374160060972,0,0,0,1,0,1.0,0.2719298245614035,0.15571873656448462,0.11358905593833665,0.9536142738853437,0.4638434601206293,0.0,0.17543859649122806,0.01978780694423633
163,114,100.0,114,0,114,0,0,0.0,0.7249867641459524,0.7195052920610208,0.1719842792639245,0.554189818666811,0.28700554882639157,0.9338309285802557,6.394736842105263,5.849841044843197,0.30346330432435265,0.0,0.0,0.0,0.0,0.0,0,0,0,0,0,0.0,0.24561403508771928,0.1533895112472697,0.1185940506685474,0.9572209114343673,0.46058082393280425,0.0,0.17543859649122806,0.01983454556008636
164,114,100.0,114,0,112,2,0,0.0,0.7355681297211861,0.730030782314394,0.17789495742772757,0.5559351074631517,0.2820908615292015,0.9105311929799113,6.394736842105263,5.849841044843197,0.3060664453949531,0.000905522277646908,0.02721254350986851,0.0,0.000905522277646908,-0.004053684839017024,0,0,0,2,0,1.0,0.24561403508771928,0.15496102765271308,0.113624944890321,0.9748495614703453,0.4668800020799439,0.0,0.14035087719298245,0.019938500698142222
165,114,100.0,114,0,112,2,0,0.0,0.7435523501422547,0.7379667867926375,0.1827230857415448,0.557949694556964,0.27894845607607827,0.9070888776137149,6.394736842105263,5.849841044843197,0.30691955418254935,0.0025663855181465352,0.02608942108624466,0.0,0.0025663855181465352,-0.0022616074019358445,0,0,0,2,0,1.0,0.23684210526315788,0.15583362707280912,0.12383217785131315,0.9647847424112195,0.4674594998875443,0.0,0.17543859649122806,0.02003734687159654
166,114,100.0,114,0,113,1,0,0.0,0.7367276995006903,0.7313262638497041,0.17478812367818516,0.5595356634787121,0.2839947964688799,0.9141797320086119,6.394736842105263,5.849841044843197,0.302961771907833,0.0018730619552408876,0.024434643615316096,0.0,0.0018730619552408876,0.0041066977580001,0,0,0,1,0,1.0,0.2543859649122807,0.1521888021170098,0.11210916914095166,0.9688257484767231,0.46556770853179524,0.0,0.17543859649122806,0.020049611948860156
167,114,100.0,114,0,113,1,0,0.0,0.7402106012168416,0.7348141311668565,0.17470711538089018,0.561192083494644,0.28276346395686514,0.9175557133184226,6.394736842105263,5.849841044843197,0.3019622497986789,0.0026379430904692035,0.02278943647175115,0.0,0.0026379430904692035,0.004553930281582574,0,0,0,1,0,1.0,0.2631578947368421,0.151122977164633,0.11347402916632598,0.9783811707980851,0.4645792825709403,0.0,0.14035087719298245,0.020115475426424403
168,114,100.0,114,0,112,2,0,0.0,0.7381049052013494,0.7325874888632452,0.17134265541499463,0.5626474015442902,0.28781828016004957,0.9026237709475746,6.394736842105263,5.849841044843197,0.30132243183699847,0.003045965936302218,0.02453449619919858,0.0,0.003045965936302218,0.0035808046698698748,0,0,0,2,0,1.0,0.2719298245614035,0.1502949750421198,0.13283107970362593,0.9645132219224782,0.45846318908656586,0.0,0.17543859649122806,0.020147513842647548
169,114,100.0,114,0,113,1,0,0.0,0.7420419185588218,0.7362914868871819,0.18153345444324293,0.5641909281986986,0.2842396894689938,0.899877338910182,6.394736842105263,5.849841044843197,0.3068936679516594,0.0024899793833204147,0.024361499053856626,0.0,0.0024899793833204147,0.00334327134008644,0,0,0,1,0,1.0,0.2807017543859649,0.1563310390797104,0.1276929767422454,0.9593009526731964,0.4674070950710224,0.0,0.14035087719298245,0.020212345837318752
170,114,100.0,114,0,111,3,0,0.0,0.745633039504508,0.7397806640079768,0.1822963095657029,0.5658074500496112,0.28706325801985755,0.9093081553610602,6.394736842105263,5.849841044843197,0.3061427161631527,0.025214593769067987,0.025701507823485552,0.0,0.025214593769067987,0.0037434555109306378,0,0,0,3,0,0.6666666666666666,0.2807017543859649,0.1557774397359389,0.13348941280424814,0.9662016673931612,0.4650964326441032,0.0,0.17543859649122806,0.02027758342141395
171,114,100.0,114,0,112,2,0,0.0,0.7478326515352735,0.7419721505931578,0.18415705245862507,0.5674319667271918,0.2865850055993438,0.9310756839753191,6.394736842105263,5.849841044843197,0.304163882570438,0.003856052739152728,0.02312299556487976,0.0,0.003856052739152728,0.004862305583186399,0,0,0,2,0,1.0,0.2631578947368421,0.15499184138382874,0.13795190568787605,0.9649419198202218,0.46214556500188125,0.0,0.14035087719298245,0.020336097303260494
172,114,100.0,114,0,112,2,0,0.0,0.759948235488394,0.7539304442790798,0.19474250395591938,0.5695210846992286,0.2807643172200442,0.9169298360145248,6.394736842105263,5.849841044843197,0.3073863599990234,0.0034775615779419943,0.02438388742578946,0.0,0.0034775615779419943,0.004483215609569713,0,0,0,2,0,1.0,0.2631578947368421,0.15821346186128438,0.1399362636017785,0.9584982399940267,0.46796314170221004,0.0,0.17543859649122806,0.020457780263327802
173,114,100.0,114,0,111,3,0,0.0,0.7644581603393915,0.758412294501099,0.19699435269022653,0.5716977374817468,0.28238583492634883,0.8791844122609717,6.394736842105263,5.849841044843197,0.3058252725542212,0.07076632011337071,0.028720786961905265,0.0,0.07076632011337071,0.004194444962508463,0,0,0,3,0,0.3333333333333333,0.2543859649122807,0.1571195236834075,0.13140345822235402,0.9667501517155435,0.46745351481687725,0.0,0.14035087719298245,0.020543995251520526
174,114,100.0,114,0,111,3,0,0.0,0.7682941194744124,0.7622526260278277,0.20006868883646797,0.5739267821683164,0.27984930824981974,0.9020652057425601,6.394736842105263,5.849841044843197,0.3086224096120864,0.07116181254257847,0.0313390562057892,0.0,0.07116181254257847,0.003025622172891096,0,0,0,3,0,0.3333333333333333,0.2807017543859649,0.15923037193359052,0.13330126231200864,0.9636690566635673,0.4714903879304101,0.0,0.10526315789473684,0.02062837283268705
175,114,100.0,114,0,110,4,0,0.0,0.7671178437278177,0.7611036103334785,0.1961504759788482,0.5759716588105434,0.27584384000901796,0.8905098396349983,6.394736842105263,5.849841044843197,0.30835776625076683,0.04571071116368815,0.026437410367261653,0.0,0.04571071116368815,0.00245153419982503,0,0,1,3,0,0.5,0.2631578947368421,0.15802212893725182,0.13459874762539412,0.970161724799156,0.4720016157397925,0.0,0.10526315789473684,0.02068230247052078
176,113,99.12280701754386,114,1,111,2,0,0.008771929824561403,0.7675498479180765,0.7630028006736423,0.196112984507599,0.5779131695518184,0.28587329561103053,0.9105711176085328,6.394736842105263,5.849841044843197,0.30607440808196684,0.0742260638022426,0.03206879683526926,0.0,0.0742260638022426,0.001129386857134503,0,1,0,2,0,0.3333333333333333,0.2631578947368421,0.15681070371157388,0.1494268896714352,0.9640769834660436,0.4613611767705635,0.008771929824561403,0.14035087719298245,0.020741250137588648
177,113,99.12280701754386,114,0,111,3,0,0.0,0.7634621487752196,0.7589600490926555,0.19124979685849114,0.5796245329284492,0.2909511655267498,0.955672708755885,6.394736842105263,5.849841044843197,0.30382565767319214,0.09925478652991578,0.030040967626419845,0.0,0.09925478652991578,-0.003656822293599695,0,0,0,3,0,0.3333333333333333,0.2631578947368421,0.15458614338417231,0.15009383402362025,0.955664626242096,0.45991214105032246,0.0,0.14035087719298245,0.020770867660490643
178,113,99.12280701754386,114,0,110,4,0,0.0,0.7677113346526506,0.7631435136208482,0.19775269866681922,0.581431565087901,0.2916432126482823,0.9471226417492743,6.394736842105263,5.849841044843197,0.3068881901531382,0.08164273822758761,0.028688295515887724,0.0,0.08164273822758761,-0.0006649523130845617,0,0,0,4,0,0.25,0.2719298245614035,0.1579577864450358,0.15082953150035042,0.9587774929135139,0.46589138272645864,0.0,0.10526315789473684,0.020844967844356365
179,113,99.12280701754386,114,0,110,4,0,0.0,0.7712929376286458,0.7664830265906415,0.216517250438113,0.5832891736987191,0.2902478614723945,0.9503596831794315,6.394736842105263,5.849841044843197,0.3121754676706814,0.1114909820893667,0.029717173224656758,0.0,0.1114909820893667,-0.0016837305808297814,0,0,1,3,0,0.25,0.2894736842105263,0.16652815442065852,0.14769476953177302,0.9553746684854685,0.47546590961116925,0.0,0.14035087719298245,0.020917209434720432
180,113,99.12280701754386,114,0,112,2,0,0.0,0.7687867016547396,0.7639158166688204,0.21559163179063473,0.5849179729987981,0.29221313544348176,0.9471891931267944,6.394736842105263,5.849841044843197,0.31300374955349297,0.2706138751728452,0.03821536016860865,0.0,0.2706138751728452,0.004322023243493928,0,0,0,2,0,0.0,0.2719298245614035,0.16699864728897273,0.14072815814538886,0.9303206674072206,0.47697675923689464,0.0,0.10526315789473684,0.02095231933984797
181,113,99.12280701754386,114,1,111,1,1,0.008771929824561403,0.767478936312379,0.7625243239566867,0.21060191244858364,0.5863858424414528,0.29541210254290456,0.941151512491227,6.394736842105263,5.849841044843197,0.3140319417894779,0.10868406959193101,0.031218715006974606,0.0,0.10868406959193101,0.00012941997232788585,0,2,0,1,0,0.3333333333333333,0.2982456140350877,0.16662613113664018,0.15565683676700984,0.9566389615727985,0.47779466149447863,0.008771929824561403,0.10526315789473684,0.020988714527706728
182,112,98.24561403508773,114,1,111,2,0,0.008771929824561403,0.7668026821244212,0.7603088628677599,0.21231144193210658,0.5877368874349563,0.29774028191386953,0.9450151881490336,6.394736842105263,5.849841044843197,0.31548436051067363,0.2238287231801921,0.04173350270493945,0.0,0.2238287231801921,0.008995998442828354,0,1,0,2,0,0.3333333333333333,0.2894736842105263,0.16833207297937242,0.14946622815962368,0.9426924705380295,0.483484000750278,0.008771929824561403,0.08771929824561403,0.021024850249049074
183,112,98.24561403508773,114,0,112,2,0,0.0,0.7699741286574219,0.7634664356990606,0.22649536099994214,0.5890844720934025,0.29699774792463723,0.9352632407835011,6.394736842105263,5.849841044843197,0.3176468579040286,0.0993168769985566,0.03286647607506786,0.0,0.0993168769985566,0.0006340797185082625,0,0,0,2,0,0.5,0.2719298245614035,0.17307580792609176,0.1332234980366981,0.9574539343841383,0.48960488126878515,0.0,0.08771929824561403,0.021080123261945975
184,112,98.24561403508773,114,0,111,3,0,0.0,0.77564536543997,0.7689188477598697,0.22900406080563043,0.5906083911423186,0.294862901124007,0.9186944389863886,6.394736842105263,5.849841044843197,0.32058434537241887,0.049106414821928644,0.026817464492227345,0.0,0.049106414821928644,-0.005976989370521296,0,0,0,3,0,0.6666666666666666,0.2543859649122807,0.17484524435223628,0.14521015830089204,0.9502883699881186,0.4914889459927541,0.0,0.12280701754385964,0.02115305286686555
185,112,98.24561403508773,114,0,111,3,0,0.0,0.7756799430867133,0.7690755103838423,0.2343878941423593,0.5920504949608042,0.2938703020284401,0.8673761303866399,6.394736842105263,5.849841044843197,0.3219560310316125,0.06226598032926556,0.024817256759192986,0.0,0.06226598032926556,0.0021359289883916186,0,0,0,3,0,0.6666666666666666,0.2631578947368421,0.17706941934577758,0.14087312301002025,0.9502883699881186,0.4944746787331777,0.0,0.12280701754385964,0.02119540614564078
186,113,99.12280701754386,114,0,111,3,0,0.0,0.7697938721513363,0.763110847820584,0.24029033059605395,0.5931290993751573,0.29534081040455346,0.8696535106805721,6.394736842105263,5.849841044843197,0.32252838330663147,0.05542719096395335,0.02288656510481105,0.0,0.05542719096395335,0.0020067194884152797,0,0,0,3,0,0.6666666666666666,0.2631578947368421,0.1804050525196343,0.1379829197076939,0.9483192096767759,0.4957645308449682,0.0,0.15789473684210525,0.021197524112835056
187,114,100.0,114,0,110,4,0,0.0,0.7728316021686791,0.7657772304378031,0.25344537543003076,0.5942693904615718,0.2926834952440588,0.8612109167911006,6.394736842105263,5.849841044843197,0.32738692063718755,0.04969431487081201,0.02566093499783897,0.0,0.04969431487081201,0.0026982643710666485,0,0,0,4,0,0.75,0.2631578947368421,0.18666869123720295,0.14527509112022313,0.9522278928677499,0.49800470738691954,0.0,0.12280701754385964,0.02124606537092365
188,114,100.0,114,0,112,2,0,0.0,0.7687275551694043,0.7617807409166752,0.2391267913944427,0.5951559457044948,0.29836203794412364,0.8717849782711218,6.394736842105263,5.849841044843197,0.32430707077305376,0.09397014588339457,0.031739793906997944,0.0,0.09397014588339457,-0.0024137451879363836,0,0,0,2,0,0.5,0.2719298245614035,0.18160287633721664,0.15461607378388517,0.9410021357494,0.48948956296368046,0.0,0.12280701754385964,0.021251476172170138
189,114,100.0,114,0,110,4,0,0.0,0.7735675674312179,0.7665991685779427,0.24579368986609204,0.5962161351621679,0.29214452269932895,0.8570028253648388,6.394736842105263,5.849841044843197,0.32781858461359015,0.04296584269628808,0.023308679978776704,0.0,0.04296584269628808,0.00302622691668495,0,0,0,4,0,0.75,0.2807017543859649,0.18464272425297273,0.14771078570640422,0.9393313790127426,0.49491159788728156,0.0,0.08771929824561403,0.021306685932503237
190,114,100.0,114,0,112,2,0,0.0,0.7686968330437044,0.761849572804562,0.2323652882457012,0.5969920301793807,0.2949853720554622,0.8543681090243526,6.394736842105263,5.849841044843197,0.3235832297270993,0.09416099520004328,0.02802879463715724,0.0,0.09416099520004328,0.002537101678633441,0,0,1,1,0,0.5,0.2719298245614035,0.17929897556862404,0.14538690033884394,0.9358162059455474,0.48954157651675334,0.0,0.08771929824561403,0.021305026573156572
191,114,100.0,114,0,110,4,0,0.0,0.7761299887381967,0.7692624968579068,0.23676435793838166,0.598069451990528,0.290062698171097,0.8397375349717325,6.394736842105263,5.849841044843197,0.32487355400371776,0.04414698967342494,0.025698396000556185,0.0,0.04414698967342494,-0.00043118565084510063,0,0,0,4,0,0.75,0.2719298245614035,0.18005295808675004,0.15183618559859496,0.9360159999995571,0.48991811280147146,0.0,0.12280701754385964,0.021373706083296324
192,114,100.0,114,0,110,4,0,0.0,0.7800145465812196,0.7729828696289354,0.24604243527401037,0.5992579550530457,0.28576422992167255,0.8263895086289823,6.394736842105263,5.849841044843197,0.3275921840638756,0.056495898080036605,0.028630288982069724,0.0,0.056495898080036605,0.00024964123041217035,0,0,1,3,0,0.75,0.2894736842105263,0.18362632147939348,0.15304626140419628,0.9507967603949835,0.4905397234573916,0.0,0.08771929824561403,0.02142789164249663
193,114,100.0,114,0,111,3,0,0.0,0.7811313413169472,0.7740694631501142,0.2529535845316423,0.6004277837706268,0.2819267943070905,0.8399765112527999,6.394736842105263,5.849841044843197,0.3301544472488924,0.07039347402911654,0.026468040518422036,0.0,0.07039347402911654,0.0030776252081457047,0,0,0,3,0,0.6666666666666666,0.2631578947368421,0.18701663351664194,0.14815266522255244,0.9420845809685623,0.5002166326129578,0.0,0.08771929824561403,0.021467692176412978
194,114,100.0,114,0,108,6,0,0.0,0.7809630348598524,0.7742593706427511,0.24927987282801414,0.6015380667968937,0.2836961012945154,0.8729027619605535,6.394736842105263,5.849841044843197,0.32805803137746326,0.041675450207945657,0.028781446008731632,0.0,0.041675450207945657,-0.002143962542568975,0,0,0,6,0,0.6666666666666666,0.2719298245614035,0.18430599422229643,0.13758247373670812,0.9420845809685623,0.5054027472606099,0.0,0.08771929824561403,0.02149932554021975
195,114,100.0,114,0,111,3,0,0.0,0.785083672917496,0.7783570870560749,0.2509354247527133,0.6027751679482944,0.2797312174921458,0.85484144945672,6.394736842105263,5.849841044843197,0.32802364072896584,0.060376642198896685,0.026106025297392255,0.0,0.060376642198896685,0.004232871433396855,0,0,0,3,0,0.6666666666666666,0.23684210526315788,0.18377029619390778,0.1305458500393842,0.9628467084007248,0.5078480096039639,0.0,0.12280701754385964,0.021556112955968404
196,114,100.0,114,0,111,3,0,0.0,0.7859386239818082,0.7792013915714883,0.25218130746928613,0.6039794130264432,0.2840161233889296,0.8795709169090723,6.394736842105263,5.849841044843197,0.32878037648937797,0.07116698167646913,0.029268827227696637,0.0,0.07116698167646913,0.0016693322862493993,0,0,0,3,0,0.6666666666666666,0.2807017543859649,0.18441539775015567,0.11933083355881811,0.9583161040314268,0.5096310100837657,0.0,0.08771929824561403,0.02159561092272099
197,114,100.0,114,0,109,5,0,0.0,0.7870722953282131,0.7803733413446686,0.251433440849643,0.6051680574408151,0.2886876272164232,0.8850182222489839,6.394736842105263,5.849841044843197,0.3261912586193543,0.03705491922078785,0.0273595016359583,0.0,0.03705491922078785,-0.0007396792515701356,0,0,0,5,0,0.8,0.2719298245614035,0.18191901701995258,0.11283575766224112,0.9493455057179291,0.5057675140888778,0.0,0.08771929824561403,0.021636046183867597
198,114,100.0,114,0,111,3,0,0.0,0.7839970756463172,0.7770814013417932,0.2578308114958865,0.6061331094403901,0.2895611647919982,0.8911392084237642,6.394736842105263,5.849841044843197,0.32666761872733185,0.06362918179170819,0.027851147247418707,0.0,0.06362918179170819,0.0013195108752560765,0,0,0,3,0,0.6666666666666666,0.2631578947368421,0.18483628171502564,0.1183208591441149,0.9633606720836392,0.5041146018850672,0.0,0.12280701754385964,0.021648897089445725
199,114,100.0,114,0,112,2,0,0.0,0.7725503666251412,0.7655818203536454,0.240043809817987,0.6065035416650859,0.298429776949132,0.9150062048481005,6.394736842105263,5.849841044843197,0.32212408876839227,0.0951198263113035,0.02518062332296348,0.0,0.0951198263113035,0.0019763828189140326,0,0,0,2,0,0.5,0.2719298245614035,0.17955555331667925,0.12920007063704672,0.9575757094187978,0.4892909091459921,0.0,0.08771929824561403,0.021602498392501633
200,114,100.0,114,0,112,2,0,0.0,0.7697013846560951,0.7627916477797949,0.22682516312217765,0.6067217276651007,0.3020353047161139,0.9391770556821963,6.394736842105263,5.849841044843197,0.3213689322345672,0.11049272115685757,0.030413334003472604,0.0,0.11049272115685757,0.0001736356824641183,0,0,0,2,0,0.0,0.2719298245614035,0.176160553876828,0.13796441609079663,0.9465358280301279,0.48497962438327274,0.0,0.12280701754385964,0.021594635249747886
201,114,100.0,114,0,112,2,0,0.0,0.7693466171942852,0.7629055776321976,0.2338049013216841,0.606932481903147,0.29203144890383015,0.9309441011508304,6.394736842105263,5.849841044843197,0.32417515107157224,0.1045935034581866,0.029579846549392455,0.0,0.1045935034581866,-0.009158261089128122,0,0,0,2,0,0.0,0.2719298245614035,0.1793937866745793,0.117284905215171,0.9476932599099862,0.49818660902346545,0.0,0.12280701754385964,0.021599025806399327
202,114,100.0,114,0,111,3,0,0.0,0.7734753811846011,0.7666864528558972,0.24502875303766222,0.6073078475058244,0.2887957171935855,0.9354979661172895,6.394736842105263,5.849841044843197,0.3278640311773291,0.07734030192690232,0.03189695610902407,0.0,0.07734030192690232,-0.002409485827958413,0,0,0,3,0,0.3333333333333333,0.2807017543859649,0.184600316590661,0.12413795201644304,0.9405788490018018,0.501868395809419,0.0,0.15789473684210525,0.021630648771897732
203,114,100.0,114,0,110,4,0,0.0,0.7789253143179968,0.7723551943996646,0.2421618340782473,0.607926544713051,0.2871587111795709,0.939762536902046,6.394736842105263,5.849841044843197,0.3274059982316224,0.07604837711902551,0.02950846121064009,0.0,0.07604837711902551,-0.0005556237813499482,0,0,0,4,0,0.25,0.2807017543859649,0.18231156815627816,0.11863289818134475,0.9497432239122192,0.5018521642134331,0.0,0.12280701754385964,0.02167599483915053
204,114,100.0,114,0,111,3,0,0.0,0.7844391993122072,0.7776453942656267,0.24234156851884542,0.6087566237435967,0.2821999211732973,0.9149962895573016,6.394736842105263,5.849841044843197,0.33132837898557765,0.07107350954380881,0.028739341440552225,0.0,0.07107350954380881,0.003459858534220863,0,0,0,3,0,0.3333333333333333,0.2894736842105263,0.1841907807684056,0.11909860013624235,0.955335767091658,0.5050397381579682,0.0,0.15789473684210525,0.02172784341603833
205,114,100.0,114,0,111,3,0,0.0,0.7866736199782811,0.7802579935505062,0.24385832018834108,0.609660410794552,0.2779019608606686,0.9238999950945455,6.394736842105263,5.849841044843197,0.3327764995691056,0.12277792137443926,0.027767178149221833,0.0,0.12277792137443926,0.004920736953351601,0,0,0,3,0,0.3333333333333333,0.2894736842105263,0.18456654425050784,0.11835605754194667,0.9349171330244119,0.5099991013877913,0.0,0.15789473684210525,0.02176545057230108
206,113,99.12280701754386,114,1,112,1,0,0.008771929824561403,0.787849593544364,0.7808223354510815,0.24535937776137942,0.6105700702234693,0.28355726685396293,0.9397929771044644,6.394736842105263,5.849841044843197,0.33091152578349114,0.07042722062898606,0.02848111188200744,0.0,0.07042722062898606,0.004437571222015366,0,1,0,1,0,0.5,0.2719298245614035,0.18402473316648807,0.11887539328134857,0.9589748635648878,0.5071427780754744,0.008771929824561403,0.17543859649122806,0.02179793725545204
207,113,99.12280701754386,114,0,112,2,0,0.0,0.7946444583638993,0.7879133128955033,0.2498146260076635,0.6117260327484448,0.2829595419583753,0.9568671057714723,6.394736842105263,5.849841044843197,0.32872866424307845,0.041011587336770745,0.032964587479249984,0.0,0.041011587336770745,-0.003940445286991057,0,0,0,2,0,0.5,0.2807017543859649,0.1822588001709807,0.11059454200607113,0.9671036025124675,0.5064697401056247,0.0,0.10526315789473684,0.02186572256467423
208,113,99.12280701754386,114,0,113,1,0,0.0,0.7984371742060423,0.7916755215262836,0.23817666209669847,0.6129904398829122,0.28247820873991014,0.9523281851589933,6.394736842105263,5.849841044843197,0.3261248411117914,0.003283948302585657,0.03127533805942354,0.0,0.003283948302585657,0.008219765391209999,0,0,0,1,0,1.0,0.2719298245614035,0.17688058215271413,0.11878972569681151,0.9673976652134886,0.4992862249091361,0.0,0.17543859649122806,0.021921669047647946
209,113,99.12280701754386,114,0,111,3,0,0.0,0.8058397980744444,0.7988116748382101,0.24623038028343802,0.6145148441102246,0.27089413268857315,0.9153635057694732,6.394736842105263,5.849841044843197,0.3309511206082274,0.05166523277896534,0.026744956787810165,0.0,0.05166523277896534,0.0010804213915183065,0,0,1,2,0,0.3333333333333333,0.2982456140350877,0.18098816088249034,0.11806136451723759,0.9622978182163691,0.5044903501849144,0.0,0.17543859649122806,0.022003269779079276
210,113,99.12280701754386,114,0,112,2,0,0.0,0.8029827133434173,0.7961897759387171,0.23049375560204832,0.615827371578977,0.2811688976803758,0.9328768449217649,6.394736842105263,5.849841044843197,0.3259877738098176,0.024479959003185493,0.02282233962601618,0.0,0.024479959003185493,0.007829795344651655,0,0,0,2,0,1.0,0.2982456140350877,0.17411452840016206,0.1383595083824684,0.9512064645709928,0.4909272824612337,0.0,0.21052631578947367,0.0220273747407201
211,114,100.0,114,0,112,2,0,0.0,0.8088403904396894,0.8020976273593349,0.23621882935874172,0.617339598210955,0.2755343783957944,0.917965974815732,6.394736842105263,5.849841044843197,0.3278094014879409,0.01222869331951432,0.021107210244587248,0.0,0.01222869331951432,0.007216905082002206,0,0,0,2,0,1.0,0.2894736842105263,0.1757374991116872,0.13203894852192585,0.9415452035390509,0.4967460250136126,0.0,0.21052631578947367,0.022100894553305706
212,114,100.0,114,0,112,2,0,0.0,0.8040875436063633,0.7974573150526388,0.23525705112330275,0.6185462012735835,0.28250883775944696,0.9283434377915435,6.394736842105263,5.849841044843197,0.3272971197924961,0.025651153333564894,0.022826465350158212,0.0,0.025651153333564894,0.010213441677127608,0,0,0,2,0,1.0,0.2982456140350877,0.1757038264073504,0.13081052028091217,0.9529664532430201,0.49757004085826384,0.0,0.17543859649122806,0.022112422499742067
213,113,99.12280701754386,114,1,112,1,0,0.008771929824561403,0.8036256015673132,0.7993893213149965,0.2333096913345079,0.6196789551290567,0.2894703810515027,0.9485840972419609,6.394736842105263,5.849841044843197,0.32412308011830926,0.01738866578140329,0.02435747572394122,0.0,0.01738866578140329,0.004996751514306674,1,0,0,1,0,1.0,0.2894736842105263,0.1728442706982253,0.14077678744733535,0.9675682483862325,0.49241094755128145,0.008771929824561403,0.12280701754385964,0.022143244939534075
214,112,98.24561403508773,114,1,106,7,0,0.008771929824561403,0.801612064299718,0.7960760169594195,0.23232161942561186,0.6207466435661997,0.2986514730687925,0.9789151049128073,6.394736842105263,5.849841044843197,0.32385431147754073,0.14128948410081094,0.041406760597888156,0.0,0.14128948410081094,0.0008730210835838151,1,0,1,6,0,0.5,0.2982456140350877,0.17269677353261034,0.14465594993590838,0.9576919652620376,0.4936549712415369,0.008771929824561403,0.10526315789473684,0.022164406291409616
215,112,98.24561403508773,114,0,113,1,0,0.0,0.804679395457326,0.7990883865894788,0.2350906654585314,0.6218302719650071,0.2993508157797853,0.9638170851798208,6.394736842105263,5.849841044843197,0.3235011240468988,0.0031384518774217637,0.03275071793928713,0.0,0.0031384518774217637,0.005770901568689035,0,0,0,1,0,1.0,0.2894736842105263,0.17264387925234811,0.14205453704352597,0.9582584906737648,0.49497466753859354,0.0,0.12280701754385964,0.022211438216621165
216,112,98.24561403508773,114,0,113,1,0,0.0,0.7965247350351501,0.7912232620562977,0.22945729750199723,0.6224824319984312,0.3039009920832877,0.9631613441591472,6.394736842105263,5.849841044843197,0.32321808440029076,0.003145956540415328,0.03172977444822049,0.0,0.003145956540415328,0.007183979460652079,0,0,0,1,0,1.0,0.2982456140350877,0.17191054371668,0.13600543187726785,0.9588606195081141,0.49547077785376,0.0,0.08771929824561403,0.022189740077166936
217,112,98.24561403508773,114,0,112,2,0,0.0,0.798817068066318,0.7934290759223606,0.2270232151770405,0.6231996709904699,0.2994110585214577,0.9450183088525762,6.394736842105263,5.849841044843197,0.32432963244607227,0.09616087757643106,0.02509317055421571,0.0,0.09616087757643106,0.008971822946998609,0,0,0,2,0,0.5,0.30701754385964913,0.1716947956324288,0.14312895787426114,0.9548247708672343,0.49462347447921884,0.0,0.08771929824561403,0.022222180412795726
218,112,98.24561403508773,114,1,112,1,0,0.008771929824561403,0.7976695949476527,0.7942693745565182,0.23205566744708944,0.6238268826604451,0.3063202749317878,0.9321931824036325,6.394736842105263,5.849841044843197,0.32605481483534393,0.11398117644033054,0.02651551680996911,0.0,0.11398117644033054,0.009823334262297895,0,1,0,1,0,0.5,0.3157894736842105,0.174230416668639,0.1428825294095765,0.967194855273527,0.4996440527538911,0.008771929824561403,0.12280701754385964,0.02223478849005653
219,112,98.24561403508773,114,1,108,5,0,0.008771929824561403,0.8033958796583213,0.8000890384101852,0.25081280860553895,0.6247798759611921,0.30123140169293366,0.9450589896767474,6.394736842105263,5.849841044843197,0.33140867161899656,0.14544325616975845,0.028211094681913587,0.0,0.14544325616975845,0.003144172892257898,0,1,0,5,0,0.5,0.2894736842105263,0.1814435434553864,0.14618851913080078,0.9681432666509224,0.5085161150556811,0.008771929824561403,0.12280701754385964,0.022291294210240724
220,112,98.24561403508773,114,0,110,4,0,0.0,0.8050549519240702,0.8016582631651302,0.2451649382429963,0.6257478336317026,0.2997696241690076,0.9266758895033679,6.394736842105263,5.849841044843197,0.33085244707641515,0.026709941871370796,0.03145363899329934,0.0,0.026709941871370796,0.0019090263402501,0,0,0,4,0,0.75,0.2894736842105263,0.17973758516419536,0.1545063655818219,0.9629495775604651,0.5027040139663476,0.0,0.12280701754385964,0.022327901564122583
221,112,98.24561403508773,114,0,111,3,0,0.0,0.812537232706882,0.808928105122102,0.2597952270754947,0.626999386676062,0.2922619904357712,0.9603361404944605,6.394736842105263,5.849841044843197,0.33608552156988014,0.05271373554629166,0.034184842184223005,0.0,0.05271373554629166,0.0021046155985060544,0,0,0,3,0,0.6666666666666666,0.2894736842105263,0.1858644482004613,0.16079485655425144,0.9785284867203681,0.5077524543077503,0.0,0.08771929824561403,0.022401919899880104
222,112,98.24561403508773,114,0,112,2,0,0.0,0.8191466728573565,0.8154780740572711,0.27427440943333264,0.62848425607369,0.28628169783463286,0.9467410364185904,6.394736842105263,5.849841044843197,0.3416450380123346,0.03222118408166894,0.026613327886671104,0.0,0.03222118408166894,0.00019612612284769515,0,0,1,1,0,0.5,0.2982456140350877,0.19239988178201392,0.14948828766942085,0.9639375625581825,0.5177587553587821,0.0,0.12280701754385964,0.02247839835037485
223,113,99.12280701754386,114,0,112,2,0,0.0,0.8216254587979096,0.8179362758745302,0.27665579421663616,0.62999730369093,0.28853849225570943,0.9467920722492553,6.394736842105263,5.849841044843197,0.3413418824044905,0.08409528780597651,0.030070825883611277,0.0,0.08409528780597651,0.0050292653526564784,0,0,0,2,0,0.5,0.2894736842105263,0.19269467703865759,0.1511122015829291,0.9639375625581825,0.5181906984295377,0.0,0.12280701754385964,0.022535047720348284
224,114,100.0,114,0,112,2,0,0.0,0.8203331923364116,0.8166391070234874,0.2652393606632176,0.6313611345749334,0.29878138903775914,0.9616065429391818,6.394736842105263,5.849841044843197,0.33530551169324085,0.04617139464978114,0.027411993581026972,0.0,0.04617139464978114,-0.0030222864957488438,0,0,0,2,0,0.5,0.2894736842105263,0.18640371690367116,0.16215883456342825,0.969333277906499,0.5065355369054252,0.0,0.15789473684210525,0.022568477357458133
225,114,100.0,114,0,111,3,0,0.0,0.8126984298930242,0.8091060021499893,0.25204225606723774,0.632292643791429,0.3084500604489803,0.9824476466053625,6.394736842105263,5.849841044843197,0.3282562068699528,0.035216639432380716,0.027576555685995277,0.0,0.035216639432380716,0.0005107670866505246,0,0,0,3,0,0.6666666666666666,0.2894736842105263,0.17958996664288862,0.1570920930858374,0.9738719545589198,0.49468866778266046,0.0,0.12280701754385964,0.022557549449482725
226,114,100.0,114,0,111,3,0,0.0,0.8282978492769153,0.8243313822074655,0.27724005582750416,0.6338821896249104,0.29912981334749084,0.9654544407839608,6.394736842105263,5.849841044843197,0.3346600709896872,0.0852073246823453,0.036674664269135245,0.0,0.0852073246823453,0.00426709710357992,0,0,0,3,0,0.3333333333333333,0.2894736842105263,0.1876089752717768,0.15844120554372657,0.9761563149164887,0.5060368796978599,0.0,0.08771929824561403,0.022682039498698976
227,113,99.12280701754386,114,1,109,4,0,0.008771929824561403,0.8251962230086053,0.8211639144063287,0.2739808069046634,0.6352432301199635,0.29983992517476143,0.9786435815142829,6.394736842105263,5.849841044843197,0.33238625668723976,0.031890932963768964,0.029943622844600067,0.0,0.031890932963768964,0.00036848712585109135,0,1,0,4,0,0.6,0.2719298245614035,0.18559589603971252,0.15148192536958377,0.9722905749428395,0.4979641465330649,0.008771929824561403,0.10526315789473684,0.0227063407201157
228,113,99.12280701754386,114,0,110,4,0,0.0,0.8311970342346241,0.8274544644807803,0.287695708998648,0.6368063276222855,0.29805311495571785,0.9637330878152237,6.394736842105263,5.849841044843197,0.3326313262945937,0.03499887029229293,0.03005582087348769,0.0,0.03499887029229293,0.0018779122910852486,0,0,0,4,0,0.75,0.2894736842105263,0.1881380303771063,0.15117085925211823,0.9802746034980148,0.4974131033078852,0.0,0.08771929824561403,0.022782064135876672
229,113,99.12280701754386,114,0,109,5,0,0.0,0.8317300654415322,0.8280533405921399,0.2793918198981384,0.6383060130458017,0.30616832298287333,0.9779602090423305,6.394736842105263,5.849841044843197,0.3313974319775397,0.05462235216047088,0.03275913929146115,0.0,0.05462235216047088,0.003825750186827703,0,0,0,5,0,0.6,0.2807017543859649,0.18547160258290826,0.1490566642099173,0.9772399116983196,0.4967344587720279,0.0,0.08771929824561403,0.0228285938986354
230,113,99.12280701754386,114,1,109,4,0,0.008771929824561403,0.8277943347407919,0.8223076542236665,0.2763326911081669,0.6395495965490516,0.312149322891093,1.00306442803092,6.394736842105263,5.849841044843197,0.3294055063778658,0.05558845426934293,0.03303839232339696,0.0,0.05558845426934293,0.005549672295694741,0,1,0,4,0,0.6,0.2719298245614035,0.1838427788242719,0.14890810811624833,0.9602404886445061,0.48974135112452744,0.008771929824561403,0.14035087719298245,0.022845289074231705
231,112,98.24561403508773,114,1,111,2,0,0.008771929824561403,0.8299093287410095,0.8242963842069293,0.28289244379490625,0.6407295733703957,0.31756070029655514,1.0151631469958249,6.394736842105263,5.849841044843197,0.3307140078702757,0.016453458146277754,0.03033525205416084,0.0,0.016453458146277754,0.00700988843071404,0,1,0,2,0,1.0,0.2807017543859649,0.18573696278847102,0.14630884595029953,0.952371619164422,0.49481949333683006,0.008771929824561403,0.14035087719298245,0.022890377428440106
232,112,98.24561403508773,114,0,112,2,0,0.0,0.8317208534609994,0.826140684062159,0.28135229822375085,0.6419102452604588,0.31725565528377325,1.0072098436156416,6.394736842105263,5.849841044843197,0.3308225195480283,0.016877837841214105,0.03361339282465628,0.0,0.016877837841214105,0.0056438490322970325,0,0,0,2,0,1.0,0.2719298245614035,0.1852803325586342,0.15372976613648148,0.9626566386431152,0.4987201221091823,0.0,0.10526315789473684,0.022933968766454975
233,112,98.24561403508773,114,0,112,2,0,0.0,0.830164222822716,0.8245688643759311,0.2793853785785549,0.6429482905591675,0.31538889907900564,0.9992883657636454,6.394736842105263,5.849841044843197,0.3314828599065933,0.01607413286965789,0.02860435091573684,0.0,0.01607413286965789,0.0069138204376388845,0,0,0,2,0,1.0,0.2807017543859649,0.18597208445089924,0.1556675946871188,0.9584223349282499,0.5011621857715782,0.0,0.10526315789473684,0.022956547613237517
234,112,98.24561403508773,114,0,113,1,0,0.0,0.8278181295329062,0.8220604200162187,0.2710114071318832,0.6438082198517349,0.32332649552879145,1.012494196176293,6.394736842105263,5.849841044843197,0.3304742855404199,0.0032157933697294153,0.031193739755992385,0.0,0.0032157933697294153,0.004557177438717863,0,0,0,1,0,1.0,0.2719298245614035,0.1839779738241131,0.1685468958575344,0.9494860912521194,0.49584491762225413,0.0,0.14035087719298245,0.02296996939514509
235,113,99.12280701754386,114,0,112,2,0,0.0,0.8294833452193543,0.8235431948866844,0.256264490962585,0.6446872366259692,0.32835126990619845,1.013292881967319,6.394736842105263,5.849841044843197,0.3276741327611883,0.017381204482927175,0.034076179620160074,0.0,0.017381204482927175,0.003990677674683363,0,0,0,2,0,1.0,0.2719298245614035,0.17850264376359093,0.18226466118405563,0.9642710363668165,0.4901549332038963,0.0,0.10526315789473684,0.023004006015602436
236,114,100.0,114,0,112,2,0,0.0,0.8304429887354838,0.824853622369833,0.2521464383908143,0.6455761586559711,0.32856393666032546,1.0133739698499225,6.394736842105263,5.849841044843197,0.32366880142288057,0.019183410595097337,0.03292764534134071,0.0,0.019183410595097337,0.003206850620748297,0,0,0,2,0,1.0,0.24561403508771928,0.17421618053858456,0.18011256300061712,0.9674717804578699,0.4845237663819392,0.0,0.14035087719298245,0.023034804496066937
237,114,100.0,114,0,110,4,0,0.0,0.8306428740625119,0.8249628225319648,0.2374711918550141,0.6464181905889295,0.33327117910685405,1.0170956761061132,6.394736842105263,5.849841044843197,0.3205030674364091,0.022105859915161247,0.03149530502182328,0.0,0.022105859915161247,-0.0002053300120700291,0,0,0,4,0,1.0,0.2543859649122807,0.16886076261757513,0.18968529788490476,0.9712810898241422,0.4769664127562654,0.0,0.10526315789473684,0.023060432687514523
238,114,100.0,114,0,111,3,0,0.0,0.8293777340478324,0.8233117900894205,0.23343704300084678,0.6471336987734729,0.33585066923470563,1.0070429489593282,6.394736842105263,5.849841044843197,0.32140554898649776,0.032533360133778076,0.03274352720824248,0.0,0.032533360133778076,0.003437594562971861,0,0,0,3,0,0.6666666666666666,0.2631578947368421,0.1691618166760343,0.19204741271059933,0.9640383959268848,0.47847956865540636,0.0,0.14035087719298245,0.02307503503317044
239,114,100.0,114,0,112,2,0,0.0,0.8175365624255732,0.8117309656930702,0.22015667110940804,0.6472653830114624,0.3431262106969021,1.0339341377797178,6.394736842105263,5.849841044843197,0.3175148139755324,0.0263293440255845,0.034221131597047164,0.0,0.0263293440255845,0.0045937920980279046,0,0,0,2,0,1.0,0.2631578947368421,0.16514495005731622,0.18484429046915835,0.9684236509564964,0.4738610389974613,0.0,0.14035087719298245,0.023019680834360894
240,114,100.0,114,0,111,3,0,0.0,0.8197491637735697,0.8137367513120719,0.2230505670187964,0.6474832321471783,0.33892085393482907,1.0272344495877612,6.394736842105263,5.849841044843197,0.3182678138466699,0.012012084191799667,0.035258245696803865,0.0,0.012012084191799667,-0.004879282061301689,0,0,0,3,0,1.0,0.2719298245614035,0.16615190273158417,0.18333678847446927,0.9520704995695874,0.47651871719816197,0.0,0.07017543859649122,0.02303711575517935
241,114,100.0,114,0,112,2,0,0.0,0.8152559299576279,0.809374799456791,0.22325475610787232,0.6474842036547478,0.34786336470751966,1.0434215958841504,6.394736842105263,5.849841044843197,0.31621758896965857,0.003304851937943042,0.03653660067643884,0.0,0.003304851937943042,-0.007211305507673876,0,0,0,2,0,1.0,0.2719298245614035,0.16574768157545072,0.18884787973730713,0.9393157641461681,0.47058446005485566,0.0,0.07017543859649122,0.023014678001923916
242,114,100.0,114,0,112,2,0,0.0,0.8119651427128076,0.8061388158862693,0.21064418301709467,0.6473336784145786,0.34993052844316264,1.0380771393959698,6.394736842105263,5.849841044843197,0.31284390989848254,0.00336829675437454,0.03549519520478171,0.0,0.00336829675437454,-0.007922855073086238,0,0,0,2,0,1.0,0.2631578947368421,0.16066332444311984,0.18611835975770882,0.9495639694426526,0.46463927943415756,0.0,0.07017543859649122,0.02299382132205868
243,114,100.0,114,0,111,3,0,0.0,0.8046824912168922,0.7990392145083761,0.18955133736151256,0.6468597063453522,0.3534091486320925,1.0383002448511225,6.394736842105263,5.849841044843197,0.3091831296392269,0.013849095955813467,0.03609551453554239,0.0,0.013849095955813467,-0.0034210524888224994,0,0,0,3,0,1.0,0.2543859649122807,0.1540212613285603,0.19206707243774915,0.9581860119915027,0.4591177478406287,0.0,0.07017543859649122,0.022943544758255753
244,114,100.0,114,0,110,4,0,0.0,0.8027040937997539,0.7971425289600087,0.18503060378787525,0.6463246984170126,0.34855214278423974,1.0344869877856921,6.394736842105263,5.849841044843197,0.310321369809758,0.022763770058049325,0.03410516426781089,0.0,0.022763770058049325,-0.00017182830483550293,0,0,0,4,0,1.0,0.24561403508771928,0.154091129562733,0.2053883935910392,0.9439708815711088,0.45899661479322573,0.0,0.10526315789473684,0.022918004214477476
245,114,100.0,114,0,111,3,0,0.0,0.8089644926698175,0.803181581471849,0.18996343449642408,0.646103607580104,0.3448027100206497,1.028720824567593,6.394736842105263,5.849841044843197,0.3117386523079715,0.030542409557546214,0.03255978061715109,0.0,0.030542409557546214,0.004631705235669914,0,0,0,3,0,0.6666666666666666,0.2543859649122807,0.15538147195869312,0.21396062679025232,0.9361022118030256,0.46192940344901123,0.0,0.10526315789473684,0.02294283947756586
246,114,100.0,114,0,112,2,0,0.0,0.8005078792006403,0.7946220282469663,0.1832546933139411,0.6454948739994756,0.3501849113495144,1.0387922089186015,6.394736842105263,5.849841044843197,0.31126583152934195,0.01907497743156456,0.0335637310179549,0.0,0.01907497743156456,0.001736630538378775,0,0,0,2,0,1.0,0.2543859649122807,0.15434258835275239,0.21494627286291024,0.960210809118752,0.4592033438916719,0.0,0.10526315789473684,0.022882751436793303
247,114,100.0,114,0,112,2,0,0.0,0.8040048961013789,0.7983114784182123,0.18859445784449796,0.6450944119420579,0.3439031558194594,1.0282331391983286,6.394736842105263,5.849841044843197,0.3137626412446002,0.019878139877091527,0.033092573823067684,0.0,0.019878139877091527,0.001591548579030072,0,0,0,2,0,1.0,0.2543859649122807,0.15670887526013702,0.20271175694621277,0.960098898743899,0.4669773990011712,0.0,0.10526315789473684,0.022888523324395074
248,114,100.0,114,0,112,2,0,0.0,0.8001643806701866,0.7946549958206264,0.18910678905764738,0.644546257542611,0.34207269740146334,1.0170792627376253,6.394736842105263,5.849841044843197,0.31219158275177095,0.018111406279979016,0.03578728118721212,0.0,0.018111406279979016,0.00029877161509719863,0,0,0,2,0,1.0,0.23684210526315788,0.1562369476387777,0.19756344495267222,0.964414381141002,0.466325521067648,0.0,0.14035087719298245,0.022853287666715134
249,114,100.0,114,0,110,4,0,0.0,0.8020173188542556,0.7967398481764227,0.1891214426240133,0.6441277377432792,0.34612140831458826,1.0265204486778237,6.394736842105263,5.849841044843197,0.310356743797364,0.025969507162877645,0.034426547803401604,0.0,0.025969507162877645,-0.0011968940900300706,0,0,0,4,0,0.75,0.24561403508771928,0.15478641135666688,0.20409215629682106,0.9683626185077359,0.45890829187161386,0.0,0.14035087719298245,0.022850310986134426
250,114,100.0,114,0,110,4,0,0.0,0.8030915956238434,0.7978207790003926,0.18623756979742323,0.6437842868749551,0.3509692936369808,1.0412738674970152,6.394736842105263,5.849841044843197,0.30773454397965794,0.029504323181181104,0.036055158498767975,0.0,0.029504323181181104,-0.002640407076413276,0,0,1,3,0,0.75,0.23684210526315788,0.1523946441898048,0.2074361649811062,0.9726715363779339,0.457409576998079,0.0,0.17543859649122806,0.02284563670505032
251,113,99.12280701754386,114,1,110,3,0,0.008771929824561403,0.8077013613138648,0.8015994873567147,0.18992486771224454,0.6436651686103281,0.3531672998664591,1.039630841719934,6.394736842105263,5.849841044843197,0.30934469598404335,0.022227939193767608,0.03767089248446258,0.0,0.022227939193767608,-0.005484835080399153,0,1,0,3,0,1.0,0.2719298245614035,0.15375094133218462,0.1969788447693809,0.9714850594690501,0.45908799534583034,0.008771929824561403,0.10526315789473684,0.022865201418932397
252,113,99.12280701754386,114,0,111,3,0,0.0,0.8070299928815083,0.8009031400649419,0.19454525505764386,0.6434930278791675,0.3556543589120326,1.039959152474807,6.394736842105263,5.849841044843197,0.30879651678728526,0.02166369697350894,0.03589890253162165,0.0,0.02166369697350894,-0.00791840105004915,0,0,0,3,0,0.6666666666666666,0.2543859649122807,0.15532188280750414,0.19607269590137538,0.9785533264299298,0.45914129312891916,0.0,0.10526315789473684,0.02285680959719745
253,113,99.12280701754386,114,0,112,2,0,0.0,0.8052377087516219,0.7993432073457054,0.18545432689078775,0.6432579542395679,0.354153097644158,1.0496767283160373,6.394736842105263,5.849841044843197,0.30538126092070783,0.02500624324095701,0.03581740576311605,0.0,0.02500624324095701,-0.0032435741594708245,0,0,1,1,0,1.0,0.2807017543859649,0.15062407411971995,0.1902924831901136,0.9622007832757751,0.4543946043613063,0.0,0.14035087719298245,0.022840972459420565
254,113,99.12280701754386,114,0,112,2,0,0.0,0.8028292555208822,0.7970435050171658,0.1849162499537393,0.6429290088896437,0.35362512123638984,1.056521636860549,6.394736842105263,5.849841044843197,0.30458297340730023,0.043628380798893016,0.0320341486120779,0.0,0.043628380798893016,-0.004675578190318941,0,0,1,1,0,0.5,0.2631578947368421,0.15043922519526087,0.1931058861445742,0.9631860049497892,0.45457106915453066,0.0,0.14035087719298245,0.022819308803219383
255,113,99.12280701754386,114,0,112,2,0,0.0,0.8109118610047621,0.8053788611114343,0.18641309584210158,0.6430093903854436,0.3470935726067428,1.0449394838031418,6.394736842105263,5.849841044843197,0.30474522834219875,0.03589154114684723,0.03168884959499936,0.0,0.03589154114684723,-0.007511684680886588,0,0,0,2,0,0.5,0.2719298245614035,0.14973361928113454,0.1952511601100305,0.9663285459301691,0.45342260533021167,0.0,0.10526315789473684,0.022862072925505662
256,114,100.0,114,0,112,2,0,0.0,0.8079791624146195,0.8023513009350982,0.1838809415035637,0.6429433837252276,0.35049870688946794,1.043473647369456,6.394736842105263,5.849841044843197,0.30344359476505045,0.03558797725484088,0.034871400807161716,0.0,0.03558797725484088,-0.008819633064523769,0,0,1,1,0,0.5,0.2894736842105263,0.14842195314671958,0.19622047697261927,0.9603660537846301,0.4534951288807456,0.0,0.14035087719298245,0.02284547879020413
257,114,100.0,114,0,112,2,0,0.0,0.8047245356400226,0.7993362626414213,0.18687442825898976,0.6427401383916164,0.34746962566823936,1.0230841837768931,6.394736842105263,5.849841044843197,0.30422360289351413,0.04256847468511083,0.03537973077743023,0.0,0.04256847468511083,-0.012207396640763424,0,0,0,2,0,0.5,0.2631578947368421,0.14977718375489368,0.19577495413485296,0.9577919105757372,0.45456282946518667,0.0,0.07017543859649122,0.02282326089185748
258,114,100.0,114,0,112,2,0,0.0,0.8046944784441833,0.7991630539810816,0.1786292426259181,0.642540676641908,0.3461066559672672,1.0150760655245357,6.394736842105263,5.849841044843197,0.3025145056991039,0.04467669207925809,0.03691516207370245,0.0,0.04467669207925809,-0.010172556825122747,0,0,0,2,0,0.5,0.2719298245614035,0.14690505342935345,0.20722224932004074,0.9460947321479686,0.44837356338568396,0.0,0.07017543859649122,0.022817276508226684
259,113,99.12280701754386,114,1,112,1,0,0.008771929824561403,0.8055573125338632,0.799488993758712,0.17642119765215486,0.6424013235677025,0.35756768263860295,1.0414103637972723,6.394736842105263,5.849841044843197,0.3005635046967112,0.05832708879982756,0.03683526082607645,0.0,0.05832708879982756,-0.010946135243588728,0,1,0,1,0,0.5,0.2807017543859649,0.1447247470694114,0.2027144444349254,0.9461463125850642,0.4463276216815908,0.008771929824561403,0.10526315789473684,0.022817514712009025
260,113,99.12280701754386,114,0,113,1,0,0.0,0.8067807689822569,0.800776172539423,0.18253914738019414,0.6422971738438515,0.360742004968947,1.0493573393325464,6.394736842105263,5.849841044843197,0.30077474798558046,0.004631666356177733,0.03428451505417411,0.0,0.004631666356177733,-0.012736669663170053,0,0,0,1,0,1.0,0.2807017543859649,0.1463123204821996,0.2028206721805101,0.9396862855531831,0.4478650668462889,0.0,0.10526315789473684,0.02282058569760403
261,113,99.12280701754386,114,0,113,1,0,0.0,0.8057245403105221,0.7997290657620575,0.18586266154121883,0.642150113447658,0.3579091584522328,1.0624752693925497,6.394736842105263,5.849841044843197,0.3037598943394513,0.003988139709797559,0.035916180539971566,0.0,0.003988139709797559,-0.014971488314137305,0,0,0,1,0,1.0,0.2631578947368421,0.14862528940283481,0.20414544035680002,0.9370725687315437,0.45357666211213504,0.0,0.14035087719298245,0.022811003154536737
262,113,99.12280701754386,114,0,113,1,0,0.0,0.8024053852260296,0.7964104447667025,0.1774903015138333,0.6418563486083944,0.3565996543366858,1.0359021441600964,6.394736842105263,5.849841044843197,0.3027450056869514,0.004205729737747254,0.036002732253141545,0.0,0.004205729737747254,-0.013427584757695066,0,0,0,1,0,1.0,0.2719298245614035,0.1460854477299039,0.2046128373651433,0.9541443834062661,0.45136689156989174,0.0,0.14035087719298245,0.022785814991042992
263,113,99.12280701754386,114,0,113,1,0,0.0,0.810607290677494,0.8044953019106144,0.1846448839357836,0.6419581295785705,0.3530359522829609,1.029562896560797,6.394736842105263,5.849841044843197,0.3038947766683844,0.004859927884420263,0.034332275242556734,0.0,0.004859927884420263,-0.012378633431832764,0,0,0,1,0,1.0,0.2631578947368421,0.14772438715516198,0.19167199693049164,0.9481315163524839,0.45565494606037693,0.0,0.14035087719298245,0.022829801530784916
264,114,100.0,114,0,113,1,0,0.0,0.8102984963944762,0.804176578924278,0.18097090937284876,0.6420390406933182,0.35579186329939116,1.0287626826989589,6.394736842105263,5.849841044843197,0.3029613546405281,0.004921670746057005,0.03238401633949733,0.0,0.004921670746057005,-0.009858664147464336,0,0,0,1,0,1.0,0.2543859649122807,0.14628055141681148,0.1993700243411289,0.9557810189385733,0.4519181618701579,0.0,0.14035087719298245,0.022830624145170002
265,114,100.0,114,0,113,1,0,0.0,0.8110163110071915,0.8048058435159623,0.1752094378595285,0.6421446674191577,0.3518132998151104,1.0444598791755706,6.394736842105263,5.849841044843197,0.30128464453734605,0.0037956180857949846,0.03659682624799522,0.0,0.0037956180857949846,-0.012020004721089217,0,0,0,1,0,1.0,0.2543859649122807,0.14374256314258038,0.21802327167265503,0.9393401796694119,0.444032497251079,0.0,0.17543859649122806,0.02283730271601482
266,114,100.0,114,0,112,2,0,0.0,0.8043285638545656,0.7983218126490876,0.1721326787725057,0.6419406707502259,0.35278000997159276,1.049777501383263,6.394736842105263,5.849841044843197,0.29980725961442656,0.10605447937585781,0.0424633953507789,0.0,0.10605447937585781,-0.0034245535072928435,0,0,0,2,0,0.5,0.2543859649122807,0.14261194589341153,0.2113172490871298,0.9356382687127712,0.4439254336059452,0.0,0.14035087719298245,0.02279789723981705
267,114,100.0,114,0,113,1,0,0.0,0.8155304682280065,0.8094831557521421,0.18375830486072675,0.6422709442261622,0.3477754240169176,1.0420227998274496,6.394736842105263,5.849841044843197,0.3039165451163197,0.0051668492327457145,0.031283617813128176,0.0,0.0051668492327457145,-0.009155910411848767,0,0,0,1,0,1.0,0.2631578947368421,0.14645753931830457,0.19808235541065433,0.9229609300866493,0.4527630784624843,0.0,0.17543859649122806,0.022863566998362027
268,114,100.0,114,0,113,1,0,0.0,0.8085432267998139,0.8022781518506134,0.1659659896366724,0.6422447122083315,0.36294446434299504,1.056935069843433,6.394736842105263,5.849841044843197,0.2968086011319784,0.004231485097354885,0.03949122753985436,0.0,0.004231485097354885,-0.014257001398970681,0,0,0,1,0,1.0,0.2719298245614035,0.13889023452900043,0.21217129824267986,0.9311153142469262,0.44120611353754613,0.0,0.17543859649122806,0.02282786352554809
269,114,100.0,114,0,113,1,0,0.0,0.7993909528665746,0.7933450554323016,0.15922174208428777,0.6418019571691637,0.3631815147506961,1.0523461949134154,6.394736842105263,5.849841044843197,0.29441996495738976,0.0052982979901659445,0.03340304539408423,0.0,0.0052982979901659445,-0.008416008254822138,0,0,0,1,0,1.0,0.2631578947368421,0.1364862010806786,0.20579782772846542,0.9168910525562302,0.43918453279216296,0.0,0.17543859649122806,0.022769151922877217
270,114,100.0,114,0,113,1,0,0.0,0.7986337554008108,0.7926956485800859,0.1548737658249162,0.6413547111811341,0.36403149008400704,1.0518598722525596,6.394736842105263,5.849841044843197,0.29278881420887326,0.004227443049294249,0.038791343804746234,0.0,0.004227443049294249,-0.012880705488671984,0,0,0,1,0,1.0,0.2631578947368421,0.13460519868510573,0.2086076498417888,0.933573827709719,0.435637624142292,0.0,0.14035087719298245,0.022752284345858815
271,114,100.0,114,0,113,1,0,0.0,0.7981082978112909,0.792225728228444,0.15300916270720633,0.6409116366975969,0.3618447609703943,1.047544395697883,6.394736842105263,5.849841044843197,0.2927179597198728,0.004547027894149116,0.037981393605438576,0.0,0.004547027894149116,-0.011334018340670993,0,0,0,1,0,1.0,0.2719298245614035,0.1345965352324723,0.22137605439808905,0.9174144694099962,0.43364510322715694,0.0,0.14035087719298245,0.022736697481412625
272,114,100.0,114,0,113,1,0,0.0,0.7990175370754258,0.7931908972576376,0.1572336113654367,0.6405396500502744,0.35325719726128574,1.0344867070562613,6.394736842105263,5.849841044843197,0.2945753809817897,0.003077251592070989,0.03605826594266345,0.0,0.003077251592070989,-0.014637569248167948,0,0,0,1,0,1.0,0.2719298245614035,0.13647298640562683,0.21344827266616764,0.9410380721891364,0.43761670210028003,0.0,0.14035087719298245,0.022730363363945093
273,114,100.0,114,0,113,1,0,0.0,0.7958404169275237,0.7901652129778783,0.15468409208255168,0.6400478258538206,0.35723225684892596,1.0344504234873169,6.394736842105263,5.849841044843197,0.2939164258351392,0.003174246753764345,0.037294496413762916,0.0,0.003174246753764345,-0.013742348977988261,0,0,0,1,0,1.0,0.2807017543859649,0.13522573129064835,0.20708324666644684,0.9441233120563344,0.43682705568402025,0.0,0.14035087719298245,0.02270009229634927
274,114,100.0,114,0,113,1,0,0.0,0.8003992060772155,0.7946051970629575,0.15943223451216915,0.6397925582001941,0.35384285153321743,1.019440838928318,6.394736842105263,5.849841044843197,0.29638815230315063,0.003339865046101728,0.03703108470260362,0.0,0.003339865046101728,-0.017882391935299613,0,0,0,1,0,1.0,0.2894736842105263,0.13752710275263189,0.19759745421663022,0.9287096055829545,0.44385929448411654,0.0,0.17543859649122806,0.022715419866109705
275,114,100.0,114,0,113,1,0,0.0,0.8000476262110121,0.7943277428482279,0.1553824752550744,0.6395392387941166,0.3602136305577923,1.0306907571968893,6.394736842105263,5.849841044843197,0.2936359373147792,0.0035270904284083696,0.03590320328711123,0.0,0.0035270904284083696,-0.01751401376887679,0,0,0,1,0,1.0,0.2807017543859649,0.13480400755362842,0.1947404677374208,0.9431188655455685,0.4422878095731985,0.0,0.10526315789473684,0.022706252575483053
276,114,100.0,114,0,113,1,0,0.0,0.8034723355967853,0.7977019940380347,0.1584326442828989,0.6394586488354762,0.35438932053977884,1.0386057810173541,6.394736842105263,5.849841044843197,0.29481880734940225,0.005882722638819971,0.032151169770327975,0.0,0.005882722638819971,-0.01107309362706238,0,0,0,1,0,1.0,0.2807017543859649,0.1359977661516634,0.19021147419862855,0.9550998565586261,0.4446578726870389,0.0,0.10526315789473684,0.022721018930172632
277,114,100.0,114,0,113,1,0,0.0,0.8036008385897574,0.7978597174582804,0.15819358258570768,0.6393901545168145,0.35661281011423546,1.0317896451984476,6.394736842105263,5.849841044843197,0.29359409426144323,0.00587920353977983,0.03302626826516064,0.0,0.00587920353977983,-0.010860305500993817,0,0,0,1,0,1.0,0.2543859649122807,0.13519040296993537,0.19312444162947112,0.9508931494220715,0.44237759533037674,0.0,0.14035087719298245,0.022719658040754265
278,114,100.0,114,0,113,1,0,0.0,0.8093092318207705,0.8033926184022175,0.16282489340985848,0.6395845997352302,0.35432187335367465,1.0145423610227113,6.394736842105263,5.849841044843197,0.29564727265306345,0.005706071602229357,0.034065298040176904,0.0,0.005706071602229357,-0.011519406635773388,0,0,0,1,0,1.0,0.2543859649122807,0.13696496726689855,0.19951931059416414,0.9656690943704604,0.4413302645493666,0.0,0.14035087719298245,0.02275388737500764
279,114,100.0,114,0,113,1,0,0.0,0.8109982807134899,0.8050526711648127,0.1678260231745889,0.6398453585757473,0.347147726460238,1.0186515952543984,6.394736842105263,5.849841044843197,0.2979427273199866,0.00602433430996052,0.03162475026485631,0.0,0.00602433430996052,-0.011103651815262294,0,0,0,1,0,1.0,0.2543859649122807,0.1393634213997719,0.19326836304360093,0.9448941211523185,0.44585680192562094,0.0,0.14035087719298245,0.022769959608311546
280,114,100.0,114,0,113,1,0,0.0,0.8099264111393585,0.8038031470320607,0.16645109286143842,0.6400323872981172,0.34865047825025736,1.0093735943084894,6.394736842105263,5.849841044843197,0.298949655772198,0.0054298623316284475,0.03585440129307392,0.0,0.0054298623316284475,-0.01757906534433812,0,0,0,1,0,1.0,0.24561403508771928,0.13980321662868003,0.19296896794822557,0.9545032199031828,0.44638864581252985,0.0,0.10526315789473684,0.02277007070192431
281,114,100.0,114,0,114,0,0,0.0,0.8163819768085099,0.8102536890182751,0.1732453003907442,0.6405103522996999,0.34708657974188084,0.9811898939496028,6.394736842105263,5.849841044843197,0.30053077744130396,0.0,0.0,0.0,0.0,0.0,0,0,0,0,0,0.0,0.24561403508771928,0.1413349579945409,0.18070056421876493,0.9568350869896141,0.4500708820784356,0.0,0.14035087719298245,0.022816328626691352
282,114,100.0,114,0,114,0,0,0.0,0.8167027817295273,0.8107359531263173,0.17349808691476248,0.6409829264554296,0.3422195024113927,0.9730414763665024,6.394736842105263,5.849841044843197,0.29978585707620287,0.0,0.0,0.0,0.0,0.0,0,0,0,0,0,0.0,0.24561403508771928,0.14094308014858056,0.17629845412522654,0.9574812951790745,0.4498928901141841,0.0,0.17543859649122806,0.02283175506976104
283,114,100.0,114,0,113,1,0,0.0,0.8236676870855812,0.817695603984452,0.17394175929655684,0.6417535585842117,0.3374633677904486,0.9640568583180064,6.394736842105263,5.849841044843197,0.29987740497730697,0.005834634127433548,0.03359242924477905,0.0,0.005834634127433548,-0.016740784684785404,0,0,0,1,0,1.0,0.23684210526315788,0.14062464708868763,0.1746099779240699,0.9463632886366535,0.45046668654756067,0.0,0.17543859649122806,0.022889119973828434
284,114,100.0,114,0,113,1,0,0.0,0.8295737511955338,0.8235690586504949,0.17700313114056193,0.6427539801678628,0.3373041572093129,0.9535341208385762,6.394736842105263,5.849841044843197,0.29898920368640614,0.006146698512339623,0.03255337134683031,0.0,0.006146698512339623,-0.014939865626364623,0,0,0,1,0,1.0,0.22807017543859648,0.1400871538186353,0.1772093056238614,0.9534330786910501,0.4504153274944377,0.0,0.17543859649122806,0.02294791183058914
285,114,100.0,114,0,113,1,0,0.0,0.827228185766066,0.821278998258893,0.17643313106856465,0.6435887067649004,0.34096476255069985,0.9530304961901335,6.394736842105263,5.849841044843197,0.2985860668063165,0.006232930359868314,0.03581212284047182,0.0,0.006232930359868314,-0.017339510997553265,0,0,0,1,0,1.0,0.22807017543859648,0.13964819239155513,0.17802255991996077,0.9304013528097644,0.4489064903893601,0.0,0.17543859649122806,0.022960599092984667
286,114,100.0,114,0,113,1,0,0.0,0.8331714254501167,0.8271556604850596,0.17757699078036407,0.644649623502031,0.34519003635140316,0.9542314364646884,6.394736842105263,5.849841044843197,0.2964119483806824,0.006570597132297322,0.0338395646723347,0.0,0.006570597132297322,-0.01523831590161251,0,0,0,1,0,1.0,0.23684210526315788,0.1377554009628902,0.16369660620834436,0.9462821906409382,0.4469822455366404,0.0,0.17543859649122806,0.023021346262775057
287,114,100.0,114,0,113,1,0,0.0,0.829934908933335,0.8240843926923819,0.1747013951814814,0.6455047468692745,0.34640970238769125,0.9465031358588891,6.394736842105263,5.849841044843197,0.29370430405100434,0.006562544226530105,0.03572327212215834,0.0,0.006562544226530105,-0.018644630541794438,0,0,0,1,0,1.0,0.2543859649122807,0.13573807557491493,0.15482443993047168,0.957561390994441,0.44602289764927827,0.0,0.14035087719298245,0.023030175359051677
288,114,100.0,114,0,112,2,0,0.0,0.8344594634515716,0.8287934785884922,0.16870683387464488,0.6465302261104672,0.35230287901356316,0.9500704053803926,6.394736842105263,5.849841044843197,0.2907068662315817,0.11597572082206073,0.03308098197255924,0.0,0.11597572082206073,-0.002231965915835382,0,0,0,2,0,0.5,0.24561403508771928,0.13225541272226057,0.17257850585094187,0.9372129567093833,0.43971043123997533,0.0,0.14035087719298245,0.023082792584421676
289,114,100.0,114,0,113,1,0,0.0,0.8318286758343573,0.826271548766124,0.16824820627172263,0.6473776933374054,0.35193372482223917,0.947203401941876,6.394736842105263,5.849841044843197,0.2918324621681676,0.005278099582407434,0.031899978085146934,0.0,0.005278099582407434,-0.01349791123363786,0,0,0,1,0,1.0,0.2543859649122807,0.13316116304486988,0.17503268181596307,0.9372129567093833,0.4422034202978768,0.0,0.14035087719298245,0.023094426389177115
290,114,100.0,114,0,112,2,0,0.0,0.833672748924938,0.8281720426866852,0.1680920339575123,0.6482645257773965,0.35192755761578676,0.9548294860950838,6.394736842105263,5.849841044843197,0.2909400576417531,0.1096522671578597,0.03278499261533022,0.0,0.1096522671578597,-0.0048296093686032715,0,0,0,2,0,0.5,0.2543859649122807,0.132424880919357,0.17940353940979473,0.9450653666988197,0.4384942189343876,0.0,0.14035087719298245,0.023129585898666812
291,114,100.0,114,0,113,1,0,0.0,0.8363895710446412,0.8309110646625505,0.16941958544602675,0.6492276626747309,0.3494844418509499,0.9395598731514174,6.394736842105263,5.849841044843197,0.29068835028489715,0.002280094767618552,0.023983549214155186,0.0,0.002280094767618552,-0.009892344348476662,0,0,0,1,0,1.0,0.24561403508771928,0.13212851817740653,0.1785056186784554,0.9389512869790274,0.43854091944254087,0.0,0.17543859649122806,0.02317134099803448
292,114,100.0,114,0,112,2,0,0.0,0.8354598016616074,0.8301246556627561,0.1682906490949109,0.650097654653367,0.3510927736361272,0.9417537125684406,6.394736842105263,5.849841044843197,0.28916000069562653,0.00788074080917802,0.028942662295003203,0.0,0.00788074080917802,-0.0013573038793016912,0,0,0,2,0,1.0,0.24561403508771928,0.13082076788970431,0.1739225119559232,0.9471889208000607,0.4367335619577558,0.0,0.14035087719298245,0.023192138725045858
293,114,100.0,114,0,113,1,0,0.0,0.8392314254947117,0.8338359822598215,0.18119287603843776,0.6510904388494165,0.34599015344327627,0.9313295930371526,6.394736842105263,5.849841044843197,0.29375539696018005,0.001793388468203743,0.028628265438349586,0.0,0.001793388468203743,-0.011401513078682146,0,0,0,1,0,1.0,0.2631578947368421,0.1363915857287432,0.14965326082966632,0.9493414968729669,0.44950342818451655,0.0,0.14035087719298245,0.02324003499290499
294,114,100.0,114,0,113,1,0,0.0,0.8387887927046765,0.8335488852544881,0.18906020457833597,0.6520117109733136,0.3427591634077667,0.9299937261293448,6.394736842105263,5.849841044843197,0.2950883446768535,0.0017323022357683595,0.02905050124439052,0.0,0.0017323022357683595,-0.011407753436157853,0,0,0,1,0,1.0,0.24561403508771928,0.13886167427261986,0.14315867159896403,0.9743233882250916,0.4525190298766307,0.0,0.14035087719298245,0.02326476830637403
295,114,100.0,114,0,112,2,0,0.0,0.8375249966905366,0.83210827647353,0.18298238681166654,0.652811671483361,0.3535250563923121,0.9700847428970867,6.394736842105263,5.849841044843197,0.292254433508905,0.007862874802820143,0.026395862903699243,0.0,0.007862874802820143,-0.001815494196352796,0,0,0,2,0,1.0,0.2631578947368421,0.13612513363430617,0.1540732348830358,0.9568529008946934,0.4466495592919549,0.0,0.17543859649122806,0.023281847535432977
296,114,100.0,114,0,113,1,0,0.0,0.8390177600017906,0.8336958981563793,0.1864789374242991,0.6536391342510212,0.3451197095217284,0.9567895450614616,6.394736842105263,5.849841044843197,0.29389153347361474,0.004450043446126906,0.03327286476674808,0.0,0.004450043446126906,-0.0061766213187043895,0,0,0,1,0,1.0,0.23684210526315788,0.13751135422368088,0.14042208199251793,0.9675775931890431,0.45182595423426486,0.0,0.14035087719298245,0.023313513980295936
297,114,100.0,114,0,113,1,0,0.0,0.8444281734912155,0.8390539202749564,0.1895336790754937,0.6546689403837355,0.34787165892975924,0.963911453157583,6.394736842105263,5.849841044843197,0.29540804044544156,0.002098371014330953,0.026706226276191777,0.0,0.002098371014330953,-0.007504542499380762,0,0,0,1,0,1.0,0.23684210526315788,0.1384023891379207,0.14305314583798184,0.9524957744174402,0.45452336377744534,0.0,0.14035087719298245,0.023370687058659977
298,114,100.0,114,0,112,2,0,0.0,0.8469573335159337,0.8414044496811006,0.19602704206233235,0.6557485062817934,0.3392688152784613,0.9473380273558836,6.394736842105263,5.849841044843197,0.3009709370398106,0.006873708131032069,0.02386564658138039,0.0,0.006873708131032069,-0.00045773612247354545,0,0,0,2,0,1.0,0.2543859649122807,0.1431429675060319,0.14000402085772573,0.9626212389330586,0.4619073746941257,0.0,0.10526315789473684,0.02341490930328893
299,114,100.0,114,0,113,1,0,0.0,0.8449237702883101,0.8392786884601597,0.20421376663894064,0.6566654363689061,0.33836168384498405,0.940936692033866,6.394736842105263,5.849841044843197,0.30605248181552414,0.0017121837880572572,0.02046340819676594,0.0,0.0017121837880572572,-0.006705779750282026,0,0,0,1,0,1.0,0.2807017543859649,0.14796918093133804,0.1466914602559316,0.9656419712752995,0.4700899029807101,0.0,0.10526315789473684,0.02343156096344503
300,114,100.0,114,0,113,1,0,0.0,0.8490094161789657,0.84329161436795,0.20466589126040333,0.6577165273329129,0.33268986508739534,0.9236608626096461,6.394736842105263,5.849841044843197,0.30547069606511035,0.002024727158712647,0.026998479995271125,0.0,0.002024727158712647,-0.00825416561404968,0,0,1,0,0,1.0,0.2719298245614035,0.1474423159152032,0.14708361638347672,0.9600993856448672,0.4687836475193042,0.0,0.14035087719298245,0.02348273276821386
301,114,100.0,114,0,112,2,0,0.0,0.8520212222431697,0.8463124755392315,0.2101759323153025,0.6588475036076528,0.32708029396107763,0.9008239212411295,6.394736842105263,5.849841044843197,0.30806807102847755,0.006510846775122722,0.025966707262861426,0.0,0.006510846775122722,-0.001779806152839264,0,0,0,2,0,1.0,0.24561403508771928,0.1500064871152448,0.1375777639098861,0.9660746615637562,0.47331130267625077,0.0,0.10526315789473684,0.023530871955698467
302,114,100.0,114,0,113,1,0,0.0,0.8585356918935062,0.8527106077521779,0.2117386918178197,0.6602117440195026,0.33046476759119014,0.8858714059763022,6.394736842105263,5.849841044843197,0.3083970037674566,0.008882001882009048,0.04065527034629227,0.0,0.008882001882009048,-0.005337122883750045,0,0,0,1,0,1.0,0.2543859649122807,0.1499930612026991,0.14519310499066443,0.970365606151028,0.4710410128259102,0.0,0.10526315789473684,0.023603347251731514
303,113,99.12280701754386,114,1,111,2,0,0.008771929824561403,0.8684533668409307,0.8649337150864889,0.2283562465874614,0.6619515078816799,0.3226661008609853,0.8578440572147236,6.394736842105263,5.849841044843197,0.31555177809583745,0.07478417569593841,0.029697893924696826,0.0,0.07478417569593841,0.0008436808399286955,0,1,0,2,0,0.6666666666666666,0.2719298245614035,0.1573970720162714,0.1648874798219959,0.9643914390115688,0.4751270546005989,0.008771929824561403,0.10526315789473684,0.023703822336715134
304,113,99.12280701754386,114,0,111,3,0,0.0,0.8797102603167783,0.876240443911765,0.24975767535000126,0.6642353353882324,0.3166972635489665,0.8506653236130769,6.394736842105263,5.849841044843197,0.3206497761255658,0.10053886300965158,0.032286891456880525,0.0,0.10053886300965158,-0.004237544514843705,0,0,0,3,0,0.3333333333333333,0.2543859649122807,0.16352356921769462,0.15189733133041475,0.9643914390115688,0.48767183632100697,0.0,0.10526315789473684,0.023826906943530235
305,113,99.12280701754386,114,0,110,4,0,0.0,0.8839437253968236,0.8804140137711468,0.2530422941905211,0.6665808803780485,0.3082502555277654,0.8299276110957813,6.394736842105263,5.849841044843197,0.32071282371654464,0.08785608200755647,0.030651299098910074,0.0,0.08785608200755647,0.0018167136753718255,0,0,1,3,0,0.5,0.2631578947368421,0.16379774761360236,0.15230587190800643,0.957443153937347,0.4876937843566443,0.0,0.10526315789473684,0.02391667959570023
306,112,98.24561403508773,114,1,109,4,0,0.008771929824561403,0.8938860418463846,0.889665023915697,0.26585940892583343,0.669251861595665,0.31374448156149154,0.8214341385610485,6.394736842105263,5.849841044843197,0.32305802947244877,0.0657655060915607,0.0305445628730432,0.0,0.0657655060915607,-0.0023255077022544144,0,1,0,4,0,0.6,0.2719298245614035,0.16688298009851898,0.16567917454035064,0.9510858712388388,0.4929091314015385,0.008771929824561403,0.14035087719298245,0.024044515255732122
307,112,98.24561403508773,114,0,111,3,0,0.0,0.8896993728248412,0.8858583789620059,0.251708359724908,0.6715587371440263,0.3238864038842775,0.8546508593673682,6.394736842105263,5.849841044843197,0.31774716232535605,0.08849136253650071,0.03796496842053961,0.0,0.08849136253650071,-0.0027171908137319143,0,0,0,3,0,0.6666666666666666,0.2719298245614035,0.16110851757530203,0.17320338595708004,0.9467445832649592,0.4866023952607874,0.0,0.14035087719298245,0.024091056186965148
308,113,99.12280701754386,114,0,111,3,0,0.0,0.8939026995680227,0.8900921713266144,0.2553272418232537,0.6739288002385045,0.32972097831879066,0.8294598606653453,6.394736842105263,5.849841044843197,0.316946593421912,0.1042113853178654,0.031244286585449043,0.0,0.1042113853178654,0.004015603632345155,0,0,0,3,0,0.3333333333333333,0.2631578947368421,0.16065419471951742,0.17277071217979575,0.9583063161396974,0.48872354722280886,0.0,0.12280701754385964,0.024181395282525792
309,113,99.12280701754386,114,0,111,3,0,0.0,0.8996428838190207,0.8957789155928179,0.2635846612575508,0.6764263508094532,0.32935465467873076,0.8268116927268597,6.394736842105263,5.849841044843197,0.3190148198356251,0.11485399386309965,0.0326561546568063,0.0,0.11485399386309965,0.003725965623166396,0,0,0,3,0,0.3333333333333333,0.2719298245614035,0.16315051848406667,0.1752015577976317,0.9660619980044924,0.4921646205769826,0.0,0.12280701754385964,0.024283147572988318
310,113,99.12280701754386,114,0,110,4,0,0.0,0.8929213410363989,0.8889607597595208,0.2494441346404293,0.6784587176192366,0.3361523957402862,0.8366516956420776,6.394736842105263,5.849841044843197,0.3141324067369313,0.09222164676818805,0.04142440010552503,0.0,0.09222164676818805,1.3928365075785432e-05,0,0,0,4,0,0.5,0.2631578947368421,0.15811947152944283,0.18135477421092241,0.9412709087993808,0.48361913310121435,0.0,0.12280701754385964,0.024308984972985448
311,114,100.0,114,0,112,2,0,0.0,0.882977889232637,0.8793312040135155,0.23743225229125392,0.6799215432376271,0.3449428324487043,0.8571041391673286,6.394736842105263,5.849841044843197,0.30949696512256186,0.037028992632944034,0.027458725032556815,0.0,0.037028992632944034,0.00046366170733735945,0,0,0,2,0,0.5,0.2719298245614035,0.15338306726638337,0.17166295547331656,0.9525579507996443,0.4819316829607528,0.0,0.10526315789473684,0.024302054200686183
312,114,100.0,114,0,111,3,0,0.0,0.8874755193457525,0.8838373377339046,0.2530278000480138,0.6815096772105069,0.3432776685182284,0.8956413279189598,6.394736842105263,5.849841044843197,0.31397882652953024,0.021961888455744306,0.03569003985517037,0.0,0.021961888455744306,-0.00712477481471821,0,0,0,3,0,1.0,0.2807017543859649,0.15871211854334852,0.16569022190911,0.9550394489283115,0.49127655093679984,0.0,0.12280701754385964,0.024370994007748073
313,114,100.0,114,0,111,3,0,0.0,0.8964927297476444,0.8928253267731755,0.25493285463360255,0.6834255343279343,0.3437267217715179,0.8610112652048912,6.394736842105263,5.849841044843197,0.3152934225976116,0.018277736364456072,0.03072651494134521,0.0,0.018277736364456072,-0.007927438616032992,0,0,0,3,0,0.6666666666666666,0.2807017543859649,0.1589191989958495,0.1734592292986086,0.9583989011777314,0.4921618451514526,0.0,0.12280701754385964,0.02447211735776544
314,114,100.0,114,0,112,2,0,0.0,0.8994937800744093,0.8958681119916119,0.25558230314875474,0.6853717153282377,0.3474297282771205,0.9188428401738061,6.394736842105263,5.849841044843197,0.31264384480607976,0.055357982104548724,0.03991530882272956,0.0,0.055357982104548724,0.001232988550183306,0,0,0,2,0,0.5,0.2807017543859649,0.156878389593469,0.1723441884894241,0.9599040401880817,0.4889197969084227,0.0,0.12280701754385964,0.024544046856880608
315,114,100.0,114,0,112,2,0,0.0,0.902019638541215,0.8984651396505436,0.26248895627192853,0.6873255854255287,0.3408274480148944,0.8984218757703035,6.394736842105263,5.849841044843197,0.3155532861326269,0.056120033790957355,0.03472792615130423,0.0,0.056120033790957355,-0.0004076194122729915,0,0,0,2,0,0.5,0.2807017543859649,0.16002113269851778,0.17076692420649073,0.9465872748276868,0.4957286368918748,0.0,0.12280701754385964,0.024613825296671762
316,114,100.0,114,0,112,2,0,0.0,0.892293682076266,0.8885986228027056,0.2554735211859741,0.6887034167860967,0.34774638410830255,0.9125883860216805,6.394736842105263,5.849841044843197,0.31278668089348605,0.025585998051285117,0.027579858195132777,0.0,0.025585998051285117,-0.004693739443399847,0,0,0,2,0,1.0,0.2982456140350877,0.15777214798322484,0.16909988584812485,0.9451326097737862,0.492522053087088,0.0,0.12280701754385964,0.024605495986576627
317,114,100.0,114,0,112,2,0,0.0,0.8903562669556999,0.8867004336173643,0.2622685465424185,0.689911814362147,0.3474432947641372,0.9004220220727804,6.394736842105263,5.849841044843197,0.3157804739640717,0.038537593751918724,0.026229786869070425,0.0,0.038537593751918724,-0.0012577122223166315,0,0,0,2,0,0.5,0.2807017543859649,0.1611296962580887,0.16297317851572074,0.94998707104767,0.5015052418623109,0.0,0.14035087719298245,0.02463115357966814
318,114,100.0,114,0,111,3,0,0.0,0.8868330287014483,0.883522265175956,0.25792664686906597,0.6909007883592408,0.3504993922077107,0.8930966896218804,6.394736842105263,5.849841044843197,0.315225679632237,0.14987500080404811,0.03899495615106014,0.0,0.14987500080404811,0.0017864244828905325,0,0,0,3,0,0.3333333333333333,0.2982456140350877,0.15981511955656072,0.16162048541600382,0.9717333753014967,0.5004132305670383,0.0,0.08771929824561403,0.024642464091799293
319,114,100.0,114,0,112,2,0,0.0,0.8831298816762996,0.8798412299282277,0.2559928364459614,0.6916596411808925,0.3493758229327423,0.8937189131431355,6.394736842105263,5.849841044843197,0.3156995123260744,0.08042194366544514,0.03772722566469777,0.0,0.08042194366544514,-0.001464247733080154,0,0,0,2,0,0.5,0.2894736842105263,0.1599176776289479,0.15841484534397599,0.968548611567615,0.501020195885377,0.0,0.08771929824561403,0.024646144198589015
320,114,100.0,114,0,112,2,0,0.0,0.8769188358196456,0.873603570391416,0.2562294474579896,0.6920821877844556,0.3477679541150239,0.8817554925641337,6.394736842105263,5.849841044843197,0.31543821667721494,0.039799939420852894,0.027851340134249985,0.0,0.039799939420852894,-0.004200312789863381,0,0,0,2,0,0.5,0.32456140350877194,0.16037679760272044,0.14928352413680354,0.9710191955167287,0.5042849845312813,0.0,0.07017543859649122,0.024627448121630157
321,114,100.0,114,0,112,2,0,0.0,0.8785766382034684,0.8751927044355752,0.25689844615981705,0.6925543855358282,0.3484183849356523,0.8799873790938151,6.394736842105263,5.849841044843197,0.3171383737165152,0.07183247270246437,0.03231983473484079,0.0,0.07183247270246437,-0.00032409006102090965,0,0,0,2,0,0.5,0.3333333333333333,0.16125876813483284,0.14619536941934247,0.9689421924340174,0.5093679087883138,0.0,0.08771929824561403,0.024649548542485578
322,114,100.0,114,0,112,2,0,0.0,0.8861848127026695,0.8826084532715706,0.27287818915173573,0.6933460080846805,0.3432588343408891,0.8699127284082762,6.394736842105263,5.849841044843197,0.321209997848227,0.07210148545558932,0.03272965128938659,0.0,0.07210148545558932,-0.001138716467519868,0,0,0,2,0,0.5,0.32456140350877194,0.1666058801258819,0.13536620849384823,0.9749650575687703,0.5199667840621648,0.0,0.08771929824561403,0.024710743745373083
323,114,100.0,114,0,112,2,0,0.0,0.8902861879373734,0.8867358875419665,0.27997958507672016,0.6942844806479886,0.3406884150651454,0.8839659563582442,6.394736842105263,5.849841044843197,0.32252443367807104,0.07830236542129217,0.036167353278080114,0.0,0.07830236542129217,-0.0022717383198665453,0,0,0,2,0,0.5,0.2894736842105263,0.16835300203084846,0.1367634231214399,0.9749650575687703,0.5220247007074924,0.0,0.08771929824561403,0.024758700198148097
324,114,100.0,114,0,112,2,0,0.0,0.8847619809276386,0.8815000152963333,0.275012853801272,0.6949230218951493,0.3413881020038929,0.8801373319421399,6.394736842105263,5.849841044843197,0.3207141999904881,0.04387843333814099,0.03708492854877485,0.0,0.04387843333814099,-0.008017276750851648,0,0,1,1,0,0.5,0.2982456140350877,0.16667419009621998,0.12763571978827168,0.9606388818842635,0.5208228043983426,0.0,0.12280701754385964,0.024749755987081755
325,114,100.0,114,0,112,2,0,0.0,0.886071891231989,0.8826402876614773,0.27719909889683647,0.6955775727910168,0.3465657373523835,0.8847655609416317,6.394736842105263,5.849841044843197,0.32084329112332477,0.08045729907405029,0.04444263846499845,0.0,0.08045729907405029,-0.004674869311669189,0,0,0,2,0,0.5,0.2982456140350877,0.16747145404522967,0.12504848957935336,0.9725957344777157,0.5212726967904993,0.0,0.12280701754385964,0.02477545063208643
326,113,99.12280701754386,114,1,112,1,0,0.008771929824561403,0.8937555766442328,0.8902422305387548,0.2970377055281818,0.6965503661604765,0.3402349776453143,0.8840150734832023,6.394736842105263,5.849841044843197,0.32636342198953927,0.04340434383088187,0.02831888623021072,0.0,0.04340434383088187,-0.00601756922815147,0,1,0,1,0,0.5,0.2982456140350877,0.1740068874918241,0.12278864084242831,0.9715891723102734,0.5217386730799619,0.008771929824561403,0.12280701754385964,0.02484232249205173
327,113,99.12280701754386,114,0,112,2,0,0.0,0.8959731402847043,0.8921095097008692,0.3006623597131781,0.6975528675535602,0.33529104510829927,0.9012352323645292,6.394736842105263,5.849841044843197,0.32925721273922304,0.033415677562752745,0.040448207423140994,0.0,0.033415677562752745,-0.005886645776691152,0,0,0,2,0,0.5,0.3157894736842105,0.17650829239833016,0.12882958532499522,0.9599703168043561,0.5252521074052643,0.0,0.12280701754385964,0.024882732679237955
328,113,99.12280701754386,114,0,109,5,0,0.0,0.8912362661139343,0.8874696052883824,0.2911686231596401,0.6982795825824654,0.33599584553494544,0.8823565498830288,6.394736842105263,5.849841044843197,0.32664101557752256,0.013409023462712225,0.037382596483561376,0.0,0.013409023462712225,-0.005500100711114319,0,0,0,5,0,0.8,0.2807017543859649,0.1735933595625586,0.13051277999212824,0.9599703168043561,0.5220299504566398,0.0,0.12280701754385964,0.024880304145404077
329,113,99.12280701754386,114,0,110,4,0,0.0,0.8774624709332324,0.8738723205865977,0.27251440547945943,0.6983274503041556,0.34560553356098567,0.904274577163071,6.394736842105263,5.849841044843197,0.3250347568940619,0.01694353806691489,0.03913541352229471,0.0,0.01694353806691489,-0.006329315574122363,0,0,0,4,0,0.75,0.30701754385964913,0.1704860509372,0.14048712312446754,0.9779276273392646,0.5185288777220053,0.0,0.08771929824561403,0.024812835262315897
330,113,99.12280701754386,114,0,110,4,0,0.0,0.8774898811471293,0.874181758198893,0.2696155734499348,0.6983869991269765,0.3425394890618963,0.895228178446016,6.394736842105263,5.849841044843197,0.32389108810677203,0.018931783062905203,0.04090616394337149,0.0,0.018931783062905203,-0.009198559056617997,0,0,2,2,0,0.75,0.2982456140350877,0.16877179703044556,0.12339203060823764,0.9779276273392646,0.5213220383379995,0.0,0.08771929824561403,0.024814714069124937
331,113,99.12280701754386,114,1,108,5,0,0.008771929824561403,0.8731670371954054,0.8711939819438201,0.26082157039383846,0.6982399595294527,0.35106514030384317,0.9141653058317453,6.394736842105263,5.849841044843197,0.3218448186760732,0.06783164912015267,0.03304286226118875,0.0,0.06783164912015267,-0.002882432630388366,0,1,0,5,0,0.5,0.2982456140350877,0.16640575590372625,0.13505637799630418,0.9762568706026074,0.5170632703311063,0.008771929824561403,0.08771929824561403,0.024788799058002256
332,112,98.24561403508773,114,1,110,3,0,0.008771929824561403,0.8667433516903816,0.86437834459492,0.26863204021271025,0.6978713495572345,0.3515283147580482,0.92366823853163,6.394736842105263,5.849841044843197,0.32526919721231873,0.07121243050462964,0.031393685630507234,0.0,0.07121243050462964,-0.0043626981051062275,0,1,0,3,0,0.5,0.30701754385964913,0.1708939586766208,0.1260255394315957,0.9660273574399649,0.5238746801127648,0.008771929824561403,0.10526315789473684,0.02474589908175203
333,111,97.36842105263158,114,1,110,3,0,0.008771929824561403,0.8642939878060227,0.8611346216169549,0.27041821568809743,0.6973843831185238,0.35727240940064353,0.9610503124732735,6.394736842105263,5.849841044843197,0.3274806071664247,0.022499494213073692,0.04040492410809224,0.0,0.022499494213073692,-0.011217052100111438,0,1,0,3,0,0.75,0.32456140350877194,0.1731846983961776,0.13259154302012283,0.9787157276939709,0.5268760161579376,0.008771929824561403,0.10526315789473684,0.024719408881027083
334,111,97.36842105263158,114,0,109,5,0,0.0,0.8696863760499918,0.8665335812848417,0.2699125956420301,0.6971411749188101,0.35561913765766345,0.9313596741466043,6.394736842105263,5.849841044843197,0.32897871330403494,0.00895275252475726,0.03503464484780372,0.0,0.00895275252475726,-0.00683935629718479,0,0,0,5,0,1.0,0.32456140350877194,0.17332928258107616,0.14396690160375847,0.975387813699124,0.5257841576243738,0.0,0.10526315789473684,0.02473925717570129
335,111,97.36842105263158,114,0,109,5,0,0.0,0.8733159020083611,0.8703588011295053,0.2789834100474367,0.6970912094366107,0.3557019288335399,0.9212583270561466,6.394736842105263,5.849841044843197,0.3310066442548978,0.011772042257078723,0.03712736730751283,0.0,0.011772042257078723,-0.009116338700542903,0,0,1,4,0,1.0,0.3157894736842105,0.17617006653002482,0.15222756220755823,0.9756220412211677,0.5275851562316901,0.0,0.10526315789473684,0.024755943354850162
336,112,98.24561403508773,114,0,109,5,0,0.0,0.8785601508461552,0.8757844877969566,0.2782389906727207,0.6972980820922069,0.3530966480218121,0.9273523481840084,6.394736842105263,5.849841044843197,0.3299270516962498,0.014681677975182808,0.04242959931484474,0.0,0.014681677975182808,-0.00923644889458236,0,0,0,5,0,0.8,0.30701754385964913,0.1741619270359381,0.14334889566467818,0.9732462258639033,0.5279691559246393,0.0,0.10526315789473684,0.02478821545979794
337,113,99.12280701754386,114,0,109,5,0,0.0,0.8800145857595171,0.8772445145444981,0.27497294076499323,0.6975611804214402,0.35445824396526565,0.9380408061451393,6.394736842105263,5.849841044843197,0.32683140469226823,0.011498144158255978,0.0367394220736873,0.0,0.011498144158255978,-0.006425085012789244,0,0,0,5,0,1.0,0.30701754385964913,0.17137065586990172,0.14936522178159614,0.9618307949510548,0.5191296506635455,0.0,0.10526315789473684,0.024803183051390645
338,114,100.0,114,0,109,5,0,0.0,0.8840242996170746,0.8812488313540967,0.2803954491276519,0.6979962848512564,0.35244939494120414,0.9331009481554186,6.394736842105263,5.849841044843197,0.3279229135528683,0.015515405933213705,0.034463457671366285,0.0,0.015515405933213705,-0.006171611675881083,0,0,0,5,0,0.8,0.30701754385964913,0.17258421085005066,0.14502053073322196,0.9556342220115254,0.5248491993523955,0.0,0.10526315789473684,0.02483595807944009
339,114,100.0,114,0,110,4,0,0.0,0.8883438531899227,0.8855048934913369,0.29019761105089903,0.698605114659388,0.34286122664579355,0.9035535985547832,6.394736842105263,5.849841044843197,0.33075520001544945,0.015159035546231107,0.0358335642663923,0.0,0.015159035546231107,-0.006832194694080002,0,0,0,4,0,1.0,0.32456140350877194,0.17598967815620956,0.1557940951164426,0.9696264832891881,0.5266384320830632,0.0,0.10526315789473684,0.024875363635308994
340,114,100.0,114,0,109,5,0,0.0,0.8905794533288351,0.8875980447247157,0.297265698207797,0.699276285707495,0.33725196594051193,0.8991372488383659,6.394736842105263,5.849841044843197,0.33156570948400566,0.016250673033515368,0.03431820029238264,0.0,0.016250673033515368,-0.005510200418727118,0,0,0,5,0,0.8,0.32456140350877194,0.17786495006457134,0.15090080891150723,0.9638675216493626,0.5300053916369822,0.0,0.10526315789473684,0.02490617285573019
341,114,100.0,114,0,106,8,0,0.0,0.8967071488685421,0.8936983160536088,0.3088961750807426,0.7001936792569841,0.33670882807747693,0.8879204562383806,6.394736842105263,5.849841044843197,0.3331893384113296,0.021180446651484698,0.0346081304601812,0.0,0.021180446651484698,-0.0033275540988849037,0,0,0,8,0,0.75,0.2894736842105263,0.18060401235715326,0.14805393256393598,0.9785913439985717,0.5330045181384364,0.0,0.07017543859649122,0.0249636443656291
342,114,100.0,114,0,108,6,0,0.0,0.8919026152156159,0.888769305181849,0.30783916208545076,0.7008267353012076,0.3380074501090199,0.9051610855825664,6.394736842105263,5.849841044843197,0.33390601471161285,0.019715852308104128,0.03377166972926263,0.0,0.019715852308104128,0.001586985051400841,0,0,0,6,0,0.8333333333333334,0.3333333333333333,0.18191976601533438,0.1620679652763574,0.9751746332783091,0.527819512753496,0.0,0.07017543859649122,0.024958138083520397
343,114,100.0,114,0,108,6,0,0.0,0.8960968049881821,0.8928976335337265,0.32256394001405764,0.7016159590902348,0.3421445535193938,0.9198852476121916,6.394736842105263,5.849841044843197,0.33673945969670527,0.02546723220226633,0.035550104707842305,0.0,0.02546723220226633,-0.002944259766561217,0,0,0,6,0,0.8333333333333334,0.32456140350877194,0.1864416035851526,0.17327724280473542,0.934748974315022,0.5333217331576131,0.0,0.10526315789473684,0.025002193200956317
344,114,100.0,114,0,108,6,0,0.0,0.8940678677255689,0.8909288286972188,0.32712920678813096,0.7022668769793804,0.3390419638886232,0.8913453872254431,6.394736842105263,5.849841044843197,0.33796606336057544,0.02068288471556198,0.034262850198744275,0.0,0.02068288471556198,-0.008653938096785488,0,0,0,6,0,0.8333333333333334,0.3333333333333333,0.18883125012950866,0.17042046623044585,0.9729510854757799,0.5361571658945843,0.0,0.07017543859649122,0.025011087345566983
345,113,99.12280701754386,114,1,107,5,1,0.008771929824561403,0.8898461146475732,0.885427337723815,0.3051075095053798,0.7026854510256202,0.34941928147964524,0.9379705172115202,6.394736842105263,5.849841044843197,0.3333400434406206,0.026436163917693482,0.03544026127151496,0.0,0.026436163917693482,-0.0011997179172460143,0,2,0,5,0,0.7142857142857143,0.30701754385964913,0.1825946098685006,0.18562851488421922,0.9684497710530465,0.5195333811128241,0.008771929824561403,0.07017543859649122,0.025002221538357003
346,113,99.12280701754386,114,0,109,5,0,0.0,0.8883562400955766,0.8840956221824325,0.30102210027283743,0.7029540199610538,0.34979178905543284,0.9131245293703766,6.394736842105263,5.849841044843197,0.3311778347471759,0.022632234424770654,0.0323493939282936,0.0,0.022632234424770654,0.0007114318984848933,0,0,0,5,0,0.8,0.32456140350877194,0.1803686566549227,0.17930309103636688,0.9791053602987142,0.5174872202007418,0.0,0.07017543859649122,0.025002627593506365
347,113,99.12280701754386,114,0,111,3,0,0.0,0.8818471873236455,0.8778104968407954,0.28294474971534084,0.7029127421671048,0.3585523308069446,0.9311266985583148,6.394736842105263,5.849841044843197,0.32685945151268925,0.03708422665327398,0.031162035478982223,0.0,0.03708422665327398,0.003283478427002625,0,0,0,3,0,0.6666666666666666,0.30701754385964913,0.17463285318763688,0.19190847447486842,0.9807524543922786,0.5062459074231614,0.0,0.07017543859649122,0.024968874986980295
348,113,99.12280701754386,114,0,111,3,0,0.0,0.8802224780234066,0.8763896462200058,0.2768988375799491,0.7028073850562478,0.35953091910928686,0.9325439458633364,6.394736842105263,5.849841044843197,0.32409194221177406,0.04598088708121619,0.033411872008081885,0.0,0.04598088708121619,-0.0014514843080124518,0,0,0,3,0,0.6666666666666666,0.30701754385964913,0.1719127307865662,0.19323584545242273,0.9697835225776404,0.5026794081061565,0.0,0.07017543859649122,0.024957669828721815
349,113,99.12280701754386,114,0,110,4,0,0.0,0.8721725256780914,0.8683764836901465,0.2800025708823941,0.7023331853523762,0.36017932225102034,0.9400395138408508,6.394736842105263,5.849841044843197,0.3289124857231174,0.09959831730631837,0.03677875447687759,0.0,0.09959831730631837,-0.004683160632231301,0,0,0,4,0,0.5,0.32456140350877194,0.17677084680775684,0.20470059986625155,0.9527207356267973,0.5065640655308972,0.0,0.10526315789473684,0.024903550102539435
350,114,100.0,114,0,110,4,0,0.0,0.8684346528900108,0.8647866158078191,0.2767102793224657,0.7017187243255472,0.3616691942450452,0.9565166968239042,6.394736842105263,5.849841044843197,0.32925569405182076,0.1592980562033381,0.03781373974981925,0.0,0.1592980562033381,-0.0019869108807492736,0,0,0,4,0,0.5,0.3333333333333333,0.17677159682988608,0.1931070316145555,0.9668479398095038,0.5078699256360941,0.0,0.07017543859649122,0.024866888241923023
351,114,100.0,114,0,110,4,0,0.0,0.8723612214156975,0.8685982982507737,0.27682168053919187,0.7013185901833078,0.3531959230598254,0.9250802946119622,6.394736842105263,5.849841044843197,0.32699557134688106,0.08466169715915854,0.031754021260161774,0.0,0.08466169715915854,-0.0014669506563979862,0,0,0,4,0,0.75,0.2894736842105263,0.17506163801331692,0.18435693365530278,0.9773325273939765,0.5063133802434878,0.0,0.07017543859649122,0.024874817478907883
352,113,99.12280701754386,114,1,108,5,0,0.008771929824561403,0.8807835450912608,0.8768729165782744,0.2920845075836677,0.70133071472293,0.35180916964778775,0.9380782439176565,6.394736842105263,5.849841044843197,0.3276054571699627,0.12125870511262121,0.03836940250756512,0.0,0.12125870511262121,-0.0027522432898312763,0,1,0,5,0,0.5,0.2807017543859649,0.17781604440381982,0.1848490783319091,0.9747245274873731,0.5129226701237131,0.008771929824561403,0.08771929824561403,0.024917283730433358
353,113,99.12280701754386,114,0,108,6,0,0.0,0.8743874624559276,0.8705339277197406,0.2736646700049197,0.7010438635234039,0.35918789718952554,0.9337506835302442,6.394736842105263,5.849841044843197,0.3221815257261782,0.06018378583653727,0.031107626600003966,0.0,0.06018378583653727,-0.0020178990402356747,0,0,0,6,0,0.6666666666666666,0.2982456140350877,0.17122046956412926,0.19646937355963573,0.9786721304294717,0.501777250678906,0.0,0.12280701754385964,0.024876913147652942
354,113,99.12280701754386,114,0,109,5,0,0.0,0.8780398939653252,0.8740456616026732,0.28058302794655543,0.7009381373431409,0.3587061119683245,0.9445554843766881,6.394736842105263,5.849841044843197,0.32448332433400995,0.08553924729803997,0.03189010402959227,0.0,0.08553924729803997,0.0022242420870410397,0,0,0,5,0,0.6,0.2719298245614035,0.17406960549278325,0.20854810053208953,0.9719658161264706,0.5009811450730205,0.0,0.15789473684210525,0.024892082898455847
355,113,99.12280701754386,114,0,111,3,0,0.0,0.8729601233599846,0.8689298303367604,0.2789890087748646,0.7005991815786232,0.35488108951515385,0.9370155105736477,6.394736842105263,5.849841044843197,0.32481907862717074,0.015921854272684926,0.03482639748357269,0.0,0.015921854272684926,-0.002570089649127416,0,0,0,3,0,1.0,0.2982456140350877,0.17464362043729578,0.20387249511772484,0.971255570524526,0.5029919382308449,0.0,0.12280701754385964,0.024856769858710832
356,111,97.36842105263158,114,2,109,3,0,0.017543859649122806,0.8740160899828074,0.86954905428906,0.2848034578594957,0.700327221784108,0.3532606323333076,0.9213496951025464,6.394736842105263,5.849841044843197,0.3273839475049609,0.07853920699531693,0.037974011240083504,0.0,0.07853920699531693,-0.00461791546675947,0,2,0,3,0,0.6,0.3157894736842105,0.1774121280738894,0.21120925044212754,0.9636813798822883,0.5021248453573682,0.017543859649122806,0.10526315789473684,0.02485409508398244
357,112,98.24561403508773,114,0,109,5,0,0.0,0.8754624276919112,0.8710812514928602,0.28264623766322533,0.7001246873829817,0.3559565642877668,0.9257633047908334,6.394736842105263,5.849841044843197,0.32575366888078316,0.05705758271632744,0.03429298145264896,0.0,0.05705758271632744,-0.006855480851415308,0,0,0,5,0,0.8,0.3157894736842105,0.1756132912283224,0.21359995148028676,0.9854349661869427,0.49890536793812257,0.0,0.07017543859649122,0.024855402802264448
358,112,98.24561403508773,114,0,110,4,0,0.0,0.8759199970965306,0.8716470204974812,0.27921403128907163,0.6999604781923436,0.359423226941335,0.9269597406075605,6.394736842105263,5.849841044843197,0.3216583951462335,0.07287323028935727,0.03550890078788397,0.0,0.07287323028935727,-0.0017519395197934662,0,0,0,4,0,0.75,0.2894736842105263,0.17229259454170626,0.2082157899666875,0.9715009515657202,0.49358405320441273,0.0,0.07017543859649122,0.02485288766097087
359,112,98.24561403508773,114,0,109,5,0,0.0,0.871071278307915,0.8670758738688117,0.2805794141489413,0.6995919511289755,0.3583924230581051,0.9455034376010295,6.394736842105263,5.849841044843197,0.3216733210781255,0.06499740488682272,0.03285171674484853,0.0,0.06499740488682272,-0.0014160227784926426,0,0,0,5,0,0.8,0.2982456140350877,0.17312899288242184,0.2064076883752783,0.9603531016900553,0.4950953063027077,0.0,0.017543859649122806,0.024817864943320663
360,111,97.36842105263158,114,1,109,4,0,0.008771929824561403,0.8654555932836073,0.8636969285764843,0.2693981425993763,0.6989953195655249,0.3679794289295604,0.9530647357417242,6.394736842105263,5.849841044843197,0.31892018540502654,0.0657216753558639,0.03462768451116963,0.0,0.0657216753558639,-0.002092164578113487,0,1,0,4,0,0.8,0.2894736842105263,0.1692931027034531,0.2199285215034561,0.9613837174450546,0.48836776777595775,0.008771929824561403,0.05263157894736842,0.02477233551915651
361,112,98.24561403508773,114,1,109,4,0,0.008771929824561403,0.8629665844914713,0.8612233806629975,0.2742135110544643,0.6984156271748088,0.3650818428520726,0.9701957492399792,6.394736842105263,5.849841044843197,0.3219412544293423,0.02338980253219198,0.02909295834791028,0.0,0.02338980253219198,-0.0014974464325060888,0,1,1,3,0,1.0,0.2719298245614035,0.17324575450248322,0.2515625503775169,0.9637989357935708,0.48788485148744865,0.008771929824561403,0.10526315789473684,0.02474293493349286
362,112,98.24561403508773,114,0,110,4,0,0.0,0.8623482906128224,0.8606346369547079,0.2705766314535833,0.6978360297437086,0.3600724914613367,0.9443008208229832,6.394736842105263,5.849841044843197,0.3206503544138768,0.018338523626035694,0.029411445163394896,0.0,0.018338523626035694,-0.0007581167943761791,0,0,0,4,0,1.0,0.2807017543859649,0.17138248451391044,0.22581605356103987,0.9602031900862834,0.49245830389158224,0.0,0.14035087719298245,0.024722890699889935
363,112,98.24561403508773,114,0,111,3,0,0.0,0.8571632419606419,0.8556484381179355,0.2531487480005863,0.6970569900761233,0.37432223588751756,0.9683380925441516,6.394736842105263,5.849841044843197,0.3125780665680673,0.025936147555412223,0.0321910955413155,0.0,0.025936147555412223,0.0018371489760031963,0,0,0,3,0,0.6666666666666666,0.2719298245614035,0.16276010669750215,0.22888149190900509,0.9677620511555386,0.478411027705168,0.0,0.14035087719298245,0.024674179165514024
364,112,98.24561403508773,114,0,111,3,0,0.0,0.8572981227607216,0.8559417297213603,0.24969896747795114,0.6963372486648465,0.3769143841022323,0.9858568443081019,6.394736842105263,5.849841044843197,0.3103684993956686,0.03155913465966274,0.030784876371946424,0.0,0.03155913465966274,0.008707417570249879,0,0,1,2,0,0.6666666666666666,0.2543859649122807,0.16075346462737047,0.23895051863577732,0.9685692362777888,0.4725302411929542,0.0,0.14035087719298245,0.02465380170526762
365,113,99.12280701754386,114,0,110,4,0,0.0,0.8591827885790387,0.858074534401187,0.24560578803667185,0.6957594235289167,0.37978131960939815,1.0194971716584031,6.394736842105263,5.849841044843197,0.31061218686825987,0.024275815759836134,0.034531404330203186,0.0,0.024275815759836134,0.0009288049631698131,0,0,0,4,0,0.75,0.2543859649122807,0.15956806065728335,0.24885422754778522,0.9786041054152587,0.47065784478095074,0.0,0.14035087719298245,0.02464632410837469
366,114,100.0,114,0,110,4,0,0.0,0.8569191819882297,0.8559705959792351,0.24067917579965215,0.6951169386022634,0.37875052224549,0.9930001365391865,6.394736842105263,5.849841044843197,0.3094547278296871,0.019193715354645778,0.03566714482683183,0.0,0.019193715354645778,0.0018627750382181618,0,0,0,4,0,0.75,0.2719298245614035,0.15801218853862287,0.25187087108893036,0.9663607692795738,0.4682606904777993,0.0,0.14035087719298245,0.024616213901947494
367,114,100.0,114,0,110,4,0,0.0,0.8599374157746514,0.8591407040427962,0.2576246740306297,0.694660395048691,0.3684040754992043,0.9739133785381187,6.394736842105263,5.849841044843197,0.31469548093529154,0.10379145036531887,0.03502812740168135,0.0,0.10379145036531887,0.00563254174512548,0,0,0,4,0,0.5,0.2894736842105263,0.16502299521755356,0.24909837067445167,0.9761672480551061,0.47641473832878795,0.0,0.10526315789473684,0.024617951534787373
368,113,99.12280701754386,114,1,109,4,0,0.008771929824561403,0.8690071675113156,0.8695415495558585,0.27127664707284327,0.6946499104427998,0.3575539263802928,0.9669645236721779,6.394736842105263,5.849841044843197,0.31854808634048193,0.08511146309609227,0.02855766547626542,0.0,0.08511146309609227,0.003987858154669466,0,1,0,4,0,0.6,0.2631578947368421,0.1690785934930546,0.25128890176337343,0.970057916721584,0.48257410647332716,0.008771929824561403,0.07017543859649122,0.024662993627081284
369,113,99.12280701754386,114,0,112,2,0,0.0,0.8685712651774821,0.8689814165687719,0.2644589693706496,0.6946812201265504,0.36360586044402554,0.9575929252797273,6.394736842105263,5.849841044843197,0.31505237944061015,0.015116065199848407,0.036975069214163894,0.0,0.015116065199848407,-9.644053699925381e-05,0,0,0,2,0,1.0,0.2719298245614035,0.1652801354220512,0.2481305273648945,0.9766555724268466,0.477121848638746,0.0,0.10526315789473684,0.024661729898777643
370,113,99.12280701754386,114,0,111,3,0,0.0,0.8720497539861947,0.8725647160447523,0.26682805283266825,0.6948783921023742,0.35472258910145577,0.9664670763325102,6.394736842105263,5.849841044843197,0.31567302076527737,0.008993344213557927,0.028811769353215996,0.0,0.008993344213557927,-0.0004645237168989791,0,0,0,3,0,1.0,0.2631578947368421,0.16551545402064943,0.24308428237350266,0.9661505922636635,0.4801305057561624,0.0,0.07017543859649122,0.024684889466406543
371,113,99.12280701754386,114,0,110,4,0,0.0,0.8759178032925289,0.8766071784555601,0.26484217986739056,0.6952532119312913,0.35179183199245484,0.9485299457531432,6.394736842105263,5.849841044843197,0.3155648502985555,0.01717077399434003,0.03158145962741378,0.0,0.01717077399434003,-0.001535325353687278,0,0,0,4,0,0.75,0.2631578947368421,0.16433107252530435,0.24428304036938323,0.9707541576027082,0.48199375844144277,0.0,0.10526315789473684,0.024715192895036313
372,113,99.12280701754386,114,0,110,4,0,0.0,0.8798482436755711,0.8807921226757014,0.2626039247639332,0.6958019554637671,0.35102578396874967,0.950932712571494,6.394736842105263,5.849841044843197,0.31451877942262474,0.03659124331638267,0.029966419849127623,0.0,0.03659124331638267,0.004172357320646164,0,0,0,4,0,0.75,0.2631578947368421,0.16282930908983628,0.24856637929049533,0.9772312029227997,0.4787607192745208,0.0,0.14035087719298245,0.024750895409148373
373,114,100.0,114,0,109,5,0,0.0,0.8871644926380025,0.8879676343764872,0.2771306369726553,0.696654403194769,0.35480118395675464,0.9632525582451826,6.394736842105263,5.849841044843197,0.3180194884016243,0.03299616736771663,0.032803093295784805,0.0,0.03299616736771663,-0.004214430939547121,0,0,0,5,0,0.6,0.23684210526315788,0.16762641474435622,0.24174656702105282,0.9591707423279839,0.4882297637202321,0.0,0.14035087719298245,0.02481241007258752
374,114,100.0,114,0,109,5,0,0.0,0.8905698610369388,0.8914706104420856,0.27899176835483436,0.6976209189138584,0.3496032255266697,0.9211806776183626,6.394736842105263,5.849841044843197,0.3186831505480603,0.030056546364543656,0.03142064361984932,0.0,0.030056546364543656,-0.004600229584515836,0,0,0,5,0,0.6,0.23684210526315788,0.16835920627144246,0.23465061334804754,0.9566405316259925,0.49432622866801984,0.0,0.17543859649122806,0.02485770673120228
375,114,100.0,114,0,108,6,0,0.0,0.8927894364972686,0.8934981004246484,0.280004399631665,0.6986257789526515,0.3514324487424446,0.9268527488035261,6.394736842105263,5.849841044843197,0.32153403443436646,0.05084483045346758,0.03345999241862013,0.0,0.05084483045346758,-0.004580609474900059,0,0,0,6,0,0.5,0.24561403508771928,0.1702720272532151,0.2530126021849825,0.9767188951790565,0.49319225048198195,0.0,0.14035087719298245,0.0248981959660002
376,113,99.12280701754386,114,1,109,4,0,0.008771929824561403,0.895244855325654,0.895326260773758,0.28429792097528855,0.6996970035163438,0.35869812278048274,0.9362570284013177,6.394736842105263,5.849841044843197,0.32323193568949593,0.04818459250791877,0.029465819870858494,0.0,0.04818459250791877,-0.0020538930137312117,0,1,0,4,0,0.6,0.2543859649122807,0.17218524660714665,0.27066728566775256,0.9538021036626949,0.4906746062345141,0.008771929824561403,0.2631578947368421,0.024941805527246785
377,113,99.12280701754386,114,0,110,4,0,0.0,0.8828391702323534,0.8828746211031625,0.26881489612547926,0.7000832505829441,0.37542341473524155,0.9841754788310254,6.394736842105263,5.849841044843197,0.31978893140148323,0.02449326897351139,0.03247555291304913,0.0,0.02449326897351139,-0.005438843714734631,0,0,0,4,0,0.75,0.24561403508771928,0.16848784226382868,0.27581982711391595,0.9527091907969489,0.4835043947080986,0.0,0.22807017543859648,0.024891074521498524
378,113,99.12280701754386,114,0,111,3,0,0.0,0.8756672631695844,0.8757617334349881,0.2551751599518116,0.7001140287122787,0.38694210476835106,0.9858634011162661,6.394736842105263,5.849841044843197,0.3157734536579444,0.0049409032690369585,0.039192585075907824,0.0,0.0049409032690369585,-0.010253475848196766,0,0,0,3,0,1.0,0.24561403508771928,0.16359974736829705,0.2955797923961575,0.9402483113358957,0.4720056173015785,0.0,0.2631578947368421,0.024856115222006002
379,113,99.12280701754386,114,0,111,3,0,0.0,0.8710402004089919,0.871248597773835,0.24471383599768187,0.6999317973601182,0.38841202644441586,0.9887855774902935,6.394736842105263,5.849841044843197,0.3146477928821947,0.0038174270869363786,0.039235585789496014,0.0,0.0038174270869363786,-0.012287217089177996,0,0,0,3,0,1.0,0.24561403508771928,0.16124094607884154,0.3016958800224888,0.9482048207520174,0.4668675651389459,0.0,0.2982456140350877,0.024827649785985416
380,113,99.12280701754386,114,0,111,3,0,0.0,0.8687394013860659,0.8688162505567781,0.2465104590154523,0.6996463954957078,0.38615587363128984,1.0079360459667053,6.394736842105263,5.849841044843197,0.31601366703395883,0.007676954642373544,0.036449364714786166,0.0,0.007676954642373544,-0.0064798618521680895,0,0,1,2,0,1.0,0.2543859649122807,0.16310370025414744,0.30379016225873945,0.9520909418413257,0.47046120075693904,0.0,0.2631578947368421,0.024807798013167272
381,114,100.0,114,0,111,3,0,0.0,0.8749743054966338,0.8750287278575872,0.26202928057993924,0.6996684252243399,0.3718489162996181,0.9836952862663702,6.394736842105263,5.849841044843197,0.3194152919025859,0.005405015095378201,0.029178926467425637,0.0,0.005405015095378201,-0.006829238361436618,0,0,0,3,0,1.0,0.2807017543859649,0.16776330988902283,0.2829384459301407,0.9334730251987812,0.4816778472032899,0.0,0.2982456140350877,0.024839616885773907
382,114,100.0,114,0,111,3,0,0.0,0.875894488864615,0.8759526597210685,0.2603260309453246,0.6997324050851654,0.36827760868743287,0.9759442978141115,6.394736842105263,5.849841044843197,0.3181538622324902,0.022046771901658893,0.036348876664983674,0.0,0.022046771901658893,-0.006903760151190689,0,0,0,3,0,0.6666666666666666,0.2631578947368421,0.16630913412374707,0.2734514605647203,0.9334730251987812,0.4834552959617157,0.0,0.2982456140350877,0.024846089162693312
383,113,99.12280701754386,114,1,110,3,0,0.008771929824561403,0.8788572961019172,0.877840796454681,0.2738151387298707,0.6999319567139886,0.35901420360883346,0.9579072448087428,6.394736842105263,5.849841044843197,0.32308684896091466,0.031589428557087684,0.03760646273491822,0.0,0.031589428557087684,-0.008255093867159363,0,1,0,3,0,0.75,0.2719298245614035,0.17222365142903204,0.2729466318799255,0.9508755593186602,0.49253428430942514,0.008771929824561403,0.21052631578947367,0.024866739925424097
384,113,99.12280701754386,114,0,112,2,0,0.0,0.8818808542834925,0.8809529248512084,0.2780938878636036,0.7002145264511137,0.35832355624741724,0.9380741109181431,6.394736842105263,5.849841044843197,0.32475469717568695,0.003240428924907984,0.03697627659607745,0.0,0.003240428924907984,-0.011404280010521295,0,0,0,2,0,1.0,0.2807017543859649,0.17367500481637102,0.27615136859999007,0.9606612437742629,0.49428306572822955,0.0,0.24561403508771928,0.0248901226565633
385,113,99.12280701754386,114,0,111,3,0,0.0,0.8938295780829083,0.8928449551659541,0.3030167525951043,0.7010370982041098,0.3491035666964707,0.9242619124151121,6.394736842105263,5.849841044843197,0.3315935803027872,0.035222786490846834,0.0379433197416561,0.0,0.035222786490846834,-0.001422348336490853,0,0,0,3,0,0.6666666666666666,0.30701754385964913,0.18207429977660558,0.2847346718043523,0.9462215738346287,0.503955015667892,0.0,0.24561403508771928,0.024973925845575402
386,113,99.12280701754386,114,0,111,3,0,0.0,0.8995591236216351,0.8985092746464955,0.301687471791986,0.702076633765783,0.3493159267648722,0.9049487527894438,6.394736842105263,5.849841044843197,0.33162118588699974,0.05483639409968529,0.032225844148992246,0.0,0.05483639409968529,0.001359185009637942,0,0,0,3,0,0.6666666666666666,0.2807017543859649,0.18105186479404142,0.2808264266395987,0.941252255249164,0.5061434630850589,0.0,0.2807017543859649,0.02503297916225029
387,113,99.12280701754386,114,0,111,3,0,0.0,0.893182719307713,0.892135950583779,0.2914222502050489,0.7027570946879402,0.35878391580421126,0.9272471066284387,6.394736842105263,5.849841044843197,0.32884359134706265,0.03709841935447277,0.041132411308622725,0.0,0.03709841935447277,-0.0018518004036298292,0,0,0,3,0,0.6666666666666666,0.2894736842105263,0.1780176329504983,0.28593057615748574,0.9493604179675034,0.4987026252801942,0.0,0.24561403508771928,0.02502100008183992
388,114,100.0,114,0,111,3,0,0.0,0.8913818153895079,0.8903168110377258,0.28779817004342095,0.7033126163103167,0.36929868334834687,0.9433787552526289,6.394736842105263,5.849841044843197,0.32770354822000747,0.027414853930302654,0.03991766720607146,0.0,0.027414853930302654,-0.007616992577524018,0,0,0,3,0,0.6666666666666666,0.2719298245614035,0.17673879811423607,0.2896465907271184,0.9374975057148143,0.4957419303456903,0.0,0.24561403508771928,0.02502824412818827
389,114,100.0,114,0,111,3,0,0.0,0.8884438405866414,0.8873318837155885,0.2870452970030267,0.7036959499978952,0.3735679479427169,0.9553767677715127,6.394736842105263,5.849841044843197,0.3292418356687936,0.021041232267838637,0.04381594717622637,0.0,0.021041232267838637,-0.007158231405443842,0,0,0,3,0,0.6666666666666666,0.2719298245614035,0.17804905878268834,0.28308088041834994,0.9556154282495857,0.498807037701195,0.0,0.24561403508771928,0.025024766459871277
390,114,100.0,114,0,111,3,0,0.0,0.8928648302182437,0.8918180564607817,0.27999553642082453,0.7042668064537515,0.3767501539760017,0.9555565313411936,6.394736842105263,5.849841044843197,0.3261350713229938,0.03773740830907781,0.03242610892433105,0.0,0.03773740830907781,0.004578258018478554,0,0,0,3,0,0.6666666666666666,0.2543859649122807,0.17409135856843283,0.2946877299927391,0.9403554911682367,0.49086066123369154,0.0,0.24561403508771928,0.025063568505660196
391,114,100.0,114,0,111,3,0,0.0,0.8962317688174488,0.8951989390473114,0.28589346475284194,0.7049624897201259,0.3752795526654365,0.9578398023661392,6.394736842105263,5.849841044843197,0.32820611154643187,0.023873718917672097,0.044391027054582505,0.0,0.023873718917672097,-0.010739813161653325,0,0,0,3,0,0.6666666666666666,0.2631578947368421,0.17594342828090762,0.29041130035074225,0.9443345362896368,0.4945777346838848,0.0,0.24561403508771928,0.02510075138128546
392,114,100.0,114,0,111,3,0,0.0,0.9081918624061,0.907051910293377,0.3040047550367086,0.7061721806028306,0.3626051872410636,0.9311745085358549,6.394736842105263,5.849841044843197,0.33228772111392835,0.027284030039359045,0.031085404796156763,0.0,0.027284030039359045,-0.0018261476160193468,0,0,0,3,0,0.6666666666666666,0.2631578947368421,0.18061645744105403,0.28715802470806334,0.9429646551122088,0.5035213316116655,0.0,0.21052631578947367,0.025195934346114807
393,114,100.0,114,0,111,3,0,0.0,0.899975274505598,0.8988112437139287,0.32008902642697296,0.7069254537750164,0.35732799791146475,0.9116208668606013,6.394736842105263,5.849841044843197,0.34008462723850497,0.032524454012166255,0.03502312590216319,0.0,0.032524454012166255,0.0029908741703512376,0,0,0,3,0,0.6666666666666666,0.2894736842105263,0.1906898124951123,0.29733837076341035,0.9451203330723372,0.5132354917435232,0.0,0.24561403508771928,0.025176884048215456
394,114,100.0,114,0,111,3,0,0.0,0.897351631994107,0.8963536303154686,0.32162959701541954,0.7075196484821507,0.3620565817813855,0.920682556675013,6.394736842105263,5.849841044843197,0.3406222291440004,0.023787819456068518,0.038929336055659514,0.0,0.023787819456068518,-0.007277792495746819,0,0,0,3,0,0.6666666666666666,0.2982456140350877,0.1909763609119227,0.2883115717042393,0.9416206888285987,0.5124162395062464,0.0,0.24561403508771928,0.025181145558590114
395,114,100.0,114,0,111,3,0,0.0,0.8911542560891755,0.8900740546763346,0.29851177219524955,0.7077852075888764,0.37504389117882747,0.9415099248456643,6.394736842105263,5.849841044843197,0.33466174678151406,0.03034642534873611,0.03238496314020608,0.0,0.03034642534873611,0.0008813949705037497,0,0,0,3,0,0.6666666666666666,0.2807017543859649,0.18334063250975982,0.29696489833302825,0.9348653588764859,0.5014451370392805,0.0,0.24561403508771928,0.02515792607187724
396,114,100.0,114,0,111,3,0,0.0,0.885830778956744,0.8846882105546982,0.2885674917385309,0.7077831812539477,0.3765197301184664,0.9123072538932634,6.394736842105263,5.849841044843197,0.33409026153566157,0.02542809830843404,0.03565597695181839,0.0,0.02542809830843404,0.0017024606476317983,0,0,0,3,0,0.6666666666666666,0.2719298245614035,0.1818123964005649,0.31484878381793285,0.9352064744887078,0.49426085690573224,0.0,0.24561403508771928,0.025131249417528898
397,114,100.0,114,0,111,3,0,0.0,0.8916165232433708,0.8904599466416108,0.28888534433990803,0.7080513833656811,0.37939916786347727,0.9414327417558243,6.394736842105263,5.849841044843197,0.33111848808285016,0.031808897016904404,0.042452771422577355,0.0,0.031808897016904404,0.00042495267813347226,0,0,0,3,0,0.6666666666666666,0.2631578947368421,0.17890739064282957,0.3014562157791215,0.9360231452200098,0.49436648740051714,0.0,0.21052631578947367,0.02516802283756969
398,113,99.12280701754386,114,1,111,2,0,0.008771929824561403,0.900673722056692,0.8981436632525718,0.2989383923373682,0.7087279208614564,0.3759157061828435,0.9175566939488176,6.394736842105263,5.849841044843197,0.3323877584091901,0.02274593622935917,0.03907762882063069,0.0,0.02274593622935917,-0.002423905390556221,0,1,1,1,0,0.6666666666666666,0.24561403508771928,0.18074360516137902,0.30440086738314515,0.9324703475884806,0.49087590089807104,0.008771929824561403,0.21052631578947367,0.025233097015692103
399,113,99.12280701754386,114,0,111,3,0,0.0,0.9033105149928494,0.9006568339819205,0.3104034481478551,0.7094180585686067,0.37574434309069116,0.9400710477609144,6.394736842105263,5.849841044843197,0.3339535064584851,0.02187940471638505,0.026729470737888967,0.0,0.02187940471638505,0.00907862115613763,0,0,0,3,0,1.0,0.23684210526315788,0.18402936989800792,0.3016700084726547,0.9348171140325746,0.49194995035201333,0.0,0.21052631578947367,0.0252664669598023
400,113,99.12280701754386,114,0,111,3,0,0.0,0.9053050890419428,0.9027451068269287,0.3160695786483965,0.710165552830511,0.37598328416258897,0.9211354330189133,6.394736842105263,5.849841044843197,0.3349658779156359,0.025566688622824334,0.03263200425221643,0.0,0.025566688622824334,-0.0032403439161121463,0,0,0,3,0,0.6666666666666666,0.24561403508771928,0.18537235408282265,0.2972851731840148,0.922080851924294,0.49210422926992253,0.0,0.19298245614035087,0.025298303443118134
401,113,99.12280701754386,114,0,111,3,0,0.0,0.9015079954824613,0.898981423885035,0.3074404015812728,0.7106931842906482,0.3754895551541003,0.9332831690534693,6.394736842105263,5.849841044843197,0.3335470526235722,0.03817872745350156,0.0304926661329859,0.0,0.03817872745350156,0.0018816173515732355,0,0,0,3,0,0.6666666666666666,0.2631578947368421,0.18300881867729898,0.2904416354129936,0.9134979900491725,0.4890793365216328,0.0,0.19298245614035087,0.025294750776181027
402,113,99.12280701754386,114,0,111,3,0,0.0,0.9027219851797335,0.8999772409224612,0.3168726574618097,0.7112365531200943,0.37683761752798883,0.9213585613275239,6.394736842105263,5.849841044843197,0.333056478907221,0.03363357034513657,0.03211719698402338,0.0,0.03363357034513657,0.006574857239911229,0,0,0,3,0,0.6666666666666666,0.2631578947368421,0.1846746836606772,0.2886844293513059,0.922080851924294,0.48847130310274217,0.0,0.19298245614035087,0.0253167138310723
403,113,99.12280701754386,114,1,111,2,0,0.008771929824561403,0.9052724293977485,0.9016683595079144,0.3143174763574248,0.7118699651106979,0.380709677397925,0.9323779904127125,6.394736842105263,5.849841044843197,0.3323288783850593,0.09931080640586397,0.03487290305696653,0.0,0.09931080640586397,0.007278003359934264,0,1,0,2,0,0.6666666666666666,0.2631578947368421,0.1831562226414257,0.2819598296979771,0.9375239163041971,0.4877164739467909,0.008771929824561403,0.22807017543859648,0.02534799284946702
404,113,99.12280701754386,114,0,112,2,0,0.0,0.9003653802655891,0.89680882913179,0.31013038813195043,0.7121962164900045,0.38422598792858564,0.9445466525020944,6.394736842105263,5.849841044843197,0.3288626407143491,0.12560605868114866,0.03734144628501645,0.0,0.12560605868114866,0.0016222928291759475,0,0,0,2,0,0.5,0.24561403508771928,0.18066397963296865,0.2755815355505115,0.9411956711199343,0.4840310294207911,0.0,0.19298245614035087,0.025333000197354245
405,113,99.12280701754386,114,0,112,2,0,0.0,0.9006691819538843,0.8969834414232792,0.3165209925067801,0.7125115543154129,0.3871785803157439,0.9487080703565605,6.394736842105263,5.849841044843197,0.3302025859095292,0.13086293687155193,0.04625955014568332,0.0,0.13086293687155193,-0.005990946593620844,0,0,0,2,0,0.5,0.23684210526315788,0.18264055899574108,0.2828447933442924,0.947838447831303,0.48352975126376774,0.0,0.22807017543859648,0.025343742586566048
406,113,99.12280701754386,114,0,111,3,0,0.0,0.9089512328432671,0.9050430946889427,0.3479967175442124,0.7131856269031259,0.3714629973313895,0.9219511281020636,6.394736842105263,5.849841044843197,0.3381065925674793,0.0970086673074831,0.027945903869286883,0.0,0.0970086673074831,0.006346247416253105,0,0,0,3,0,0.6666666666666666,0.2631578947368421,0.193084519991364,0.2748790958948219,0.9635270147108229,0.4985796378156958,0.0,0.19298245614035087,0.025404868928467
407,113,99.12280701754386,114,0,112,2,0,0.0,0.9171897927999382,0.91322892313251,0.35201715225150554,0.7142033536776526,0.37513553540604383,0.9364164850041408,6.394736842105263,5.849841044843197,0.3378443713956829,0.13062327445358157,0.04373892986629053,0.0,0.13062327445358157,-0.0034123611574983503,0,0,0,2,0,0.5,0.2543859649122807,0.19262424545605425,0.2797682511380319,0.9461365629853676,0.4952763276269061,0.0,0.22807017543859648,0.025475829427540668
408,114,100.0,114,0,113,1,0,0.0,0.9072357220183666,0.9033751065610933,0.3256405116430086,0.7147003989685762,0.3846512049329257,0.9587547815313929,6.394736842105263,5.849841044843197,0.3345756682790384,0.0027721008225915105,0.034911660789596344,0.0,0.0027721008225915105,-0.016125973194192622,0,0,0,1,0,1.0,0.2543859649122807,0.18697013239910784,0.2911916596704489,0.948649260934809,0.48964161674036777,0.0,0.17543859649122806,0.02544059725335276
409,114,100.0,114,0,113,1,0,0.0,0.896519026183662,0.8927985089446568,0.3149276352450835,0.7146733965812484,0.38601960508626015,0.9844530543874934,6.394736842105263,5.849841044843197,0.3330212164667852,0.012878493102048697,0.02978913197969465,0.0,0.012878493102048697,-0.00479015098092328,0,0,0,1,0,1.0,0.2719298245614035,0.18518364066855791,0.2903690781182272,0.9584755194846026,0.48526856463622126,0.0,0.19298245614035087,0.025386223975810744
410,114,100.0,114,0,113,1,0,0.0,0.8974883061622436,0.8934726356901714,0.3380544231111242,0.7146795220651005,0.3789944069293348,0.992627379153196,6.394736842105263,5.849841044843197,0.3374486772156289,0.002381585231502381,0.03842882596941923,0.0,0.002381585231502381,-0.017145448143531528,0,0,0,1,0,1.0,0.2631578947368421,0.19262357508864064,0.2822388941514919,0.9402766452355051,0.49118335232080523,0.0,0.21052631578947367,0.02539124954123794
411,114,100.0,114,0,113,1,0,0.0,0.8991418009275512,0.8951392853960957,0.3572612344147031,0.7147632863047404,0.3707376245473073,1.0033463955572914,6.394736842105263,5.849841044843197,0.34009759509106474,0.0024241024416714455,0.036194738411390495,0.0,0.0024241024416714455,-0.016616980559167382,0,0,0,1,0,1.0,0.2543859649122807,0.19795257834813929,0.27464968844535215,0.9116292546685469,0.4989108523997581,0.0,0.21052631578947367,0.025401967052500155
412,114,100.0,114,0,112,2,0,0.0,0.9127781951219509,0.9086060658998312,0.4118263323109941,0.7154723786721702,0.3536078055866894,0.9857904208075989,6.394736842105263,5.849841044843197,0.3486129838887795,0.14582216656359215,0.04209875086867593,0.0,0.14582216656359215,-0.00044026079671552476,0,0,0,2,0,0.5,0.2543859649122807,0.21231812029717254,0.26787019179724514,0.941170452465448,0.5119893660513192,0.0,0.21052631578947367,0.025490889411650033
413,114,100.0,114,0,110,4,0,0.0,0.9118371603345959,0.9076182563705038,0.4064187413628095,0.7160937620334112,0.35877588505167635,0.993196878714461,6.394736842105263,5.849841044843197,0.34727807368237085,0.14649954855602693,0.034093073922159815,0.0,0.14649954855602693,0.004906629120708182,0,0,1,3,0,0.5,0.2807017543859649,0.21042763127801528,0.26590547039648416,0.9576589955400037,0.5098335857321087,0.0,0.22807017543859648,0.025504359207169112
414,114,100.0,114,0,111,3,0,0.0,0.9034201952772825,0.8992577202963009,0.38855379661387884,0.7162875329990704,0.3695576554136032,0.9834011964547059,6.394736842105263,5.849841044843197,0.3447998088129698,0.09827741149378257,0.037280979306218855,0.0,0.09827741149378257,-0.00026954247493667555,0,0,0,3,0,0.6666666666666666,0.2719298245614035,0.20663695264344467,0.27150260085775063,0.9485881489964887,0.5046206255647258,0.0,0.21052631578947367,0.025467942028623604
415,114,100.0,114,0,110,4,0,0.0,0.9202738465293576,0.9159859361583252,0.41850189096621665,0.7172528279013007,0.3554219925707587,0.955843601112851,6.394736842105263,5.849841044843197,0.3489426127791275,0.14532825038165198,0.034681605011512434,0.0,0.14532825038165198,0.002095304653658113,0,0,1,3,0,0.5,0.2631578947368421,0.21243351681625863,0.2653938765819585,0.95664505957594,0.5132863952322669,0.0,0.22807017543859648,0.025580444393581203
416,114,100.0,114,0,109,5,0,0.0,0.9211137107521595,0.9167284439211064,0.40649141534716504,0.7181964030052311,0.35553362926711396,0.9528847411432322,6.394736842105263,5.849841044843197,0.3477954787120212,0.1195145147784323,0.027699565119655562,0.0,0.1195145147784323,0.005102834757265334,0,0,0,5,0,0.6,0.2631578947368421,0.2092179724668131,0.25657989291203787,0.9598532891730693,0.5146625631843709,0.0,0.15789473684210525,0.025612242536554534
417,113,99.12280701754386,114,1,111,2,0,0.008771929824561403,0.9276381085692836,0.9248394971944572,0.42944576830298925,0.7193912839463652,0.35240519345398225,0.9493488412785207,6.394736842105263,5.849841044843197,0.3518715404717454,0.01103613260881133,0.02691166370949692,0.0,0.01103613260881133,-0.0019703220094943554,0,1,0,2,0,1.0,0.2719298245614035,0.21512148456843516,0.2582690555264146,0.9353010422780592,0.5195741661200702,0.008771929824561403,0.14035087719298245,0.02567981384350589
418,113,99.12280701754386,114,0,111,3,0,0.0,0.929895354405338,0.927016166750781,0.4471737909635079,0.7206912151169818,0.3454552522621914,0.9719647853043195,6.394736842105263,5.849841044843197,0.35520664883002384,0.10167196427520576,0.033092407318388334,0.0,0.10167196427520576,0.001219283518654098,0,0,1,2,0,0.6666666666666666,0.2631578947368421,0.22009683873353952,0.2519089846007393,0.9566580709468574,0.5249387903912026,0.0,0.17543859649122806,0.02572912202627288
419,113,99.12280701754386,114,0,111,3,0,0.0,0.9238896520662201,0.9210937521770056,0.3976668171600475,0.7216379409095587,0.3547238321703717,0.9964283656081314,6.394736842105263,5.849841044843197,0.35076586298742374,0.09412551612531637,0.02324784611573542,0.0,0.09412551612531637,0.009391689056277788,0,0,0,3,0,0.6666666666666666,0.2719298245614035,0.2100527210188958,0.27384057641297976,0.9503658604694794,0.5134467216839215,0.0,0.17543859649122806,0.02572678449157543
420,113,99.12280701754386,114,0,112,2,0,0.0,0.918520312523788,0.9156971728901265,0.3898998348846277,0.7222767317000264,0.36290704710331384,1.008846331272122,6.394736842105263,5.849841044843197,0.3478112086446161,0.010577330641524767,0.01968096456273355,0.0,0.010577330641524767,0.003267588096151325,0,0,0,2,0,1.0,0.2719298245614035,0.20730959961763357,0.2651503034799079,0.9464415939942683,0.5101837760887754,0.0,0.24561403508771928,0.025718621916789
421,113,99.12280701754386,114,0,112,2,0,0.0,0.9238100687754498,0.9210154444563929,0.4147341676573719,0.7231270425910105,0.36385924038682793,1.0192313203125296,6.394736842105263,5.849841044843197,0.34916591237825356,0.13965056173104676,0.025351476371063976,0.0,0.13965056173104676,0.010654890773310166,0,0,0,2,0,0.5,0.2719298245614035,0.21151042441473678,0.2550638050793674,0.9496069357937462,0.5121250582926868,0.0,0.21052631578947367,0.025769941615802087
422,114,100.0,114,0,111,3,0,0.0,0.9256897027648561,0.9226712821343985,0.4274975049186134,0.7240051027441838,0.36160970778321294,1.0385023521453063,6.394736842105263,5.849841044843197,0.353579261734424,0.21213786952466784,0.026242556071179146,0.0,0.21213786952466784,0.004577279931337015,0,0,0,3,0,0.3333333333333333,0.2631578947368421,0.21709808778281298,0.26702818760743763,0.9520341668036099,0.5143603963367686,0.0,0.21052631578947367,0.025805022347368492
423,114,100.0,114,0,111,3,0,0.0,0.9353458570280619,0.9322701382337016,0.44868145240469387,0.7252810120332647,0.3540145988555571,1.0214308182001735,6.394736842105263,5.849841044843197,0.35760774079333624,0.22515058342620184,0.023286189218821654,0.0,0.22515058342620184,0.008707209493216822,0,0,0,3,0,0.3333333333333333,0.2807017543859649,0.22255713318822656,0.27591275087907385,0.9588060943229026,0.5171573837241251,0.0,0.21052631578947367,0.02589062245132833
424,114,100.0,114,0,113,1,0,0.0,0.9366532422852882,0.9334371714766807,0.4529695179266556,0.7265368983287817,0.35262499015664994,1.0024812288347051,6.394736842105263,5.849841044843197,0.35999179135911663,0.0015365499300877767,0.036538928006603785,0.0,0.0015365499300877767,-0.01619912729080497,0,0,0,1,0,1.0,0.2807017543859649,0.22537760053945075,0.28714629762517424,0.9632316676654484,0.5186807818213348,0.0,0.21052631578947367,0.02593389305361032
425,114,100.0,114,0,113,1,0,0.0,0.9361199780129323,0.932701427722516,0.4725665475983025,0.727684885400214,0.3544009916251151,1.0089762579417654,6.394736842105263,5.849841044843197,0.3597113047740841,0.01832333213735811,0.016025321343807214,0.0,0.01832333213735811,0.0014742947621591562,0,0,0,1,0,1.0,0.2807017543859649,0.22828859907515492,0.28001034934920616,0.9664507799840708,0.5198280559680142,0.0,0.21052631578947367,0.02596480444169561
426,113,99.12280701754386,114,1,111,2,0,0.008771929824561403,0.9398178007025028,0.9348152703351954,0.509632603629587,0.7289321629354082,0.35077563933283057,1.0181943325553093,6.394736842105263,5.849841044843197,0.36644646035439976,0.12164058596751876,0.020069896798702126,0.0,0.12164058596751876,0.0024103426316080534,0,1,0,2,0,0.6666666666666666,0.2894736842105263,0.2385088798736213,0.2775750308037852,0.9648519110847151,0.5182515497240034,0.008771929824561403,0.22807017543859648,0.02601977543174191
427,113,99.12280701754386,114,0,113,1,0,0.0,0.9421480657032489,0.9369368518789872,0.5133131691926832,0.7301382432993323,0.3439429021567007,1.0141500721995385,6.394736842105263,5.849841044843197,0.3699910909240012,0.022023607947668465,0.017151282080566353,0.0,0.022023607947668465,-0.0006179511465612963,0,0,0,1,0,1.0,0.3157894736842105,0.2417168178158385,0.27817121434349557,0.9668673238712283,0.525720780570594,0.0,0.22807017543859648,0.02606670364882696
428,113,99.12280701754386,114,0,112,2,0,0.0,0.9266673323080266,0.9217650009966268,0.4677902646806159,0.7305637465509508,0.36078750654937447,1.0372595897009462,6.394736842105263,5.849841044843197,0.3623596714180328,0.013208888099669105,0.0176396250759055,0.0,0.013208888099669105,0.005827725842297959,0,0,0,2,0,1.0,0.3157894736842105,0.2312652490781016,0.28463406680328973,0.9737340387436317,0.5166191630578598,0.0,0.19298245614035087,0.02600174561378101
429,113,99.12280701754386,114,0,113,1,0,0.0,0.9245388194452571,0.9196900371409608,0.44714612563064243,0.7308672528688737,0.36614438733656496,1.0498654647396852,6.394736842105263,5.849841044843197,0.35996381841409075,0.003512868917201719,0.04853035344437377,0.0,0.003512868917201719,-0.025313124272129894,0,0,0,1,0,1.0,0.2982456140350877,0.22685036125743355,0.2982156248162057,0.9661351290201555,0.513376075472828,0.0,0.22807017543859648,0.025999980368046932
430,113,99.12280701754386,114,0,112,2,0,0.0,0.9347201357632592,0.9299715308072725,0.4702688937546018,0.7316341653788486,0.35991506577268056,1.0425979426340528,6.394736842105263,5.849841044843197,0.36000605512492445,0.012851635665297663,0.01847405615414193,0.0,0.012851635665297663,0.003709331401485244,0,0,0,2,0,1.0,0.2807017543859649,0.22894174205558454,0.29081459244129915,0.9570156645444663,0.515287513406748,0.0,0.19298245614035087,0.026073318531030218
431,114,100.0,114,0,113,1,0,0.0,0.9357026644804899,0.9306081739429682,0.49017554939191665,0.732386008815206,0.3558410800360666,1.0365837640116748,6.394736842105263,5.849841044843197,0.36467168535019345,0.019870132954066942,0.01874383776789932,0.0,0.019870132954066942,-0.0015825195616976373,0,0,0,1,0,1.0,0.2807017543859649,0.23562016005952735,0.2819380878207362,0.9630171665783032,0.5212184130797688,0.0,0.2631578947368421,0.02610022199758287
432,114,100.0,114,0,112,2,0,0.0,0.9461563424660919,0.9411575333533296,0.49295542663997705,0.7335875672110347,0.3565157692389151,1.0355963560033687,6.394736842105263,5.849841044843197,0.3652070272156338,0.014092851691394799,0.01728051976182025,0.0,0.014092851691394799,0.002935465168362017,0,0,0,2,0,1.0,0.2807017543859649,0.23440907783842144,0.2817128631167457,0.9530312622041248,0.5229637604335456,0.0,0.2982456140350877,0.026187635015619354
433,114,100.0,114,0,113,1,0,0.0,0.9440538788023634,0.9390022126286465,0.49340150266506216,0.7346179700815261,0.35712290482263814,1.0345112530124025,6.394736842105263,5.849841044843197,0.36363083762537673,0.019876631162980864,0.02103950656114166,0.0,0.019876631162980864,-0.003270420701465465,0,0,0,1,0,1.0,0.2719298245614035,0.23414738477157826,0.27996758576993525,0.9496247125772388,0.5204328929026701,0.0,0.2982456140350877,0.02620726116232333
434,114,100.0,114,0,113,1,0,0.0,0.9399799991882258,0.9350344860606555,0.47610590485656584,0.7354024114641148,0.35890732719872803,1.0202094202908976,6.394736842105263,5.849841044843197,0.3603273565539298,0.017602818321033255,0.02254306254252432,0.0,0.017602818321033255,0.0004540464776654485,0,0,0,1,0,1.0,0.2894736842105263,0.22925596357229458,0.28193088174329667,0.9329374598602228,0.5153243945068237,0.0,0.2982456140350877,0.02620983605123835
435,114,100.0,114,0,113,1,0,0.0,0.9412153364694406,0.9362942856189379,0.4699698015198781,0.7361999212900469,0.3620186318964765,1.0399156893586172,6.394736842105263,5.849841044843197,0.3577742639279897,0.01710394625711867,0.022032722530140235,0.0,0.01710394625711867,0.0012633618143476077,0,0,0,1,0,1.0,0.2982456140350877,0.22605842102372728,0.2712847925308733,0.9393044081300272,0.5133511874004344,0.0,0.2982456140350877,0.02623933926621144
436,114,100.0,114,0,113,1,0,0.0,0.9412733078748111,0.9362700863886556,0.4719710285835165,0.7369496455656404,0.36350480931779916,1.0260524413666223,6.394736842105263,5.849841044843197,0.3577200326297134,0.0016173625901418644,0.04653843653351562,0.0,0.0016173625901418644,-0.02214835237001328,0,0,0,1,0,1.0,0.2982456140350877,0.2265632417646711,0.27848215911633506,0.9558029600319333,0.5128806218125245,0.0,0.2631578947368421,0.026261557962436705
437,114,100.0,114,0,113,1,0,0.0,0.9413847460021056,0.9363413661437404,0.47545915786376425,0.7376588479647327,0.3683384788716521,1.0364287946512905,6.394736842105263,5.849841044843197,0.357469996254566,0.01611314140784071,0.0229394899191752,0.0,0.01611314140784071,0.0018047907630563687,0,0,0,1,0,1.0,0.2719298245614035,0.226611931380439,0.27881784764497064,0.9558029600319333,0.5111161817316332,0.0,0.2631578947368421,0.026282858759589734
438,114,100.0,114,0,113,1,0,0.0,0.9490792623167743,0.9438063178219273,0.4884816796169245,0.7386759133965904,0.3593446140431748,1.0211471361311615,6.394736842105263,5.849841044843197,0.3604776648870798,0.0013456279615595727,0.043520291757450966,0.0,0.0013456279615595727,-0.021237648211137494,0,0,0,1,0,1.0,0.2719298245614035,0.23014561114601387,0.2944133514630666,0.9677262366895542,0.5119848729815598,0.0,0.22807017543859648,0.026351079696705942
439,114,100.0,114,0,113,1,0,0.0,0.9491699737446936,0.9437630676219293,0.47491733872685693,0.7396314580630015,0.357771760815474,1.0118333343576789,6.394736842105263,5.849841044843197,0.36043506340012765,0.015747736117585336,0.019652908063166757,0.0,0.015747736117585336,0.0012318456649006715,0,0,0,1,0,1.0,0.2894736842105263,0.2276031934155684,0.29120880821519063,0.9723520187360921,0.5127697594409709,0.0,0.19298245614035087,0.0263794821758943
440,114,100.0,114,0,113,1,0,0.0,0.9422281987018816,0.936960132769065,0.4650092491929529,0.7402127361850935,0.36782344162328934,1.0667132582202443,6.394736842105263,5.849841044843197,0.3559394727720806,0.0020878035090783793,0.05090972352786151,0.0,0.0020878035090783793,-0.023323863004835355,0,0,0,1,0,1.0,0.2894736842105263,0.22342896473876267,0.2798465745870162,0.970220502062644,0.5097096005300549,0.0,0.22807017543859648,0.026361775223765656
441,114,100.0,114,0,113,1,0,0.0,0.9338857128835881,0.9286858556667666,0.4518941707878091,0.7403727848145393,0.3678032850248422,1.0731169760550763,6.394736842105263,5.849841044843197,0.3565986841289679,0.001159416198298997,0.04424607309841176,0.0,0.001159416198298997,-0.02134120619205676,0,0,0,1,0,1.0,0.2894736842105263,0.22269389397461553,0.2785660803967235,0.9697279376525302,0.50912173889945,0.0,0.22807017543859648,0.026324744089882703
442,114,100.0,114,0,113,1,0,0.0,0.9315719263298275,0.9266707888580276,0.4211790383742628,0.740429168289361,0.3780501529638609,1.091836233316399,6.394736842105263,5.849841044843197,0.35002684372827164,0.01293665485246993,0.02159121345473123,0.0,0.01293665485246993,0.0009659431132979512,0,0,0,1,0,1.0,0.2807017543859649,0.2124010621653249,0.2766287524221747,0.957902354555825,0.5002591249572281,0.0,0.2631578947368421,0.026314824328940216
443,114,100.0,114,0,113,1,0,0.0,0.9350815352484475,0.9301145470362364,0.43896710373868914,0.7406434169240455,0.37626274322592734,1.1070546876510312,6.394736842105263,5.849841044843197,0.35038006499387864,0.002057120787110398,0.05070328604874737,0.0,0.002057120787110398,-0.020661913953484934,0,0,0,1,0,1.0,0.2631578947368421,0.21505741333194606,0.27439943663017297,0.963021576725926,0.5022766279368303,0.0,0.2631578947368421,0.02633863897581821
444,114,100.0,114,0,113,1,0,0.0,0.9394217707059304,0.9345448394102338,0.45552172475798364,0.7410524644035206,0.3749540440904489,1.1087376771805106,6.394736842105263,5.849841044843197,0.3537774725516849,0.002225083280010352,0.04960007661549945,0.0,0.002225083280010352,-0.023665521064063055,0,0,0,1,0,1.0,0.2807017543859649,0.21955103539623555,0.2646880025224173,0.960324377047018,0.5103852739083653,0.0,0.22807017543859648,0.026372304466779236
445,114,100.0,114,0,113,1,0,0.0,0.9394815934114886,0.9345862023028093,0.43962822355491465,0.741439518986422,0.38194498565860213,1.1313100673183327,6.394736842105263,5.849841044843197,0.3505340167911619,0.0019656416440912428,0.0509296002975054,0.0,0.0019656416440912428,-0.02158303580366805,0,0,0,1,0,1.0,0.2631578947368421,0.21445163556689328,0.273067873001495,0.9573955460138122,0.5012458811493881,0.0,0.2631578947368421,0.026383924619235284
446,114,100.0,114,0,111,3,0,0.0,0.951763017749141,0.9467554830155791,0.46597669368609584,0.7423734383538655,0.3745185912156472,1.0677147161364984,6.394736842105263,5.849841044843197,0.3539471098864364,0.10116399995703045,0.022173042962812164,0.0,0.10116399995703045,0.00587896470913236,0,0,0,3,0,0.6666666666666666,0.2719298245614035,0.21988961041049257,0.271494839111404,0.9573113255519223,0.5081932906473916,0.0,0.22807017543859648,0.02647264814016477
447,114,100.0,114,0,111,3,0,0.0,0.9520450840683606,0.947153907195216,0.4693795438040663,0.7432713706677808,0.3731324603043337,1.0679080029022348,6.394736842105263,5.849841044843197,0.3540001653937619,0.18874666529628478,0.024926827931881,0.0,0.18874666529628478,0.011013185829128136,0,0,0,3,0,0.3333333333333333,0.2631578947368421,0.22057547875605768,0.27277044865199257,0.955750329438251,0.5089954581528306,0.0,0.22807017543859648,0.026500322278288035
448,113,99.12280701754386,114,1,111,2,0,0.008771929824561403,0.949113724672123,0.9431535060719254,0.48661905136573547,0.7439801097136005,0.38306969203305696,1.1153710739804201,6.394736842105263,5.849841044843197,0.35297688615207035,0.17197109917857833,0.03714276014119303,0.0,0.17197109917857833,0.003974552178635164,0,1,0,2,0,0.3333333333333333,0.2543859649122807,0.22311423675881445,0.2584391413526663,0.9497856172386381,0.5128286293433384,0.008771929824561403,0.24561403508771928,0.026506395535108442
449,112,98.24561403508773,114,1,112,1,0,0.008771929824561403,0.9479239766428039,0.9413453908222976,0.476278336816514,0.744552018202405,0.38986696900401774,1.129393551073175,6.394736842105263,5.849841044843197,0.3486256750625738,0.06247903858069528,0.026156374136583487,0.0,0.06247903858069528,0.003311028254172607,0,1,0,1,0,0.5,0.24561403508771928,0.21784648909891713,0.25526225568906424,0.9363064779754389,0.5050281681831603,0.008771929824561403,0.2807017543859649,0.02651717466372036
450,112,98.24561403508773,114,0,113,1,0,0.0,0.9581086969846321,0.9514087164830569,0.5300857772283125,0.745521626722226,0.3792329744419502,1.1220890902889853,6.394736842105263,5.849841044843197,0.351787707174515,0.0007401323893218811,0.043827579368189,0.0,0.0007401323893218811,-0.0172675032626336,0,0,0,1,0,1.0,0.24561403508771928,0.22661609916997497,0.24004140039027996,0.9373936303011494,0.5089469849045092,0.0,0.2807017543859649,0.026596458544012894
451,112,98.24561403508773,114,0,113,1,0,0.0,0.9631143821104521,0.9562773737287148,0.57900982469195,0.7466623616527911,0.3710499852296991,1.1009008761116077,6.394736842105263,5.849841044843197,0.35646001587975595,0.0015845386720242023,0.04972351068959454,0.0,0.0015845386720242023,-0.016193440261148884,0,0,0,1,0,1.0,0.2631578947368421,0.23624123229463917,0.22518058938970978,0.9494467678120495,0.5149758479646389,0.0,0.2807017543859649,0.026654852559732524
452,112,98.24561403508773,114,0,113,1,0,0.0,0.9601255777481114,0.9535453386202231,0.6131733170220653,0.7476085096342665,0.3752645196839675,1.1303514793837626,6.394736842105263,5.849841044843197,0.35576117889880554,0.0007359116896154636,0.04474377685196282,0.0,0.0007359116896154636,-0.017242070740059234,0,0,0,1,0,1.0,0.2631578947368421,0.23996870148501254,0.20555887538006515,0.9414331356764951,0.515912233886904,0.0,0.2807017543859649,0.026667582614403475
453,113,99.12280701754386,114,0,113,1,0,0.0,0.9568350969056189,0.9502553089952588,0.5999215938380429,0.7483453402600656,0.37767479268984355,1.122296455904175,6.394736842105263,5.849841044843197,0.35463690221983457,0.0014649392612554328,0.049700826647023084,0.0,0.0014649392612554328,-0.015159181672666056,0,0,0,1,0,1.0,0.2807017543859649,0.23810568337006752,0.20955801156738768,0.940695083410983,0.5133104472375934,0.0,0.3157894736842105,0.026672681920380498
454,114,100.0,114,0,112,2,0,0.0,0.9586638874434005,0.9518581666976726,0.5963718607354503,0.7491140791676989,0.3726803099235476,1.0996933659571753,6.394736842105263,5.849841044843197,0.35727737542809823,0.0027131099720356174,0.03609378107523667,0.0,0.0027131099720356174,-0.0053933052132191794,0,0,0,2,0,1.0,0.24561403508771928,0.24078596248722234,0.21513504002979375,0.9376377998721642,0.5201639274501367,0.0,0.2807017543859649,0.02670431087514261
455,114,100.0,114,0,112,2,0,0.0,0.9641067350249976,0.9574067631056488,0.6232500317098504,0.7500975153272548,0.3704449923050253,1.1104675152182877,6.394736842105263,5.849841044843197,0.36079054399978383,0.002480342943832776,0.042627674734967945,0.0,0.002480342943832776,-0.00890594186566701,0,0,0,2,0,1.0,0.2631578947368421,0.24606384794247163,0.20650033084751487,0.9354251205037429,0.526734222913105,0.0,0.3157894736842105,0.02676028983910636
456,114,100.0,114,0,112,2,0,0.0,0.9533440320752848,0.9467567189171219,0.6155678243783688,0.7505250135097115,0.3799449523914235,1.133761720231101,6.394736842105263,5.849841044843197,0.35800073888667727,0.0045887607405785385,0.037516094767733654,0.0,0.0045887607405785385,-0.006119019813126875,0,0,0,2,0,1.0,0.2719298245614035,0.24452751615558613,0.2098757171082012,0.9390140231442705,0.5187721954642653,0.0,0.3157894736842105,0.026718980306429448
457,114,100.0,114,0,113,1,0,0.0,0.9547319924937127,0.948401353915321,0.6341878029590137,0.7510044705545552,0.3806439188835121,1.1318254010476296,6.394736842105263,5.849841044843197,0.3609468453719227,0.0005660982451247995,0.04632892199755578,0.0,0.0005660982451247995,-0.02181768096996789,0,0,0,1,0,1.0,0.2719298245614035,0.24848140578421782,0.21027055743317447,0.954490781356667,0.5238645095863647,0.0,0.2807017543859649,0.02673994384602242
458,114,100.0,114,0,112,2,0,0.0,0.9546577369251038,0.9480009886468153,0.6671972100200243,0.7514371435389521,0.3740836570932478,1.1150505593715532,6.394736842105263,5.849841044843197,0.36655456200443237,0.0024913463166436924,0.04822760538310694,0.0,0.0024913463166436924,-0.009062787670436834,0,0,0,2,0,1.0,0.3157894736842105,0.25745544740373427,0.20714231518507564,0.9556294651471602,0.530231952726799,0.0,0.2807017543859649,0.026752227909094976
459,114,100.0,114,0,113,1,0,0.0,0.9577827950344535,0.951349436032858,0.6447357942615201,0.7520012089211605,0.376589015815038,1.092049374776678,6.394736842105263,5.849841044843197,0.3629462779245989,0.0013424130342348435,0.04864531349855018,0.0,0.0013424130342348435,-0.019846412836359573,0,0,0,1,0,1.0,0.2894736842105263,0.25081578776690394,0.19550250405618397,0.9314933956267641,0.5334031843765444,0.0,0.3157894736842105,0.026784351663765815
460,114,100.0,114,0,112,2,0,0.0,0.964759873731262,0.9580649719217615,0.6257264402616695,0.7528465559149692,0.3746300095710251,1.0844705136193737,6.394736842105263,5.849841044843197,0.361471376810965,0.005177595574636173,0.04404677867582138,0.0,0.005177595574636173,-0.005538830084560492,0,0,0,2,0,1.0,0.2719298245614035,0.2463349451056043,0.21545166449064915,0.9379871470626789,0.5258481727214118,0.0,0.2807017543859649,0.02684396278495744
461,113,99.12280701754386,114,1,111,2,0,0.008771929824561403,0.9713504157236444,0.9635520667530638,0.6404841037444944,0.7539484223967374,0.37317265847700143,1.082823032238319,6.394736842105263,5.849841044843197,0.36212884676869983,0.10542779530668746,0.04997363812831162,0.0,0.10542779530668746,-0.003098352915852328,0,1,0,2,0,0.6666666666666666,0.24561403508771928,0.2480917194729985,0.20902647165109356,0.9507508185061396,0.525242596505665,0.008771929824561403,0.2807017543859649,0.026909144213774275
462,113,99.12280701754386,114,0,113,1,0,0.0,0.9701827080512313,0.9624947177369774,0.6375230016898648,0.7548871669685258,0.3782570840420207,1.0900339930107352,6.394736842105263,5.849841044843197,0.3625761902127651,0.0014463411698070528,0.04903526326266447,0.0,0.0014463411698070528,-0.015997989876217256,0,0,0,1,0,1.0,0.23684210526315788,0.2475788383000339,0.21289742423601496,0.9495602758561267,0.5223005820786831,0.0,0.2807017543859649,0.026930763208045567
463,113,99.12280701754386,114,0,112,2,0,0.0,0.9819738244511992,0.9741541037492676,0.6922624038180503,0.7563166409138663,0.3733485447829841,1.1055230371388614,6.394736842105263,5.849841044843197,0.3666785675658393,0.09687489361481619,0.038378885695887925,0.0,0.09687489361481619,-0.003808228398009275,0,0,0,2,0,0.5,0.22807017543859648,0.2557906262127001,0.2199127704088195,0.9483488355882697,0.5239104945046089,0.0,0.2807017543859649,0.027031529766835344
464,113,99.12280701754386,114,0,112,2,0,0.0,0.9789731120947243,0.9712471585395704,0.6815633854821974,0.7575264515664044,0.37209258428126885,1.0874601080995996,6.394736842105263,5.849841044843197,0.3680143039265571,0.0027422947633491054,0.049569883037365314,0.0,0.0027422947633491054,-0.0053787694304602285,0,0,0,2,0,1.0,0.23684210526315788,0.25538487808298305,0.22230843324904562,0.9533779764421826,0.5264657987576298,0.0,0.2807017543859649,0.027051912205111495
465,112,98.24561403508773,114,1,112,1,0,0.008771929824561403,0.9849487366047883,0.9796422356573811,0.662528602085602,0.7589462225884341,0.37694029368125365,1.1001971997537308,6.394736842105263,5.849841044843197,0.36756887204143207,0.09786273320515639,0.038180681691132694,0.0,0.09786273320515639,-0.0018424661892728206,0,1,0,1,0,0.5,0.22807017543859648,0.251340660951467,0.2359026675649032,0.9462953876114227,0.5197357684617009,0.008771929824561403,0.3157894736842105,0.027123317501656558
466,113,99.12280701754386,114,0,112,2,0,0.0,0.984200790128162,0.9791717966263228,0.6839790057381101,0.7603730698780291,0.3821774111047469,1.0961146101458483,6.394736842105263,5.849841044843197,0.36388808532589256,0.005629455841347403,0.03789047087451837,0.0,0.005629455841347403,0.008767119540746493,0,0,0,2,0,1.0,0.24561403508771928,0.2511399915193632,0.2278382770038962,0.9422770046958807,0.5152776106209627,0.0,0.3157894736842105,0.027161311918470404
467,113,99.12280701754386,114,0,111,3,0,0.0,0.9913466887860911,0.9861161452261973,0.7427667668636885,0.762041435552984,0.3684512797766756,1.0850412496611512,6.394736842105263,5.849841044843197,0.3693909564182287,0.10891959061112201,0.05049486655077975,0.0,0.10891959061112201,0.0016356501237054049,0,0,0,3,0,0.6666666666666666,0.2631578947368421,0.2612106630455849,0.21243304211060232,0.9549839658618673,0.5256207938193009,0.0,0.24561403508771928,0.027245839781775846
468,112,98.24561403508773,114,1,110,3,0,0.008771929824561403,0.9962834033704296,0.9932474417727974,0.6987969891917931,0.7638516350688132,0.3830348438345662,1.1155132371706262,6.394736842105263,5.849841044843197,0.365711920209576,0.08064042848124671,0.05110773216722492,0.0,0.08064042848124671,0.000173108604610131,0,1,1,2,0,0.75,0.2543859649122807,0.25186976051517046,0.23058900068920132,0.9507632953506382,0.5159690144500905,0.008771929824561403,0.2631578947368421,0.0273234702518328
469,111,97.36842105263158,114,1,111,2,0,0.008771929824561403,1.0055180323943638,1.001639538983004,0.7461779341689936,0.7660783561690566,0.3779656519154636,1.1123504267983781,6.394736842105263,5.849841044843197,0.3714616753720301,0.24083629558619135,0.03494573711680361,0.0,0.24083629558619135,0.022557487214315403,0,1,0,2,0,0.0,0.2719298245614035,0.2603329163707137,0.2371048905276109,0.9501541956967005,0.5235254877125777,0.008771929824561403,0.22807017543859648,0.027434773219390585
470,112,98.24561403508773,114,0,113,1,0,0.0,1.0067602318270743,1.0026923573320243,0.734643248072904,0.7681887173123906,0.38025005078589863,1.1168716733276427,6.394736842105263,5.849841044843197,0.366702008378071,0.006628999240212685,0.042950865536902805,0.0,0.006628999240212685,-0.00033024794708541583,0,0,0,1,0,1.0,0.2543859649122807,0.2552241378998646,0.2294906866418808,0.9398705380143823,0.5205811019267467,0.0,0.2982456140350877,0.027502710602732724
471,112,98.24561403508773,114,0,113,1,0,0.0,1.0073505902120283,1.0031687018827944,0.716712019719358,0.7701979180026042,0.37783666426728024,1.0922148822266275,6.394736842105263,5.849841044843197,0.36767329114261593,0.006185694571942415,0.04367587936268183,0.0,0.006185694571942415,0.0018424004299050223,0,0,0,1,0,1.0,0.2631578947368421,0.2536741927753688,0.2410774525473318,0.9410695760865859,0.5197105161975076,0.0,0.2631578947368421,0.027564429917982188
472,112,98.24561403508773,114,0,112,2,0,0.0,1.014658433725335,1.0101674093376054,0.6750037857740073,0.7724171142552085,0.37661456237200464,1.1090606613048926,6.394736842105263,5.849841044843197,0.3663755112701135,0.004664002359342934,0.04341842499405117,0.0,0.004664002359342934,0.008920542784280783,0,0,0,2,0,1.0,0.2631578947368421,0.2470985121948543,0.26448515591631305,0.9383575481422295,0.514986103698566,0.0,0.2631578947368421,0.02766587886217396
473,113,99.12280701754386,114,0,111,3,0,0.0,1.0235271308444032,1.0191084991352188,0.7077708151264267,0.7749249226872319,0.37390414107181136,1.0930010569148139,6.394736842105263,5.849841044843197,0.3683857302407474,0.08241020683388939,0.05124107900973781,0.0,0.08241020683388939,0.003403296933761827,0,0,0,3,0,0.6666666666666666,0.2631578947368421,0.2510550725678543,0.25358133872650923,0.9265578336653998,0.524521186846229,0.0,0.2631578947368421,0.02778357375126057
474,114,100.0,114,0,112,2,0,0.0,1.0267254796588177,1.0223308552385983,0.7094083415836182,0.77743683048023,0.37762130152503137,1.0934310320111185,6.394736842105263,5.849841044843197,0.3676994995880476,0.007163611168985042,0.04698138322163197,0.0,0.007163611168985042,0.008110558741470597,0,0,1,1,0,1.0,0.2894736842105263,0.24980401534667396,0.2506596935878059,0.9217700588294011,0.5223724065718176,0.0,0.19298245614035087,0.02787303680187435
475,114,100.0,114,0,110,4,0,0.0,1.030431493624666,1.0260447488298106,0.7026079434370348,0.7799756011574731,0.3802040704597715,1.0526781016069335,6.394736842105263,5.849841044843197,0.36468529918829673,0.061815841974137455,0.051162083476304306,0.0,0.061815841974137455,-0.0008097208993048388,0,0,0,4,0,0.75,0.2719298245614035,0.2456093721482154,0.23680402655997623,0.939837672178045,0.5236082148391779,0.0,0.22807017543859648,0.027965823896259498
476,114,100.0,114,0,111,3,0,0.0,1.0263188650859298,1.0222621887215444,0.6639723832888472,0.7821888387825972,0.3804429645361915,1.0359317546999438,6.394736842105263,5.849841044843197,0.3613920713302905,0.08379209643263269,0.05278325135078898,0.0,0.08379209643263269,-0.006903512708224331,0,0,1,2,0,0.6666666666666666,0.2894736842105263,0.23892411573332173,0.2387152303182447,0.9400309307925268,0.5201607838601584,0.0,0.2631578947368421,0.028009996195073026
477,114,100.0,114,0,109,5,0,0.0,1.0230791997633095,1.0188430739185692,0.6075528812922617,0.7841125952998148,0.38089480143660626,1.0315880056058642,6.394736842105263,5.849841044843197,0.36122567764720603,0.055489417906650504,0.05097432909618462,0.0,0.055489417906650504,-0.0020357933127423287,0,0,0,5,0,0.8,0.2807017543859649,0.23288900064002094,0.25533573193634557,0.9524886132102518,0.5195058837478621,0.0,0.22807017543859648,0.028050066217633448
478,114,100.0,114,0,110,4,0,0.0,1.018392987946745,1.0142632003705414,0.5614127600533368,0.7857094828605939,0.38830687798458846,1.0349214278248238,6.394736842105263,5.849841044843197,0.35836828285917366,0.06369413724056006,0.051572412315963524,0.0,0.06369413724056006,-0.004003291958993946,0,0,1,3,0,0.75,0.2719298245614035,0.22564572816266928,0.263719741213246,0.9498438411596746,0.5181657449504891,0.0,0.19298245614035087,0.02807334285053585
479,113,99.12280701754386,114,1,109,4,0,0.008771929824561403,1.014712895344804,1.0095995548634118,0.5329273732892753,0.787044268147792,0.40159143404286624,1.021786468125798,6.394736842105263,5.849841044843197,0.354049304647156,0.0884940221018802,0.053446847229138485,0.0,0.0884940221018802,-0.0021280870501003022,0,1,0,4,0,0.6,0.2894736842105263,0.21932039490264324,0.2685728006050865,0.9513680337522857,0.5127757575256838,0.008771929824561403,0.21052631578947367,0.028093983796321668
480,113,99.12280701754386,114,0,110,4,0,0.0,1.0132353397385345,1.0081382266320995,0.5254383435115396,0.7881830165248199,0.41004246078779316,1.0237561781318092,6.394736842105263,5.849841044843197,0.351383394892423,0.02256275822449258,0.049576003715408185,0.0,0.02256275822449258,-0.0041559608342387755,0,0,0,4,0,0.75,0.2719298245614035,0.21662120158106396,0.26663664832402323,0.9370693781697526,0.5099008517772302,0.0,0.14035087719298245,0.02811990350326875
481,112,98.24561403508773,114,1,110,3,0,0.008771929824561403,1.0124510741688693,1.0048572207526083,0.5387614368658894,0.7892138277689312,0.42512662970979026,1.0812975150956508,6.394736842105263,5.849841044843197,0.3508015279900909,0.09837084170847453,0.057924729970956323,0.0,0.09837084170847453,-0.0027745643672186793,0,1,0,3,0,0.75,0.2807017543859649,0.21833667278159685,0.2559510569483056,0.9619284978249817,0.5035498719207496,0.008771929824561403,0.19298245614035087,0.028146132585046866
482,112,98.24561403508773,114,0,110,4,0,0.0,1.0179459646255198,1.0103250702933106,0.5568011581716616,0.7903280018592133,0.41860267149380265,1.0629460631267036,6.394736842105263,5.849841044843197,0.351249835029666,0.0988431356833761,0.0623926576558871,0.0,0.0988431356833761,0.0008572617048391296,0,0,1,3,0,0.5,0.2894736842105263,0.2193287562015299,0.24188009951451345,0.9749579408343922,0.5067623918497184,0.0,0.19298245614035087,0.02820619574395228
483,112,98.24561403508773,114,0,113,1,0,0.0,1.0141721354911637,1.0063368245442306,0.5437871348618037,0.791190353706812,0.41494718475556874,1.0584048069219467,6.394736842105263,5.849841044843197,0.35434271912754567,0.0028239538153644024,0.05683038852459603,0.0,0.0028239538153644024,-0.006538750119011172,0,0,0,1,0,1.0,0.30701754385964913,0.22105293823213767,0.25828646151545165,0.974308188590665,0.5090823763289583,0.0,0.15789473684210525,0.0282125497044464
484,112,98.24561403508773,114,1,112,1,0,0.008771929824561403,1.0140510215614527,1.0055978315252176,0.5495470984072065,0.7920025767437058,0.4264838987260604,1.0823160046354259,6.394736842105263,5.849841044843197,0.3497247520062945,0.19598653768010918,0.06902021185187895,0.0,0.19598653768010918,-0.0015775065295122181,0,1,0,1,0,0.5,0.2894736842105263,0.2179010934339593,0.2533947968207523,0.9744456468797799,0.5012164956425862,0.008771929824561403,0.17543859649122806,0.028235701013091783
485,112,98.24561403508773,114,0,114,0,0,0.0,1.0196485061387948,1.0112503314036732,0.556842506468218,0.7929969144951886,0.42124569950484,1.041301859766362,6.394736842105263,5.849841044843197,0.35117507577942475,0.0,0.0,0.0,0.0,0.0,0,0,0,0,0,0.0,0.2982456140350877,0.21902713507184146,0.2629728542923607,0.9721975096047069,0.5001678816392024,0.0,0.21052631578947367,0.028292772024933802
486,113,99.12280701754386,114,0,113,1,0,0.0,1.0434047844358945,1.0344928194608183,0.6214396188172419,0.7950208039537286,0.4072190258853252,1.0233499874403247,6.394736842105263,5.849841044843197,0.35678142008352753,0.0017994883105956854,0.039386510554955324,0.0,0.0017994883105956854,-0.010573627446136658,0,0,0,1,0,1.0,0.2719298245614035,0.22754077239280773,0.24778315237371973,0.9719989060909637,0.5106526410943594,0.0,0.21052631578947367,0.028470750574543267
487,113,99.12280701754386,114,0,113,1,0,0.0,1.0566938964552162,1.0476794051739962,0.6448186606769465,0.7975434145387911,0.3970483246858263,0.9869533257433724,6.394736842105263,5.849841044843197,0.3601625679197433,0.00231216188074329,0.03870330406691644,0.0,0.00231216188074329,-0.012816654007004491,0,0,0,1,0,1.0,0.2982456140350877,0.23133388863113374,0.2396984785449133,0.9692810489777552,0.5187697323502304,0.0,0.21052631578947367,0.028610980489343144
488,113,99.12280701754386,114,0,112,2,0,0.0,1.0678201314199776,1.0585189711062435,0.6777427662146012,0.8004257343160367,0.38417149245368176,0.9917630832945716,6.394736842105263,5.849841044843197,0.364410279037213,0.002376761835669714,0.04015444016967788,0.0,0.002376761835669714,-0.00585122463413415,0,0,0,2,0,1.0,0.30701754385964913,0.23721397206351721,0.23912961319127227,0.9624374399169415,0.5278633154688688,0.0,0.21052631578947367,0.028750917226853426
489,114,100.0,114,0,112,2,0,0.0,1.0644579404245162,1.0552469242936648,0.6228294362256591,0.8029863153379507,0.39239393173321546,1.012605879933633,6.394736842105263,5.849841044843197,0.36002359105432413,0.002008427011435559,0.0483735533050485,0.0,0.002008427011435559,-0.008433600392093177,0,0,0,2,0,1.0,0.32456140350877194,0.2276950411557529,0.24660458916811767,0.9666880064673711,0.5192519759375523,0.0,0.17543859649122806,0.028809001231679315
490,114,100.0,114,0,111,3,0,0.0,1.0620369493371649,1.0530282175894465,0.6177067585453556,0.8052932737878998,0.4035130806245652,1.0352546461987893,6.394736842105263,5.849841044843197,0.3591803444651489,0.0924412077556253,0.048563268203375386,0.0,0.0924412077556253,-0.004012735349257261,0,0,0,3,0,0.6666666666666666,0.2982456140350877,0.22663858757411967,0.24222620983065157,0.9540062123767894,0.5187081039006599,0.0,0.17543859649122806,0.028864372977388857
491,114,100.0,114,0,114,0,0,0.0,1.0775199696258215,1.0684981008022856,0.6686733191295291,0.8081892496977755,0.39920088257948366,1.0274783686503828,6.394736842105263,5.849841044843197,0.35996534069067576,0.0,0.0,0.0,0.0,0.0,0,0,0,0,0,0.0,0.2982456140350877,0.23058019369868502,0.23303326292886906,0.9594436532500785,0.5203488638568333,0.0,0.21052631578947367,0.02902649307254448
492,114,100.0,114,0,113,1,0,0.0,1.0857215222888348,1.0764868384760686,0.7120003287221297,0.8112896783845511,0.40209226605691395,1.0374559760598177,6.394736842105263,5.849841044843197,0.36028996159765825,0.002502397735161515,0.04206610397237458,0.0,0.002502397735161515,-0.014697268180011824,0,0,0,1,0,1.0,0.30701754385964913,0.234854916991987,0.2240029638742911,0.9542232320174332,0.5178610383046943,0.0,0.24561403508771928,0.029158185910802097
493,114,100.0,114,0,112,2,0,0.0,1.081429650773468,1.0720176128531644,0.6752128077079488,0.8139995828455414,0.40276092375098616,1.0147164538637092,6.394736842105263,5.849841044843197,0.35884202169095736,0.0032092521981523427,0.052137108827995306,0.0,0.0032092521981523427,-0.011312851046975214,0,0,0,2,0,1.0,0.2894736842105263,0.2312295034931192,0.23297517607508306,0.961690381602927,0.5156529600046341,0.0,0.21052631578947367,0.029215989104942785
494,114,100.0,114,0,113,1,0,0.0,1.0753482435775708,1.0660798258193422,0.6954596638979538,0.8162730813206488,0.41056287448649487,1.0478724116692957,6.394736842105263,5.849841044843197,0.3619921045099008,0.0015182672596393927,0.05559932709262115,0.0,0.0015182672596393927,-0.024106148198928645,0,0,0,1,0,1.0,0.2807017543859649,0.23669409089504964,0.2270404959847493,0.9517720054011596,0.5207035643172473,0.0,0.21052631578947367,0.029252080092438657
495,114,100.0,114,0,112,2,0,0.0,1.069788800320173,1.061012756028747,0.6412312489204973,0.8181764513261003,0.4177190517020689,1.054148289373259,6.394736842105263,5.849841044843197,0.360418744826452,0.003390206566049713,0.04571951274423155,0.0,0.003390206566049713,-0.007979947563223122,0,0,0,2,0,1.0,0.2982456140350877,0.23022185900553974,0.22966007933229504,0.9614651512195752,0.5211192512350638,0.0,0.21052631578947367,0.029279954936058734
496,114,100.0,114,0,112,2,0,0.0,1.0660573067596244,1.0572627469172855,0.5808102813653413,0.8197929815539878,0.4307766847468311,1.079344411850426,6.394736842105263,5.849841044843197,0.3584837880028344,0.0022348957059887915,0.04636542493542803,0.0,0.0022348957059887915,-0.006928127568633841,0,0,0,2,0,1.0,0.3333333333333333,0.22247271964953663,0.24616577432327508,0.9614507912490624,0.5186975939253653,0.0,0.21052631578947367,0.029308579692642625
497,114,100.0,114,0,113,1,0,0.0,1.0771954409606868,1.0682253215426785,0.6125277079513988,0.8218279818851084,0.4287757163877643,1.0409935063911846,6.394736842105263,5.849841044843197,0.3617732179532913,0.0016554043386549507,0.0451998828954846,0.0,0.0016554043386549507,-0.009044220594686847,0,0,0,1,0,1.0,0.3157894736842105,0.2268659484444636,0.24099113468655278,0.9575156057988392,0.5214593102778587,0.0,0.21052631578947367,0.02942379250596423
498,114,100.0,114,0,114,0,0,0.0,1.0738758923035339,1.0649237589186225,0.6183998530781953,0.8235894289991936,0.4401723610857258,1.0372108656592978,6.394736842105263,5.849841044843197,0.3602612513048027,0.0,0.0,0.0,0.0,0.0,0,0,0,0,0,0.0,0.3157894736842105,0.22684662073647321,0.2360864933945996,0.9676420025719288,0.5185769042707121,0.0,0.17543859649122806,0.029458715690809944
499,114,100.0,114,0,113,1,0,0.0,1.080043925413205,1.0711306044144857,0.6432868330548992,0.8255383067333415,0.42780842719483847,1.0095437478165459,6.394736842105263,5.849841044843197,0.36506642561746006,0.002119455915307332,0.04675505291307171,0.0,0.002119455915307332,-0.007590746247005731,0,0,0,1,0,1.0,0.3157894736842105,0.2326739570110482,0.23493212868556382,0.9716001616728471,0.5272986555508269,0.0,0.17543859649122806,0.0295465589811613
500,114,100.0,114,0,114,0,0,0.0,1.0917243496294344,1.0822727523919178,0.7155800547398298,0.8278946165744123,0.41845778976739345,1.0039777312751235,6.394736842105263,5.849841044843197,0.37240102919364726,0.0,0.0,0.0,0.0,0.0,0,0,0,0,0,0.0,0.3157894736842105,0.24487572961880308,0.22882237152330817,0.9632467722618587,0.5364339555673595,0.0,0.17543859649122806,0.029673881292355764
501,114,100.0,114,0,113,1,0,0.0,1.084940332395464,1.075582431705235,0.741098661840137,0.8297999875348073,0.4247026698974625,0.9781111564323123,6.394736842105263,5.849841044843197,0.37292010982964574,0.0015661547758501451,0.04696922425181753,0.0,0.0015661547758501451,-0.011838183314311246,0,0,0,1,0,1.0,0.3157894736842105,0.2485773713644325,0.21618122572051982,0.9696437035349048,0.539276844527694,0.0,0.14035087719298245,0.029695691792434767
502,114,100.0,114,0,114,0,0,0.0,1.0800831866378022,1.0707123527630455,0.7080487785007277,0.8313659838212036,0.43250377535681417,0.9995477166377846,6.394736842105263,5.849841044843197,0.3726124888209392,0.0,0.0,0.0,0.0,0.0,0,0,0,0,0,0.0,0.34210526315789475,0.24594371476675475,0.21702045551350646,0.9795413410711455,0.5419136345493882,0.0,0.14035087719298245,0.029717210210407623
503,114,100.0,114,0,114,0,0,0.0,1.0743394019826602,1.0647988389735523,0.6738669154075683,0.8325636268885974,0.43626128829655847,1.0359777363295724,6.394736842105263,5.849841044843197,0.37299534467599926,0.0,0.0,0.0,0.0,0.0,0,0,0,0,0,0.0,0.3333333333333333,0.24338539427581476,0.22580956691158802,0.980033833622173,0.5411994870519389,0.0,0.14035087719298245,0.029723521394995473
504,114,100.0,114,0,114,0,0,0.0,1.07521089426049,1.0656234158414188,0.6843375922838084,0.8337297988891141,0.4414889732318135,1.1026312871111754,6.394736842105263,5.849841044843197,0.3742212405925289,0.0,0.0,0.0,0.0,0.0,0,0,0,0,0,0.0,0.34210526315789475,0.24561108647769783,0.21624218980189625,0.980033833622173,0.54601407072258,0.0,0.14035087719298245,0.029761988460554473
505,114,100.0,114,0,114,0,0,0.0,1.0749047010595958,1.065460524125926,0.6340757835882053,0.8348201285561461,0.4401844559743778,1.1210287832378878,6.394736842105263,5.849841044843197,0.3703816611219508,0.0,0.0,0.0,0.0,0.0,0,0,0,0,0,0.0,0.3333333333333333,0.2368013087614036,0.22369375880250555,0.9746091632958096,0.540308098530698,0.0,0.17543859649122806,0.02979234877074307
506,114,100.0,114,0,114,0,0,0.0,1.0792878216986133,1.0701969328345864,0.6229522506402368,0.8360683335753445,0.4350462539616366,1.0549522623705663,6.394736842105263,5.849841044843197,0.36834586259534663,0.0,0.0,0.0,0.0,0.0,0,0,0,0,0,0.0,0.3157894736842105,0.23328979410577622,0.21977843603221067,0.9710651018408012,0.541398827687667,0.0,0.17543859649122806,0.029850773378706584
507,114,100.0,114,0,114,0,0,0.0,1.0848187146394757,1.0757017110462745,0.6116539552516217,0.8375011372052098,0.4272550927107761,1.0305830141373964,6.394736842105263,5.849841044843197,0.36775159836180493,0.0,0.0,0.0,0.0,0.0,0,0,0,0,0,0.0,0.30701754385964913,0.23049757163974674,0.21829756980591003,0.9758208826110044,0.5406055569786017,0.0,0.21052631578947367,0.029920336210826827
508,114,100.0,114,0,113,1,0,0.0,1.0854158423415587,1.076142691138027,0.634836120394172,0.838870761407769,0.43019598815092264,1.0736806613030045,6.394736842105263,5.849841044843197,0.36844454852834985,0.005037133914960412,0.03833677269917216,0.0,0.005037133914960412,0.006417694586029532,0,0,1,0,0,1.0,0.3157894736842105,0.2333881946096321,0.21419424354319075,0.9796876734491522,0.5374576936123856,0.0,0.21052631578947367,0.029963382268717954
509,114,100.0,114,0,113,1,0,0.0,1.0939644353306976,1.0844436395499588,0.6607406270636542,0.8405487386014164,0.41747163637799,1.07410603017972,6.394736842105263,5.849841044843197,0.3712358129255684,0.007018438321047267,0.03506923501615217,0.0,0.007018438321047267,0.00883719287146112,0,0,0,1,0,1.0,0.3333333333333333,0.23734732974212286,0.21450869914428092,0.9755256552310596,0.5390328048077591,0.0,0.21052631578947367,0.030055204732962196
510,114,100.0,114,0,113,1,0,0.0,1.1094269001899304,1.099896342048073,0.7034229558115187,0.8428517236230848,0.41366826122677325,0.9904561621678561,6.394736842105263,5.849841044843197,0.3756344121980393,0.012048018613382715,0.04219415024488282,0.0,0.012048018613382715,0.0044036655260502044,0,0,0,1,0,1.0,0.3508771929824561,0.24329041125678225,0.21094119448431106,0.9674373450867824,0.546714209273815,0.0,0.24561403508771928,0.030199877538785433
511,114,100.0,114,0,113,1,0,0.0,1.1146691826292339,1.1050171633172452,0.7116206147594791,0.8452596356052486,0.41061080337875566,1.032018092085465,6.394736842105263,5.849841044843197,0.3789287743797356,0.010637143398858266,0.03268759742774162,0.0,0.010637143398858266,0.009762057137628455,0,0,0,1,0,1.0,0.3508771929824561,0.246362382656886,0.21130039298369727,0.9735677787840917,0.5543558928273581,0.0,0.21052631578947367,0.03029651846271011
512,114,100.0,114,0,113,1,0,0.0,1.113604422985748,1.1041834358792129,0.6715606512790778,0.8474876711800583,0.41649062756428024,1.0352368618318322,6.394736842105263,5.849841044843197,0.3760606777982436,0.005471077918941554,0.04374716285877378,0.0,0.005471077918941554,0.005280246074319206,0,0,0,1,0,1.0,0.34210526315789475,0.24022215635324623,0.21394643965777968,0.9756231906820512,0.5509946787713067,0.0,0.21052631578947367,0.03035636293426714
513,113,99.12280701754386,114,1,113,0,0,0.008771929824561403,1.106362310458907,1.098911694950074,0.6537534786511121,0.8492451525209354,0.4286528328643741,1.0846702238083652,6.394736842105263,5.849841044843197,0.3752888026493404,0.28066060138357657,0.06732898618703806,0.0,0.28066060138357657,-0.00414752679077901,0,1,0,0,0,0.0,0.3508771929824561,0.2388300262499039,0.22569616058129066,0.9732047342006502,0.5442589921926916,0.008771929824561403,0.21052631578947367,0.03037155730404998
514,112,98.24561403508773,114,1,105,7,1,0.008771929824561403,1.1097370251663763,1.1003346719542257,0.6367681972828303,0.8511484565631795,0.45034452054231244,1.0761321982465468,6.394736842105263,5.849841044843197,0.37179069549867494,0.13792503773434828,0.04913807715796333,0.0,0.13792503773434828,0.0008417582142717434,0,2,2,5,0,0.2222222222222222,0.3333333333333333,0.23432225189812284,0.25387432784576125,0.9689118356779507,0.5318612737765176,0.008771929824561403,0.21052631578947367,0.030444101008123003
515,112,98.24561403508773,114,0,114,0,0,0.0,1.1149838254575455,1.105270952850834,0.6492273328234335,0.8530828998838752,0.44217049185925955,1.135908278353914,6.394736842105263,5.849841044843197,0.37344733899234206,0.0,0.0,0.0,0.0,0.0,0,0,0,0,0,0.0,0.3157894736842105,0.236370338914355,0.2592133916844754,0.9638995017011424,0.5286025162150975,0.0,0.21052631578947367,0.030526915939260494
516,112,98.24561403508773,114,0,113,1,0,0.0,1.1109551801927406,1.1013101488187995,0.6592655362428539,0.8547188207532305,0.43752213847270144,1.1289231008687632,6.394736842105263,5.849841044843197,0.37478765737756414,0.13516150445300618,0.025899854012009532,0.0,0.13516150445300618,0.018008265096909504,0,0,0,1,0,0.0,0.32456140350877194,0.2385407392454293,0.2523296349024687,0.9593061065556532,0.5305848808156297,0.0,0.21052631578947367,0.03055462209817482
517,112,98.24561403508773,114,0,114,0,0,0.0,1.1159069140831617,1.1061340881213435,0.6517068405621496,0.8564847970771478,0.4315243282651841,1.0933252183624438,6.394736842105263,5.849841044843197,0.3770657946493381,0.0,0.0,0.0,0.0,0.0,0,0,0,0,0,0.0,0.3333333333333333,0.2388745442645118,0.2530025880073155,0.9603526700556065,0.5335213672190651,0.0,0.14035087719298245,0.03063103417154629
518,113,99.12280701754386,114,0,114,0,0,0.0,1.116066786378758,1.1063273123946789,0.6615460022914521,0.8581565092435064,0.4304113968633761,1.058026118761556,6.394736842105263,5.849841044843197,0.3797933103172184,0.0,0.0,0.0,0.0,0.0,0,0,0,0,0,0.0,0.3157894736842105,0.24237236363973838,0.26227764892724015,0.9635374763968132,0.5343870548625287,0.0,0.17543859649122806,0.030680729785253914
519,114,100.0,114,0,113,1,0,0.0,1.1173525365764452,1.107531116092977,0.6743256836737013,0.8597867653876796,0.427378211989166,1.0689826717053992,6.394736842105263,5.849841044843197,0.38143448020670756,0.0009630979302464918,0.04997644253044554,0.0,0.0009630979302464918,0.0019789799310629963,0,0,0,1,0,1.0,0.30701754385964913,0.24503831534419687,0.26412130442751436,0.9530227547885046,0.5380975744280857,0.0,0.12280701754385964,0.030734842232771308
520,114,100.0,114,0,113,1,0,0.0,1.1198251353110193,1.10976014937931,0.7086277526751903,0.8614259700620647,0.4189870426308325,1.0414876211511253,6.394736842105263,5.849841044843197,0.38453670609093793,0.26871224229418444,0.05504691650588321,0.0,0.26871224229418444,0.0032270454215589384,0,0,0,1,0,0.0,0.30701754385964913,0.25126725650356435,0.2654008537629619,0.9548113491639856,0.5379556972026757,0.0,0.14035087719298245,0.030795150660369763
521,114,100.0,114,0,113,1,0,0.0,1.1310064455436732,1.1204073384941695,0.7713691872864845,0.8634675587797691,0.40875926744347624,1.0018540215099707,6.394736842105263,5.849841044843197,0.3914117169618998,0.3124971748446407,0.05950319641274707,0.0,0.3124971748446407,0.0034000466251609684,0,0,0,1,0,0.0,0.32456140350877194,0.2620225285599653,0.26356593458904964,0.9579452017822341,0.5450401240884122,0.0,0.14035087719298245,0.03091077205892061
522,113,99.12280701754386,114,1,113,0,0,0.008771929824561403,1.127278527027327,1.1194657675649387,0.768307550067925,0.8652199534011247,0.41502232439982245,1.0255374033914493,6.394736842105263,5.849841044843197,0.38996412831257343,0.3121457160093585,0.06079640247983653,0.0,0.3121457160093585,0.004006941298067501,0,1,0,0,0,0.0,0.34210526315789475,0.26053954176878963,0.26354321263110897,0.9599507921873609,0.5404097835586117,0.008771929824561403,0.14035087719298245,0.03094338861625272
523,113,99.12280701754386,114,0,112,2,0,0.0,1.127948844260498,1.1200315889627042,0.7931797623256435,0.8670220155239723,0.41916987610822337,1.0619521124721178,6.394736842105263,5.849841044843197,0.39044790308179733,0.027138562986740764,0.05103255357565409,0.0,0.027138562986740764,-0.0016733182664248059,0,0,0,2,0,1.0,0.3157894736842105,0.2631494651695639,0.25281741242698386,0.9640775917808793,0.5402453934780553,0.0,0.17543859649122806,0.03099944908727653
524,113,99.12280701754386,114,0,111,3,0,0.0,1.119214910408221,1.1113321918455856,0.7702682933036352,0.8683115391545351,0.42469142530467346,1.0839099065685631,6.394736842105263,5.849841044843197,0.3911464956641906,0.03871808342030048,0.0543586000934659,0.0,0.03871808342030048,-0.01106207145310075,0,0,0,3,0,0.6666666666666666,0.35964912280701755,0.26283052702852217,0.26094140008959993,0.9734091840796816,0.540257255748138,0.0,0.17543859649122806,0.030993496959326954
525,113,99.12280701754386,114,0,110,4,0,0.0,1.1346039334002567,1.1267037117935068,0.8972165983992747,0.8702449952889781,0.41471619229883433,1.0963360341603572,6.394736842105263,5.849841044843197,0.39608216628120596,0.03376512176642742,0.054220507114851574,0.0,0.03376512176642742,-0.014260888428992646,0,0,0,4,0,0.75,0.35964912280701755,0.27654937897483356,0.22880455410807177,0.9658088327731891,0.5494156345215844,0.0,0.14035087719298245,0.031126994129555483
526,113,99.12280701754386,114,0,111,3,0,0.0,1.1272941612434852,1.1193479582222723,0.8904933735139866,0.8717211073996304,0.4200743300082422,1.1599606979800359,6.394736842105263,5.849841044843197,0.39650702565073814,0.025393920696755043,0.05605714298133314,0.0,0.025393920696755043,-0.012055838260431514,0,0,0,3,0,1.0,0.32456140350877194,0.27760465983749455,0.2374245472602559,0.9468988306514599,0.546239419072898,0.0,0.17543859649122806,0.031133620374830043
527,114,100.0,114,0,112,2,0,0.0,1.1337402065210918,1.1256558629611961,0.8700258661164921,0.8734060712185555,0.4139633460519497,1.1280498365340124,6.394736842105263,5.849841044843197,0.39821572295036645,0.030760123057260124,0.05292732724585252,0.0,0.030760123057260124,-0.004737977862942999,0,0,0,2,0,1.0,0.34210526315789475,0.276604735244883,0.24637390532461287,0.959068470894913,0.5484038825755462,0.0,0.14035087719298245,0.031215134453753193
528,114,100.0,114,0,113,1,0,0.0,1.1309193928522545,1.1230369210697946,0.8177702695021134,0.8748699041822473,0.4184515498522982,1.1460663143580234,6.394736842105263,5.849841044843197,0.39641238367408005,0.020494737791300788,0.053796117309450345,0.0,0.020494737791300788,0.012816749756169088,0,0,0,1,0,1.0,0.3333333333333333,0.2707184807901897,0.2583458573068462,0.9600259065223226,0.5467417225173287,0.0,0.14035087719298245,0.031243846336178
529,114,100.0,114,0,113,1,0,0.0,1.1339676529380904,1.1260318674303038,0.835155982688472,0.8763882649255758,0.41317619181718723,1.1334148453860295,6.394736842105263,5.849841044843197,0.40060049513436646,0.006752208414417555,0.015320586702934244,0.0,0.006752208414417555,0.020968321155771658,0,0,0,1,0,1.0,0.34210526315789475,0.27603913261380963,0.2571618880060251,0.9698479771908415,0.5515932435605008,0.0,0.14035087719298245,0.03130349848159319
530,114,100.0,114,0,113,1,0,0.0,1.1383028572828824,1.1303678697808828,0.8395311701179828,0.8780207233750996,0.41279514094428293,1.1340960622288416,6.394736842105263,5.849841044843197,0.40022620144825805,0.027405115790082715,0.05636713232652221,0.0,0.027405115790082715,0.0084300801522188,0,0,0,1,0,1.0,0.34210526315789475,0.27550093660121616,0.2584027090033471,0.9666601669744395,0.5518149262138977,0.0,0.17543859649122806,0.03137292261552728
531,114,100.0,114,0,111,3,0,0.0,1.1431572468703306,1.1350806805414806,0.9140704509643665,0.8797782391507947,0.41099843057064606,1.1318033094170825,6.394736842105263,5.849841044843197,0.4046195988244159,0.014566939412738568,0.04421301055508106,0.0,0.014566939412738568,-0.011211273610678196,0,0,0,3,0,1.0,0.3508771929824561,0.2855357983230201,0.24369717455187095,0.9666601669744395,0.5589023359215659,0.0,0.17543859649122806,0.03144860050307262
532,114,100.0,114,0,111,3,0,0.0,1.1364603737873815,1.1285418228132764,0.9066633590408096,0.8811269328206749,0.4208729792535617,1.1407362063202273,6.394736842105263,5.849841044843197,0.40337770666861417,0.021060774969184803,0.05615111102008744,0.0,0.021060774969184803,-0.013637796596296789,0,0,0,3,0,1.0,0.3508771929824561,0.2847555336156538,0.2406023122347059,0.9649633224100226,0.5549788928502613,0.0,0.17543859649122806,0.0314545643555928
533,114,100.0,114,0,112,2,0,0.0,1.1310462244586241,1.1232944129490898,0.8318905249445288,0.8821511579458642,0.42717750939557914,1.1284772843734718,6.394736842105263,5.849841044843197,0.40205665776811705,0.006989664284396362,0.03748021354517968,0.0,0.006989664284396362,-0.0033222989657355068,0,0,0,2,0,1.0,0.35964912280701755,0.27800634171791744,0.26502414519637313,0.9724794403927304,0.5528614847648146,0.0,0.17543859649122806,0.031457451379831476
534,114,100.0,114,0,111,3,0,0.0,1.1324311333126913,1.1249398530531223,0.8440181674266114,0.8831924720337477,0.4234564140371226,1.1012618201110105,6.394736842105263,5.849841044843197,0.403222800989125,0.016729758624621383,0.04333341848954847,0.0,0.016729758624621383,-0.009390326676353802,0,0,0,3,0,1.0,0.3508771929824561,0.2798501344055818,0.25417204689756434,0.9666601669744395,0.5565224005598993,0.0,0.17543859649122806,0.03149483353356118
535,114,100.0,114,0,110,4,0,0.0,1.1374164120784878,1.129767106801208,0.9017264122709734,0.884398780239588,0.4114061034860065,1.0906609859067542,6.394736842105263,5.849841044843197,0.40654937281909254,0.012505545248457851,0.035758338827505814,0.0,0.012505545248457851,-5.877919613573451e-05,0,0,0,4,0,1.0,0.38596491228070173,0.2872876770741587,0.24667569266265177,0.9707701364477307,0.559170747475363,0.0,0.17543859649122806,0.03155504348366644
536,114,100.0,114,0,112,2,0,0.0,1.1336688123910916,1.1260755702190748,0.8670237002303083,0.885361762115142,0.41838363397801076,1.1297413370380776,6.394736842105263,5.849841044843197,0.40570254261970584,0.005089627515466965,0.036221182451827434,0.0,0.005089627515466965,0.0007786122750616381,0,0,0,2,0,1.0,0.37719298245614036,0.28432160003279694,0.26200693544610876,0.9612730234831515,0.5584442758915761,0.0,0.21052631578947367,0.03156447193973474
537,114,100.0,114,0,113,1,0,0.0,1.1305470096952939,1.1227968023313306,0.8967193868464589,0.8861149689139555,0.4154209907718627,1.1297756468902633,6.394736842105263,5.849841044843197,0.4085320786222766,0.03428763833438639,0.05469305074461038,0.0,0.03428763833438639,0.01269746015780504,0,0,1,0,0,1.0,0.3684210526315789,0.29052669711750956,0.26165325020732966,0.9609552775935607,0.5608574105408085,0.0,0.17543859649122806,0.03157089362649052
538,114,100.0,114,0,111,3,0,0.0,1.1399405103424807,1.1320461631175847,0.9568018765917027,0.8872569726352274,0.4007817585536487,1.0905186440022303,6.394736842105263,5.849841044843197,0.40994198105323565,0.024845259008084358,0.05003867915651472,0.0,0.024845259008084358,-0.001830904966481639,0,0,0,3,0,1.0,0.3684210526315789,0.29555837997658096,0.2490761729555099,0.9725985462947604,0.5677780529460019,0.0,0.17543859649122806,0.031651263830936756
539,114,100.0,114,0,112,2,0,0.0,1.1448823612786705,1.137032219569541,0.9743862351800744,0.8885655120555551,0.3900398262310889,1.100629317960859,6.394736842105263,5.849841044843197,0.4129674357183166,0.022390480973811747,0.03389505315402773,0.0,0.022390480973811747,0.01698425220325739,0,0,0,2,0,1.0,0.35964912280701755,0.29964821043741824,0.2530352517415361,0.9776401681943426,0.5724315750010743,0.0,0.14035087719298245,0.031714246823666845
540,114,100.0,114,0,111,3,0,0.0,1.1490890802009224,1.141156671436044,0.9594377373167943,0.8899905231023139,0.3874125515703675,1.099204625302505,6.394736842105263,5.849841044843197,0.41645165243869964,0.006282504418272661,0.024698581141468445,0.0,0.006282504418272661,0.015608333054091336,0,0,0,3,0,1.0,0.37719298245614036,0.301652306227742,0.26669274561520795,0.9611847564484367,0.5752871722226204,0.0,0.14035087719298245,0.03177696085883153
541,114,100.0,114,0,113,1,0,0.0,1.1557979679821677,1.1478452866823872,1.0840207422332233,0.8916451919559756,0.3757714530865014,1.0491778790163395,6.394736842105263,5.849841044843197,0.4231104691399281,0.009522773431423732,0.01301402112954115,0.0,0.009522773431423732,0.021189062393785124,0,0,0,1,0,1.0,0.40350877192982454,0.3174650226897285,0.2387011901200341,0.9716050185480257,0.5890320265962753,0.0,0.14035087719298245,0.03185890304661663
542,114,100.0,114,0,112,2,0,0.0,1.154428675437762,1.1464462658669299,1.1346976161952762,0.8931375929167688,0.3760564266747853,1.0774909106824144,6.394736842105263,5.849841044843197,0.4236550422485241,0.022644959515231385,0.033850002052593045,0.0,0.022644959515231385,0.017157325704402135,0,0,0,2,0,1.0,0.41228070175438597,0.3230077582449401,0.2330838162778795,0.9641189949216421,0.5872383869144652,0.0,0.10526315789473684,0.031895708125873654
543,114,100.0,114,0,111,3,0,0.0,1.1574666524429018,1.1496413313904554,1.133050410008353,0.8946922157971275,0.3754994254671081,1.062565755855688,6.394736842105263,5.849841044843197,0.42233674116758535,0.06470376803388414,0.049235289647622714,0.0,0.06470376803388414,0.012746956136123274,0,0,0,3,0,0.6666666666666666,0.40350877192982454,0.32108317689255594,0.23112512791189627,0.9661288029140515,0.5855792377415132,0.0,0.14035087719298245,0.03195636949457323
544,114,100.0,114,0,112,2,0,0.0,1.1683915243959004,1.1603098834361016,1.1826544558025542,0.896655170379304,0.372314854496817,1.0467578495624354,6.394736842105263,5.849841044843197,0.4255888791932616,0.020056527785447947,0.033259713527889506,0.0,0.020056527785447947,0.01651566557624877,0,0,0,2,0,1.0,0.3684210526315789,0.3262691437224537,0.22326034804187384,0.9708321984681341,0.5911555032957105,0.0,0.14035087719298245,0.03206840871575812
545,113,99.12280701754386,114,1,112,1,0,0.008771929824561403,1.1646021796972927,1.154261389535078,1.182270796549405,0.8983210777627451,0.377567666706115,1.0908160651165648,6.394736842105263,5.849841044843197,0.42442745614226407,0.0408169135158955,0.03456245657954185,0.0,0.0408169135158955,0.01581020457518713,0,1,0,1,0,0.5,0.38596491228070173,0.3255940925293924,0.22477064308752664,0.9727686868544934,0.5907108160359612,0.008771929824561403,0.15789473684210525,0.03209818845920788
546,113,99.12280701754386,114,0,112,2,0,0.0,1.1721303443719582,1.1614461298341965,1.2190105521479577,0.9001249245747291,0.3813121645862354,1.1125203209243786,6.394736842105263,5.849841044843197,0.42262070676337427,0.006378497654926092,0.029719706211331944,0.0,0.006378497654926092,0.012891429868792825,0,0,0,2,0,1.0,0.3684210526315789,0.32524269984830434,0.22137486161399553,0.9736919283523526,0.5881640415355368,0.0,0.15789473684210525,0.03218859036817798
547,113,99.12280701754386,114,0,112,2,0,0.0,1.1677728685020532,1.156912263520631,1.192539433024242,0.9016110700374962,0.3840914925786879,1.08801354568804,6.394736842105263,5.849841044843197,0.4193161509763015,0.006267218079103599,0.03071554704215513,0.0,0.006267218079103599,0.012490232833170328,0,0,1,1,0,1.0,0.3684210526315789,0.3203076042676701,0.21052022697188028,0.9795733885172725,0.5858851904431968,0.0,0.15789473684210525,0.032210271562461965
548,113,99.12280701754386,114,0,112,2,0,0.0,1.1637885084229955,1.1530062145542486,1.2342593528604975,0.9028274802284626,0.3929802391752417,1.134570316367132,6.394736842105263,5.849841044843197,0.4207427729295621,0.014857974082218428,0.02907020443460067,0.0,0.014857974082218428,0.012731987582128054,0,0,0,2,0,1.0,0.34210526315789475,0.32571091120468804,0.20643913932096483,0.9768143338915439,0.5834024774390105,0.0,0.15789473684210525,0.03222592879337908
549,113,99.12280701754386,114,0,112,2,0,0.0,1.157245147540948,1.1468156104763352,1.2036616452579747,0.9036830199581855,0.405123550065831,1.1551279391548723,6.394736842105263,5.849841044843197,0.4186738386226845,0.009495425503557912,0.030354973132762416,0.0,0.009495425503557912,0.011313523407143658,0,0,0,2,0,1.0,0.35964912280701755,0.3218274447082529,0.20971119859767431,0.9777030157365719,0.5806825031278617,0.0,0.15789473684210525,0.03221823584610098
550,114,100.0,114,0,112,2,0,0.0,1.1777353149993404,1.1670840175435677,1.4259227118509479,0.9054370476502479,0.3880702361365878,1.1323270470277977,6.394736842105263,5.849841044843197,0.4255700147429835,0.009002337446943948,0.03193744529040743,0.0,0.009002337446943948,0.009207855820432792,0,0,0,2,0,1.0,0.32456140350877194,0.34190313105056425,0.1909227372963629,0.9783386213482225,0.5894914682985096,0.0,0.19298245614035087,0.032371990599327036
551,114,100.0,114,0,112,2,0,0.0,1.1795213593793141,1.1689478029779115,1.467525791184669,0.9071756902987029,0.3950785570730848,1.1435311621510758,6.394736842105263,5.849841044843197,0.42500179009072836,0.014608331215203631,0.03176984607413154,0.0,0.014608331215203631,0.012126395108280744,0,0,0,2,0,1.0,0.3508771929824561,0.3444018133712688,0.18895580993891853,0.98015054469111,0.587359062592973,0.0,0.15789473684210525,0.032431774736863136
552,114,100.0,114,0,112,2,0,0.0,1.1847319707458095,1.1739458066517152,1.5421736475224745,0.9090465253321519,0.39182186161180715,1.1465761453785361,6.394736842105263,5.849841044843197,0.4279198196111522,0.007958786714108112,0.03321444277212429,0.0,0.007958786714108112,0.006388763883975274,0,0,0,2,0,1.0,0.34210526315789475,0.35205145174412134,0.18480562412657517,0.9783040616953914,0.5932619809791992,0.0,0.19298245614035087,0.03251254823152962
553,114,100.0,114,0,112,2,0,0.0,1.191133112249232,1.180055929898693,1.5515978585017818,0.9110938654880066,0.3825193982943397,1.1514575459967618,6.394736842105263,5.849841044843197,0.43168486869002765,0.007911926461273588,0.03277077719017233,0.0,0.007911926461273588,0.005535275026809491,0,0,0,2,0,1.0,0.34210526315789475,0.3560444155754998,0.2018150823801274,0.9786501470194133,0.5959984161275298,0.0,0.19298245614035087,0.0326044370114291
554,114,100.0,114,0,111,3,0,0.0,1.1890218706342923,1.1779837702253377,1.5027383291707548,0.9129244650614272,0.3916591728876506,1.173530758436783,6.394736842105263,5.849841044843197,0.4283468580375611,0.011189006484139022,0.039375929729900096,0.0,0.011189006484139022,0.011324492696441276,0,0,0,3,0,1.0,0.35964912280701755,0.350149358417414,0.20514616852365977,0.9763805981845922,0.5916391251629692,0.0,0.19298245614035087,0.032647424385960744
555,114,100.0,114,0,113,1,0,0.0,1.1931965376856062,1.1819176989738949,1.466148700215725,0.9148320803325217,0.3928560011992097,1.1576201467471332,6.394736842105263,5.849841044843197,0.42880018702766165,0.0019607166632886787,0.0491392576269358,0.0,0.0019607166632886787,-0.005179710501322821,0,0,0,1,0,1.0,0.35964912280701755,0.3471099395263036,0.2145676425797949,0.9788547317776649,0.5903926294777101,0.0,0.15789473684210525,0.03272409395177041
556,114,100.0,114,0,113,1,0,0.0,1.2008262209615106,1.189374342583175,1.6362670498608862,0.9169770645812484,0.3784157251182551,1.1631663870574414,6.394736842105263,5.849841044843197,0.4334975762105262,0.0019259118520511586,0.04950613000010275,0.0,0.0019259118520511586,-0.006211188255899502,0,0,0,1,0,1.0,0.35964912280701755,0.3629441095652274,0.19932296601544697,0.9746836053212071,0.5968393503406028,0.0,0.15789473684210525,0.03282498145264364
557,114,100.0,114,0,113,1,0,0.0,1.2234239774848739,1.2116182443424142,1.9491371588209987,0.9200375569770572,0.3572967579176666,1.0932872672623883,6.394736842105263,5.849841044843197,0.439932388474763,0.015712648806377242,0.016787332363001475,0.0,0.015712648806377242,0.019429863310220924,0,0,0,1,0,1.0,0.35964912280701755,0.38422928083703967,0.17330978889270918,0.9731593178645284,0.602256080035695,0.0,0.15789473684210525,0.033027487205432624
558,114,100.0,114,0,111,3,0,0.0,1.2433993009986062,1.2315676762658048,2.1276764862458246,0.9238526234780157,0.3449106105158652,1.0453070498772268,6.394736842105263,5.849841044843197,0.44261727281237717,0.006086723554793457,0.036665379969762615,0.0,0.006086723554793457,0.008275322651828287,0,0,0,3,0,1.0,0.3684210526315789,0.39316838666035436,0.1639243637893351,0.9652389234631934,0.6079351005140535,0.0,0.08771929824561403,0.03323895148603185
559,114,100.0,114,0,112,2,0,0.0,1.238592498063901,1.2269413431328848,1.9900589191138456,0.9272280081453284,0.3567252473166828,1.0714162694070029,6.394736842105263,5.849841044843197,0.43793085341118854,0.010204597301073688,0.031315649941588586,0.0,0.010204597301073688,0.012011533019714665,0,0,0,2,0,1.0,0.35964912280701755,0.3816613293412905,0.17762422440751008,0.967819716329089,0.600690034741849,0.0,0.15789473684210525,0.033313644790203226
560,114,100.0,114,0,113,1,0,0.0,1.2528758504056718,1.2408685217430349,2.135887403588182,0.9310577124235315,0.34212071269853933,1.0538556732989803,6.394736842105263,5.849841044843197,0.4428590019745169,0.0021638663267412395,0.04719302049409,0.0,0.0021638663267412395,-0.009450199849165508,0,0,0,1,0,1.0,0.3684210526315789,0.3940132881711824,0.1735935772019003,0.9733751840816344,0.6150549022559176,0.0,0.15789473684210525,0.033497077358293305
561,114,100.0,114,0,111,3,0,0.0,1.259316021028759,1.247194620610923,2.3097704074926537,0.9349594384714608,0.33632367271973995,1.0833571251875433,6.394736842105263,5.849841044843197,0.44519225445198196,0.009520475196733482,0.03268787601008923,0.0,0.009520475196733482,0.010563566877370126,0,0,0,3,0,1.0,0.38596491228070173,0.40441441293226466,0.16236689565972787,0.9626293867583526,0.6141625956989007,0.0,0.12280701754385964,0.03364340059731329
562,114,100.0,114,0,112,2,0,0.0,1.2536037184096032,1.2414408589182657,2.103009011369794,0.9383636510170854,0.35605126238444185,1.1267269985110506,6.394736842105263,5.849841044843197,0.4407827509093647,0.013090446666880837,0.031675811138581755,0.0,0.013090446666880837,0.007668331467153677,0,0,0,2,0,1.0,0.3684210526315789,0.38900851262649805,0.18349707181428704,0.9731593178645284,0.6052226143766553,0.0,0.15789473684210525,0.03371440959559134
563,114,100.0,114,0,111,3,0,0.0,1.2644885371286598,1.2520622200012903,2.171862438943522,0.9420657887320872,0.35228425845581884,1.0951416297549523,6.394736842105263,5.849841044843197,0.4431171340259745,0.0023188597753274146,0.04441557133817319,0.0,0.0023188597753274146,-0.0028521062254982707,0,0,0,3,0,1.0,0.3684210526315789,0.39261205796647014,0.18363812916142674,0.9679975969610183,0.6075801757885102,0.0,0.12280701754385964,0.033877118274981015
564,114,100.0,114,0,109,5,0,0.0,1.2664101883273993,1.2537733736572974,2.249880084364407,0.9456314370906277,0.3446368762641388,1.0917553280787675,6.394736842105263,5.849841044843197,0.4457482395686614,0.0050645974845019955,0.041125358921553015,0.0,0.0050645974845019955,0.0038224617925685265,0,0,2,3,0,1.0,0.38596491228070173,0.3996888729862036,0.18576495587213815,0.9634427074391511,0.6065717637314948,0.0,0.12280701754385964,0.03399101891157105
565,114,100.0,114,0,111,3,0,0.0,1.2806112767935012,1.2677493929827066,2.452645134782071,0.9496425606199218,0.33584437815711876,1.0946896230908292,6.394736842105263,5.849841044843197,0.4483965332555615,0.08368580989276009,0.04085465678869301,0.0,0.08368580989276009,0.005332812136912511,0,0,0,3,0,0.6666666666666666,0.38596491228070173,0.4107817195049667,0.17143734737177782,0.9475158034740638,0.6116271376692368,0.0,0.08771929824561403,0.034179346529189567
566,113,99.12280701754386,114,1,110,3,0,0.008771929824561403,1.3005153579648525,1.2877560531269245,2.7414781664989487,0.9543429267259574,0.32656004093460705,1.0761870465656762,6.394736842105263,5.849841044843197,0.45160822318951754,0.09610704274104055,0.03616991072772009,0.0,0.09610704274104055,0.008939409749369055,0,1,0,3,0,0.75,0.37719298245614036,0.4243044703219003,0.16360692615482436,0.963578862970248,0.6063563727146812,0.008771929824561403,0.10526315789473684,0.03441634890791071
567,113,99.12280701754386,114,0,112,2,0,0.0,1.3143348192983337,1.301301634828801,3.0850655597477434,0.9594146442109289,0.30547274615325704,1.0825089050058798,6.394736842105263,5.849841044843197,0.4576951176876345,0.00246544380598002,0.04982826983511789,0.0,0.00246544380598002,-0.0017733089773968036,0,0,0,2,0,1.0,0.35964912280701755,0.445928878776803,0.1494471925747411,0.9678948317770788,0.6176897771862754,0.0,0.10526315789473684,0.03463378992013529
568,113,99.12280701754386,114,0,113,1,0,0.0,1.2988658581880765,1.2861035807128156,2.6106981987951094,0.9634784246786309,0.3398069202759184,1.121580592362045,6.394736842105263,5.849841044843197,0.4477243187561186,0.0015241159019926875,0.054279907425085955,0.0,0.0015241159019926875,-0.012266652548562962,0,0,0,1,0,1.0,0.3508771929824561,0.4157705561684815,0.16563792464476126,0.9762650011860369,0.6066695602676178,0.0,0.10526315789473684,0.03467530746346999
569,113,99.12280701754386,114,0,113,1,0,0.0,1.3087446828705327,1.295847766407893,2.676603612274547,0.9677604959479819,0.3294812245401734,1.1049386890482544,6.394736842105263,5.849841044843197,0.4513625362907352,0.0026682430657202277,0.050044729157823195,0.0,0.0026682430657202277,-0.008615587091893806,0,0,0,1,0,1.0,0.3684210526315789,0.4210837061884322,0.17235491707267603,0.969236536729298,0.611379808486313,0.0,0.10526315789473684,0.034849948768224226
570,113,99.12280701754386,114,0,112,2,0,0.0,1.309714037637738,1.29704088259539,2.7142223149102622,0.971847909175008,0.32842920192869657,1.0936351499700097,6.394736842105263,5.849841044843197,0.4517636031382932,0.0044494024181020685,0.045850990665713076,0.0,0.0044494024181020685,-0.00522040962483164,0,0,0,2,0,1.0,0.3684210526315789,0.42271265621372844,0.17016237477969337,0.9686843901823152,0.6129160123104209,0.0,0.14035087719298245,0.034974349130373714
571,114,100.0,114,0,113,1,0,0.0,1.3126708135373715,1.300022898786178,2.6562958302353055,0.9758357697910812,0.3343763814928533,1.0927516359198588,6.394736842105263,5.849841044843197,0.4501213427275872,0.002008876591010995,0.055712873632143556,0.0,0.002008876591010995,-0.01735446610592506,0,0,0,1,0,1.0,0.37719298245614036,0.41706963611503767,0.17500437716881315,0.9784212997905005,0.6108856282032061,0.0,0.14035087719298245,0.03510577476343698
572,114,100.0,114,0,113,1,0,0.0,1.3049084126546142,1.29253986939394,2.633592076668989,0.9792401506401966,0.34386234112379255,1.104152367566983,6.394736842105263,5.849841044843197,0.4459225291474269,0.0005986347079777587,0.04089376172668033,0.0,0.0005986347079777587,-0.015540601177044977,0,0,0,1,0,1.0,0.3684210526315789,0.41190126444634867,0.17034927214076248,0.9745659361679324,0.6038193010460305,0.0,0.14035087719298245,0.03516653819314036
573,114,100.0,114,0,113,1,0,0.0,1.3102198856302572,1.2977288833174803,2.609128820743608,0.9826882198741349,0.3535818657276772,1.0917902830359527,6.394736842105263,5.849841044843197,0.44289263872293816,0.0018633215037197686,0.056341078094694026,0.0,0.0018633215037197686,-0.012698942201205488,0,0,0,1,0,1.0,0.3508771929824561,0.40592437192730935,0.17554574938110482,0.9745659361679324,0.5938087970750389,0.0,0.14035087719298245,0.03529394884266934
574,114,100.0,114,0,113,1,0,0.0,1.3176240544089226,1.3048920418669463,2.6687721429300755,0.986269809249919,0.35131271823837495,1.0797293645445016,6.394736842105263,5.849841044843197,0.4448493315747297,0.002974115460163553,0.05248058748325787,0.0,0.002974115460163553,-0.00984866466616563,0,0,1,0,0,1.0,0.35964912280701755,0.4097400799504421,0.17416216033275056,0.9755776347296697,0.5968305474446226,0.0,0.14035087719298245,0.03543572832924385
575,114,100.0,114,0,113,1,0,0.0,1.314241153114119,1.3014640765040362,2.5598716997314828,0.9894814569204987,0.34856512654853067,1.071620502232037,6.394736842105263,5.849841044843197,0.44536921584286393,0.0018999374224693503,0.05764763451481393,0.0,0.0018999374224693503,-0.014110443047119503,0,0,0,1,0,1.0,0.38596491228070173,0.4067628245966014,0.18050479488632312,0.9720255107918796,0.6013260184250762,0.0,0.14035087719298245,0.03551275196459449
576,114,100.0,114,0,113,1,0,0.0,1.3141570327995218,1.3014596102207292,2.558888854866296,0.9925050192910495,0.34746165462285644,1.0915822218241638,6.394736842105263,5.849841044843197,0.443836545736646,0.0013575558082006836,0.0451013566385771,0.0,0.0013575558082006836,-0.008730758097813651,0,0,0,1,0,1.0,0.37719298245614036,0.40497852550582203,0.17905318548895713,0.9685389100211391,0.5990478934511008,0.0,0.12280701754385964,0.03560076815930596
577,114,100.0,114,0,113,1,0,0.0,1.3019871468772601,1.289697452374336,2.2311316632191587,0.9948012540390656,0.3598727872461125,1.0999373076971894,6.394736842105263,5.849841044843197,0.43777507454375075,0.003073822534446678,0.05161670681591354,0.0,0.003073822534446678,-0.00430876067690944,0,0,0,1,0,1.0,0.3684210526315789,0.3852118094787794,0.19627539885972034,0.9760311090318877,0.5949010880997454,0.0,0.10526315789473684,0.035607081771082356
578,114,100.0,114,0,113,1,0,0.0,1.3086705398821499,1.2961394444233907,2.37459451171212,0.997264639740299,0.3525715511039598,1.0710096736941,6.394736842105263,5.849841044843197,0.4424137899443863,0.0033127624434244685,0.052423248594190154,0.0,0.0033127624434244685,-0.0019102906880807957,0,0,1,0,0,1.0,0.37719298245614036,0.3967307660933396,0.19066345530118226,0.9772508918031786,0.6016370210151125,0.0,0.10526315789473684,0.035712550810028575
579,114,100.0,114,0,113,1,0,0.0,1.3188987200190982,1.3061444287826887,2.539829311125943,1.0000521418389534,0.34098220017918524,1.0567049164673648,6.394736842105263,5.849841044843197,0.4461738869829075,0.0031784427537760425,0.05312344651915818,0.0,0.0031784427537760425,-0.0008178966297313073,0,0,0,1,0,1.0,0.38596491228070173,0.4072210798431741,0.18396920276961054,0.9631202738090828,0.6053308510889376,0.0,0.10526315789473684,0.03584522393165979
580,114,100.0,114,0,114,0,0,0.0,1.3248435595805874,1.3122880245416773,2.6161804669444506,1.0029640919647858,0.347232539530671,1.0892213163020097,6.394736842105263,5.849841044843197,0.4432319308529815,0.0,0.0,0.0,0.0,0.0,0,0,0,0,0,0.0,0.3684210526315789,0.4052179623819842,0.17292361849346236,0.9652340088792477,0.6002630880961108,0.0,0.10526315789473684,0.03596012035630039
581,114,100.0,114,0,113,1,0,0.0,1.3319256661068566,1.3192893560073746,2.7063070934961604,1.0060333510463644,0.33782628786547964,1.0530382269048475,6.394736842105263,5.849841044843197,0.4461685067180299,0.09797222388138885,0.04744132335177285,0.0,0.09797222388138885,0.0013086391831103605,0,0,0,1,0,0.0,0.37719298245614036,0.4110756157856654,0.16534691412849142,0.9757559344337631,0.6057488093299692,0.0,0.07017543859649122,0.03608530427769512
582,113,99.12280701754386,114,1,113,0,0,0.008771929824561403,1.342258862515576,1.3278184182795123,2.9574963079646013,1.00939093432339,0.32542829133171985,1.0721982538330335,6.394736842105263,5.849841044843197,0.4523297823241832,0.19837889371351114,0.06761551433187116,0.0,0.19837889371351114,0.005330046498895791,0,1,0,0,0,0.0,0.37719298245614036,0.4291392791102479,0.1583841606442579,0.9690017577095882,0.6112572289970297,0.008771929824561403,0.07017543859649122,0.03623517690206583
583,113,99.12280701754386,114,0,114,0,0,0.0,1.3360689755068047,1.3220687712774453,2.7123801859146,1.0122143064430078,0.34525278703799206,1.089582415417948,6.394736842105263,5.849841044843197,0.4465236829366217,0.0,0.0,0.0,0.0,0.0,0,0,0,0,0,0.0,0.35964912280701755,0.4121081860786078,0.16484260546906634,0.9826330108306849,0.605092853341161,0.0,0.07017543859649122,0.03628680885757301
584,113,99.12280701754386,114,0,114,0,0,0.0,1.3516698408148844,1.3373909354812863,3.122040872021189,1.015589573581967,0.3212285301029972,1.053989115475956,6.394736842105263,5.849841044843197,0.4535608363844954,0.0,0.0,0.0,0.0,0.0,0,0,0,0,0,0.0,0.35964912280701755,0.4357496159035404,0.14339261717297574,0.9667310891537186,0.6148347018825228,0.0,0.07017543859649122,0.03646353706534738
585,113,99.12280701754386,114,0,113,1,0,0.0,1.3710120949618643,1.356535894312549,3.6885586719842696,1.0196633526862422,0.3114459909931411,1.0665301764013349,6.394736842105263,5.849841044843197,0.4600714793441345,0.002649473639487088,0.04672695544223895,0.0,0.002649473639487088,0.004584535477991758,0,0,0,1,0,1.0,0.3684210526315789,0.46211219148135574,0.12178878429476733,0.9648817128629147,0.6255305759776515,0.0,0.05263157894736842,0.036679403137141346
586,113,99.12280701754386,114,0,112,2,0,0.0,1.3689604726239846,1.354382016232093,3.6013396841073244,1.0233980234331939,0.3073640552340505,1.074563592957945,6.394736842105263,5.849841044843197,0.46099513722702,0.009934830018114685,0.031456297054951586,0.0,0.009934830018114685,0.008695695456121394,0,0,0,2,0,1.0,0.39473684210526316,0.460591516130002,0.1260027293732072,0.9484410013900632,0.6254167004872164,0.0,0.07017543859649122,0.03677838117657441
587,114,100.0,114,0,113,1,0,0.0,1.378186121459272,1.3634999220494866,3.69299716083409,1.0273409282754495,0.3097636300185763,1.073458744975941,6.394736842105263,5.849841044843197,0.4604483286691581,0.003492855609158449,0.04849846004607827,0.0,0.003492855609158449,0.00043291949701274035,0,0,0,1,0,1.0,0.40350877192982454,0.46097822042572395,0.12067929484435519,0.9698127934283292,0.6283589412904579,0.0,0.07017543859649122,0.03693983625366154
588,114,100.0,114,0,113,1,0,0.0,1.384999795308356,1.3700685443759895,3.764855506266574,1.0313605826238332,0.30537984203391316,1.0581960126412577,6.394736842105263,5.849841044843197,0.46240364569934833,0.003339975589589846,0.049377515187170984,0.0,0.003339975589589846,0.004113619370358701,0,0,0,1,0,1.0,0.38596491228070173,0.46401080381310883,0.11926158986692867,0.9647921694158031,0.6297215157845295,0.0,0.07017543859649122,0.03709147631787325
589,114,100.0,114,0,113,1,0,0.0,1.389408483247188,1.3743423112415345,3.7624471551500474,1.0353451004368934,0.30069703025176936,1.0480335043790365,6.394736842105263,5.849841044843197,0.4669488100566408,0.004540626156115645,0.05261983555894518,0.0,0.004540626156115645,0.0017407433194835953,0,0,0,1,0,1.0,0.40350877192982454,0.46927249711727165,0.11950170592412751,0.9577692662125338,0.6388190903520357,0.0,0.07017543859649122,0.03723006373680115
590,114,100.0,114,0,113,1,0,0.0,1.3970489600034448,1.381982789272097,3.8249761781822653,1.0394540949473694,0.3045705534316382,1.0579132964564257,6.394736842105263,5.849841044843197,0.46475975632174316,0.01204280786707583,0.030241553051039836,0.0,0.01204280786707583,0.011239603332715509,0,0,0,1,0,1.0,0.35964912280701755,0.4683682354122664,0.11956174198290025,0.9498797512755011,0.6341798682715734,0.0,0.07017543859649122,0.03738845094428452
591,114,100.0,114,0,113,1,0,0.0,1.3796848832277264,1.3651486705119258,3.392218635040386,1.042534904459425,0.3424297625786056,1.0984095377692578,6.394736842105263,5.849841044843197,0.4546874199424775,0.007230258046299772,0.030463583575659196,0.0,0.007230258046299772,0.010776397561757356,0,0,0,1,0,1.0,0.3508771929824561,0.44216773560711975,0.12814569660503852,0.9416376834729433,0.6229116199368719,0.0,0.10526315789473684,0.03739174179008076
592,114,100.0,114,0,113,1,0,0.0,1.3785797618413813,1.3641211245535774,3.166035778356378,1.0453874036679502,0.34877362612610835,1.1245646688533788,6.394736842105263,5.849841044843197,0.45183925381431833,0.0015978326759335927,0.052789046734367774,0.0,0.0015978326759335927,-0.001177107121229759,0,0,0,1,0,1.0,0.34210526315789475,0.43011474015263684,0.13458827436784382,0.9436567870735306,0.6190756173393891,0.0,0.10526315789473684,0.037469649517901105
593,114,100.0,114,0,113,1,0,0.0,1.3669848725486706,1.352766299079234,2.6894821505041127,1.0475416448140364,0.3803011979323805,1.1385745504201201,6.394736842105263,5.849841044843197,0.44278051862475465,0.001254863421321025,0.05341394988694697,0.0,0.001254863421321025,-0.0018610169148537414,0,0,0,1,0,1.0,0.32456140350877194,0.40033174302575614,0.15350976780975506,0.9556519198641913,0.6061058401049176,0.0,0.10526315789473684,0.037474684912821875
594,114,100.0,114,0,112,2,0,0.0,1.3589179252727273,1.344832465476487,2.6423820671515683,1.0491985729537356,0.38983953679802846,1.1348345434950156,6.394736842105263,5.849841044843197,0.44010618091225284,0.009068926513764126,0.04802986663014307,0.0,0.009068926513764126,0.004765973070390145,0,0,0,2,0,1.0,0.3333333333333333,0.39641286201852166,0.1476407784844769,0.9680480978320624,0.6040717918727689,0.0,0.08771929824561403,0.037482814007642
595,114,100.0,114,0,113,1,0,0.0,1.3669668143614364,1.3527209791256398,2.775088580095216,1.051127745838456,0.38704028825744485,1.1332407935801467,6.394736842105263,5.849841044843197,0.4427077840211322,0.008278691811974648,0.04556803165140385,0.0,0.008278691811974648,0.0060376824118759664,0,0,0,1,0,1.0,0.34210526315789475,0.4035546753780753,0.1420624443690801,0.9575845633689621,0.6049885219871012,0.0,0.10526315789473684,0.03757948522670372
596,114,100.0,114,0,112,2,0,0.0,1.3655654696255315,1.351247019833117,2.9418747839042156,1.0528750857553977,0.39341009313511394,1.12500941426903,6.394736842105263,5.849841044843197,0.445502988690315,0.009318825996587569,0.04015994326213833,0.0,0.009318825996587569,0.009388148262349932,0,0,0,2,0,1.0,0.3508771929824561,0.41332562415477275,0.13481268615099734,0.9620769309573776,0.6054963460411613,0.0,0.10526315789473684,0.03762358680685129
597,114,100.0,114,0,113,1,0,0.0,1.375699805370064,1.3611581097844214,3.2432988219774828,1.054984035471055,0.39230379130616116,1.1554946430823307,6.394736842105263,5.849841044843197,0.4462534013803394,0.0015732409730615966,0.045513997224912506,0.0,0.0015732409730615966,0.003928204799767132,0,0,1,0,0,1.0,0.3684210526315789,0.4247285489336342,0.12321764776558577,0.9603848466815654,0.606613133853438,0.0,0.10526315789473684,0.03773594358861476
598,114,100.0,114,0,113,1,0,0.0,1.3707166222941511,1.3564144581030217,3.1367618884762267,1.0567476181141646,0.3986956192576159,1.1802219180341817,6.394736842105263,5.849841044843197,0.44183564590774527,0.0043380330469264695,0.04621773339134999,0.0,0.0043380330469264695,0.0037040073778823457,0,0,0,1,0,1.0,0.37719298245614036,0.4156434339542772,0.1245826499122496,0.9725760467614746,0.6021924721536219,0.0,0.14035087719298245,0.03776261106389338
599,114,100.0,114,0,114,0,0,0.0,1.3637653677532005,1.349361853628299,2.9735846456908233,1.0580779810549235,0.4019930542123114,1.1923456865861122,6.394736842105263,5.849841044843197,0.44457933305950936,0.0,0.0,0.0,0.0,0.0,0,0,0,0,0,0.0,0.3684210526315789,0.4130266051148009,0.13735131182701876,0.9755331721929834,0.6049859454113077,0.0,0.14035087719298245,0.037766766849865574
600,114,100.0,114,0,114,0,0,0.0,1.3650385768138837,1.3506812965307797,2.777341713445664,1.0593922681283066,0.40720305891929004,1.1813719232212796,6.394736842105263,5.849841044843197,0.44301538737577517,0.0,0.0,0.0,0.0,0.0,0,0,0,0,0,0.0,0.37719298245614036,0.4023893834849511,0.14653560242863786,0.9693252103769983,0.6030358700011555,0.0,0.17543859649122806,0.03781157474750191
601,114,100.0,114,0,113,1,0,0.0,1.3616642313787946,1.3473471363774916,2.7238944855567557,1.0604736370417054,0.41592974361525303,1.1370175583349236,6.394736842105263,5.849841044843197,0.44169610712622753,0.015630319385191084,0.04632484511872939,0.0,0.015630319385191084,0.009299361986971844,0,0,0,1,0,1.0,0.35964912280701755,0.39876496499806546,0.1470571067500921,0.9680399819387155,0.598341176345058,0.0,0.14035087719298245,0.03782633220159755
602,114,100.0,114,0,114,0,0,0.0,1.3642890971256596,1.3500185824780215,2.8602458836479028,1.061616767872946,0.42708902841389357,1.1468985908450697,6.394736842105263,5.849841044843197,0.4402002447718123,0.0,0.0,0.0,0.0,0.0,0,0,0,0,0,0.0,0.3684210526315789,0.4017984279250321,0.1361139314039341,0.9680399819387155,0.5964700945880348,0.0,0.14035087719298245,0.037872892198612965
603,114,100.0,114,0,114,0,0,0.0,1.3416224684253286,1.3280602468756892,2.331749968830765,1.0616654051845607,0.453835228663422,1.1790195186675825,6.394736842105263,5.849841044843197,0.431168631488972,0.0,0.0,0.0,0.0,0.0,0,0,0,0,0,0.0,0.35964912280701755,0.3717066561092786,0.15387989723368253,0.9720041394324397,0.5850197815734907,0.0,0.14035087719298245,0.037760981657820276
604,114,100.0,114,0,114,0,0,0.0,1.359280792508829,1.3453406407286277,2.8773536468974665,1.0625198977486132,0.4273443610921105,1.1551712468517024,6.394736842105263,5.849841044843197,0.44038509148827387,0.0,0.0,0.0,0.0,0.0,0,0,0,0,0,0.0,0.3684210526315789,0.40363621786832127,0.131372844653962,0.9599842517703673,0.5964542845524067,0.0,0.14035087719298245,0.03787426650660632
605,114,100.0,114,0,114,0,0,0.0,1.3699221868526474,1.3556787526577554,3.1004622362839753,1.0638082143478422,0.4255027252642094,1.149328260054753,6.394736842105263,5.849841044843197,0.44310026157045823,0.0,0.0,0.0,0.0,0.0,0,0,0,0,0,0.0,0.35964912280701755,0.4138184539673641,0.12987525286291782,0.9591907150022665,0.5976097701927187,0.0,0.14035087719298245,0.037965155714930025
606,114,100.0,114,0,114,0,0,0.0,1.364832391924025,1.3508154331568325,2.932277640051941,1.0647935693056163,0.431210744806488,1.1378965909840257,6.394736842105263,5.849841044843197,0.44189399398290274,0.0,0.0,0.0,0.0,0.0,0,0,0,0,0,0.0,0.34210526315789475,0.40593711791912707,0.13272931493647805,0.9670164220436163,0.598322981940506,0.0,0.10526315789473684,0.03796852758966554
607,114,100.0,114,0,113,1,0,0.0,1.3647636505752376,1.3511212885566193,2.716818751887435,1.0657355962084052,0.4373660225290533,1.1559440365254419,6.394736842105263,5.849841044843197,0.437799869662318,0.019117560497430918,0.04661033576942438,0.0,0.019117560497430918,0.007429983354106606,0,0,0,1,0,1.0,0.3508771929824561,0.39220230173621934,0.14434818573871536,0.9599113334325406,0.5961716843997095,0.0,0.12280701754385964,0.037995737421128016
608,114,100.0,114,0,114,0,0,0.0,1.3718877675000192,1.3582525110107815,2.776583438674901,1.0669562481772792,0.43631472915849945,1.1228388856161822,6.394736842105263,5.849841044843197,0.43738944402162994,0.0,0.0,0.0,0.0,0.0,0,0,0,0,0,0.0,0.3333333333333333,0.39287237831451605,0.14472920938991793,0.9773353622291314,0.5966947154868936,0.0,0.10526315789473684,0.03806706110569686
609,114,100.0,114,0,114,0,0,0.0,1.3687976374750568,1.35540376507429,2.456640371693136,1.0679721762590184,0.4486743311557472,1.1350564306741457,6.394736842105263,5.849841044843197,0.43170757200666166,0.0,0.0,0.0,0.0,0.0,0,0,0,0,0,0.0,0.32456140350877194,0.3730739689731579,0.15796791223242718,0.9664660170626862,0.5913032569233581,0.0,0.12280701754385964,0.03808132554452788
610,113,99.12280701754386,114,1,113,0,0,0.008771929824561403,1.382808664525697,1.3709069842899355,2.6936797464005218,1.0695652077898696,0.44150614685697825,1.1293879987234223,6.394736842105263,5.849841044843197,0.43463385207492444,0.335095288548339,0.0598782436974485,0.0,0.335095288548339,0.01090012106528071,0,1,0,0,0,0.0,0.34210526315789475,0.3835056390263149,0.15549151318573032,0.947275335869569,0.5928366293559283,0.008771929824561403,0.14035087719298245,0.0381979755859556
611,113,99.12280701754386,114,0,113,1,0,0.0,1.3847945609341874,1.3729006312544974,2.654559254025719,1.0712473469688448,0.4368789587201016,1.118686875118409,6.394736842105263,5.849841044843197,0.4323445435751998,0.010324644881148537,0.06373460916063392,0.0,0.010324644881148537,0.0072416967251732745,0,0,1,0,0,1.0,0.3508771929824561,0.37897402599514163,0.1511751291411317,0.9604254374811698,0.5971845089881708,0.0,0.12280701754385964,0.038257106302059585
612,113,99.12280701754386,114,0,111,3,0,0.0,1.3911787777436606,1.3792827350697108,2.68863191633201,1.0731297580225028,0.43365873202466926,1.1305750324009822,6.394736842105263,5.849841044843197,0.43408974366677655,0.058969012272720285,0.06076936955439213,0.0,0.058969012272720285,0.0038561303504639857,0,0,0,3,0,0.6666666666666666,0.3508771929824561,0.3813163701904098,0.14662331037767096,0.9576165513959436,0.603457042151151,0.0,0.15789473684210525,0.03834408641333173
613,113,99.12280701754386,114,0,112,2,0,0.0,1.3926155231573663,1.3807781068218743,2.583759184642387,1.0749720325181358,0.4366028806778992,1.140195604969195,6.394736842105263,5.849841044843197,0.4326174836140311,0.08465974945430327,0.07063694504556159,0.0,0.08465974945430327,0.0016635838037831752,0,0,0,2,0,0.5,0.3508771929824561,0.37575687874672237,0.1530600721754579,0.9563197029340984,0.6029601009857616,0.0,0.15789473684210525,0.038405155205202365
614,113,99.12280701754386,114,0,111,3,0,0.0,1.3855846155611995,1.3737277852148793,2.241370411322917,1.076376590798437,0.43240359394493405,1.124314585105938,6.394736842105263,5.849841044843197,0.42923715510408966,0.10794894401699934,0.06579032565341847,0.0,0.10794894401699934,0.0030966220616831888,0,0,0,3,0,0.3333333333333333,0.35964912280701755,0.3580596683858451,0.16524932784549454,0.9686652181903268,0.6034991743185742,0.0,0.15789473684210525,0.03841108288061144
615,114,100.0,114,0,112,2,0,0.0,1.393297101388845,1.3815203524614865,2.253871544556894,1.0780636668897496,0.4402532675789263,1.1251992307750147,6.394736842105263,5.849841044843197,0.4262778925821882,0.10816487778350083,0.05271223622352625,0.0,0.10816487778350083,0.0034339255462079166,0,0,0,2,0,0.5,0.3508771929824561,0.35457198252209876,0.16505786782342838,0.9686652181903268,0.5984894447528464,0.0,0.15789473684210525,0.03849899094457333
616,114,100.0,114,0,113,1,0,0.0,1.380816702089539,1.3694757447404915,2.1506138115989,1.0790883793864923,0.44437158541418503,1.1367733359673209,6.394736842105263,5.849841044843197,0.4224253502431894,0.20257936383372743,0.05699772158225845,0.0,0.20257936383372743,0.004809011538789598,0,0,0,1,0,0.0,0.3508771929824561,0.3480537658270297,0.16683317323416072,0.9736224665205577,0.5984277071914393,0.0,0.12280701754385964,0.03846656097418985
617,114,100.0,114,0,113,1,0,0.0,1.3868150100946925,1.375415184699696,2.2407321225494394,1.080331106068263,0.4420012441227488,1.108925998417046,6.394736842105263,5.849841044843197,0.4221177668426985,0.0032832139398318297,0.051572270685521594,0.0,0.0032832139398318297,0.004586535267222858,0,0,0,1,0,1.0,0.3333333333333333,0.35185984475473164,0.16320761215794471,0.9682090747754106,0.5960549819538487,0.0,0.15789473684210525,0.03853290128196834
618,114,100.0,114,0,112,2,0,0.0,1.3851284577362049,1.3737670329526805,2.1887963509392994,1.0814240038086258,0.4443441163462176,1.1102275659172856,6.394736842105263,5.849841044843197,0.421130703551992,0.00647951515528929,0.05776001207024527,0.0,0.00647951515528929,0.0028895747460694343,0,0,0,2,0,1.0,0.34210526315789475,0.3481985949025567,0.16094692956549103,0.9773987991363577,0.5947257400411862,0.0,0.15789473684210525,0.03855643491047285
619,113,99.12280701754386,114,1,112,1,0,0.008771929824561403,1.3977996593605928,1.3855478799588348,2.636500312241567,1.083047646345379,0.4340971630974876,1.105779038062349,6.394736842105263,5.849841044843197,0.42576926504261725,0.1773868353977754,0.0636276039225318,0.0,0.1773868353977754,0.005613764917521802,0,1,0,1,0,0.5,0.32456140350877194,0.3730220536556074,0.1359928658183201,0.9752741314677147,0.5960450655245497,0.008771929824561403,0.15789473684210525,0.03866728117236305
620,113,99.12280701754386,114,0,113,1,0,0.0,1.3865797559366082,1.374415918939352,2.677094875900088,1.0840119978366374,0.44480182855545775,1.1255109487152168,6.394736842105263,5.849841044843197,0.4231314032971776,0.0036868695660361144,0.04251869303223012,0.0,0.0036868695660361144,0.007524790838874695,0,0,0,1,0,1.0,0.32456140350877194,0.3738900741185979,0.1331363756499516,0.9671133156564719,0.5890922672504783,0.0,0.19298245614035087,0.03863938816991922
621,113,99.12280701754386,114,0,113,1,0,0.0,1.3873652970284693,1.3753354358198897,2.7405759178232856,1.084962968519257,0.4463483079889097,1.1504677813328537,6.394736842105263,5.849841044843197,0.4227636758701452,0.0030664791286441804,0.03345512925594995,0.0,0.0030664791286441804,0.013584344970545115,0,0,0,1,0,1.0,0.3157894736842105,0.37637808932990113,0.127657081942392,0.9741522864561124,0.5908683020141925,0.0,0.15789473684210525,0.03867113101203669
622,113,99.12280701754386,114,0,114,0,0,0.0,1.408350409087112,1.396027953076955,3.1524029893630514,1.0868266924227323,0.42483504605660705,1.1305225639372067,6.394736842105263,5.849841044843197,0.42653873474651594,0.0,0.0,0.0,0.0,0.0,0,0,0,0,0,0.0,0.30701754385964913,0.39569797297031684,0.12046073314189251,0.9675421174563473,0.5961572172028063,0.0,0.19298245614035087,0.038830569015263924
623,113,99.12280701754386,114,0,112,2,0,0.0,1.415602991990609,1.4030529546094714,3.6598899566664223,1.0889101525787794,0.4122756955431886,1.1228344214276844,6.394736842105263,5.849841044843197,0.43153779410212967,0.004420117956706884,0.06039953575713254,0.0,0.004420117956706884,-0.001075606644245719,0,0,0,2,0,1.0,0.32456140350877194,0.4207743898448834,0.11184668590583952,0.9603610157047926,0.5989353669077968,0.0,0.22807017543859648,0.03892777148346211
624,114,100.0,114,0,112,2,0,0.0,1.4029170620323501,1.390752604038358,3.067982455446705,1.0902960928623706,0.43523788434296323,1.138930733330785,6.394736842105263,5.849841044843197,0.42361218095977016,0.07705533761169199,0.0663261006995964,0.0,0.07705533761169199,0.0005993311289129166,0,0,0,2,0,0.5,0.3333333333333333,0.3907392084206767,0.12976299536307853,0.9711059170119581,0.5885687577508115,0.0,0.19298245614035087,0.03890487948545408
625,114,100.0,114,0,112,2,0,0.0,1.4068999518260084,1.3947248723239953,3.221683768505976,1.091786854946863,0.4218078603726272,1.159558209338805,6.394736842105263,5.849841044843197,0.42527710656769324,0.04295482582631506,0.057389619860868796,0.0,0.04295482582631506,0.0037043554492898756,0,0,0,2,0,0.5,0.32456140350877194,0.39802072415063877,0.11562302814908042,0.9628071857439389,0.5948842341790818,0.0,0.19298245614035087,0.03896839754057217
626,114,100.0,114,0,112,2,0,0.0,1.4127469615103752,1.4004510760005604,3.280873576504095,1.0934583888694416,0.41850503749624235,1.1278049379377073,6.394736842105263,5.849841044843197,0.42669148717608363,0.030395825141946484,0.04377598720300134,0.0,0.030395825141946484,0.0010763199583395389,0,0,0,2,0,0.5,0.34210526315789475,0.40021599418449216,0.11240120846154007,0.9617952208468532,0.5960179467956904,0.0,0.19298245614035087,0.03904652362773474
627,114,100.0,114,0,113,1,0,0.0,1.4020767312611833,1.3900857234044612,3.1520577878985856,1.0945470553940517,0.4309100121592908,1.1166752479695072,6.394736842105263,5.849841044843197,0.42245898349944166,0.044648485461247875,0.07213742597405545,0.0,0.044648485461247875,0.0021850234814916325,0,0,0,1,0,1.0,0.3333333333333333,0.39400958008782955,0.11147770019390846,0.9643421230750163,0.5953973503626823,0.0,0.19298245614035087,0.039025015107087835
628,114,100.0,114,0,112,2,0,0.0,1.406128291088245,1.3944203626660368,3.2068103326958233,1.095774892262799,0.4239521321989579,1.0725228894620285,6.394736842105263,5.849841044843197,0.4218704716395354,0.002233560384509517,0.04333005903889317,0.0,0.002233560384509517,-0.010743070629953472,0,0,0,2,0,1.0,0.34210526315789475,0.39528372929723504,0.10527537052651313,0.955581030340599,0.6001213557713322,0.0,0.12280701754385964,0.039081186158778994
629,114,100.0,114,0,112,2,0,0.0,1.3994617500548863,1.387671322277057,3.116567789839988,1.0966150561185888,0.43728576716869044,1.1313953173652405,6.394736842105263,5.849841044843197,0.4227569196743355,0.0037878919185914827,0.05196331924915086,0.0,0.0037878919185914827,-0.012323068256019809,0,0,1,1,0,1.0,0.3508771929824561,0.39338839107141416,0.11125440053279831,0.9520775565737544,0.5982408219844958,0.0,0.15789473684210525,0.03907242757865217
630,114,100.0,114,0,113,1,0,0.0,1.4067164534815455,1.3948859621504988,3.2993951428269477,1.097743707695942,0.42537894992239533,1.1193162856338803,6.394736842105263,5.849841044843197,0.4234129644140816,0.004531996338669307,0.043810785673055866,0.0,0.004531996338669307,-0.0025041518758978643,0,0,0,1,0,1.0,0.3333333333333333,0.39919776333020396,0.10571274409450132,0.9480394458163711,0.5984930204560093,0.0,0.19298245614035087,0.0391417132573981
631,114,100.0,114,0,113,1,0,0.0,1.397869670715676,1.3863899054199766,2.9789905317919456,1.0984087302990178,0.43675887652795164,1.126685308840294,6.394736842105263,5.849841044843197,0.41901335276206364,0.04926653134799862,0.07045009109583777,0.0,0.04926653134799862,0.004378876332119974,0,0,0,1,0,1.0,0.3333333333333333,0.3821247232720009,0.11141323814331208,0.9499088376770456,0.5968385376060139,0.0,0.15789473684210525,0.03911693072616486
632,114,100.0,114,0,112,2,0,0.0,1.3996722440256817,1.3881098621782444,2.841249578053697,1.0991153419260202,0.44068376247165414,1.14070972591698,6.394736842105263,5.849841044843197,0.417627291375686,0.023341988355080157,0.05872617631097268,0.0,0.023341988355080157,-0.005780521530041521,0,0,0,2,0,1.0,0.32456140350877194,0.37469987333337135,0.11488441085774619,0.9626088948931117,0.593867781910758,0.0,0.12280701754385964,0.0391466114212069
633,114,100.0,114,0,112,2,0,0.0,1.4108672837265008,1.3989784364277567,3.146955682651254,1.1002892533499886,0.43541214871934636,1.1472929066133697,6.394736842105263,5.849841044843197,0.419773936790931,0.0020209325555838762,0.04067635532933155,0.0,0.0020209325555838762,-0.006746706235061656,0,0,0,2,0,1.0,0.32456140350877194,0.38618203539940116,0.10611976323906162,0.95818411293626,0.5898944813810606,0.0,0.12280701754385964,0.0392369225958657
634,114,100.0,114,0,112,2,0,0.0,1.416003670158905,1.4039981040555745,3.3514372424218895,1.1016294068834125,0.4264325340865535,1.1732717011432257,6.394736842105263,5.849841044843197,0.4222159090626847,0.026280646428415776,0.04114933772383125,0.0,0.026280646428415776,-0.004426040116353058,0,0,0,2,0,0.5,0.32456140350877194,0.39566386005567583,0.0993077844106269,0.9689496394809046,0.5911725890259436,0.0,0.15789473684210525,0.03930180295375879
635,114,100.0,114,0,113,1,0,0.0,1.4102571245702005,1.398319274000753,3.303620340156026,1.1026254015402437,0.4433627782864107,1.206381387318643,6.394736842105263,5.849841044843197,0.42085704554132297,0.00701124786050307,0.05550870107347154,0.0,0.00701124786050307,-0.013604001832851598,0,0,0,1,0,1.0,0.3157894736842105,0.39338743207064414,0.1010063380923929,0.9756382463306145,0.5859418568334367,0.0,0.15789473684210525,0.03930220227793515
636,114,100.0,114,0,113,1,0,0.0,1.3987958454305238,1.3869810159573404,3.2506130896464698,1.1030325160346,0.43989582113996223,1.202019006449774,6.394736842105263,5.849841044843197,0.4197952440239039,0.007213677670646792,0.053769092059646646,0.0,0.007213677670646792,-0.004730183174141089,0,0,0,1,0,1.0,0.34210526315789475,0.3930345188012362,0.09939684555996267,0.9660912969506197,0.585316941321081,0.0,0.12280701754385964,0.03925680365763194
637,114,100.0,114,0,113,1,0,0.0,1.4023980497327797,1.390528019023755,3.40801510313898,1.1035818102111588,0.4464541400013901,1.2316604238471793,6.394736842105263,5.849841044843197,0.42162810390668115,0.007835927435514579,0.05514698828907924,0.0,0.007835927435514579,-0.006606720545138667,0,0,0,1,0,1.0,0.3508771929824561,0.39998835017821294,0.10035177058002541,0.9742928936724822,0.5826720021395119,0.0,0.15789473684210525,0.03929088109724186
638,114,100.0,114,0,112,2,0,0.0,1.4234363583605822,1.41134505804235,3.792497417853778,1.105073182505785,0.4320903232612472,1.1884921896050913,6.394736842105263,5.849841044843197,0.4266025746876503,0.07102392714433828,0.058189998596847266,0.0,0.07102392714433828,-0.005620275113882911,0,0,0,2,0,0.5,0.3508771929824561,0.4161157169647841,0.09697757544867609,0.9766190113540727,0.5886016704430305,0.0,0.15789473684210525,0.0394396940946921
639,114,100.0,114,0,113,1,0,0.0,1.412127422471132,1.400271922879361,3.7087738693110044,1.1059591032472158,0.4439355968763374,1.2615257144443335,6.394736842105263,5.849841044843197,0.42262429044980765,0.0069240650752270365,0.03654995118021384,0.0,0.0069240650752270365,0.00010649797803741201,0,0,0,1,0,1.0,0.3508771929824561,0.41178230654352976,0.09925987188358133,0.9786948493897516,0.5835090241543258,0.0,0.15789473684210525,0.03940906189282335
640,114,100.0,114,0,112,2,0,0.0,1.4183977016938953,1.4063238816309132,3.9670707210113805,1.1070764230071424,0.4373675180773298,1.278973312439725,6.394736842105263,5.849841044843197,0.4262711782570521,0.0018669227846288257,0.057957011108425764,0.0,0.0018669227846288257,-0.009455386905615093,0,0,0,2,0,1.0,0.35964912280701755,0.42437789630207345,0.09756976910116408,0.97890585743615,0.586452513907425,0.0,0.12280701754385964,0.03947309400389633
641,114,100.0,114,0,113,1,0,0.0,1.4057240954209966,1.393891043016886,3.7369479922509923,1.1075465403001246,0.4487208764304351,1.2884566987840795,6.394736842105263,5.849841044843197,0.4220121634093792,0.1058830551528522,0.054950098146348395,0.0,0.1058830551528522,0.004659629192164005,0,0,0,1,0,0.0,0.35964912280701755,0.4127843456043866,0.09946358221720085,0.9794337049807724,0.5818714559203719,0.0,0.15789473684210525,0.03942347652971373
642,114,100.0,114,0,113,1,0,0.0,1.42571261631205,1.4134615044181589,4.0864779228635655,1.108905029185716,0.43286270764360985,1.2253741666543572,6.394736842105263,5.849841044843197,0.4289088041325506,0.045174218654162615,0.05261848264685212,0.0,0.045174218654162615,-0.003025590499906916,0,0,0,1,0,1.0,0.3684210526315789,0.42904879310363603,0.09989568862726486,0.9800190429730339,0.5898852751302035,0.0,0.15789473684210525,0.039563153854378474
643,114,100.0,114,0,112,2,0,0.0,1.4293786520914555,1.4170334528190038,4.118248212496445,1.1103512112738116,0.42815827013823626,1.2314977013392685,6.394736842105263,5.849841044843197,0.4300777606497943,0.009250085065038667,0.0575885056689113,0.0,0.009250085065038667,-0.003070695598484552,0,0,0,2,0,1.0,0.3508771929824561,0.4314133832292753,0.10669818548478512,0.9795319302572703,0.5872790973616606,0.0,0.15789473684210525,0.03962378370996179
644,114,100.0,114,0,113,1,0,0.0,1.429016752099718,1.4168132131557576,3.456465964865376,1.1117024870723604,0.4383080383712326,1.2216303108120967,6.394736842105263,5.849841044843197,0.42464077949919354,0.01973702765758694,0.06038708864796447,0.0,0.01973702765758694,0.00797151198032986,0,0,0,1,0,1.0,0.34210526315789475,0.40118146939056853,0.12489358907538528,0.9711644837037011,0.5840113408598588,0.0,0.19298245614035087,0.03966149795314938
645,114,100.0,114,0,113,1,0,0.0,1.4308042406491968,1.4186319706868162,3.244208311142774,1.113059830924263,0.4356259557069383,1.227237492836657,6.394736842105263,5.849841044843197,0.42424761909969844,0.022328551643343277,0.059250933956222246,0.0,0.022328551643343277,0.01035543908032388,0,0,0,1,0,1.0,0.32456140350877194,0.39136946454123145,0.13449986387532656,0.9711644837037011,0.5856867305759568,0.0,0.19298245614035087,0.0397101366247809
646,114,100.0,114,0,113,1,0,0.0,1.4314474480100647,1.4189527886635158,3.422967955711369,1.1143527861917415,0.43070525045583136,1.2386570950937918,6.394736842105263,5.849841044843197,0.4268994227530236,0.048649233708095964,0.0599879258451672,0.0,0.048649233708095964,0.011788800983455139,0,0,0,1,0,1.0,0.3333333333333333,0.4014266968338482,0.12865728040116553,0.9727248171783012,0.5848502327925382,0.0,0.15789473684210525,0.03975117057554945
647,114,100.0,114,0,114,0,0,0.0,1.4156971199486375,1.4035144673533366,3.1077614392411865,1.1148476118259818,0.4574466289237053,1.2459461788427924,6.394736842105263,5.849841044843197,0.42047892018237243,0.0,0.0,0.0,0.0,0.0,0,0,0,0,0,0.0,0.3157894736842105,0.38529230251362423,0.14069908491173597,0.9686216990776377,0.5732930353617978,0.0,0.19298245614035087,0.03968689219176841
648,114,100.0,114,0,114,0,0,0.0,1.4361276834441172,1.4235077379765908,3.3493560240580864,1.11624915058807,0.4485070624599526,1.2289040042068378,6.394736842105263,5.849841044843197,0.4244384229136289,0.0,0.0,0.0,0.0,0.0,0,0,0,0,0,0.0,0.3157894736842105,0.39554293286090075,0.13762834924959794,0.9764302150652023,0.5768993797110571,0.0,0.15789473684210525,0.039830038904127826
649,114,100.0,114,0,114,0,0,0.0,1.4507728197773653,1.4379597774180324,3.576929798550278,1.1182450386284442,0.4367255271958436,1.2205172873437458,6.394736842105263,5.849841044843197,0.4277805795212877,0.0,0.0,0.0,0.0,0.0,0,0,0,0,0,0.0,0.3157894736842105,0.40537233532056793,0.1354624910639109,0.9587499392064849,0.5802136282538266,0.0,0.15789473684210525,0.03996164272469153
650,114,100.0,114,0,113,1,0,0.0,1.4650188140703617,1.4518785939685084,3.8303935112953185,1.1207755533058448,0.42279767998372475,1.202910041299447,6.394736842105263,5.849841044843197,0.43361628674111397,0.36465480053925126,0.07697352437174468,0.0,0.36465480053925126,0.002434460252505599,0,0,1,0,0,0.0,0.3333333333333333,0.41795723460712825,0.1361418935583289,0.9587499392064849,0.5885154799704956,0.0,0.15789473684210525,0.04010688823927869
651,113,99.12280701754386,114,1,113,0,0,0.008771929824561403,1.4671362473825555,1.4569964649366625,3.578939248145599,1.1232626376438881,0.42389649426397896,1.1970605503315244,6.394736842105263,5.849841044843197,0.433093050249294,0.36010839821539287,0.07536735661702891,0.0,0.36010839821539287,0.003080967652352662,0,1,0,0,0,0.0,0.32456140350877194,0.40821272882993337,0.1479547717907525,0.9504387936957897,0.5904403228114095,0.008771929824561403,0.17543859649122806,0.040190220646053015
652,113,99.12280701754386,114,0,114,0,0,0.0,1.457003796398118,1.44715200450433,3.5486460986302,1.12527843237822,0.44760640594650075,1.1926793823548165,6.394736842105263,5.849841044843197,0.4310066929544578,0.0,0.0,0.0,0.0,0.0,0,0,0,0,0,0.0,0.3508771929824561,0.4064288912430437,0.15152188028834396,0.9533900420849291,0.5815936470148604,0.0,0.17543859649122806,0.040198518785005195
653,113,99.12280701754386,114,0,114,0,0,0.0,1.4419361095808263,1.4323395408603876,3.219197561008448,1.1264831018624062,0.4595176851529564,1.2063001132998352,6.394736842105263,5.849841044843197,0.4248425289669504,0.0,0.0,0.0,0.0,0.0,0,0,0,0,0,0.0,0.34210526315789475,0.39008930463989816,0.1551258516278547,0.9462800947806846,0.5749227267177474,0.0,0.14035087719298245,0.04015841597588905
654,113,99.12280701754386,114,0,114,0,0,0.0,1.4466901444518603,1.4371977241376197,3.052460211573193,1.1278446568961602,0.4710219397342165,1.1844352677691623,6.394736842105263,5.849841044843197,0.4241091276720186,0.0,0.0,0.0,0.0,0.0,0,0,0,0,0,0.0,0.32456140350877194,0.38245424879542117,0.16252471075272043,0.9527622339967812,0.5755206539329251,0.0,0.14035087719298245,0.04022201055285056
655,113,99.12280701754386,114,0,114,0,0,0.0,1.4421955491757001,1.4329080897167308,2.6263116044030452,1.1289258136886802,0.4917494610106843,1.193658356620178,6.394736842105263,5.849841044843197,0.41556133273672935,0.0,0.0,0.0,0.0,0.0,0,0,0,0,0,0.0,0.3157894736842105,0.3554575363826398,0.17674350775590741,0.969106843773634,0.565877047215039,0.0,0.14035087719298245,0.040231160553373724
656,114,100.0,114,0,114,0,0,0.0,1.428614078308463,1.4195366255498822,2.4998402425856248,1.129317957008089,0.508578206967229,1.2368629609843245,6.394736842105263,5.849841044843197,0.4116348586198997,0.0,0.0,0.0,0.0,0.0,0,0,0,0,0,0.0,0.30701754385964913,0.3491084679991674,0.18203567601958603,0.9656731239671036,0.5619717912351123,0.0,0.14035087719298245,0.04017472307946423
657,114,100.0,114,0,113,1,0,0.0,1.4325780464627005,1.4233115813375183,2.5288486494061733,1.1298638236971164,0.49896784267635985,1.2419743567995087,6.394736842105263,5.849841044843197,0.41520836290464924,0.007895636295223742,0.07442006420565137,0.0,0.007895636295223742,-0.00038649629252252016,0,0,0,1,0,1.0,0.32456140350877194,0.3535204722086295,0.18619003040906348,0.9577677229033923,0.5688569280251969,0.0,0.14035087719298245,0.04021050908704785
658,114,100.0,114,0,113,1,0,0.0,1.4434330683441512,1.4340598729520584,2.770680808083223,1.130880764432108,0.48301311797934754,1.2137741701244644,6.394736842105263,5.849841044843197,0.42011133382309684,0.009254180749265345,0.05920123483807326,0.0,0.009254180749265345,0.007476877475994348,0,0,0,1,0,1.0,0.32456140350877194,0.3669573204686208,0.1792154576894203,0.9538732299066184,0.5744080222115407,0.0,0.17543859649122806,0.04029452890471373
659,114,100.0,114,0,113,1,0,0.0,1.4361608994918704,1.4267594617515014,2.4959077262392633,1.1314965657899008,0.48888590502365753,1.2350674797699646,6.394736842105263,5.849841044843197,0.41764433901303555,0.009955249853855572,0.0591425727053403,0.0,0.009955249853855572,0.0097866516525148,0,0,0,1,0,1.0,0.34210526315789475,0.3548490723212541,0.19643276863514336,0.9693152340704914,0.5722597832083778,0.0,0.14035087719298245,0.04027617976074376
660,114,100.0,114,0,113,1,0,0.0,1.4358918041282664,1.426483313573654,2.4065995063508234,1.1320634203635485,0.48982211476868853,1.2318341101021495,6.394736842105263,5.849841044843197,0.41346262728512184,0.011031203655194272,0.058966779624157056,0.0,0.011031203655194272,0.007032690532507546,0,0,0,1,0,1.0,0.34210526315789475,0.3465967330738927,0.19219450842730104,0.9657301067642617,0.5724393656377961,0.0,0.14035087719298245,0.040291414329682654
661,114,100.0,114,0,112,2,0,0.0,1.4462557031829832,1.4367172070887968,2.4163710995084657,1.1330760480483502,0.48934246139323023,1.2667269491886617,6.394736842105263,5.849841044843197,0.41532428640077423,0.06886852434510121,0.06850324745067762,0.0,0.06886852434510121,0.0045388528566634445,0,0,1,1,0,0.5,0.35964912280701755,0.34728522649017285,0.20171658653748703,0.9637939417288672,0.5703212277021652,0.0,0.14035087719298245,0.040372852379924724
662,114,100.0,114,0,113,1,0,0.0,1.4335440860196156,1.4242905335319076,2.3322005594977453,1.1334478861030233,0.4989319064263433,1.2844090166051796,6.394736842105263,5.849841044843197,0.4126067245648328,0.00856237684271702,0.07245424730747782,0.0,0.00856237684271702,0.0015435947914811399,0,0,0,1,0,1.0,0.3333333333333333,0.34285931955531007,0.20003618331498377,0.9468137928816005,0.5675208853370096,0.0,0.17543859649122806,0.040320170261679195
663,114,100.0,114,0,114,0,0,0.0,1.4299206982955406,1.420830341322086,2.2247769590702124,1.133636039627257,0.49501864071702356,1.237316878507132,6.394736842105263,5.849841044843197,0.41071232470165886,0.0,0.0,0.0,0.0,0.0,0,0,0,0,0,0.0,0.34210526315789475,0.3361982473521599,0.20956267943282983,0.9541101297799874,0.561699436237719,0.0,0.17543859649122806,0.04030755666410279
664,114,100.0,114,0,114,0,0,0.0,1.4504848940914739,1.4411762895763989,2.5861898548417526,1.1347653509749578,0.49223292204075736,1.2589780165560567,6.394736842105263,5.849841044843197,0.4165007568153556,0.0,0.0,0.0,0.0,0.0,0,0,0,0,0,0.0,0.2894736842105263,0.3550884240251153,0.19570612811292687,0.96256632114238,0.5658638120067435,0.0,0.17543859649122806,0.04044340910245339
665,114,100.0,114,0,114,0,0,0.0,1.4517231202538894,1.4424823041861692,2.4517759036411753,1.1358897192268715,0.4987474957112894,1.2565386382314447,6.394736842105263,5.849841044843197,0.41514548226169845,0.0,0.0,0.0,0.0,0.0,0,0,0,0,0,0.0,0.30701754385964913,0.34823042639095453,0.20931808900221227,0.9517041957976125,0.56303689451681,0.0,0.14035087719298245,0.040482487111013286
666,114,100.0,114,0,114,0,0,0.0,1.4763864602006522,1.4668459792887536,3.0513125150781586,1.1380885027362362,0.48388891787990584,1.2244780952194951,6.394736842105263,5.849841044843197,0.42281107459702616,0.0,0.0,0.0,0.0,0.0,0,0,0,0,0,0.0,0.3157894736842105,0.37711607019678256,0.19072711475230628,0.9572756866267991,0.5677723403228112,0.0,0.17543859649122806,0.040670116480856125
667,114,100.0,114,0,114,0,0,0.0,1.4768475319554342,1.4673456998869754,3.1824343287359014,1.1401820471939146,0.47649339616191,1.2147960572399896,6.394736842105263,5.849841044843197,0.423430363669564,0.0,0.0,0.0,0.0,0.0,0,0,0,0,0,0.0,0.30701754385964913,0.38234671110334467,0.17991219546486173,0.9572756866267991,0.5697759907879144,0.0,0.17543859649122806,0.0407336563511187
668,114,100.0,114,0,114,0,0,0.0,1.477463016276904,1.4679214579471205,3.3199884915101445,1.1421800673736724,0.4734518980024237,1.2256766028941233,6.394736842105263,5.849841044843197,0.42519638985886443,0.0,0.0,0.0,0.0,0.0,0,0,0,0,0,0.0,0.2982456140350877,0.3894135612679424,0.168959149663051,0.9615221363997244,0.5745820812715544,0.0,0.17543859649122806,0.04079517427500591
669,114,100.0,114,0,113,1,0,0.0,1.4897853509659373,1.4802818455560645,3.5086784586204898,1.1446396569709905,0.4700717509767515,1.227266898008562,6.394736842105263,5.849841044843197,0.42600793386310754,0.012458050065686573,0.05671174506021995,0.0,0.012458050065686573,0.014323393632366344,0,0,0,1,0,1.0,0.30701754385964913,0.39459760121089876,0.1628909782887255,0.9668240820501992,0.5725867441204884,0.0,0.17543859649122806,0.04092872698935038
670,114,100.0,114,0,114,0,0,0.0,1.4783698280912412,1.4688435677996667,3.5679516099350637,1.1464200676328966,0.4802814851070832,1.2438694917902573,6.394736842105263,5.849841044843197,0.4235310166055495,0.0,0.0,0.0,0.0,0.0,0,0,0,0,0,0.0,0.32456140350877194,0.39576851374323735,0.15423152062539297,0.9648461232721791,0.5661626203575344,0.0,0.12280701754385964,0.04092372497181037
671,114,100.0,114,0,113,1,0,0.0,1.475618271731711,1.4659992923459786,3.573265342930419,1.147963218626801,0.49001214637351614,1.2545678256003632,6.394736842105263,5.849841044843197,0.42480358389710005,0.003552250976570944,0.06498164187147527,0.0,0.003552250976570944,0.0011990924599899477,0,0,0,1,0,1.0,0.2807017543859649,0.39838643663250983,0.15441373164971955,0.9734265235755917,0.5656101653061105,0.0,0.10526315789473684,0.04095510313012538
672,114,100.0,114,0,113,1,0,0.0,1.4874591233132703,1.4778643635780984,3.92629275369261,1.149971367986029,0.48383107735280706,1.2417958008496952,6.394736842105263,5.849841044843197,0.4274030288934547,0.04784199004212922,0.05838147668817348,0.0,0.04784199004212922,0.005329090514128332,0,0,0,1,0,1.0,0.3157894736842105,0.41167559735571524,0.14625821902731076,0.973116536340819,0.5725169556786571,0.0,0.10526315789473684,0.041073044160762115
673,114,100.0,114,0,113,1,0,0.0,1.48501940911577,1.4755202150608941,3.966289452616125,1.15175234063011,0.4775711235587187,1.2309075006462054,6.394736842105263,5.849841044843197,0.4275196468042619,0.04267606407292335,0.04340939685719972,0.0,0.04267606407292335,0.010489273814436761,0,0,0,1,0,1.0,0.3157894736842105,0.41372517202174625,0.14322837048459977,0.9706532540461917,0.5716175844344932,0.0,0.07017543859649122,0.041112937624140054
674,114,100.0,114,0,113,1,0,0.0,1.4896204857570783,1.4803506830271418,4.160626555374182,1.1536551889636586,0.47494064618694326,1.246422486163202,6.394736842105263,5.849841044843197,0.4249786939480038,0.006371328841482045,0.06121849057804156,0.0,0.006371328841482045,0.00295702544729759,0,0,0,1,0,1.0,0.3157894736842105,0.417614858306325,0.13838984110754152,0.9777488037706221,0.5688232774810208,0.0,0.07017543859649122,0.04119159980876512
675,114,100.0,114,0,114,0,0,0.0,1.507868806574515,1.498342224972663,4.315346984043363,1.156288704978633,0.4652273995606858,1.2417265920423668,6.394736842105263,5.849841044843197,0.4257881257631895,0.0,0.0,0.0,0.0,0.0,0,0,0,0,0,0.0,0.2982456140350877,0.42057161555322353,0.13632024672176496,0.9641645032575324,0.5742791793885385,0.0,0.08771929824561403,0.04135986966323554
676,114,100.0,114,0,114,0,0,0.0,1.4695811776471979,1.460501435098984,3.3465311191887217,1.1569972636466626,0.5166722113661901,1.2868474367536487,6.394736842105263,5.849841044843197,0.4123457882206858,0.0,0.0,0.0,0.0,0.0,0,0,0,0,0,0.0,0.3157894736842105,0.3792073914983894,0.1574226303244698,0.9684232126752276,0.5573103912683336,0.0,0.05263157894736842,0.04118915629649355
677,114,100.0,114,0,113,1,0,0.0,1.4647963308519918,1.456041092767121,3.111182964964875,1.157455634409727,0.5201249378284151,1.2859014031366498,6.394736842105263,5.849841044843197,0.4075747591832801,0.3344700733086701,0.07731432824352619,0.0,0.3344700733086701,0.004018005073679776,0,0,0,1,0,0.0,0.30701754385964913,0.3673594905502938,0.16353858314149655,0.9807959643364002,0.557237261683159,0.0,0.07017543859649122,0.041178639043035176
678,114,100.0,114,0,113,1,0,0.0,1.4686876675205243,1.4600659005622232,3.088029482888708,1.1580755470984554,0.5260026688523461,1.2898329726978293,6.394736842105263,5.849841044843197,0.40649339310120847,0.3497556095279126,0.08387656787774336,0.0,0.3497556095279126,0.0015486550165818569,0,0,0,1,0,0.0,0.2982456140350877,0.36516626734321656,0.16784167264966837,0.9706569390227109,0.5593317325968987,0.0,0.12280701754385964,0.041216227679831546
679,114,100.0,114,0,114,0,0,0.0,1.4716410269547233,1.4628609692301602,2.9423762166436522,1.1587900015396109,0.5135607732391504,1.2756528607110234,6.394736842105263,5.849841044843197,0.4097086351293031,0.0,0.0,0.0,0.0,0.0,0,0,0,0,0,0.0,0.30701754385964913,0.3629637248230167,0.17380485379519695,0.9729382348941055,0.5674331729707087,0.0,0.12280701754385964,0.041251891701575255
680,114,100.0,114,0,114,0,0,0.0,1.4486814258290954,1.4402841404521958,2.4986595927325155,1.1584060946544394,0.537561578949512,1.2871916789249829,6.394736842105263,5.849841044843197,0.40473641575573605,0.0,0.0,0.0,0.0,0.0,0,0,0,0,0,0.0,0.2982456140350877,0.34132167227893984,0.1861984558929582,0.9700654319171197,0.5622430697716289,0.0,0.12280701754385964,0.04112586472467575
681,114,100.0,114,0,114,0,0,0.0,1.4421676887410024,1.4340848756293643,2.271563523843694,1.157754528001343,0.5385668521156366,1.281468683145787,6.394736842105263,5.849841044843197,0.3989462974366007,0.0,0.0,0.0,0.0,0.0,0,0,0,0,0,0.0,0.30701754385964913,0.32703279982488587,0.19649274328255786,0.9590041500945593,0.5590708348184411,0.0,0.12280701754385964,0.04107423823248161
682,114,100.0,114,0,114,0,0,0.0,1.4451993560719305,1.4373616950922379,2.5401435750638672,1.1572944279456776,0.5382502689596669,1.2816837790822644,6.394736842105263,5.849841044843197,0.4016203148156037,0.0,0.0,0.0,0.0,0.0,0,0,0,0,0,0.0,0.3157894736842105,0.3419107224593693,0.18373241778024882,0.9685671232722379,0.5636110522076222,0.0,0.14035087719298245,0.04107593900818442
683,114,100.0,114,0,112,2,0,0.0,1.4430173121586545,1.4352848021138422,2.505301967463808,1.1567640470615896,0.5428966386861499,1.2703960887632249,6.394736842105263,5.849841044843197,0.4019168075302717,0.2679594075024939,0.07932173122810823,0.0,0.2679594075024939,0.004036709044956177,0,0,0,2,0,0.0,0.30701754385964913,0.34098045742820365,0.1969570647546005,0.9633291920265195,0.5577169308397842,0.0,0.14035087719298245,0.04104951556929235
684,114,100.0,114,0,114,0,0,0.0,1.4518743855053864,1.444039683241953,2.5434044694255267,1.1566744099198805,0.5300776896767296,1.2507351372429858,6.394736842105263,5.849841044843197,0.40576259872164533,0.0,0.0,0.0,0.0,0.0,0,0,0,0,0,0.0,0.30701754385964913,0.34549759279089304,0.1996538715937171,0.9695066037434488,0.5623171425920642,0.0,0.14035087719298245,0.04109117912087244
685,113,99.12280701754386,114,1,113,0,0,0.008771929824561403,1.4670448742309161,1.45566838644205,2.789109419627005,1.1572927933325081,0.5187591040525318,1.2454964444351864,6.394736842105263,5.849841044843197,0.4091585424783757,0.22169291644636357,0.08021900275255982,0.0,0.22169291644636357,0.006520472209547101,0,1,0,0,0,0.0,0.2982456140350877,0.35935812092212877,0.18910588886003907,0.9597844302269558,0.5669049806043012,0.008771929824561403,0.15789473684210525,0.04118511878784329
686,113,99.12280701754386,114,0,113,1,0,0.0,1.4650399190281935,1.4537330804594266,2.482739260417465,1.157625864037674,0.5115456980106357,1.2399670948008823,6.394736842105263,5.849841044843197,0.40776452671098573,0.3816278154540584,0.08750652987819704,0.0,0.3816278154540584,0.0030261662864863315,0,0,1,0,0,0.0,0.30701754385964913,0.3461931276734961,0.20899203345075587,0.9655862992311244,0.568350526419179,0.0,0.14035087719298245,0.04118483606523925
687,113,99.12280701754386,114,0,113,1,0,0.0,1.4754370274605213,1.46392833315623,2.6445499234907404,1.158416575497527,0.5034432508773365,1.2325790743762692,6.394736842105263,5.849841044843197,0.41193527728130763,0.36089900927744367,0.06947701531393193,0.0,0.36089900927744367,0.009475765566708039,0,0,0,1,0,0.0,0.32456140350877194,0.35784737126602917,0.2122458752591012,0.9677088928939171,0.5740821570408914,0.0,0.17543859649122806,0.04125994928916327
688,113,99.12280701754386,114,0,113,1,0,0.0,1.459297988134211,1.4479102342879415,2.5822361290197637,1.1584114049360947,0.5156724368320322,1.2461897843248464,6.394736842105263,5.849841044843197,0.41117906941424187,0.355167248440428,0.0865962458647968,0.0,0.355167248440428,0.002102633965821221,0,0,1,0,0,0.0,0.32456140350877194,0.3571611327239403,0.21624627018078169,0.9691919562339371,0.5675370717812057,0.0,0.15789473684210525,0.04117910285771925
689,112,98.24561403508773,114,1,111,2,0,0.008771929824561403,1.4553488012651292,1.4440754805410188,2.454877609221067,1.1582310817379606,0.509601701308302,1.2377415737761581,6.394736842105263,5.849841044843197,0.41163365710760735,0.12652694386367977,0.06246039525852801,0.0,0.12652694386367977,0.008507068083958366,0,1,0,2,0,0.6666666666666666,0.34210526315789475,0.3517516753962208,0.21743084989126932,0.9606809539327488,0.5710337565723469,0.008771929824561403,0.15789473684210525,0.04115408261314493
690,113,99.12280701754386,114,0,112,2,0,0.0,1.4687705299358014,1.4574250138763654,2.693289624520964,1.1586820418519632,0.4968220698538411,1.247568268272328,6.394736842105263,5.849841044843197,0.4141334397488754,0.011167709497346145,0.05693316979594013,0.0,0.011167709497346145,0.010975520105027281,0,0,1,1,0,1.0,0.3157894736842105,0.3650196619144799,0.2006969790497387,0.9730746717993213,0.5825295797285424,0.0,0.12280701754385964,0.041234381481420695
691,113,99.12280701754386,114,0,112,2,0,0.0,1.4626834701563651,1.4514473191273043,2.5791562434200377,1.158826873003348,0.49564966947422817,1.259954569442164,6.394736842105263,5.849841044843197,0.4127834618557302,0.013526026026966613,0.04854254465172696,0.0,0.013526026026966613,0.014437425398901776,0,0,0,2,0,1.0,0.30701754385964913,0.3583953983019374,0.20526580681042633,0.9753814388092256,0.5816991735215017,0.0,0.17543859649122806,0.04120818237859322
692,112,98.24561403508773,114,1,111,2,0,0.008771929824561403,1.4629769001581876,1.4555279065836522,2.4315771255083463,1.1589897862041314,0.48122429229215724,1.2244831148933026,6.394736842105263,5.849841044843197,0.4121315863986317,0.048995981889641806,0.05205074249884165,0.0,0.048995981889641806,0.009508652662828151,1,0,0,2,0,0.6666666666666666,0.34210526315789475,0.3495097256181619,0.21322452317601018,0.9607729671358427,0.5817622423023705,0.008771929824561403,0.17543859649122806,0.04121441461024579
693,112,98.24561403508773,114,0,111,3,0,0.0,1.457006935431545,1.4497179857046532,2.33637568494179,1.1590356841950016,0.4809561062218771,1.2030546432024054,6.394736842105263,5.849841044843197,0.41063136056707394,0.01558646692489718,0.03937073837227639,0.0,0.01558646692489718,0.01892585329810161,0,0,0,3,0,1.0,0.3508771929824561,0.345312542293028,0.22029485648695946,0.9569521729480566,0.5799545470802828,0.0,0.17543859649122806,0.04118590726636692
694,112,98.24561403508773,114,1,112,1,0,0.008771929824561403,1.4527566860964694,1.4413216906802357,2.284890361663271,1.1588706627295218,0.4857776568862663,1.2248377401546402,6.394736842105263,5.849841044843197,0.4105066505033057,0.5137290512707565,0.07283654189597827,0.5,0.16498318034487913,0.029780296463225192,0,1,0,1,0,0.0,0.3333333333333333,0.34319190241583125,0.2181810651524287,0.9477103109125496,0.5769595033997489,0.008771929824561403,0.17543859649122806,0.04115982927298132
695,112,98.24561403508773,114,0,112,2,0,0.0,1.458330471173286,1.4470054984051113,2.397232242378951,1.1587965882979958,0.469516461217348,1.1909182254655115,6.394736842105263,5.849841044843197,0.41477617780900156,0.02075162128936883,0.03955422376261701,0.0,0.02075162128936883,0.02398879838190171,0,0,0,2,0,1.0,0.32456140350877194,0.3517506653227187,0.2152054844830988,0.9577659995427908,0.5848393348704268,0.0,0.17543859649122806,0.04118553158011583
696,112,98.24561403508773,114,0,112,2,0,0.0,1.460542607508269,1.4492256763179148,2.5467112285299343,1.1588307486060185,0.4506294214586736,1.175826979232565,6.394736842105263,5.849841044843197,0.4161583508897029,0.02293892867913066,0.03757598996947645,0.0,0.02293892867913066,0.022707497441718877,0,0,0,2,0,1.0,0.3333333333333333,0.35930446115825954,0.2022803754230055,0.9678200955527998,0.5920071855866025,0.0,0.17543859649122806,0.04119759142365063
697,113,99.12280701754386,114,0,112,2,0,0.0,1.457858540208571,1.4467829679693969,2.2942942159368935,1.1587485949458596,0.4535233495029555,1.167740319908096,6.394736842105263,5.849841044843197,0.4138199769868187,0.024212837086523543,0.03967772645160608,0.0,0.024212837086523543,0.020610452834975673,0,0,0,2,0,1.0,0.3684210526315789,0.34461797596072624,0.2072461557231456,0.9565213577411761,0.5927528967720384,0.0,0.21052631578947367,0.041181768157886225
698,113,99.12280701754386,114,0,112,2,0,0.0,1.4466667097164363,1.435792736109529,2.262816339732039,1.1581569182688225,0.46922655823760734,1.1784227261409004,6.394736842105263,5.849841044843197,0.41337836290247565,0.0071025051817404485,0.04756816579279495,0.0,0.0071025051817404485,0.012382786412742292,0,0,0,2,0,1.0,0.34210526315789475,0.3433461155132409,0.2055463798883391,0.9682686470316187,0.5943338283276987,0.0,0.17543859649122806,0.041108502932872514
699,114,100.0,114,0,113,1,0,0.0,1.469025748939721,1.4579620760439786,2.4515739316938245,1.158637350654377,0.4704920117414453,1.1858348203006654,6.394736842105263,5.849841044843197,0.41629293914102306,0.0430894698338605,0.04411586546229336,0.0,0.0430894698338605,0.015340721764603271,0,0,0,1,0,1.0,0.3508771929824561,0.35221525948844223,0.20816758617019449,0.9723338200862566,0.5940560269665803,0.0,0.14035087719298245,0.04123435039443038
700,114,100.0,114,0,113,1,0,0.0,1.4688954944704111,1.4577487166283971,2.4419537411537346,1.1590796935597156,0.46969846686979255,1.181315130636741,6.394736842105263,5.849841044843197,0.4173863940957301,0.006931365507133707,0.054874117329607106,0.0,0.006931365507133707,0.004661733112893862,0,0,0,1,0,1.0,0.3508771929824561,0.3528466872173552,0.2078071914022215,0.9793210042883925,0.5926834387766642,0.0,0.10526315789473684,0.04124663730050156
701,114,100.0,114,0,112,2,0,0.0,1.4758194631033614,1.4644265840862702,2.6079668689229702,1.1598086758133956,0.4622437584620692,1.1708340675042315,6.394736842105263,5.849841044843197,0.41911073446743297,0.025826197782989477,0.04698212149114449,0.0,0.025826197782989477,0.02060796917657215,0,0,0,2,0,1.0,0.34210526315789475,0.36096975803682096,0.1995846766676378,0.9775344185878783,0.5931200664995335,0.0,0.14035087719298245,0.041302579295209
702,114,100.0,114,0,113,1,0,0.0,1.473034408853842,1.4614639177779185,2.695680714150643,1.1603563647482085,0.4529992852180863,1.1743966431597177,6.394736842105263,5.849841044843197,0.4210599501246186,0.04875530113806377,0.043430942270523465,0.0,0.04875530113806377,0.021881479640326107,0,0,0,1,0,1.0,0.3333333333333333,0.36813897150458536,0.20020437422526113,0.9720765289726815,0.5923901775026303,0.0,0.17543859649122806,0.04130467349001478
703,114,100.0,114,0,113,1,0,0.0,1.4678717967631736,1.4563840987846242,2.7500412941200323,1.160634285681735,0.4601077573025869,1.1913209664966664,6.394736842105263,5.849841044843197,0.41921742722239097,0.006059887533532729,0.05669194774200083,0.0,0.006059887533532729,0.004802141927604753,0,0,0,1,0,1.0,0.3333333333333333,0.3695433802645789,0.1991916722651274,0.9631303641917466,0.5872478435202118,0.0,0.17543859649122806,0.041286989395982264
704,114,100.0,114,0,113,1,0,0.0,1.4842781489052583,1.472534443535653,2.952543913283437,1.1616517642793238,0.44573785780049047,1.2148173729144771,6.394736842105263,5.849841044843197,0.4225037685776558,0.0057873765166104795,0.056856646554674026,0.0,0.0057873765166104795,0.003539439500502395,0,0,0,1,0,1.0,0.3333333333333333,0.3793294851388324,0.19700364286441263,0.9738631146731956,0.5938054238027146,0.0,0.14035087719298245,0.04139878159700481
705,114,100.0,114,0,113,1,0,0.0,1.4937955482945322,1.4819977935003485,2.878992095510527,1.16305259474065,0.43759412211847565,1.1848290450399348,6.394736842105263,5.849841044843197,0.42271125755921535,0.006352046721892763,0.05365692513023033,0.0,0.006352046721892763,0.004065377989425412,0,0,0,1,0,1.0,0.3508771929824561,0.37443769852650893,0.19951824729261786,0.95585650893168,0.5964234876219471,0.0,0.21052631578947367,0.041487341771598844
706,114,100.0,114,0,112,2,0,0.0,1.4918160694753713,1.4797450955129574,2.9736352774993677,1.1642660554454947,0.42904942093588094,1.164146109230942,6.394736842105263,5.849841044843197,0.4274567075030309,0.039625428144977104,0.04570489870066189,0.0,0.039625428144977104,0.019269316999624198,0,0,0,2,0,0.5,0.3508771929824561,0.3852171637362335,0.20370431049851295,0.9741115563742082,0.5974025531467475,0.0,0.14035087719298245,0.04151293713869056
707,114,100.0,114,0,112,2,0,0.0,1.4954524565693776,1.4830149548441258,2.920596422784725,1.1655615558865753,0.4186290507251682,1.153915482018759,6.394736842105263,5.849841044843197,0.427375932339904,0.17824033482483972,0.05881467610443684,0.0,0.17824033482483972,0.010332286575402305,0,0,0,2,0,0.0,0.3508771929824561,0.3826834248912607,0.2063229795083593,0.972399511350726,0.599437215542149,0.0,0.10526315789473684,0.041569011432429824
708,114,100.0,114,0,112,2,0,0.0,1.5083734916087759,1.4955214847649245,3.194924218770497,1.1673665613075905,0.4059263747250164,1.1391321003559514,6.394736842105263,5.849841044843197,0.43309044601857427,0.10120106649260813,0.04630464369141828,0.0,0.10120106649260813,0.022855574984499166,0,0,0,2,0,0.0,0.35964912280701755,0.39717249345028766,0.20266498713703018,0.9488272889485224,0.6025620808925215,0.0,0.14035087719298245,0.04168641158161691
709,114,100.0,114,0,113,1,0,0.0,1.5180952068151936,1.5047668326583021,3.465217901154867,1.1694986473052704,0.3978225431911767,1.1408571497776614,6.394736842105263,5.849841044843197,0.43640783269027406,0.08285445984839032,0.0364338933647338,0.0,0.08285445984839032,0.03004744597659037,0,0,0,1,0,0.0,0.3333333333333333,0.40896048412179836,0.19537926764454328,0.9643174046873768,0.6026686802897689,0.0,0.14035087719298245,0.04179738197855082
710,114,100.0,114,0,112,2,0,0.0,1.5201614800006562,1.5068908081870005,3.811880837964528,1.1716054090149548,0.4008614086947943,1.155284340427011,6.394736842105263,5.849841044843197,0.44061224357736095,0.07101770400607346,0.04264762050878502,0.0,0.07101770400607346,0.005776194535005247,0,0,0,2,0,0.0,0.34210526315789475,0.4257716928405242,0.18192342947949017,0.9251314233080126,0.6083017160194761,0.0,0.17543859649122806,0.04186933445008321
711,114,100.0,114,0,112,2,0,0.0,1.5325325754116426,1.5191249620137284,3.7488915970681265,1.1741614713550648,0.38556911401008115,1.1193862194658009,6.394736842105263,5.849841044843197,0.44432516926012955,0.00608512560438652,0.05561904419666562,0.0,0.00608512560438652,0.001256675463180923,0,0,0,2,0,1.0,0.34210526315789475,0.4252488178673217,0.18586319346486277,0.9624673850250973,0.6175577064895449,0.0,0.17543859649122806,0.0420059527190899
712,114,100.0,114,0,112,2,0,0.0,1.5273124770165794,1.5140643748928468,3.7105707762842854,1.1763311790692663,0.3843502974025395,1.137818500720984,6.394736842105263,5.849841044843197,0.4428173503030852,0.0723895821514701,0.04130198419244403,0.0,0.0723895821514701,0.007375032380035257,0,0,0,2,0,0.0,0.3508771929824561,0.4222110795645072,0.1814436921870416,0.9659267549333796,0.619453491781638,0.0,0.17543859649122806,0.04204331445332383
713,114,100.0,114,0,112,2,0,0.0,1.543945592689042,1.5304864794188173,4.137330769977579,1.1791424959398378,0.37166177807622974,1.1391626723338053,6.394736842105263,5.849841044843197,0.4453789237584682,0.065429640614454,0.039610898786187454,0.0,0.065429640614454,0.00809719999661726,0,0,0,2,0,0.0,0.35964912280701755,0.43584738902090325,0.16766950628220273,0.9659267549333796,0.6201842343515185,0.0,0.17543859649122806,0.04220870881578379
714,114,100.0,114,0,112,2,0,0.0,1.5450506788486216,1.5317071158663234,4.119326901814225,1.1818464794757468,0.38157801373695244,1.153820144003632,6.394736842105263,5.849841044843197,0.4416498106088571,0.007197985875540952,0.04308955710213919,0.0,0.007197985875540952,0.020971863336223445,0,0,0,2,0,1.0,0.3684210526315789,0.4310439898170929,0.1672030488578895,0.9562868127002677,0.6197365818478635,0.0,0.17543859649122806,0.0422933236159464
715,114,100.0,114,0,111,3,0,0.0,1.5263722848182193,1.5133741891630421,3.510708150107862,1.1835343266161182,0.41035002782333113,1.1728104407656057,6.394736842105263,5.849841044843197,0.43664815557002923,0.11691379608978185,0.04386516213569691,0.0,0.11691379608978185,0.021390129352039156,0,0,0,3,0,0.3333333333333333,0.37719298245614036,0.406321343935949,0.18344363244748024,0.9512552656101526,0.6131682894893085,0.0,0.21052631578947367,0.042249299833190215
716,114,100.0,114,0,111,3,0,0.0,1.5344608341254984,1.5212711430114332,3.637738507616289,1.1854930047797105,0.39591946790397703,1.1317087075712393,6.394736842105263,5.849841044843197,0.4395755586548882,0.10384959907934299,0.0457162968245134,0.0,0.10384959907934299,0.012622826112317206,0,0,0,3,0,0.3333333333333333,0.38596491228070173,0.4133577090743244,0.1851282527028069,0.9630983025607811,0.6162337367776585,0.0,0.14035087719298245,0.042347032359301706
717,114,100.0,114,0,111,3,0,0.0,1.5398332357419078,1.526609290265732,3.6699293408956106,1.1875869218874455,0.40338767753240806,1.1516011115228728,6.394736842105263,5.849841044843197,0.44034097982591214,0.11516519294282312,0.04681371664224195,0.0,0.11516519294282312,0.014040155148565695,0,0,0,3,0,0.0,0.38596491228070173,0.4144914552032687,0.18723173408258395,0.9633638133039533,0.6176655424100879,0.0,0.14035087719298245,0.0424351397785904
718,112,98.24561403508773,114,2,111,1,0,0.017543859649122806,1.5527641472749882,1.536296132369713,4.012756690579162,1.1901608131859747,0.39203525196064537,1.170264613562214,6.394736842105263,5.849841044843197,0.4444330378175103,0.1866314559850387,0.060099783142890155,0.0,0.1866314559850387,0.0013952626493747289,0,2,0,1,0,0.0,0.37719298245614036,0.4296833208794364,0.17517529627954717,0.9626058462095857,0.6195663523137207,0.017543859649122806,0.14035087719298245,0.04257507861107129
719,112,98.24561403508773,114,0,112,2,0,0.0,1.5690892857537369,1.5524652363979188,4.301189335601563,1.193191696321164,0.37854469115386474,1.162459170800525,6.394736842105263,5.849841044843197,0.44729321589338733,0.07663971504980797,0.03730649698136278,0.0,0.07663971504980797,0.0320398376758729,0,0,0,2,0,0.5,0.37719298245614036,0.44011623768250546,0.17303046946506417,0.9468093130153737,0.6248591877857903,0.0,0.19298245614035087,0.042745355226296806
720,112,98.24561403508773,114,0,112,2,0,0.0,1.5733027851768138,1.5563586813711336,4.278576923208104,1.1962274858843711,0.38090722278713146,1.1583317869772238,6.394736842105263,5.849841044843197,0.4480076389196177,0.07842619258599351,0.037811111109781095,0.0,0.07842619258599351,0.03206089815742852,0,0,0,2,0,0.5,0.37719298245614036,0.4396579876611934,0.18054761109439788,0.9441236256660526,0.6224767365821942,0.0,0.21052631578947367,0.04285521715536397
721,111,97.36842105263158,114,1,110,3,0,0.008771929824561403,1.5654625519125736,1.5435702502804174,4.443810113545196,1.1987185957870379,0.411704177300309,1.2235382836334763,6.394736842105263,5.849841044843197,0.44698028834388426,0.09512913652590195,0.04895691129088249,0.0,0.09512913652590195,0.017615583058705656,0,1,0,3,0,0.25,0.3508771929824561,0.44804181098865886,0.17846720673510597,0.9614864543191903,0.6147943267963866,0.008771929824561403,0.19298245614035087,0.042888878973821945
722,111,97.36842105263158,114,0,113,1,0,0.0,1.5651052635975224,1.5434467955988043,4.1569072588762115,1.2008268106819247,0.4252042037764727,1.2123472414945269,6.394736842105263,5.849841044843197,0.44658202522296775,0.15271091762995367,0.06787606003454816,0.0,0.15271091762995367,0.0038082005229376215,0,0,0,1,0,0.0,0.35964912280701755,0.43756408968789745,0.18719571961225212,0.9501647598140563,0.6139421622594576,0.0,0.22807017543859648,0.042948756142363986
723,113,99.12280701754386,114,0,112,2,0,0.0,1.5708840831756674,1.5492519219745597,3.974894311582711,1.2030833708889237,0.42892737495115135,1.2350075484631542,6.394736842105263,5.849841044843197,0.44498124822392926,0.08311979991075163,0.06319075286874362,0.0,0.08311979991075163,0.0038397587780211184,0,0,0,2,0,0.5,0.38596491228070173,0.4303036190718868,0.20173339463924622,0.966494578824954,0.6099001396236716,0.0,0.15789473684210525,0.04304365283285003
724,113,99.12280701754386,114,0,112,2,0,0.0,1.5863483054367626,1.563607841027658,4.40963275272902,1.205879764666838,0.41735750452714737,1.2457224664622053,6.394736842105263,5.849841044843197,0.44723460253257175,0.054758416267080175,0.05425930691133988,0.0,0.054758416267080175,0.002358092919924004,0,0,0,2,0,0.5,0.3508771929824561,0.4461848333000714,0.19458835168174274,0.9777655017402136,0.6078839136881815,0.0,0.15789473684210525,0.04320276623965344
725,112,98.24561403508773,114,1,112,1,0,0.008771929824561403,1.5727503534508147,1.5598452582724633,4.041354102793269,1.2078988937465385,0.43716831621483626,1.2590856926353184,6.394736842105263,5.849841044843197,0.44516998408421693,0.1537822387974176,0.06699280277728314,0.0,0.1537822387974176,0.0029374375937449293,0,1,0,1,0,0.0,0.34210526315789475,0.4321637880472856,0.2184362209303634,0.9678037784784688,0.5954897705629784,0.008771929824561403,0.21052631578947367,0.04319383440055004
726,112,98.24561403508773,114,1,110,1,2,0.008771929824561403,1.57329399300639,1.551700505605527,3.694161839819384,1.2102736675367796,0.47096521502850064,1.2883518593040348,6.394736842105263,5.849841044843197,0.44518999942483495,0.7512319344291428,0.08085646385586519,0.75,0.0012679622890436166,0.052053688133101565,0,3,0,1,0,1.0,0.34210526315789475,0.4234869699772367,0.2558856284072137,0.9717132879197297,0.5894647997438113,0.008771929824561403,0.15789473684210525,0.043266012844279764
727,112,98.24561403508773,114,0,113,1,0,0.0,1.5723401793229472,1.5506062015910393,3.510454111015367,1.2120409801979293,0.48336274042888155,1.3024683377529427,6.394736842105263,5.849841044843197,0.44369193016927544,0.002290602129974067,0.04309150203032695,0.0,0.002290602129974067,0.006994202225675428,0,0,0,1,0,1.0,0.35964912280701755,0.41602649680871623,0.2670744151588969,0.9767147483894334,0.5838516071000078,0.0,0.15789473684210525,0.043312936266583876
728,112,98.24561403508773,114,0,112,2,0,0.0,1.5644301151773947,1.5432647290052486,3.2920897135933678,1.213361336296341,0.4943355778350058,1.3147700159732159,6.394736842105263,5.849841044843197,0.43907486736776846,0.06682846903118221,0.0519746536319425,0.0,0.06682846903118221,0.0155443552912653,0,0,0,2,0,0.5,0.34210526315789475,0.4041565895382376,0.272223217519855,0.9660896859197807,0.5763787876789347,0.0,0.15789473684210525,0.04331200531234759
729,111,97.36842105263158,114,1,112,1,0,0.008771929824561403,1.5643387466281518,1.5443070455819705,3.116934436118941,1.2145958739967666,0.48834976330778485,1.2970167577207774,6.394736842105263,5.849841044843197,0.44140615406315464,0.04288542071493562,0.0519687275231497,0.0,0.04288542071493562,-0.0062772455347891165,0,1,0,1,0,0.5,0.37719298245614036,0.40027086859577254,0.28349739232329957,0.9704568037441428,0.5847460347990381,0.008771929824561403,0.12280701754385964,0.04334765771615817
730,112,98.24561403508773,114,0,112,2,0,0.0,1.5620912507808196,1.5422754760200585,2.991610879894847,1.2157204770873495,0.4855348719635766,1.2864897590636304,6.394736842105263,5.849841044843197,0.4424345069428597,0.16174655166821375,0.05974453014640688,0.0,0.16174655166821375,0.0010139652747709615,0,0,0,2,0,0.5,0.39473684210526316,0.3966176801477585,0.29194233086827154,0.9732164558841031,0.5863681512991434,0.0,0.10526315789473684,0.043369313983513756
731,113,99.12280701754386,114,0,110,4,0,0.0,1.572721730668725,1.5524087462330936,3.2724885163220616,1.2172535168448337,0.48228927723836756,1.2943510126988884,6.394736842105263,5.849841044843197,0.4451353589849605,0.14269717682025515,0.053947765324328434,0.0,0.14269717682025515,0.007846556768736426,0,0,0,4,0,0.5,0.38596491228070173,0.4084820479192731,0.27632143429863903,0.9594205432054598,0.592101408597617,0.0,0.14035087719298245,0.04346730657743682
732,112,98.24561403508773,114,1,111,2,0,0.008771929824561403,1.5842797498027343,1.5636429058839998,3.476931591487964,1.2192104711896616,0.4693619572323902,1.305546382161911,6.394736842105263,5.849841044843197,0.4492841581917184,0.16476912344165534,0.05763152698240146,0.0,0.16476912344165534,0.0013133796543827365,0,1,0,2,0,0.3333333333333333,0.37719298245614036,0.4204486372777941,0.27848179501364895,0.9675789828067389,0.5966888507067646,0.008771929824561403,0.14035087719298245,0.04358233603235316
733,111,97.36842105263158,114,1,111,2,0,0.008771929824561403,1.5968307144066138,1.5719600135322613,3.859005003846667,1.2216169832578239,0.4728514799281925,1.2865095287825663,6.394736842105263,5.849841044843197,0.45347677363337136,0.050699879607087134,0.049837695817059414,0.0,0.050699879607087134,0.008127181399213515,0,1,0,2,0,0.6666666666666666,0.3684210526315789,0.4371033321705725,0.27105871053894875,0.9582553189932295,0.5957556007659977,0.008771929824561403,0.17543859649122806,0.04371547942072878
734,111,97.36842105263158,114,1,112,1,0,0.008771929824561403,1.6133546974466386,1.5935969207699194,4.255803891322383,1.224442174057377,0.46257388000902416,1.249311437919662,6.394736842105263,5.849841044843197,0.457167653950018,0.06171167379514911,0.0575271382461517,0.0,0.06171167379514911,-0.00408803374096095,0,1,0,1,0,0.5,0.35964912280701755,0.45205151437903623,0.27203913051507506,0.966603957248552,0.5915393611110358,0.008771929824561403,0.15789473684210525,0.04388073392142261
735,111,97.36842105263158,114,0,113,1,0,0.0,1.6106059447533594,1.5908972029437713,4.066616331704578,1.2272662192362518,0.46426254179664167,1.2531621187873574,6.394736842105263,5.849841044843197,0.4553748898184873,0.00015685109314572302,0.059608821189936004,0.0,0.00015685109314572302,-0.011585849488964683,0,0,0,1,0,1.0,0.37719298245614036,0.4444122448554564,0.27842514456851974,0.9661699511948688,0.5907705231570131,0.0,0.17543859649122806,0.04394959123495558
736,110,96.49122807017544,114,1,113,0,0,0.008771929824561403,1.619224217350595,1.6054352481419898,4.477587210177431,1.230297016421122,0.4574216091779105,1.2877867366590394,6.394736842105263,5.849841044843197,0.4600663078430529,0.9438392012475053,0.14361259103601642,1.0,0.05616079875249469,0.004838960569791162,0,1,0,0,0,0.0,0.3684210526315789,0.46245876182116624,0.2755077438688269,0.9774686352185091,0.583755283882238,0.008771929824561403,0.14035087719298245,0.044081331006795
737,110,96.49122807017544,114,1,113,0,0,0.008771929824561403,1.649872872603441,1.6290405236006735,5.699993612937253,1.2348564718415056,0.4348218074222888,1.31303073965857,6.394736842105263,5.849841044843197,0.4721745919117568,0.9999999999963618,0.07858481027361824,1.0,3.638200851696638e-12,0.06703470247248194,0,1,0,0,0,1.0,0.35964912280701755,0.5121860758698901,0.26342747599492333,0.9684777128550317,0.5920336886274038,0.008771929824561403,0.14035087719298245,0.044367934730360686
738,110,96.49122807017544,114,1,112,0,1,0.008771929824561403,1.6589311575012529,1.6464368909907634,5.960512764160124,1.2392779186812202,0.44460026813086867,1.3525410806723586,6.394736842105263,5.849841044843197,0.4730186394913709,0.8970904432133138,0.14117079907817137,1.0,0.10290955678668617,0.009471821289175897,0,2,0,0,0,0.5,0.3333333333333333,0.515008753792439,0.2575155787336193,0.9863183682556378,0.589332774584212,0.008771929824561403,0.12280701754385964,0.04454254996085252
739,110,96.49122807017544,114,1,112,1,0,0.008771929824561403,1.6533692156026152,1.6268757089822248,5.522466742518378,1.243578337083733,0.49767673616096897,1.4457213631802646,6.394736842105263,5.849841044843197,0.47082658200535166,0.6700128147731247,0.08269297799069639,0.5,0.17001291976868074,0.04566514406319466,0,1,0,1,0,0.5,0.37719298245614036,0.5031818416633849,0.27952247890019327,0.9865348408924612,0.5827656372838659,0.008771929824561403,0.10526315789473684,0.04464052407176443
740,109,95.6140350877193,114,1,112,1,0,0.008771929824561403,1.640177726795337,1.6138456506820011,4.875531963951122,1.2463844286303278,0.5171014086584539,1.414873009592892,6.394736842105263,5.849841044843197,0.46636856340180133,0.3100208339667734,0.06703042878345733,0.0,0.3100208339667734,0.0036461889210863685,0,1,0,1,0,0.0,0.34210526315789475,0.48126441057272773,0.29657455485881223,0.9812522521578976,0.5822745475776161,0.008771929824561403,0.10526315789473684,0.04465664257525233
741,110,96.49122807017544,114,0,113,1,0,0.0,1.6487693132161725,1.6217924333465539,5.138507725720524,1.249370744290231,0.5136233144336699,1.4493400895129536,6.394736842105263,5.849841044843197,0.4674118913764067,0.3768571303812479,0.07524363313743465,0.0,0.3768571303812479,-0.008340282410099653,0,0,0,1,0,0.0,0.34210526315789475,0.4868341562859785,0.2852262209068818,0.9804151712903788,0.5817448033526608,0.0,0.07017543859649122,0.044786947866957305
742,111,97.36842105263158,114,0,112,2,0,0.0,1.6435083987035235,1.6170081476057065,4.9924410430515005,1.2519584667421562,0.5255133650894916,1.4369267722504582,6.394736842105263,5.849841044843197,0.46217365803270427,0.21048731934873083,0.06421936843969385,0.0,0.21048731934873083,0.001208069321981864,0,0,0,2,0,0.5,0.3508771929824561,0.4785972165328905,0.2831414871572167,0.982849843473722,0.5789131461552145,0.0,0.10526315789473684,0.044836332119453724
743,112,98.24561403508773,114,0,113,1,0,0.0,1.6539838283858983,1.6272159648053974,5.238109326311014,1.2548725244082262,0.5248715756451113,1.4311164220692425,6.394736842105263,5.849841044843197,0.4628308770755074,0.36247398200876624,0.08226603284740737,0.0,0.36247398200876624,-0.01730865128722736,0,0,0,1,0,0.0,0.3508771929824561,0.4842339053470657,0.282061751827448,0.9860247567148529,0.5778135927736859,0.0,0.07017543859649122,0.04497394313857568
744,113,99.12280701754386,114,0,113,1,0,0.0,1.6450611170458105,1.6185000939773386,5.110837623104056,1.257208222661583,0.5315843169784833,1.4397052275050923,6.394736842105263,5.849841044843197,0.4616684690543795,0.31043478364980015,0.06586475799942437,0.0,0.31043478364980015,-0.012440021666839662,0,0,0,1,0,0.0,0.35964912280701755,0.48017706569189966,0.28073908260924935,0.9831118378116552,0.5792801291335838,0.0,0.03508771929824561,0.044997646899429526
745,114,100.0,114,0,113,1,0,0.0,1.672393011623652,1.6442264819667443,6.024842995155136,1.2606112485229997,0.5149949939447958,1.4581950644952137,6.394736842105263,5.849841044843197,0.47086255046159575,0.3273336884416962,0.06767394033856972,0.0,0.3273336884416962,-0.014372480757758321,0,0,0,1,0,0.0,0.3508771929824561,0.5140869748076079,0.2730976320080864,0.9804514929334579,0.5828795681016875,0.0,0.03508771929824561,0.045233842174122615
746,114,100.0,114,0,113,1,0,0.0,1.6528237547481757,1.6251214513872363,5.856221987460403,1.2629211116444325,0.5524442673866545,1.4453517960677196,6.394736842105263,5.849841044843197,0.46657410600760585,0.347947565985431,0.08377587659028454,0.0,0.347947565985431,-0.020242710640338335,0,0,0,1,0,0.0,0.3157894736842105,0.5042193881867311,0.2602617734700124,0.9790407301983963,0.5763677669162551,0.0,0.03508771929824561,0.04520355755022388
747,114,100.0,114,0,113,1,0,0.0,1.6706316636282097,1.6420428847267445,6.437841065783525,1.2658877530072046,0.5423917607786781,1.4620496657978672,6.394736842105263,5.849841044843197,0.47074570816874384,0.3230704956211641,0.07139819176478526,0.0,0.3230704956211641,-0.01624938892496508,0,0,0,1,0,0.0,0.30701754385964913,0.5223566296475817,0.24955470979426145,0.9800745473872144,0.5777682582817038,0.0,0.05263157894736842,0.04537936899667041
748,114,100.0,114,0,113,1,0,0.0,1.6492408353357524,1.6217367758750438,5.485840033536602,1.2677305504937098,0.5806012975169241,1.4900453522257247,6.394736842105263,5.849841044843197,0.4643751639579985,0.35238389324990244,0.0848268491124213,0.0,0.35238389324990244,-0.020903754922570905,0,0,0,1,0,0.0,0.30701754385964913,0.4927071395125016,0.26893918115464754,0.9864085104747197,0.5730358612141854,0.0,0.08771929824561403,0.045326315217077584
749,112,98.24561403508773,114,2,111,1,0,0.017543859649122806,1.663564706979529,1.6440746886876223,6.2215466232169865,1.2700980577073977,0.5712791473106343,1.4943169297308707,6.394736842105263,5.849841044843197,0.46655611002352493,0.40774116132755517,0.07944634315411889,0.3333333333333333,0.3499945418850812,-0.009421129872978995,0,2,0,1,0,0.0,0.32456140350877194,0.5111338725706862,0.25321638366982224,0.9819427658794163,0.5681982048769862,0.017543859649122806,0.08771929824561403,0.04546718227965944
750,112,98.24561403508773,114,1,111,2,0,0.008771929824561403,1.6411925723943792,1.621745775605633,5.762668108390745,1.271715615758131,0.5831119613093129,1.5133638538312526,6.394736842105263,5.849841044843197,0.46315539642757675,0.2272355318166527,0.07244421447632689,0.0,0.2272355318166527,-0.007611416884465354,0,1,1,1,0,0.0,0.30701754385964913,0.49959009985225467,0.25992858918893214,0.9798527920567264,0.5640266096029584,0.008771929824561403,0.10526315789473684,0.04540263389412167
751,112,98.24561403508773,114,0,113,1,0,0.0,1.6239602538745985,1.6050933086288006,5.175919159689209,1.272438599434791,0.613013611189389,1.5239361301405356,6.394736842105263,5.849841044843197,0.45611263787164025,0.007433315229350522,0.0565986551217279,0.0,0.007433315229350522,-0.008016244568172293,0,0,0,1,0,1.0,0.3157894736842105,0.47616065215312325,0.27112712695688634,0.983411353537226,0.554483006234081,0.0,0.10526315789473684,0.045337618999455154
752,112,98.24561403508773,114,0,113,1,0,0.0,1.6465987620247113,1.6273860982050503,5.548515361656328,1.2741625639193237,0.5900940191458255,1.5090491823153283,6.394736842105263,5.849841044843197,0.461347251503639,0.013868053040888773,0.05821709073760441,0.0,0.013868053040888773,-0.00582881477920516,0,0,0,1,0,1.0,0.2982456140350877,0.4899653228050671,0.26638725281169445,0.9889871137668794,0.5620098797931435,0.0,0.08771929824561403,0.04550123613121307
753,111,97.36842105263158,114,1,113,0,0,0.008771929824561403,1.6519135306248796,1.6279214397786714,5.387560714741786,1.2760400243612617,0.6056440361562667,1.5224796283908701,6.394736842105263,5.849841044843197,0.4595418642180542,0.9719689849403406,0.1285096552896291,1.0,0.028031015059659437,0.04515638043793546,1,0,0,0,0,1.0,0.2982456140350877,0.4844347214170552,0.2674023551121612,0.9879471816211035,0.5611458914803983,0.008771929824561403,0.08771929824561403,0.04558272419998051
754,112,98.24561403508773,114,0,114,0,0,0.0,1.6413239311203993,1.6174053685983054,5.375507268179786,1.2770862257585585,0.6151736613813797,1.5295606286986037,6.394736842105263,5.849841044843197,0.46102310232977595,0.0,0.0,0.0,0.0,0.0,0,0,0,0,0,0.0,0.3157894736842105,0.48578786884368597,0.26388190507902315,0.988325550339519,0.5639725585879422,0.0,0.08771929824561403,0.0455603767618335
755,113,99.12280701754386,114,0,114,0,0,0.0,1.6476406896970845,1.623874677098276,5.165893857988788,1.2783739814482633,0.6237827135012177,1.5367041228891376,6.394736842105263,5.849841044843197,0.4608193738084778,0.0,0.0,0.0,0.0,0.0,0,0,0,0,0,0.0,0.32456140350877194,0.4784532586863178,0.27388980251415446,0.9874367706639071,0.566115304769588,0.0,0.08771929824561403,0.045629626385163755
756,113,99.12280701754386,114,0,113,1,0,0.0,1.637995641840803,1.614587789012409,4.977483650385805,1.279151790924246,0.6380281482846624,1.5410274950957972,6.394736842105263,5.849841044843197,0.45873505949117055,0.058306560963037816,0.06084520818154123,0.0,0.058306560963037816,-0.005253879345178625,0,0,1,0,0,0.0,0.3157894736842105,0.4688391426984894,0.2736899031517409,0.9880909309737772,0.5653079008431945,0.0,0.12280701754385964,0.045604151454870706
757,113,99.12280701754386,114,0,113,1,0,0.0,1.6387037346107785,1.6152102486119675,5.0569681691482495,1.279913230099966,0.6272691496360775,1.5271996572454951,6.394736842105263,5.849841044843197,0.4579428870984481,0.057179579847370314,0.05842872169847826,0.0,0.057179579847370314,-0.00855029529857354,0,0,0,1,0,0.0,0.32456140350877194,0.4704499532484278,0.2723612598777949,0.9901078868899224,0.5640424038989666,0.0,0.08771929824561403,0.04562996340943698
758,114,100.0,114,0,113,1,0,0.0,1.640122646573567,1.617190732287691,4.573093044874175,1.2807228104118122,0.6265412615379717,1.5174944547191838,6.394736842105263,5.849841044843197,0.4543369123511152,0.05518556309401519,0.056592044640554784,0.0,0.05518556309401519,-0.009410407555936029,0,0,0,1,0,0.0,0.30701754385964913,0.45132982542848554,0.28941465195585475,0.9901078868899224,0.5649796807952387,0.0,0.08771929824561403,0.04566073754993759
759,114,100.0,114,0,112,2,0,0.0,1.6424264937476285,1.6189579517039452,4.846252345854519,1.281567735183697,0.6270562540082886,1.5127778645897492,6.394736842105263,5.849841044843197,0.45519077282316345,0.04415418435678428,0.058871555670057404,0.0,0.04415418435678428,-0.007211126647041044,0,0,0,2,0,0.5,0.2894736842105263,0.460607400549264,0.2816242449639977,0.9901667690094561,0.5623524020872518,0.0,0.08771929824561403,0.04569697016385978
760,114,100.0,114,0,113,1,0,0.0,1.6367139737913667,1.613569403773518,4.613547223075998,1.2821110560086337,0.6180232090923621,1.5080156759183778,6.394736842105263,5.849841044843197,0.45321574338116055,0.06003724559135257,0.058027635361298666,0.0,0.06003724559135257,-0.020912226635052655,0,0,0,1,0,0.0,0.2894736842105263,0.453056582703893,0.28673788801755856,0.9792417316362465,0.5618760409920694,0.0,0.07017543859649122,0.04568429926638964
761,114,100.0,114,0,114,0,0,0.0,1.650272029253033,1.6263583992233128,5.089442725848989,1.283221102152984,0.6015881511057237,1.4977716286322833,6.394736842105263,5.849841044843197,0.45685187108068415,0.0,0.0,0.0,0.0,0.0,0,0,0,0,0,0.0,0.32456140350877194,0.4689612040594568,0.2681472262172456,0.9830085367433752,0.5658947451298263,0.0,0.05263157894736842,0.04578455751118242
762,114,100.0,114,0,114,0,0,0.0,1.6215099221720168,1.5987764537934857,4.118403460321697,1.2829754123905894,0.6166630630863533,1.501467296348239,6.394736842105263,5.849841044843197,0.4483913385492393,0.0,0.0,0.0,0.0,0.0,0,0,0,0,0,0.0,0.2807017543859649,0.4345084579512124,0.29961882681385954,0.9743713352940127,0.5561656181041861,0.0,0.07017543859649122,0.04563356074549557
763,114,100.0,114,0,114,0,0,0.0,1.6246090734178673,1.6017021553821398,4.100130855537997,1.2828810142026645,0.5961980245357263,1.4758914126184082,6.394736842105263,5.849841044843197,0.4485509668337244,0.0,0.0,0.0,0.0,0.0,0,0,0,0,0,0.0,0.30701754385964913,0.4344707651655352,0.30156960090312396,0.9878464400707093,0.557510169619476,0.0,0.08771929824561403,0.04564629542975342
764,114,100.0,114,0,112,2,0,0.0,1.6448945758925329,1.621702277915213,4.423044931818103,1.2837281184602494,0.5918483319240727,1.4754266043939719,6.394736842105263,5.849841044843197,0.450149258113286,0.14002198551822537,0.05513527527217177,0.0,0.14002198551822537,0.02051403473592686,0,0,0,2,0,0.5,0.2982456140350877,0.44306678022263213,0.2920964027112712,0.9833452349556497,0.56077210749648,0.0,0.03508771929824561,0.04577250006840315
765,113,99.12280701754386,114,1,112,1,0,0.008771929824561403,1.6425692067836308,1.6166715499907736,4.442543559866476,1.28442139721811,0.6026667313031665,1.4853795728553656,6.394736842105263,5.849841044843197,0.4507554252033381,0.14706640371454327,0.05394722165639531,0.0,0.14706640371454327,0.01949595274727217,0,1,0,1,0,0.5,0.2807017543859649,0.44446301444579317,0.2877138292812802,0.9853919686435073,0.5589201411481877,0.008771929824561403,0.10526315789473684,0.0457811510755249
766,113,99.12280701754386,114,0,113,1,0,0.0,1.6390628612559965,1.6136165567827072,4.243443306875744,1.2847999900509448,0.6073372348692654,1.484379714739068,6.394736842105263,5.849841044843197,0.4463413980069877,0.0493657327699982,0.05133119783323731,0.0,0.0493657327699982,0.007820781857228787,0,0,0,1,0,1.0,0.30701754385964913,0.43220822463576675,0.2912580648103005,0.9849735288438433,0.556262485924424,0.0,0.14035087719298245,0.045774692887350726
767,112,98.24561403508773,114,1,112,1,0,0.008771929824561403,1.6284108614408241,1.6027452542776386,3.861428364742368,1.2846826230808994,0.6211001715553879,1.4665261075166867,6.394736842105263,5.849841044843197,0.4434483248894361,0.19997661090914834,0.05308253745550626,0.0,0.19997661090914834,0.006780529424938064,0,1,0,1,0,0.0,0.3157894736842105,0.4185651688648428,0.31033001484418143,0.9881833845919091,0.5485400055106346,0.008771929824561403,0.12280701754385964,0.04571799999768146
768,112,98.24561403508773,114,0,112,2,0,0.0,1.6298672306438469,1.604285563141972,3.717571894136013,1.2846092559792828,0.6186162551423247,1.4612771338411326,6.394736842105263,5.849841044843197,0.4432075363620689,0.0801394248154923,0.05313252367319472,0.0,0.0801394248154923,0.006805845590051041,0,0,0,2,0,0.5,0.3333333333333333,0.4139653444108667,0.3159947743856292,0.9905356473469484,0.5525402668594706,0.0,0.08771929824561403,0.04572313591428469
769,111,97.36842105263158,114,1,113,0,0,0.008771929824561403,1.6184997701962922,1.597250377504139,3.4545758985918096,1.2840317338847005,0.6420299009437248,1.5207530141597836,6.394736842105263,5.849841044843197,0.4394007972349607,0.09592105998690273,0.063085646477502,0.0,0.09592105998690273,-0.0011706726591461658,0,1,0,0,0,0.0,0.32456140350877194,0.4025131130285225,0.33107385104212955,0.9831819241222054,0.5466041937542985,0.008771929824561403,0.12280701754385964,0.04564940654978095
770,112,98.24561403508773,114,0,112,2,0,0.0,1.6288599031001514,1.607369789669252,3.483973456365115,1.2841407806458869,0.6237104042152359,1.4993082503578,6.394736842105263,5.849841044843197,0.4417404924718653,0.10730477590781,0.0737673323391341,0.0,0.10730477590781,0.0020196534693590618,0,0,0,2,0,0.0,0.32456140350877194,0.404888950968727,0.3380607231535466,0.9776707545899436,0.5484859650629634,0.0,0.12280701754385964,0.045704396745397224
771,112,98.24561403508773,114,0,112,2,0,0.0,1.6165795506121128,1.5955401109505325,3.2629356268792606,1.2836898344239505,0.6456728497285138,1.4842411893335852,6.394736842105263,5.849841044843197,0.43922582491543194,0.09401079757256203,0.0768611493193426,0.0,0.09401079757256203,-0.007489277628378366,0,0,0,2,0,0.5,0.3157894736842105,0.3958246576028499,0.3529040050683721,0.9766112343012081,0.5433299110325359,0.0,0.12280701754385964,0.04562980516436653
772,113,99.12280701754386,114,0,111,3,0,0.0,1.617263732335975,1.5962345893384955,3.271865445794658,1.2832977685446247,0.6355625692137274,1.4749684639095013,6.394736842105263,5.849841044843197,0.43755393588160363,0.14921390150105973,0.07765638716774573,0.0,0.14921390150105973,-0.012237851007745363,0,0,0,3,0,0.3333333333333333,0.2982456140350877,0.3962853830910743,0.35246225899614486,0.9695128874425842,0.5406953735413397,0.0,0.15789473684210525,0.04562175845762004
773,112,98.24561403508773,114,1,111,2,0,0.008771929824561403,1.6020684144509487,1.5784698382403404,2.9903544661900314,1.2822494359760743,0.6556387033823414,1.5286363458741232,6.394736842105263,5.849841044843197,0.4318306902388882,0.24439191070054478,0.09090829132604154,0.3333333333333333,0.21137324178804376,-0.0019796631134611684,1,0,0,2,0,0.3333333333333333,0.3157894736842105,0.3826576226504976,0.3600230075239619,0.970778542298625,0.533309250768099,0.008771929824561403,0.15789473684210525,0.04551511897375414
774,113,99.12280701754386,114,0,113,1,0,0.0,1.6262853379034214,1.6017047976748675,3.3387911487903765,1.2821976299103615,0.6357374880014268,1.5076399683050776,6.394736842105263,5.849841044843197,0.43822102159473464,0.011014675878131997,0.05763662908226311,0.0,0.011014675878131997,0.001646263534179182,0,0,0,1,0,1.0,0.32456140350877194,0.3995674826220966,0.35394147698360395,0.9697995228186707,0.5370199309084638,0.0,0.19298245614035087,0.045634688304768606
775,113,99.12280701754386,114,0,114,0,0,0.0,1.6091383347840105,1.5850041290958756,3.0645627314937105,1.281367284364906,0.6637150507349217,1.5367372389687104,6.394736842105263,5.849841044843197,0.436167246345192,0.0,0.0,0.0,0.0,0.0,0,0,0,0,0,0.0,0.3333333333333333,0.3884806849800328,0.3656349189565365,0.9664059889467885,0.5347044142641357,0.0,0.19298245614035087,0.04552466634190551
776,113,99.12280701754386,114,0,114,0,0,0.0,1.6216543397704055,1.5971148418508951,3.262462292462296,1.2811522786704361,0.6466784842926123,1.5170514065471807,6.394736842105263,5.849841044843197,0.43894247898745165,0.0,0.0,0.0,0.0,0.0,0,0,0,0,0,0.0,0.32456140350877194,0.39664236448351625,0.3540390395272541,0.9724664552578635,0.5401745703514017,0.0,0.15789473684210525,0.04558095762115556
777,113,99.12280701754386,114,0,114,0,0,0.0,1.6436694068643212,1.6185511607853518,3.4225481822895896,1.281953042934155,0.6224600907338099,1.4942897432138826,6.394736842105263,5.849841044843197,0.4421710872643625,0.0,0.0,0.0,0.0,0.0,0,0,0,0,0,0.0,0.34210526315789475,0.40314531006012294,0.35249004493870434,0.9735486556398912,0.5437318898698831,0.0,0.15789473684210525,0.04571445467491088
778,114,100.0,114,0,114,0,0,0.0,1.6373343938775384,1.6127590360223663,3.1156058828255215,1.2824358996878997,0.6354895938613512,1.4986406149519225,6.394736842105263,5.849841044843197,0.4380408713452959,0.0,0.0,0.0,0.0,0.0,0,0,0,0,0,0.0,0.34210526315789475,0.3877037911596131,0.3657674036885597,0.9735486556398912,0.5384708643558752,0.0,0.15789473684210525,0.04569690278626114
779,114,100.0,114,0,114,0,0,0.0,1.6516883063298722,1.6267855899983048,3.3320784869953854,1.283546934978405,0.6068584152195066,1.474172010605083,6.394736842105263,5.849841044843197,0.4402351612183264,0.0,0.0,0.0,0.0,0.0,0,0,0,0,0,0.0,0.3508771929824561,0.39725119746578996,0.3564737674775861,0.9629061342256785,0.5434646470859916,0.0,0.19298245614035087,0.04580116924774614
780,114,100.0,114,0,114,0,0,0.0,1.6460296406098218,1.621582519340372,3.1173133194119713,1.284349479380112,0.6002796720206238,1.4642127379177636,6.394736842105263,5.849841044843197,0.43707903196872255,0.0,0.0,0.0,0.0,0.0,0,0,0,0,0,0.0,0.32456140350877194,0.3863941303809336,0.3628270526437513,0.9526194331124391,0.5439247353589445,0.0,0.19298245614035087,0.04579634970505296
781,114,100.0,114,0,112,2,0,0.0,1.6491950697911022,1.6249001412435868,3.154934129286443,1.2852603366962503,0.5935236626021669,1.4486109563017968,6.394736842105263,5.849841044843197,0.43590143782652113,0.006296171338545333,0.05776286231156766,0.0,0.006296171338545333,0.00031493017252059996,0,0,0,2,0,1.0,0.3333333333333333,0.38638240589435346,0.3604239115392453,0.9677149563264549,0.5441318075535666,0.0,0.15789473684210525,0.04583881870352907
782,114,100.0,114,0,114,0,0,0.0,1.6724745882534264,1.6474310671907362,3.4173474062967535,1.2871723289903205,0.5805180116237897,1.4032516455565944,6.394736842105263,5.849841044843197,0.44077608229692866,0.0,0.0,0.0,0.0,0.0,0,0,0,0,0,0.0,0.34210526315789475,0.39780285415010314,0.35439126976618823,0.9674924058038222,0.550676430883533,0.0,0.15789473684210525,0.046011140550837076
783,114,100.0,114,0,113,1,0,0.0,1.674870634254586,1.6495690067887652,3.5721165359673406,1.2890725256288942,0.573357232503241,1.419557947811937,6.394736842105263,5.849841044843197,0.4423626714385389,0.0011635440404243898,0.06238178425241051,0.0,0.0011635440404243898,-0.02997248214000081,0,0,0,1,0,1.0,0.3333333333333333,0.4048159446728244,0.344176937494765,0.963212247438407,0.551506392696965,0.0,0.15789473684210525,0.04607870002229088
784,114,100.0,114,0,114,0,0,0.0,1.6797766472125084,1.6548421691649922,3.5161127143474977,1.291108341078208,0.5601996016364577,1.4122589072527536,6.394736842105263,5.849841044843197,0.4432310205620118,0.0,0.0,0.0,0.0,0.0,0,0,0,0,0,0.0,0.3508771929824561,0.4030778340765513,0.34465704569039396,0.9771941022440107,0.5578199341062361,0.0,0.12280701754385964,0.0461627760709561
785,114,100.0,114,0,113,1,0,0.0,1.6612894296162726,1.6365172143719218,3.335422309674341,1.2921674799782232,0.5776697825611581,1.416318466367901,6.394736842105263,5.849841044843197,0.44339326959767233,0.002499554487936288,0.07379263458971749,0.0,0.002499554487936288,-0.03269223589597503,0,0,0,1,0,1.0,0.34210526315789475,0.3989536206139913,0.3551540809578569,0.9731939099898129,0.552261051233331,0.0,0.15789473684210525,0.04610131895402241
786,114,100.0,114,0,113,1,0,0.0,1.6486614451560384,1.6238999802484557,3.3586098030158107,1.292574190423761,0.5619980580522421,1.3713243897498435,6.394736842105263,5.849841044843197,0.44667377380388507,0.050154379587116604,0.06387506744257214,0.0,0.050154379587116604,-0.01874192908127903,0,0,0,1,0,0.0,0.3508771929824561,0.40581917494859165,0.3536922693645718,0.9679985131684552,0.5567451155316739,0.0,0.12280701754385964,0.046050074989009614
787,114,100.0,114,0,112,2,0,0.0,1.6184161375018202,1.594654714394735,2.8473285468371867,1.2915884677022542,0.583737675252602,1.389332633735033,6.394736842105263,5.849841044843197,0.43830545377850294,0.16963157879820628,0.07235301739816115,0.0,0.16963157879820628,-0.010405720047888978,0,0,1,1,0,0.5,0.35964912280701755,0.3806848144471439,0.3741737553166013,0.9576774127178279,0.5475855104613975,0.0,0.12280701754385964,0.045870016844562995
788,114,100.0,114,0,113,1,0,0.0,1.618639810610182,1.5948189371861363,2.933833874809342,1.2906680936109036,0.5758602703012738,1.3833792434215724,6.394736842105263,5.849841044843197,0.4380920913435673,0.33777996106541586,0.0765594515757547,0.0,0.33777996106541586,-0.004151013864910236,0,0,0,1,0,0.0,0.34210526315789475,0.38439472240149675,0.36665374327386513,0.9722268757270998,0.5479830529360641,0.0,0.12280701754385964,0.045844214999423843
789,113,99.12280701754386,114,1,112,1,0,0.008771929824561403,1.6241048887239349,1.5983707078091387,2.9822329116877118,1.2900520579719545,0.5693196776346162,1.3368543126870904,6.394736842105263,5.849841044843197,0.4370155629199626,0.17489686907437194,0.07371771107229486,0.0,0.17489686907437194,-0.01641146515682912,0,1,0,1,0,0.5,0.35964912280701755,0.3849075502446698,0.3598370822190132,0.9722268757270998,0.5393252068499286,0.008771929824561403,0.12280701754385964,0.04585352183716355
790,113,99.12280701754386,114,0,113,1,0,0.0,1.6048693220069925,1.5794941406975085,2.9136156972531158,1.2885043804196001,0.5808666743316676,1.3604953844267216,6.394736842105263,5.849841044843197,0.4365834170396179,0.003911569008917834,0.07434950252596784,0.0,0.003911569008917834,-0.0267871445405522,0,0,0,1,0,1.0,0.37719298245614036,0.38420607255102385,0.35207801130393024,0.9836717798741305,0.5422568660805809,0.0,0.08771929824561403,0.04571207566522911
791,113,99.12280701754386,114,0,112,2,0,0.0,1.5991446217999727,1.5739450512872881,2.8178963736740608,1.2867875492159975,0.577622818046769,1.3793136736370186,6.394736842105263,5.849841044843197,0.43499645537867604,0.017294048012077498,0.06740398000589518,0.0,0.017294048012077498,-0.0112990271909017,0,0,0,2,0,1.0,0.38596491228070173,0.3797091161906132,0.35805609466380417,0.9779386882886648,0.5394071479840281,0.0,0.10526315789473684,0.0456332362159845
792,113,99.12280701754386,114,0,112,2,0,0.0,1.6060069505181682,1.5805994793311144,2.7561446352617933,1.2854825686792195,0.5823998790122489,1.3789325186899404,6.394736842105263,5.849841044843197,0.4348552877419587,0.023169353785728472,0.06866716379758814,0.0,0.023169353785728472,-0.009695897143223275,0,0,0,2,0,1.0,0.38596491228070173,0.3759098528169281,0.37048085435683525,0.9705581926331047,0.5366405302925574,0.0,0.14035087719298245,0.045629378216041655
793,113,99.12280701754386,114,0,112,2,0,0.0,1.592862794215145,1.5679777714652487,2.651181136484949,1.2836632475516716,0.5923844700432893,1.3463663453001324,6.394736842105263,5.849841044843197,0.43267734108790235,0.01598266011020949,0.06336378723562416,0.0,0.01598266011020949,-0.007918506592275276,0,0,0,2,0,1.0,0.38596491228070173,0.3705208167930076,0.3653722430078412,0.9599796670751536,0.536857013704067,0.0,0.12280701754385964,0.04551044373749814
794,114,100.0,114,0,113,1,0,0.0,1.5908095699263058,1.5658088824749812,2.6685883029623496,1.2818488525714842,0.6092522708705561,1.365312718661625,6.394736842105263,5.849841044843197,0.4317053873991732,0.005752990456980915,0.07439106902173817,0.0,0.005752990456980915,-0.02121922734444026,0,0,0,1,0,1.0,0.37719298245614036,0.37049411651724756,0.3653155896805499,0.975444960243999,0.532101152616305,0.0,0.08771929824561403,0.045447108004920654
795,114,100.0,114,0,113,1,0,0.0,1.614208088134266,1.588541008637382,2.888027355174021,1.2812044314108546,0.5987388125686632,1.3507414957788622,6.394736842105263,5.849841044843197,0.43565536442959507,0.003239884451312453,0.07468171117823179,0.0,0.003239884451312453,-0.025338678328346687,0,0,0,1,0,1.0,0.38596491228070173,0.37997460819415296,0.3539853415648489,0.9805245456007174,0.5396330066081773,0.0,0.12280701754385964,0.04554525178918237
796,114,100.0,114,0,113,1,0,0.0,1.6279006324545553,1.6017224348698302,3.1050380184758333,1.281214581849414,0.5851879305652076,1.3421654567389685,6.394736842105263,5.849841044843197,0.4391383585047981,0.0018286826270420475,0.07324275771335123,0.0,0.0018286826270420475,-0.02709399643852417,0,0,0,1,0,1.0,0.37719298245614036,0.39100699682198997,0.34620075350194485,0.9775239496807786,0.5465673060907112,0.0,0.15789473684210525,0.04561401140304436
797,114,100.0,114,0,114,0,0,0.0,1.6237652242798326,1.597952815328749,2.970496485858842,1.2810477251025338,0.587013319896418,1.3401305414807434,6.394736842105263,5.849841044843197,0.43657851581052687,0.0,0.0,0.0,0.0,0.0,0,0,0,0,0,0.0,0.34210526315789475,0.38320098053427476,0.34431965294260375,0.9792594900755638,0.5482799342836381,0.0,0.12280701754385964,0.045588453934938204
798,114,100.0,114,0,114,0,0,0.0,1.6314111743471442,1.6052899043105306,3.081556500123405,1.281233995644321,0.5769603065611222,1.3306268118910303,6.394736842105263,5.849841044843197,0.4374651705929449,0.0,0.0,0.0,0.0,0.0,0,0,0,0,0,0.0,0.35964912280701755,0.3874773937404014,0.34401583091683585,0.9727103884944803,0.547929655855171,0.0,0.12280701754385964,0.04563213195057872
799,114,100.0,114,0,114,0,0,0.0,1.634524813608754,1.6085882837377619,3.091057574153349,1.2815637296183395,0.5779657379395851,1.332024780109287,6.394736842105263,5.849841044843197,0.43444142002199415,0.0,0.0,0.0,0.0,0.0,0,0,0,0,0,0.0,0.34210526315789475,0.3849653300798436,0.3458924024853387,0.9663757426484191,0.5435511196403274,0.0,0.12280701754385964,0.04565734460356223
800,114,100.0,114,0,114,0,0,0.0,1.6393481407380985,1.6135732667396947,2.9844112525311304,1.282107465544387,0.5785052653026164,1.3281463595751142,6.394736842105263,5.849841044843197,0.4313493973316658,0.0,0.0,0.0,0.0,0.0,0,0,0,0,0,0.0,0.35964912280701755,0.3766710758294424,0.34460202837594356,0.9816178335298954,0.5422860335792162,0.0,0.08771929824561403,0.04569736508289769
801,114,100.0,114,0,114,0,0,0.0,1.6363688128136802,1.6108226103817227,2.8801620426354213,1.2824906665633524,0.5699318149542144,1.3256785687442048,6.394736842105263,5.849841044843197,0.4284020389979062,0.0,0.0,0.0,0.0,0.0,0,0,0,0,0,0.0,0.34210526315789475,0.3702382512301102,0.34863089880797415,0.9738829728994768,0.5380164094246696,0.0,0.12280701754385964,0.04569367676852146
802,114,100.0,114,0,114,0,0,0.0,1.6499651240072495,1.6239592766237143,2.995884224830564,1.2834662302068245,0.5521926654989229,1.3056524990009395,6.394736842105263,5.849841044843197,0.430342609707389,0.0,0.0,0.0,0.0,0.0,0,0,0,0,0,0.0,0.3333333333333333,0.3742268087420486,0.3429044772707813,0.9729551340732918,0.5424729146413922,0.0,0.12280701754385964,0.04579019278570649
803,114,100.0,114,0,114,0,0,0.0,1.641735325002267,1.6159071152803552,2.72830344925866,1.2840078940164537,0.5719547376843748,1.316938917268047,6.394736842105263,5.849841044843197,0.42694036742998986,0.0,0.0,0.0,0.0,0.0,0,0,0,0,0,0.0,0.30701754385964913,0.3611386794834398,0.36489281790703276,0.9760613167294604,0.5356097551711355,0.0,0.08771929824561403,0.04576488702661195
804,114,100.0,114,0,114,0,0,0.0,1.6383039240814714,1.6127450151285023,2.7249534378491997,1.284369889088172,0.5787022556704228,1.3607881278275114,6.394736842105263,5.849841044843197,0.4248613774201211,0.0,0.0,0.0,0.0,0.0,0,0,0,0,0,0.0,0.3157894736842105,0.3592499539297253,0.35241694718907096,0.9711354102662452,0.535790477440942,0.0,0.10526315789473684,0.04575831809015083
805,114,100.0,114,0,114,0,0,0.0,1.64441683526455,1.619161064838552,2.556969748226498,1.285010970991122,0.5876724293839501,1.3757521998179914,6.394736842105263,5.849841044843197,0.42027906310201546,0.0,0.0,0.0,0.0,0.0,0,0,0,0,0,0.0,0.2894736842105263,0.3464828666823628,0.3581485234078644,0.9838477315978734,0.5359110237580875,0.0,0.08771929824561403,0.045807633782211137
806,114,100.0,114,0,112,2,0,0.0,1.6317755722857556,1.6070342473720873,2.4779616944953284,1.2850470309853124,0.5870648486259855,1.3754975969886563,6.394736842105263,5.849841044843197,0.41714810655780976,0.15578982271880346,0.07555056311188729,0.0,0.15578982271880346,-0.01199617906666628,0,0,0,2,0,0.5,0.2982456140350877,0.3413651829761205,0.3487265255503113,0.9611255446428566,0.5350060839504667,0.0,0.12280701754385964,0.04574548219348762
807,114,100.0,114,0,114,0,0,0.0,1.6254138515724132,1.6010721059829538,2.2987121192877935,1.2848019608918555,0.5913007885877873,1.3947415694681597,6.394736842105263,5.849841044843197,0.412915341421773,0.0,0.0,0.0,0.0,0.0,0,0,0,0,0,0.0,0.30701754385964913,0.3306293607823363,0.36478505700366115,0.9772558113562373,0.5279389383023171,0.0,0.10526315789473684,0.04570650548446307
808,114,100.0,114,0,113,1,0,0.0,1.6260312445735097,1.601643076186598,2.318148137567964,1.2845979476887759,0.5859854852967676,1.400431495253015,6.394736842105263,5.849841044843197,0.41309251239547784,0.015410378593659473,0.06700056451270267,0.0,0.015410378593659473,0.003046813754313926,0,0,0,1,0,1.0,0.2982456140350877,0.33146661227069396,0.3689298467364738,0.9786138452845558,0.528965655394646,0.0,0.10526315789473684,0.045703625225423226
809,114,100.0,114,0,114,0,0,0.0,1.6261562804943621,1.6018834692889585,2.3602362312919793,1.2844171190252835,0.5818026599299496,1.3641045031722576,6.394736842105263,5.849841044843197,0.4138620117629572,0.0,0.0,0.0,0.0,0.0,0,0,0,0,0,0.0,0.2982456140350877,0.33394301564001677,0.36670030690891736,0.9614256063853366,0.5327376528411948,0.0,0.19298245614035087,0.04569896131033858
810,114,100.0,114,0,114,0,0,0.0,1.612679383962877,1.588396602886355,2.197424234960532,1.283615700353983,0.6057359650034635,1.399899803762303,6.394736842105263,5.849841044843197,0.41107929834070633,0.0,0.0,0.0,0.0,0.0,0,0,0,0,0,0.0,0.30701754385964913,0.3253689176033987,0.3843527213086642,0.9720779327478245,0.5212417828189269,0.0,0.14035087719298245,0.045608135968493765
811,114,100.0,114,0,114,0,0,0.0,1.6233881639772434,1.59857887889958,2.3036307727391203,1.2833376809702735,0.5919497502733367,1.3904575004009105,6.394736842105263,5.849841044843197,0.41323902561129744,0.0,0.0,0.0,0.0,0.0,0,0,0,0,0,0.0,0.2982456140350877,0.33107678401329343,0.37634424722337395,0.9791316734107222,0.5249741730673195,0.0,0.14035087719298245,0.04565354802255517
812,114,100.0,114,0,114,0,0,0.0,1.622141659943081,1.597842042172552,2.213523217388743,1.2830414422567524,0.5926247789730845,1.3901365066907097,6.394736842105263,5.849841044843197,0.4099056832076433,0.0,0.0,0.0,0.0,0.0,0,0,0,0,0,0.0,0.2807017543859649,0.32343244237779323,0.3755592374641558,0.9875048865420522,0.5241571816420856,0.0,0.10526315789473684,0.04563865075545722
813,114,100.0,114,0,113,1,0,0.0,1.6190983294529342,1.5943751748022887,2.2981434286597833,1.2826002880527685,0.601927286589877,1.403606090460797,6.394736842105263,5.849841044843197,0.40993356785166246,0.018947169649675008,0.06897532493237607,0.0,0.018947169649675008,0.0015410638292221446,0,0,0,1,0,1.0,0.2894736842105263,0.3271333831878996,0.3768260392797523,0.9873656998342029,0.5174190043033148,0.0,0.10526315789473684,0.04561053069315863
814,114,100.0,114,0,113,1,0,0.0,1.6209520670608053,1.596166790953263,2.288875508480792,1.2822687860260529,0.603617387235703,1.3647973691531698,6.394736842105263,5.849841044843197,0.40892881194609254,0.28965176193786824,0.08168529899455361,0.0,0.28965176193786824,-0.015168952898381494,0,0,0,1,0,0.0,0.30701754385964913,0.3259428175065271,0.38258614201222424,0.9735604193255781,0.5143405926464694,0.0,0.14035087719298245,0.045610103210386346
815,113,99.12280701754386,114,1,113,0,0,0.008771929824561403,1.6169383747942878,1.5918911945504344,2.246194168675158,1.2817962127145974,0.5993314274398065,1.392042533402811,6.394736842105263,5.849841044843197,0.40533631470595943,0.30564501848755643,0.08329232085211002,0.0,0.30564501848755643,-0.025334875719698835,0,1,0,0,0,0.0,0.3157894736842105,0.3209246157141902,0.37036728118188,0.9914036258697129,0.5175030716245586,0.008771929824561403,0.08771929824561403,0.0455762123552835
816,113,99.12280701754386,114,0,114,0,0,0.0,1.6223754570908253,1.5969160063276897,2.402498240140389,1.2815468101438359,0.5965590889360033,1.3663427293089752,6.394736842105263,5.849841044843197,0.40571057404606514,0.0,0.0,0.0,0.0,0.0,0,0,0,0,0,0.0,0.30701754385964913,0.3286416582052281,0.3683078829346705,0.9864532491015257,0.5142160204434897,0.0,0.08771929824561403,0.04559610293979054
817,113,99.12280701754386,114,0,114,0,0,0.0,1.6152559708576923,1.5902323104060132,2.422209674342354,1.2809992087571542,0.5949482076959655,1.3567563973314365,6.394736842105263,5.849841044843197,0.4043885113907375,0.0,0.0,0.0,0.0,0.0,0,0,0,0,0,0.0,0.3157894736842105,0.32920501616540687,0.3645985403692163,0.987984025901719,0.5106593096930586,0.0,0.08771929824561403,0.04554448860328476
818,113,99.12280701754386,114,0,114,0,0,0.0,1.631549791169679,1.6062118720982592,2.625995889500772,1.2812314643480802,0.559070092782401,1.3215346060955737,6.394736842105263,5.849841044843197,0.40915397740738046,0.0,0.0,0.0,0.0,0.0,0,0,0,0,0,0.0,0.3157894736842105,0.34074671189503747,0.35744307069066045,0.9883373493136912,0.5182321111652716,0.0,0.08771929824561403,0.045632750996288156
819,113,99.12280701754386,114,0,114,0,0,0.0,1.6359094233863958,1.6107177338867433,2.5940022646689287,1.2816610019579808,0.54728348502787,1.3088686308784903,6.394736842105263,5.849841044843197,0.4102744270602201,0.0,0.0,0.0,0.0,0.0,0,0,0,0,0,0.0,0.30701754385964913,0.34042258533114145,0.3613729886000542,0.9818102868228223,0.5235499859947947,0.0,0.12280701754385964,0.04566711279107525
820,114,100.0,114,0,114,0,0,0.0,1.63225786748427,1.6069962460528335,2.494409338003314,1.2818912514022445,0.5639328575796482,1.3234634202113096,6.394736842105263,5.849841044843197,0.4069271473773597,0.0,0.0,0.0,0.0,0.0,0,0,0,0,0,0.0,0.3157894736842105,0.3347044988306894,0.37595791275860535,0.9868656234934496,0.5122729333045987,0.0,0.08771929824561403,0.04565558962481265
821,114,100.0,114,0,114,0,0,0.0,1.6411493506128723,1.615853973276031,2.441283917614672,1.2825225619902068,0.5674115185258344,1.317054444880413,6.394736842105263,5.849841044843197,0.40724057018762205,0.0,0.0,0.0,0.0,0.0,0,0,0,0,0,0.0,0.30701754385964913,0.329970526138468,0.37840938675863744,0.960825179622876,0.5154320576464871,0.0,0.12280701754385964,0.045718512373403186
822,114,100.0,114,0,114,0,0,0.0,1.6197050931561316,1.595131225051137,2.2766702529956184,1.2821471436472505,0.5797393647007387,1.3217414386622621,6.394736842105263,5.849841044843197,0.4015483481410942,0.0,0.0,0.0,0.0,0.0,0,0,0,0,0,0.0,0.3157894736842105,0.32010250241847765,0.37682083027612134,0.9872602342328554,0.5129513312239634,0.0,0.12280701754385964,0.045600310397961426
823,114,100.0,114,0,114,0,0,0.0,1.6370787630967174,1.6118000438772067,2.4487309175045797,1.2825737662049126,0.5703271043768562,1.320555583115718,6.394736842105263,5.849841044843197,0.4057693606694992,0.0,0.0,0.0,0.0,0.0,0,0,0,0,0,0.0,0.2894736842105263,0.32965031577540405,0.37100487774938323,0.9661938400169128,0.519850411387087,0.0,0.15789473684210525,0.04569965711840669
824,114,100.0,114,0,113,1,0,0.0,1.6198758540555425,1.5951501263016814,2.2646012166724936,1.2821962370512774,0.5622831200714172,1.3086792448004032,6.394736842105263,5.849841044843197,0.4021021130167235,0.018145145753342688,0.05064915551795071,0.0,0.018145145753342688,0.002598801087713598,0,0,0,1,0,1.0,0.30701754385964913,0.3193870317507274,0.3704892096907322,0.9631613086102712,0.5227985044742892,0.0,0.15789473684210525,0.045602600145508015
825,114,100.0,114,0,113,1,0,0.0,1.6168396442417032,1.5922317407105524,2.2720749010734864,1.2817042160185026,0.5526453588910032,1.3069703809968165,6.394736842105263,5.849841044843197,0.40296127120308856,0.00971474658461069,0.05038721758255141,0.0,0.00971474658461069,0.0009066198561965555,0,0,0,1,0,1.0,0.30701754385964913,0.32183496488892926,0.3694925657377951,0.9736334593822753,0.5261131276322243,0.0,0.15789473684210525,0.04557302787227656
826,114,100.0,114,0,113,1,0,0.0,1.6380581944717942,1.6125689824161225,2.5831627909563584,1.2821927344841975,0.5377826989141871,1.2908503193555825,6.394736842105263,5.849841044843197,0.40857544833231674,0.10791621855566003,0.05328709340877816,0.0,0.10791621855566003,0.008387423231114077,0,0,0,1,0,0.0,0.2894736842105263,0.3378650816346172,0.36248414328586326,0.9712061476772051,0.5280676272241501,0.0,0.15789473684210525,0.045693409400285934
827,114,100.0,114,0,113,1,0,0.0,1.6494688933289758,1.6233340603443658,2.6576629739367923,1.283156467353899,0.5422685627218905,1.2898535379707596,6.394736842105263,5.849841044843197,0.410185021175566,0.11256771919016205,0.0552700525770916,0.0,0.11256771919016205,0.0074185906108881206,0,0,0,1,0,0.0,0.2982456140350877,0.3414825832321923,0.3671007231363477,0.974353431855187,0.525636001265416,0.0,0.12280701754385964,0.04577865131505907
828,114,100.0,114,0,114,0,0,0.0,1.6617910516023633,1.6352690251784807,2.873999766356862,1.2846223645598687,0.5270633783349543,1.2794468152702592,6.394736842105263,5.849841044843197,0.41380354482526527,0.0,0.0,0.0,0.0,0.0,0,0,0,0,0,0.0,0.3333333333333333,0.3512912174999642,0.3525865393706572,0.972506856354908,0.5340052502175715,0.0,0.12280701754385964,0.04588313843464102
829,114,100.0,114,0,114,0,0,0.0,1.6490089682034266,1.6229383194409728,2.6754674681772896,1.285425447761128,0.5345284367803085,1.2783993999344274,6.394736842105263,5.849841044843197,0.41111664898393996,0.0,0.0,0.0,0.0,0.0,0,0,0,0,0,0.0,0.34210526315789475,0.3430956620140796,0.36223812493981883,0.9606087493551931,0.534009254798339,0.0,0.12280701754385964,0.045842717563012086
830,114,100.0,114,0,112,2,0,0.0,1.6512396018347597,1.6251877902898693,2.5651148382412323,1.2862868242468635,0.5467076762959248,1.2996577300475405,6.394736842105263,5.849841044843197,0.41125626695583084,0.015695336396357586,0.06028104248422546,0.0,0.015695336396357586,-0.0009883836429785964,0,0,0,2,0,1.0,0.32456140350877194,0.3399429875539805,0.39003131932022145,0.9364487228674008,0.5295025440829298,0.0,0.15789473684210525,0.04587906530877535
831,114,100.0,114,0,112,2,0,0.0,1.6585900542707586,1.632093690033357,2.571331498259608,1.287420998903554,0.5477733972092733,1.3115556078987787,6.394736842105263,5.849841044843197,0.4117566115273248,0.034677590265711475,0.06190377643118916,0.0,0.034677590265711475,-0.0008468391692429411,0,0,1,1,0,0.5,0.2719298245614035,0.3398409323305301,0.39195053209053043,0.967382566836982,0.5234018268120573,0.0,0.08771929824561403,0.045948991278248995
832,114,100.0,114,0,112,2,0,0.0,1.6596091071331203,1.6329655516616004,2.460230904743676,1.2885296281611638,0.5547876956110807,1.3158072574725463,6.394736842105263,5.849841044843197,0.4109317064524356,0.05764786136178321,0.04995007997073676,0.0,0.05764786136178321,0.001375811520703235,0,0,0,2,0,0.5,0.2807017543859649,0.33280390367178986,0.3921473981776317,0.9495643956853443,0.5269576165468066,0.0,0.08771929824561403,0.04598651306723419
833,114,100.0,114,0,112,2,0,0.0,1.6618076087972486,1.635166316038724,2.4147029097800443,1.2896763973436938,0.5434232500624142,1.2876418119233144,6.394736842105263,5.849841044843197,0.4095980976274929,0.04704711227527762,0.05270353746327053,0.0,0.04704711227527762,0.0027873523240859455,0,0,0,2,0,0.5,0.2719298245614035,0.331268224806445,0.39972817662281684,0.9745714136965373,0.5241984494932939,0.0,0.05263157894736842,0.04603104766271946
834,114,100.0,114,0,111,3,0,0.0,1.65014168895073,1.6239769132934456,2.217508763043204,1.2902324325323216,0.5466134896191638,1.2797192511185707,6.394736842105263,5.849841044843197,0.40670512840792017,0.10489802979211928,0.057620263545141014,0.0,0.10489802979211928,0.0052993208827453175,0,0,0,3,0,0.0,0.2807017543859649,0.3203196080863342,0.39566234165976183,0.968209267238896,0.527956702470209,0.0,0.08771929824561403,0.045988981650830936
835,114,100.0,114,0,111,3,0,0.0,1.6430377224128996,1.6169793288733894,2.291351871462453,1.2904284624938196,0.5599967113551397,1.3261535614526654,6.394736842105263,5.849841044843197,0.40753542684217314,0.13544136272930657,0.060187196616500314,0.0,0.13544136272930657,0.006645720671750695,0,0,0,3,0,0.3333333333333333,0.30701754385964913,0.3247206879593832,0.39179125190030917,0.9706759921368562,0.5292986825656463,0.0,0.12280701754385964,0.04595919553871573
836,114,100.0,114,0,111,3,0,0.0,1.6314122614937558,1.606097341107966,1.991328226675352,1.2901037618247322,0.5974846554011658,1.3503534393291852,6.394736842105263,5.849841044843197,0.40014561711623076,0.11250544051234378,0.04225832181802124,0.0,0.11250544051234378,0.008848315604674232,0,0,0,3,0,0.3333333333333333,0.30701754385964913,0.30395218622825493,0.40915571571058623,0.9826156041652352,0.5178393206532965,0.0,0.08771929824561403,0.045891570997613436
837,114,100.0,114,0,111,3,0,0.0,1.629199633865336,1.6038907958745814,1.9565980598432935,1.28969479211767,0.6022894660232353,1.3568415888617056,6.394736842105263,5.849841044843197,0.4000081885063693,0.04277732981216501,0.05350475912849761,0.0,0.04277732981216501,0.004097341210497559,0,0,0,3,0,0.6666666666666666,0.3157894736842105,0.3022974023242321,0.41422662482392353,0.9776252508548116,0.5128347104814945,0.0,0.08771929824561403,0.04586854582057898
838,114,100.0,114,0,111,3,0,0.0,1.6190160020236821,1.593898769424263,1.9479100676644157,1.28884213235679,0.5971032906677555,1.3429672387535034,6.394736842105263,5.849841044843197,0.39972493883616744,0.044011648931227575,0.04807260537666197,0.0,0.044011648931227575,0.005465312254256301,0,0,0,3,0,0.3333333333333333,0.30701754385964913,0.30281995196548483,0.4095083385637259,0.9703460891414548,0.5116252086255391,0.0,0.08771929824561403,0.0457926880410383
839,114,100.0,114,0,111,3,0,0.0,1.618858408639462,1.594080031430333,1.9528942275408028,1.288047834667959,0.5788221841419909,1.321009669859437,6.394736842105263,5.849841044843197,0.40062770567143713,0.07563730547255916,0.04298694159530029,0.0,0.07563730547255916,0.010316204307619795,0,0,1,2,0,0.3333333333333333,0.30701754385964913,0.3036130237695435,0.3970836159508398,0.9611948908851474,0.5222908660725362,0.0,0.08771929824561403,0.04576866749800746
840,113,99.12280701754386,114,1,112,1,0,0.008771929824561403,1.6068240294072487,1.5874106086399031,1.8221043883496542,1.286769624965918,0.5956686288914645,1.3271751827105227,6.394736842105263,5.849841044843197,0.39616419799880753,0.16295861204752576,0.06086782715093102,0.0,0.16295861204752576,0.00768753234403069,0,1,0,1,0,0.5,0.2807017543859649,0.29369067361662177,0.40484584502440374,0.9839054820497748,0.5117191489177093,0.008771929824561403,0.08771929824561403,0.04567110898395182
841,112,98.24561403508773,114,1,109,3,1,0.008771929824561403,1.586731184281668,1.5647229333070156,1.6333310141372426,1.2848780702201243,0.6249645335884779,1.3577188929224224,6.394736842105263,5.849841044843197,0.3875274929483963,0.4413210478643431,0.09708841272950723,0.6,0.327668905982067,-0.009471686833838,1,1,0,3,0,0.0,0.3157894736842105,0.2782804586387451,0.4102384708756549,0.9858247813318972,0.4999339202259864,0.008771929824561403,0.07017543859649122,0.04551531828537135
842,112,98.24561403508773,114,0,113,1,0,0.0,1.5973940203162353,1.5751548335385503,1.6639819043732784,1.283429988669934,0.6213406325828509,1.3564021036034906,6.394736842105263,5.849841044843197,0.39001624066987994,0.010040080458490322,0.04529328319367447,0.0,0.010040080458490322,0.006235071187244534,0,0,0,1,0,1.0,0.2807017543859649,0.28071262534123936,0.40996896070659955,0.9811658709691389,0.501217659899406,0.0,0.10526315789473684,0.045526277231101274
843,112,98.24561403508773,114,0,113,1,0,0.0,1.6028386058974606,1.5811115806088207,1.7635318727455596,1.2823453857766731,0.6101536401093433,1.3566570295587064,6.394736842105263,5.849841044843197,0.390165749684918,0.019399561247019526,0.03871438118798509,0.0,0.019399561247019526,0.013938287757095436,0,0,0,1,0,1.0,0.30701754385964913,0.2862115496630015,0.3968317074153261,0.9880580241487533,0.5049283279592732,0.0,0.07017543859649122,0.04552177638639564
844,112,98.24561403508773,114,0,113,1,0,0.0,1.5913762744779898,1.5695406841715616,1.74958018133237,1.2807827271894008,0.6144212625181826,1.3625989377383336,6.394736842105263,5.849841044843197,0.38699060153573184,0.009537096670150964,0.032401472234366895,0.0,0.009537096670150964,0.010644004381772432,0,0,0,1,0,1.0,0.2719298245614035,0.28445119973955885,0.39254042221964197,0.9886201550747427,0.4989347993442681,0.0,0.03508771929824561,0.04541875820758377
845,113,99.12280701754386,114,0,113,1,0,0.0,1.602286838053774,1.5803202513678032,1.760406927741919,1.2798159516825998,0.608506525797295,1.3488179943049496,6.394736842105263,5.849841044843197,0.38539085344840984,0.037033215805636954,0.033973107892682534,0.0,0.037033215805636954,0.014441717759508976,0,0,0,1,0,1.0,0.2631578947368421,0.2825894887777497,0.3898962172202875,0.9938123903814481,0.5029070632730916,0.0,0.03508771929824561,0.04544503361025852
846,114,100.0,114,0,113,1,0,0.0,1.5877033771186226,1.5664039263661216,1.6915877481104222,1.2782544646927008,0.6049116833733391,1.3513666344449453,6.394736842105263,5.849841044843197,0.38300590792018396,0.04306419955130214,0.031233068387478108,0.0,0.04306419955130214,0.016219701301506684,0,0,0,1,0,1.0,0.2719298245614035,0.2781531188121436,0.3863332421680872,0.989827502113767,0.5021832717966225,0.0,0.03508771929824561,0.04532644405216026
847,114,100.0,114,0,113,1,0,0.0,1.5785046650302685,1.5573518637143562,1.6378266588893076,1.2763606971885209,0.6104657431076356,1.3550532291466895,6.394736842105263,5.849841044843197,0.3839350065606495,0.13812197598993836,0.08290627012609521,0.0,0.13812197598993836,-0.03604253065896057,0,0,0,1,0,0.0,0.2982456140350877,0.27655125646332546,0.3882827223878568,0.9909775254658181,0.5048135076904696,0.0,0.03508771929824561,0.04522505929734179
848,114,100.0,114,0,110,4,0,0.0,1.5872676115266577,1.5659234525220098,1.7276053161793115,1.2749788515293068,0.6000870788904286,1.3518050664729653,6.394736842105263,5.849841044843197,0.38567911623166884,0.10245894621531955,0.05657588744083521,0.0,0.10245894621531955,0.001837775242809106,0,0,0,4,0,0.25,0.2894736842105263,0.2824362146766295,0.3834776008981731,0.9913582991576833,0.5091433277578453,0.0,0.03508771929824561,0.04522845614254919
849,113,99.12280701754386,114,1,113,0,0,0.008771929824561403,1.585337983415814,1.5617785970593363,1.7821531252390734,1.2735779381127168,0.593348837930244,1.3484018159735411,6.394736842105263,5.849841044843197,0.3893735043844899,0.1336169816449021,0.08282589590961681,0.0,0.1336169816449021,-0.03178975111763205,0,1,0,0,0,0.0,0.2982456140350877,0.2889594695459078,0.38584994697851444,0.9933492412365712,0.5137595876024925,0.008771929824561403,0.05263157894736842,0.04517783239797177
850,113,99.12280701754386,114,0,112,2,0,0.0,1.5887552315634397,1.5647087177688352,1.8237383517788643,1.2723020313943563,0.5990025256989792,1.3546014972866307,6.394736842105263,5.849841044843197,0.3924972883039861,0.04216066017116243,0.039861063939308994,0.0,0.04216066017116243,0.012640358748272879,0,0,0,2,0,0.5,0.2807017543859649,0.2932534120168328,0.39321456247093556,0.985812682664651,0.5158475299087862,0.0,0.05263157894736842,0.045157599381257615
851,113,99.12280701754386,114,0,113,1,0,0.0,1.6041885674346452,1.5797554170200152,1.9467191280959997,1.271804929581852,0.583126179422482,1.3525889033782132,6.394736842105263,5.849841044843197,0.3927157937364385,0.02483421843593859,0.028911591974372312,0.0,0.02483421843593859,0.015145642203922005,0,0,0,1,0,1.0,0.2719298245614035,0.2987020326170862,0.38769265176474915,0.9886516279216208,0.5128724018823142,0.0,0.017543859649122806,0.045220226227682375
852,113,99.12280701754386,114,0,112,2,0,0.0,1.5903047978545488,1.5662358957915012,1.8177434014475675,1.2707042110336966,0.6012384323390436,1.3781645609779822,6.394736842105263,5.849841044843197,0.3861710325567578,0.03226308348629946,0.039215058738374914,0.0,0.03226308348629946,0.011210279276493762,0,0,0,2,0,0.5,0.2719298245614035,0.28791798241384453,0.39744521887961226,0.985197540032213,0.4998256248152837,0.0,0.05263157894736842,0.045118612237072794
853,113,99.12280701754386,114,0,112,2,0,0.0,1.5799804967754776,1.555913422411707,1.7800291926922809,1.269184804143268,0.624137607013665,1.39053105646734,6.394736842105263,5.849841044843197,0.3859047288722539,0.026282040044501437,0.03825113790058731,0.0,0.026282040044501437,0.01029328622386369,0,0,0,2,0,1.0,0.2807017543859649,0.2869708409897441,0.4112363812947992,0.9954654877652077,0.49471681282819563,0.0,0.03508771929824561,0.04502254928772021
854,114,100.0,114,0,112,2,0,0.0,1.5770905676777796,1.5530872929555417,1.8425298030547688,1.2676220208760283,0.6215741583156156,1.3950388213233051,6.394736842105263,5.849841044843197,0.3859784763370342,0.04506925243616201,0.05074117586020349,0.0,0.04506925243616201,0.0066866280261430044,0,0,0,2,0,0.5,0.2631578947368421,0.2909485705451924,0.40726743823273065,0.9860227207239258,0.49348181631095367,0.0,0.07017543859649122,0.04496238947372724
855,113,99.12280701754386,114,1,112,1,0,0.008771929824561403,1.561904342460985,1.538543546079135,1.6475964948186284,1.265468848847347,0.6471908164996567,1.4141917587441626,6.394736842105263,5.849841044843197,0.3802083819312394,0.1263176773744434,0.051408717935938035,0.0,0.1263176773744434,0.013537910560770888,0,1,0,1,0,0.5,0.2807017543859649,0.2773192790782931,0.419044446534271,0.9871955704721184,0.4868699403176465,0.008771929824561403,0.10526315789473684,0.044823479777093334
856,113,99.12280701754386,114,0,113,1,0,0.0,1.5540034514155672,1.5309415306870198,1.607968267741054,1.263087049545514,0.6419408035840013,1.4032236003121747,6.394736842105263,5.849841044843197,0.3824946433307599,0.0241760754218405,0.057297160413580024,0.0,0.0241760754218405,0.0077156655962625775,0,0,0,1,0,1.0,0.2807017543859649,0.27820338660803107,0.4300589244527303,0.9851197324364394,0.48997411520292433,0.0,0.10526315789473684,0.04471430958528404
857,113,99.12280701754386,114,0,113,1,0,0.0,1.5753355140298981,1.551638260997623,1.7341680155248136,1.2618131623765656,0.6295126519102717,1.396887252607789,6.394736842105263,5.849841044843197,0.38628438243862573,0.06476167055179616,0.05107001075421512,0.0,0.06476167055179616,0.009783203005447882,0,0,0,1,0,0.0,0.2894736842105263,0.28604027552620814,0.4262645848891974,0.9851197324364394,0.4927680965385543,0.0,0.10526315789473684,0.04478370971111863
858,113,99.12280701754386,114,0,113,1,0,0.0,1.5781051181042616,1.5541647902680382,1.772633813874565,1.2607320339391082,0.6113612861309833,1.3914214942780587,6.394736842105263,5.849841044843197,0.38902888073200725,0.057714007202427794,0.027592397556424633,0.0,0.057714007202427794,0.017548346529562442,0,0,0,1,0,0.0,0.2807017543859649,0.2907933028082731,0.42585521816699023,0.9870524092282784,0.4971647153228929,0.0,0.08771929824561403,0.044765935583949513
859,113,99.12280701754386,114,0,113,1,0,0.0,1.573962197227019,1.5502330201405379,1.7322549168980952,1.2595301479545666,0.627826175307256,1.3982385210011226,6.394736842105263,5.849841044843197,0.3862870063024426,0.02428857363718888,0.040240021387942485,0.0,0.02428857363718888,0.0012515545554579455,0,0,0,1,0,1.0,0.2982456140350877,0.2860577490905004,0.42852824897967684,0.9957886141379657,0.4941172260794242,0.0,0.05263157894736842,0.04471006676974534
860,114,100.0,114,0,113,1,0,0.0,1.589201371732963,1.5644053234456359,2.0101707256136745,1.2590618161622538,0.6103411596282785,1.4012471281487138,6.394736842105263,5.849841044843197,0.3937225751951392,0.03088833001030586,0.04180202514602306,0.0,0.03088833001030586,0.0005943042983626579,0,0,0,1,0,1.0,0.2894736842105263,0.3054395952175772,0.41693145836790096,0.9957886141379657,0.49537319306137595,0.0,0.05263157894736842,0.04477256430956868
861,114,100.0,114,0,113,1,0,0.0,1.6027901386968388,1.5777061366334832,2.077332425218917,1.2592433421786824,0.5875798098916027,1.380329289386459,6.394736842105263,5.849841044843197,0.3966110205765281,0.03996763430592305,0.04109721665440567,0.0,0.03996763430592305,0.0019083354790300766,0,0,0,1,0,1.0,0.2894736842105263,0.3102964410091304,0.42145333443154326,0.9936843393391908,0.49892100111096377,0.0,0.05263157894736842,0.04484581763609611
862,114,100.0,114,0,113,1,0,0.0,1.5978932525517617,1.5729619800447214,2.0215055732405616,1.2591922287162063,0.590662033534673,1.3817516783728052,6.394736842105263,5.849841044843197,0.39504708725450843,0.057082449337555685,0.04107262946033831,0.0,0.057082449337555685,0.002960744067529608,0,0,0,1,0,0.0,0.2982456140350877,0.30700958927499356,0.4155672619437178,0.9828210571431238,0.4977084695469293,0.0,0.10526315789473684,0.04481983817721704
863,114,100.0,114,0,113,1,0,0.0,1.5838528921066968,1.5588573516931719,1.922446637572495,1.258484026639212,0.6122352423909633,1.3950085445544227,6.394736842105263,5.849841044843197,0.3959196753377061,0.06711857115483924,0.042373812032240096,0.0,0.06711857115483924,0.003396773538375808,0,0,0,1,0,0.0,0.30701754385964913,0.30422518024340056,0.4326010175370067,0.9795896445168738,0.49296805575128333,0.0,0.10526315789473684,0.04472892202710149
864,114,100.0,114,0,113,1,0,0.0,1.5784263645964,1.553515106780663,1.8777674761469547,1.257567242989512,0.6181779822792492,1.3932178518194798,6.394736842105263,5.849841044843197,0.39459232026327706,0.022787410797331167,0.039453312773939486,0.0,0.022787410797331167,0.0012242919814911546,0,0,0,1,0,1.0,0.2807017543859649,0.30193491737046824,0.4375323762138318,0.9857339760463215,0.49170236001396495,0.0,0.10526315789473684,0.04467497419643373
865,114,100.0,114,0,113,1,0,0.0,1.5907241321774632,1.5663822138436332,1.8835998505834692,1.2573062539742472,0.6100907115708264,1.3864094853257407,6.394736842105263,5.849841044843197,0.39382249671284186,0.09186046459649333,0.04327973079042853,0.0,0.09186046459649333,0.0037905849342704245,0,0,1,0,0,0.0,0.2807017543859649,0.29925650904309503,0.4352529192989484,0.9825025634200714,0.4903556328840486,0.0,0.10526315789473684,0.044728829313070304
866,114,100.0,114,0,113,1,0,0.0,1.604053878533828,1.579151347388861,2.02653915208025,1.2576581116136796,0.5978678516500465,1.375175226002765,6.394736842105263,5.849841044843197,0.39877716797116936,0.041330074818096245,0.04166676129225493,0.0,0.041330074818096245,0.0003460010432760341,0,0,0,1,0,1.0,0.2719298245614035,0.30957738055082007,0.43457591688182057,0.9874562384256897,0.4929564609101628,0.0,0.08771929824561403,0.04480576960115759
867,113,99.12280701754386,114,1,113,0,0,0.008771929824561403,1.614776326754125,1.5969187077117377,2.110400931726046,1.258485591047676,0.582023193546271,1.370687850706856,6.394736842105263,5.849841044843197,0.40416556913016266,0.09642027765417432,0.044268034555710406,0.0,0.09642027765417432,0.0012364179273307574,0,1,0,0,0,0.0,0.2894736842105263,0.3164651108407048,0.4384662061249887,0.989200487393698,0.4977334205068422,0.008771929824561403,0.07017543859649122,0.04488358495804285
868,112,98.24561403508773,114,1,113,0,0,0.008771929824561403,1.610081546581707,1.5881953876302726,2.1082278485008676,1.2593720274708877,0.5878599235539687,1.386023073480264,6.394736842105263,5.849841044843197,0.4049130742178677,0.9552855331356775,0.14100354055698433,1.0,0.044714466864322455,0.021483149278758162,0,1,0,0,0,1.0,0.3157894736842105,0.3182212509548843,0.4284942769383672,0.9794224137667566,0.4986291877298726,0.008771929824561403,0.10526315789473684,0.0448860386180415
869,112,98.24561403508773,114,0,114,0,0,0.0,1.587608911200766,1.5657671551963972,2.036754416209261,1.2589766774697035,0.6174130658343293,1.4132784832564806,6.394736842105263,5.849841044843197,0.40357858465530705,0.0,0.0,0.0,0.0,0.0,0,0,0,0,0,0.0,0.2982456140350877,0.3159430867145662,0.42728628375430294,0.9844246058987293,0.49391313483362553,0.0,0.07017543859649122,0.04476211176781677
870,112,98.24561403508773,114,0,114,0,0,0.0,1.5921423550786413,1.5704659195164314,1.9801580849005995,1.258824351010195,0.6310249514520655,1.418580393573401,6.394736842105263,5.849841044843197,0.40394824795710815,0.0,0.0,0.0,0.0,0.0,0,0,0,0,0,0.0,0.3157894736842105,0.3125653293360907,0.44174471679115507,0.9883381442452975,0.4907536932356141,0.0,0.07017543859649122,0.0447803235593309
871,112,98.24561403508773,114,0,114,0,0,0.0,1.5795566309929507,1.5583822812917876,1.9150431550795257,1.258115436503576,0.644954475103819,1.4074188415959166,6.394736842105263,5.849841044843197,0.40014813162784657,0.0,0.0,0.0,0.0,0.0,0,0,0,0,0,0.0,0.30701754385964913,0.3067570087673447,0.4375302466403846,0.9917016968063566,0.4892216531654617,0.0,0.07017543859649122,0.04469665975301193
872,113,99.12280701754386,114,0,114,0,0,0.0,1.5812740759254595,1.5602209544940513,1.9605607632851898,1.2575340399364718,0.6302838840132067,1.3883604946101162,6.394736842105263,5.849841044843197,0.40292801685644974,0.0,0.0,0.0,0.0,0.0,0,0,0,0,0,0.0,0.30701754385964913,0.3111242992559268,0.4247957881983814,0.984169825562929,0.49644441073280793,0.0,0.05263157894736842,0.044688241590166586
873,114,100.0,114,0,114,0,0,0.0,1.5796442360265532,1.5586924722329092,1.9970002825696676,1.2569151231182425,0.6336857035786666,1.3914557045619165,6.394736842105263,5.849841044843197,0.4009054352366803,0.0,0.0,0.0,0.0,0.0,0,0,0,0,0,0.0,0.2982456140350877,0.3113829088482358,0.41586532870444287,0.9900197241793313,0.4935896372661976,0.0,0.08771929824561403,0.044661989565638945
874,114,100.0,114,0,114,0,0,0.0,1.6027225791591528,1.5811951592384688,2.12114910297223,1.2573855090865949,0.614629433392487,1.3731817136987612,6.394736842105263,5.849841044843197,0.4053825730214362,0.0,0.0,0.0,0.0,0.0,0,0,0,0,0,0.0,0.30701754385964913,0.31889969732217577,0.40705888095011183,0.9892363677569053,0.500540897512408,0.0,0.08771929824561403,0.044791139697024876
875,114,100.0,114,0,114,0,0,0.0,1.6091071997734836,1.5878838360965484,2.063887718592524,1.2581413997948616,0.6055619000776773,1.3571333243296964,6.394736842105263,5.849841044843197,0.4076810930299921,0.0,0.0,0.0,0.0,0.0,0,0,0,0,0,0.0,0.3157894736842105,0.31696098607182893,0.4204131495326249,0.9848477005991969,0.5056714340494536,0.0,0.10526315789473684,0.0448451720025497
876,114,100.0,114,0,114,0,0,0.0,1.573505394375484,1.5533998384711267,1.7929532728609454,1.2572392648606268,0.6287334501311231,1.3738254087359711,6.394736842105263,5.849841044843197,0.4000440484822392,0.0,0.0,0.0,0.0,0.0,0,0,0,0,0,0.0,0.3157894736842105,0.2999622483436287,0.4224184437317823,0.984858490285384,0.4993138248145409,0.0,0.10526315789473684,0.04464077624572833
877,114,100.0,114,0,114,0,0,0.0,1.56694161967875,1.5461480221132635,1.7419503947940107,1.2560505276022156,0.6393116398383544,1.3949943705784538,6.394736842105263,5.849841044843197,0.39900500515046433,0.0,0.0,0.0,0.0,0.0,0,0,0,0,0,0.0,0.30701754385964913,0.2980885475047284,0.4387860158293546,0.9784617122165739,0.4886131195305756,0.0,0.14035087719298245,0.04457318775221572
878,114,100.0,114,0,114,0,0,0.0,1.5772549713815616,1.5558788986347707,1.8970080065131798,1.255386722230884,0.627484420687444,1.3965429172217165,6.394736842105263,5.849841044843197,0.39986089955554527,0.0,0.0,0.0,0.0,0.0,0,0,0,0,0,0.0,0.2982456140350877,0.3063272340535561,0.42335600734419476,0.975604278010289,0.48708131863845,0.0,0.14035087719298245,0.044605338731194766
879,114,100.0,114,0,114,0,0,0.0,1.577836608750565,1.5563622126718848,1.869231143789546,1.2547843669009582,0.6362663944863426,1.426076349990211,6.394736842105263,5.849841044843197,0.39819792390147213,0.0,0.0,0.0,0.0,0.0,0,0,0,0,0,0.0,0.3157894736842105,0.30349005723538763,0.42648140244791455,0.9840595450289396,0.48499986459197475,0.0,0.10526315789473684,0.044590628503376875
880,114,100.0,114,0,113,1,0,0.0,1.5843713637607677,1.5627612267635018,1.9331511115651028,1.2545167141225952,0.6277188630634614,1.4158974973367373,6.394736842105263,5.849841044843197,0.40160645309591514,0.0645289491422689,0.06647644601705587,0.0,0.0645289491422689,-0.028026724256493885,0,0,0,1,0,0.0,0.2982456140350877,0.3088869115126761,0.41822171016016185,0.9826671237891346,0.4884829727287808,0.0,0.14035087719298245,0.04461547364738472
881,114,100.0,114,0,113,1,0,0.0,1.5787394555345313,1.5571009428918872,1.831166748882484,1.2539998245189774,0.6279782367343159,1.4172961371390762,6.394736842105263,5.849841044843197,0.399638331004847,0.062328448737492735,0.06682960385751989,0.0,0.062328448737492735,-0.028044632389213175,0,0,0,1,0,0.0,0.2982456140350877,0.3026413202381201,0.43054816056931544,0.987308012274915,0.4841538769877223,0.0,0.10526315789473684,0.04457219549615907
882,114,100.0,114,0,114,0,0,0.0,1.5776743685541021,1.5560877622417064,1.8155555323688317,1.2534657565695226,0.636190138244021,1.4161208344036178,6.394736842105263,5.849841044843197,0.4006340585177126,0.0,0.0,0.0,0.0,0.0,0,0,0,0,0,0.0,0.2894736842105263,0.30279716845417987,0.4387868932321774,0.9923285370394541,0.48312521889369725,0.0,0.10526315789473684,0.044551248998199636
883,114,100.0,114,0,113,1,0,0.0,1.579505720010584,1.558188571897838,1.7567964901550714,1.2530612459666128,0.6362629201315168,1.4034003083793278,6.394736842105263,5.849841044843197,0.3960921236764654,0.0651859041889229,0.06492227004077608,0.0,0.0651859041889229,-0.02612776421173102,0,0,0,1,0,0.0,0.30701754385964913,0.2945508497412914,0.4344439071446803,0.9872957101820903,0.48220594664514066,0.0,0.10526315789473684,0.044548574141842164
884,114,100.0,114,0,114,0,0,0.0,1.572807140739719,1.5517187569666233,1.7569359657432637,1.2523776194794858,0.6289698657043881,1.3975900361806193,6.394736842105263,5.849841044843197,0.39663481166335135,0.0,0.0,0.0,0.0,0.0,0,0,0,0,0,0.0,0.2982456140350877,0.2968856790325572,0.43961419338859925,0.9928083573200066,0.4788478286055635,0.0,0.10526315789473684,0.044495085714069155
885,114,100.0,114,0,113,1,0,0.0,1.5803556356987938,1.5590740165694148,1.8293587095249204,1.2520782008513553,0.6292560257497886,1.386981815821576,6.394736842105263,5.849841044843197,0.3969203882061685,0.33714263427722424,0.08864724784689199,0.0,0.33714263427722424,-0.028413756235865062,0,0,0,1,0,0.0,0.30701754385964913,0.29962722185320784,0.4316792975427673,0.9910526928234118,0.4762097524122037,0.0,0.07017543859649122,0.04452407043196238
886,114,100.0,114,0,113,1,0,0.0,1.599374396273353,1.5778211409668765,1.8781497366781634,1.2526736393192135,0.6218863657946081,1.330195021698541,6.394736842105263,5.849841044843197,0.39971117504804243,0.325905705635655,0.0872130705108646,0.0,0.325905705635655,-0.019677962414961003,0,0,0,1,0,0.0,0.30701754385964913,0.3017722969298905,0.42769071893655003,0.9890711539125254,0.483551069385791,0.0,0.07017543859649122,0.04463658033677996
887,114,100.0,114,0,114,0,0,0.0,1.609370828442201,1.5874856013281053,1.9774359041499727,1.2536865300383606,0.6179546495083909,1.3273470085027093,6.394736842105263,5.849841044843197,0.40469199258112765,0.0,0.0,0.0,0.0,0.0,0,0,0,0,0,0.0,0.2719298245614035,0.3101278240065199,0.42893985384191047,0.9844570945914204,0.48615048804463,0.0,0.017543859649122806,0.04471618874613824
888,113,99.12280701754386,114,1,113,0,0,0.008771929824561403,1.598760410187591,1.576642197334267,1.8783491653458717,1.2541772476395365,0.6211809380346612,1.3403598163001589,6.394736842105263,5.849841044843197,0.4005747602735734,0.3111207301507679,0.08611239079840716,0.0,0.3111207301507679,-0.009805163374194903,0,1,0,0,0,0.0,0.2807017543859649,0.30365176899150814,0.43331249077191647,0.9899602095019984,0.4854960174516865,0.008771929824561403,0.07017543859649122,0.04467748975468912
889,113,99.12280701754386,114,0,114,0,0,0.0,1.596404534010754,1.5741942590984555,1.87707668580062,1.2544801617474794,0.6158790772588358,1.322004531504612,6.394736842105263,5.849841044843197,0.4025905385343336,0.0,0.0,0.0,0.0,0.0,0,0,0,0,0,0.0,0.3157894736842105,0.3058982568942443,0.43506865588429233,0.9962831676296489,0.48777611477776245,0.0,0.03508771929824561,0.04467457037071346
890,113,99.12280701754386,114,0,113,1,0,0.0,1.592068160535199,1.5702055925262857,1.701986897053185,1.2545786913381807,0.6262092155942833,1.3024305228961621,6.394736842105263,5.849841044843197,0.3984928296244843,0.3281830409664763,0.04546443581036348,0.0,0.3281830409664763,0.01596393245394767,0,0,0,1,0,0.0,0.2982456140350877,0.29344824493553745,0.45398081840551924,0.9953257320022393,0.4824848279394983,0.0,0.05263157894736842,0.04465577041555477
891,113,99.12280701754386,114,0,114,0,0,0.0,1.6038348254369603,1.582018188347015,1.7105804357397763,1.2552242715674702,0.6311191951311903,1.2876978135562216,6.394736842105263,5.849841044843197,0.3968702684855254,0.0,0.0,0.0,0.0,0.0,0,0,0,0,0,0.0,0.3157894736842105,0.29052480307205986,0.44519466744532254,0.9934207946535019,0.4836844346970092,0.0,0.03508771929824561,0.04473348644867876
892,113,99.12280701754386,114,0,114,0,0,0.0,1.6253903921060273,1.6030775704005578,1.8387683059403592,1.2568176386796561,0.6026381459862766,1.265182030128223,6.394736842105263,5.849841044843197,0.3994779568881577,0.0,0.0,0.0,0.0,0.0,0,0,0,0,0,0.0,0.3157894736842105,0.2975160294718161,0.44127672920324557,0.990272628012723,0.4882596000571693,0.0,0.07017543859649122,0.04488786900368593
893,114,100.0,114,0,114,0,0,0.0,1.6370092861809196,1.6134084534523645,1.9831020206321837,1.2588012685381653,0.6004429743246057,1.2650454887440894,6.394736842105263,5.849841044843197,0.40657896135869454,0.0,0.0,0.0,0.0,0.0,0,0,0,0,0,0.0,0.30701754385964913,0.3105185327886274,0.4451332041005862,0.9860980461423507,0.490932082581577,0.0,0.07017543859649122,0.04500398307088081
894,114,100.0,114,0,114,0,0,0.0,1.6514811773638736,1.6274283831589207,2.0913319291327808,1.2613249740849797,0.5849089451030289,1.2464373011811827,6.394736842105263,5.849841044843197,0.4110165833434125,0.0,0.0,0.0,0.0,0.0,0,0,0,0,0,0.0,0.2982456140350877,0.3178829127591575,0.43142268836287617,0.978513979487618,0.49997112919163156,0.0,0.07017543859649122,0.04515015890825985
895,114,100.0,114,0,114,0,0,0.0,1.6454994996625423,1.6212068025924549,2.095120455572561,1.2634098848099735,0.5970571720882669,1.2618082601007037,6.394736842105263,5.849841044843197,0.41125606695238304,0.0,0.0,0.0,0.0,0.0,0,0,0,0,0,0.0,0.2894736842105263,0.3194382037622764,0.43333784812542775,0.9885067794753687,0.5003330596168744,0.0,0.03508771929824561,0.045181232501422704
896,114,100.0,114,0,114,0,0,0.0,1.650111842370099,1.6258830334293182,2.1818241831709404,1.2655916732283052,0.5879932854145867,1.2585570478662484,6.394736842105263,5.849841044843197,0.4133637981303524,0.0,0.0,0.0,0.0,0.0,0,0,0,0,0,0.0,0.2719298245614035,0.32432521766385786,0.41534907296544077,0.9834194160971795,0.5042335275992091,0.0,0.07017543859649122,0.04526810979216409
897,114,100.0,114,0,114,0,0,0.0,1.6450167472919863,1.620733921276868,2.1320273792816633,1.2674048585913187,0.5879136436276035,1.2601270435352,6.394736842105263,5.849841044843197,0.4140642730026376,0.0,0.0,0.0,0.0,0.0,0,0,0,0,0,0.0,0.2807017543859649,0.32445613985084404,0.42223306535274674,0.9804276683471694,0.5043081768272818,0.0,0.07017543859649122,0.04529566854756585
898,114,100.0,114,0,114,0,0,0.0,1.632635185703572,1.6091120946138298,1.9871301635423957,1.2685680887837116,0.5942571953638066,1.270652248681797,6.394736842105263,5.849841044843197,0.40747403871623544,0.0,0.0,0.0,0.0,0.0,0,0,0,0,0,0.0,0.2719298245614035,0.3128207285662831,0.42962162236318385,0.976470172476225,0.4943323181497356,0.0,0.10526315789473684,0.04526778429824409
899,114,100.0,114,0,114,0,0,0.0,1.6354184231264222,1.6120240654872278,1.9209332756225717,1.2697995483927569,0.603515871292511,1.2728819216771472,6.394736842105263,5.849841044843197,0.4078337580083087,0.0,0.0,0.0,0.0,0.0,0,0,0,0,0,0.0,0.2807017543859649,0.3091795714231662,0.43525489464753075,0.9756071611169648,0.49659670917913806,0.0,0.10526315789473684,0.045317719700188636
900,114,100.0,114,0,113,1,0,0.0,1.6449894913444327,1.6215204520437774,1.8886037479707471,1.2714033883869909,0.6080034956023033,1.2623617443203123,6.394736842105263,5.849841044843197,0.40615192146142576,0.0073641376434276425,0.06736427760935942,0.0,0.0073641376434276425,-0.026106681654568753,0,0,0,1,0,1.0,0.2631578947368421,0.30463679125256904,0.4408468366880611,0.9773498815722477,0.4932861810329353,0.0,0.10526315789473684,0.04541248608641684
901,114,100.0,114,0,113,1,0,0.0,1.656234907893217,1.6324957650133778,1.9223061742998986,1.2734270369812652,0.6210635483568681,1.2707963020342097,6.394736842105263,5.849841044843197,0.4062081727170197,0.007989881781208037,0.0685386673625777,0.0,0.007989881781208037,-0.027085349216023014,0,0,0,1,0,1.0,0.2543859649122807,0.3045134862458008,0.4381554158284862,0.9876763366837904,0.49440053590030575,0.0,0.07017543859649122,0.04552790328219639
902,114,100.0,114,0,113,1,0,0.0,1.653971985423662,1.6306485312298693,1.9153413566292645,1.2752458571574188,0.6161131983516993,1.2811117523593465,6.394736842105263,5.849841044843197,0.40817100151047336,0.3488402568142494,0.038271390173087935,0.0,0.3488402568142494,0.017610697035628564,0,0,0,1,0,0.0,0.2543859649122807,0.30570484391952835,0.43149950641467116,0.9900327477235976,0.50190818149238,0.0,0.07017543859649122,0.04556978771444688
903,114,100.0,114,0,114,0,0,0.0,1.6517179724976505,1.6282672695674183,1.9443495171238003,1.2768468392266834,0.6148859892558206,1.2670670934793598,6.394736842105263,5.849841044843197,0.409918177137661,0.0,0.0,0.0,0.0,0.0,0,0,0,0,0,0.0,0.2631578947368421,0.3085560059726268,0.4278930387809588,0.9624948434886296,0.5033950334124166,0.0,0.10526315789473684,0.04560534510292103
904,114,100.0,114,0,114,0,0,0.0,1.6437377419901085,1.6203990633631171,1.9122343849726158,1.2779859443449142,0.6226752913046644,1.2786689585851856,6.394736842105263,5.849841044843197,0.40893515587465057,0.0,0.0,0.0,0.0,0.0,0,0,0,0,0,0.0,0.2631578947368421,0.30699427754505076,0.4264710173042484,0.9691477202812415,0.501246818447472,0.0,0.10526315789473684,0.04559876186975841
905,114,100.0,114,0,114,0,0,0.0,1.6379505894265198,1.6147076821120752,1.8180737779955132,1.278792064219241,0.6284717041274661,1.2788588646620052,6.394736842105263,5.849841044843197,0.4075390645008192,0.0,0.0,0.0,0.0,0.0,0,0,0,0,0,0.0,0.2631578947368421,0.30224447106400637,0.4437040792938384,0.9761662193028454,0.4974325914756088,0.0,0.10526315789473684,0.045593404472579965
906,114,100.0,114,0,112,2,0,0.0,1.6485794475460807,1.6246407680559165,2.0312699736181004,1.2800158831531392,0.6273326763645652,1.2901248582792462,6.394736842105263,5.849841044843197,0.41116480269741884,0.18491150245851884,0.04929230617726928,0.0,0.18491150245851884,0.00832873906200271,0,0,0,2,0,0.5,0.2543859649122807,0.31475780125264297,0.4275198553695287,0.9800537036839749,0.4976828987648042,0.0,0.07017543859649122,0.045682344494332644
907,113,99.12280701754386,114,1,111,2,0,0.008771929824561403,1.6494464765141719,1.6296007264191725,2.014670357504409,1.2812183563876733,0.6438681720755307,1.308596373918751,6.394736842105263,5.849841044843197,0.409979880315394,0.10567915932967968,0.062218997208641234,0.0,0.10567915932967968,-0.0007836776422801376,0,1,0,2,0,0.6666666666666666,0.2894736842105263,0.3123362171904965,0.42662021047123977,0.98628021501427,0.49295741893494877,0.008771929824561403,0.05263157894736842,0.04572185102558661
908,113,99.12280701754386,114,0,112,2,0,0.0,1.65825811365521,1.6383545549865097,2.018221397101208,1.282942028875769,0.6419033151075932,1.3368195748896696,6.394736842105263,5.849841044843197,0.40978977493514046,0.0040721823246603,0.0766790705288041,0.0,0.0040721823246603,-0.02272951990635852,0,0,0,2,0,1.0,0.2719298245614035,0.310959179242197,0.42315086738844776,0.9825765814055887,0.4937657840545113,0.0,0.08771929824561403,0.04581632526163545
909,113,99.12280701754386,114,0,112,2,0,0.0,1.6686549158299955,1.6482793371154776,2.088454516791207,1.2850293364460508,0.6431113251751625,1.3536078295156508,6.394736842105263,5.849841044843197,0.41418737083115587,0.005767521236952861,0.07725630417262308,0.0,0.005767521236952861,-0.021255523601820647,0,0,0,2,0,1.0,0.2719298245614035,0.3178677145467682,0.4340202473135595,0.9790911466356479,0.49335739139841456,0.0,0.08771929824561403,0.04592936135999861
910,112,98.24561403508773,114,1,111,2,0,0.008771929824561403,1.6719753481328556,1.6534205132482422,2.158301805499805,1.2871466029575536,0.663976238932953,1.372740204809723,6.394736842105263,5.849841044843197,0.41571122282033235,0.14504969301925405,0.08550413325765521,0.0,0.14504969301925405,-0.006324165400750241,0,1,1,1,0,0.3333333333333333,0.2807017543859649,0.3213956627406929,0.42469990868964963,0.9855308249857898,0.49340381598977223,0.008771929824561403,0.10526315789473684,0.04600789188422222
911,111,97.36842105263158,114,1,112,1,0,0.008771929824561403,1.6706455955357924,1.6473127712695876,2.013688320604282,1.2891652929220314,0.6900039056202651,1.3990106544178627,6.394736842105263,5.849841044843197,0.41219631642943355,0.04957973019288169,0.08589402562513097,0.0,0.04957973019288169,-0.020713638137301538,0,1,0,1,0,0.5,0.2894736842105263,0.31195329341006856,0.44109096463765607,0.964532278261714,0.4861644376099702,0.008771929824561403,0.12280701754385964,0.04606028819829198
912,112,98.24561403508773,114,0,113,1,0,0.0,1.6754385911060885,1.6518846856862082,2.0361306932259575,1.2910572751662064,0.6979483288244956,1.4054567263024442,6.394736842105263,5.849841044843197,0.41162590830616086,0.0011714082193064281,0.07897485690547136,0.0,0.0011714082193064281,-0.028145395661090755,0,0,0,1,0,1.0,0.2719298245614035,0.3114426219872035,0.43095652115729655,0.969693753273683,0.4869612613631739,0.0,0.08771929824561403,0.04613959215308391
913,112,98.24561403508773,114,0,113,1,0,0.0,1.669775194874273,1.6465047571878362,1.9388127958591612,1.2925868056441152,0.6854340341208178,1.3912960665209397,6.394736842105263,5.849841044843197,0.4112055793585623,0.0024289795699353697,0.07697272303156734,0.0,0.0024289795699353697,-0.029715844903864697,0,0,0,1,0,1.0,0.2807017543859649,0.30779959732281104,0.4389732176076635,0.9610154191188012,0.48892932228929065,0.0,0.08771929824561403,0.046156012722769875
914,112,98.24561403508773,114,0,113,1,0,0.0,1.665274218636415,1.6420491131991481,1.9327753380080892,1.2938183425476444,0.6846543227305549,1.393314923322084,6.394736842105263,5.849841044843197,0.4111557188499271,0.0026527162602367343,0.07838711482856778,0.0,0.0026527162602367343,-0.035864899510548165,0,0,0,1,0,1.0,0.2894736842105263,0.307931172235986,0.44095899414519457,0.9617531764565024,0.49231803317489553,0.0,0.08771929824561403,0.046169529317213104
915,113,99.12280701754386,114,0,113,1,0,0.0,1.6609363287344479,1.6378196117983013,1.790292967997096,1.294779901212757,0.6874985235191929,1.3988719261629914,6.394736842105263,5.849841044843197,0.41005857486798236,0.0008606279408436809,0.07737360489557324,0.0,0.0008606279408436809,-0.023818570352897805,0,0,0,1,0,1.0,0.2807017543859649,0.3013047930228978,0.4681879711599256,0.9662580210894522,0.4892246941455162,0.0,0.12280701754385964,0.046175964694434274
916,114,100.0,114,0,112,2,0,0.0,1.6609161349415773,1.6383678843285174,1.66238323930833,1.2957108686816161,0.6816316713011097,1.3751116954665168,6.394736842105263,5.849841044843197,0.40896144829830705,0.03029040701770907,0.07313291832322542,0.0,0.03029040701770907,-0.010164369905413972,0,0,0,2,0,0.5,0.2894736842105263,0.2945102582219235,0.489456543285206,0.9720729704034932,0.49049236660234263,0.0,0.08771929824561403,0.046203093784023645
917,114,100.0,114,0,111,3,0,0.0,1.6794092142231478,1.6563582342683634,1.8093660719946296,1.297429301533281,0.673785059954359,1.362045997295526,6.394736842105263,5.849841044843197,0.41411823896064215,0.04147722679283814,0.07121188537487273,0.0,0.04147722679283814,-0.022483020018559063,0,0,1,2,0,0.6666666666666666,0.2719298245614035,0.30461498627031297,0.4864882393708185,0.9685842457169123,0.49485820326635155,0.0,0.08771929824561403,0.04634582197557388
918,114,100.0,114,0,111,3,0,0.0,1.6640281242328643,1.641193049233183,1.6920219842733868,1.2983374974196897,0.6968712671485577,1.342640600759835,6.394736842105263,5.849841044843197,0.40910019123804275,0.07591071542256601,0.06370032239151084,0.0,0.07591071542256601,-0.012640212444624247,0,0,0,3,0,0.6666666666666666,0.2719298245614035,0.2960136182648668,0.49614706596382857,0.970425116793579,0.484968717717432,0.0,0.08771929824561403,0.04629548053348782
919,114,100.0,114,0,111,3,0,0.0,1.6614325791601865,1.6390177695009347,1.6303232993125327,1.2990907649650743,0.6928732863567746,1.3274636346712732,6.394736842105263,5.849841044843197,0.40826728304673177,0.07677884312997049,0.07662561196291044,0.0,0.07677884312997049,-0.01402991306041046,0,0,2,1,0,0.6666666666666666,0.2719298245614035,0.2926773458373894,0.5009308629294281,0.9699282416666941,0.4878592670842606,0.0,0.08771929824561403,0.04630453528514813
920,114,100.0,114,0,111,3,0,0.0,1.6639993521113174,1.6418112373540785,1.6335182325893434,1.2999306982996495,0.6996568644834911,1.3405336785121171,6.394736842105263,5.849841044843197,0.407009618217115,0.08521297437065496,0.07488281100291895,0.0,0.08521297437065496,-0.011910862449426221,0,0,0,3,0,0.6666666666666666,0.2543859649122807,0.29099764548885226,0.5069355801018214,0.9638848811562899,0.4880457705060179,0.0,0.08771929824561403,0.04634193653238143
921,113,99.12280701754386,114,1,112,1,0,0.008771929824561403,1.665445350888078,1.6408604192533125,1.6089176705922192,1.3007769845190973,0.7052823903411434,1.3473748091120907,6.394736842105263,5.849841044843197,0.40720899185558523,0.2886215132655175,0.06784133698172781,0.5,0.21221208717484147,0.006924800212174814,0,1,0,1,0,0.5,0.2631578947368421,0.28969718793466315,0.5089596541523758,0.9754055210093724,0.4892427769882436,0.008771929824561403,0.07017543859649122,0.04637391972557629
922,113,99.12280701754386,114,0,113,1,0,0.0,1.6565703974106678,1.6324229006686994,1.562054303185987,1.3010789144718158,0.6975756469241146,1.3820647333196465,6.394736842105263,5.849841044843197,0.40242427563531646,0.015054264395890948,0.06866641685520564,0.0,0.015054264395890948,0.0047255875610560105,0,0,0,1,0,1.0,0.2631578947368421,0.2830496324770664,0.5028080101335233,0.9700328395522233,0.48631799459209896,0.0,0.08771929824561403,0.04633837616933964
923,113,99.12280701754386,114,0,113,1,0,0.0,1.6623424749164757,1.6379178599159763,1.656460665305377,1.3016203391073884,0.6937352706508504,1.3806314439163008,6.394736842105263,5.849841044843197,0.40357791930352427,0.010859259981499229,0.06854418144008619,0.0,0.010859259981499229,0.006249704522531818,0,0,0,1,0,1.0,0.2543859649122807,0.2882505171127913,0.48799285658736435,0.9703556535024325,0.48639139644761564,0.0,0.08771929824561403,0.046383072797147984
924,113,99.12280701754386,114,0,113,1,0,0.0,1.6619041408490203,1.637486639261875,1.7047413282490327,1.302109910684149,0.694454633999949,1.3929239127906328,6.394736842105263,5.849841044843197,0.4046411712780198,0.01100571743800641,0.06870903244850361,0.0,0.01100571743800641,-0.0008904551862560783,0,0,0,1,0,1.0,0.2631578947368421,0.2910944669409983,0.46809379907272924,0.9689557244713876,0.4935688220146458,0.0,0.08771929824561403,0.046395200706331324
925,113,99.12280701754386,114,0,113,1,0,0.0,1.6409253529746788,1.6172651432564775,1.5764344964548433,1.3016245028033042,0.7193020729207001,1.4304204771292002,6.394736842105263,5.849841044843197,0.39738590204172963,0.014120038489168948,0.07016767668698637,0.0,0.014120038489168948,-0.004529359514866771,0,0,0,1,0,1.0,0.2631578947368421,0.2797290775342137,0.468508503875977,0.9740055919783275,0.48543516166030226,0.0,0.07017543859649122,0.04627610897223534
926,114,100.0,114,0,113,1,0,0.0,1.640233311830095,1.616349036433954,1.669159194851644,1.3011246178775733,0.7123318130439427,1.4356330117907514,6.394736842105263,5.849841044843197,0.39791087291727156,0.015133278221593532,0.07572405255707884,0.0,0.015133278221593532,-0.019234086868728073,0,0,0,1,0,1.0,0.2807017543859649,0.2848531336389496,0.44715874036424874,0.9689899780134198,0.4873207724735796,0.0,0.05263157894736842,0.046258027529731224
927,114,100.0,114,0,113,1,0,0.0,1.654180711993851,1.6296889891784583,1.7066607324664413,1.301278268250213,0.692542790432677,1.3786760438181975,6.394736842105263,5.849841044843197,0.4003561935701214,0.0003183723326342493,0.05838720250963078,0.0,0.0003183723326342493,-0.022251794868916264,0,0,0,1,0,1.0,0.2719298245614035,0.2889345018929191,0.46459563555506017,0.9775388151435682,0.48682554797945476,0.0,0.05263157894736842,0.04633225868183212
928,114,100.0,114,0,113,1,0,0.0,1.6702775225864859,1.6451882576276915,1.7004551869624696,1.3021482763742036,0.694809628060528,1.4141035205550525,6.394736842105263,5.849841044843197,0.40260371661887673,0.01479683228587114,0.0709296644256765,0.0,0.01479683228587114,-0.007154195078857284,0,0,0,1,0,1.0,0.2631578947368421,0.2893459378450476,0.47619379721794075,0.9731763818415189,0.48770671665205295,0.0,0.08771929824561403,0.04643818978096063
929,114,100.0,114,0,113,1,0,0.0,1.6634321579881406,1.6385909789807702,1.7027128431185554,1.3026586461545593,0.6891889693904164,1.3815680994826876,6.394736842105263,5.849841044843197,0.40237814335937205,0.0005294434753212405,0.03388623751184998,0.0,0.0005294434753212405,-0.012401988748518,0,0,0,1,0,1.0,0.2543859649122807,0.2901487544161856,0.47646510750971893,0.9818792173885353,0.49277340127989894,0.0,0.12280701754385964,0.04641889086841476
930,114,100.0,114,0,113,1,0,0.0,1.6668838115877789,1.6423898714573233,1.638318449851115,1.3033169434510976,0.6876303984655744,1.38108326421723,6.394736842105263,5.849841044843197,0.40165358952759145,0.010733852516452588,0.07401039524065268,0.0,0.010733852516452588,-0.023780040657137125,0,0,0,1,0,1.0,0.24561403508771928,0.2859170126278691,0.47912840956133745,0.9505759483815004,0.4939793730719352,0.0,0.08771929824561403,0.04645540380913795
931,114,100.0,114,0,113,1,0,0.0,1.6608902279040545,1.636471215942066,1.6142512704588645,1.3036597458504786,0.678767658937095,1.3534556139805758,6.394736842105263,5.849841044843197,0.40634322906800313,0.02778835582354312,0.06909079149713743,0.0,0.02778835582354312,-0.02060675769340481,0,0,0,1,0,1.0,0.2543859649122807,0.2899613911738159,0.49067950886724987,0.972242756061507,0.4998427083470307,0.0,0.08771929824561403,0.04643546258845018
932,114,100.0,114,0,113,1,0,0.0,1.6461362539030338,1.6219757767435115,1.5812205840891689,1.3033041267329033,0.6944577654042383,1.3748082039491971,6.394736842105263,5.849841044843197,0.4059734217360438,0.008583885491262367,0.07689381199514107,0.0,0.008583885491262367,-0.026012303809881177,0,0,0,1,0,1.0,0.2719298245614035,0.28909467554005924,0.48403344531752585,0.9651244454006885,0.5011497844904362,0.0,0.07017543859649122,0.04635129114189346
933,114,100.0,114,0,113,1,0,0.0,1.6498579183914175,1.626035043624523,1.5783948623706046,1.303159279296532,0.690589400764611,1.3574290994164617,6.394736842105263,5.849841044843197,0.40494254964887966,0.008863520659017209,0.07526249755697387,0.0,0.008863520659017209,-0.02775322557340043,0,0,1,0,0,1.0,0.2719298245614035,0.2860807486353455,0.46346172032266664,0.964424336381263,0.5059416909008414,0.0,0.08771929824561403,0.046365662791942756
934,114,100.0,114,0,113,1,0,0.0,1.6418819711149695,1.6186139015446475,1.5337992497586048,1.3026756051926378,0.6924919478435918,1.3685678290238514,6.394736842105263,5.849841044843197,0.40037533897576805,0.008605485121263313,0.07671535149964351,0.0,0.008605485121263313,-0.026936621218068724,0,0,0,1,0,1.0,0.2894736842105263,0.27973629355930413,0.4508216264472365,0.9698629580146629,0.5045914152353234,0.0,0.08771929824561403,0.046311635972434075
935,114,100.0,114,0,113,1,0,0.0,1.6354921826100406,1.6125796963925558,1.448536011038758,1.301937832127223,0.692941816734437,1.3683846941829787,6.394736842105263,5.849841044843197,0.3980311208134708,0.008758642324416687,0.07793991091990339,0.0,0.008758642324416687,-0.02784758070720761,0,0,0,1,0,1.0,0.2894736842105263,0.2742522397899605,0.4653085255858996,0.9684779326469986,0.500160879483127,0.0,0.10526315789473684,0.04625810775411021
936,114,100.0,114,0,112,2,0,0.0,1.6225860841567368,1.60012401192929,1.398172272007618,1.300660307419688,0.6893743702136562,1.367556925271427,6.394736842105263,5.849841044843197,0.397213077751313,0.004375186143759641,0.021799556808073058,0.0,0.004375186143759641,0.004877366290153423,0,0,0,2,0,1.0,0.2894736842105263,0.27208935363258147,0.47029323407821977,0.9632958124337045,0.49845507105654,0.0,0.07017543859649122,0.04615621067949399
937,114,100.0,114,0,112,2,0,0.0,1.6292860486129648,1.6069299380927755,1.4232055363469664,1.299776024566607,0.6935402827230723,1.364729988723838,6.394736842105263,5.849841044843197,0.3974583123211972,0.004346785771791446,0.03370593447634086,0.0,0.004346785771791446,0.0006555325153090735,0,0,0,2,0,1.0,0.2894736842105263,0.2720573127373557,0.46125166974434995,0.9604887569158436,0.5026838269306726,0.0,0.08771929824561403,0.04616384593112911
938,114,100.0,114,0,112,2,0,0.0,1.615619465123717,1.5944347574185176,1.3053315643351227,1.29835871228865,0.6965849976605085,1.3690007746531188,6.394736842105263,5.849841044843197,0.3899520678725963,0.012967287127735034,0.04852017500341681,0.0,0.012967287127735034,0.0038641303156975726,0,0,0,2,0,1.0,0.2807017543859649,0.2593163572011603,0.4497874003361147,0.9775697664424359,0.4962696297647733,0.0,0.08771929824561403,0.04605405775599811
939,114,100.0,114,0,112,2,0,0.0,1.62969473881321,1.6076452136391237,1.4191747378969384,1.2976425430782261,0.6765506453566679,1.3415374991817905,6.394736842105263,5.849841044843197,0.3960826178240189,0.0061105540605951355,0.026154200763377912,0.0,0.0061105540605951355,0.007401895690573826,0,0,0,2,0,1.0,0.2894736842105263,0.2702631963918572,0.4439339978718143,0.9644916740341227,0.5061269511702903,0.0,0.12280701754385964,0.04610348674423462
940,114,100.0,114,0,112,2,0,0.0,1.6288694958778058,1.6072377607080894,1.3513539350549957,1.2969492003491854,0.674244823123123,1.3483825110784826,6.394736842105263,5.849841044843197,0.3922737970894412,0.006925152355522419,0.039822451244842946,0.0,0.006925152355522419,0.006287988612313028,0,0,0,2,0,1.0,0.2807017543859649,0.2629697573416177,0.45022728633445647,0.9545705342947597,0.5041830354877544,0.0,0.12280701754385964,0.04607908080578517
941,114,100.0,114,0,112,2,0,0.0,1.6318938313086067,1.6101518833786603,1.3263584925006373,1.2964327943029534,0.671271217921859,1.342747888370824,6.394736842105263,5.849841044843197,0.39136666409914644,0.002852305958605771,0.023912600816634738,0.0,0.002852305958605771,0.009050647394332326,0,0,0,2,0,1.0,0.2807017543859649,0.2612251672544154,0.45817480509924335,0.9840011605636856,0.4980815831157865,0.0,0.07017543859649122,0.04607909801651391
942,114,100.0,114,0,112,2,0,0.0,1.650599272486376,1.628276019081824,1.3917982084142944,1.2967947836930818,0.6543525793494613,1.3191272731858232,6.394736842105263,5.849841044843197,0.39574084762976125,0.011488529245300185,0.038227616138812016,0.0,0.011488529245300185,0.005938466855033478,0,0,0,2,0,1.0,0.2631578947368421,0.26750811608586156,0.4607677306402032,0.9867071153481068,0.5052412894311222,0.0,0.08771929824561403,0.04618321312436361
943,114,100.0,114,0,111,3,0,0.0,1.6496243645148807,1.6275724325294345,1.3746174959038153,1.297102670323346,0.6601691131584758,1.3203307100434212,6.394736842105263,5.849841044843197,0.3930082601057723,0.0540800582717585,0.05958903816560113,0.0,0.0540800582717585,0.0015014267345944503,0,0,0,3,0,0.6666666666666666,0.2982456140350877,0.26388700903355383,0.4602523968022921,0.992105829927892,0.5023206295800925,0.0,0.07017543859649122,0.046187344023740515
944,114,100.0,114,0,111,3,0,0.0,1.656506616966143,1.6345630894897694,1.3745573785842906,1.2977196999312774,0.6363408085266556,1.2901980266581772,6.394736842105263,5.849841044843197,0.3940724935431914,0.06180042277634002,0.05460144393363452,0.0,0.06180042277634002,0.003162488076401071,0,0,0,3,0,0.6666666666666666,0.30701754385964913,0.2637852531143344,0.456504076724791,0.989138586308073,0.5069995313618428,0.0,0.08771929824561403,0.04623980291162864
945,114,100.0,114,0,112,2,0,0.0,1.6535423536202347,1.6313765549571542,1.4138325388959085,1.2981515085239475,0.6409981191581834,1.2934271311686862,6.394736842105263,5.849841044843197,0.3955265049659644,0.02200323666654279,0.05477525119924498,0.0,0.02200323666654279,-0.002181983561386547,0,0,0,2,0,1.0,0.2894736842105263,0.26773922703460157,0.45260189800335976,0.9866840600953924,0.5075808196148183,0.0,0.05263157894736842,0.046237611653043686
946,113,99.12280701754386,114,1,111,2,0,0.008771929824561403,1.642813310240483,1.620481665344559,1.4328277476845501,1.2980619293173363,0.639193167632806,1.2932802687013405,6.394736842105263,5.849841044843197,0.39683418580782015,0.12417539003548672,0.05541822597504823,0.0,0.12417539003548672,0.009633604058783255,0,1,0,2,0,0.3333333333333333,0.2807017543859649,0.2705950301460583,0.43741678570317505,0.993919694126909,0.5139833763968368,0.008771929824561403,0.05263157894736842,0.046181346315546934
947,113,99.12280701754386,114,0,113,1,0,0.0,1.6395431573774562,1.6172134847459485,1.3942549316003359,1.2978109043593735,0.6436440480845732,1.2973250948246926,6.394736842105263,5.849841044843197,0.39522624487169966,0.0009486755877596616,0.04962321852437934,0.0,0.0009486755877596616,-0.007266737020938163,0,0,0,1,0,1.0,0.2982456140350877,0.26725952566259686,0.4395832214768049,0.9901134294711206,0.5120174592400907,0.0,0.07017543859649122,0.04615765327071994
948,113,99.12280701754386,114,0,111,3,0,0.0,1.6442835711949573,1.621867204566378,1.464255054181567,1.2977923521321681,0.6356472688889601,1.286834021266398,6.394736842105263,5.849841044843197,0.3975155466270799,0.09521740312210714,0.0464191934183944,0.0,0.09521740312210714,0.007239590906997116,0,0,0,3,0,0.3333333333333333,0.2894736842105263,0.27259191426233226,0.43008808806264454,0.9857503601839469,0.517650684746085,0.0,0.10526315789473684,0.04618081270190655
949,113,99.12280701754386,114,0,112,2,0,0.0,1.6487445126557172,1.6262692934578313,1.4032144390728056,1.297980897343007,0.6262863753129672,1.271272569156756,6.394736842105263,5.849841044843197,0.3971719322434166,0.03776553952548017,0.0450609844401479,0.0,0.03776553952548017,0.005160140451971329,0,0,0,2,0,0.5,0.2894736842105263,0.269266857819367,0.447109155824377,0.9844863249653518,0.5149594011296477,0.0,0.07017543859649122,0.04620863220677622
950,112,98.24561403508773,114,1,111,2,0,0.008771929824561403,1.6361477211602335,1.6183000105237202,1.3492109263749161,1.297573332153309,0.6350490288494617,1.2875038632489328,6.394736842105263,5.849841044843197,0.39317997168913776,0.09656251843196458,0.04383572667529492,0.0,0.09656251843196458,0.008244423006721993,0,1,0,2,0,0.3333333333333333,0.2807017543859649,0.2643983245311339,0.4595498013406271,0.9896748421021867,0.5001307706389794,0.008771929824561403,0.03508771929824561,0.04613372729142307
951,112,98.24561403508773,114,1,109,3,1,0.008771929824561403,1.658617961300709,1.6355581049431092,1.4058976989687397,1.2984376577480132,0.6451281726554753,1.2910752477004992,6.394736842105263,5.849841044843197,0.3962797711394188,0.6571979303713459,0.09962945775804716,0.6,0.19108798145807476,0.006944912610995735,0,2,1,2,0,0.4,0.2807017543859649,0.26890507057879065,0.46746791840329194,0.9907099979008154,0.4964485743645947,0.008771929824561403,0.017543859649122806,0.046271359328825507
952,111,97.36842105263158,114,1,110,3,0,0.008771929824561403,1.6481371205753885,1.6293391240539075,1.3602363511243172,1.2985472235009086,0.6470633613224057,1.305124819631845,6.394736842105263,5.849841044843197,0.39183060189829555,0.07181563224349963,0.0578007303238815,0.0,0.07181563224349963,0.0009123091201379135,0,1,0,3,0,0.5,0.2807017543859649,0.2633830580249094,0.4693738006103574,0.9924144880855659,0.49069489805925115,0.008771929824561403,0.05263157894736842,0.04622215983639088
953,110,96.49122807017544,114,1,110,3,0,0.008771929824561403,1.6512467846900791,1.6321994151947385,1.346578449047992,1.2989863198279419,0.65589078250611,1.3192931359424633,6.394736842105263,5.849841044843197,0.39056094319929224,0.14252910298907784,0.0693934953365463,0.0,0.14252910298907784,0.001554287844707014,0,1,0,3,0,0.5,0.2807017543859649,0.2606836804584644,0.4720288505839975,0.9914874614500022,0.4872705576703259,0.008771929824561403,0.05263157894736842,0.04625055137554693
954,110,96.49122807017544,114,1,112,1,0,0.008771929824561403,1.66613127678178,1.6444471818893776,1.3781136702403922,1.3000747332559295,0.6511763640459454,1.3131100544873069,6.394736842105263,5.849841044843197,0.3904163432852694,0.08267414804388769,0.07542779302959388,0.0,0.08267414804388769,-0.0067333620858733845,0,1,0,1,0,0.5,0.2631578947368421,0.26148668696448163,0.4647287994152945,0.9791450285650248,0.4866018861812579,0.008771929824561403,0.07017543859649122,0.04635680906372944
955,110,96.49122807017544,114,0,113,1,0,0.0,1.6650344831011874,1.6432685159263765,1.406161122030955,1.3009253047936058,0.650268912978718,1.3121653311200594,6.394736842105263,5.849841044843197,0.3921872456232607,0.0010548666611779002,0.06317716279856415,0.0,0.0010548666611779002,-0.008822942417653246,0,0,0,1,0,1.0,0.2543859649122807,0.2642566116796158,0.4558226708142913,0.9738666317547741,0.48691638150957384,0.0,0.10526315789473684,0.04637620363678985
956,111,97.36842105263158,114,0,113,1,0,0.0,1.6472341310738747,1.6259773103466395,1.316878992499347,1.3009169128154343,0.6717981893809662,1.3349115471597446,6.394736842105263,5.849841044843197,0.38586120072895724,0.06268085877769981,0.07361492268025024,0.0,0.06268085877769981,-0.0013920113371714837,0,0,0,1,0,0.0,0.2631578947368421,0.25522484723416855,0.44398607820484437,0.9790142345208834,0.4841521314490873,0.0,0.07017543859649122,0.0462869564179615
957,112,98.24561403508773,114,0,113,1,0,0.0,1.6487311089310048,1.6273285637131953,1.3692790229980352,1.300972248693891,0.656224094375314,1.3538887029767994,6.394736842105263,5.849841044843197,0.3873374146209545,0.015975518373154123,0.06104719321168364,0.0,0.015975518373154123,-0.014604466067690502,0,0,0,1,0,1.0,0.2631578947368421,0.25928328735273715,0.43240383625442147,0.9795630006120449,0.49193499073801517,0.0,0.08771929824561403,0.0462960598377124
958,113,99.12280701754386,114,0,112,2,0,0.0,1.6455275742834203,1.6241353551183542,1.350887854086965,1.3008749094097953,0.6484278233612368,1.3600060157685305,6.394736842105263,5.849841044843197,0.38838964558204125,0.12976105266843974,0.07399417801476045,0.0,0.12976105266843974,-0.00528133896250238,0,0,0,2,0,0.0,0.2631578947368421,0.25947307484344395,0.43386443802159025,0.977559752064511,0.4922195941970788,0.0,0.12280701754385964,0.04627719506777758
959,114,100.0,114,0,113,1,0,0.0,1.6489453381695498,1.627391044544308,1.4144779247497694,1.3009356264441585,0.6384064369007281,1.3858284793864244,6.394736842105263,5.849841044843197,0.3919222430343654,0.003120837626993936,0.06585096054536467,0.0,0.003120837626993936,-0.022307663227721042,0,0,0,1,0,1.0,0.2631578947368421,0.26587468880453097,0.42955327938566795,0.9733722539754637,0.4976214150269625,0.0,0.12280701754385964,0.04629605981220693
960,113,99.12280701754386,114,1,113,0,0,0.008771929824561403,1.646868134713668,1.6239800808693134,1.4126878094947444,1.3008931373125676,0.653382370361186,1.4066382545354135,6.394736842105263,5.849841044843197,0.3915750888617213,0.018789377315397014,0.06355784932458261,0.0,0.018789377315397014,-0.025092679541574348,0,1,0,0,0,1.0,0.2631578947368421,0.265626071004182,0.431668864548366,0.9558238985589618,0.49227206212280905,0.008771929824561403,0.17543859649122806,0.046284431021597815
961,113,99.12280701754386,114,0,113,1,0,0.0,1.6779285330750933,1.6541472680269167,1.5201839196414402,1.3022049452782614,0.6405924956458205,1.3852168494871384,6.394736842105263,5.849841044843197,0.39694615564210545,0.0009490913683636905,0.06951517334812646,0.0,0.0009490913683636905,-0.02364405425437688,0,0,1,0,0,1.0,0.2631578947368421,0.2736238500902942,0.43150553508823075,0.9641957056870956,0.49672450420370323,0.0,0.14035087719298245,0.04647810235380828
962,113,99.12280701754386,114,0,114,0,0,0.0,1.6723384932092036,1.6490826773159284,1.505663005600647,1.3032029981582172,0.6381998494747124,1.3902271115866098,6.394736842105263,5.849841044843197,0.3951458490219757,0.0,0.0,0.0,0.0,0.0,0,0,0,0,0,0.0,0.2719298245614035,0.27152492379107906,0.4132526471796553,0.9835519968279169,0.5020109509744803,0.0,0.10526315789473684,0.04647934440798928
963,113,99.12280701754386,114,0,113,1,0,0.0,1.6666799808649682,1.643866166301392,1.4571882370633553,1.3038985404492018,0.6333382253699285,1.3490620704000738,6.394736842105263,5.849841044843197,0.3920874214578598,0.0010362063005605994,0.06887245103298695,0.0,0.0010362063005605994,-0.027650312011086586,0,0,0,1,0,1.0,0.2631578947368421,0.26628807351360906,0.4046784224252355,0.9767978473738177,0.5011209365879593,0.0,0.10526315789473684,0.04647139590547924
964,113,99.12280701754386,114,0,113,1,0,0.0,1.6664048779881926,1.6438428410153572,1.453659108984864,1.3045523030280393,0.6253010159188993,1.343904864654113,6.394736842105263,5.849841044843197,0.3907003233428381,0.0011170371797560254,0.06768591086555079,0.0,0.0011170371797560254,-0.02189739076354502,0,0,0,1,0,1.0,0.2807017543859649,0.2648975564336696,0.3918078623866717,0.9761178635705612,0.5019099814296021,0.0,0.07017543859649122,0.04648914242693168
965,114,100.0,114,0,113,1,0,0.0,1.64826056200724,1.626636922477099,1.3728985122350512,1.3043626064273695,0.6364799022408077,1.3515333620043963,6.394736842105263,5.849841044843197,0.38437753751312287,0.0012908596862096057,0.06620785806438248,0.0,0.0012908596862096057,-0.02329906413851357,0,0,1,0,0,1.0,0.2807017543859649,0.25585953833746694,0.3830399324002928,0.9724364743527727,0.4986364457557884,0.0,0.07017543859649122,0.0463928723722236
966,114,100.0,114,0,113,1,0,0.0,1.6474597361237668,1.6258519140768326,1.3748459729026508,1.304147269381423,0.6320823455522655,1.3515906673889801,6.394736842105263,5.849841044843197,0.3858231569169286,0.0016907558813481648,0.064106908030482,0.0,0.0016907558813481648,-0.01943035148753869,0,0,0,1,0,1.0,0.2719298245614035,0.25695148071929774,0.3805900368800137,0.9667290417259555,0.5035293006575573,0.0,0.10526315789473684,0.04638256980535697
967,114,100.0,114,0,113,1,0,0.0,1.6493672264548682,1.6276568700940048,1.3763665075197353,1.304028998856722,0.6281449396613614,1.3448938036951232,6.394736842105263,5.849841044843197,0.3854117768144598,0.001200653103193262,0.06643861826890635,0.0,0.001200653103193262,-0.01284974719007792,0,0,0,1,0,1.0,0.2631578947368421,0.25673343903949386,0.385238438452525,0.9822242693828341,0.49967443367598346,0.0,0.03508771929824561,0.04638864793816351
968,114,100.0,114,0,114,0,0,0.0,1.6192461390635666,1.5983051279981937,1.2518361347756572,1.302544022764521,0.6516615613943394,1.3782605444825442,6.394736842105263,5.849841044843197,0.38090262173779355,0.0,0.0,0.0,0.0,0.0,0,0,0,0,0,0.0,0.2719298245614035,0.24815117177266563,0.39640801504986584,0.9842259703458103,0.49194104603908156,0.0,0.03508771929824561,0.04619460813073317
969,114,100.0,114,0,114,0,0,0.0,1.6196387252705349,1.598920705195974,1.2524712317973892,1.3011747236433309,0.6465893347612727,1.386430168508588,6.394736842105263,5.849841044843197,0.3802074992153166,0.0,0.0,0.0,0.0,0.0,0,0,0,0,0,0.0,0.2719298245614035,0.24682347559652754,0.39359703158487747,0.9835211178446794,0.4922909625671457,0.0,0.07017543859649122,0.04615652015075898
970,114,100.0,114,0,114,0,0,0.0,1.629382028030241,1.6089980494198206,1.2617956704400948,1.3003571332390678,0.641792477073681,1.3723798797604287,6.394736842105263,5.849841044843197,0.37865158031933555,0.0,0.0,0.0,0.0,0.0,0,0,0,0,0,0.0,0.2631578947368421,0.24450616827960614,0.38113695220037025,0.9814547777643547,0.4945302833401881,0.0,0.03508771929824561,0.04618132279503387
971,114,100.0,114,0,114,0,0,0.0,1.634777843706796,1.6141694839568874,1.3015527041761867,1.2998293871339774,0.6375144083326914,1.3732435334032693,6.394736842105263,5.849841044843197,0.38047666681442927,0.0,0.0,0.0,0.0,0.0,0,0,0,0,0,0.0,0.2982456140350877,0.24838890150742748,0.38798714973180515,0.9810385416865883,0.4937851613137882,0.0,0.03508771929824561,0.04619286571928258
972,114,100.0,114,0,114,0,0,0.0,1.6344379415267594,1.6142952149740517,1.2966941639090344,1.2993383973888735,0.6288784205710399,1.3646127129298118,6.394736842105263,5.849841044843197,0.37842525805259664,0.0,0.0,0.0,0.0,0.0,0,0,0,0,0,0.0,0.2807017543859649,0.24600074477764614,0.3776451893637295,0.9962510785364183,0.49408208064322606,0.0,0.03508771929824561,0.04617680514856486
973,113,99.12280701754386,114,1,113,0,0,0.008771929824561403,1.6412492490976789,1.6214792522667187,1.3173286952346022,1.2991929390121835,0.6270858722629127,1.3676808235107552,6.394736842105263,5.849841044843197,0.3793998099014253,0.25072599405240825,0.0434468937331755,0.0,0.25072599405240825,0.01854682452820111,0,1,0,0,0,0.0,0.3157894736842105,0.24702235560389055,0.38418541340983947,0.9883175734079845,0.49719872385737474,0.008771929824561403,0.07017543859649122,0.04620660714450807
974,113,99.12280701754386,114,0,113,1,0,0.0,1.643908903400826,1.6243499228482838,1.2452212901287816,1.2992097280130708,0.6452981790536481,1.3739748403152638,6.394736842105263,5.849841044843197,0.37533861971450033,0.032344748922047376,0.045333442576800706,0.0,0.032344748922047376,0.005685698895393054,0,0,0,1,0,1.0,0.30701754385964913,0.2393431593165296,0.3994162785751034,0.9860041973994584,0.48839763746345916,0.0,0.05263157894736842,0.04622039648095627
975,113,99.12280701754386,114,0,111,3,0,0.0,1.6394170580194387,1.6201193632395476,1.2420409187865495,1.2990275500741575,0.6503539252170467,1.3896441279967247,6.394736842105263,5.849841044843197,0.3752031330383656,0.024684242511632797,0.05403629189664538,0.0,0.024684242511632797,-0.007396998798851621,0,0,0,3,0,1.0,0.3157894736842105,0.23879583668581317,0.3924663078110255,0.9850438546153047,0.4900195088994123,0.0,0.07017543859649122,0.04619260869412674
976,112,98.24561403508773,114,1,110,3,0,0.008771929824561403,1.6266136865153784,1.6066944143767994,1.1796470281698932,1.2982813797970274,0.662909313711455,1.3621825031007704,6.394736842105263,5.849841044843197,0.37208867429564396,0.1002124270589673,0.0592951636142269,0.0,0.1002124270589673,-0.011563293568433011,0,1,0,3,0,0.5,0.34210526315789475,0.23304346745038435,0.3919582658125151,0.9838318550781676,0.4874278261059423,0.008771929824561403,0.07017543859649122,0.046106766949038445
977,112,98.24561403508773,114,0,113,1,0,0.0,1.6303735463962248,1.6103163865817898,1.232172673455524,1.2976947419113822,0.6406620707202372,1.343378267743718,6.394736842105263,5.849841044843197,0.37587419030480085,0.08252695382037671,0.04950227100118018,0.0,0.08252695382037671,0.0010788662696349927,0,0,0,1,0,0.0,0.3333333333333333,0.23873338836723076,0.38366193334744264,0.9901139884989537,0.4973953743032723,0.0,0.07017543859649122,0.046108407556533136
978,113,99.12280701754386,114,0,114,0,0,0.0,1.6256812964625027,1.605728679620404,1.2235826514470092,1.2969277225576805,0.646314694655662,1.3736770970733045,6.394736842105263,5.849841044843197,0.37468044796569155,0.0,0.0,0.0,0.0,0.0,0,0,0,0,0,0.0,0.3157894736842105,0.2375629483282673,0.38855568591712114,0.9887162688685466,0.4953085002097726,0.0,0.10526315789473684,0.046062511600377165
979,113,99.12280701754386,114,0,114,0,0,0.0,1.6430827890206932,1.6228454787920013,1.2984652954225568,1.2970066170517567,0.6234944011056573,1.3078901244918206,6.394736842105263,5.849841044843197,0.37982674729291843,0.0,0.0,0.0,0.0,0.0,0,0,0,0,0,0.0,0.3157894736842105,0.2444388520980985,0.37703680464319106,0.9856930032826811,0.5050148248807618,0.0,0.10526315789473684,0.04615182666441641
980,112,98.24561403508773,114,1,112,1,0,0.008771929824561403,1.6548315774132492,1.636109364607361,1.3008018463731872,1.2976318407760334,0.6366461542780708,1.3550571902256414,6.394736842105263,5.849841044843197,0.37768765134728133,0.13927272569693283,0.06389484992907607,0.0,0.13927272569693283,0.008336121921929562,0,1,0,1,0,0.0,0.32456140350877194,0.2421940510338954,0.3842246203596001,0.9838984867877527,0.4968192367725797,0.008771929824561403,0.10526315789473684,0.04622885790340161
981,112,98.24561403508773,114,1,113,0,0,0.008771929824561403,1.653275684905214,1.633690161612445,1.2523171622047804,1.2982484600823718,0.6484753938799799,1.363626256586915,6.394736842105263,5.849841044843197,0.372409950470737,0.1583572641732378,0.0821999134876743,0.0,0.1583572641732378,0.00290493119600832,0,1,0,0,0,0.0,0.32456140350877194,0.23473355688534,0.3626490426202612,0.9794446193680761,0.49501490026791223,0.008771929824561403,0.12280701754385964,0.046239114065497744
982,112,98.24561403508773,114,0,114,0,0,0.0,1.6451343641596845,1.625475227018007,1.247029293796717,1.2983731624035142,0.6419757826755382,1.3726032080334023,6.394736842105263,5.849841044843197,0.3746843418510446,0.0,0.0,0.0,0.0,0.0,0,0,0,0,0,0.0,0.32456140350877194,0.23718684935232764,0.3757146076968083,0.9768115462241496,0.4939520652590095,0.0,0.12280701754385964,0.046202054905553125
983,112,98.24561403508773,114,0,114,0,0,0.0,1.6434807221939625,1.6236932523567398,1.268509146325026,1.2984071756889761,0.6398851078090592,1.3655307437951785,6.394736842105263,5.849841044843197,0.37609776168051257,0.0,0.0,0.0,0.0,0.0,0,0,0,0,0,0.0,0.3333333333333333,0.23940371445500333,0.3720132938904923,0.9575840458235464,0.4953953278992711,0.0,0.08771929824561403,0.04619478155729134
984,112,98.24561403508773,114,0,114,0,0,0.0,1.644460990371878,1.6248152446184965,1.2462241457858567,1.298491707062383,0.6432411391562769,1.370703617833149,6.394736842105263,5.849841044843197,0.3755636373642688,0.0,0.0,0.0,0.0,0.0,0,0,0,0,0,0.0,0.3333333333333333,0.2379246159935501,0.3728279107565478,0.9834714776941909,0.4960596746208019,0.0,0.12280701754385964,0.046202155373669576
985,113,99.12280701754386,114,0,114,0,0,0.0,1.6427120914663478,1.6225578571187969,1.2777490089980688,1.2984656506204133,0.6343734387434913,1.371892013071286,6.394736842105263,5.849841044843197,0.3781452899909079,0.0,0.0,0.0,0.0,0.0,0,0,0,0,0,0.0,0.32456140350877194,0.24200150348482807,0.38492341943642894,0.9776257327128388,0.49464885751970844,0.0,0.12280701754385964,0.046192648748923336
986,114,100.0,114,0,114,0,0,0.0,1.636816798271673,1.6164333707643102,1.3125454306976994,1.2981545002656407,0.6270090908467247,1.3546436784347327,6.394736842105263,5.849841044843197,0.38271952589867886,0.0,0.0,0.0,0.0,0.0,0,0,0,0,0,0.0,0.32456140350877194,0.24879675816335714,0.3936202409551101,0.9636119219690851,0.4994703201278968,0.0,0.15789473684210525,0.046154071382367635
987,114,100.0,114,0,114,0,0,0.0,1.6435584482900474,1.623145963494657,1.3451094784191089,1.298175692515803,0.6202645576255179,1.353789800842655,6.394736842105263,5.849841044843197,0.3838916852341461,0.0,0.0,0.0,0.0,0.0,0,0,0,0,0,0.0,0.3333333333333333,0.250679926779079,0.3938195541806084,0.9727435879235897,0.5035193916543362,0.0,0.19298245614035087,0.04618839948893367
988,114,100.0,114,0,114,0,0,0.0,1.6412486916485494,1.6208098435055813,1.3733178767636374,1.2980863176082347,0.6276648930306602,1.347177952690968,6.394736842105263,5.849841044843197,0.3855198038962999,0.0,0.0,0.0,0.0,0.0,0,0,0,0,0,0.0,0.3157894736842105,0.2540349527771543,0.3850462102084878,0.9741586250353307,0.5045867430824823,0.0,0.15789473684210525,0.04617423656071282
989,114,100.0,114,0,114,0,0,0.0,1.646780180240985,1.6263357645018712,1.385737208426793,1.2982607770663306,0.6362368858992091,1.3985566530514966,6.394736842105263,5.849841044843197,0.38405353261890873,0.0,0.0,0.0,0.0,0.0,0,0,0,0,0,0.0,0.2982456140350877,0.2526982660461823,0.38461059021613997,0.9615944864065105,0.503645427842976,0.0,0.15789473684210525,0.04620699680416815
990,114,100.0,114,0,114,0,0,0.0,1.6455592811294482,1.6253808462389407,1.3458392829647545,1.2983803419630486,0.6362076157211973,1.3980122744639691,6.394736842105263,5.849841044843197,0.3811351632392912,0.0,0.0,0.0,0.0,0.0,0,0,0,0,0,0.0,0.2807017543859649,0.24761307671344432,0.37886904350665135,0.9727435879235897,0.5052336278611469,0.0,0.19298245614035087,0.04620438948681218
991,114,100.0,114,0,114,0,0,0.0,1.63801962694871,1.6178580875299826,1.3284470869350624,1.2981408569620339,0.6454070234824532,1.407785794391733,6.394736842105263,5.849841044843197,0.3784433961485254,0.0,0.0,0.0,0.0,0.0,0,0,0,0,0,0.0,0.2982456140350877,0.2454757440407353,0.38134693381149143,0.9607919079316172,0.5014479927389206,0.0,0.19298245614035087,0.04615968646996569
992,114,100.0,114,0,114,0,0,0.0,1.6251309825375881,1.6053224742659962,1.294116093490998,1.297328730692953,0.655223460520837,1.408836138389046,6.394736842105263,5.849841044843197,0.37548690270249563,0.0,0.0,0.0,0.0,0.0,0,0,0,0,0,0.0,0.2719298245614035,0.24234893110131364,0.37270980935496745,0.9603228531190924,0.49989435019019046,0.0,0.15789473684210525,0.04607148919999776
993,114,100.0,114,0,114,0,0,0.0,1.6510693158841976,1.6311100643732888,1.3355709488782794,1.297770938944155,0.6364130332670542,1.3890819217510293,6.394736842105263,5.849841044843197,0.37743581086670375,0.0,0.0,0.0,0.0,0.0,0,0,0,0,0,0.0,0.2807017543859649,0.24411657088783076,0.37089662034802806,0.957735239474055,0.504057391857184,0.0,0.15789473684210525,0.04621411510662205
994,114,100.0,114,0,114,0,0,0.0,1.643781016308345,1.6243550355713154,1.2877225913722365,1.2978711519576154,0.6486097230964575,1.389752736507219,6.394736842105263,5.849841044843197,0.3739760321246166,0.0,0.0,0.0,0.0,0.0,0,0,0,0,0,0.0,0.30701754385964913,0.23933967301191936,0.3789292331146412,0.9576874113930605,0.5009416106268659,0.0,0.12280701754385964,0.046180604759739625
995,114,100.0,114,0,114,0,0,0.0,1.639641094799726,1.6201638332271213,1.2103014415967512,1.2977693597290796,0.6627799249987267,1.4066079611469606,6.394736842105263,5.849841044843197,0.37231119303044524,0.0,0.0,0.0,0.0,0.0,0,0,0,0,0,0.0,0.32456140350877194,0.2335002390542784,0.38833852789815615,0.9590772570462596,0.49817661863985396,0.0,0.12280701754385964,0.04615692781041386
996,114,100.0,114,0,114,0,0,0.0,1.6541957115229127,1.6347132134049824,1.2334349531573674,1.2983544146748411,0.6531295305114475,1.3971747587774441,6.394736842105263,5.849841044843197,0.3754440409979316,0.0,0.0,0.0,0.0,0.0,0,0,0,0,0,0.0,0.2894736842105263,0.2365556123712969,0.38749067586733354,0.9649535787856117,0.5008570189857122,0.0,0.08771929824561403,0.046246813286205814
997,114,100.0,114,0,114,0,0,0.0,1.6611896090075648,1.6415201867472506,1.2564066167118326,1.2992238025326404,0.6554363505577825,1.3992178136687752,6.394736842105263,5.849841044843197,0.37631998297546265,0.0,0.0,0.0,0.0,0.0,0,0,0,0,0,0.0,0.2982456140350877,0.23819124702765504,0.38609159910926016,0.9650380988696585,0.4997081258264946,0.0,0.12280701754385964,0.04630721167750129
998,114,100.0,114,0,113,1,0,0.0,1.6616689317686049,1.6420277261896254,1.2570083897105844,1.3000660847831904,0.644426621144977,1.3799836001235048,6.394736842105263,5.849841044843197,0.3752913280173562,0.03846806988689204,0.05860900347251308,0.0,0.03846806988689204,-0.02401476559158855,0,0,0,1,0,1.0,0.2982456140350877,0.23744533972902365,0.3809565225261957,0.9650380988696585,0.49975890029398595,0.0,0.08771929824561403,0.04633424437770954
999,114,100.0,114,0,113,1,0,0.0,1.6504200732455094,1.6309127276045223,1.1987707209491674,1.300338927061442,0.6553155351941115,1.3696833810083815,6.394736842105263,5.849841044843197,0.37239941075989114,0.03620206745097693,0.05982382771155377,0.0,0.03620206745097693,-0.02635652585017545,0,0,0,1,0,1.0,0.2894736842105263,0.23211933490949196,0.3844010008974807,0.9484309382686318,0.4967476128852973,0.0,0.08771929824561403,0.046285980504884486
1000,114,100.0,114,0,113,1,0,0.0,1.6547834676309516,1.635277203975123,1.2085995485417724,1.300800060444209,0.6596541196790426,1.3657689585663775,6.394736842105263,5.849841044843197,0.37205767054519034,0.028032692065080085,0.06031694995946017,0.0,0.028032692065080085,-0.02418653982173191,0,0,0,1,0,1.0,0.2807017543859649,0.23171508626400025,0.3801322573298707,0.9530366074893424,0.5015212516761945,0.0,0.12280701754385964,0.046321285261759985
1001,114,100.0,114,0,113,1,0,0.0,1.635953925345895,1.6171143019746075,1.137814301196011,1.3003842175401508,0.6753076667953127,1.376686060729776,6.394736842105263,5.849841044843197,0.36599939785831115,0.03127947994892103,0.06069827524855277,0.0,0.03127947994892103,-0.022942459338548216,0,0,0,1,0,1.0,0.2807017543859649,0.22402995006101536,0.3767084231586938,0.9529054541824595,0.492866534433567,0.0,0.15789473684210525,0.04621497447589287
1002,114,100.0,114,0,113,1,0,0.0,1.644380792247321,1.625409938167348,1.1720151149194324,1.3003809260097232,0.6717203547224344,1.3782548841284685,6.394736842105263,5.849841044843197,0.3680577323278893,0.06051321869715409,0.061942051557174096,0.0,0.06051321869715409,-0.025943266649378405,0,0,0,1,0,0.0,0.2807017543859649,0.22771082416957297,0.37185868916714815,0.9650160632642957,0.4946874474284947,0.0,0.15789473684210525,0.04625701253575103
1003,114,100.0,114,0,114,0,0,0.0,1.647059545316095,1.6280587228058405,1.1862315683325841,1.300501786781371,0.6603645119443077,1.3706229426222505,6.394736842105263,5.849841044843197,0.3701266706691959,0.0,0.0,0.0,0.0,0.0,0,0,0,0,0,0.0,0.2543859649122807,0.23016506999146832,0.3707822669671085,0.9722739193870704,0.49888752264931013,0.0,0.12280701754385964,0.046273941382608375
1004,114,100.0,114,0,113,1,0,0.0,1.651725180483518,1.6329512505073143,1.1772699324775597,1.3008445414648808,0.6634116160625956,1.3592745527658463,6.394736842105263,5.849841044843197,0.36855754369325133,0.05294728493547958,0.058123658771993186,0.0,0.05294728493547958,-0.02126509078413219,0,0,0,1,0,0.0,0.2543859649122807,0.228074300856583,0.37284696297418013,0.9506129097323288,0.4938369171066302,0.0,0.12280701754385964,0.04630729486052503
1005,113,99.12280701754386,114,1,113,0,0,0.008771929824561403,1.6609673454209646,1.6397426189687543,1.2261354528167767,1.301583618684786,0.659706918842428,1.390010166465234,6.394736842105263,5.849841044843197,0.37218229435411243,0.03282882890391246,0.05553474431599308,0.0,0.03282882890391246,-0.01145504787027063,0,1,0,0,0,1.0,0.2807017543859649,0.23301998332285404,0.3552319487256274,0.9647341296774432,0.4999637322304419,0.008771929824561403,0.12280701754385964,0.04637512310649382
1006,113,99.12280701754386,114,0,114,0,0,0.0,1.6570803162552306,1.6361567242375499,1.2224616658696463,1.302013100015936,0.6539415243072465,1.3534886638511294,6.394736842105263,5.849841044843197,0.37146220711115907,0.0,0.0,0.0,0.0,0.0,0,0,0,0,0,0.0,0.30701754385964913,0.23211717292613274,0.3571940378798235,0.9595154081414494,0.4959116951131063,0.0,0.12280701754385964,0.046368249948259915
1007,113,99.12280701754386,114,0,114,0,0,0.0,1.6513103369033169,1.6306710627440182,1.1439722988673933,1.302160735389793,0.669973571867657,1.3676302251943657,6.394736842105263,5.849841044843197,0.3654210891187939,0.0,0.0,0.0,0.0,0.0,0,0,0,0,0,0.0,0.2982456140350877,0.2228658808975295,0.36193385198663497,0.9602571213900148,0.486679434843445,0.0,0.08771929824561403,0.04634371826884865
1008,113,99.12280701754386,114,0,114,0,0,0.0,1.651396941508182,1.6306249144447018,1.1468444122839196,1.302297574647229,0.670758635383422,1.3846044782086635,6.394736842105263,5.849841044843197,0.36511239738243173,0.0,0.0,0.0,0.0,0.0,0,0,0,0,0,0.0,0.2719298245614035,0.22366124018317896,0.3778331965626684,0.9643229773488544,0.47977619288975804,0.0,0.08771929824561403,0.046348153731396446
1009,113,99.12280701754386,114,0,114,0,0,0.0,1.6586450146727119,1.6375262005484938,1.2073688481616005,1.3027493804393158,0.6695828174116789,1.3836244622726483,6.394736842105263,5.849841044843197,0.3679375799389337,0.0,0.0,0.0,0.0,0.0,0,0,0,0,0,0.0,0.2719298245614035,0.22885045940516602,0.37274958905599664,0.9633655417214447,0.4862148856001808,0.0,0.08771929824561403,0.046397609057553336
1010,114,100.0,114,0,114,0,0,0.0,1.6557454443424737,1.635167415817176,1.1567360221880596,1.3030643681848362,0.6739967421913406,1.362124944460408,6.394736842105263,5.849841044843197,0.3659129764323663,0.0,0.0,0.0,0.0,0.0,0,0,0,0,0,0.0,0.2543859649122807,0.22360311080296078,0.3534608975081197,0.9723136021332429,0.4907664491148982,0.0,0.12280701754385964,0.04639232434711398
1011,114,100.0,114,0,113,1,0,0.0,1.6736545691492468,1.65255021605098,1.2046711915817205,1.3041744225941891,0.6709519884282096,1.360172510734537,6.394736842105263,5.849841044843197,0.36806090769028255,0.011694201083596078,0.06350927866891912,0.0,0.011694201083596078,-0.009263046349771487,0,0,1,0,0,1.0,0.2631578947368421,0.22686909906298713,0.3611490762587085,0.9750885095542544,0.4959486331746788,0.0,0.19298245614035087,0.046514338180377056
1012,114,100.0,114,0,114,0,0,0.0,1.672589958259469,1.651010282918669,1.2386468085054723,1.3051474736727342,0.6781303038320589,1.36916886650523,6.394736842105263,5.849841044843197,0.3709434108254823,0.0,0.0,0.0,0.0,0.0,0,0,0,0,0,0.0,0.2631578947368421,0.2317226605115951,0.369845921353294,0.9719384315264548,0.49674055764313857,0.0,0.14035087719298245,0.04653747609661818
1013,114,100.0,114,0,114,0,0,0.0,1.67531798810859,1.6535126746539988,1.2466412205230957,1.3061807115609674,0.675916488079433,1.3603282799817942,6.394736842105263,5.849841044843197,0.3727380024424607,0.0,0.0,0.0,0.0,0.0,0,0,0,0,0,0.0,0.2631578947368421,0.23349968586516126,0.3693317311557295,0.9728486852209489,0.49983744417509046,0.0,0.17543859649122806,0.046581337632902155
1014,114,100.0,114,0,114,0,0,0.0,1.663717552617156,1.6422450012640168,1.2443963864693257,1.3066261938889117,0.6839494224935048,1.3732528256272205,6.394736842105263,5.849841044843197,0.37178220780392834,0.0,0.0,0.0,0.0,0.0,0,0,0,0,0,0.0,0.2807017543859649,0.23298794476989768,0.35654615933036454,0.9787712218142247,0.5031093108330471,0.0,0.15789473684210525,0.046536365459478785
1015,114,100.0,114,0,114,0,0,0.0,1.6608515918900353,1.6397120623886894,1.2350381855608434,1.3069270778904123,0.6845651436336138,1.3704033822133084,6.394736842105263,5.849841044843197,0.37021797415083113,0.0,0.0,0.0,0.0,0.0,0,0,0,0,0,0.0,0.2719298245614035,0.2313178749009899,0.3529573379028341,0.9656039080364387,0.5031577140886743,0.0,0.15789473684210525,0.046530836273751756
1016,114,100.0,114,0,114,0,0,0.0,1.6626828049530649,1.6418504037965058,1.2443887798738429,1.3073104323147788,0.6903178870644241,1.3599588796204582,6.394736842105263,5.849841044843197,0.3688582910626883,0.0,0.0,0.0,0.0,0.0,0,0,0,0,0,0.0,0.2631578947368421,0.2304179650930451,0.34190465313799145,0.9787712218142247,0.503256628311093,0.0,0.14035087719298245,0.04655120515129882
1017,114,100.0,114,0,114,0,0,0.0,1.6702153769546237,1.6486239923775672,1.3206025542318367,1.3079883564467003,0.6893696120901232,1.3703889912045888,6.394736842105263,5.849841044843197,0.37379269138101856,0.0,0.0,0.0,0.0,0.0,0,0,0,0,0,0.0,0.23684210526315788,0.2388103920801567,0.3611801602875752,0.9582554649345709,0.5036708232383729,0.0,0.17543859649122806,0.04660869675336762
1018,114,100.0,114,0,113,1,0,0.0,1.6595276125924066,1.638334071447159,1.2568655085348532,1.3081450678800441,0.6828350829466769,1.3781564208797963,6.394736842105263,5.849841044843197,0.3702171808271091,0.01112612988359704,0.06124348224982869,0.0,0.01112612988359704,-0.009688309581446508,0,0,0,1,0,1.0,0.2543859649122807,0.23292805142458814,0.367033096660795,0.9611320651223764,0.5030601104376259,0.0,0.21052631578947367,0.0465598416164314
1019,114,100.0,114,0,112,2,0,0.0,1.6644454666859523,1.6430858885629218,1.2612149158695638,1.30851499094205,0.679362531261265,1.3508592680548848,6.394736842105263,5.849841044843197,0.3702090736670931,0.005342718290347264,0.04837925446442517,0.0,0.005342718290347264,-0.007857866483743314,0,0,0,2,0,1.0,0.2631578947368421,0.23281422764619214,0.3756366328006733,0.957855031356279,0.501505067119098,0.0,0.21052631578947367,0.0465952508424569
1020,114,100.0,114,0,112,2,0,0.0,1.6541300544616317,1.6330834840812003,1.238514686503751,1.3083951742826658,0.6908936411424783,1.3811171730566187,6.394736842105263,5.849841044843197,0.36724879808575484,0.007278633965445023,0.04043000658083197,0.0,0.007278633965445023,-0.0012133323174624566,0,0,0,2,0,1.0,0.2631578947368421,0.23009886365635876,0.37484841815158476,0.9640199320138737,0.4943420069903191,0.0,0.21052631578947367,0.046540169239275696
1021,114,100.0,114,0,113,1,0,0.0,1.6399458394854796,1.6194659629271624,1.244412868339129,1.3076450840339928,0.6865805576385664,1.3822209807420052,6.394736842105263,5.849841044843197,0.3683178423293192,0.04900356014685306,0.05016586215860944,0.0,0.04900356014685306,0.014239537730434071,0,0,0,1,0,1.0,0.2631578947368421,0.23234754449890208,0.3646448106665788,0.9680489553997945,0.49987106571191137,0.0,0.21052631578947367,0.04644730862077481
1022,114,100.0,114,0,113,1,0,0.0,1.6302881936069817,1.6102982404486776,1.1909616418208102,1.306509835118622,0.6930453724911592,1.3894110474623647,6.394736842105263,5.849841044843197,0.3645358915475332,0.00023800001032238047,0.05845747227817142,0.0,0.00023800001032238047,-0.010960397755184204,0,0,0,1,0,1.0,0.2631578947368421,0.22663667626992715,0.35527854025313554,0.9626667407169127,0.49920606706541737,0.0,0.21052631578947367,0.04636581526287607
1023,114,100.0,114,0,113,1,0,0.0,1.63119222807195,1.6110259140767749,1.1426952373428045,1.3054750506607185,0.696244086942928,1.4135485898190765,6.394736842105263,5.849841044843197,0.36143141879129415,0.0024069984647739013,0.044123517788833166,0.0,0.0024069984647739013,-0.0009863195676426129,0,0,0,1,0,1.0,0.2543859649122807,0.221199900676677,0.3600536770526476,0.9660934848534272,0.4940212871304581,0.0,0.21052631578947367,0.046340068812228866
1024,114,100.0,114,0,113,1,0,0.0,1.6279240212937602,1.6075809948320723,1.1727844660531452,1.3043395816088084,0.6990817526391937,1.4166873593283031,6.394736842105263,5.849841044843197,0.3631757200674366,0.024848763634792877,0.05253876843441365,0.0,0.024848763634792877,0.014589354233834673,0,0,0,1,0,1.0,0.2894736842105263,0.22460317402272398,0.3525305473613197,0.9699074424661471,0.4964949773491967,0.0,0.21052631578947367,0.04629051621101285
1025,114,100.0,114,0,112,2,0,0.0,1.639953255745409,1.6189242978872607,1.2507147346364864,1.303801387849919,0.6834651681326658,1.3939499725251157,6.394736842105263,5.849841044843197,0.36832937927190645,0.006868060231972725,0.04665289096819144,0.0,0.006868060231972725,0.0017914881860717768,0,0,0,2,0,1.0,0.30701754385964913,0.23324877235420777,0.3638792975223694,0.9751969713308741,0.5018380362613004,0.0,0.17543859649122806,0.04633492064356695
1026,114,100.0,114,0,112,2,0,0.0,1.6512228422641158,1.630193402925907,1.3170223567951966,1.3038220573559878,0.668481336521539,1.3432006622233983,6.394736842105263,5.849841044843197,0.37026308525730944,0.009807610143078203,0.05234024919218212,0.0,0.009807610143078203,0.003121124117742291,0,0,0,2,0,1.0,0.2982456140350877,0.2377802028287892,0.35237817491527557,0.9692021082072066,0.5048513109435071,0.0,0.21052631578947367,0.046391873142785374
1027,114,100.0,114,0,112,2,0,0.0,1.6620764151518053,1.6406889610801831,1.39672952839197,1.3043326965038422,0.6585935674955246,1.3244210965100773,6.394736842105263,5.849841044843197,0.3723845378103563,0.002666701962583757,0.04351883991665423,0.0,0.002666701962583757,-0.004734609923475075,0,0,0,2,0,1.0,0.2807017543859649,0.24277567598399455,0.3345000628815991,0.964018859482581,0.509202338967797,0.0,0.17543859649122806,0.046461076796454934
1028,114,100.0,114,0,112,2,0,0.0,1.6772188307994689,1.655556401304945,1.4647055447390855,1.305509241369703,0.6432596467646448,1.2735754245278847,6.394736842105263,5.849841044843197,0.37473202653407545,0.015592619702286288,0.048626429681236906,0.0,0.015592619702286288,-0.0011159063662995183,0,0,0,2,0,1.0,0.2982456140350877,0.2472398757895221,0.3359417611264763,0.9629362226376507,0.5119336526369834,0.0,0.17543859649122806,0.04657120187693031
1029,114,100.0,114,0,113,1,0,0.0,1.6783752194718802,1.6563745321858125,1.58068893098301,1.306655247715945,0.6216413703964221,1.255905292371418,6.394736842105263,5.849841044843197,0.3809740655917411,0.037067938285512844,0.058800863742971624,0.0,0.037067938285512844,-0.024642545358362855,0,0,0,1,0,1.0,0.2894736842105263,0.25899470566021227,0.3241547397632747,0.9671085609911813,0.522201278634945,0.0,0.17543859649122806,0.046610503595101854
1030,114,100.0,114,0,113,1,0,0.0,1.688774368190278,1.6665021138746854,1.6439666650324987,1.308208172456957,0.6232724374550253,1.25989206550574,6.394736842105263,5.849841044843197,0.381107894811316,0.032646502493690506,0.06007460192938363,0.0,0.032646502493690506,-0.025112154157258648,0,0,0,1,0,1.0,0.2894736842105263,0.2611243832885661,0.31990427869413046,0.961381645160595,0.5223317627360624,0.0,0.17543859649122806,0.046707921153141464
1031,113,99.12280701754386,114,1,112,1,0,0.008771929824561403,1.6859972195189221,1.669277594696515,1.6414708495879191,1.3095098649811432,0.6400091072365839,1.3070357714263037,6.394736842105263,5.849841044843197,0.3800094230489961,0.10275756457170254,0.04519512390347072,0.0,0.10275756457170254,-0.00017882823868579922,0,1,0,1,0,0.5,0.2807017543859649,0.26039046720146813,0.34109839623667704,0.9577143647079993,0.5114466843029017,0.008771929824561403,0.19298245614035087,0.046732108881563435
1032,112,98.24561403508773,114,1,112,0,1,0.008771929824561403,1.675930348079557,1.6581807436777594,1.5700499176923541,1.3105730737881311,0.662450611486479,1.3110973515283677,6.394736842105263,5.849841044843197,0.377987877876548,0.3131938353348329,0.07910638817863205,0.5,0.29467525222535573,0.016781699003833583,0,2,0,0,0,0.0,0.30701754385964913,0.2556499788095024,0.3432847954140651,0.9634328394406728,0.5130547004688126,0.008771929824561403,0.15789473684210525,0.0467128725369584
1033,112,98.24561403508773,114,0,113,1,0,0.0,1.6854943697373876,1.6674216329182276,1.6730778981390775,1.3119398442534462,0.6429105985385046,1.3166136701953683,6.394736842105263,5.849841044843197,0.38125942877924746,0.33420704724930667,0.07708698232164425,0.0,0.33420704724930667,0.004749787078471401,0,0,0,1,0,0.0,0.30701754385964913,0.2628775114655104,0.3253792833583817,0.9770648295281013,0.5219976151637041,0.0,0.12280701754385964,0.046800669595081945
1034,112,98.24561403508773,114,0,113,1,0,0.0,1.6881370150711281,1.6699438103902586,1.6850101920628158,1.3133446955174783,0.6544175168770839,1.333704197427588,6.394736842105263,5.849841044843197,0.3792963255452291,0.33161639619694894,0.0769468097010575,0.0,0.33161639619694894,0.004067190956765776,0,0,1,0,0,0.0,0.3157894736842105,0.2614236722031528,0.3226042126373943,0.9846969681770543,0.5183712371342514,0.0,0.08771929824561403,0.04685497360468183
1035,112,98.24561403508773,114,0,114,0,0,0.0,1.6930348582892456,1.6752531265306088,1.6049125896034682,1.314915834459471,0.6524620242591476,1.3082304192905831,6.394736842105263,5.849841044843197,0.3776162859268104,0.0,0.0,0.0,0.0,0.0,0,0,0,0,0,0.0,0.2894736842105263,0.2550222389227858,0.3252191973524985,0.9733220433145257,0.5185045852911535,0.0,0.08771929824561403,0.046925417386122506
1036,113,99.12280701754386,114,0,112,2,0,0.0,1.6952985804913452,1.6779744259661895,1.615018970178016,1.3165224176238322,0.649845481707361,1.3112066383746557,6.394736842105263,5.849841044843197,0.3762209459284702,0.07507467322660015,0.0527381775064732,0.0,0.07507467322660015,-0.0010539898424524463,0,0,0,2,0,0.5,0.30701754385964913,0.2535468195052307,0.30866787879224206,0.9719975557524945,0.5201497288829109,0.0,0.12280701754385964,0.046983727277817175
1037,114,100.0,114,0,112,2,0,0.0,1.7056845183400773,1.6886558673571437,1.5311481533902005,1.3185348961009602,0.6505955545769473,1.260301239103938,6.394736842105263,5.849841044843197,0.3740348133575755,0.09067559720888327,0.047944444253020344,0.0,0.09067559720888327,0.0018234406461431762,0,0,0,2,0,0.5,0.3333333333333333,0.2456667630276801,0.3078525373587223,0.9624954026993744,0.5253580725991138,0.0,0.17543859649122806,0.047094520363047676
1038,113,99.12280701754386,114,1,112,1,0,0.008771929824561403,1.6856621192858283,1.66687043921446,1.4033203607609361,1.3194998701972689,0.6773402008998147,1.3176740388252342,6.394736842105263,5.849841044843197,0.3681652411336007,0.0936783453721739,0.048712583693921715,0.0,0.0936783453721739,0.000688149694227369,0,1,0,1,0,0.5,0.3157894736842105,0.23546982242573053,0.30783029750067653,0.9551674570942903,0.5163990995143493,0.008771929824561403,0.15789473684210525,0.047022633093155415
1039,113,99.12280701754386,114,0,113,1,0,0.0,1.6866554045180329,1.6681467657211637,1.3569799081145724,1.3203783725553209,0.673980478392724,1.309883749567539,6.394736842105263,5.849841044843197,0.36552357247844935,0.0026585484595682035,0.05778962084242284,0.0,0.0026585484595682035,-0.02335176428347141,0,0,0,1,0,1.0,0.2982456140350877,0.23060273864959918,0.30637944282877233,0.942846688530156,0.5105189310213123,0.0,0.17543859649122806,0.04705329501507706
1040,113,99.12280701754386,114,0,113,1,0,0.0,1.682130836142517,1.6638822734000267,1.3746299906279393,1.321005911104127,0.6875144604050651,1.3496296039990678,6.394736842105263,5.849841044843197,0.36263866261523403,0.0044265230063562176,0.05896025033433917,0.0,0.0044265230063562176,-0.016658424937802452,0,0,0,1,0,1.0,0.2894736842105263,0.2294968665194878,0.295389135368491,0.9446564124322216,0.5068414772959269,0.0,0.17543859649122806,0.04704902717699962
1041,113,99.12280701754386,114,0,113,1,0,0.0,1.6911562594472722,1.6728542257435282,1.3997585386444085,1.3220166156059039,0.6721171670386457,1.3249888516607735,6.394736842105263,5.849841044843197,0.3647165439309341,0.0027677453516241,0.055285253784626266,0.0,0.0027677453516241,-0.021662981911438672,0,0,0,1,0,1.0,0.30701754385964913,0.2310713376463711,0.28624145439419274,0.9353698415792299,0.5099339411286216,0.0,0.21052631578947367,0.04712371659691691
1042,113,99.12280701754386,114,0,113,1,0,0.0,1.6887830075819514,1.6701312798970902,1.4684350692277202,1.322840765097891,0.6754489804415771,1.3441680684887245,6.394736842105263,5.849841044843197,0.3685083505148443,0.0037499949176349984,0.05444438716794243,0.0,0.0037499949176349984,-0.02402305770218982,0,0,0,1,0,1.0,0.2982456140350877,0.23815623292377525,0.2895848209821362,0.9349046939771213,0.5107193292892932,0.0,0.21052631578947367,0.047135956055216865
1043,114,100.0,114,0,113,1,0,0.0,1.7070929652763103,1.687954678015517,1.5456695945228451,1.3244508155215984,0.6586672037036474,1.3266819774427858,6.394736842105263,5.849841044843197,0.3739490518496533,0.05189842029055386,0.04896900725521062,0.0,0.05189842029055386,0.015918593298753336,0,0,0,1,0,0.0,0.30701754385964913,0.24566694588427285,0.30839611774828574,0.9510055532837375,0.5133091381442765,0.0,0.17543859649122806,0.047274598538953015
1044,114,100.0,114,0,112,2,0,0.0,1.7097939193763763,1.6904942884883682,1.5744406264255923,1.3260855310954338,0.6553547577831327,1.3281266910628124,6.394736842105263,5.849841044843197,0.3746396487233723,0.013958134300425485,0.05194819093097451,0.0,0.013958134300425485,-0.019496096047633638,0,0,2,0,0,1.0,0.2894736842105263,0.2477792160553597,0.3108879982958445,0.9402873072105902,0.5130708978899459,0.0,0.14035087719298245,0.04733591744075567
1045,114,100.0,114,0,113,1,0,0.0,1.7118543098948484,1.6927031965480277,1.5535379472397197,1.3277279924949177,0.6508634104001323,1.3256693127193104,6.394736842105263,5.849841044843197,0.37479910657074433,0.02493794217432809,0.047309716514107196,0.0,0.02493794217432809,-0.01044481047138146,0,0,1,0,0,1.0,0.2894736842105263,0.24647933522387527,0.3067902206191165,0.9435351921691884,0.5134515255718912,0.0,0.14035087719298245,0.04739426008389439
1046,114,100.0,114,0,111,3,0,0.0,1.694890785750382,1.6759887675512855,1.5049937911872817,1.3284921584910188,0.6659888180706645,1.3481538244178257,6.394736842105263,5.849841044843197,0.3739319619378956,0.12776783566172442,0.05783176676759714,0.0,0.12776783566172442,-0.010393808096972545,0,0,0,3,0,0.6666666666666666,0.2807017543859649,0.24486450793808465,0.3156049245931008,0.9402873072105902,0.5079216165147433,0.0,0.14035087719298245,0.04733179371121739
1047,114,100.0,114,0,112,2,0,0.0,1.680764698704956,1.6620272115322339,1.4927133818695302,1.3285582389234283,0.6665903630382912,1.3407519910151233,6.394736842105263,5.849841044843197,0.3754617327345795,0.017652513435846732,0.05711625892858168,0.0,0.017652513435846732,-0.016866736856619907,0,0,0,2,0,1.0,0.32456140350877194,0.24666298316449803,0.3065432245251811,0.9654678782428254,0.5125720286884038,0.0,0.14035087719298245,0.04726309607611911
1048,113,99.12280701754386,114,1,112,1,0,0.008771929824561403,1.6899771794173537,1.6701344029704825,1.5209731014476986,1.3290405439100959,0.6617008078898139,1.3247515286501799,6.394736842105263,5.849841044843197,0.377842555995469,0.17778386067294827,0.06122711701298915,0.0,0.17778386067294827,-0.0034245239703152575,0,1,0,1,0,0.5,0.3157894736842105,0.2498004200431697,0.30851809001535535,0.9528801313596622,0.5185583765029798,0.008771929824561403,0.14035087719298245,0.0473232655172168
1049,113,99.12280701754386,114,0,114,0,0,0.0,1.6866730946021162,1.6671405057462063,1.4915131238243602,1.3293138403341143,0.6630101255838569,1.3183833554774862,6.394736842105263,5.849841044843197,0.37775884732870435,0.0,0.0,0.0,0.0,0.0,0,0,0,0,0,0.0,0.30701754385964913,0.24843492055090027,0.30130163115674946,0.9517082072851107,0.5189231222877243,0.0,0.14035087719298245,0.04731473879633377
1050,113,99.12280701754386,114,0,113,1,0,0.0,1.6831463062327223,1.6637340152720006,1.4698326656400698,1.3294117299293873,0.6641890752255392,1.320698283598231,6.394736842105263,5.849841044843197,0.37575949809405196,0.006355148232445587,0.04917065973513826,0.0,0.006355148232445587,-0.003347391284743595,0,0,1,0,0,1.0,0.2982456140350877,0.2457276102638628,0.30151962894030365,0.9533412311578904,0.515846217729481,0.0,0.14035087719298245,0.04729996804734826
1051,113,99.12280701754386,114,0,114,0,0,0.0,1.6911301269183951,1.671574786518378,1.4464254930065872,1.3298708312626195,0.6667383947503508,1.322951522753964,6.394736842105263,5.849841044843197,0.3720243746548575,0.0,0.0,0.0,0.0,0.0,0,0,0,0,0,0.0,0.2807017543859649,0.24067970847601883,0.3041639696145253,0.9570350707372326,0.5081865905329297,0.0,0.14035087719298245,0.047353315499891045
1052,113,99.12280701754386,114,0,114,0,0,0.0,1.6855208524262644,1.6659820719208764,1.4407173013671843,1.3300413439663867,0.6792996297459228,1.3451766993695704,6.394736842105263,5.849841044843197,0.37064404937566997,0.0,0.0,0.0,0.0,0.0,0,0,0,0,0,0.0,0.2894736842105263,0.23993928197088374,0.30099926802827026,0.9578026417468286,0.5061656645885269,0.0,0.10526315789473684,0.04733025648849621
1053,114,100.0,114,0,113,1,0,0.0,1.6823777521265872,1.6629270696549756,1.4602616696957529,1.3300589117268449,0.6788005969644555,1.3487989456939529,6.394736842105263,5.849841044843197,0.3703211116484384,0.011834308706827622,0.04601365687439381,0.0,0.011834308706827622,-0.0034192107641065617,0,0,0,1,0,1.0,0.2894736842105263,0.24070943814665788,0.292629274778109,0.953279583434709,0.5073881121970835,0.0,0.08771929824561403,0.0473150548300288
1054,114,100.0,114,0,112,2,0,0.0,1.689716298295125,1.6700575616771822,1.4787597007533648,1.3304091497604529,0.6694247558357036,1.3132280493691555,6.394736842105263,5.849841044843197,0.37079965003067406,0.01057396638697971,0.05131011380953136,0.0,0.01057396638697971,-0.01626038397164753,0,0,0,2,0,1.0,0.2894736842105263,0.24114815384404792,0.28810706914190043,0.9427512952609005,0.5096039684668123,0.0,0.08771929824561403,0.047361991744993816
1055,114,100.0,114,0,112,2,0,0.0,1.677756049421842,1.6584620425609655,1.387936392656754,1.3301962438765174,0.6695610501973339,1.3106363167466573,6.394736842105263,5.849841044843197,0.36960633536934284,0.009297025154744395,0.05387445356674455,0.0,0.009297025154744395,-0.02219809340380338,0,0,0,2,0,1.0,0.2894736842105263,0.2356843740472458,0.29194620413864386,0.9267432105573236,0.508716881770226,0.0,0.08771929824561403,0.047295963172734726
1056,114,100.0,114,0,112,2,0,0.0,1.66864615177535,1.6492027773609665,1.3520816508943467,1.3295624708114708,0.6736524967406524,1.3575634544433341,6.394736842105263,5.849841044843197,0.36949076635219913,0.010415214014446297,0.059867875719703284,0.0,0.010415214014446297,-0.00021464854066033379,0,0,0,2,0,1.0,0.2894736842105263,0.23468175068526773,0.3089790498476345,0.93536156778647,0.5083942715990452,0.0,0.12280701754385964,0.04723187632605713
1057,114,100.0,114,0,113,1,0,0.0,1.6864218484708342,1.6668453880993748,1.400696353078919,1.3297914242108007,0.6559794645834771,1.3447667755913677,6.394736842105263,5.849841044843197,0.3739435717259003,0.02397643886438386,0.06106083155398948,0.0,0.02397643886438386,-0.004817952016506921,0,0,0,1,0,1.0,0.2982456140350877,0.2390390628935306,0.3015825375364763,0.9319961760385479,0.5143854172873955,0.0,0.08771929824561403,0.04732745151449834
1058,114,100.0,114,0,113,1,0,0.0,1.7017710154376307,1.6818127736987543,1.5267351047505628,1.3307074388131088,0.6477326081318006,1.330893192663225,6.394736842105263,5.849841044843197,0.37859867537676006,0.0013647892159928195,0.057152083453195626,0.0,0.0013647892159928195,-0.025034885911756954,0,0,0,1,0,1.0,0.30701754385964913,0.2480369707566805,0.28743266316515714,0.9118375285169784,0.5196197329558061,0.0,0.10526315789473684,0.04743099004842361
1059,114,100.0,114,0,112,2,0,0.0,1.7000114455429627,1.6800060569541047,1.4698099504339617,1.3314853159710802,0.643516340811775,1.3112843243120853,6.394736842105263,5.849841044843197,0.3787286299738337,0.0036921888604312908,0.05933112919309288,0.0,0.0036921888604312908,-0.00993029872851392,0,0,0,2,0,1.0,0.2982456140350877,0.24552408050097188,0.2969101015810447,0.9485203167535095,0.5197414852456286,0.0,0.07017543859649122,0.047444944487583005
1060,114,100.0,114,0,112,2,0,0.0,1.6943696547407188,1.6748934765454064,1.4400609059554124,1.3319784262900276,0.646426658570776,1.3105463797115608,6.394736842105263,5.849841044843197,0.37604418640716974,0.011942084871115446,0.05201235860162329,0.0,0.011942084871115446,0.0005251754219743054,0,0,0,2,0,1.0,0.30701754385964913,0.2418811921435119,0.2886364949723592,0.9604403338336955,0.5178387213122196,0.0,0.07017543859649122,0.04743115861848886
1061,113,99.12280701754386,114,1,112,1,0,0.008771929824561403,1.7241216885180328,1.7122288237826135,1.517443591554456,1.3338225916676227,0.6380033161086819,1.2957722805184158,6.394736842105263,5.849841044843197,0.37707481196297365,0.40537312966409816,0.07134267761624544,0.5,0.10875391542713093,-0.003945679827798088,0,1,0,1,0,0.5,0.2894736842105263,0.2440709854809169,0.29289034927681057,0.9291032032769646,0.5117742715378212,0.008771929824561403,0.10526315789473684,0.0476338591589721
1062,112,98.24561403508773,114,1,108,1,4,0.008771929824561403,1.7195838678432613,1.7038927855592403,1.458339548991729,1.3357062293532311,0.6545134613575191,1.3224748286824926,6.394736842105263,5.849841044843197,0.3767454932974583,0.8121059206189961,0.12652424888277933,0.8333333333333334,0.02292040582613065,0.016709921010868916,2,3,1,0,0,0.8333333333333334,0.30701754385964913,0.24219469462860518,0.3295355314486247,0.9492733520290683,0.5066022419013726,0.008771929824561403,0.05263157894736842,0.04766626496083268
1063,111,97.36842105263158,114,1,107,4,2,0.008771929824561403,1.7184164887678326,1.7004275365240868,1.4975457969491566,1.3372611396310692,0.6710849070235836,1.3463918839945033,6.394736842105263,5.849841044843197,0.37615011877347926,0.24484951894858242,0.077110156798431,0.2857142857142857,0.17285586899088395,-5.637785019250798e-06,1,2,1,3,0,0.2857142857142857,0.2894736842105263,0.24382589540956612,0.3168353325150563,0.9788339849002797,0.5064153061604881,0.008771929824561403,0.05263157894736842,0.04770590795527725
1064,111,97.36842105263158,114,0,113,1,0,0.0,1.7249676945867993,1.7070260744139,1.587609163784259,1.3389201381659852,0.6555098958693878,1.328595110347057,6.394736842105263,5.849841044843197,0.379233425376728,0.06059766312294069,0.06258882124921217,0.0,0.06059766312294069,0.011258576243560192,0,0,0,1,0,0.0,0.2894736842105263,0.2500166053049704,0.2927066895909902,0.951868831671375,0.5135575725798551,0.0,0.05263157894736842,0.047787188372986525
1065,111,97.36842105263158,114,0,112,2,0,0.0,1.7361044858071604,1.7176894803889649,1.6849445707459934,1.3409811217632783,0.6411208384311055,1.3365526127795997,6.394736842105263,5.849841044843197,0.38345205158721307,0.0505168531329693,0.06598153742395604,0.0,0.0505168531329693,0.013591210110674046,0,0,0,2,0,0.5,0.30701754385964913,0.2574057229075453,0.29676891055917254,0.9656251006470788,0.5203114356949026,0.0,0.05263157894736842,0.047903154461289295
1066,111,97.36842105263158,114,1,111,2,0,0.008771929824561403,1.7420389957604359,1.7303566115684388,1.7062690582599773,1.3432017336267712,0.6439205899783056,1.3411541804529248,6.394736842105263,5.849841044843197,0.383952546151741,0.15808844535678496,0.07372480162850253,0.0,0.15808844535678496,0.01464689171365674,0,1,0,2,0,0.3333333333333333,0.2982456140350877,0.257869211067007,0.2930029843344293,0.9764508389315042,0.5186023053738986,0.008771929824561403,0.05263157894736842,0.04799777814317431
1067,110,96.49122807017544,114,2,109,1,2,0.017543859649122806,1.7484374780286012,1.7283830824930013,1.7618448686263057,1.3458944360188192,0.6614306170685047,1.3641212001212757,6.394736842105263,5.849841044843197,0.3858515323122649,0.6028728096345145,0.10889784963497476,0.6,0.020503723730885548,0.010519400555362223,2,2,0,1,0,0.8,0.2982456140350877,0.26222242953792085,0.3015945399339416,0.9673683370404602,0.5134594430353997,0.017543859649122806,0.08771929824561403,0.04810852995938788
1068,111,97.36842105263158,114,0,111,3,0,0.0,1.746012395849858,1.7258494569067766,1.862834380518076,1.3479293108021981,0.6615210247408481,1.3347778935887415,6.394736842105263,5.849841044843197,0.38675464139527294,0.1637175412593598,0.06592125298103065,0.0,0.1637175412593598,0.004816018237468726,0,0,0,3,0,0.3333333333333333,0.2982456140350877,0.2672208909486593,0.2878774145820481,0.9694450282746137,0.5164283662700992,0.0,0.07017543859649122,0.048155923018638795
1069,110,96.49122807017544,114,1,111,2,0,0.008771929824561403,1.7677639343229123,1.7476137092364825,2.016805707809078,1.350862341269044,0.6526803196126615,1.309278781856549,6.394736842105263,5.849841044843197,0.390788059396765,0.17664749969007973,0.06486506918601792,0.0,0.17664749969007973,0.012970506005955729,0,1,1,1,0,0.3333333333333333,0.30701754385964913,0.27436073695280333,0.25703710029111587,0.9783129112569978,0.5315714727247227,0.008771929824561403,0.03508771929824561,0.04835046952105772
1070,110,96.49122807017544,114,0,113,1,0,0.0,1.748434590384581,1.7290819959433976,1.839853969350116,1.3527578802083104,0.6600350398942804,1.320509481853875,6.394736842105263,5.849841044843197,0.38730919877405556,0.0020748235964710305,0.04169579643318258,0.0,0.0020748235964710305,0.0016253821713141936,0,0,0,1,0,1.0,0.3157894736842105,0.265306187275885,0.2651734569773616,0.9743039615260694,0.530459526215306,0.0,0.03508771929824561,0.04830926580881117
1071,111,97.36842105263158,114,0,114,0,0,0.0,1.7611527091276977,1.7418862433540743,1.842348982153331,1.3551417556290968,0.648596657623515,1.3465765277884534,6.394736842105263,5.849841044843197,0.38856566777358004,0.0,0.0,0.0,0.0,0.0,0,0,0,0,0,0.0,0.3157894736842105,0.26610240294094173,0.27186481829605286,0.9610717761246398,0.5324528361843897,0.0,0.08771929824561403,0.04844258286393829
1072,113,99.12280701754386,114,0,114,0,0,0.0,1.7681697516246961,1.7487892385269708,1.8159644279407288,1.3577092295230186,0.6483419029199646,1.3338763278384005,6.394736842105263,5.849841044843197,0.38733758290287224,0.0,0.0,0.0,0.0,0.0,0,0,0,0,0,0.0,0.3157894736842105,0.2627971941516131,0.27177451075563697,0.964578901142331,0.533784016995668,0.0,0.08771929824561403,0.048552764647254415
1073,113,99.12280701754386,114,0,114,0,0,0.0,1.7812763295100094,1.7620602207731997,1.9383682368866972,1.3607475753684726,0.6415756751992636,1.327528152421109,6.394736842105263,5.849841044843197,0.3891227127639785,0.0,0.0,0.0,0.0,0.0,0,0,0,0,0,0.0,0.3157894736842105,0.26814321590653484,0.24418018687377885,0.9765210851475334,0.5407175757428468,0.0,0.05263157894736842,0.048707166737856813
1074,114,100.0,114,0,113,1,0,0.0,1.782367864616551,1.7634175762522726,1.9159041062078326,1.363671705321927,0.6467260576921421,1.3435875964641977,6.394736842105263,5.849841044843197,0.3869858589350559,0.013348293417045416,0.06785549570099887,0.0,0.013348293417045416,-0.00969784183868927,0,0,0,1,0,1.0,0.32456140350877194,0.2645751045372355,0.238765012580984,0.9891213824082498,0.5469202525527009,0.0,0.05263157894736842,0.04879815289050038
1075,114,100.0,114,0,114,0,0,0.0,1.7642486877551102,1.7456816883414323,1.6970343341497043,1.365594761320619,0.6730498132693867,1.3560468298192525,6.394736842105263,5.849841044843197,0.3786665624861476,0.0,0.0,0.0,0.0,0.0,0,0,0,0,0,0.0,0.3157894736842105,0.2496205852550187,0.2651414291509515,0.9773879672357159,0.53074198235684,0.0,0.03508771929824561,0.04876380486575658
1076,114,100.0,114,0,114,0,0,0.0,1.7713742223012603,1.752705885843262,1.7513080874875204,1.36773404511101,0.6683677475885282,1.3498997118632408,6.394736842105263,5.849841044843197,0.3809301282535349,0.0,0.0,0.0,0.0,0.0,0,0,0,0,0,0.0,0.32456140350877194,0.25315684963897656,0.2586269072818438,0.9751029716778546,0.5369322835805632,0.0,0.05263157894736842,0.04886200488910532
1077,114,100.0,114,0,114,0,0,0.0,1.7636638843561765,1.7449430761020102,1.7594126106194645,1.369384894575784,0.6764008056713433,1.3574326310584384,6.394736842105263,5.849841044843197,0.3807421589962694,0.0,0.0,0.0,0.0,0.0,0,0,0,0,0,0.0,0.3157894736842105,0.2542120497002031,0.259936871058934,0.9794127643629654,0.5333981106850574,0.0,0.07017543859649122,0.04887173923416936
1078,114,100.0,114,0,114,0,0,0.0,1.7382051636618805,1.7203526075943103,1.7171369930530513,1.369788369315073,0.6943701027057623,1.4173260354626915,6.394736842105263,5.849841044843197,0.37789497060112054,0.0,0.0,0.0,0.0,0.0,0,0,0,0,0,0.0,0.3333333333333333,0.2513029287676537,0.24084267341535148,0.9774765077684543,0.5353285075579807,0.0,0.10526315789473684,0.048756246946150134
1079,114,100.0,114,0,113,1,0,0.0,1.7354043781111022,1.7181979942237733,1.6654698306777103,1.3700674082576112,0.7016638061603468,1.4235609299667547,6.394736842105263,5.849841044843197,0.3737306875886095,0.011335208383765628,0.057479305749728385,0.0,0.011335208383765628,0.005001195260909697,0,0,0,1,0,1.0,0.3157894736842105,0.24470967066737132,0.2270428511749705,0.984993028407433,0.5367090230052675,0.0,0.08771929824561403,0.04875040468569209
1080,113,99.12280701754386,114,1,112,1,0,0.008771929824561403,1.7193660757668483,1.7068449804522088,1.5672522192429188,1.3695997455773279,0.7249508467713696,1.4557449157168703,6.394736842105263,5.849841044843197,0.36832263535391974,0.17248610710239254,0.05706590748688993,0.0,0.17248610710239254,-0.0051612533234385305,0,1,0,1,0,0.0,0.3157894736842105,0.2362632363809046,0.23550341897807928,0.9781351973745039,0.52248164282139,0.008771929824561403,0.10526315789473684,0.048656534412259506
1081,113,99.12280701754386,114,0,112,2,0,0.0,1.7254810282519468,1.7124192177579023,1.5997437679511113,1.3696193793186249,0.721622212213622,1.4533873344947887,6.394736842105263,5.849841044843197,0.368793634606682,0.4625633650913901,0.09016727113314107,0.5,0.03788738810029265,-0.010848415545155421,0,0,1,1,0,0.5,0.3333333333333333,0.2377556032767077,0.23442971284583236,0.9849816038938088,0.5222663434740098,0.0,0.10526315789473684,0.04868768344601351
1082,112,98.24561403508773,114,1,112,1,0,0.008771929824561403,1.7217228410377443,1.7058170846073348,1.5909195810558614,1.3694844948121307,0.74573819624617,1.4698449345820226,6.394736842105263,5.849841044843197,0.36536047861217646,0.47415522674579214,0.08909693874321506,0.5,0.03174924075829568,-4.207951344709082e-05,1,0,0,1,0,0.5,0.3157894736842105,0.23523121289490279,0.22763831838623644,0.9806081031894425,0.519561468938395,0.008771929824561403,0.10526315789473684,0.048664947245330485
1083,112,98.24561403508773,114,0,114,0,0,0.0,1.7120625762894492,1.6959637238841976,1.6388677512994791,1.3687407743521904,0.7655141233265327,1.5160616087586525,6.394736842105263,5.849841044843197,0.364396967646182,0.0,0.0,0.0,0.0,0.0,0,0,0,0,0,0.0,0.3157894736842105,0.2372379424479055,0.21894795382076265,0.98422128736616,0.513814935503244,0.0,0.10526315789473684,0.048594892689226774
1084,112,98.24561403508773,114,0,113,1,0,0.0,1.7093897687647759,1.6935009346947796,1.6269449877070645,1.367925304954694,0.7636138627060884,1.5071996036280273,6.394736842105263,5.849841044843197,0.364884086641426,0.0003718223530378585,0.05023452549520363,0.0,0.0003718223530378585,-0.018866728088312024,0,0,0,1,0,1.0,0.2982456140350877,0.2377391541770716,0.21992652189666453,0.9780006927184159,0.5153759071259051,0.0,0.10526315789473684,0.04855767681984196
1085,112,98.24561403508773,114,1,112,1,0,0.008771929824561403,1.7061636525468602,1.689761531309817,1.5482960455764332,1.367015897942869,0.7707058250054417,1.5165633082341288,6.394736842105263,5.849841044843197,0.36187185447687753,0.16592256815546547,0.07021906749787954,0.0,0.16592256815546547,-0.0027659772409484584,1,0,0,1,0,0.5,0.2982456140350877,0.2319212885819351,0.2219124478603703,0.9791760468983589,0.5089903243165491,0.008771929824561403,0.12280701754385964,0.048514946806431175
1086,112,98.24561403508773,114,0,113,1,0,0.0,1.7008243019815033,1.684436998782211,1.5208236767344696,1.3658771503989047,0.7662041148785611,1.5120399775333955,6.394736842105263,5.849841044843197,0.3609308856086144,0.00021047814705440844,0.0718936143773445,0.0,0.00021047814705440844,-0.02995523710491399,0,0,0,1,0,1.0,0.2982456140350877,0.23045761314615565,0.22058019666281523,0.9733216579020948,0.509520565318154,0.0,0.15789473684210525,0.0484549425929924
1087,113,99.12280701754386,114,0,113,1,0,0.0,1.6958910876771907,1.6798872815317265,1.448770380640636,1.3645920967944496,0.7646520755407169,1.497608638755631,6.394736842105263,5.849841044843197,0.3544809453355502,0.00034427608219775557,0.0673444743057904,0.0,0.00034427608219775557,-0.02174962613783149,0,0,0,1,0,1.0,0.2807017543859649,0.2216137280106402,0.21703227266248806,0.9684016349951357,0.5031319440234215,0.0,0.15789473684210525,0.048392689724870014
1088,113,99.12280701754386,114,0,113,1,0,0.0,1.6831204955505243,1.6670634527946717,1.393181347504293,1.362782077905612,0.7684677105510106,1.4857428191870132,6.394736842105263,5.849841044843197,0.35460092654352504,0.0003510562317033494,0.06736319274349997,0.0,0.0003510562317033494,-0.019646469306388137,0,0,0,1,0,1.0,0.2982456140350877,0.22099540319728403,0.24360397429604394,0.9751862683541196,0.4996706860881244,0.0,0.12280701754385964,0.048275895150297364
1089,113,99.12280701754386,114,0,114,0,0,0.0,1.7000132770134544,1.6836853614202258,1.4380569668147434,1.3618558264312242,0.7448201442959606,1.4560334083652173,6.394736842105263,5.849841044843197,0.35894328978187984,0.0,0.0,0.0,0.0,0.0,0,0,0,0,0,0.0,0.3157894736842105,0.22528954411397012,0.2537058065172736,0.9583005227885075,0.505164860266587,0.0,0.12280701754385964,0.04833326693814841
1090,113,99.12280701754386,114,1,112,1,0,0.008771929824561403,1.6893114259896596,1.6710729923486136,1.2946162938467929,1.3605121301722105,0.7649154623728143,1.461970054614348,6.394736842105263,5.849841044843197,0.3526162668234094,0.18027156201371528,0.06612919908797382,0.0,0.18027156201371528,-0.002486090752282538,0,1,0,1,0,0.5,0.30701754385964913,0.2136952968217239,0.25563383521685873,0.9635184293533088,0.49917131415242655,0.008771929824561403,0.07017543859649122,0.04824045563539053
1091,113,99.12280701754386,114,0,112,2,0,0.0,1.68761588209336,1.6693173423603451,1.2915258469818776,1.3590462620109913,0.7557546354941991,1.4507145305342954,6.394736842105263,5.849841044843197,0.35468404219815297,0.005848368642935652,0.06753610805891888,0.0,0.005848368642935652,-0.02784066780324468,0,0,0,2,0,1.0,0.2982456140350877,0.21544858214132168,0.26532547734930606,0.9703429475003997,0.5007472083643197,0.0,0.07017543859649122,0.048189102437229896
1092,113,99.12280701754386,114,0,113,1,0,0.0,1.6884608976766478,1.670102766057628,1.3016349137463976,1.3577029016373856,0.7578702542418055,1.4572250000352416,6.394736842105263,5.849841044843197,0.3543950080694185,0.0004350460466206088,0.06785230779083923,0.0,0.0004350460466206088,-0.01997377986093629,0,0,0,1,0,1.0,0.2982456140350877,0.21536353758180934,0.2605223872244386,0.9728099680908484,0.4984065596937604,0.0,0.03508771929824561,0.048154035291888664
1093,113,99.12280701754386,114,0,113,1,0,0.0,1.6673334591318454,1.6495487429722342,1.2506219049860905,1.3554762235672424,0.7554947800187507,1.4673879764972186,6.394736842105263,5.849841044843197,0.3515169275405834,0.0005042629920786123,0.06651069482248331,0.0,0.0005042629920786123,-0.01847226570401761,0,0,0,1,0,1.0,0.30701754385964913,0.2116831155865229,0.2548566370745965,0.9774116485339066,0.4980771303402039,0.0,0.03508771929824561,0.04798326953532277
1094,113,99.12280701754386,114,0,112,2,0,0.0,1.6718212658016265,1.6542039778385533,1.240787184303503,1.3535976616967382,0.7540344703332098,1.467595397816669,6.394736842105263,5.849841044843197,0.35175408901835903,0.006106623397477163,0.06804245679835216,0.0,0.006106623397477163,-0.021503909910049135,0,0,0,2,0,1.0,0.2982456140350877,0.21122610799134614,0.26581190339757066,0.9728099680908484,0.49594717956889495,0.0,0.07017543859649122,0.04795076212699491
1095,114,100.0,114,0,112,2,0,0.0,1.6614670289012585,1.6443028231908716,1.1579580823149054,1.3513656312627926,0.7503184546907453,1.4347006229827128,6.394736842105263,5.849841044843197,0.35025609994613216,0.007536236980555749,0.06567897206332562,0.0,0.007536236980555749,-0.019603048760425956,0,0,0,2,0,1.0,0.34210526315789475,0.2061788211372319,0.2734338233281516,0.9831480616707234,0.4945573170862287,0.0,0.03508771929824561,0.0478337058262639
1096,114,100.0,114,0,111,3,0,0.0,1.651884601408728,1.635155991539733,1.1346257389871575,1.3488361109715208,0.75262810412542,1.4339186389054146,6.394736842105263,5.849841044843197,0.3472116101588405,0.025200837991024534,0.06380317671330292,0.0,0.025200837991024534,-0.011852440173835244,0,0,0,3,0,1.0,0.32456140350877194,0.20297799485999585,0.26861194578812625,0.9754023806296555,0.49224538628386116,0.0,0.07017543859649122,0.047711807230683016
1097,114,100.0,114,0,111,3,0,0.0,1.6459437284289162,1.628978854823014,1.11297744950406,1.3461654814532444,0.7544471483848012,1.4410250202355372,6.394736842105263,5.849841044843197,0.3472069002041387,0.028414411027465277,0.06717175779538351,0.0,0.028414411027465277,-0.012431343710533338,0,0,0,3,0,0.6666666666666666,0.3333333333333333,0.2023399251108021,0.27721273510043,0.9754023806296555,0.48988046179685063,0.0,0.07017543859649122,0.04760398907492605
1098,114,100.0,114,0,111,3,0,0.0,1.6535382209891005,1.6364783155817189,1.1691275521917526,1.3440020447435683,0.7361713076018617,1.4232490397863464,6.394736842105263,5.849841044843197,0.35190831528135735,0.03197780477882315,0.06574321402648772,0.0,0.03197780477882315,-0.008761792294676477,0,0,0,3,0,0.6666666666666666,0.32456140350877194,0.20849989391346394,0.26760792938918593,0.9791504885466855,0.49733026714225753,0.0,0.10526315789473684,0.047578682733416054
1099,114,100.0,114,0,112,2,0,0.0,1.6503759736478152,1.6337279568731047,1.1160060691578284,1.3418364523524198,0.7409057205450014,1.457096777432579,6.394736842105263,5.849841044843197,0.34761115580252056,0.050311599332357834,0.06411225363808451,0.0,0.050311599332357834,-0.006020196242096154,0,0,0,2,0,0.5,0.35964912280701755,0.20249172680407218,0.2738344447053414,0.9765594586213928,0.49231895873192183,0.0,0.14035087719298245,0.04749952964042892
1100,114,100.0,114,0,111,3,0,0.0,1.6636315762192673,1.646559105151699,1.1254257843609345,1.3403980250966538,0.7321257457118542,1.4225764839229322,6.394736842105263,5.849841044843197,0.34844874649234026,0.0510453336008451,0.062178862082115455,0.0,0.0510453336008451,-0.008973419447930397,0,0,0,3,0,0.3333333333333333,0.34210526315789475,0.20304413111863784,0.28677194159965896,0.9732727649265942,0.4904911640819704,0.0,0.10526315789473684,0.04752373479928217
1101,114,100.0,114,0,112,2,0,0.0,1.6705897813237076,1.6528451083532503,1.1191561731583017,1.3393379205051874,0.7216846695557095,1.3926115150577578,6.394736842105263,5.849841044843197,0.35068924126294343,0.03623678227401395,0.062039667107721026,0.0,0.03623678227401395,-0.0026972727341699754,0,0,0,2,0,0.5,0.3508771929824561,0.20442647762971333,0.3150401668712325,0.9683716477925637,0.48860245008129033,0.0,0.10526315789473684,0.04752751860804944
1102,114,100.0,114,0,112,2,0,0.0,1.6646948747225527,1.6471090855642574,1.0988124397499102,1.3380713917748688,0.7290460315693049,1.390785109864698,6.394736842105263,5.849841044843197,0.3492204253838702,0.044917940351038854,0.06339894648286407,0.0,0.044917940351038854,-0.023117015527050477,0,0,0,2,0,0.5,0.35964912280701755,0.2021111597730584,0.30339001717605263,0.9822278343826989,0.49031569926943563,0.0,0.07017543859649122,0.04746099911628821
1103,114,100.0,114,0,112,2,0,0.0,1.6646495311990424,1.646888194438255,1.068972514394471,1.336868615538259,0.7311728269694933,1.3947808766586691,6.394736842105263,5.849841044843197,0.34785369292539103,0.04247492725693996,0.06467803258170805,0.0,0.04247492725693996,-0.023372950427588413,0,0,0,2,0,0.5,0.34210526315789475,0.19975640205080616,0.3259054500921338,0.9762312750823219,0.4840003900635806,0.0,0.10526315789473684,0.04742559214968725
1104,114,100.0,114,0,112,2,0,0.0,1.657739790535999,1.64030925802101,1.0523972695026642,1.3354283139413357,0.7429401224984055,1.401330057878349,6.394736842105263,5.849841044843197,0.3457683720527702,0.032404852348186436,0.06542300698154752,0.0,0.032404852348186436,-0.02543241738062929,0,0,0,2,0,0.5,0.32456140350877194,0.19721651727997871,0.3010812634708576,0.978267505281994,0.48909861297087476,0.0,0.10526315789473684,0.04734891576937886
1105,114,100.0,114,0,111,3,0,0.0,1.6702764913329644,1.6525383438020687,1.1097559041976546,1.3346445733619423,0.7157384094606993,1.3711413644657142,6.394736842105263,5.849841044843197,0.3511465574059336,0.0015064293331092519,0.06140537780378417,0.0,0.0015064293331092519,-0.020740169905726875,0,0,0,3,0,1.0,0.3157894736842105,0.20377297663829294,0.3051943892811751,0.9779425407195096,0.49671174180522404,0.0,0.10526315789473684,0.04738867548431446
1106,114,100.0,114,0,111,3,0,0.0,1.6623150670235676,1.6449044451610966,1.104330242860217,1.3335494236118302,0.704310990806169,1.3552302667362084,6.394736842105263,5.849841044843197,0.3504159701143197,0.02623601613663236,0.06125389555279973,0.0,0.02623601613663236,-0.01748612716611349,0,0,0,3,0,0.6666666666666666,0.2982456140350877,0.20313358906983758,0.2940067999051433,0.9709899912351146,0.50053083864865,0.0,0.07017543859649122,0.0473168361029752
1107,114,100.0,114,0,112,2,0,0.0,1.6604738623325035,1.6432938988810584,1.09264456957102,1.332442966863434,0.7087381720884713,1.3490767178955958,6.394736842105263,5.849841044843197,0.34832116669775903,0.03563592028256365,0.058550769117929564,0.0,0.03563592028256365,-0.015772470151585782,0,0,0,2,0,0.5,0.34210526315789475,0.2007539166216998,0.2898952248956558,0.9736529979040944,0.49985976327540493,0.0,0.07017543859649122,0.04727526709901433
1108,114,100.0,114,0,111,3,0,0.0,1.6707133422270293,1.6532881789795932,1.114798695205894,1.3318689556755217,0.7073566304557919,1.3451807772735946,6.394736842105263,5.849841044843197,0.3484072784238641,0.0453794503469249,0.05930759708183253,0.0,0.0453794503469249,-0.012402835946363008,0,0,1,2,0,0.3333333333333333,0.3157894736842105,0.20180842516156092,0.2974220763539757,0.9827688197047273,0.4958742028896007,0.0,0.07017543859649122,0.04730967512745071
1109,114,100.0,114,0,113,1,0,0.0,1.6746432723484659,1.657653172697472,1.0932486432330655,1.3315327993849726,0.7006608498630208,1.3495005239159046,6.394736842105263,5.849841044843197,0.3459626422257649,0.07968999596390859,0.057669010674234425,0.0,0.07968999596390859,-0.012832085524704495,0,0,0,1,0,0.0,0.30701754385964913,0.19804149916551847,0.28778957806522926,0.9700501175526954,0.4990238583192788,0.0,0.14035087719298245,0.047319492473728214
1110,114,100.0,114,0,112,2,0,0.0,1.6858569389331113,1.6690222388462972,1.0841798082509928,1.3317483655414737,0.6842467728264511,1.3458139256449564,6.394736842105263,5.849841044843197,0.34540023417308374,0.08000254568943929,0.055736388704039706,0.0,0.08000254568943929,-0.009109388103988036,0,0,0,2,0,0.0,0.2807017543859649,0.195795226676303,0.28192371238740743,0.9857068667934407,0.5007249887316971,0.0,0.07017543859649122,0.04738186594540233
1111,114,100.0,114,0,112,2,0,0.0,1.6801410295827461,1.663639186220987,1.0182392007235181,1.3316994014029206,0.688957879716262,1.3381912329750052,6.394736842105263,5.849841044843197,0.34002726205829625,0.08404717618799212,0.055812060078261796,0.0,0.08404717618799212,-0.012308598596258213,0,0,1,1,0,0.0,0.2719298245614035,0.18803380819118762,0.27283183792906335,0.9827248404311201,0.49689102300843974,0.0,0.10526315789473684,0.04735185423651334
1112,114,100.0,114,0,112,2,0,0.0,1.6980076722976316,1.6813257997044109,1.043939128325888,1.3324810126086388,0.6875223739074748,1.3225452814021461,6.394736842105263,5.849841044843197,0.3397502614322483,0.08796940407756916,0.05498512898836593,0.0,0.08796940407756916,-0.006485388039538242,0,0,0,2,0,0.0,0.2719298245614035,0.18839052292314226,0.2768391992494019,0.9782407190524312,0.496191494327709,0.0,0.03508771929824561,0.047464048956649366
1113,114,100.0,114,0,112,2,0,0.0,1.6933403287233046,1.6769458008356104,1.0241656509245287,1.3330119224239614,0.6960595172781168,1.3539645890157552,6.394736842105263,5.849841044843197,0.33691747572687936,0.06270132850394966,0.0597551565104955,0.0,0.06270132850394966,-0.013682073857466004,0,0,0,2,0,0.5,0.2807017543859649,0.18536717511256257,0.2804807165023172,0.9804013764951913,0.4889837792020029,0.0,0.07017543859649122,0.047456240928921645
1114,114,100.0,114,0,111,3,0,0.0,1.6741810879774726,1.6580164621298625,1.0186655859240752,1.3326259058788947,0.7086872106777842,1.3588675029417547,6.394736842105263,5.849841044843197,0.3372383736961657,0.04199655029254323,0.055996085384575754,0.0,0.04199655029254323,-0.011599435543250158,0,0,0,3,0,0.6666666666666666,0.2894736842105263,0.18715071605280245,0.28235238767843207,0.9858528951487082,0.4855517898995824,0.0,0.07017543859649122,0.04734915404804589
1115,114,100.0,114,0,109,5,0,0.0,1.6719417683889948,1.6555495382683594,1.0237375070272199,1.3321470217884455,0.7147341259225835,1.368891569643741,6.394736842105263,5.849841044843197,0.33783007575492174,0.04564593951336983,0.05260925949230626,0.0,0.04564593951336983,-0.002005866791855282,0,0,1,4,0,0.6,0.2894736842105263,0.18840827610704328,0.28606598752530465,0.9819436218578483,0.4828131006234237,0.0,0.10526315789473684,0.04732395047106334
1116,114,100.0,114,0,109,5,0,0.0,1.6814634346737667,1.6648762501941778,1.0871387249685065,1.332132629913973,0.6966689821253662,1.3722274746981635,6.394736842105263,5.849841044843197,0.3434372792486746,0.04698327322371374,0.052360845479919926,0.0,0.04698327322371374,-0.0015295995393347806,0,0,0,5,0,0.6,0.2807017543859649,0.1952583627882523,0.2726134680543016,0.9603600113046806,0.4939428597926106,0.0,0.17543859649122806,0.0473711378515972
1117,114,100.0,114,0,110,4,0,0.0,1.6992356208754746,1.6819619548825255,1.1450958994635543,1.3329186691938084,0.6822945277313149,1.3700780206012881,6.394736842105263,5.849841044843197,0.3474470859233685,0.05897397822877922,0.05098621818414747,0.0,0.05897397822877922,0.002762435936768254,0,0,1,3,0,0.5,0.2719298245614035,0.2004534898673801,0.2748273632761353,0.9658470405351705,0.49750703039270944,0.0,0.14035087719298245,0.04748298980681594
1118,113,99.12280701754386,114,1,108,5,0,0.008771929824561403,1.7039474431719337,1.6899985275647122,1.1638022119748015,1.3338762378344444,0.6933264834364405,1.377187151414099,6.394736842105263,5.849841044843197,0.34741473328721617,0.0943482460620206,0.0490894952236291,0.0,0.0943482460620206,0.004542795264592688,0,1,0,5,0,0.5,0.2807017543859649,0.20091337886233412,0.26746502561445873,0.974215663002114,0.49544839844903826,0.008771929824561403,0.14035087719298245,0.047534557039984465
1119,113,99.12280701754386,114,0,109,5,0,0.0,1.7048327097888076,1.6909765896074178,1.1764769057961397,1.3349821522642304,0.6922569494855245,1.3694330483071073,6.394736842105263,5.849841044843197,0.3479959238548709,0.039142380116518195,0.04638145139803501,0.0,0.039142380116518195,-0.0020483514851574293,0,0,0,5,0,0.8,0.2719298245614035,0.20189740310350948,0.26849125671786495,0.9762344940589085,0.4958398747268177,0.0,0.14035087719298245,0.047571330491186066
1120,113,99.12280701754386,114,0,109,5,0,0.0,1.704077272170557,1.6904434007628497,1.1822693876293087,1.3359984198978812,0.6710183579827251,1.3682614106059718,6.394736842105263,5.849841044843197,0.3505789212622199,0.044273072021601065,0.04198500689197834,0.0,0.044273072021601065,-0.0030974936538345045,0,0,0,5,0,0.8,0.2543859649122807,0.20431936588188718,0.2770989787302936,0.9727994487418257,0.4969762907511641,0.0,0.10526315789473684,0.04759727832367419
1121,113,99.12280701754386,114,0,108,6,0,0.0,1.700607980601084,1.6872040356291838,1.1485203628914316,1.3368036393214278,0.6766092667686443,1.391481073562248,6.394736842105263,5.849841044843197,0.3475386391457338,0.045948120427814154,0.05210897437967588,0.0,0.045948120427814154,-0.0029883763979153357,0,0,0,6,0,0.8333333333333334,0.24561403508771928,0.19993363290478894,0.26170278256239604,0.9655513689988316,0.4970547772014089,0.0,0.14035087719298245,0.04760348389399667
1122,112,98.24561403508773,114,1,109,4,0,0.008771929824561403,1.696367259557237,1.6811643463934223,1.1487844054431808,1.337359507492274,0.705288707308339,1.4272544157498661,6.394736842105263,5.849841044843197,0.3484108759822704,0.09193252560690444,0.04587181590543394,0.0,0.09193252560690444,0.006075224744957308,0,1,0,4,0,0.6,0.2719298245614035,0.2012103976367724,0.26829307515783335,0.9672975015426857,0.49240195569669387,0.008771929824561403,0.15789473684210525,0.047598538990984124
1123,113,99.12280701754386,114,0,110,4,0,0.0,1.701277815274362,1.686243337863476,1.1569219651564575,1.3380401460212952,0.700803620602504,1.392166107970287,6.394736842105263,5.849841044843197,0.3469677599710088,0.011553653940078705,0.05355302117839104,0.0,0.011553653940078705,-0.019336698646186007,0,0,1,3,0,1.0,0.2719298245614035,0.199843743641451,0.255136222388085,0.9706477884246116,0.49208152554786466,0.0,0.08771929824561403,0.047642999905588596
1124,113,99.12280701754386,114,0,111,3,0,0.0,1.6947367238395659,1.679991543766285,1.1160472495577602,1.3383883922645696,0.6989723497800968,1.4124248374562989,6.394736842105263,5.849841044843197,0.34472244312872724,0.013840681624993948,0.04770656755050142,0.0,0.013840681624993948,-0.009247494820538937,0,0,0,3,0,1.0,0.2631578947368421,0.19629287666137335,0.26270633445463193,0.9713593960882358,0.4904785196693695,0.0,0.12280701754385964,0.04762048037425271
1125,113,99.12280701754386,114,0,111,3,0,0.0,1.676688876878334,1.6619794835363113,1.1088509121086791,1.3378733251422843,0.7010143595562287,1.416722443040103,6.394736842105263,5.849841044843197,0.3462093063252789,0.01814815903743976,0.05211097484117919,0.0,0.01814815903743976,-0.013856878829545338,0,0,0,3,0,1.0,0.2631578947368421,0.19831507806332696,0.26014479664572615,0.9709634153705938,0.491538563515242,0.0,0.12280701754385964,0.047515175835482586
1126,113,99.12280701754386,114,0,109,5,0,0.0,1.6794069016174094,1.6644558561908465,1.12958380568927,1.337504279719101,0.7071007199487432,1.4286391737539965,6.394736842105263,5.849841044843197,0.34801198625971264,0.01013393861558022,0.05277451901077683,0.0,0.01013393861558022,-0.010971360249025276,0,0,0,5,0,1.0,0.2719298245614035,0.2006544273535018,0.25657158995273305,0.9714324701831187,0.49527115720098386,0.0,0.12280701754385964,0.04751797167385822
1127,113,99.12280701754386,114,1,111,2,0,0.008771929824561403,1.6799127104498064,1.6624952176633867,1.1772874765467718,1.337194070291374,0.7075789328145325,1.4224192528247765,6.394736842105263,5.849841044843197,0.35142791089325254,0.08705100642155156,0.05449617434082443,0.0,0.08705100642155156,-0.0008464489735403405,0,1,0,2,0,0.6666666666666666,0.2807017543859649,0.20617105027952923,0.24317411861653943,0.9761484062558298,0.5079204647882488,0.008771929824561403,0.12280701754385964,0.047511427338806124
1128,113,99.12280701754386,114,0,112,2,0,0.0,1.6857685482463223,1.6682666202214933,1.1813060512055886,1.337043099107968,0.7054852640752144,1.4119605901639556,6.394736842105263,5.849841044843197,0.35310636501597115,0.003297734351219401,0.05036575535204061,0.0,0.003297734351219401,-0.011124910697497131,0,0,0,2,0,1.0,0.2719298245614035,0.20705852015081427,0.2566129772807301,0.9698871452146245,0.5099448578532207,0.0,0.15789473684210525,0.04753629074066232
1129,113,99.12280701754386,114,0,112,2,0,0.0,1.682082020321938,1.6645963747877754,1.1756416192248318,1.336729196679752,0.7094539236645414,1.4035224633390646,6.394736842105263,5.849841044843197,0.3517657338810525,0.011885080278703173,0.03858249770592989,0.0,0.011885080278703173,-0.01472196457932981,0,0,0,2,0,1.0,0.2719298245614035,0.2059792924036302,0.24566702155865427,0.9732969780362487,0.5109368156828753,0.0,0.12280701754385964,0.04750867670449713
1130,113,99.12280701754386,114,0,112,2,0,0.0,1.6982307964918941,1.6801988021994803,1.2357094142125498,1.3371638308068006,0.6901495871643663,1.3736828829266483,6.394736842105263,5.849841044843197,0.3570353116661389,0.06369648269302103,0.05561257249034171,0.0,0.06369648269302103,-0.020262839939964028,0,0,1,1,0,0.5,0.2894736842105263,0.21229497618662835,0.24984015061803344,0.9717835671622403,0.5187973511714982,0.0,0.15789473684210525,0.0476021332881264
1131,113,99.12280701754386,114,0,112,2,0,0.0,1.7053678506337413,1.687339451790616,1.2697332373080794,1.3379072128488103,0.6704312791419634,1.3665068012222148,6.394736842105263,5.849841044843197,0.3610216197236038,0.021668274610664343,0.049175523001751445,0.0,0.021668274610664343,-0.019364074110688523,0,0,0,2,0,1.0,0.2894736842105263,0.21632736144938094,0.24208783168361317,0.9743314766641005,0.5283393305152484,0.0,0.19298245614035087,0.04765956189274238
1132,114,100.0,114,0,112,2,0,0.0,1.6938935468078875,1.6763041912445096,1.2038907452959082,1.3380906720623418,0.6852876041669276,1.3963993267604309,6.394736842105263,5.849841044843197,0.3566650523118442,0.09319692098287158,0.05588715277195232,0.0,0.09319692098287158,-0.020092564604090285,0,0,0,2,0,0.5,0.2719298245614035,0.2097643368646981,0.23852819469279232,0.9623196832118143,0.5232485203498524,0.0,0.19298245614035087,0.04760755640979997
1133,114,100.0,114,0,112,2,0,0.0,1.7049264689686765,1.6874352867376934,1.2522614182352247,1.3387843203178198,0.6692959479326589,1.3907393991662456,6.394736842105263,5.849841044843197,0.3572559397386561,0.036344334497097626,0.038395827381865526,0.0,0.036344334497097626,-0.014658661703664089,0,0,1,1,0,0.5,0.2719298245614035,0.2119561326487425,0.23579894231525142,0.9728967652012656,0.5256963028048325,0.0,0.15789473684210525,0.047683009680781804
1134,114,100.0,114,0,112,2,0,0.0,1.7019904492530864,1.684489466505509,1.2560852133524931,1.3392995306121025,0.6837416110724314,1.4156517645139444,6.394736842105263,5.849841044843197,0.3556621307540053,0.11055595705691772,0.0652608590571466,0.0,0.11055595705691772,-0.018964830081311945,0,0,0,2,0,0.5,0.2807017543859649,0.21133924952962552,0.2385410764387364,0.9743751528494813,0.5241096892023751,0.0,0.15789473684210525,0.04768339907383496
1135,114,100.0,114,0,112,2,0,0.0,1.7120050997389678,1.6947482244353969,1.2898958583282265,1.340264698748782,0.6687983950659785,1.367383478033374,6.394736842105263,5.849841044843197,0.3591238958807914,0.10682339679619819,0.054699317067367366,0.0,0.10682339679619819,-0.015343767824069598,0,0,0,2,0,0.5,0.2719298245614035,0.21453209757575534,0.23873081978703392,0.972377024601783,0.5309109257688344,0.0,0.15789473684210525,0.04776170272716998
1136,114,100.0,114,0,112,2,0,0.0,1.6977131532122485,1.6806165022223474,1.225554302344082,1.3405120594545605,0.6897955623240873,1.4154444697838044,6.394736842105263,5.849841044843197,0.3558931463595407,0.042224708541617105,0.03969312890022347,0.0,0.042224708541617105,-0.011091717137314938,0,0,1,1,0,0.5,0.2719298245614035,0.21025375319457643,0.26192579617134143,0.9773453763473527,0.5211288905325007,0.0,0.12280701754385964,0.0476974780985841
1137,114,100.0,114,0,112,2,0,0.0,1.6904427386105527,1.6733563691122983,1.1955491140678796,1.3404051849549778,0.6852822604320377,1.4126821941765397,6.394736842105263,5.849841044843197,0.35606085467273973,0.02906509339538323,0.04872968209546125,0.0,0.02906509339538323,-0.006789419792127022,0,0,0,2,0,0.5,0.2894736842105263,0.2095117224489247,0.2682139052483571,0.9710614584270695,0.5203927674219658,0.0,0.19298245614035087,0.047658000031404094
1138,114,100.0,114,0,112,2,0,0.0,1.7079810555174568,1.690878870746651,1.2204677177884558,1.3411245932378904,0.6745356218391584,1.3581907942956006,6.394736842105263,5.849841044843197,0.3565121892263299,0.03838169614844118,0.05063684850544561,0.0,0.03838169614844118,-0.005100938477597211,0,0,0,2,0,0.5,0.2719298245614035,0.20997971707575547,0.27522817010826084,0.9750463701327652,0.5197454673414188,0.0,0.15789473684210525,0.04776673373644553
1139,114,100.0,114,0,111,3,0,0.0,1.695223559383899,1.6782086873800457,1.1710792977001856,1.3412089688101596,0.6899429357270023,1.4627668434458914,6.394736842105263,5.849841044843197,0.3544546364473222,0.0888049639343959,0.07095093452928881,0.0,0.0888049639343959,-0.012517206456299649,0,0,0,3,0,0.6666666666666666,0.2807017543859649,0.20638439429160074,0.2783852444317016,0.9697506131154469,0.51598398278669,0.0,0.19298245614035087,0.04770541417420695
1140,113,99.12280701754386,114,1,111,2,0,0.008771929824561403,1.6987692537394952,1.6798415309751917,1.183687157868096,1.3414447728887708,0.6873489370068191,1.4244488641285482,6.394736842105263,5.849841044843197,0.3555458262553395,0.14079400218658786,0.052536160005081066,0.0,0.14079400218658786,0.0006168943951432119,0,1,0,2,0,0.3333333333333333,0.2894736842105263,0.20757866382620102,0.2797801545506112,0.9696710834375459,0.5179171669285683,0.008771929824561403,0.24561403508771928,0.047730039727872944
1141,113,99.12280701754386,114,0,112,2,0,0.0,1.6956608812436458,1.677642135214001,1.2185541150199808,1.3414839045394855,0.6825022610852415,1.4350066522441347,6.394736842105263,5.849841044843197,0.356487643216427,0.07284094348476311,0.05315768722021101,0.0,0.07284094348476311,-0.010861536777556219,0,0,0,2,0,0.5,0.2982456140350877,0.20973828222533542,0.2709401113282237,0.9745377384893544,0.5248710665557912,0.0,0.21052631578947367,0.047715642435076214
1142,113,99.12280701754386,114,0,112,2,0,0.0,1.7037978506810105,1.6859550872110733,1.2369663453446553,1.3419097826332063,0.6718260501731121,1.397070102231235,6.394736842105263,5.849841044843197,0.3557174540685413,0.08053466625363669,0.055641034453784335,0.0,0.08053466625363669,-0.020037154995741463,0,0,0,2,0,0.5,0.2894736842105263,0.20963776205036233,0.2679870010851575,0.9655454465319482,0.52514056948812,0.0,0.17543859649122806,0.047768783878026765
1143,113,99.12280701754386,114,0,113,1,0,0.0,1.6926781758974643,1.6749894550611046,1.168931398464233,1.3417975698951305,0.6806784920267768,1.4100168772158383,6.394736842105263,5.849841044843197,0.3503180008238782,0.0005187053244568017,0.041436701558696255,0.0,0.0005187053244568017,-0.010198771442552879,0,0,0,1,0,1.0,0.2894736842105263,0.20246768894109055,0.2665510373850105,0.9664907325943541,0.5163831486312119,0.0,0.17543859649122806,0.047709903370704285
1144,113,99.12280701754386,114,0,113,1,0,0.0,1.696697267608984,1.678956439000894,1.184640440886207,1.3418775712276665,0.660688093552407,1.3724626297935552,6.394736842105263,5.849841044843197,0.35024711841320655,0.000568290939417988,0.03990031171032306,0.0,0.000568290939417988,-0.012479774610347605,0,0,0,1,0,1.0,0.2807017543859649,0.2033399168066161,0.26484530773241055,0.9664907325943541,0.5182988726839047,0.0,0.17543859649122806,0.04773233880465544
1145,114,100.0,114,0,113,1,0,0.0,1.7012518992015535,1.6837357749609505,1.2092190664372502,1.3421765594547448,0.6568258218662231,1.3615046201375178,6.394736842105263,5.849841044843197,0.3513419893441334,0.0005694946518554546,0.05692032878813122,0.0,0.0005694946518554546,-0.01923544369643415,0,0,0,1,0,1.0,0.2807017543859649,0.20487575308170547,0.2585497278136059,0.9664907325943541,0.5207814085655194,0.0,0.17543859649122806,0.047763857130631734
1146,114,100.0,114,0,114,0,0,0.0,1.7204164368484793,1.7017715681680934,1.2707072906184995,1.343302109532832,0.6470537509117387,1.3470140618584445,6.394736842105263,5.849841044843197,0.35709795453033544,0.0,0.0,0.0,0.0,0.0,0,0,0,0,0,0.0,0.2807017543859649,0.21185055547304138,0.27403711946918546,0.9610953341360058,0.5242025327133515,0.0,0.17543859649122806,0.04789260126409046
1147,114,100.0,114,0,113,1,0,0.0,1.7125680977388757,1.693815021608016,1.2238441163402025,1.3439894604593319,0.6708524256240288,1.3639103089555014,6.394736842105263,5.849841044843197,0.35375920221047563,0.00046117191460544804,0.043899690588677695,0.0,0.00046117191460544804,-0.018579302087005867,0,0,0,1,0,1.0,0.2807017543859649,0.2077504408305175,0.2855493984811907,0.9701351128042945,0.5133756446308579,0.0,0.21052631578947367,0.04787346403685269
1148,114,100.0,114,0,113,1,0,0.0,1.729026252754509,1.7098287858555468,1.2738922810282256,1.345386026252233,0.6540839818339534,1.3412690787054677,6.394736842105263,5.849841044843197,0.3599390401858782,0.0005987304852243442,0.05463181535779127,0.0,0.0005987304852243442,-0.016677493628806883,0,0,0,1,0,1.0,0.2982456140350877,0.21391256786766943,0.2882887483732314,0.9765951123670056,0.5225663210895636,0.0,0.17543859649122806,0.047996603251416546
1149,114,100.0,114,0,113,1,0,0.0,1.7444319694319141,1.7256838051761398,1.2654433842777042,1.3474428899084694,0.6523718443336032,1.3682900001103686,6.394736842105263,5.849841044843197,0.356518004704268,0.0006448940119056607,0.03956346613179789,0.0,0.0006448940119056607,-0.008529029866495286,0,0,0,1,0,1.0,0.2719298245614035,0.2088610050018578,0.2760308554143906,0.9763604010729795,0.5247374484208934,0.0,0.17543859649122806,0.04813379346200306
1150,114,100.0,114,0,113,1,0,0.0,1.739095024794846,1.7206842229949026,1.233445222356131,1.3491454562219003,0.6593615888350999,1.3615742245485647,6.394736842105263,5.849841044843197,0.3539482103530589,0.0006698469948180964,0.038014686178033844,0.0,0.0006698469948180964,-0.008097288300025263,0,0,0,1,0,1.0,0.2894736842105263,0.20574398710897104,0.2805832986068203,0.9671948287189976,0.5198530442799908,0.0,0.17543859649122806,0.048156907450327094
1151,114,100.0,114,0,112,2,0,0.0,1.7448363633504866,1.725854950778416,1.2421660094492308,1.3509904085972697,0.6622034747891719,1.3635088048752841,6.394736842105263,5.849841044843197,0.35249302080480116,0.1408820080214428,0.053531764371355574,0.0,0.1408820080214428,-0.014609928324303245,0,0,0,2,0,0.5,0.2807017543859649,0.20517624042116825,0.29230143041949475,0.9571883290912904,0.5151383393210611,0.0,0.14035087719298245,0.04823957753376139
1152,114,100.0,114,0,113,1,0,0.0,1.729890340919318,1.7112996428376952,1.179893051682956,1.3520462642888316,0.6817297453548822,1.3884868768100491,6.394736842105263,5.849841044843197,0.34749152938368244,0.00043452945431224344,0.05608784816492922,0.0,0.00043452945431224344,-0.013300206320356667,0,0,1,0,0,1.0,0.2894736842105263,0.19921085736070485,0.29148990793071655,0.9450247903460607,0.5112938788589423,0.0,0.14035087719298245,0.048195730361415196
1153,114,100.0,114,0,112,2,0,0.0,1.724826186807454,1.7057149085467795,1.2612989097217595,1.3527789956377374,0.673837599641981,1.3868658952286936,6.394736842105263,5.849841044843197,0.3544992698647822,0.002135432963787789,0.05586247845995146,0.0,0.002135432963787789,-0.006034833587029553,0,0,0,2,0,1.0,0.2894736842105263,0.20907112058664107,0.2811814547329205,0.9498733023810435,0.5259861535958236,0.0,0.14035087719298245,0.04819184140045424
1154,114,100.0,114,0,113,1,0,0.0,1.7255207657656337,1.7064986930884622,1.3253051819750399,1.353505543487305,0.660676436079274,1.3762380702616033,6.394736842105263,5.849841044843197,0.35723328307399216,0.00036393997316580226,0.043609607496166714,0.0,0.00036393997316580226,-0.009315408329469255,0,0,0,1,0,1.0,0.3333333333333333,0.2146314361741722,0.28049860720775893,0.9589981930821672,0.5299659067200934,0.0,0.14035087719298245,0.048216565242402344
1155,114,100.0,114,0,113,1,0,0.0,1.729765304900242,1.7108241407243339,1.3136551474251041,1.3543920148914987,0.6706284859326052,1.384759768945866,6.394736842105263,5.849841044843197,0.3550945695101868,0.004979669834516356,0.05842427160311789,0.0,0.004979669834516356,0.002252522295537296,0,0,0,1,0,1.0,0.32456140350877194,0.2123066430528059,0.28593941259175415,0.9547145971486275,0.5236367215125526,0.0,0.14035087719298245,0.048263716522102054
1156,114,100.0,114,0,112,2,0,0.0,1.7396857651163626,1.7204603554909972,1.38861827259252,1.3556775917249115,0.6500455138927422,1.378221679417605,6.394736842105263,5.849841044843197,0.3599840517109618,0.0025581638859842218,0.05554376524887156,0.0,0.0025581638859842218,-0.005385511882605276,0,0,0,2,0,1.0,0.32456140350877194,0.21936290837233302,0.2770733730580817,0.9477517557287558,0.5328480288467653,0.0,0.17543859649122806,0.04835092092381464
1157,114,100.0,114,0,112,2,0,0.0,1.7246640231263162,1.7056678294860084,1.362121096004144,1.3561956929508125,0.6591530497682059,1.3927434434431685,6.394736842105263,5.849841044843197,0.35541065582561515,0.0028219674323665556,0.05430561110368266,0.0,0.0028219674323665556,-0.004521634887488579,0,0,0,2,0,1.0,0.3508771929824561,0.21527904737675554,0.2646598880266201,0.9582824819705653,0.5305121760540213,0.0,0.14035087719298245,0.04829096626294771
1158,114,100.0,114,0,113,1,0,0.0,1.728738329775303,1.7094914127082463,1.3953748593205886,1.3568624249111216,0.6763001703633365,1.399149097237376,6.394736842105263,5.849841044843197,0.35632013080395053,0.00048511991082692224,0.05520459181691367,0.0,0.00048511991082692224,-0.011486763717185045,0,0,0,1,0,1.0,0.3333333333333333,0.2178514948312561,0.2684637407796842,0.9582475300900367,0.5296649602753686,0.0,0.14035087719298245,0.048330839176129264
1159,114,100.0,114,0,113,1,0,0.0,1.732157725044513,1.7128793725208682,1.3697245922781738,1.3576487063225189,0.6785504278099641,1.392429948154037,6.394736842105263,5.849841044843197,0.3553697242228957,0.2928673608165258,0.0699231553563733,0.0,0.2928673608165258,-0.022949767268357846,0,0,0,1,0,0.0,0.3157894736842105,0.21517246850605085,0.255490644311064,0.9721331473564048,0.5307689447859885,0.0,0.14035087719298245,0.04837093425884126
1160,114,100.0,114,0,114,0,0,0.0,1.7449680824146478,1.7250395874744444,1.4201499093466243,1.3589580741175804,0.6636381219340046,1.3725415320400165,6.394736842105263,5.849841044843197,0.36226242279764675,0.0,0.0,0.0,0.0,0.0,0,0,0,0,0,0.0,0.32456140350877194,0.22225656769388738,0.26701471065489285,0.9743321074488429,0.5407090069446472,0.0,0.14035087719298245,0.04847328401304367
1161,114,100.0,114,0,113,1,0,0.0,1.755941647394358,1.7354901650881596,1.4830703784925634,1.360679919720875,0.6579067098365683,1.3677196986023497,6.394736842105263,5.849841044843197,0.3631922236463161,0.00490175653691231,0.056944500927443464,0.0,0.00490175653691231,-0.001986341401133296,0,0,0,1,0,1.0,0.30701754385964913,0.22537755431391512,0.25287948660531007,0.9755442230918459,0.5469716657193928,0.0,0.14035087719298245,0.048578514453357396
1162,113,99.12280701754386,114,1,112,1,0,0.008771929824561403,1.7693323018053495,1.7463367306168995,1.5546190726303468,1.3628889673069946,0.6550831585616167,1.373205578756017,6.394736842105263,5.849841044843197,0.3653636858425877,0.12282999830403321,0.06237869666550195,0.0,0.12282999830403321,-0.0003079253958848116,0,1,0,1,0,0.5,0.2894736842105263,0.22979854472177563,0.25729585165446656,0.9742203349753524,0.5476566023112369,0.008771929824561403,0.19298245614035087,0.04871008061160883
1163,113,99.12280701754386,114,0,113,1,0,0.0,1.7830079263285636,1.7600775152574124,1.5482047842305264,1.365531518628698,0.6564386785873059,1.3411868806638445,6.394736842105263,5.849841044843197,0.36276642737294296,0.0015932647896582056,0.04957732065619553,0.0,0.0015932647896582056,-0.0038443530647321866,0,0,0,1,0,1.0,0.2894736842105263,0.22640290185899017,0.2512025291952722,0.9791280335517903,0.5455282316415262,0.0,0.15789473684210525,0.048855751260148926
1164,113,99.12280701754386,114,0,114,0,0,0.0,1.7839783637697229,1.760822645829941,1.602341027598182,1.3680543560618086,0.6610199693842904,1.3383812396080637,6.394736842105263,5.849841044843197,0.36302873337868724,0.0,0.0,0.0,0.0,0.0,0,0,0,0,0,0.0,0.2982456140350877,0.22949024617676067,0.2458679731854526,0.9730040492991214,0.5438124912069624,0.0,0.19298245614035087,0.0489343944371831
1165,113,99.12280701754386,114,0,114,0,0,0.0,1.777553028539515,1.7547246731895874,1.5440175972177288,1.370144234150128,0.6685423790559781,1.3468819987108847,6.394736842105263,5.849841044843197,0.3594954482168162,0.0,0.0,0.0,0.0,0.0,0,0,0,0,0,0.0,0.2982456140350877,0.22381742445091832,0.23525953833612162,0.9689676228858355,0.53957329037521,0.0,0.15789473684210525,0.04896339503413091
1166,113,99.12280701754386,114,0,114,0,0,0.0,1.7790357762727809,1.7558183666615113,1.5614575683546001,1.3721630411559498,0.6759898556490941,1.3580325314994368,6.394736842105263,5.849841044843197,0.3586671163403652,0.0,0.0,0.0,0.0,0.0,0,0,0,0,0,0.0,0.2719298245614035,0.22438197254318681,0.23674505705241414,0.9672900945708829,0.5360921010915211,0.0,0.19298245614035087,0.049029857273218604
1167,114,100.0,114,0,114,0,0,0.0,1.7917510878254415,1.768206021191137,1.6081537918133715,1.3746434776402623,0.6659925634165637,1.3459191711821736,6.394736842105263,5.849841044843197,0.3617807471161514,0.0,0.0,0.0,0.0,0.0,0,0,0,0,0,0.0,0.2982456140350877,0.227995699034632,0.2344795684069358,0.9652856176189173,0.5393190628569342,0.0,0.15789473684210525,0.0491659846267572
1168,114,100.0,114,0,113,1,0,0.0,1.7978331555368334,1.7742388698063987,1.5961141915504846,1.3772611421766003,0.6538703909126411,1.3388392425177056,6.394736842105263,5.849841044843197,0.36221832168423185,0.0013855128582924096,0.05207129642849551,0.0,0.0013855128582924096,-0.00379620734733932,0,0,0,1,0,1.0,0.2982456140350877,0.22705707849056064,0.2426229315748627,0.9624761064324083,0.5387898204727658,0.0,0.15789473684210525,0.04927295957254566
1169,114,100.0,114,0,114,0,0,0.0,1.8013484249804763,1.7777991281262424,1.6870872804751385,1.3798922930604718,0.6489457941513295,1.3386147017117118,6.394736842105263,5.849841044843197,0.36381447931705546,0.0,0.0,0.0,0.0,0.0,0,0,0,0,0,0.0,0.2719298245614035,0.23263189674325524,0.2256227004426026,0.9718223071632677,0.5458019798476772,0.0,0.12280701754385964,0.04936749499194211
1170,114,100.0,114,0,113,1,0,0.0,1.8063826426585943,1.7823420186875432,1.660958850965556,1.382582127301329,0.6567288177886677,1.3882208603398936,6.394736842105263,5.849841044843197,0.3628749689938995,0.00018654515331119922,0.049771435116985216,0.0,0.00018654515331119922,-0.02275947632336961,0,0,0,1,0,1.0,0.2894736842105263,0.23019881864151373,0.23715522326226773,0.9690610321178992,0.5388137241563915,0.0,0.12280701754385964,0.049471341594062655
1171,114,100.0,114,0,114,0,0,0.0,1.8068447856985257,1.783189658297041,1.6416504624730877,1.385154278970557,0.6629146341262095,1.3600365356894113,6.394736842105263,5.849841044843197,0.3598890059095967,0.0,0.0,0.0,0.0,0.0,0,0,0,0,0,0.0,0.2982456140350877,0.22648315206746855,0.21872730178263286,0.9752055002173194,0.5405020469560918,0.0,0.12280701754385964,0.04954888570130338
1172,114,100.0,114,0,113,1,0,0.0,1.8013780687707572,1.7775473670412767,1.6605544129519387,1.387311911799904,0.6750642544263545,1.3700459025679488,6.394736842105263,5.849841044843197,0.3590001350294434,0.009206776600459434,0.05658060743134666,0.0,0.009206776600459434,-0.024991892203455657,0,0,0,1,0,1.0,0.2894736842105263,0.2274726485666747,0.20754139954641151,0.9660167327204678,0.5395544797395179,0.0,0.12280701754385964,0.04958466116208861
1173,114,100.0,114,0,114,0,0,0.0,1.7979687166663418,1.773874680754989,1.6456356072520557,1.3891714494905436,0.6801464551951569,1.3831944744358662,6.394736842105263,5.849841044843197,0.3591703125565904,0.0,0.0,0.0,0.0,0.0,0,0,0,0,0,0.0,0.2807017543859649,0.22712656148359098,0.2169836617713598,0.9669156921761677,0.5374907589112895,0.0,0.08771929824561403,0.04962200440110222
1174,114,100.0,114,0,112,2,0,0.0,1.8002422213571476,1.7764081539778258,1.6724994465823722,1.3910407705072714,0.6776494347621712,1.392201506305999,6.394736842105263,5.849841044843197,0.35874406789288105,0.0012882101121825895,0.05300471772697802,0.0,0.0012882101121825895,-0.015601571553231303,0,0,0,2,0,1.0,0.2807017543859649,0.2275096776159648,0.20577868615003791,0.9707850476832267,0.5404783553434978,0.0,0.15789473684210525,0.049688048078604455
1175,114,100.0,114,0,112,2,0,0.0,1.798766815250861,1.7751328989635784,1.7414192854573087,1.3927410589029032,0.6873470463857795,1.410238693514925,6.394736842105263,5.849841044843197,0.3586396589763958,0.005943737265612207,0.0623150892690044,0.0,0.005943737265612207,-0.01711127607090962,0,0,0,2,0,1.0,0.2719298245614035,0.23053856061975986,0.18356517193583777,0.9860291894246155,0.542873135859904,0.0,0.08771929824561403,0.04973040313229721
1176,114,100.0,114,0,114,0,0,0.0,1.8173878577932236,1.7928787032006992,1.8291057769212402,1.395172364202087,0.679873395916774,1.4405737487129544,6.394736842105263,5.849841044843197,0.36013611301252935,0.0,0.0,0.0,0.0,0.0,0,0,0,0,0,0.0,0.2719298245614035,0.2344239404737656,0.1914262535719025,0.9857187482801478,0.5387943324500764,0.0,0.08771929824561403,0.04989462209266757
1177,114,100.0,114,0,114,0,0,0.0,1.81946321684255,1.7960184861222055,1.7792188461648302,1.3976083798540024,0.6901950377152358,1.4474269176664258,6.394736842105263,5.849841044843197,0.35782802652558954,0.0,0.0,0.0,0.0,0.0,0,0,0,0,0,0.0,0.2631578947368421,0.22884560228669487,0.17769753344155348,0.9840023011443353,0.544597901287653,0.0,0.12280701754385964,0.049976250409646476
1178,114,100.0,114,0,114,0,0,0.0,1.822914157976501,1.7997365981461992,1.897046326852385,1.400075895377072,0.6666899795849468,1.436703774616924,6.394736842105263,5.849841044843197,0.36053365782409585,0.0,0.0,0.0,0.0,0.0,0,0,0,0,0,0.0,0.2543859649122807,0.23627919070052403,0.16748472975727802,0.982950532435291,0.5494198633039742,0.0,0.12280701754385964,0.05006567798324443
1179,114,100.0,114,0,114,0,0,0.0,1.8312106929729048,1.8074261265055742,2.030911271562707,1.402758925313182,0.6439765050123569,1.4268365352439094,6.394736842105263,5.849841044843197,0.3664027308554605,0.0,0.0,0.0,0.0,0.0,0,0,0,0,0,0.0,0.2982456140350877,0.2463101868020847,0.16797805202337251,0.9738583580070759,0.5537709381049685,0.0,0.12280701754385964,0.050185637151450455
1180,114,100.0,114,0,114,0,0,0.0,1.8173146216063003,1.7942474012483807,1.9704140221466544,1.4046682546794182,0.6685623706982031,1.4442106805087784,6.394736842105263,5.849841044843197,0.3634903918502641,0.0,0.0,0.0,0.0,0.0,0,0,0,0,0,0.0,0.2631578947368421,0.24183376571044057,0.16306122303679577,0.9829378552191417,0.5529433817775637,0.0,0.12280701754385964,0.05017200316109109
1181,114,100.0,114,0,114,0,0,0.0,1.8200847169817276,1.797495597376533,1.9284976041159545,1.4066179027609644,0.6725298712065793,1.4617389998728394,6.394736842105263,5.849841044843197,0.3600181806306366,0.0,0.0,0.0,0.0,0.0,0,0,0,0,0,0.0,0.2807017543859649,0.23717107336155713,0.15852605625937188,0.9802131581191431,0.548939367641609,0.0,0.12280701754385964,0.050242879294820374
1182,114,100.0,114,0,114,0,0,0.0,1.8238093126747876,1.8008043368986477,1.983081301943578,1.408608344330912,0.6833890972540358,1.4738869324801005,6.394736842105263,5.849841044843197,0.36064779661560653,0.0,0.0,0.0,0.0,0.0,0,0,0,0,0,0.0,0.2894736842105263,0.2396808759579257,0.15968033734511972,0.9832229499918179,0.5457759197843695,0.0,0.12280701754385964,0.05031972110725188
1183,114,100.0,114,0,113,1,0,0.0,1.8322700366256142,1.8087549638539877,1.988835360970934,1.4108544274640913,0.6775357272278533,1.4546507785905427,6.394736842105263,5.849841044843197,0.3643134308537648,0.09546277501997705,0.04977574867887524,0.0,0.09546277501997705,0.017879351287967638,0,0,0,1,0,0.0,0.2807017543859649,0.24221455141648213,0.16781404294209362,0.9848555067993594,0.5490055012704795,0.0,0.15789473684210525,0.05042772087351903
1184,114,100.0,114,0,114,0,0,0.0,1.8209267364166228,1.7974278960338137,1.9295039394434585,1.4124390259342277,0.6711412253881011,1.4484502006122384,6.394736842105263,5.849841044843197,0.36452478785401676,0.0,0.0,0.0,0.0,0.0,0,0,0,0,0,0.0,0.2982456140350877,0.24045903254268772,0.16637100288624954,0.9900564182333383,0.5515599689578289,0.0,0.12280701754385964,0.05041735261832506
1185,114,100.0,114,0,113,1,0,0.0,1.8423728923663005,1.8185544557070055,2.178643711220413,1.4149196240399622,0.6394238438833445,1.4209020656314433,6.394736842105263,5.849841044843197,0.3706549848745535,0.0004546722130732212,0.04619696181653102,0.0,0.0004546722130732212,-0.023521853532764647,0,0,0,1,0,1.0,0.2894736842105263,0.2543378786713193,0.16031524573871286,0.989277067080821,0.5633202254916168,0.0,0.12280701754385964,0.05059713892114689
1186,114,100.0,114,0,113,1,0,0.0,1.842837760134778,1.8192208719797525,2.1867362913842197,1.417286298533672,0.6345524447060624,1.4011705037389008,6.394736842105263,5.849841044843197,0.3715565106019123,0.00037628435969113143,0.03327886169662464,0.0,0.00037628435969113143,-0.011851324587535184,0,0,0,1,0,1.0,0.2719298245614035,0.2550052981641679,0.1558760821050618,0.9764366193211682,0.5667025887022991,0.0,0.15789473684210525,0.050668686607954705
1187,114,100.0,114,0,112,2,0,0.0,1.8372632605082442,1.8136462874904042,2.1903944015550714,1.4192536428662212,0.630459557459192,1.3693562621958015,6.394736842105263,5.849841044843197,0.37132798620980156,0.15867063690584896,0.06622963338396039,0.0,0.15867063690584896,-0.008850027331719246,0,0,1,1,0,0.5,0.2719298245614035,0.2553294717049064,0.1603295474866993,0.9796886778780374,0.5623795702201602,0.0,0.15789473684210525,0.05069835736795147
1188,114,100.0,114,0,113,1,0,0.0,1.8271690200939212,1.8044844704793501,2.155170260509942,1.4206771392969388,0.6429335472735617,1.3788985534223144,6.394736842105263,5.849841044843197,0.36596330523998977,0.000448364979329991,0.04713854191200845,0.0,0.000448364979329991,-0.02239353794489285,0,0,0,1,0,1.0,0.2631578947368421,0.25066523673808894,0.1337417163445035,0.9859319169402598,0.5619503746135387,0.0,0.15789473684210525,0.050689522305117855
1189,114,100.0,114,0,112,2,0,0.0,1.8304165320777266,1.8082180229077587,2.1068920167895504,1.4221920889550905,0.6404970144269653,1.3600632969502429,6.394736842105263,5.849841044843197,0.36665928094125944,0.182755713839533,0.06193874169959544,0.0,0.182755713839533,-0.003546162610954723,0,0,0,2,0,0.5,0.2631578947368421,0.24856045662537526,0.13483515339884322,0.9904711387427285,0.5661269866859574,0.0,0.08771929824561403,0.050750070938492514
1190,114,100.0,114,0,111,3,0,0.0,1.832792984042504,1.8105524788734184,2.0848790459078157,1.4237276660369333,0.627845369070591,1.3455345874347362,6.394736842105263,5.849841044843197,0.36736134213371474,0.21712246079368747,0.050795528985745575,0.0,0.21712246079368747,-0.002506884712819568,0,0,0,3,0,0.3333333333333333,0.2719298245614035,0.24861335137963178,0.13894402899290775,0.9809727801277224,0.5661805638867003,0.0,0.10526315789473684,0.050806867607520824
1191,113,99.12280701754386,114,1,111,2,0,0.008771929824561403,1.8400443805352384,1.827362074042784,2.2063489756438526,1.4255244849581916,0.6227592215651613,1.349787885006679,6.394736842105263,5.849841044843197,0.37251257144215044,0.25020469318906097,0.05652003168961383,0.0,0.25020469318906097,-0.0013369950986505212,0,1,0,2,0,0.3333333333333333,0.2543859649122807,0.25661833777573634,0.15180557862580168,0.9776502327288283,0.5669358430296083,0.008771929824561403,0.15789473684210525,0.050895680115363134
1192,112,98.24561403508773,114,1,107,1,5,0.008771929824561403,1.8415739193580707,1.8286483623161511,2.343777880658602,1.427746852720754,0.6224567665695127,1.3927036600804779,6.394736842105263,5.849841044843197,0.37674489264771616,0.8407014951258566,0.09505499115766161,0.8571428571428571,0.10369649575811798,0.04474481787659918,1,5,0,1,0,0.5714285714285714,0.2631578947368421,0.2655710100412687,0.14359470326904367,0.9801342643381057,0.5779745140587504,0.008771929824561403,0.12280701754385964,0.050968330300248166
1193,111,97.36842105263158,114,1,108,2,3,0.008771929824561403,1.8325936716014297,1.8157715432633352,2.2979296411637438,1.429393883613763,0.6511878623564588,1.4297808636017473,6.394736842105263,5.849841044843197,0.37514441316175806,0.7176747577979139,0.10698741124081168,0.6666666666666666,0.05458837629723884,0.020342565373482124,0,4,0,2,0,0.8333333333333334,0.2807017543859649,0.2636255041602479,0.15175292667701315,0.9740083871489795,0.5718139493497826,0.008771929824561403,0.12280701754385964,0.0509716034060652
1194,110,96.49122807017544,114,1,107,3,3,0.008771929824561403,1.8426482491741596,1.8197704601807483,2.4000880823845714,1.4311861880531414,0.6417389926049328,1.4621004617277003,6.394736842105263,5.849841044843197,0.37811161039285723,0.29593793766529164,0.05190937097735495,0.2857142857142857,0.16898115458107776,0.02237549883085502,0,4,0,3,0,0.2857142857142857,0.2807017543859649,0.27108462775015635,0.16137232376783706,0.9783652585374722,0.5695118677227554,0.008771929824561403,0.12280701754385964,0.0510742997743005
1195,110,96.49122807017544,114,0,113,1,0,0.0,1.8599411430710306,1.8369146171723296,2.489405217132727,1.4334293391835389,0.6227342755405728,1.431430542297587,6.394736842105263,5.849841044843197,0.3792917450952169,0.0005043000423262903,0.03542597964661405,0.0,0.0005043000423262903,-0.017993219102938496,0,0,0,1,0,1.0,0.2807017543859649,0.2739091983637323,0.15781023698224736,0.983969230007164,0.5724511865108267,0.0,0.08771929824561403,0.05122637463154679
1196,111,97.36842105263158,114,0,112,2,0,0.0,1.8503416242338677,1.8274917370012689,2.4228529282374707,1.43510029072893,0.6383878542764598,1.4546758657547143,6.394736842105263,5.849841044843197,0.37630406126300087,0.15562673996751547,0.057623532305267684,0.0,0.15562673996751547,-0.004183092902327795,0,0,0,2,0,0.5,0.2982456140350877,0.2702397990622993,0.16315701206242064,0.9875078322919861,0.5684274480803411,0.0,0.12280701754385964,0.05122725104203184
1197,112,98.24561403508773,114,0,111,3,0,0.0,1.8444234106552784,1.822237273997263,2.3920623365735287,1.436427592078184,0.6192020865037602,1.4353999380557996,6.394736842105263,5.849841044843197,0.3787016100522307,0.11367585695847456,0.04268333743337258,0.0,0.11367585695847456,-0.005701252862701826,0,0,0,3,0,0.6666666666666666,0.2982456140350877,0.2707074152562695,0.1535372852170879,0.9817439842970591,0.5818394025655479,0.0,0.15789473684210525,0.0512364824836976
1198,113,99.12280701754386,114,0,111,3,0,0.0,1.8547581497615924,1.8317643252511262,2.5932655776550995,1.4381231022920098,0.5960975828978313,1.4185674273480946,6.394736842105263,5.849841044843197,0.38576295950324946,0.11768487848557802,0.03932523317546396,0.0,0.11768487848557802,-0.004517687066111238,0,0,0,3,0,0.6666666666666666,0.3157894736842105,0.28383916349030686,0.158782968967088,0.9824688540001787,0.5887031454508318,0.0,0.12280701754385964,0.05133774850543312
1199,114,100.0,114,0,111,3,0,0.0,1.839297653785287,1.8168650171571818,2.4391469155009466,1.4390221591812062,0.6138951802827417,1.4063365727329278,6.394736842105263,5.849841044843197,0.38116967017154524,0.10795147677129652,0.04109689575060411,0.0,0.10795147677129652,-0.002555613015506238,0,0,0,3,0,0.6666666666666666,0.32456140350877194,0.2753673580599686,0.16522660758825813,0.9820064400999658,0.5814975875445265,0.0,0.12280701754385964,0.051286742725011936
1200,114,100.0,114,0,111,3,0,0.0,1.840685887944175,1.8179395395521945,2.3492757310952492,1.4399189089531614,0.6316575666500635,1.4100972307141395,6.394736842105263,5.849841044843197,0.37903574361700776,0.11198509137154684,0.04581447378194162,0.0,0.11198509137154684,0.0028039849411394258,0,0,0,3,0,0.6666666666666666,0.2982456140350877,0.27093869646131,0.18665945006621365,0.9713886809202017,0.5710352655941268,0.0,0.12280701754385964,0.05131991311392107
1201,114,100.0,114,0,112,2,0,0.0,1.834108728233213,1.8113263307906442,2.3646094772565927,1.4404537105284758,0.6429968092422046,1.4046787750284049,6.394736842105263,5.849841044843197,0.37714352125399553,0.001166474743972501,0.04827361752216843,0.0,0.001166474743972501,-0.006878726580272221,0,0,0,2,0,1.0,0.2807017543859649,0.271086038997687,0.19071597826017073,0.978217572389845,0.5667711876478047,0.0,0.08771929824561403,0.051302669836396864
1202,114,100.0,114,0,111,3,0,0.0,1.836965851053286,1.814081054980888,2.336851149859099,1.4410861446508114,0.6441521772281422,1.401854664522795,6.394736842105263,5.849841044843197,0.3776635607826555,0.0789393653542207,0.046837147240670694,0.0,0.0789393653542207,-0.002786197016068248,0,0,1,2,0,0.6666666666666666,0.2894736842105263,0.27028233342399194,0.20411538489357403,0.9783256257235373,0.5637189871189788,0.0,0.08771929824561403,0.05133545364593222
1203,113,99.12280701754386,114,1,110,3,0,0.008771929824561403,1.8432742076701685,1.821330323430948,2.288944374871933,1.4419804899663407,0.6483031101552864,1.413198680332308,6.394736842105263,5.849841044843197,0.37776138410285465,0.22304717373185465,0.042734250620429896,0.0,0.22304717373185465,0.010259176505278286,0,1,0,3,0,0.25,0.30701754385964913,0.26775007449459415,0.21235266088056745,0.989280144807955,0.561661332851399,0.008771929824561403,0.07017543859649122,0.05139315431869186
1204,113,99.12280701754386,114,0,113,1,0,0.0,1.82517360026432,1.8038307556538624,2.1754361100599726,1.4420439089446542,0.6601139583704433,1.4460933918934051,6.394736842105263,5.849841044843197,0.3733785430441554,0.2089841945503531,0.06516558588538002,0.0,0.2089841945503531,-0.026650966073391236,0,0,0,1,0,0.0,0.32456140350877194,0.2604094231928218,0.2105362321241821,0.9853903582416729,0.5558472891220048,0.0,0.07017543859649122,0.05130450623637442
1205,112,98.24561403508773,114,1,112,1,0,0.008771929824561403,1.8380174826977191,1.817139322393357,2.194891182530566,1.4427069291619377,0.6602426645197821,1.4339355850175475,6.394736842105263,5.849841044843197,0.3734128376342545,0.10232650124708437,0.05888799996784702,0.0,0.10232650124708437,-0.018119879848743914,1,0,0,1,0,0.5,0.30701754385964913,0.25955344699643457,0.21003752814347632,0.9779035590808208,0.5542711126203388,0.008771929824561403,0.07017543859649122,0.05138811846294455
1206,112,98.24561403508773,114,0,113,1,0,0.0,1.8378382908945214,1.8167548928123796,2.1685716453144646,1.4433326857861744,0.6508119093982205,1.4103736720444768,6.394736842105263,5.849841044843197,0.3747717034079887,0.002689099452670775,0.07334853162902222,0.0,0.002689099452670775,-0.006955153451606244,0,0,0,1,0,1.0,0.3157894736842105,0.2592036874358805,0.2144987564587696,0.9717148680632219,0.555901067281938,0.0,0.08771929824561403,0.05140552538785127
1207,112,98.24561403508773,114,0,113,1,0,0.0,1.8296665345038594,1.8088862372917498,2.13097128622662,1.443553593570307,0.6560157781452555,1.4394655741544715,6.394736842105263,5.849841044843197,0.37494026368185795,0.0029995839300964427,0.07288215837043728,0.0,0.0029995839300964427,-0.006489669476204218,0,0,0,1,0,1.0,0.30701754385964913,0.25823739508248744,0.21095386238334565,0.9868156517158352,0.5599784159782022,0.0,0.08771929824561403,0.05137112798301168
1208,113,99.12280701754386,114,0,114,0,0,0.0,1.8309376017915366,1.8101646354345908,2.284754180112894,1.4438214060076333,0.6472461456640736,1.4264709447912818,6.394736842105263,5.849841044843197,0.3752608877356933,0.0,0.0,0.0,0.0,0.0,0,0,0,0,0,0.0,0.2982456140350877,0.2643644532977118,0.2003375573359477,0.9747355017011519,0.561077107108596,0.0,0.08771929824561403,0.051385316620391024
1209,113,99.12280701754386,114,0,113,1,0,0.0,1.8247100073740017,1.8044210710144526,2.1664765108748596,1.4438047603319686,0.6476921427819747,1.409812815359615,6.394736842105263,5.849841044843197,0.3718599722591267,0.003220106346392148,0.06910072757022413,0.0,0.003220106346392148,-0.0022362483388946863,0,0,0,1,0,1.0,0.3333333333333333,0.25715599602408085,0.20098403644643614,0.9537662099598858,0.5574284423564272,0.0,0.08771929824561403,0.05135369177551973
1210,114,100.0,114,0,114,0,0,0.0,1.8179801704890837,1.7976726229052353,2.132341171625909,1.443473269611965,0.6353224267559745,1.4038468294096798,6.394736842105263,5.849841044843197,0.3697525881782855,0.0,0.0,0.0,0.0,0.0,0,0,0,0,0,0.0,0.3157894736842105,0.25467891981027296,0.18694180420503634,0.9675508324970163,0.5562012407448129,0.0,0.10526315789473684,0.051310346750995835
1211,114,100.0,114,0,114,0,0,0.0,1.815786799597671,1.7953456237202334,2.110664052430075,1.44305226996941,0.6404949337253352,1.3934746693844147,6.394736842105263,5.849841044843197,0.36930073157185017,0.0,0.0,0.0,0.0,0.0,0,0,0,0,0,0.0,0.3333333333333333,0.2542417182346498,0.19532207063599724,0.9631171470506019,0.5513186373609996,0.0,0.10526315789473684,0.05128706599159436
1212,114,100.0,114,0,112,2,0,0.0,1.8141464505456266,1.7935453015631946,2.106785299474414,1.4425716453491586,0.6420171841804829,1.3643790143034582,6.394736842105263,5.849841044843197,0.36815205074381163,0.019985997946939907,0.07370798404042404,0.0,0.019985997946939907,-0.017462487737505084,0,0,0,2,0,1.0,0.3333333333333333,0.25363227610529243,0.1915548477401357,0.9761893301709502,0.5535879826357626,0.0,0.05263157894736842,0.0512648063581806
1213,113,99.12280701754386,114,1,112,1,0,0.008771929824561403,1.8324708712901567,1.8191021925685302,2.3039322752139175,1.4429543028650562,0.6423315812049499,1.395759590819494,6.394736842105263,5.849841044843197,0.37214343906633474,0.33737446300914015,0.09165425845637867,0.5,0.1634470776718476,-0.01686560512298546,0,1,0,1,0,0.5,0.32456140350877194,0.2613817582693924,0.18968345390783525,0.9749047925390543,0.5522307563763914,0.008771929824561403,0.07017543859649122,0.051367620890116324
1214,112,98.24561403508773,114,1,109,1,3,0.008771929824561403,1.8342214512574542,1.8112554653626067,2.2540796082603864,1.4437284603495375,0.672019857417965,1.4359641415263735,6.394736842105263,5.849841044843197,0.3737689316769941,0.7720115413083877,0.10593026332786237,0.8,0.028400629929121752,0.03294101251339737,0,4,0,1,0,0.8,0.3333333333333333,0.26344907682871654,0.22301565202144183,0.9757895837030781,0.543159573225111,0.008771929824561403,0.07017543859649122,0.051399017281092266
1215,111,97.36842105263158,114,1,112,1,0,0.008771929824561403,1.8453667295731604,1.8295473971837972,2.192007315336045,1.444555207807493,0.6837479601653673,1.492954361687763,6.394736842105263,5.849841044843197,0.37091248355692463,0.2869724343810577,0.07604571009573025,0.5,0.21520910458942474,-0.0047778392731159525,0,1,0,1,0,0.5,0.30701754385964913,0.2566992854578375,0.22715219715020213,0.9578506933322768,0.5354501001131867,0.008771929824561403,0.07017543859649122,0.051478925378737134
1216,110,96.49122807017544,114,1,108,5,0,0.008771929824561403,1.830825363169343,1.8097594262504553,2.1305707781833085,1.4450044253169736,0.7047654236021778,1.5271978299372826,6.394736842105263,5.849841044843197,0.3692080067331829,0.3761968078533841,0.08708552297973449,0.5,0.18372566455083092,0.011092660774337626,0,1,0,5,0,0.3333333333333333,0.30701754385964913,0.2545618841796661,0.21272464698818958,0.9734869902298812,0.5292781153583715,0.008771929824561403,0.07017543859649122,0.05141935780184316
1217,109,95.6140350877193,114,1,111,2,0,0.008771929824561403,1.8220354890044932,1.802811158449644,2.143892028106612,1.4447691978486714,0.7082926614089949,1.542657717100078,6.394736842105263,5.849841044843197,0.3675036774998437,0.20429248694242982,0.060472109057838286,0.0,0.20429248694242982,-0.010692741462309216,0,1,1,1,0,0.3333333333333333,0.34210526315789475,0.2543971594171771,0.19996674685749727,0.9716513741112742,0.5295668222250748,0.008771929824561403,0.12280701754385964,0.051368528214524166
1218,110,96.49122807017544,114,0,113,1,0,0.0,1.8074893178475935,1.788487284337532,2.080187662650643,1.4439514269024505,0.7284453984761138,1.5403307201627183,6.394736842105263,5.849841044843197,0.3671841585364648,0.0022574501505118584,0.08876461827195636,0.0,0.0022574501505118584,-0.027135272807105926,0,0,0,1,0,1.0,0.3157894736842105,0.25263373603044853,0.19159473655839265,0.9509230951004118,0.5308046337219037,0.0,0.08771929824561403,0.05127187820850725
1219,111,97.36842105263158,114,0,112,2,0,0.0,1.8096389305265352,1.7904962566661,2.1147198126800864,1.4432755116069795,0.7267913601477696,1.539196252689562,6.394736842105263,5.849841044843197,0.36908861956026406,0.10487036354693977,0.06417270471074407,0.0,0.10487036354693977,-0.011510985404982077,0,0,0,2,0,0.5,0.3333333333333333,0.25569516873736065,0.18650255024426318,0.9459372063900928,0.5334464323486874,0.0,0.08771929824561403,0.05126285628671054
1220,112,98.24561403508773,114,0,112,2,0,0.0,1.8191291510051144,1.7994430771114012,2.2763002603780063,1.4430578361015858,0.7239554255385293,1.5618836328063754,6.394736842105263,5.849841044843197,0.37430818804150734,0.10442726656371991,0.0778335537043433,0.0,0.10442726656371991,-0.020770364747104808,0,0,0,2,0,0.5,0.3508771929824561,0.2653050286599191,0.17489494182967028,0.9702967939298852,0.5388702266952247,0.0,0.08771929824561403,0.05130394055357389
1221,113,99.12280701754386,114,0,113,1,0,0.0,1.809992327923745,1.7902269251591183,2.1862774563569682,1.4424215900755228,0.7297640524816903,1.5713159113757598,6.394736842105263,5.849841044843197,0.37164516212166365,0.17882012312861398,0.07102768090201522,0.0,0.17882012312861398,-0.025234514980421396,0,0,0,1,0,0.0,0.3333333333333333,0.26061003692275475,0.17720674905319792,0.9704472036375877,0.528269131241307,0.0,0.07017543859649122,0.05123964674757764
1222,114,100.0,114,0,114,0,0,0.0,1.8194690358561099,1.7989254654837301,2.286409104979196,1.4422296440564082,0.7128744701395645,1.5229614538481946,6.394736842105263,5.849841044843197,0.37845475360777736,0.0,0.0,0.0,0.0,0.0,0,0,0,0,0,0.0,0.34210526315789475,0.27081879968790723,0.18934106085660965,0.9778363515103818,0.5360386659785823,0.0,0.08771929824561403,0.051281416018734406
1223,114,100.0,114,0,114,0,0,0.0,1.835311709482695,1.8144736614838763,2.2601873968519453,1.4427765623753828,0.6907206020307393,1.4924717498800655,6.394736842105263,5.849841044843197,0.37999680946574044,0.0,0.0,0.0,0.0,0.0,0,0,0,0,0,0.0,0.3508771929824561,0.2692237119200407,0.19083125354781644,0.967258463707734,0.5406963737710947,0.0,0.08771929824561403,0.0513766263130199
1224,114,100.0,114,0,114,0,0,0.0,1.8518142709298278,1.8303715952539499,2.419853167763599,1.444035489926023,0.6754080209760128,1.4434217744367017,6.394736842105263,5.849841044843197,0.38816332953004307,0.0,0.0,0.0,0.0,0.0,0,0,0,0,0,0.0,0.34210526315789475,0.28126701307551844,0.1951105033711503,0.9715063919218418,0.5529685087314281,0.0,0.08771929824561403,0.05149596175054666
1225,114,100.0,114,0,114,0,0,0.0,1.8649140158604918,1.8428851197059548,2.518497556416097,1.4458063892477215,0.6756671130136715,1.4426819438910152,6.394736842105263,5.849841044843197,0.3908931622257188,0.0,0.0,0.0,0.0,0.0,0,0,0,0,0,0.0,0.3508771929824561,0.2873078008503014,0.20641359174900653,0.9698791903745537,0.5486343114368849,0.0,0.08771929824561403,0.05161325787289177
1226,114,100.0,114,0,114,0,0,0.0,1.878696569607748,1.8559975790810577,2.724346326513965,1.4480873401984469,0.6509257424372407,1.4337690209151637,6.394736842105263,5.849841044843197,0.39685701888207237,0.0,0.0,0.0,0.0,0.0,0,0,0,0,0,0.0,0.3508771929824561,0.2993725477770977,0.19717005827329934,0.9770611170340033,0.5571125005070522,0.0,0.12280701754385964,0.05174888664409218
1227,114,100.0,114,0,114,0,0,0.0,1.8518570625278814,1.8295826846684342,2.4527342085586024,1.4489986756760025,0.6844359281761319,1.480987979499703,6.394736842105263,5.849841044843197,0.3937594937367974,0.0,0.0,0.0,0.0,0.0,0,0,0,0,0,0.0,0.34210526315789475,0.28892699901947305,0.21529902880762944,0.9708569356672064,0.547990302795674,0.0,0.08771929824561403,0.051641344947103984
1228,114,100.0,114,0,114,0,0,0.0,1.8588276863246191,1.836407316081466,2.4613727979297706,1.4501760835483828,0.6772565877251627,1.4773672449974584,6.394736842105263,5.849841044843197,0.39580153745866986,0.0,0.0,0.0,0.0,0.0,0,0,0,0,0,0.0,0.3508771929824561,0.28919936697131593,0.20848563247955132,0.9655188024282264,0.5541054282677675,0.0,0.12280701754385964,0.05171063631057954
1229,114,100.0,114,0,114,0,0,0.0,1.8647618534540062,1.842224200010609,2.5729954355977864,1.4515568377026735,0.6759522024163498,1.495618042983644,6.394736842105263,5.849841044843197,0.3979858291231153,0.0,0.0,0.0,0.0,0.0,0,0,0,0,0,0.0,0.34210526315789475,0.2948657708229117,0.20296608438161096,0.9813109850291448,0.5602032220696728,0.0,0.12280701754385964,0.05178069310784951
1230,114,100.0,114,0,113,1,0,0.0,1.870689793443553,1.8481924489672599,2.527787197839561,1.4531361263954183,0.6669925567388639,1.4832173695932376,6.394736842105263,5.849841044843197,0.3974465722383649,0.009530820304956666,0.08034775973991168,0.0,0.009530820304956666,0.0021424379089289847,0,0,0,1,0,1.0,0.3508771929824561,0.2916751375265881,0.19784988361812522,0.9649311012779759,0.5622448162360199,0.0,0.12280701754385964,0.051856525746879614
1231,114,100.0,114,0,114,0,0,0.0,1.850886539604455,1.829182152327446,2.3441363253158305,1.4537333715015324,0.6808797735473562,1.5190350867844191,6.394736842105263,5.849841044843197,0.392420107838797,0.0,0.0,0.0,0.0,0.0,0,0,0,0,0,0.0,0.30701754385964913,0.2816001048390261,0.1950625320113042,0.9639236882884861,0.557921596465189,0.0,0.12280701754385964,0.05177497842236202
1232,114,100.0,114,0,112,2,0,0.0,1.8645309428003316,1.842442110974762,2.3911353670447473,1.4549162279210746,0.6704436590299366,1.5114065760248792,6.394736842105263,5.849841044843197,0.3920739470060133,0.023271111246203475,0.06545701184969574,0.0,0.023271111246203475,0.00883101077405915,0,0,0,2,0,1.0,0.30701754385964913,0.2830104507852987,0.19997645205541323,0.955415159301968,0.5576621450641637,0.0,0.12280701754385964,0.05187779804850737
1233,114,100.0,114,0,112,2,0,0.0,1.8552815890405032,1.8331212149916918,2.320911022495561,1.455593683041113,0.6852616453343154,1.513516649611343,6.394736842105263,5.849841044843197,0.39039609150311816,0.018671123301075444,0.06757165248438997,0.0,0.018671123301075444,0.009465827561211448,0,0,0,2,0,1.0,0.32456140350877194,0.27908356943216933,0.20805052736106125,0.9621906293101395,0.5503154735118734,0.0,0.15789473684210525,0.05185136630354442
1234,114,100.0,114,0,113,1,0,0.0,1.8452537339026942,1.823646935160807,2.1896717666966024,1.4557881238652788,0.6909574919820921,1.5117951551324442,6.394736842105263,5.849841044843197,0.38347002411713094,0.009229438201522035,0.08503460593097281,0.0,0.009229438201522035,-0.0040174710099077915,0,0,0,1,0,1.0,0.30701754385964913,0.2688343189956169,0.2084454154756655,0.9481656563294407,0.5424967756204415,0.0,0.12280701754385964,0.05180691426742537
1235,114,100.0,114,0,112,2,0,0.0,1.8271556831359361,1.8059811961896899,2.0604405089927345,1.4551444560909388,0.7029981211550105,1.510895168851093,6.394736842105263,5.849841044843197,0.381691744835831,0.01894055632381097,0.0695775209658516,0.0,0.01894055632381097,0.005267688360392875,0,0,0,2,0,1.0,0.3157894736842105,0.2635767088231938,0.21525262576311938,0.9587182329602244,0.542498845138193,0.0,0.12280701754385964,0.051697597242763696
1236,114,100.0,114,0,112,2,0,0.0,1.8311451614133853,1.8100453363935893,2.1221689316942927,1.4547286384516682,0.7054196024066895,1.5146853134296088,6.394736842105263,5.849841044843197,0.38399721165932,0.009494596728026748,0.07903744873551244,0.0,0.009494596728026748,-0.0032409580750155653,0,0,0,2,0,1.0,0.30701754385964913,0.2676055103371395,0.22089411730125913,0.9667564659836384,0.5448543578072634,0.0,0.08771929824561403,0.05170538229868407
1237,114,100.0,114,0,113,1,0,0.0,1.8176406964249148,1.797098231419962,1.9451591768779672,1.453731237434639,0.7223011479849278,1.5227629788622685,6.394736842105263,5.849841044843197,0.3774231786993745,0.013625816485363627,0.08607326871657464,0.0,0.013625816485363627,-0.007540076547364327,0,0,0,1,0,1.0,0.30701754385964913,0.25565183843633577,0.22955488284787015,0.9792953729489369,0.5344708975870474,0.0,0.08771929824561403,0.051608686786703786
1238,113,99.12280701754386,114,1,112,1,0,0.008771929824561403,1.8128801061194024,1.797764991159819,1.9449196275520724,1.4525823446061001,0.7242906287094335,1.5184692550973506,6.394736842105263,5.849841044843197,0.37754020914617037,0.044888107627598775,0.07139150652849237,0.0,0.044888107627598775,0.00043079457556688405,0,1,0,1,0,0.5,0.30701754385964913,0.255450907619336,0.22872899628990503,0.9709972606635929,0.5332929038098606,0.008771929824561403,0.05263157894736842,0.051551279633053664
1239,113,99.12280701754386,114,0,112,2,0,0.0,1.8255871380171307,1.8105563918356435,1.9578691651818594,1.4523403231608938,0.7251074133487002,1.5181789520346292,6.394736842105263,5.849841044843197,0.3747787436668122,0.16621216550966988,0.07271658158567976,0.0,0.16621216550966988,-0.01385543377478926,0,0,0,2,0,0.5,0.2894736842105263,0.2522545484677363,0.23567594347736237,0.9687193382585361,0.5279801497516622,0.0,0.05263157894736842,0.0516077358576228
1240,113,99.12280701754386,114,0,112,2,0,0.0,1.8442507048786603,1.8286913033897423,2.001446795060897,1.4529611503851565,0.706623190472645,1.4659222790338244,6.394736842105263,5.849841044843197,0.37740862828090305,0.17900549401552884,0.08016167531667981,0.0,0.17900549401552884,-0.013112993195294298,0,0,0,2,0,0.5,0.3157894736842105,0.25450666438040925,0.2434955173239792,0.9754672715105124,0.5308663911099051,0.0,0.05263157894736842,0.05171921239482169
1241,112,98.24561403508773,114,1,112,0,1,0.008771929824561403,1.8381007806999354,1.8199855991285319,2.033768119293673,1.4532396435597195,0.7275081991091952,1.4919882320988362,6.394736842105263,5.849841044843197,0.3778333319344913,0.4236917337073948,0.08024721950681271,0.5,0.4212812767789093,-0.0007753558383197801,0,2,0,0,0,0.0,0.30701754385964913,0.2574831447810802,0.2521031941267473,0.9735107692986794,0.5267356789707878,0.008771929824561403,0.07017543859649122,0.0516966084779444
1242,112,98.24561403508773,114,0,113,1,0,0.0,1.844705711549255,1.826499756536442,2.098337010654154,1.4537053003642937,0.7182104199195131,1.4873138567562394,6.394736842105263,5.849841044843197,0.37812412900178205,0.002923707798503609,0.07466173554679341,0.0,0.002923707798503609,-0.017911116236889457,0,0,0,1,0,1.0,0.30701754385964913,0.2595098730009762,0.24225442149911394,0.9742687243418627,0.5285346924751814,0.0,0.05263157894736842,0.051743253223632046
1243,113,99.12280701754386,114,0,113,1,0,0.0,1.8590105728830963,1.8402786491634828,2.1744338006912454,1.4547885516391232,0.7160624215816587,1.484391796395648,6.394736842105263,5.849841044843197,0.3806167988020215,0.03364258590607029,0.08337635137151707,0.0,0.03364258590607029,-0.007977868186674009,0,0,1,0,0,1.0,0.34210526315789475,0.2638662539750077,0.2513666414020167,0.9688433636444115,0.5283712259328004,0.0,0.05263157894736842,0.05184646176914813
1244,113,99.12280701754386,114,0,112,2,0,0.0,1.8621235807751426,1.8437582786274846,2.15288436966473,1.455971276670334,0.7138587391828081,1.4850703829652592,6.394736842105263,5.849841044843197,0.3774476689186108,0.022874344891040115,0.0811827551782371,0.0,0.022874344891040115,-0.006240071099192668,0,0,0,2,0,1.0,0.30701754385964913,0.2591633298463,0.23980640619306362,0.964781389074026,0.5295717584166482,0.0,0.05263157894736842,0.051896620575770075
1245,113,99.12280701754386,114,0,112,2,0,0.0,1.8611830286035396,1.8434198499471017,1.9814042223425368,1.4570689761353395,0.7176840070700946,1.4793847956663781,6.394736842105263,5.849841044843197,0.37120026248435867,0.008590772020345546,0.05362725184793673,0.0,0.008590772020345546,-0.0021411929139555363,0,0,0,2,0,1.0,0.2894736842105263,0.24702437514443557,0.2332860726123141,0.9748784124197059,0.5276335340732071,0.0,0.05263157894736842,0.05192402465183851
1246,114,100.0,114,0,112,2,0,0.0,1.8675668924527271,1.8494989953280965,2.0436189252608665,1.45838695819983,0.730830760336132,1.4834603202415053,6.394736842105263,5.849841044843197,0.370835529113132,0.02977007285071525,0.08452712311708646,0.0,0.02977007285071525,-0.01356479995222537,0,0,0,2,0,0.5,0.2807017543859649,0.24883471507859606,0.2432806138703581,0.9820362003808206,0.5260427672253205,0.0,0.10526315789473684,0.05199449389897057
1247,114,100.0,114,0,113,1,0,0.0,1.874897932698306,1.8566480399750893,2.0425726719332626,1.4599624066070078,0.735278964724792,1.487807779454312,6.394736842105263,5.849841044843197,0.3732573829755197,0.004488671913405264,0.07227858718100319,0.0,0.004488671913405264,-0.02121622094702469,0,0,0,1,0,1.0,0.2894736842105263,0.24969466762147643,0.24362030595754203,0.9844115083077826,0.5276032134740953,0.0,0.10526315789473684,0.05207722971398017
1248,114,100.0,114,0,113,1,0,0.0,1.869816211489639,1.8518460770188232,1.9868533728122004,1.4612209680266433,0.7471476670458237,1.513190811366803,6.394736842105263,5.849841044843197,0.3684608356132981,0.06589943100853728,0.08785020497386022,0.0,0.06589943100853728,-0.015246717828464429,0,0,0,1,0,0.0,0.2894736842105263,0.24403697996797585,0.23645241842765272,0.9860822650444402,0.524877119842922,0.0,0.07017543859649122,0.05208863302918703
1249,114,100.0,114,0,113,1,0,0.0,1.891971662959083,1.873502810268952,2.086307744877416,1.4634194131802887,0.736484347829414,1.4940343084992436,6.394736842105263,5.849841044843197,0.3739282568333562,0.0045060158547894635,0.06309673230135544,0.0,0.0045060158547894635,-0.02090209022321521,0,0,1,0,0,1.0,0.2807017543859649,0.2507970045432591,0.2389335505157364,0.9767724197449812,0.5307512642727563,0.0,0.10526315789473684,0.052263713060007405
1250,114,100.0,114,0,113,1,0,0.0,1.906100670922464,1.8872117531368084,2.2226641360769084,1.466130813880346,0.7195666345730558,1.4715529878611182,6.394736842105263,5.849841044843197,0.37829786195759496,0.007254882690377775,0.06179445585775686,0.0,0.007254882690377775,-0.023195696677250077,0,0,0,1,0,1.0,0.2894736842105263,0.25825284864947906,0.23170365785598157,0.9792412650854686,0.5410455291500061,0.0,0.10526315789473684,0.052413664415345375
1251,114,100.0,114,0,113,1,0,0.0,1.8998203287076905,1.881433039482194,2.182728909847141,1.4684131654987764,0.7278283021410136,1.486355853160736,6.394736842105263,5.849841044843197,0.3733758292748093,0.00771827940069533,0.06324778871348977,0.0,0.00771827940069533,-0.028297572848959396,0,0,0,1,0,1.0,0.3157894736842105,0.2527797011554075,0.21699946166889514,0.9843072521216535,0.5389514783314733,0.0,0.10526315789473684,0.0524490196751528
1252,114,100.0,114,0,113,1,0,0.0,1.9288747034588274,1.9099645824591591,2.357942162706402,1.4718972431048787,0.7204971178899331,1.4540022534697856,6.394736842105263,5.849841044843197,0.37902300301644964,0.10040733361864201,0.08936450790089928,0.0,0.10040733361864201,-0.021776878007797373,0,0,0,1,0,0.0,0.2982456140350877,0.2615950244325346,0.20632707418554302,0.9846274631049399,0.544503300156239,0.0,0.10526315789473684,0.05269619804982646
1253,114,100.0,114,0,112,2,0,0.0,1.9497663257285136,1.9300817416101912,2.608239428237125,1.4761189651756041,0.7075910524439756,1.4667500897377177,6.394736842105263,5.849841044843197,0.38454280569906274,0.06457916237091332,0.059659393923541935,0.0,0.06457916237091332,-0.005704091556038904,0,0,0,2,0,0.5,0.30701754385964913,0.2738711282620337,0.21114158819986314,0.9774694548152681,0.5481675407394694,0.0,0.14035087719298245,0.052924138176421144
1254,114,100.0,114,0,113,1,0,0.0,1.9595344888094017,1.9396645675601607,2.6273135869902964,1.4805421872843783,0.7178699230470575,1.5000726572591796,6.394736842105263,5.849841044843197,0.38439017134719644,0.0062953321628373155,0.07430072780478039,0.0,0.0062953321628373155,-0.03589841388476134,0,0,0,1,0,1.0,0.2894736842105263,0.2733423207171321,0.2155360967781461,0.9766077587366787,0.5453053490606422,0.0,0.14035087719298245,0.053102354723037405
1255,114,100.0,114,0,112,2,0,0.0,1.9782666703441547,1.9580957419733305,2.782810971148776,1.4855692134554237,0.7102330271827371,1.485622880500778,6.394736842105263,5.849841044843197,0.3870621872760318,0.12303350788076539,0.07060051611475557,0.0,0.12303350788076539,-0.004773547401527245,0,0,0,2,0,0.0,0.2807017543859649,0.279648294658748,0.20634241448944207,0.9865149979049539,0.5524255021418911,0.0,0.14035087719298245,0.05334305215085559
1256,114,100.0,114,0,113,1,0,0.0,1.9930409047094193,1.9722566390002787,2.967760849111558,1.490964878559461,0.6942617729946072,1.4889596895120085,6.394736842105263,5.849841044843197,0.3919676952984579,0.0034751828756498238,0.05040089435969268,0.0,0.0034751828756498238,-0.023630960229873432,0,0,0,1,0,1.0,0.2894736842105263,0.2893880884287203,0.19773096710641644,0.972843650222831,0.5585068836090488,0.0,0.17543859649122806,0.05357474223863104
1257,114,100.0,114,0,113,1,0,0.0,1.9850392350788295,1.9647049606964277,2.781157943185407,1.4956914968900048,0.7172318949660519,1.5185376622350415,6.394736842105263,5.849841044843197,0.38470907695586454,0.1461584747740346,0.09366034847044136,0.0,0.1461584747740346,-0.02191729592583369,0,0,0,1,0,0.0,0.2894736842105263,0.2781738849610155,0.19478174511049662,0.9767454357628242,0.5514224743584688,0.0,0.10526315789473684,0.053672983720044705
1258,114,100.0,114,0,113,1,0,0.0,1.9835739890829602,1.9633220857033462,2.6861088671160886,1.5000768987702604,0.7237933386584885,1.5136512956120953,6.394736842105263,5.849841044843197,0.3840310557475264,0.0125309706812993,0.06841980693797704,0.0,0.0125309706812993,-0.028339582730746216,0,0,0,1,0,1.0,0.2894736842105263,0.27436799595628386,0.21007415019403775,0.9594940182774678,0.5486129083271241,0.0,0.17543859649122806,0.05379392700965162
1259,114,100.0,114,0,113,1,0,0.0,1.9670267058989332,1.9476982092649255,2.548848240986355,1.5034745840619912,0.7274723066410457,1.4979230058666664,6.394736842105263,5.849841044843197,0.3830537890374959,0.013968001890362475,0.0679285978031188,0.0,0.013968001890362475,-0.02898147156711106,0,0,0,1,0,1.0,0.2982456140350877,0.2689227292017284,0.2000604879583073,0.9533757061712642,0.55455405125338,0.0,0.17543859649122806,0.053810570188116615
1260,114,100.0,114,0,113,1,0,0.0,1.9637546264934964,1.9446952876270058,2.3964218326371536,1.5065329772509362,0.7329006552679628,1.5102928842943901,6.394736842105263,5.849841044843197,0.3794706519537159,0.014522527402747527,0.06826570169236984,0.0,0.014522527402747527,-0.03136824884935696,0,0,0,1,0,1.0,0.2982456140350877,0.26031071281366036,0.2000888265358896,0.9715281162027998,0.5490270553599921,0.0,0.10526315789473684,0.05388366536112923
1261,113,99.12280701754386,114,1,113,0,0,0.008771929824561403,1.9458227372555235,1.9231284630149776,2.3062795984928415,1.50859032218251,0.7547889184007678,1.5489273764678761,6.394736842105263,5.849841044843197,0.3774079905153216,0.21770449027646527,0.0938077988665307,0.0,0.21770449027646527,-0.021840526554950168,0,1,0,0,0,0.0,0.30701754385964913,0.2578083278010972,0.19650071215784776,0.9715281162027998,0.5368310708379458,0.008771929824561403,0.10526315789473684,0.05385418161905997
1262,113,99.12280701754386,114,0,113,1,0,0.0,1.9396224758348661,1.9169813633932327,2.20019513979913,1.510052476411163,0.7749179030267217,1.5773062951525862,6.394736842105263,5.849841044843197,0.3723790605117687,0.12542418928072008,0.08671865499283504,0.0,0.12542418928072008,0.0015722276517893263,0,0,0,1,0,0.0,0.2894736842105263,0.25046194954660744,0.20813162082762063,0.9499806173473275,0.5257444258349495,0.0,0.14035087719298245,0.05386594716106001
1263,113,99.12280701754386,114,0,113,1,0,0.0,1.9412132840834322,1.9191601046970665,2.1850841716360545,1.511531059264051,0.7661294336802149,1.5719672036885242,6.394736842105263,5.849841044843197,0.36978200107280745,0.11524496999986875,0.07167891773496253,0.0,0.11524496999986875,0.011263774742233834,0,0,0,1,0,0.0,0.2807017543859649,0.24720055316079328,0.19820898633479006,0.9322039773074426,0.5266429320028023,0.0,0.07017543859649122,0.05391714857560796
1264,113,99.12280701754386,114,0,114,0,0,0.0,1.9416868137838075,1.9196752126640233,2.246276591233048,1.5129472537681505,0.7672297472489327,1.574096946759418,6.394736842105263,5.849841044843197,0.3736735537233047,0.0,0.0,0.0,0.0,0.0,0,0,0,0,0,0.0,0.30701754385964913,0.25198914143280254,0.18841970620958234,0.9654878754282569,0.5358525653310122,0.0,0.14035087719298245,0.05396093878779766
1265,113,99.12280701754386,114,0,113,1,0,0.0,1.955520652989177,1.932623054538002,2.460631622204283,1.5148865456795664,0.7514223665009429,1.5697249800011128,6.394736842105263,5.849841044843197,0.3812260300657786,0.10603944842337382,0.058785098600172996,0.0,0.10603944842337382,0.01498758396292832,0,0,0,1,0,0.0,0.2894736842105263,0.2653796988198172,0.1890929341830726,0.9530153041074351,0.5416801474707128,0.0,0.07017543859649122,0.05408683073093117
1266,114,100.0,114,0,113,1,0,0.0,1.9487901659682172,1.9257837956041668,2.446036138960977,1.516392323475749,0.750833362230471,1.5734692672243593,6.394736842105263,5.849841044843197,0.3824369580738143,0.10371178821997855,0.08352578481532943,0.0,0.10371178821997855,0.0025606367449435563,0,0,0,1,0,0.0,0.3157894736842105,0.26624546516052333,0.19129641916708673,0.9541065064140352,0.5433851163301375,0.0,0.10526315789473684,0.05409722109960898
1267,114,100.0,114,0,113,1,0,0.0,1.9338573434903132,1.9110939276880643,2.4222164627879383,1.5171225485261353,0.7516351872487893,1.5756311425595253,6.394736842105263,5.849841044843197,0.38081266425764326,0.13990524427846796,0.06026625275147304,0.0,0.13990524427846796,0.01678774292705021,0,0,0,1,0,0.0,0.3157894736842105,0.26525335264295713,0.18823891142090196,0.960209423957754,0.5395248293583966,0.0,0.10526315789473684,0.05404391548957807
1268,114,100.0,114,0,113,1,0,0.0,1.9551103849507292,1.9319469890940955,2.4749940687001106,1.5187859533279933,0.7457836957912553,1.5638358410822597,6.394736842105263,5.849841044843197,0.38039235813294625,0.10115327077107131,0.08394677465462719,0.0,0.10115327077107131,0.0011296454529374778,0,0,0,1,0,0.0,0.2807017543859649,0.2659433667959962,0.19838813172680336,0.9512579715783234,0.5361094114158592,0.0,0.12280701754385964,0.05419883396530065
1269,114,100.0,114,0,113,1,0,0.0,1.9580936337999297,1.9350532314482802,2.3722719127831153,1.52049741978516,0.7409632392822746,1.5421933113762492,6.394736842105263,5.849841044843197,0.37937621606965766,0.13565987114078337,0.05953114585135276,0.0,0.13565987114078337,0.017050076821126692,0,0,0,1,0,0.0,0.2807017543859649,0.26097283102259916,0.2119369752581287,0.9630106443980472,0.5341570922032493,0.0,0.10526315789473684,0.05426380924318668
1270,114,100.0,114,0,114,0,0,0.0,1.9277959026162779,1.905201510192499,2.1853227792679117,1.5207117455809565,0.7765909088918055,1.5729753052563549,6.394736842105263,5.849841044843197,0.3724285847357587,0.0,0.0,0.0,0.0,0.0,0,0,0,0,0,0.0,0.2894736842105263,0.2506954195508494,0.2229321590326525,0.9594300728052366,0.5237507521970202,0.0,0.10526315789473684,0.054118589446454514
1271,114,100.0,114,0,114,0,0,0.0,1.9168163449113937,1.8945482759389929,2.1165642696973523,1.520414975842409,0.7945578304682206,1.576134800864862,6.394736842105263,5.849841044843197,0.3708389537765784,0.0,0.0,0.0,0.0,0.0,0,0,0,0,0,0.0,0.2982456140350877,0.24689350505884908,0.22070381784850376,0.9617436508956441,0.5216216929977704,0.0,0.10526315789473684,0.05405501137894298
1272,114,100.0,114,0,114,0,0,0.0,1.9240537222179825,1.9019572915415937,2.2291530799368897,1.5204822991704277,0.7974729942529623,1.5277818787939046,6.394736842105263,5.849841044843197,0.3747216213252407,0.0,0.0,0.0,0.0,0.0,0,0,0,0,0,0.0,0.2982456140350877,0.2537404662848394,0.20208846927730897,0.958132032390888,0.5306266671259637,0.0,0.10526315789473684,0.054093167419313526
1273,114,100.0,114,0,114,0,0,0.0,1.9215934650909938,1.8995062907290772,2.1915041050492645,1.5204309804695388,0.7958032444037009,1.5050559014608476,6.394736842105263,5.849841044843197,0.3741451785857517,0.0,0.0,0.0,0.0,0.0,0,0,0,0,0,0.0,0.2982456140350877,0.25235510697630215,0.20333400297589585,0.9600846913083572,0.5336728642720338,0.0,0.10526315789473684,0.05407936510246444
1274,114,100.0,114,0,114,0,0,0.0,1.9281364444238394,1.9060529518971254,2.212819460307575,1.5206890392487384,0.7852577751906944,1.4847123638990463,6.394736842105263,5.849841044843197,0.37706797389289126,0.0,0.0,0.0,0.0,0.0,0,0,0,0,0,0.0,0.2807017543859649,0.25474963642990023,0.1993797944079024,0.962055572448079,0.5396913869912014,0.0,0.14035087719298245,0.05411962801332139
1275,114,100.0,114,0,114,0,0,0.0,1.9439259089785639,1.9211372481679825,2.39953245697026,1.5216379278832157,0.7889927091332207,1.5166925936642035,6.394736842105263,5.849841044843197,0.3790202996121055,0.0,0.0,0.0,0.0,0.0,0,0,0,0,0,0.0,0.2894736842105263,0.26248320232081895,0.19708282301421365,0.9714596944014938,0.5416015105168881,0.0,0.14035087719298245,0.054226329574499764
1276,114,100.0,114,0,114,0,0,0.0,1.959799695671725,1.9365743658819312,2.5324524527790286,1.5232537455194204,0.7655775221807195,1.4777497336463004,6.394736842105263,5.849841044843197,0.38277751878053734,0.0,0.0,0.0,0.0,0.0,0,0,0,0,0,0.0,0.30701754385964913,0.2689216475897551,0.19820050435717412,0.9695705741910698,0.5452952182556695,0.0,0.17543859649122806,0.05435295988961183
1277,114,100.0,114,0,114,0,0,0.0,1.949577942810564,1.9262011948844715,2.6794783356509306,1.5242895891806034,0.7492203769935032,1.4664564394516615,6.394736842105263,5.849841044843197,0.3886744409722662,0.0,0.0,0.0,0.0,0.0,0,0,0,0,0,0.0,0.34210526315789475,0.2804935614649724,0.19397616791641525,0.962055572448079,0.5540349179503409,0.0,0.14035087719298245,0.05433214872913217
1278,114,100.0,114,0,114,0,0,0.0,1.9452557428312416,1.9218006890041683,2.722982674592445,1.525058899554801,0.7738182880585268,1.543229355267571,6.394736842105263,5.849841044843197,0.38632382852937663,0.0,0.0,0.0,0.0,0.0,0,0,0,0,0,0.0,0.32456140350877194,0.2803392603228352,0.1964061526768269,0.9564115723549154,0.5476609330257022,0.0,0.14035087719298245,0.05433303944625158
1279,114,100.0,114,0,114,0,0,0.0,1.9564804137787304,1.932899123356904,2.8033713031864496,1.5263025991094474,0.7673126923395338,1.5351047770533572,6.394736842105263,5.849841044843197,0.38684086808149454,0.0,0.0,0.0,0.0,0.0,0,0,0,0,0,0.0,0.2982456140350877,0.28194703793972453,0.19070671610171464,0.957722213655388,0.5503383262167711,0.0,0.17543859649122806,0.05442554002450014
1280,114,100.0,114,0,114,0,0,0.0,1.9475367407282804,1.9241212764538158,2.722945949869242,1.5270627521442792,0.7712293668819828,1.5776299300398016,6.394736842105263,5.849841044843197,0.38383615311989705,0.0,0.0,0.0,0.0,0.0,0,0,0,0,0,0.0,0.30701754385964913,0.2776210312127842,0.19644455309588527,0.9418644807424701,0.544497121170265,0.0,0.17543859649122806,0.0544030555313655
1281,114,100.0,114,0,113,1,0,0.0,1.9477849713674298,1.9246440012762116,2.6630534198828713,1.5278029002918456,0.7751069763663571,1.5770050785281347,6.394736842105263,5.849841044843197,0.3820966354219426,0.2072086526881688,0.06538500949291283,0.0,0.2072086526881688,0.01664777165855691,0,0,0,1,0,0.0,0.3333333333333333,0.2744912514764837,0.1953684409123387,0.9377106637083681,0.5452702385925354,0.0,0.14035087719298245,0.05442594542962574
1282,114,100.0,114,0,113,1,0,0.0,1.9659417815607123,1.9429008227920246,2.6389490327830183,1.529354146980096,0.7889471979458252,1.5590273362469114,6.394736842105263,5.849841044843197,0.379522879202018,0.08978961745442172,0.07880821337875407,0.0,0.08978961745442172,0.003470108105990355,0,0,0,1,0,0.0,0.30701754385964913,0.2703008180767128,0.19439441076646657,0.9243083706136461,0.5388304079012634,0.0,0.14035087719298245,0.05456210221333017
1283,114,100.0,114,0,114,0,0,0.0,1.966579633318444,1.9437323787096015,2.5405861848131397,1.5308535639623717,0.7903685699162871,1.565453558161817,6.394736842105263,5.849841044843197,0.3777574951292313,0.0,0.0,0.0,0.0,0.0,0,0,0,0,0,0.0,0.2807017543859649,0.2656060252944091,0.1994762202168369,0.9463226337624904,0.5358376819145364,0.0,0.17543859649122806,0.05460914822715008
1284,114,100.0,114,0,114,0,0,0.0,1.971258071698046,1.948248672295571,2.6982312153516093,1.5324766242313033,0.7964192813257933,1.577505078824071,6.394736842105263,5.849841044843197,0.3815102135978705,0.0,0.0,0.0,0.0,0.0,0,0,0,0,0,0.0,0.2807017543859649,0.2737809114805543,0.19584601599107884,0.9492085912351411,0.5427423890816173,0.0,0.17543859649122806,0.054680013641945344
1285,114,100.0,114,0,113,1,0,0.0,1.9526147646634904,1.9302310265295974,2.586711227663433,1.5331615351445742,0.7916117165113687,1.5927112239666297,6.394736842105263,5.849841044843197,0.3784276778843363,0.09599990776404799,0.05975601865609828,0.0,0.09599990776404799,0.012444333017071818,0,0,0,1,0,0.0,0.2807017543859649,0.268823096125667,0.1878111106379934,0.9491601377193698,0.5401457100121655,0.0,0.17543859649122806,0.054606830206635135
1286,114,100.0,114,0,113,1,0,0.0,1.9706264573657333,1.9475717758809625,2.8583773254011833,1.5346179048765518,0.7779096412216954,1.6022066977851204,6.394736842105263,5.849841044843197,0.38456454031513054,0.009622995557424538,0.0734068487851074,0.0,0.009622995557424538,0.004191465155983898,0,0,0,1,0,1.0,0.2982456140350877,0.28155974764711605,0.17801429754413584,0.9596445821193554,0.5488194416275934,0.0,0.14035087719298245,0.054739486327319294
1287,114,100.0,114,0,114,0,0,0.0,1.966998595849585,1.9439182310612217,2.806541992493005,1.5358180980426177,0.7824610846949291,1.6031106229483063,6.394736842105263,5.849841044843197,0.3830104759717845,0.0,0.0,0.0,0.0,0.0,0,0,0,0,0,0.0,0.2719298245614035,0.279052933678177,0.19025226204876855,0.968491445694246,0.5433282301961434,0.0,0.12280701754385964,0.054756451715961524
1288,114,100.0,114,0,114,0,0,0.0,1.9492155076031037,1.9262547132469303,2.682225412188494,1.5361214516441872,0.7899987469592502,1.643261419302391,6.394736842105263,5.849841044843197,0.37984429315014934,0.0,0.0,0.0,0.0,0.0,0,0,0,0,0,0.0,0.2631578947368421,0.2740590007930312,0.1975842804377329,0.9650564003771631,0.5370509497795841,0.0,0.12280701754385964,0.05467640912647693
1289,114,100.0,114,0,114,0,0,0.0,1.9256529352759357,1.903509055748675,2.4991153994253184,1.5353425916956587,0.8014186221713666,1.6378109349907408,6.394736842105263,5.849841044843197,0.37533134064246654,0.0,0.0,0.0,0.0,0.0,0,0,0,0,0,0.0,0.2894736842105263,0.26539765203719806,0.20155182410606468,0.9616313298540715,0.5309504579133187,0.0,0.15789473684210525,0.05453581523036565
1290,114,100.0,114,0,114,0,0,0.0,1.9156267198191936,1.8937581168874327,2.5797787277985775,1.5341529622770713,0.7969849817537576,1.6393337028338968,6.394736842105263,5.849841044843197,0.37386149893320963,0.0,0.0,0.0,0.0,0.0,0,0,0,0,0,0.0,0.2894736842105263,0.26835821149992545,0.1872414227867986,0.960572967004297,0.5326222762545717,0.0,0.15789473684210525,0.05445088843807692
1291,114,100.0,114,0,114,0,0,0.0,1.9097656206472085,1.8882724952237433,2.4803902356569707,1.5327762041703763,0.8033595318095066,1.669976530925461,6.394736842105263,5.849841044843197,0.3701661791067845,0.0,0.0,0.0,0.0,0.0,0,0,0,0,0,0.0,0.2719298245614035,0.2617631007274126,0.18618724531588918,0.96596624580387,0.5262502572376393,0.0,0.15789473684210525,0.05438131386181016
1292,114,100.0,114,0,114,0,0,0.0,1.9236547822118453,1.9019021721176155,2.5291666852389625,1.5321178357710683,0.7990722295638927,1.6463422589977021,6.394736842105263,5.849841044843197,0.37012123036990263,0.0,0.0,0.0,0.0,0.0,0,0,0,0,0,0.0,0.2719298245614035,0.26231812922665065,0.18044845496906722,0.956513077899554,0.5263241164122892,0.0,0.17543859649122806,0.05443150291720884
1293,114,100.0,114,0,114,0,0,0.0,1.9414416334347562,1.9193868309563888,2.7007372653434585,1.5323162406760507,0.765023308459699,1.5873500620246388,6.394736842105263,5.849841044843197,0.37487072798547794,0.0,0.0,0.0,0.0,0.0,0,0,0,0,0,0.0,0.2807017543859649,0.271272745319604,0.17551399121574354,0.9577876080284645,0.5377741593219841,0.0,0.12280701754385964,0.05452624035910673
1294,114,100.0,114,0,113,1,0,0.0,1.9445670175765892,1.922662477482273,2.633768350203616,1.5326563353014304,0.7606366253574839,1.5634416967327305,6.394736842105263,5.849841044843197,0.37664066125031015,0.3807965983247035,0.09518186751240654,0.0,0.3807965983247035,0.010744713000912953,0,0,0,1,0,0.0,0.2807017543859649,0.26956383391176897,0.1750084246881284,0.9769516285454554,0.5443710977579161,0.0,0.10526315789473684,0.054551814777309277
1295,114,100.0,114,0,113,1,0,0.0,1.9471362737676179,1.9255477438807,2.7178003100882986,1.5331115617302462,0.772298421387473,1.5842827324354685,6.394736842105263,5.849841044843197,0.37501328362899433,0.12270133116130438,0.08092144098657099,0.0,0.12270133116130438,0.005406696313670412,0,0,0,1,0,0.0,0.2894736842105263,0.27120111043313616,0.16528207622598345,0.9690640187417859,0.5449797949741253,0.0,0.07017543859649122,0.05457797606950433
1296,113,99.12280701754386,114,1,112,1,0,0.008771929824561403,1.9728804811800844,1.9489171045198508,2.9237480004807663,1.5347345875183356,0.7494847039738054,1.565540935771504,6.394736842105263,5.849841044843197,0.3780546316375224,0.07988719560125847,0.08418148864374972,0.0,0.07988719560125847,0.008816920072274248,0,1,0,1,0,0.5,0.2719298245614035,0.27848331644093505,0.1486523307280516,0.9739323958151131,0.5593576140371473,0.008771929824561403,0.15789473684210525,0.05475416932092669
1297,113,99.12280701754386,114,0,113,1,0,0.0,1.9788772436410864,1.954897076490106,2.811161559611751,1.5364417509402493,0.745028944703915,1.5413256672557132,6.394736842105263,5.849841044843197,0.3789995968198714,0.010790662588724707,0.07444082474023786,0.0,0.010790662588724707,0.0028432027579515795,0,0,0,1,0,1.0,0.2807017543859649,0.2748935207267202,0.15383199615748797,0.9660832462985645,0.5594351324530702,0.0,0.12280701754385964,0.05483408630651053
1298,113,99.12280701754386,114,0,112,2,0,0.0,2.0151160535576738,1.990426529894878,3.0362813269131945,1.5397117812542302,0.7279680655097165,1.5156634363495167,6.394736842105263,5.849841044843197,0.38407317800053287,0.031066773155971686,0.07256345393714246,0.0,0.031066773155971686,0.0020470943083251703,0,0,0,2,0,1.0,0.2807017543859649,0.28316176230312606,0.1489538639427284,0.9554250353356772,0.5679057996516513,0.0,0.19298245614035087,0.0551109261438365
1299,113,99.12280701754386,114,0,113,1,0,0.0,2.0358338985142477,2.010762307323786,3.3661163506155676,1.543742208516584,0.7056967423183258,1.492313544306478,6.394736842105263,5.849841044843197,0.38708512172472154,0.06735073786659823,0.07032841023219122,0.0,0.06735073786659823,0.00477703939143892,0,0,1,0,0,0.0,0.2982456140350877,0.2951127382539858,0.14341685348541314,0.9633146050596573,0.5751640884716642,0.0,0.15789473684210525,0.05533240216275723
1300,112,98.24561403508773,114,1,111,2,0,0.008771929824561403,2.0345556643004183,2.0067864402240403,3.354269277458074,1.5474779336726294,0.7186367090356491,1.5056844486693235,6.394736842105263,5.849841044843197,0.38738903974356553,0.1738241080040679,0.07014040018507968,0.0,0.1738241080040679,0.011246662544203126,0,1,0,2,0,0.3333333333333333,0.2631578947368421,0.29509895188220264,0.1493380611170415,0.9550405566398149,0.5739406969749349,0.008771929824561403,0.19298245614035087,0.05543527798343853
1301,112,98.24561403508773,114,1,112,1,0,0.008771929824561403,2.0495477726055777,2.024877497489399,3.332820548669326,1.5515382956245716,0.7275212489304984,1.5075534004403774,6.394736842105263,5.849841044843197,0.3899700472279719,0.19953792076600502,0.06650466298231208,0.0,0.19953792076600502,0.014979573208137142,0,1,0,1,0,0.0,0.2631578947368421,0.2951433401815077,0.1660898541861977,0.9383251976029757,0.5792909303796394,0.008771929824561403,0.24561403508771928,0.05562900088498128
1302,111,97.36842105263158,114,1,109,1,3,0.008771929824561403,2.0469516672881682,2.0196237665099637,3.337424586608459,1.5554126911974289,0.7506643626282421,1.5515005885028763,6.394736842105263,5.849841044843197,0.38988380477887685,0.671907203993597,0.07700005961189824,0.8,0.14823219605601198,0.04254518877137216,0,4,0,1,0,0.2,0.2719298245614035,0.29600032360524436,0.18620602661108906,0.9541083334931493,0.5617496983285981,0.008771929824561403,0.21052631578947367,0.055729343349624524
1303,111,97.36842105263158,114,0,112,2,0,0.0,2.049194499043974,2.0213773392307033,3.4869522486629476,1.559021410180243,0.7433696300388335,1.53927037658848,6.394736842105263,5.849841044843197,0.3933077657617732,0.13129620073190248,0.056813291869419615,0.0,0.13129620073190248,0.01549070760734017,0,0,0,2,0,0.5,0.2719298245614035,0.30246435117417464,0.18244344440264212,0.9533679483521517,0.5639306938335694,0.0,0.21052631578947367,0.05584610967052841
1304,111,97.36842105263158,114,0,112,2,0,0.0,2.047026419441151,2.0189774424293634,3.574472406339559,1.5623067127203127,0.7273933596673182,1.5319925423819114,6.394736842105263,5.849841044843197,0.3956015468228513,0.1459306864963138,0.05556230946814598,0.0,0.1459306864963138,0.016542938839471444,0,0,0,2,0,0.5,0.2719298245614035,0.3081677229217812,0.1820719494629785,0.9601056141969612,0.5669053227124782,0.0,0.21052631578947367,0.055931361760732434
1305,112,98.24561403508773,114,0,113,1,0,0.0,2.028900424675793,2.001647905991676,3.3292348686222617,1.5645888300156157,0.7508517135931807,1.544630082432103,6.394736842105263,5.849841044843197,0.3914680363905765,0.00688961885237346,0.07715501774517718,0.0,0.00688961885237346,-0.0011404382128448187,0,0,1,0,0,1.0,0.2894736842105263,0.29810848274785634,0.18064522369819305,0.9619532158523729,0.5652897244749477,0.0,0.17543859649122806,0.05590748190402169
1306,113,99.12280701754386,114,0,112,2,0,0.0,2.0367662380084073,2.00991969584397,3.3322591809354996,1.5671245563230247,0.7350209257176252,1.5292048587481837,6.394736842105263,5.849841044843197,0.38853560033325407,0.09025266011427421,0.07481780133652183,0.0,0.09025266011427421,0.009012651811546368,0,0,0,2,0,0.5,0.30701754385964913,0.29449512377547504,0.168962379228349,0.949297142719976,0.5653303322225158,0.0,0.17543859649122806,0.056020978949842606
1307,114,100.0,114,0,112,2,0,0.0,2.0405166294326706,2.0130791160280626,3.4299729590564083,1.5696598035190845,0.7274722564735121,1.5403301353341168,6.394736842105263,5.849841044843197,0.39240208139731325,0.21766314391243904,0.09916792154078302,0.0,0.21766314391243904,0.0009343726487869297,0,0,0,2,0,0.0,0.30701754385964913,0.300428957142029,0.1705753110303542,0.9561894065092851,0.5688071441318623,0.0,0.24561403508771928,0.0561138848724956
1308,114,100.0,114,0,112,2,0,0.0,2.0555422507453365,2.0280504517405205,3.4275749849198247,1.5727473822572562,0.715049212180004,1.5265213827759856,6.394736842105263,5.849841044843197,0.3913446668787697,0.20489639323486378,0.09240186684373702,0.0,0.20489639323486378,-0.003832942523682936,0,0,0,2,0,0.0,0.2894736842105263,0.29775150699425074,0.16920789836684322,0.9699472480738817,0.5651229967979164,0.0,0.17543859649122806,0.05627932220321764
1309,113,99.12280701754386,114,1,112,1,0,0.008771929824561403,2.051963436300692,2.0353000425550736,3.5017283682453133,1.5754950965429384,0.7248127896878453,1.5483857084601207,6.394736842105263,5.849841044843197,0.39227788803894126,0.22952618182252854,0.09464961525339546,0.0,0.22952618182252854,0.0074438192372147105,0,1,0,1,0,0.0,0.2807017543859649,0.30000101932047124,0.1808568012353718,0.962960371133548,0.5579508361016915,0.008771929824561403,0.22807017543859648,0.05634179659003384
1310,112,98.24561403508773,114,1,108,3,2,0.008771929824561403,2.0486762019403324,2.024106315205542,3.2244837738122714,1.5784296611112383,0.7710060913472901,1.5899003684425248,6.394736842105263,5.849841044843197,0.3851396584370681,0.496664618896675,0.0953001728352934,0.5,0.07397161777425391,0.019523418520381936,0,3,0,3,0,0.5,0.2807017543859649,0.2877350413580033,0.18708647990587027,0.9632223237541768,0.5489743936522875,0.008771929824561403,0.19298245614035087,0.05641119409953396
1311,112,98.24561403508773,114,0,112,2,0,0.0,2.0594815970567173,2.0343972107340837,3.3627803713036886,1.5813012373705075,0.7552744431703678,1.5715058931071164,6.394736842105263,5.849841044843197,0.389268835025955,0.1960157191684621,0.10707362680462959,0.0,0.1960157191684621,-0.01240774780192433,0,0,0,2,0,0.0,0.2982456140350877,0.2944158298551944,0.18862027798002184,0.9680826391821118,0.5541481896227625,0.0,0.15789473684210525,0.05654921239844024
1312,112,98.24561403508773,114,0,112,2,0,0.0,2.0662674299796073,2.0412259214825426,3.526832325077641,1.5843244059624857,0.7463540144839569,1.5323369372200066,6.394736842105263,5.849841044843197,0.3920018193673249,0.17016476454930263,0.08908978745039063,0.0,0.17016476454930263,-0.013812877846643146,0,0,0,2,0,0.5,0.3157894736842105,0.30036443399424906,0.177672667491791,0.9749294250666152,0.5622169984632694,0.0,0.15789473684210525,0.05667156684162886
1313,112,98.24561403508773,114,0,112,2,0,0.0,2.04336619841357,2.018439840547248,3.503309084786424,1.5861043643852646,0.7660109430320597,1.5946413731500109,6.394736842105263,5.849841044843197,0.3906925401749235,0.07809635344337633,0.08955750740564021,0.0,0.07809635344337633,0.0017555404009305109,0,0,0,2,0,0.5,0.30701754385964913,0.30110018613435136,0.16885692356933407,0.9688314996551658,0.562148109008019,0.0,0.19298245614035087,0.056609123052997104
1314,113,99.12280701754386,114,0,114,0,0,0.0,2.046569790131967,2.0217022479703135,3.454045995221599,1.587932874588434,0.7722864376666732,1.6047146761675513,6.394736842105263,5.849841044843197,0.38929968653619906,0.0,0.0,0.0,0.0,0.0,0,0,0,0,0,0.0,0.2894736842105263,0.29822102258734295,0.17338658184068745,0.9657766370840688,0.559491508120823,0.0,0.19298245614035087,0.05667862348177617
1315,114,100.0,114,0,113,1,0,0.0,2.053592255152125,2.028738022717769,3.555423677718532,1.5899836851624287,0.7699282795644337,1.5989436612656998,6.394736842105263,5.849841044843197,0.3904283484234219,0.2243811850673918,0.07547435495346569,0.0,0.2243811850673918,0.01643650487845638,0,0,0,1,0,0.0,0.30701754385964913,0.301706842811994,0.16222092519425282,0.9621086295209511,0.5627905858726606,0.0,0.22807017543859648,0.05677372038623173
1316,114,100.0,114,0,113,1,0,0.0,2.0602345027461135,2.0349251112701636,3.7328835229812016,1.592204074454209,0.7592661785832945,1.6026779066371326,6.394736842105263,5.849841044843197,0.3957360732953499,0.13800856386146076,0.10435938383532337,0.0,0.13800856386146076,-0.00026237122314243244,0,0,1,0,0,0.0,0.30701754385964913,0.31006267423346956,0.15782154394744582,0.9695246377858582,0.5690410769306197,0.0,0.19298245614035087,0.0568718762462746
1317,114,100.0,114,0,113,1,0,0.0,2.0700439288293175,2.044745519117529,4.035305418561523,1.5947541571010648,0.7434832785602422,1.5910117044338872,6.394736842105263,5.849841044843197,0.3989484753506227,0.13685686440504607,0.10165638530418111,0.0,0.13685686440504607,0.002573036164545517,0,0,0,1,0,0.0,0.2982456140350877,0.32029390662765783,0.14828077008696078,0.9594230070899401,0.5779477079643248,0.0,0.22807017543859648,0.05699551126736721
1318,114,100.0,114,0,111,3,0,0.0,2.0814523979524053,2.0555822461536164,4.289374175105997,1.5976622090114263,0.7264939089708865,1.5335321288839534,6.394736842105263,5.849841044843197,0.40160955359268935,0.17073023610460383,0.06527304612124915,0.0,0.17073023610460383,0.008306093096078179,0,0,0,3,0,0.3333333333333333,0.2982456140350877,0.32654873674046525,0.13811901445483005,0.963503305775167,0.5830683021862562,0.0,0.12280701754385964,0.057137611820111484
1319,114,100.0,114,0,111,3,0,0.0,2.0559212608607833,2.0310855368017267,3.8476465350677307,1.5992537296608882,0.7680961630002741,1.5622964194690392,6.394736842105263,5.849841044843197,0.3949029258347274,0.12590224579844236,0.07298007648365783,0.0,0.12590224579844236,-0.002728615150097572,0,0,0,3,0,0.6666666666666666,0.32456140350877194,0.31164173874768647,0.14169799305081884,0.9618882409297315,0.5759912746683606,0.0,0.12280701754385964,0.05705650684874807
1320,114,100.0,114,0,112,2,0,0.0,2.0373723913007233,2.0128252729346485,3.669377661922878,1.5998975917536866,0.7778711181210681,1.5784241837582385,6.394736842105263,5.849841044843197,0.3926964363155365,0.009069843394374702,0.09784254004358936,0.0,0.009069843394374702,-0.016325129151279927,0,0,0,2,0,1.0,0.34210526315789475,0.30714933736321315,0.14693161942853686,0.951056651660449,0.5724423690880379,0.0,0.12280701754385964,0.056982594955436124
1321,114,100.0,114,0,112,2,0,0.0,2.0423100866661255,2.017920565615471,3.4968762882381417,1.600742242155586,0.7684151701922718,1.5328336987966558,6.394736842105263,5.849841044843197,0.39138884782270367,0.024133102196916684,0.09767201071004329,0.0,0.024133102196916684,-0.023481424300146436,0,0,0,2,0,1.0,0.34210526315789475,0.3005477859657588,0.15042215368481573,0.9499140828160595,0.5716393744826982,0.0,0.12280701754385964,0.057031988785211006
1322,114,100.0,114,0,113,1,0,0.0,2.0362527527895216,2.012007702268395,3.5432563277958917,1.601260767365988,0.7773527631708722,1.6020261175344659,6.394736842105263,5.849841044843197,0.39065987904983723,0.049990400265760834,0.07662468958303914,0.0,0.049990400265760834,-0.004864194386075438,0,0,0,1,0,1.0,0.3333333333333333,0.3018652319518062,0.1431490736729298,0.9477757763813945,0.5696768388514506,0.0,0.12280701754385964,0.05701686856612097
1323,114,100.0,114,0,111,3,0,0.0,2.026315180423079,2.0024077044706146,3.1349462029634094,1.6012996919866207,0.8039467650066872,1.585545951464879,6.394736842105263,5.849841044843197,0.3820905896619742,0.02501358332961603,0.08426875063338958,0.0,0.02501358332961603,-0.014484638956473561,0,0,0,3,0,0.6666666666666666,0.30701754385964913,0.28285998657650496,0.15796208026756803,0.9530366521118139,0.5559815143333486,0.0,0.19298245614035087,0.05696831921850591
1324,114,100.0,114,0,111,3,0,0.0,2.0451889181435976,2.020801298428457,3.2504786842196043,1.6021971363859935,0.79807931588171,1.5842529617620327,6.394736842105263,5.849841044843197,0.3836198763001124,0.03284290785967253,0.08418858107842007,0.0,0.03284290785967253,-0.015622870727865798,0,0,0,3,0,1.0,0.30701754385964913,0.28623962893006855,0.1583920138013136,0.9490917066455494,0.5553474292957867,0.0,0.22807017543859648,0.05708893744252308
1325,113,99.12280701754386,114,1,111,2,0,0.008771929824561403,2.0481622707059675,2.0213625551877366,3.1491606275737087,1.603191003022202,0.8148730687803428,1.5943206658205746,6.394736842105263,5.849841044843197,0.3807158610125012,0.03912063678428922,0.08526141607158073,0.0,0.03912063678428922,-0.01816910506182945,0,1,0,2,0,0.3333333333333333,0.2719298245614035,0.28046749833624884,0.15862164788278535,0.9451583648652708,0.549831839927247,0.008771929824561403,0.19298245614035087,0.0571328740145429
1326,113,99.12280701754386,114,0,112,2,0,0.0,2.0495018018662514,2.022833125035576,3.275301463499505,1.6040728956337882,0.7938679478169015,1.569060764799591,6.394736842105263,5.849841044843197,0.3808508676787714,0.019634645271212618,0.09855410805879491,0.0,0.019634645271212618,-0.03806915257891985,0,0,0,2,0,1.0,0.2807017543859649,0.28465473021859333,0.15214226938681355,0.9478743679698984,0.5539110956755668,0.0,0.15789473684210525,0.05716536632832632
1327,113,99.12280701754386,114,0,113,1,0,0.0,2.031302860358787,2.0056112670734487,2.8498632570042624,1.604097237876808,0.8093212395850303,1.559042069503743,6.394736842105263,5.849841044843197,0.37359373874851,0.028565928745124536,0.09785848586165727,0.0,0.028565928745124536,-0.04552754512783985,0,0,0,1,0,1.0,0.2719298245614035,0.2663176775882971,0.1699084843252817,0.9442941382172488,0.5426272799978354,0.0,0.19298245614035087,0.0570750836120507
1328,113,99.12280701754386,114,0,112,2,0,0.0,2.0223726121097862,1.9966394187221892,2.781898546958389,1.603700285043438,0.8340831938623149,1.5932528381798354,6.394736842105263,5.849841044843197,0.3724482823617601,0.011482206137111749,0.09697816719383512,0.0,0.011482206137111749,-0.04322239484244794,0,0,0,2,0,1.0,0.2894736842105263,0.2640705765846342,0.17155719368919783,0.9503146924452699,0.5405093356222955,0.0,0.19298245614035087,0.05701882181591813
1329,113,99.12280701754386,114,0,113,1,0,0.0,2.0285904961565695,2.0025255623406597,2.7626123899298167,1.6036020173561243,0.8377067370475181,1.5985565597588725,6.394736842105263,5.849841044843197,0.37223248896765404,0.00428868349676154,0.09769235147066183,0.0,0.00428868349676154,-0.042117754707854616,0,0,0,1,0,1.0,0.2631578947368421,0.2623743693877287,0.17462170106396524,0.9454546904631488,0.5372401080663629,0.0,0.22807017543859648,0.05704703698439889
1330,114,100.0,114,0,113,1,0,0.0,2.0230127133550693,1.9967640924768717,2.5516453373695196,1.6032398687092142,0.8421930555849717,1.5954954177882164,6.394736842105263,5.849841044843197,0.3714880340321203,0.0008245794201789123,0.08428489159510058,0.0,0.0008245794201789123,-0.03838117137076902,0,0,0,1,0,1.0,0.2894736842105263,0.2544599994511839,0.19254719229831693,0.9454546904631488,0.5322474080218126,0.0,0.22807017543859648,0.05700855551029625
1331,114,100.0,114,0,113,1,0,0.0,2.043970063149448,2.017298833982165,2.612619828361525,1.6038599049721178,0.83775520679868,1.5890813159904977,6.394736842105263,5.849841044843197,0.37424917937543123,0.0012699194451808974,0.08321519055344218,0.0,0.0012699194451808974,-0.0372556707412689,0,0,0,1,0,1.0,0.2982456140350877,0.25709245226694066,0.19676365397433002,0.9587643976727702,0.534376602634408,0.0,0.22807017543859648,0.057131477827168264
1332,114,100.0,114,0,113,1,0,0.0,2.0602426806527103,2.0332643479229238,2.8152902237900252,1.6051908358492428,0.8122929320605916,1.5708756800679307,6.394736842105263,5.849841044843197,0.3759187675753761,0.011725259804280125,0.1007422508488651,0.0,0.011725259804280125,-0.04741588999706958,0,0,0,1,0,1.0,0.30701754385964913,0.26310267204800486,0.1789304436791849,0.9615456721231531,0.5408757293658305,0.0,0.19298245614035087,0.05725176958504885
1333,114,100.0,114,0,113,1,0,0.0,2.061651804738999,2.034103668873415,3.0359850309804006,1.606483188538807,0.8111471596088137,1.582568832354499,6.394736842105263,5.849841044843197,0.38061826761598994,0.009234985136840724,0.0997481327661334,0.0,0.009234985136840724,-0.03737073304852023,0,0,0,1,0,1.0,0.2807017543859649,0.2738556345543707,0.17492651197149453,0.9568090438172353,0.5461077937719798,0.0,0.22807017543859648,0.05729661549451942
1334,114,100.0,114,0,113,1,0,0.0,2.0664155442138683,2.038962110518169,3.1465838141813753,1.6079273095410727,0.8076924431493271,1.583887653581302,6.394736842105263,5.849841044843197,0.38463498057465384,0.00044927930869551904,0.08432765846902338,0.0,0.00044927930869551904,-0.03592434082102669,0,0,0,1,0,1.0,0.2982456140350877,0.2797816522347895,0.16622808418857282,0.9507125431043381,0.5552741690551897,0.0,0.19298245614035087,0.057362673583457646
1335,114,100.0,114,0,113,1,0,0.0,2.0800711170972144,2.0518827849075443,3.290998377423943,1.6098916228911704,0.80330828024639,1.5817899720447424,6.394736842105263,5.849841044843197,0.38953776581872224,0.03212508577480455,0.0960034594655462,0.0,0.03212508577480455,-0.017750583677475618,0,0,0,1,0,1.0,0.2982456140350877,0.28710305230825695,0.16677543173695908,0.9450886909266404,0.5611044175555016,0.0,0.19298245614035087,0.05748840605217605
1336,114,100.0,114,0,112,2,0,0.0,2.1006932220617767,2.071790515333087,3.3649356163605155,1.6126726835010894,0.7833237502724935,1.5456812372052655,6.394736842105263,5.849841044843197,0.39491615360978605,0.07566098301548926,0.0945884999955323,0.0,0.07566098301548926,-0.015201665910033135,0,0,0,2,0,0.5,0.2894736842105263,0.29266046225151543,0.17590378382359687,0.9555349050181078,0.5685306433217349,0.0,0.15789473684210525,0.05767286038951936
1337,114,100.0,114,0,111,3,0,0.0,2.086550670816502,2.057991746054801,3.2688092389638492,1.6146452916308274,0.7881267578754081,1.5540119756683253,6.394736842105263,5.849841044843197,0.39315046668579035,0.04354265277307371,0.07422081140925267,0.0,0.04354265277307371,-0.016540971556304296,0,0,0,3,0,0.6666666666666666,0.2894736842105263,0.28978443904269824,0.18121999599447958,0.9656357048609938,0.5633673280889497,0.0,0.15789473684210525,0.05765984485330665
1338,114,100.0,114,0,112,2,0,0.0,2.095670146510054,2.0671420227901423,3.31397624210728,1.6169307266358828,0.79158873509786,1.545788231773195,6.394736842105263,5.849841044843197,0.39033755195453823,0.01609208608251366,0.07806989547379722,0.0,0.01609208608251366,-0.03063054596185444,0,0,0,2,0,1.0,0.2807017543859649,0.28848364230740864,0.17216572187578488,0.9668166430358479,0.5647861629234,0.0,0.19298245614035087,0.05777228938926388
1339,114,100.0,114,0,112,2,0,0.0,2.0944781989298553,2.065976435147798,3.2811318243112613,1.6190279193065067,0.7978016470699509,1.5486390642321273,6.394736842105263,5.849841044843197,0.3891384680865395,0.026867235315061667,0.08996911890793394,0.0,0.026867235315061667,-0.03819725387741946,0,0,1,1,0,0.5,0.2807017543859649,0.2872022997408666,0.1817331478555774,0.9575115698963896,0.5609988323448087,0.0,0.15789473684210525,0.05782767087018069
1340,114,100.0,114,0,112,2,0,0.0,2.1008616037487844,2.0725707566819853,3.0664743196640214,1.621311035401684,0.7886717166196684,1.5050377438216174,6.394736842105263,5.849841044843197,0.3884807674518933,0.03435423579994043,0.08834812267923164,0.0,0.03435423579994043,-0.03508238350487142,0,0,0,2,0,0.5,0.30701754385964913,0.2787312518165347,0.18293673803076363,0.9551945447921256,0.5637636151872527,0.0,0.15789473684210525,0.05792636722549389
1341,114,100.0,114,0,111,3,0,0.0,2.1191700770940813,2.0904443208432175,3.2111228074547737,1.6242970529084084,0.7752096775967745,1.4877196843197036,6.394736842105263,5.849841044843197,0.3902842068626571,0.0702586797268809,0.09127723575451015,0.0,0.0702586797268809,-0.021044867751296065,0,0,0,3,0,0.3333333333333333,0.30701754385964913,0.28265329432883785,0.17496842246454336,0.9587252799240414,0.5681117737377271,0.0,0.12280701754385964,0.05810524823107766
1342,114,100.0,114,0,113,1,0,0.0,2.117262361868367,2.0888336797234683,3.2537529139353536,1.6270330171811713,0.7736200125106952,1.4865743268765015,6.394736842105263,5.849841044843197,0.3901246485288554,0.2349985305450169,0.10069527592455058,0.0,0.2349985305450169,-0.024623331902083656,0,0,0,1,0,0.0,0.3157894736842105,0.2838307422170047,0.16544935655422655,0.9532359601543279,0.5738618680346247,0.0,0.15789473684210525,0.05817573443544925
1343,114,100.0,114,0,112,2,0,0.0,2.122506421518695,2.0938280426778415,3.377852528647798,1.629842661728161,0.7865009365820658,1.524618117880463,6.394736842105263,5.849841044843197,0.3911183803739757,0.10386250597685633,0.08433046639565187,0.0,0.10386250597685633,-0.012341270619095568,0,0,1,1,0,0.5,0.34210526315789475,0.2876379406212023,0.16150526149126831,0.9535426347602882,0.5743768922307688,0.0,0.15789473684210525,0.05828413460366289
1344,114,100.0,114,0,111,3,0,0.0,2.1042944536121984,2.0764382351439337,3.1852497017911445,1.631674125656236,0.791387846235734,1.496667447885615,6.394736842105263,5.849841044843197,0.3902119671064952,0.05132547173107191,0.07248815736627238,0.0,0.05132547173107191,-0.012435898521596175,0,0,0,3,0,0.6666666666666666,0.30701754385964913,0.28256948036344826,0.1535652733390118,0.9714543235127701,0.5788082806233683,0.0,0.15789473684210525,0.058246643628423425
1345,113,99.12280701754386,114,1,111,2,0,0.008771929824561403,2.107245906879503,2.076967270641245,3.1427659527319336,1.6335511200277102,0.7980421730909841,1.4833520730935363,6.394736842105263,5.849841044843197,0.38951297925941164,0.17147518728042033,0.09148496114137501,0.0,0.17147518728042033,-0.01217491146353992,0,1,0,2,0,0.3333333333333333,0.30701754385964913,0.2812284812598612,0.1554452239213227,0.964481950862789,0.5750452031107864,0.008771929824561403,0.21052631578947367,0.058316301488335893
1346,113,99.12280701754386,114,0,114,0,0,0.0,2.1071863559489876,2.0768588581078338,3.2129832297823935,1.6351853296598764,0.8053271183794016,1.5407963507029094,6.394736842105263,5.849841044843197,0.38958364346578644,0.0,0.0,0.0,0.0,0.0,0,0,0,0,0,0.0,0.32456140350877194,0.28380654674923933,0.15689130111305868,0.948021406199652,0.574973855679014,0.0,0.24561403508771928,0.05836380306659394
1347,112,98.24561403508773,114,1,113,0,0,0.008771929824561403,2.0963525725229033,2.0743355494294984,3.064693274516155,1.6362404362008263,0.8211302710477458,1.5430252726327203,6.394736842105263,5.849841044843197,0.3870234407538635,0.14032137080647755,0.07114966730148214,0.0,0.14032137080647755,0.017970527669113223,0,1,0,0,0,0.0,0.30701754385964913,0.27740849561899705,0.17405177773840688,0.9513844761138645,0.5632806956579559,0.008771929824561403,0.21052631578947367,0.05834049517721317
1348,111,97.36842105263158,114,1,113,0,0,0.008771929824561403,2.0917250053125587,2.0636765984495846,2.920375875680444,1.6373894110114122,0.8472186613252677,1.5618244221631337,6.394736842105263,5.849841044843197,0.38594027689304866,0.9999999630403675,0.13978619753335791,1.0,3.695963246563849e-08,0.055664479527538835,1,0,0,0,0,1.0,0.30701754385964913,0.27343943661757486,0.20061166749307932,0.957221530636014,0.5580578438016605,0.008771929824561403,0.21052631578947367,0.058350963941193726
1349,111,97.36842105263158,114,0,108,6,0,0.0,2.123173494223677,2.094527796955841,3.1365878223084396,1.6396259705917284,0.8061681994898902,1.5000735076660883,6.394736842105263,5.849841044843197,0.39120950241551977,0.1454524239101966,0.09088487458734047,0.0,0.1454524239101966,-0.002789132154097993,0,0,1,5,0,0.3333333333333333,0.2982456140350877,0.2823909236340081,0.195039550048089,0.9559162095452787,0.5697037401041687,0.0,0.21052631578947367,0.05857362397591018
1350,111,97.36842105263158,114,1,109,3,1,0.008771929824561403,2.1268921562968925,2.097647019638321,2.960903507397905,1.6419183944732587,0.8225413883411998,1.4775596135019704,6.394736842105263,5.849841044843197,0.38660923157593285,0.17492009890474083,0.10092685024526356,0.0,0.17492009890474083,-0.0086861736723562,1,1,0,3,0,0.2,0.32456140350877194,0.27250163568887176,0.20255331194932805,0.9484463112117687,0.556463917486979,0.008771929824561403,0.2631578947368421,0.05865926886284803
1351,111,97.36842105263158,114,0,112,2,0,0.0,2.1033484435229135,2.0747370986430114,2.7952904534490997,1.642963836205738,0.8538873448186342,1.5651840448975987,6.394736842105263,5.849841044843197,0.38208721365702014,0.15888339319212363,0.09405887230109503,0.0,0.15888339319212363,-0.012107175487325983,0,0,0,2,0,0.0,0.3157894736842105,0.2649705167592689,0.21003811340324896,0.9476981897496093,0.5479945143457465,0.0,0.2631578947368421,0.05857212863876138
1352,111,97.36842105263158,114,1,112,1,0,0.008771929824561403,2.108729181264711,2.0840960390734207,2.8447449303398638,1.6441674925801255,0.8700557528327767,1.601388444721819,6.394736842105263,5.849841044843197,0.38272911682234034,0.27124739329339514,0.08132653928865517,0.0,0.27124739329339514,0.006745196133327747,0,1,0,1,0,0.0,0.32456140350877194,0.2659401044386802,0.21625429545021832,0.9470635809069304,0.5430250181079143,0.008771929824561403,0.2631578947368421,0.05863423831978426
1353,112,98.24561403508773,114,0,113,1,0,0.0,2.0930000565788873,2.0683849223916497,2.767609432175101,1.6447840918775358,0.8858781606697058,1.5945440756060518,6.394736842105263,5.849841044843197,0.3799862101835869,0.09300885855874678,0.08810545416400599,0.0,0.09300885855874678,-0.002992277355306605,0,0,1,0,0,0.0,0.3333333333333333,0.26236444485514826,0.2324328164542491,0.9558351843087352,0.5361393147642456,0.0,0.22807017543859648,0.05857362773574621
1354,112,98.24561403508773,114,0,113,1,0,0.0,2.0778108661929475,2.0533620794761203,2.7091573496313908,1.6446615711513841,0.8865471266869599,1.6481218742017585,6.394736842105263,5.849841044843197,0.3776602705394616,0.12010636303221217,0.08720362860304298,0.0,0.12010636303221217,-0.003829149593565284,0,0,0,1,0,0.0,0.34210526315789475,0.26019494139836163,0.23924462708059566,0.94991145572412,0.5296904207874588,0.0,0.19298245614035087,0.05849409814995307
1355,112,98.24561403508773,114,1,113,0,0,0.008771929824561403,2.0955961063658304,2.068416032176315,2.8084762863729584,1.64537678417792,0.8823404852715185,1.596775547227296,6.394736842105263,5.849841044843197,0.3780814189267352,0.6287037101580633,0.12334848468796689,1.0,0.37129628984193674,0.0056266331340011355,0,1,0,0,0,0.0,0.3157894736842105,0.2620631585424618,0.23230842214737518,0.9654505619440905,0.5314736708493508,0.008771929824561403,0.19298245614035087,0.058603943763409674
1356,112,98.24561403508773,114,0,114,0,0,0.0,2.097497901963464,2.070538398292554,2.5803396519810193,1.6460234217728045,0.8843742983758331,1.6422396674025148,6.394736842105263,5.849841044843197,0.37130233114019817,0.0,0.0,0.0,0.0,0.0,0,0,0,0,0,0.0,0.2982456140350877,0.2494997454852043,0.24243206122514552,0.9542581491007334,0.5235152709795715,0.0,0.19298245614035087,0.05863236637711631
1357,113,99.12280701754386,114,0,113,1,0,0.0,2.0847834362997646,2.0583577040262533,2.490043996847427,1.6460621910940625,0.896914696845594,1.660700641497201,6.394736842105263,5.849841044843197,0.3680306681408374,0.001045214795579146,0.07144163563253289,0.0,0.001045214795579146,-0.030271343967403608,0,0,0,1,0,1.0,0.32456140350877194,0.2448232629377377,0.23923216820432305,0.965651569058254,0.5210996966208092,0.0,0.15789473684210525,0.058569928020631684
1358,113,99.12280701754386,114,0,113,1,0,0.0,2.0808320086002237,2.0541490818980828,2.476904181366528,1.6459017343079114,0.9052728592001608,1.6991510065320556,6.394736842105263,5.849841044843197,0.36651849950441595,0.0007141267706773455,0.07395596814035166,0.0,0.0007141267706773455,-0.027883210489182964,0,0,0,1,0,1.0,0.2982456140350877,0.24323239231992783,0.2578972472305856,0.9673779977307044,0.5131258525275055,0.0,0.15789473684210525,0.05854547764866624
1359,113,99.12280701754386,114,0,113,1,0,0.0,2.0781627380145467,2.051644917933053,2.4565683908550526,1.6456334722995312,0.9016976199748705,1.6908929634204017,6.394736842105263,5.849841044843197,0.3664188627431739,0.001737283514162689,0.07379830075418095,0.0,0.001737283514162689,-0.028125940654423642,0,0,0,1,0,1.0,0.30701754385964913,0.24213442629168802,0.2501217387538577,0.9682495381514773,0.5137204307112921,0.0,0.19298245614035087,0.05852428484520088
1360,114,100.0,114,0,114,0,0,0.0,2.0733066571421928,2.0469089789530575,2.445067964090291,1.6451592672703763,0.8963570529698625,1.6598760121439036,6.394736842105263,5.849841044843197,0.3650599696625918,0.0,0.0,0.0,0.0,0.0,0,0,0,0,0,0.0,0.30701754385964913,0.2409851157244403,0.24627404407588788,0.9602379190131161,0.5129471854199875,0.0,0.19298245614035087,0.058486134320623
1361,114,100.0,114,0,114,0,0,0.0,2.0893338245363866,2.0626293692179787,2.5083111943776384,1.645448496755355,0.8798038600139139,1.6431470992724282,6.394736842105263,5.849841044843197,0.3683529875640612,0.0,0.0,0.0,0.0,0.0,0,0,0,0,0,0.0,0.34210526315789475,0.24478793147926992,0.2448167456620798,0.9593095299743847,0.5200444937884108,0.0,0.19298245614035087,0.05857472989015701
1362,114,100.0,114,0,114,0,0,0.0,2.0738978528386545,2.0479815262904117,2.338168700541092,1.6450353063529994,0.885124965660643,1.6486034185102991,6.394736842105263,5.849841044843197,0.36390255886499334,0.0,0.0,0.0,0.0,0.0,0,0,0,0,0,0.0,0.32456140350877194,0.23655484474807967,0.24417011484497791,0.959212176820998,0.5163373236654948,0.0,0.15789473684210525,0.05848546454079317
1363,114,100.0,114,0,114,0,0,0.0,2.0857303652622643,2.0598369669740713,2.2941464824280526,1.6452011064805214,0.8675215231395224,1.6119722270062864,6.394736842105263,5.849841044843197,0.36545003670437515,0.0,0.0,0.0,0.0,0.0,0,0,0,0,0,0.0,0.32456140350877194,0.23472288595129118,0.24740961226724476,0.9677810427550599,0.521570248601172,0.0,0.15789473684210525,0.058549476624867314
1364,114,100.0,114,0,114,0,0,0.0,2.101446525558061,2.075031977938347,2.3595812624265244,1.6460683147546566,0.8517315617143484,1.5883667160543526,6.394736842105263,5.849841044843197,0.36752326432470817,0.0,0.0,0.0,0.0,0.0,0,0,0,0,0,0.0,0.30701754385964913,0.23775322348366015,0.24678186368119936,0.9564474601949511,0.5250197722447381,0.0,0.19298245614035087,0.05865342257912861
1365,114,100.0,114,0,111,3,0,0.0,2.103080050649684,2.076769227294251,2.3151040033372494,1.6469660937839257,0.8447520314762199,1.5788188723454526,6.394736842105263,5.849841044843197,0.3668519998162154,0.26377046376788843,0.08864129024041216,0.0,0.26377046376788843,0.013774722498613445,0,0,0,3,0,0.3333333333333333,0.3333333333333333,0.23502078648688907,0.2510093093874804,0.9582131218858666,0.527215462630607,0.0,0.19298245614035087,0.05868784952765982
1366,113,99.12280701754386,114,1,110,2,1,0.008771929824561403,2.09578847422336,2.0651216184983348,2.2776379559371103,1.6474767634723768,0.8780128450142122,1.6203571885482737,6.394736842105263,5.849841044843197,0.36214749614713004,0.25807292714757146,0.09427339648011773,0.0,0.25807292714757146,0.008959265116036813,0,2,0,2,0,0.25,0.32456140350877194,0.23086229486007961,0.24321832714483083,0.962068882235288,0.5199159613894684,0.008771929824561403,0.19298245614035087,0.05866632832804749
1367,113,99.12280701754386,114,0,112,2,0,0.0,2.0971477032986665,2.066121201989112,2.315630565880377,1.647793836446649,0.8824352785041965,1.630047498446534,6.394736842105263,5.849841044843197,0.36273745503011057,0.12569625808485196,0.07809003065372377,0.0,0.12569625808485196,-0.023925112264023107,0,0,0,2,0,0.5,0.32456140350877194,0.2327436455591255,0.24706375587591436,0.9514443948165335,0.5172970201882001,0.0,0.22807017543859648,0.05868239860591956
1368,113,99.12280701754386,114,0,112,2,0,0.0,2.095686679911373,2.0649884562028036,2.341211776668503,1.6480393500935766,0.8992129670055695,1.635455514645337,6.394736842105263,5.849841044843197,0.3615930591660417,0.23820909134727594,0.09228265181103419,0.0,0.23820909134727594,-0.008990490018102149,0,0,0,2,0,0.5,0.3333333333333333,0.23265459370954364,0.2248086913651753,0.9666667974666869,0.5194363539280347,0.0,0.22807017543859648,0.05868227456802742
1369,113,99.12280701754386,114,0,111,3,0,0.0,2.0926818944323644,2.06227893091612,2.305018347244558,1.6481436992445433,0.8960152714081588,1.6092352567319073,6.394736842105263,5.849841044843197,0.360085569541464,0.22378838807384402,0.08083519191217171,0.0,0.22378838807384402,0.00617260584010663,0,0,0,3,0,0.3333333333333333,0.3157894736842105,0.23059378088290708,0.22200311682756477,0.9730306157315582,0.5195239502140359,0.0,0.15789473684210525,0.05867030277036398
1370,113,99.12280701754386,114,0,112,2,0,0.0,2.0915219572803707,2.0612867467756804,2.321212344027663,1.6481955111799766,0.8939433845657258,1.6171101885342827,6.394736842105263,5.849841044843197,0.3580344816810723,0.24914904014426734,0.07524009287195046,0.0,0.24914904014426734,0.005394626552614301,0,0,0,2,0,0.5,0.2982456140350877,0.230169027511713,0.22541002553679518,0.9779632371013274,0.5166722902862587,0.0,0.19298245614035087,0.058666018542536565
1371,113,99.12280701754386,114,1,112,1,0,0.008771929824561403,2.0873551555842123,2.0666245610329446,2.2945232732640872,1.6480826392895538,0.9058577047061693,1.6099807850493475,6.394736842105263,5.849841044843197,0.35398926951628074,0.500180894517501,0.1011703145236792,0.5,0.39653046325162555,0.011267374679962916,0,1,0,1,0,0.0,0.30701754385964913,0.22597966448446793,0.22083111201166056,0.9644377311238311,0.5119834241326574,0.008771929824561403,0.21052631578947367,0.05864188312096875
1372,112,98.24561403508773,114,1,109,3,1,0.008771929824561403,2.081156537005944,2.0560466863196023,2.2883544141988486,1.6481050202546437,0.9434306723318749,1.650686038437836,6.394736842105263,5.849841044843197,0.3511100948849244,0.603323718715075,0.11671197796043722,0.6,0.18560393928451951,0.0075255318329661815,0,2,0,3,0,0.6,0.3157894736842105,0.22456216790387679,0.2140644503979736,0.9700780191306553,0.5076539730947608,0.008771929824561403,0.21052631578947367,0.05861154465351844
1373,110,96.49122807017544,114,2,110,2,0,0.017543859649122806,2.099359831293218,2.0713146583644506,2.3496630981875004,1.6487483410201544,0.9570333259946139,1.6686793253454315,6.394736842105263,5.849841044843197,0.3511489646865782,0.21319392794582284,0.1043439608661639,0.0,0.21319392794582284,-0.0012853799506979124,0,2,0,2,0,0.25,0.2982456140350877,0.22565097605388768,0.2121124418043289,0.9700598039351986,0.50139770078945,0.017543859649122806,0.2631578947368421,0.058721377746050234
1374,110,96.49122807017544,114,0,114,0,0,0.0,2.127475419640525,2.09836769685457,2.504233164453539,1.6505001236828496,0.9476054889058726,1.660271038092291,6.394736842105263,5.849841044843197,0.3551064954870591,0.0,0.0,0.0,0.0,0.0,0,0,0,0,0,0.0,0.2631578947368421,0.2320163919013802,0.22131190818819343,0.9649234687239925,0.5059922907862956,0.0,0.2631578947368421,0.05891319393839616
1375,110,96.49122807017544,114,0,113,1,0,0.0,2.1125013565481376,2.0839490375105223,2.529594322992529,1.6514746549223869,0.945280108089754,1.6591257819625649,6.394736842105263,5.849841044843197,0.3523464376982244,0.4405248556379304,0.11202481781453749,0.0,0.4405248556379304,0.012182232104743895,0,0,0,1,0,0.0,0.2543859649122807,0.2320443799365589,0.21534815892239562,0.9682734059545164,0.5033982328719496,0.0,0.22807017543859648,0.058866827887156865
1376,109,95.6140350877193,114,2,112,0,0,0.017543859649122806,2.1072559637201893,2.080103916380992,2.5036426067872553,1.6521594049433543,0.9513344116655276,1.7277559340803674,6.394736842105263,5.849841044843197,0.3504869768318215,0.6105014399672016,0.1034888261349416,0.5,0.382697886009686,0.016120302934672953,0,2,0,0,0,0.0,0.2719298245614035,0.23045693723913993,0.22123036501524398,0.9641590480970135,0.4946600381446346,0.017543859649122806,0.21052631578947367,0.05886062931690768
1377,110,96.49122807017544,114,0,113,1,0,0.0,2.114741395717538,2.087294790674627,2.7085520878253964,1.6531934478601475,0.9363344732156628,1.7108302304659881,6.394736842105263,5.849841044843197,0.35506211217784456,0.14225267683796444,0.08898070803217198,0.0,0.14225267683796444,-0.010616886337149967,0,0,0,1,0,0.0,0.2719298245614035,0.23940344287484924,0.21457856453388888,0.9673922027004197,0.5010800178902869,0.0,0.24561403508771928,0.05892830141037836
1378,111,97.36842105263158,114,1,111,1,1,0.008771929824561403,2.1411240048360565,2.1108664446628422,2.9150665975242496,1.6553663011032413,0.9232069563670396,1.7158635003000753,6.394736842105263,5.849841044843197,0.3609592763413685,0.31369223516855727,0.09427216697433842,0.3333333333333333,0.17013267234401083,0.008541702635957327,0,2,1,0,0,0.3333333333333333,0.2894736842105263,0.2482923956322209,0.21766601054955115,0.9706461185987374,0.5033275536857783,0.008771929824561403,0.21052631578947367,0.059123768686400305
1379,111,97.36842105263158,114,0,114,0,0,0.0,2.152551709327088,2.122444726671903,2.8330263366973254,1.657857717998772,0.9247902637997697,1.6988663214879134,6.394736842105263,5.849841044843197,0.3606608108369014,0.0,0.0,0.0,0.0,0.0,0,0,0,0,0,0.0,0.2807017543859649,0.24410550207196832,0.221561870397418,0.974600308709634,0.5042876067970926,0.0,0.17543859649122806,0.05925377917293192
1380,111,97.36842105263158,114,0,114,0,0,0.0,2.183920551997459,2.152622496869663,3.153951395954388,1.6616156722361068,0.9188775267250316,1.6980336668505107,6.394736842105263,5.849841044843197,0.365606586387786,0.0,0.0,0.0,0.0,0.0,0,0,0,0,0,0.0,0.2807017543859649,0.25453679718872974,0.2157145163211958,0.970436770260865,0.5106873386723215,0.0,0.21052631578947367,0.05952054056099479
1381,113,99.12280701754386,114,0,113,1,0,0.0,2.1981897338164016,2.1667351462957445,3.2023554674620036,1.6658142461709333,0.9157378686031675,1.692572020763902,6.394736842105263,5.849841044843197,0.36845973568444035,0.018852471782804414,0.06625584590291918,0.0,0.018852471782804414,0.009221911189533194,0,0,0,1,0,1.0,0.2631578947368421,0.25649464824970886,0.218399045214381,0.9584161948060279,0.5139034155229706,0.0,0.21052631578947367,0.05971469142075829
1382,113,99.12280701754386,114,0,113,1,0,0.0,2.2207869899998305,2.1887982844201526,3.4084715810926522,1.670799737012248,0.8835928987251823,1.6512348661099931,6.394736842105263,5.849841044843197,0.37438228764793946,0.04605845741022471,0.05363110838250766,0.0,0.04605845741022471,0.014694745895212469,0,0,0,1,0,1.0,0.2807017543859649,0.26426671219415315,0.20945585684301488,0.9684715373009087,0.5270363636785327,0.0,0.17543859649122806,0.05997349934643649
1383,114,100.0,114,0,114,0,0,0.0,2.198910315234106,2.167385847915205,3.2789161183194495,1.6744915097645463,0.8948512322600218,1.659333850138224,6.394736842105263,5.849841044843197,0.37420340400209606,0.0,0.0,0.0,0.0,0.0,0,0,0,0,0,0.0,0.2894736842105263,0.2623748463615856,0.20648604226366726,0.9613772561681037,0.5282405554107888,0.0,0.14035087719298245,0.059972097391481016
1384,114,100.0,114,0,113,1,0,0.0,2.2164260773876454,2.1833199288807412,3.6547040761629437,1.6787130144058509,0.8739702069702365,1.6475344705844748,6.394736842105263,5.849841044843197,0.3832771179010974,0.019641916499962147,0.0644811931840423,0.0,0.019641916499962147,0.010985535269575908,0,0,0,1,0,1.0,0.2894736842105263,0.27964526683546953,0.20364883456675728,0.9712044130151972,0.5391652278938333,0.0,0.17543859649122806,0.060183151857857206
1385,114,100.0,114,0,112,2,0,0.0,2.2097553187382863,2.177010537093214,3.4795163238657008,1.6823922962235651,0.8913894588098435,1.663977223383118,6.394736842105263,5.849841044843197,0.380926967132162,0.0237129620077811,0.055922811249711823,0.0,0.0237129620077811,0.016020450078841286,0,0,0,2,0,1.0,0.2894736842105263,0.2737150974106334,0.20556134175298238,0.9785698371671447,0.5395776380104709,0.0,0.14035087719298245,0.060257414133574466
1386,114,100.0,114,0,113,1,0,0.0,2.223215457606008,2.189830957553513,3.4991493927530777,1.6864563252779177,0.8854511156400174,1.669617961033459,6.394736842105263,5.849841044843197,0.38216616666302916,0.021525446837374687,0.05667761066860376,0.0,0.021525446837374687,0.020732310788817876,0,0,0,1,0,1.0,0.2982456140350877,0.27414222179938164,0.20842569502445754,0.9668501597843742,0.5401918422693255,0.0,0.21052631578947367,0.060443584447761003
1387,113,99.12280701754386,114,1,113,0,0,0.008771929824561403,2.219386061205013,2.1934591096535847,3.5134113534001132,1.6901006898249173,0.8975951518889846,1.6881533085048879,6.394736842105263,5.849841044843197,0.3805950766817714,0.015201335085906414,0.05417730586346324,0.0,0.015201335085906414,0.011560094284230327,0,1,0,0,0,1.0,0.2982456140350877,0.27340163136098344,0.21206708170368055,0.9540605642997613,0.5327081009704582,0.008771929824561403,0.22807017543859648,0.06053103223230308
1388,113,99.12280701754386,114,0,113,1,0,0.0,2.2002017733990904,2.174447849560056,3.274691092055887,1.6929938802141806,0.9086526349409977,1.7030233631822582,6.394736842105263,5.849841044843197,0.3773642035555693,0.005630688658596911,0.05866889873130199,0.0,0.005630688658596911,0.013506965897661427,0,0,0,1,0,1.0,0.30701754385964913,0.2666024689003505,0.2223854901323496,0.9715174344699387,0.526674027999347,0.0,0.19298245614035087,0.06051973431272176
1389,113,99.12280701754386,114,0,113,1,0,0.0,2.206633969671158,2.1804652182745627,3.293253831515281,1.6959994287684523,0.8935745730932718,1.6800448964379577,6.394736842105263,5.849841044843197,0.37982039810887014,0.05209707416353996,0.06613892897627996,0.0,0.05209707416353996,0.009251708066572162,0,0,0,1,0,0.0,0.32456140350877194,0.26839620423659427,0.2291603923086614,0.9741490283416654,0.5275394203991148,0.0,0.19298245614035087,0.06063980520055733
1390,113,99.12280701754386,114,0,114,0,0,0.0,2.18063325024358,2.155249140726477,3.0255761476684064,1.6976490771463275,0.9043013805850981,1.691529473168536,6.394736842105263,5.849841044843197,0.3758757283808618,0.0,0.0,0.0,0.0,0.0,0,0,0,0,0,0.0,0.32456140350877194,0.2596194578585049,0.2281464367620356,0.9666676589454735,0.52538683495449,0.0,0.22807017543859648,0.06055805250737171
1391,113,99.12280701754386,114,0,114,0,0,0.0,2.1774425658045673,2.152490402945014,2.891872500131222,1.6990731182962502,0.9012876877090106,1.6891699433714031,6.394736842105263,5.849841044843197,0.37303575378093434,0.0,0.0,0.0,0.0,0.0,0,0,0,0,0,0.0,0.32456140350877194,0.2536874749829046,0.2286090995501532,0.9658868551569344,0.522949809824322,0.0,0.22807017543859648,0.060583751157018466
1392,114,100.0,114,0,112,2,0,0.0,2.1555987757161637,2.1310325985001937,2.7112091096371493,1.6994096573411013,0.9123829619759174,1.6888759140724705,6.394736842105263,5.849841044843197,0.37020052544253734,0.08460174911189272,0.07544702140390863,0.0,0.08460174911189272,-0.005253257767371566,0,0,0,2,0,0.5,0.32456140350877194,0.2470603188386896,0.23850729685364272,0.9682831260057682,0.5158826152521683,0.0,0.22807017543859648,0.06048437570616526
1393,114,100.0,114,0,114,0,0,0.0,2.1664913677214312,2.1416285876857395,2.8170134291993816,1.7002223882063614,0.9137161387869792,1.672516766762103,6.394736842105263,5.849841044843197,0.3732238273509807,0.0,0.0,0.0,0.0,0.0,0,0,0,0,0,0.0,0.32456140350877194,0.2519168525059575,0.23065821901536285,0.9736992894480598,0.5230361661550481,0.0,0.21052631578947367,0.06056261039806164
1394,114,100.0,114,0,113,1,0,0.0,2.160590121212513,2.136267405803872,2.6263952281004053,1.7007366791133098,0.9179499725244962,1.6719842967282146,6.394736842105263,5.849841044843197,0.37129861025747,0.09922037530410521,0.11501095928024604,0.0,0.09922037530410521,-0.028614829728536684,0,0,0,1,0,0.0,0.32456140350877194,0.24484781664209324,0.2302793741346936,0.9685472000351318,0.520789739952991,0.0,0.22807017543859648,0.06054814676579934
1395,114,100.0,114,0,114,0,0,0.0,2.1735182043535284,2.148931866032964,2.6481259336829672,1.7018135654537652,0.9347940325575825,1.6886728385846936,6.394736842105263,5.849841044843197,0.3700943251062545,0.0,0.0,0.0,0.0,0.0,0,0,0,0,0,0.0,0.2982456140350877,0.24349899422626514,0.23728538159295848,0.9430414645710561,0.5154667471353409,0.0,0.2631578947368421,0.06064428525107954
1396,114,100.0,114,0,112,2,0,0.0,2.1804225874964978,2.155659105144213,2.639713422812042,1.703142281890842,0.9332588016371047,1.7052176158145065,6.394736842105263,5.849841044843197,0.3708764649987033,0.0866318174026218,0.07258010161302489,0.0,0.0866318174026218,-0.003784407914542265,0,0,1,1,0,0.5,0.2894736842105263,0.24330931618343657,0.24058932002441838,0.9609009664466153,0.5158324547953981,0.0,0.24561403508771928,0.06071767106654724
1397,114,100.0,114,0,112,2,0,0.0,2.196847258692035,2.172226361898307,2.7899865864419278,1.7051685970768973,0.9196309692713683,1.6860802723285289,6.394736842105263,5.849841044843197,0.37254260368920966,0.10640832832112715,0.07227188296494201,0.0,0.10640832832112715,-0.011161156305525666,0,0,1,1,0,0.5,0.2894736842105263,0.24703157230159514,0.22965234593234474,0.9625305605854197,0.5216103036576345,0.0,0.24561403508771928,0.060859062531250806
1398,114,100.0,114,0,112,2,0,0.0,2.1788376469286246,2.1548422147155857,2.7417597678204912,1.7062628200637486,0.9146559447912389,1.6758615969494672,6.394736842105263,5.849841044843197,0.37043442515436853,0.1166693436567178,0.06790915716481555,0.0,0.1166693436567178,-0.003872175855286708,0,0,0,2,0,0.5,0.2982456140350877,0.24482453715592184,0.22170151478317618,0.9544951921508781,0.5226598991588081,0.0,0.24561403508771928,0.060801019625137225
1399,114,100.0,114,0,112,2,0,0.0,2.1813374930358,2.1573166475464065,2.7151237256669303,1.7074088330550845,0.9161082803180661,1.6931992261455782,6.394736842105263,5.849841044843197,0.3715441179584673,0.12590975724402123,0.06913928712432088,0.0,0.12590975724402123,-0.0027490358856734898,0,0,0,2,0,0.0,0.2807017543859649,0.24524985610178734,0.2261639617076717,0.9689162501350363,0.5260591914130496,0.0,0.21052631578947367,0.060847038824846295
1400,114,100.0,114,0,113,1,0,0.0,2.1710856602061854,2.146701008224172,2.7004149918335036,1.7079910076870781,0.9221249059152985,1.709463749944347,6.394736842105263,5.849841044843197,0.3704841167011723,0.04564661991396681,0.05315465304312281,0.0,0.04564661991396681,0.023655290913025873,0,0,0,1,0,1.0,0.2807017543859649,0.24525038522353368,0.23320690810524733,0.9653893338391512,0.5232853519616509,0.0,0.21052631578947367,0.06081280780598574
1401,114,100.0,114,0,114,0,0,0.0,2.163798726586302,2.1393074388452327,2.6711557745813237,1.7081931163835302,0.9179194001736366,1.7232132900099244,6.394736842105263,5.849841044843197,0.36726071236521207,0.0,0.0,0.0,0.0,0.0,0,0,0,0,0,0.0,0.2894736842105263,0.2424644928745006,0.22987430254291202,0.9627445589262438,0.51673280892641,0.0,0.24561403508771928,0.060782284656626454
1402,114,100.0,114,0,113,1,0,0.0,2.174539470599551,2.149599573840659,2.662284211841893,1.7088650608723845,0.9236845146306449,1.7201739338190207,6.394736842105263,5.849841044843197,0.3685648554690202,0.012099139468526872,0.06145495661643414,0.0,0.012099139468526872,0.01952099156018683,0,0,0,1,0,1.0,0.2894736842105263,0.24274999531960406,0.23717224327688544,0.9600739559302162,0.5135270054886153,0.0,0.21052631578947367,0.060855642218946474
1403,114,100.0,114,0,114,0,0,0.0,2.19482673812099,2.169702970301506,2.7831709734920165,1.7104385110667908,0.8991893668866483,1.6821581993801233,6.394736842105263,5.849841044843197,0.3728329661437131,0.0,0.0,0.0,0.0,0.0,0,0,0,0,0,0.0,0.30701754385964913,0.2476629494437366,0.23164972916116255,0.9655909711690174,0.5239932319187484,0.0,0.21052631578947367,0.06100310072419994
1404,114,100.0,114,0,114,0,0,0.0,2.1930973014747797,2.1683016135592483,2.663250407406104,1.7118543352123896,0.9106828855860578,1.6887883324793636,6.394736842105263,5.849841044843197,0.3712019266969484,0.0,0.0,0.0,0.0,0.0,0,0,0,0,0,0.0,0.30701754385964913,0.24315455102712552,0.23501600409782428,0.9745315462164856,0.5229019402420689,0.0,0.21052631578947367,0.061035865271964904
1405,114,100.0,114,0,114,0,0,0.0,2.1977739855771907,2.1729689183766516,2.688357610743096,1.713405759826314,0.908050021093656,1.694888501023822,6.394736842105263,5.849841044843197,0.37222436448130725,0.0,0.0,0.0,0.0,0.0,0,0,0,0,0,0.0,0.32456140350877194,0.24412302620300252,0.22929604579437898,0.9808839834238944,0.5262504762758993,0.0,0.17543859649122806,0.061104626629399535
1406,114,100.0,114,0,114,0,0,0.0,2.1938812114748893,2.1694183020233986,2.6197708391539645,1.7147002642361708,0.9026507674746084,1.6818647222238163,6.394736842105263,5.849841044843197,0.37063146627135524,0.0,0.0,0.0,0.0,0.0,0,0,0,0,0,0.0,0.32456140350877194,0.2408695371628549,0.22552440589513006,0.9890084627740484,0.5252932784922322,0.0,0.14035087719298245,0.06112302598403559
1407,114,100.0,114,0,114,0,0,0.0,2.1994120513178497,2.174981720772566,2.6672485428502775,1.7161794031185211,0.9004511364940555,1.6985208624831707,6.394736842105263,5.849841044843197,0.3705290182548233,0.0,0.0,0.0,0.0,0.0,0,0,0,0,0,0.0,0.32456140350877194,0.24193763934594661,0.22366114909952434,0.9856481552872459,0.5269363742530873,0.0,0.15789473684210525,0.061193943819975366
1408,114,100.0,114,0,114,0,0,0.0,2.181608489068641,2.157584265211911,2.4384525190896547,1.7167578359305045,0.9435066015147566,1.762617972004278,6.394736842105263,5.849841044843197,0.3634269438847979,0.0,0.0,0.0,0.0,0.0,0,0,0,0,0,0.0,0.3157894736842105,0.23047262762081655,0.23832509648268838,0.9732614822045309,0.5136594535394557,0.0,0.19298245614035087,0.06112184470875545
1409,114,100.0,114,0,114,0,0,0.0,2.1577183933306343,2.1343382552979473,2.3895175574945227,1.7162145476390478,0.9498483823224011,1.751521266301854,6.394736842105263,5.849841044843197,0.36297622787708783,0.0,0.0,0.0,0.0,0.0,0,0,0,0,0,0.0,0.2982456140350877,0.22980602320232657,0.2228353212708943,0.9702577357437762,0.5167111111925425,0.0,0.21052631578947367,0.06098650347933269
1410,114,100.0,114,0,114,0,0,0.0,2.156320805604294,2.1327735886983192,2.290472710011487,1.7156298164418884,0.9418811754026565,1.7595731120512492,6.394736842105263,5.849841044843197,0.3628441370691522,0.0,0.0,0.0,0.0,0.0,0,0,0,0,0,0.0,0.30701754385964913,0.22718731493781535,0.24229031918043176,0.9615983914983042,0.5117502860216788,0.0,0.21052631578947367,0.06096241261791427
1411,114,100.0,114,0,114,0,0,0.0,2.140507719754389,2.1175265868693067,2.1017997113817124,1.7143657507934214,0.9542713169739585,1.759929875817078,6.394736842105263,5.849841044843197,0.35805088668169804,0.0,0.0,0.0,0.0,0.0,0,0,0,0,0,0.0,0.2982456140350877,0.21797169562804536,0.2428994907851782,0.966949339694251,0.5073126326716018,0.0,0.21052631578947367,0.060846374273095846
1412,114,100.0,114,0,114,0,0,0.0,2.145250280698707,2.122042034793033,2.19244518109969,1.713386948196892,0.9487474011371893,1.7594535653604317,6.394736842105263,5.849841044843197,0.3600739450389514,0.0,0.0,0.0,0.0,0.0,0,0,0,0,0,0.0,0.3333333333333333,0.22236528180136536,0.23934189625736746,0.9701828384799606,0.5090367510125837,0.0,0.17543859649122806,0.060841457879797556
1413,114,100.0,114,0,114,0,0,0.0,2.1404493607373603,2.117493849622504,2.2477723755728034,1.712252554714082,0.9275642663787546,1.737685638916815,6.394736842105263,5.849841044843197,0.3628418512647327,0.0,0.0,0.0,0.0,0.0,0,0,0,0,0,0.0,0.3508771929824561,0.2266499434885197,0.2290429532575418,0.9708020206653177,0.5162491219856364,0.0,0.17543859649122806,0.0607842731722071
1414,114,100.0,114,0,114,0,0,0.0,2.161702899388018,2.1378479757822033,2.410245735642534,1.712137068667967,0.8922743523508538,1.6681465731329697,6.394736842105263,5.849841044843197,0.37103438624347906,0.0,0.0,0.0,0.0,0.0,0,0,0,0,0,0.0,0.3508771929824561,0.23714299993943916,0.22934786854667133,0.9713113458624187,0.5252970176895637,0.0,0.21052631578947367,0.06088716299039704
1415,114,100.0,114,0,114,0,0,0.0,2.191050700681682,2.166226743660038,2.671531514832106,1.713356428621049,0.8723926685513208,1.6516295465717243,6.394736842105263,5.849841044843197,0.37521629314345906,0.0,0.0,0.0,0.0,0.0,0,0,0,0,0,0.0,0.30701754385964913,0.24671242555929648,0.2194440731667667,0.9808563645977401,0.5323905694934858,0.0,0.14035087719298245,0.06106956730637524
1416,114,100.0,114,0,114,0,0,0.0,2.2326182943529553,2.2069171421503904,2.87406136784644,1.7164087168608706,0.8411309372880138,1.6042405699339584,6.394736842105263,5.849841044843197,0.3810094817639351,0.0,0.0,0.0,0.0,0.0,0,0,0,0,0,0.0,0.32456140350877194,0.25453609830843826,0.21391416177644001,0.9766419324547954,0.5409215046779601,0.0,0.17543859649122806,0.06136668227986161
1417,114,100.0,114,0,114,0,0,0.0,2.2410319245813075,2.214940731218654,3.0627889756832847,1.7196579448557001,0.8368275994482915,1.5974251410879097,6.394736842105263,5.849841044843197,0.3834225320457778,0.0,0.0,0.0,0.0,0.0,0,0,0,0,0,0.0,0.2807017543859649,0.26142153475598984,0.20640358391927502,0.9804576135003399,0.5455310767446967,0.0,0.14035087719298245,0.06150378776744441
1418,113,99.12280701754386,114,1,113,0,0,0.008771929824561403,2.2324970154229344,2.2007478609162385,2.8834113678204725,1.7223366106507085,0.8531533623183951,1.6115173355616295,6.394736842105263,5.849841044843197,0.3799184342266957,0.8402738394943803,0.15166244253885294,1.0,0.15972616050561972,0.020084161546542578,0,1,0,0,0,0.0,0.2982456140350877,0.25435448241119696,0.21615592800305145,0.9645985356777207,0.5331652695891758,0.008771929824561403,0.15789473684210525,0.06153946206721783
1419,113,99.12280701754386,114,0,114,0,0,0.0,2.230403091935558,2.1982422536056037,2.859108371241421,1.7244575987637074,0.8648073674198686,1.6264483639401763,6.394736842105263,5.849841044843197,0.37836287579681627,0.0,0.0,0.0,0.0,0.0,0,0,0,0,0,0.0,0.3157894736842105,0.2528276652836854,0.22168448571894686,0.9726635036296476,0.5284237642574369,0.0,0.19298245614035087,0.061591029666376175
1420,112,98.24561403508773,114,1,113,0,0,0.008771929824561403,2.2197547569276046,2.190363858509854,2.8810277959377926,1.725958784170461,0.8631202528500658,1.6331051164408321,6.394736842105263,5.849841044843197,0.3799855156223999,0.41863187107730576,0.06270347642293708,0.0,0.41863187107730576,0.030600269061937635,0,1,0,0,0,0.0,0.32456140350877194,0.25576759795485937,0.2233721589563423,0.9711198438682879,0.5328274025758215,0.008771929824561403,0.21052631578947367,0.061581696471378136
1421,112,98.24561403508773,114,0,114,0,0,0.0,2.2102933811774435,2.1810739916766,2.817511447867483,1.7270644280637786,0.8583447144805497,1.6065899206735537,6.394736842105263,5.849841044843197,0.37950547019893666,0.0,0.0,0.0,0.0,0.0,0,0,0,0,0,0.0,0.32456140350877194,0.2541649016229765,0.22656346769919114,0.9741694864260981,0.5316613293096747,0.0,0.17543859649122806,0.06156672879776788
1422,112,98.24561403508773,114,0,114,0,0,0.0,2.203393842876784,2.174087370307232,2.8734953740213025,1.727778428551205,0.8632405684623828,1.6220175287646361,6.394736842105263,5.849841044843197,0.3790929081456871,0.0,0.0,0.0,0.0,0.0,0,0,0,0,0,0.0,0.32456140350877194,0.2557321568526281,0.2275478982092125,0.9818540433951904,0.5283581192638851,0.0,0.14035087719298245,0.06155311505305151
1423,113,99.12280701754386,114,0,114,0,0,0.0,2.205802088713858,2.176592637934228,2.8588966210195648,1.7285679044841993,0.8782824128189578,1.632634233522177,6.394736842105263,5.849841044843197,0.3780572839727523,0.0,0.0,0.0,0.0,0.0,0,0,0,0,0,0.0,0.2894736842105263,0.2542802286080477,0.23579253838778172,0.9837884682695646,0.5219444806110493,0.0,0.17543859649122806,0.06158824782582061
1424,113,99.12280701754386,114,0,114,0,0,0.0,2.2058064978665595,2.176491425606893,3.0468611464770485,1.7293064607218125,0.884544693994303,1.6622092911357023,6.394736842105263,5.849841044843197,0.3766364676445271,0.0,0.0,0.0,0.0,0.0,0,0,0,0,0,0.0,0.30701754385964913,0.2580456077350212,0.22516871636189542,0.9681763731465967,0.5180948345648846,0.0,0.21052631578947367,0.061609872054547696
1425,114,100.0,114,0,114,0,0,0.0,2.1879811602517427,2.1594041833919957,2.869769714024793,1.7292021513866835,0.8873753590731126,1.6835697414179371,6.394736842105263,5.849841044843197,0.37319002012474667,0.0,0.0,0.0,0.0,0.0,0,0,0,0,0,0.0,0.2982456140350877,0.2515751640559238,0.2290869234124946,0.9742562930814171,0.5125164050121319,0.0,0.17543859649122806,0.06151769440132362
1426,114,100.0,114,0,114,0,0,0.0,2.1871610329930555,2.1584855047677403,2.8225396627875576,1.729060950990469,0.9031363887121016,1.7093969179072028,6.394736842105263,5.849841044843197,0.37210034462410735,0.0,0.0,0.0,0.0,0.0,0,0,0,0,0,0.0,0.2982456140350877,0.2490970173555059,0.22932639132664484,0.9769389526652652,0.5091694113356302,0.0,0.17543859649122806,0.06150946376566357
1427,114,100.0,114,0,114,0,0,0.0,2.210597079320934,2.1821334525795395,2.8822254139901493,1.7300347044788735,0.8839203970771613,1.6604175459404753,6.394736842105263,5.849841044843197,0.37089397814072633,0.0,0.0,0.0,0.0,0.0,0,0,0,0,0,0.0,0.2894736842105263,0.24820662506593683,0.21372021437140368,0.9730353842009234,0.513383982678122,0.0,0.17543859649122806,0.0616551255129231
1428,114,100.0,114,0,114,0,0,0.0,2.2132029629090186,2.185175966656464,2.887268984616633,1.7310938807258522,0.860796500877559,1.5989537951539528,6.394736842105263,5.849841044843197,0.3711821644632063,0.0,0.0,0.0,0.0,0.0,0,0,0,0,0,0.0,0.2631578947368421,0.24851645216478085,0.21249181090138552,0.9667264185516349,0.51538833388902,0.0,0.17543859649122806,0.06169913499428002
1429,114,100.0,114,0,114,0,0,0.0,2.2173320393794698,2.1890839430996585,2.873350768459525,1.732273985173995,0.8601161457102243,1.6069931764708183,6.394736842105263,5.849841044843197,0.37393975626877896,0.0,0.0,0.0,0.0,0.0,0,0,0,0,0,0.0,0.2807017543859649,0.25067301532067665,0.22045261072681355,0.9609537572612028,0.5160549125597393,0.0,0.21052631578947367,0.06175429749382201
1430,113,99.12280701754386,114,1,113,0,0,0.008771929824561403,2.2302962795145462,2.2115778177413095,2.9876446392658518,1.7340001027374612,0.8440421116885124,1.5661160898690223,6.394736842105263,5.849841044843197,0.3774075858986963,0.44786848084778463,0.09335432102080793,0.0,0.44786848084778463,0.0335146614755476,1,0,0,0,0,0.0,0.2719298245614035,0.2547259258721252,0.21716064147201278,0.947246351461967,0.51911119512965,0.008771929824561403,0.21052631578947367,0.061869606261352336
1431,112,98.24561403508773,114,1,110,1,2,0.008771929824561403,2.2470625872355203,2.220547764242041,3.0022548243443974,1.736837184031195,0.8668289464009411,1.5772822892734,6.394736842105263,5.849841044843197,0.3820252525267964,0.7737641980585932,0.12236692871633137,0.75,0.02397938733459367,0.04231468043586631,0,3,0,1,0,0.75,0.2719298245614035,0.2595694962794692,0.24445813212170922,0.9664667509724165,0.5186006950009147,0.008771929824561403,0.19298245614035087,0.06203642017295541
1432,112,98.24561403508773,114,0,113,1,0,0.0,2.2327116001338103,2.2065392055027897,2.7854598857893986,1.7384981984488868,0.8833922493278554,1.5762459809846625,6.394736842105263,5.849841044843197,0.37919687497144405,0.05231722024443751,0.10606927867615012,0.0,0.05231722024443751,-0.035320048686038774,0,0,0,1,0,0.0,0.2543859649122807,0.251760615587577,0.25713146907697876,0.9699276042126354,0.5125393962794742,0.0,0.19298245614035087,0.06201324858903031
1433,112,98.24561403508773,114,0,113,1,0,0.0,2.232456639867023,2.206604810241708,2.791451928838335,1.7400651163817675,0.8928382507926625,1.614229293372525,6.394736842105263,5.849841044843197,0.3782170356076855,0.0525323271377046,0.1049469910031578,0.0,0.0525323271377046,-0.039020084913101716,0,0,0,1,0,0.0,0.2719298245614035,0.2507416134157474,0.24278047829477029,0.9611265071020305,0.5127904292363622,0.0,0.22807017543859648,0.062057804891884706
1434,111,97.36842105263158,114,1,112,1,0,0.008771929824561403,2.24803951921005,2.2306049643608525,2.955453677440232,1.7422502697954805,0.8855205436159109,1.6226777185389896,6.394736842105263,5.849841044843197,0.3805969035503307,0.16435741196410794,0.07991744458443731,0.0,0.16435741196410794,-0.009355781680505465,0,1,0,1,0,0.5,0.2543859649122807,0.25666439488469506,0.24713926816555973,0.9562877871360298,0.5113106851947488,0.008771929824561403,0.21052631578947367,0.06219963328924393
1435,111,97.36842105263158,114,1,113,0,0,0.008771929824561403,2.229526519031523,2.2083190801177097,2.689523741978581,1.743863703648166,0.9328351544483383,1.66096374781099,6.394736842105263,5.849841044843197,0.37349644495088397,0.37247841454521785,0.11038993847274065,0.0,0.37247841454521785,0.02175141484356158,0,1,0,0,0,0.0,0.2631578947368421,0.24462076544395098,0.2516660751713481,0.9521026811905546,0.501621736775863,0.008771929824561403,0.21052631578947367,0.062154259946224186
1436,112,98.24561403508773,114,0,114,0,0,0.0,2.2246154547188666,2.2035010423327135,2.7343979761119024,1.7449714956643743,0.9463465426661883,1.678190259861025,6.394736842105263,5.849841044843197,0.37217133255928503,0.0,0.0,0.0,0.0,0.0,0,0,0,0,0,0.0,0.24561403508771928,0.24539800012117782,0.25058918247354817,0.9521026811905546,0.5003424642336345,0.0,0.21052631578947367,0.062162106660688735
1437,112,98.24561403508773,114,0,114,0,0,0.0,2.2375123692946386,2.21655084118063,2.7597031171180095,1.7466251975999467,0.9307344095581132,1.6673804563088868,6.394736842105263,5.849841044843197,0.375082479453855,0.0,0.0,0.0,0.0,0.0,0,0,0,0,0,0.0,0.23684210526315788,0.24787611338487872,0.25446290261141985,0.9525466560134135,0.5057617227667701,0.0,0.17543859649122806,0.06227496070086084
1438,112,98.24561403508773,114,0,114,0,0,0.0,2.209811179754983,2.189293072493413,2.6010713994333328,1.7469065316884744,0.9538359543324965,1.690880698580011,6.394736842105263,5.849841044843197,0.3717764136870765,0.0,0.0,0.0,0.0,0.0,0,0,0,0,0,0.0,0.22807017543859648,0.24263923592656994,0.25774332602068556,0.9479211591123841,0.5004794543369336,0.0,0.17543859649122806,0.06214468355165447
1439,113,99.12280701754386,114,0,114,0,0,0.0,2.189776251939029,2.169706077196233,2.5225804688767366,1.7462547617077413,0.9696892286760714,1.7409101062630175,6.394736842105263,5.849841044843197,0.36681072546847937,0.0,0.0,0.0,0.0,0.0,0,0,0,0,0,0.0,0.23684210526315788,0.23749338704931966,0.2514867400247806,0.9361822238537654,0.49470480261549105,0.0,0.19298245614035087,0.06202544515864926
1440,114,100.0,114,0,114,0,0,0.0,2.2160394027265324,2.1950517582251465,2.778888056126991,1.7468272648763985,0.9379969558488321,1.6881358631056713,6.394736842105263,5.849841044843197,0.37408312195980065,0.0,0.0,0.0,0.0,0.0,0,0,0,0,0,0.0,0.22807017543859648,0.24950229425118356,0.24451201412642007,0.9404813593769008,0.5049429375285335,0.0,0.17543859649122806,0.06217350617525834
1441,114,100.0,114,0,114,0,0,0.0,2.211279601388539,2.189743259057387,2.7696045373959137,1.7471178465091681,0.9568988777735957,1.7402783059110978,6.394736842105263,5.849841044843197,0.37487865380350893,0.0,0.0,0.0,0.0,0.0,0,0,0,0,0,0.0,0.24561403508771928,0.25067026705336287,0.2594539455720391,0.9551991086947784,0.49853703404159494,0.0,0.21052631578947367,0.062158206450379644
1442,114,100.0,114,0,114,0,0,0.0,2.215672690154692,2.1938881548400575,2.8045479192904303,1.7475854054301236,0.9584122355619017,1.7199919053839212,6.394736842105263,5.849841044843197,0.37332886408148114,0.0,0.0,0.0,0.0,0.0,0,0,0,0,0,0.0,0.2543859649122807,0.2505753822072307,0.25373143155386096,0.9636087725617647,0.4975695001100055,0.0,0.17543859649122806,0.062193847621043845
1443,114,100.0,114,0,114,0,0,0.0,2.211781329832091,2.189813686347726,2.7761104398696976,1.7478349329532334,0.9508531891171743,1.6955321263714325,6.394736842105263,5.849841044843197,0.3727408791400635,0.0,0.0,0.0,0.0,0.0,0,0,0,0,0,0.0,0.24561403508771928,0.25033536421530656,0.26093366187423245,0.9587604189085621,0.4929717427073308,0.0,0.21052631578947367,0.06218168930116337
1444,114,100.0,114,0,114,0,0,0.0,2.2413440020776245,2.2186123784705885,3.0841413834652696,1.7494176056826232,0.90568961089225,1.6487947844190314,6.394736842105263,5.849841044843197,0.37981990186981207,0.0,0.0,0.0,0.0,0.0,0,0,0,0,0,0.0,0.24561403508771928,0.2628999277161875,0.252140449752309,0.9687011165461483,0.5054542843872827,0.0,0.14035087719298245,0.06237579458185573
1445,114,100.0,114,0,114,0,0,0.0,2.2244472578609784,2.2022104908104754,3.0066478943953117,1.7501401070879068,0.9245590012110022,1.6644975405656164,6.394736842105263,5.849841044843197,0.3786191933649474,0.0,0.0,0.0,0.0,0.0,0,0,0,0,0,0.0,0.24561403508771928,0.26051752686450935,0.2422607955951988,0.9572362920648603,0.5074716052528765,0.0,0.17543859649122806,0.06231244345265042
1446,114,100.0,114,0,114,0,0,0.0,2.2234186661703492,2.201354631108995,3.0188920216908697,1.7507802901637524,0.9231509549804692,1.6724300376006807,6.394736842105263,5.849841044843197,0.3761911892745493,0.0,0.0,0.0,0.0,0.0,0,0,0,0,0,0.0,0.24561403508771928,0.2584598349397776,0.23110839265523533,0.9770116392710169,0.5059499400753865,0.0,0.17543859649122806,0.06232602534036376
1447,114,100.0,114,0,114,0,0,0.0,2.241613120303481,2.21885055252615,3.267360167807399,1.7522018104210524,0.908634994551735,1.6860722627252507,6.394736842105263,5.849841044843197,0.3789001376706458,0.0,0.0,0.0,0.0,0.0,0,0,0,0,0,0.0,0.2807017543859649,0.26628217673024257,0.22668738879279768,0.9739287819935865,0.5101357404640086,0.0,0.17543859649122806,0.062458575948765555
1448,114,100.0,114,0,114,0,0,0.0,2.2587110693059413,2.235765849233387,3.4032235214491084,1.7543317883785894,0.8907598423426744,1.6456475510180195,6.394736842105263,5.849841044843197,0.38158021410915177,0.0,0.0,0.0,0.0,0.0,0,0,0,0,0,0.0,0.2807017543859649,0.270880749935735,0.2136545855778532,0.9686797663143605,0.5194083239989488,0.0,0.21052631578947367,0.06260636585618091
1449,114,100.0,114,0,112,2,0,0.0,2.2814845046830308,2.2579282132241363,3.6650622874772405,1.757374336463511,0.8866700158333203,1.6502885141794876,6.394736842105263,5.849841044843197,0.38481821870405786,0.23933447951950526,0.03727238089581203,0.0,0.23933447951950526,0.03533688115267697,0,0,0,2,0,0.0,0.2894736842105263,0.2781340940592009,0.21268079784382293,0.9668886924227652,0.5228734748367275,0.0,0.21052631578947367,0.06280922514640679
1450,112,98.24561403508773,114,2,112,0,0,0.017543859649122806,2.3004228114883043,2.2827471851413303,3.91368569642613,1.761108797782864,0.8927346810710665,1.6695557055670756,6.394736842105263,5.849841044843197,0.38772811422649855,0.6053182340232566,0.11678975479166209,0.5,0.3193203938972187,0.011800562773924883,0,2,0,0,0,0.0,0.2543859649122807,0.2848373577146541,0.20172308387771262,0.9590467816705237,0.5268000956486606,0.017543859649122806,0.21052631578947367,0.0630131467059648
1451,112,98.24561403508773,114,0,113,1,0,0.0,2.3144718009361167,2.296780147782575,3.975940322787755,1.7655731227216538,0.8862783318217575,1.6416789165648984,6.394736842105263,5.849841044843197,0.38865844687174134,0.36114893616240423,0.04082319202175565,0.0,0.36114893616240423,0.03508388058751294,0,0,0,1,0,0.0,0.2719298245614035,0.28638959819239723,0.20145901378252454,0.9620418956764606,0.5272111466760925,0.0,0.19298245614035087,0.06321396960952612
1452,111,97.36842105263158,114,1,113,0,0,0.008771929824561403,2.3286332531428164,2.3097481355496083,3.998513290621027,1.7704299951053137,0.8869942356304901,1.6747751888398799,6.394736842105263,5.849841044843197,0.3886343981737097,0.448977775842728,0.044964322203467785,0.0,0.448977775842728,0.04145442481764758,0,1,0,0,0,0.0,0.2719298245614035,0.2869969912321276,0.2093323596394696,0.9585645741623096,0.5293542839019107,0.008771929824561403,0.22807017543859648,0.06342683652765711
1453,111,97.36842105263158,114,0,114,0,0,0.0,2.296087982530693,2.277837370767317,3.6573516287085104,1.7734625469413667,0.9178777615808219,1.7152714504916147,6.394736842105263,5.849841044843197,0.38272603843411956,0.0,0.0,0.0,0.0,0.0,0,0,0,0,0,0.0,0.2543859649122807,0.27531350431474033,0.21723486423141558,0.9714318227986912,0.5225282743079578,0.0,0.19298245614035087,0.06335280990560228
1454,111,97.36842105263158,114,0,114,0,0,0.0,2.2939190459321215,2.275570992490146,3.6246256656548397,1.7762116356940565,0.9235811924023143,1.7050304502663427,6.394736842105263,5.849841044843197,0.3811899798616678,0.0,0.0,0.0,0.0,0.0,0,0,0,0,0,0.0,0.2543859649122807,0.2730267680654572,0.21442956949586334,0.9581785223880497,0.5233864341070673,0.0,0.22807017543859648,0.06342237388371642
1455,113,99.12280701754386,114,0,114,0,0,0.0,2.2940494240522904,2.2754395494376065,3.8006491460038108,1.7787937557568219,0.9274418787739855,1.733729234158678,6.394736842105263,5.849841044843197,0.3851052295727233,0.0,0.0,0.0,0.0,0.0,0,0,0,0,0,0.0,0.2719298245614035,0.28021185960142664,0.20652124708272618,0.9614624341084501,0.5295613325443876,0.0,0.22807017543859648,0.06349855073394667
1456,113,99.12280701754386,114,0,114,0,0,0.0,2.2612599886454574,2.243610342154602,3.274454220171445,1.7797352594748166,0.968332982958603,1.76973898526355,6.394736842105263,5.849841044843197,0.37650544516370577,0.0,0.0,0.0,0.0,0.0,0,0,0,0,0,0.0,0.24561403508771928,0.2621280473540832,0.22189824408023867,0.964071915489373,0.516114784601677,0.0,0.19298245614035087,0.06336214179237948
1457,114,100.0,114,0,113,1,0,0.0,2.2535609064074316,2.235962820580536,3.18330436437515,1.7802637924371154,0.9772984519549087,1.7646126584072035,6.394736842105263,5.849841044843197,0.3743749791208548,0.04011389337713046,0.11801140079756581,0.0,0.04011389337713046,-0.044587331105435,0,0,0,1,0,1.0,0.2894736842105263,0.2579816825826619,0.2262006562235367,0.969958674439945,0.5116729717218309,0.0,0.19298245614035087,0.0633391055502714
1458,114,100.0,114,0,114,0,0,0.0,2.2441748526663474,2.226585142431119,3.23363863110807,1.7803225436488999,0.9711291470968486,1.75660109161446,6.394736842105263,5.849841044843197,0.3748883842282711,0.0,0.0,0.0,0.0,0.0,0,0,0,0,0,0.0,0.2894736842105263,0.2608230233952482,0.2149979294091756,0.964497674610312,0.5194820993147276,0.0,0.19298245614035087,0.06329389370781663
1459,114,100.0,114,0,113,1,0,0.0,2.245704703443817,2.2276487064939325,3.420159566141309,1.7804276314538503,0.9607493003091822,1.7494009032917284,6.394736842105263,5.849841044843197,0.37748410086553363,0.05892941934797813,0.11822950105851449,0.0,0.05892941934797813,-0.059386075390066795,0,0,0,1,0,0.0,0.2719298245614035,0.2685505645801077,0.20772125831343352,0.9602862436668071,0.5226103451589916,0.0,0.2631578947368421,0.06330461669647754
1460,114,100.0,114,0,113,1,0,0.0,2.268214228007403,2.250065435121098,3.5528358766244166,1.7815756461829686,0.9448720086804004,1.7337621657944267,6.394736842105263,5.849841044843197,0.3815592204884166,0.05159780231730039,0.11585344118375428,0.0,0.05159780231730039,-0.05101262533469764,0,0,0,1,0,0.0,0.2719298245614035,0.2731533409991464,0.19594799847707658,0.9716559977845467,0.5309837428502456,0.0,0.19298245614035087,0.06345074283770787
1461,114,100.0,114,0,113,1,0,0.0,2.2749267249296996,2.2565934842825612,3.6853192127708545,1.7829620082746815,0.92464122750431,1.6826351865856595,6.394736842105263,5.849841044843197,0.38474822024026056,0.30417872007755486,0.11933367937354276,0.0,0.30417872007755486,0.002212730870293944,0,0,0,1,0,0.0,0.2719298245614035,0.2783872394576816,0.17884603389205636,0.9719293051756116,0.5412494740055004,0.0,0.19298245614035087,0.06352485531165494
1462,114,100.0,114,0,113,1,0,0.0,2.3043388121600805,2.2856849493202467,3.8397791161239083,1.7856287139575802,0.9162406252696903,1.6618070759465087,6.394736842105263,5.849841044843197,0.38457412347007436,0.1640553162883865,0.07306651375393307,0.0,0.1640553162883865,-0.0002534365170340225,0,0,0,1,0,0.0,0.2543859649122807,0.27970810479995806,0.17509745951148614,0.9573334748927493,0.5421032256698336,0.0,0.22807017543859648,0.06374991476959853
1463,114,100.0,114,0,114,0,0,0.0,2.3012857571547913,2.2831706962699445,3.6566034347033383,1.7880217577513693,0.9224114822876018,1.6298502338686631,6.394736842105263,5.849841044843197,0.3820060379021537,0.0,0.0,0.0,0.0,0.0,0,0,0,0,0,0.0,0.2719298245614035,0.2735699238160591,0.18197180347057962,0.9659754163653498,0.5394538820184046,0.0,0.22807017543859648,0.06380464412360716
1464,114,100.0,114,0,112,2,0,0.0,2.3037965883616423,2.2862291827145698,3.6964379837312467,1.7904179455633984,0.9121241583792293,1.6165226786998839,6.394736842105263,5.849841044843197,0.3821491810256059,0.06759833073669637,0.09167249598383097,0.0,0.06759833073669637,-0.018669443849744116,0,0,1,1,0,0.0,0.2894736842105263,0.2746979463757699,0.17387790770241948,0.9619788968664484,0.5435577914917749,0.0,0.15789473684210525,0.06388728486871122
1465,114,100.0,114,0,114,0,0,0.0,2.303619871147349,2.285858809126232,3.7433903278089065,1.792656627184337,0.8894095777879616,1.5791807961919593,6.394736842105263,5.849841044843197,0.38391813066912595,0.0,0.0,0.0,0.0,0.0,0,0,0,0,0,0.0,0.30701754385964913,0.2772316188246016,0.16733555754571486,0.9584512622746199,0.5502997924735932,0.0,0.22807017543859648,0.06395188094080226
1466,114,100.0,114,0,114,0,0,0.0,2.3034721710952417,2.284834691553916,3.9119828091398228,1.7947164220888758,0.8911795998012334,1.5904948006003696,6.394736842105263,5.849841044843197,0.3864365628578932,0.0,0.0,0.0,0.0,0.0,0,0,0,0,0,0.0,0.2894736842105263,0.28390023981471607,0.16278894249936274,0.960452963237596,0.5521124212077074,0.0,0.22807017543859648,0.06401138980442438
1467,114,100.0,114,0,113,1,0,0.0,2.3078751947306593,2.2892705642891764,3.9339305500181063,1.7968633154688207,0.8745675398933185,1.5512037174955744,6.394736842105263,5.849841044843197,0.39151807785921067,0.08459281969175098,0.11255700017517684,0.0,0.08459281969175098,-0.05163147369152843,0,0,0,1,0,0.0,0.30701754385964913,0.2884752151944256,0.16280819300983268,0.9692821309830499,0.5636813664628503,0.0,0.19298245614035087,0.06409619984766599
1468,114,100.0,114,0,113,1,0,0.0,2.327601710372041,2.308311058031801,4.266284149289753,1.7997756898931143,0.8661574680662211,1.5480198526872986,6.394736842105263,5.849841044843197,0.3971715682571213,0.06489895145575866,0.10857209432902057,0.0,0.06489895145575866,-0.037941579060038144,0,0,0,1,0,0.0,0.2982456140350877,0.2993528750622183,0.15892083063205178,0.9605506143894404,0.5667725835569044,0.0,0.22807017543859648,0.06428001706309881
1469,114,100.0,114,0,112,2,0,0.0,2.3345460471514548,2.314608515138192,4.357137757263596,1.8028124080274288,0.8524135115758502,1.5688638941990796,6.394736842105263,5.849841044843197,0.3982409717093962,0.10469492161344508,0.08907570012936844,0.0,0.10469492161344508,-0.01295418213886651,0,0,0,2,0,0.0,0.3157894736842105,0.3029960512397202,0.1664713684655191,0.9611602288216259,0.5671791466133189,0.0,0.22807017543859648,0.06440356033891455
1470,114,100.0,114,0,112,2,0,0.0,2.32506053810387,2.305267053364674,4.2174624161706,1.8052343144458936,0.8525487667728779,1.5617925547095433,6.394736842105263,5.849841044843197,0.3955277051367896,0.12703312867997937,0.09059821489117126,0.0,0.12703312867997937,-0.022827369518738927,0,0,0,2,0,0.0,0.3333333333333333,0.29802751483050866,0.17225461417423693,0.9637774164778771,0.5629651106737807,0.0,0.19298245614035087,0.06442697163154415
1471,113,99.12280701754386,114,1,112,1,0,0.008771929824561403,2.3445460562328044,2.3216582511696813,4.201964968033648,1.8084170572331264,0.8368213374819323,1.5527365629436136,6.394736842105263,5.849841044843197,0.39799379758110076,0.4628191300273003,0.11615921416749374,0.5,0.1037531641484925,-0.014992609067001672,0,1,0,1,0,0.0,0.3508771929824561,0.298703021969469,0.1833671261348372,0.9704587914023979,0.5699372267986291,0.008771929824561403,0.17543859649122806,0.06461749191914848
1472,113,99.12280701754386,114,0,114,0,0,0.0,2.342636982337773,2.320205481135784,4.231092379180003,1.8112102000053039,0.8355999827659912,1.5543405368833096,6.394736842105263,5.849841044843197,0.3986852163364767,0.0,0.0,0.0,0.0,0.0,0,0,0,0,0,0.0,0.3333333333333333,0.3003830596188472,0.17900823771265892,0.9624997811441733,0.5709759387860138,0.0,0.17543859649122806,0.06468964375583727
1473,113,99.12280701754386,114,0,114,0,0,0.0,2.3110340493502854,2.289476248471195,3.738333377131611,1.81240185935301,0.859603116386667,1.5980020637018166,6.394736842105263,5.849841044843197,0.3908463067857506,0.0,0.0,0.0,0.0,0.0,0,0,0,0,0,0.0,0.3508771929824561,0.2840491869621236,0.18997016629083993,0.9586910265066264,0.5586436075982351,0.0,0.17543859649122806,0.06456648417971825
1474,113,99.12280701754386,114,0,113,1,0,0.0,2.30959990987079,2.2880589495498755,3.7148693060654168,1.8134574807358579,0.8664040535776869,1.6407931484068867,6.394736842105263,5.849841044843197,0.38705112864993474,0.06760513056517566,0.10729173277110388,0.0,0.06760513056517566,-0.04943848645177962,0,0,0,1,0,0.0,0.30701754385964913,0.2798259506576781,0.18502929641462842,0.9510128727564273,0.5558744613787387,0.0,0.21052631578947367,0.06459018956878677
1475,113,99.12280701754386,114,0,113,1,0,0.0,2.323543003191306,2.301274314069913,3.8932260779061796,1.815069812200109,0.8627530088554869,1.619337719976116,6.394736842105263,5.849841044843197,0.3888549703870454,0.03162760338190551,0.05241797481845935,0.0,0.03162760338190551,0.01268319771841786,0,0,0,1,0,1.0,0.3157894736842105,0.2848025452999205,0.17602405735826776,0.9469332071066839,0.5621235949311949,0.0,0.24561403508771928,0.06470706444927668
1476,114,100.0,114,0,113,1,0,0.0,2.336073267047352,2.313253504906569,4.026808492848093,1.817148435734507,0.8479926921426539,1.551733121117346,6.394736842105263,5.849841044843197,0.3893266787584311,0.03813834037089345,0.05108161296986913,0.0,0.03813834037089345,0.011040802074267497,0,0,0,1,0,1.0,0.32456140350877194,0.28774746329837847,0.16750283489878615,0.9486000740935039,0.5665026461322753,0.0,0.24561403508771928,0.06483051385489841
1477,114,100.0,114,0,113,1,0,0.0,2.3303333405283335,2.3076296048420377,4.10970415996362,1.8188422717247854,0.8387614528094446,1.5834119895400667,6.394736842105263,5.849841044843197,0.3921608877998335,0.014565208280593486,0.07764616093157839,0.0,0.014565208280593486,-0.0006234206308097789,0,0,0,1,0,1.0,0.32456140350877194,0.29293361304859705,0.1508911557168676,0.9539010609995712,0.5780486974693226,0.0,0.21052631578947367,0.06485135757879913
1478,114,100.0,114,0,112,2,0,0.0,2.3237948112736793,2.3008322840012245,4.00221413245551,1.8201189150304764,0.8585063269898332,1.6219747759030145,6.394736842105263,5.849841044843197,0.38794449439907086,0.05242356346048717,0.07217165337198007,0.0,0.05242356346048717,0.009273704227803159,0,0,1,1,0,0.5,0.34210526315789475,0.287340148807754,0.15588878129120803,0.957396522576297,0.5737437343575333,0.0,0.19298245614035087,0.06485600573457213
1479,114,100.0,114,0,113,1,0,0.0,2.324938269455657,2.3026147933222347,3.9745621256118504,1.821404295901585,0.8656669241646437,1.5830749214377602,6.394736842105263,5.849841044843197,0.38631150685232973,0.0336259613642164,0.05195050566896674,0.0,0.0336259613642164,0.013764632990626025,0,0,0,1,0,1.0,0.30701754385964913,0.28462904017502244,0.13757128377548095,0.9524634173438764,0.5748866837895956,0.0,0.19298245614035087,0.06489931939437237
1480,114,100.0,114,0,111,3,0,0.0,2.3164017532239605,2.2943011999008402,3.69412320330356,1.8222254184347009,0.8958021313818629,1.6098915684807587,6.394736842105263,5.849841044843197,0.38082369717849107,0.16799888564339974,0.07521806555396328,0.0,0.16799888564339974,0.010885638593706356,0,0,0,3,0,0.3333333333333333,0.32456140350877194,0.27361982022700576,0.15182298138472755,0.9559153672469891,0.560556768747667,0.0,0.24561403508771928,0.06488065399469922
1481,113,99.12280701754386,114,1,112,1,0,0.008771929824561403,2.2975330449353506,2.272244549141446,3.6341143727678897,1.8221353549929507,0.9520463438265933,1.664429353104836,6.394736842105263,5.849841044843197,0.3764470878668331,0.48567533017568654,0.11025859229799526,0.5,0.07659380105890934,-0.013109918267284582,0,1,0,1,0,0.0,0.3157894736842105,0.26913433009559296,0.13743843231117514,0.9522463920554438,0.5500155664330604,0.008771929824561403,0.24561403508771928,0.06478367616916522
1482,113,99.12280701754386,114,0,113,1,0,0.0,2.2717489463390677,2.2470427034279647,3.4784019665053276,1.8207020741922002,0.9825687129544827,1.7620208520173153,6.394736842105263,5.849841044843197,0.3717053176769589,0.5690716446716484,0.11509473977944074,1.0,0.4309283553283516,0.020379473686040428,0,0,0,1,0,0.0,0.30701754385964913,0.2639352081376544,0.14473437966285946,0.9476925380574139,0.5408219272388944,0.0,0.21052631578947367,0.06461283335189873
1483,113,99.12280701754386,114,0,114,0,0,0.0,2.2710239015535847,2.246316020247319,3.458377219272307,1.8193186301912463,0.9694239042500492,1.700581570965957,6.394736842105263,5.849841044843197,0.3712602243560319,0.0,0.0,0.0,0.0,0.0,0,0,0,0,0,0.0,0.32456140350877194,0.2630260142457001,0.1368542597021154,0.9569838245551463,0.5443869808849194,0.0,0.21052631578947367,0.0645687434904712
1484,113,99.12280701754386,114,0,114,0,0,0.0,2.260086853517387,2.23641041589622,3.323407896041178,1.817552545778036,0.9905859205596291,1.75235496071635,6.394736842105263,5.849841044843197,0.36751858352616895,0.0,0.0,0.0,0.0,0.0,0,0,0,0,0,0.0,0.32456140350877194,0.2565275938406508,0.12715311163561852,0.9599434932160664,0.5447896350179676,0.0,0.21052631578947367,0.06446240168484493
1485,113,99.12280701754386,114,0,114,0,0,0.0,2.253548836107033,2.229378478132182,3.311000516420765,1.8155606887504616,0.9970797083564396,1.7849626610487797,6.394736842105263,5.849841044843197,0.3681155974510124,0.0,0.0,0.0,0.0,0.0,0,0,0,0,0,0.0,0.3333333333333333,0.25739280098471373,0.13600458742785784,0.9549349301098784,0.5371369885270554,0.0,0.19298245614035087,0.06437145136281634
1486,114,100.0,114,0,113,1,0,0.0,2.2665056818589457,2.241702917037465,3.4550329325050835,1.8142621202613434,0.978286261284738,1.712372270168707,6.394736842105263,5.849841044843197,0.37394685646563897,0.1809145813736749,0.0631458333464971,0.0,0.1809145813736749,0.013681419673270634,0,0,0,1,0,0.0,0.35964912280701755,0.26491945151498214,0.13766282550792847,0.9488530200316013,0.5458108603457963,0.0,0.19298245614035087,0.06439825349533998
1487,114,100.0,114,0,114,0,0,0.0,2.2716620838491037,2.2461270969719926,3.587817157744345,1.8132465619596627,0.971283382789025,1.726654984421013,6.394736842105263,5.849841044843197,0.3763251281490636,0.0,0.0,0.0,0.0,0.0,0,0,0,0,0,0.0,0.3508771929824561,0.2711260765026726,0.1468153787392357,0.9592769341789111,0.5489067068232596,0.0,0.19298245614035087,0.06439433123210776
1488,114,100.0,114,0,114,0,0,0.0,2.2665800376909297,2.2409024985930612,3.682469270745008,1.8120459076440294,0.9926321591824375,1.739369764577357,6.394736842105263,5.849841044843197,0.37567414543586386,0.0,0.0,0.0,0.0,0.0,0,0,0,0,0,0.0,0.32456140350877194,0.27342328417319967,0.14439709438944345,0.9536011785852845,0.542000845399281,0.0,0.21052631578947367,0.0643338028168356
1489,114,100.0,114,0,114,0,0,0.0,2.2605565411125292,2.235061552009004,3.5943148764115818,1.8106421408248132,1.0074256564856667,1.7907924523232388,6.394736842105263,5.849841044843197,0.3731739502931093,0.0,0.0,0.0,0.0,0.0,0,0,0,0,0,0.0,0.3157894736842105,0.26889113892871047,0.13886840569087527,0.9595651028963896,0.5413491165727942,0.0,0.21052631578947367,0.06426262627016138
1490,113,99.12280701754386,114,1,113,0,0,0.008771929824561403,2.2846372242347335,2.2555858200856194,3.652383646172217,1.8104512702957447,1.011963538527119,1.799076762707058,6.394736842105263,5.849841044843197,0.3746906042414222,0.4693643460999357,0.1121219868423594,0.0,0.4693643460999357,0.014465972941421601,0,1,0,0,0,0.0,0.3157894736842105,0.2697192864523694,0.1299913282549313,0.9630320975520299,0.5483415043948856,0.008771929824561403,0.19298245614035087,0.06437744687449644
1491,113,99.12280701754386,114,0,113,1,0,0.0,2.289325414684909,2.260293853246689,3.513868612830617,1.8103216268381335,0.9965426778514153,1.7743367869435587,6.394736842105263,5.849841044843197,0.377318551057368,0.16500580201221876,0.09541281252600042,0.0,0.16500580201221876,-0.0013636834947906573,0,0,0,1,0,0.0,0.30701754385964913,0.26749742843019986,0.13441364538771625,0.9584085833541749,0.5536325994014605,0.0,0.22807017543859648,0.06439709585864967
1492,113,99.12280701754386,114,0,113,1,0,0.0,2.3020056710747143,2.2726052626316804,3.5621385644145658,1.8107757256202388,0.9978353916976569,1.7776534505143615,6.394736842105263,5.849841044843197,0.37718597732070935,0.07164091548243864,0.09073883295151663,0.0,0.07164091548243864,-0.004650806125584217,0,0,0,1,0,0.0,0.30701754385964913,0.2681460809570286,0.13930808378390325,0.9585448645936598,0.5532271717346724,0.0,0.21052631578947367,0.06447377916906856
1493,112,98.24561403508773,114,1,112,1,0,0.008771929824561403,2.3122127301785067,2.2805836163316524,3.599271848736546,1.8116517644671952,0.994426490082706,1.7436844962588123,6.394736842105263,5.849841044843197,0.37965168573704267,0.35087097650612153,0.11212936114613464,0.5,0.31591931812782137,0.006900260296398453,0,1,0,1,0,0.0,0.32456140350877194,0.27050346034185696,0.15120322590134808,0.9451824726355582,0.5540246371123128,0.008771929824561403,0.21052631578947367,0.06455043790460653
1494,112,98.24561403508773,114,0,113,1,0,0.0,2.309656008510689,2.27814694959998,3.399975817755,1.8122873962154014,1.005973002117868,1.7719845283919493,6.394736842105263,5.849841044843197,0.37140943178365116,0.06050800700663424,0.09204147280254571,0.0,0.06050800700663424,-0.008792421831681274,0,0,0,1,0,0.0,0.2982456140350877,0.25925371363448907,0.15820539145680515,0.9448363768079925,0.5362490620140955,0.0,0.24561403508771928,0.06455624601971775
1495,113,99.12280701754386,114,0,114,0,0,0.0,2.310894523236223,2.2795561704611313,3.429358466618464,1.8129517942609858,1.0043592485964807,1.7643840979266865,6.394736842105263,5.849841044843197,0.37185205050756975,0.0,0.0,0.0,0.0,0.0,0,0,0,0,0,0.0,0.30701754385964913,0.25939266419772433,0.1527401307362159,0.9368892815890263,0.5373500916022229,0.0,0.2807017543859649,0.06458187170813129
1496,113,99.12280701754386,114,0,114,0,0,0.0,2.3139348577513745,2.2825106704121514,3.478886488315776,1.813715592917642,1.0047587961616358,1.7020205494664855,6.394736842105263,5.849841044843197,0.37488751946283627,0.0,0.0,0.0,0.0,0.0,0,0,0,0,0,0.0,0.2982456140350877,0.26283095762462316,0.15162126391093023,0.9211429564708464,0.5431890360197341,0.0,0.24561403508771928,0.06461941388436557
1497,113,99.12280701754386,114,0,113,1,0,0.0,2.3255240399955714,2.293797785693572,3.4086834941624935,1.81496293320899,1.000567806692217,1.7565643198097542,6.394736842105263,5.849841044843197,0.37379256903800107,0.04657471733993972,0.09009412782889437,0.0,0.04657471733993972,-0.008567036278541496,0,0,0,1,0,1.0,0.2894736842105263,0.25903098534642316,0.16017214655700457,0.9440522730707124,0.5388567863735597,0.0,0.21052631578947367,0.06471384350775261
1498,114,100.0,114,0,113,1,0,0.0,2.3130703501779233,2.281446140984174,3.2399326388076988,1.8155592648104673,1.0203804728903354,1.790480800925698,6.394736842105263,5.849841044843197,0.37022794530433334,0.05438427657738333,0.0898803965003367,0.0,0.05438427657738333,-0.008708746133326506,0,0,0,1,0,0.0,0.2807017543859649,0.25269499327518263,0.16976566699818646,0.935748055538278,0.5286912968048542,0.0,0.24561403508771928,0.06466901728405766
1499,114,100.0,114,0,114,0,0,0.0,2.3233949245979484,2.292028753425941,3.2750960705380296,1.816615964766146,1.0185439886364296,1.7451870723676275,6.394736842105263,5.849841044843197,0.3702941680165295,0.0,0.0,0.0,0.0,0.0,0,0,0,0,0,0.0,0.24561403508771928,0.2529375308151432,0.16143464220588616,0.9395886751397251,0.5342247884599584,0.0,0.24561403508771928,0.06475154779002186
1500,113,99.12280701754386,114,1,112,1,0,0.008771929824561403,2.341245237170938,2.313482814432172,3.4581661856553114,1.8184360446497019,1.0058721919067433,1.7743232552433033,6.394736842105263,5.849841044843197,0.37256049218925824,0.5704153941418046,0.10205663894184094,0.5,0.2635312700866137,0.0033497891888953912,0,1,0,1,0,0.0,0.22807017543859648,0.25790123555167815,0.15457644407910523,0.9264204041009649,0.5367652299856177,0.008771929824561403,0.2807017543859649,0.0648940352429254
1501,113,99.12280701754386,114,0,113,1,0,0.0,2.3861309014597065,2.358022429989522,3.7172294927714886,1.8224128777004691,0.9599747172493149,1.7029483313098244,6.394736842105263,5.849841044843197,0.3784977280464177,0.35467602477787996,0.10167517016761804,0.0,0.35467602477787996,-0.006075799732117804,0,0,0,1,0,0.0,0.2543859649122807,0.26556056574294773,0.1423709887852356,0.9321973607306647,0.5532544542976638,0.0,0.2807017543859649,0.06523478277041359
1502,113,99.12280701754386,114,0,113,1,0,0.0,2.4036552078475735,2.375387539239179,3.8027094914787085,1.8269697373698421,0.9585206917010153,1.7254275287851295,6.394736842105263,5.849841044843197,0.3794893179205723,0.36148186499150525,0.09875901994321074,0.0,0.36148186499150525,0.006263842999983837,0,0,0,1,0,0.0,0.2543859649122807,0.26734860016845186,0.138381732424077,0.9333154696081902,0.5565616276572597,0.0,0.2807017543859649,0.06545568882600036
1503,113,99.12280701754386,114,0,113,1,0,0.0,2.4012198784767267,2.373228246688918,3.73874556321595,1.831158975846414,0.988274006178486,1.7190373593103763,6.394736842105263,5.849841044843197,0.37726439507314047,0.33818178467929927,0.09876260350510246,0.0,0.33818178467929927,-0.009375382475300786,0,0,0,1,0,0.0,0.2543859649122807,0.26365389273320494,0.13217769937432408,0.9202421130490821,0.5530251248628969,0.0,0.2807017543859649,0.06556604407508056
1504,113,99.12280701754386,114,0,113,1,0,0.0,2.403789564210044,2.3756626269411916,3.9605615894266353,1.8352170764312654,0.9685852780784479,1.6942430875262326,6.394736842105263,5.849841044843197,0.38212439773888174,0.39844220546167824,0.09837040416222642,0.0,0.39844220546167824,-0.001950886099185034,0,0,0,1,0,0.0,0.2631578947368421,0.27346579185843684,0.12216703912895518,0.9402611699451371,0.5671583312849354,0.0,0.21052631578947367,0.06569758872057398
1505,114,100.0,114,0,111,3,0,0.0,2.3867719772615956,2.358937893906661,3.8175707092549667,1.838255088344307,0.981424663294762,1.7153312446116926,6.394736842105263,5.849841044843197,0.3824004958440501,0.15920264204693488,0.08848459563118556,0.0,0.15920264204693488,0.0012123547360883464,0,0,0,3,0,0.3333333333333333,0.2894736842105263,0.2707618558266532,0.12414795295640604,0.9488307556483355,0.5631215867735629,0.0,0.24561403508771928,0.0657013602197499
1506,114,100.0,114,0,111,3,0,0.0,2.35813154103296,2.330638548436101,3.6175702059514587,1.839791008008105,0.9965297926367277,1.7729414726714061,6.394736842105263,5.849841044843197,0.37895460647256707,0.17763473944710903,0.08877566807664201,0.0,0.17763473944710903,-0.000952851567611194,0,0,0,3,0,0.3333333333333333,0.30701754385964913,0.26500236926262843,0.12545817851153068,0.9397136185119044,0.5559319395239312,0.0,0.24561403508771928,0.06560308246806106
1507,114,100.0,114,0,111,3,0,0.0,2.3493308382600553,2.3220804230708936,3.617400516049855,1.8408365694287687,0.9954129137221623,1.77948294216776,6.394736842105263,5.849841044843197,0.37640631060245155,0.15009613250788556,0.08621733379058633,0.0,0.15009613250788556,-0.0029246544426530705,0,0,0,3,0,0.3333333333333333,0.2807017543859649,0.26339370206228535,0.12490866090479578,0.9493293636722682,0.5531449152532396,0.0,0.24561403508771928,0.06558966079476405
1508,114,100.0,114,0,112,2,0,0.0,2.364100662734343,2.3367407061354317,3.9036530775110734,1.8425070497730964,0.9709899151910453,1.7098164350822809,6.394736842105263,5.849841044843197,0.3819863175109093,0.19351325978225187,0.08612106302056476,0.0,0.19351325978225187,-0.0043612633005476464,0,0,0,2,0,0.5,0.3157894736842105,0.27290563463330736,0.10643793162433465,0.9218467472621923,0.5662160555533935,0.0,0.21052631578947367,0.06571237013954975
1509,114,100.0,114,0,112,2,0,0.0,2.3579294880905706,2.3305894391438606,3.81173462196912,1.843791938199595,0.9873832363565351,1.7254952302287179,6.394736842105263,5.849841044843197,0.377283282368134,0.1970159627825096,0.08685654182644884,0.0,0.1970159627825096,-0.011000664763099577,0,0,0,2,0,0.0,0.2982456140350877,0.26698176965418324,0.10813967467923688,0.9214954516993981,0.561046795011812,0.0,0.21052631578947367,0.06571909623160777
1510,114,100.0,114,0,112,2,0,0.0,2.3643429904756172,2.336493349806166,3.874905874310468,1.8452779582068792,1.0073972112040088,1.7647032320067233,6.394736842105263,5.849841044843197,0.3780014722605112,0.20105126352206196,0.08866080596087968,0.0,0.20105126352206196,-0.011085496273450124,0,0,1,1,0,0.0,0.2807017543859649,0.2690504005266238,0.1117326719672784,0.9348313694574947,0.5595697884209628,0.0,0.24561403508771928,0.06579462864769335
1511,113,99.12280701754386,114,1,112,1,0,0.008771929824561403,2.3832867434566407,2.355824162939014,4.27277216988816,1.8475417676942527,0.9937765203808775,1.7512184393373649,6.394736842105263,5.849841044843197,0.3800670726011146,0.19898465479172844,0.08985942843495157,0.0,0.19898465479172844,-0.004316022673602593,0,1,0,1,0,0.0,0.2807017543859649,0.27868198523668414,0.09702913631299188,0.9363991902810122,0.5669680516732489,0.008771929824561403,0.24561403508771928,0.06595556204088318
1512,113,99.12280701754386,114,0,114,0,0,0.0,2.3722830695513792,2.34509416430506,3.969602640611675,1.8492109358180444,1.0198593613243367,1.7490227880575042,6.394736842105263,5.849841044843197,0.37662663030595667,0.0,0.0,0.0,0.0,0.0,0,0,0,0,0,0.0,0.2807017543859649,0.2694129418940715,0.1027651083782614,0.9366726432382768,0.560381376425345,0.0,0.24561403508771928,0.06594936551236337
1513,113,99.12280701754386,114,0,110,4,0,0.0,2.3835346402085844,2.355935588632556,4.113447023866502,1.851289825131948,1.0244463670969473,1.739746248012857,6.394736842105263,5.849841044843197,0.3777648039122412,0.21797802740690625,0.08375907766701732,0.25,0.21778781072154924,0.005182350957547155,0,0,0,4,0,0.25,0.2894736842105263,0.2726231877320898,0.10370648750192676,0.9185443400524137,0.5604557898185721,0.0,0.2807017543859649,0.0660664292258302
1514,113,99.12280701754386,114,0,113,1,0,0.0,2.370712629324609,2.34310622116886,3.9563468255966643,1.8526467046425419,1.024258752256316,1.7505630432273473,6.394736842105263,5.849841044843197,0.3779747442332919,0.0342230149841396,0.07727543798092423,0.0,0.0342230149841396,-0.01507942165495757,0,0,0,1,0,1.0,0.2982456140350877,0.27023017540316857,0.11092623554582352,0.9032974950235811,0.5624256837113789,0.0,0.24561403508771928,0.06604200681868022
1515,112,98.24561403508773,114,1,112,1,0,0.008771929824561403,2.3754733621971345,2.3579680861450556,4.012207203164381,1.8541585289967188,1.0101933726382435,1.7412533961167627,6.394736842105263,5.849841044843197,0.37940869580853365,0.4788695586939785,0.09390980071953317,0.5,0.12726581723302308,0.0035039766628179314,0,1,0,1,0,0.0,0.2807017543859649,0.2712408186806793,0.11002264584037785,0.9042513340536273,0.5628875815372874,0.008771929824561403,0.2982456140350877,0.06611003014384113
1516,113,99.12280701754386,114,0,112,2,0,0.0,2.3812263852290942,2.364157004275343,4.056497362801452,1.8563327437715151,1.0191504442949013,1.7644283597047188,6.394736842105263,5.849841044843197,0.3781691206844824,0.4397165288777902,0.080904180601731,0.0,0.4397165288777902,0.011065447633268388,0,0,0,2,0,0.0,0.2807017543859649,0.27043051385697603,0.10772975146940067,0.9063535498931732,0.5607814550176682,0.0,0.2631578947368421,0.06620238931315046
1517,112,98.24561403508773,114,1,112,0,1,0.008771929824561403,2.3638293339668306,2.3520231199661086,3.727338585571332,1.8575755238961407,1.0534799432501094,1.7875806988086334,6.394736842105263,5.849841044843197,0.37156139563095403,0.5343907879410559,0.08685392858051402,0.5,0.4572681677915387,0.014021493033329668,0,2,0,0,0,0.0,0.2543859649122807,0.2581763537286896,0.11769827827837843,0.9002542695247295,0.541361788502978,0.008771929824561403,0.3157894736842105,0.06615175438775289
1518,111,97.36842105263158,114,1,113,0,0,0.008771929824561403,2.342826168295571,2.3268126797351787,3.4867277823954628,1.8580133196328499,1.0811048577144446,1.8955404604839283,6.394736842105263,5.849841044843197,0.3696202196970455,0.5579926758151159,0.125643143213719,1.0,0.4420073241848841,0.036375438642768154,0,1,0,0,0,0.0,0.2719298245614035,0.25284041589767486,0.12367101549952791,0.9003190794592542,0.5365573568132321,0.008771929824561403,0.3157894736842105,0.0660595437367459
1519,111,97.36842105263158,114,0,114,0,0,0.0,2.3582978517057684,2.342123711113344,3.5421850723102124,1.8589309051812843,1.0720130795500045,1.8478505603530317,6.394736842105263,5.849841044843197,0.3697247031277384,0.0,0.0,0.0,0.0,0.0,0,0,0,0,0,0.0,0.2631578947368421,0.25311218183532974,0.12648250030334685,0.9081758018589683,0.5360315369232777,0.0,0.24561403508771928,0.06616374080181382
1520,111,97.36842105263158,114,1,113,0,0,0.008771929824561403,2.3722144965755767,2.361808473961074,3.6991507752051445,1.860444034356228,1.06971366080331,1.8673325968486438,6.394736842105263,5.849841044843197,0.3701279769529031,0.0787106298119036,0.08428979593142286,0.0,0.0787106298119036,0.008669189581068548,0,1,0,0,0,0.0,0.24561403508771928,0.25607451001960974,0.12210688166118004,0.8964304844543971,0.5350915658706464,0.008771929824561403,0.3333333333333333,0.06627758185193153
1521,111,97.36842105263158,114,0,114,0,0,0.0,2.3689398631055907,2.358654912171219,3.6968979121784273,1.8619930661448425,1.0674872317131145,1.8407698734872306,6.394736842105263,5.849841044843197,0.3708839191447082,0.0,0.0,0.0,0.0,0.0,0,0,0,0,0,0.0,0.24561403508771928,0.256732375235092,0.12227827082167755,0.8910766453723089,0.5364168936427206,0.0,0.3333333333333333,0.06630651663326563
1522,112,98.24561403508773,114,0,114,0,0,0.0,2.357785577734572,2.3475472648699287,3.694113182012754,1.862931658267331,1.0582189039477148,1.8503638202132815,6.394736842105263,5.849841044843197,0.37056056566370854,0.0,0.0,0.0,0.0,0.0,0,0,0,0,0,0.0,0.2543859649122807,0.2566281071725517,0.12541559798229582,0.89214999106275,0.536891954542393,0.0,0.3333333333333333,0.06627819828002303
1523,113,99.12280701754386,114,0,114,0,0,0.0,2.3499356939385905,2.3397853735832252,3.348892245674179,1.8634520976007183,1.0669478940684516,1.8131587277000638,6.394736842105263,5.849841044843197,0.36591674181920464,0.0,0.0,0.0,0.0,0.0,0,0,0,0,0,0.0,0.2631578947368421,0.2452450867244091,0.13046392624702696,0.8795519774519491,0.5323627965539576,0.0,0.3333333333333333,0.06625417129791213
1524,112,98.24561403508773,114,1,112,1,0,0.008771929824561403,2.378350416211017,2.3690301579513418,3.572093414242684,1.8652430662419386,1.0391130858635542,1.8227498146254548,6.394736842105263,5.849841044843197,0.3694111825570341,0.3254853681804708,0.09877264135742922,0.5,0.19249909928069805,-0.006622721712354729,0,1,0,1,0,0.5,0.2543859649122807,0.25121883756114693,0.1365125311486496,0.9053059103084939,0.5275819923882806,0.008771929824561403,0.3508771929824561,0.06644862931861144
1525,112,98.24561403508773,114,1,112,1,0,0.008771929824561403,2.3990783920986867,2.3857139906707845,3.895642668315908,1.867946718583394,1.0474342428766996,1.7988242779731203,6.394736842105263,5.849841044843197,0.3709666591654559,0.5081595526702111,0.12367492798201896,0.5,0.009001124565905318,-0.011310205558832886,0,1,0,1,0,1.0,0.2807017543859649,0.25845829067117965,0.12266542253580497,0.8965038705310764,0.5393821114373915,0.008771929824561403,0.3508771929824561,0.06663134888023994
1526,112,98.24561403508773,114,0,113,1,0,0.0,2.390452850953388,2.3769624916618803,3.794928128401914,1.8699136267101122,1.062067974769256,1.7975990508786996,6.394736842105263,5.849841044843197,0.37092492413487954,0.046227116522901374,0.11938214567884176,0.0,0.046227116522901374,-0.057397164367609665,0,0,0,1,0,1.0,0.30701754385964913,0.2572006036476691,0.12511474796535446,0.8932648050030874,0.5388813456684481,0.0,0.3508771929824561,0.06664575167396902
1527,112,98.24561403508773,114,0,114,0,0,0.0,2.383072109124682,2.369492375965902,3.790551328209343,1.871415881922655,1.072491457560646,1.827338818227923,6.394736842105263,5.849841044843197,0.3672267331003678,0.0,0.0,0.0,0.0,0.0,0,0,0,0,0,0.0,0.2719298245614035,0.2546925135200701,0.12345448486877623,0.8872443153666226,0.5328535805361972,0.0,0.3508771929824561,0.0666527877358363
1528,112,98.24561403508773,114,0,114,0,0,0.0,2.376538981529288,2.363596544291712,3.6187892767152934,1.8725543401682068,1.0804212278918637,1.8388796051049876,6.394736842105263,5.849841044843197,0.36513410827446346,0.0,0.0,0.0,0.0,0.0,0,0,0,0,0,0.0,0.2982456140350877,0.24935741775911252,0.1284560987111998,0.8849060854085717,0.5280409386300524,0.0,0.3157894736842105,0.06665342109672268
1529,112,98.24561403508773,114,1,113,0,0,0.008771929824561403,2.389854662028381,2.3828224574609034,4.0241911225670615,1.8742453362811375,1.0419776714698086,1.8445808373116268,6.394736842105263,5.849841044843197,0.37003564786665,0.35511082971626234,0.06889307271824159,0.0,0.35511082971626234,0.012291015063287336,0,1,0,0,0,0.0,0.2894736842105263,0.26140548864391516,0.11317462388515014,0.8941372807593531,0.5361812616454176,0.008771929824561403,0.3333333333333333,0.0667694597915586
1530,113,99.12280701754386,114,0,114,0,0,0.0,2.3972974184399343,2.3899997903789645,4.212418963021685,1.876453914285708,1.0339558623232685,1.8447709208655632,6.394736842105263,5.849841044843197,0.3712279876986688,0.0,0.0,0.0,0.0,0.0,0,0,0,0,0,0.0,0.2807017543859649,0.2666693029617961,0.11186915218459892,0.9072478623994777,0.5368558221199984,0.0,0.3333333333333333,0.06687127272492574
1531,113,99.12280701754386,114,0,114,0,0,0.0,2.3823230593080122,2.3751033517844986,4.133495140198973,1.877836159604365,1.0476761401856824,1.8595368219847823,6.394736842105263,5.849841044843197,0.36824166809865777,0.0,0.0,0.0,0.0,0.0,0,0,0,0,0,0.0,0.2543859649122807,0.264013558915853,0.10938162232559838,0.8784707177931192,0.5366969296123005,0.0,0.40350877192982454,0.06683683050626174
1532,113,99.12280701754386,114,0,114,0,0,0.0,2.3742907249310616,2.3666287484628334,4.071660361413506,1.8787409451102315,1.0268959051778956,1.8393833306066645,6.394736842105263,5.849841044843197,0.3682544469280402,0.0,0.0,0.0,0.0,0.0,0,0,0,0,0,0.0,0.2631578947368421,0.26375049985583904,0.11194252083229585,0.9004233245550017,0.5408415043942187,0.0,0.3684210526315789,0.06682313309132197
1533,111,97.36842105263158,114,2,112,0,0,0.017543859649122806,2.375130873158988,2.3561635350215058,3.7071440567663436,1.8796316736030465,1.069739450917137,1.9205406912526914,6.394736842105263,5.849841044843197,0.36066960115007407,0.8196520174416239,0.14909852824037625,1.0,0.18034798255837614,0.010039424901104321,0,2,0,0,0,0.5,0.2631578947368421,0.24977761097146883,0.11734607325917283,0.9064507861691972,0.5201211683384,0.017543859649122806,0.3333333333333333,0.066853386932947
1534,112,98.24561403508773,114,0,113,1,0,0.0,2.3750408815659063,2.3559406453534097,3.8440932881724703,1.8799312347599646,1.0637681659604554,1.925650559563045,6.394736842105263,5.849841044843197,0.36146825723551923,0.12255331699817809,0.08676469720206129,0.0,0.12255331699817809,0.003164706115243332,0,0,0,1,0,0.0,0.2631578947368421,0.25380250533104604,0.11564684456971079,0.902475632573022,0.5220493262798028,0.0,0.3684210526315789,0.0668616989007375
1535,112,98.24561403508773,114,0,113,1,0,0.0,2.372159504123346,2.3532229482550218,3.7240894077370443,1.880086087297102,1.0721679553050398,1.9242113943832537,6.394736842105263,5.849841044843197,0.3600646586687921,0.0867586092584409,0.08077808793849675,0.0,0.0867586092584409,0.009036037592863644,0,0,0,1,0,0.0,0.2543859649122807,0.2500207188170801,0.10923052902843602,0.8912573394957476,0.5287481088366073,0.0,0.40350877192982454,0.06685182132716291
1536,112,98.24561403508773,114,0,113,1,0,0.0,2.3742912170084254,2.3556590585003856,3.718582521104517,1.8803458880685875,1.0531478182055414,1.8658801448432312,6.394736842105263,5.849841044843197,0.36259143506509317,0.08802461730555905,0.07901914822963979,0.0,0.08802461730555905,0.0006560501903757343,0,0,0,1,0,0.0,0.2807017543859649,0.25214478448477995,0.10897640745944422,0.896847502897441,0.5350580073098785,0.0,0.3684210526315789,0.0668700788576709
1537,112,98.24561403508773,114,0,113,1,0,0.0,2.3608919335232597,2.3420950469354467,3.614952700291142,1.8799557124152253,1.0531186434710522,1.873979283834039,6.394736842105263,5.849841044843197,0.3641304137913981,0.06618046575378736,0.07819414301355787,0.0,0.06618046575378736,0.010060951838637644,0,0,0,1,0,0.0,0.2894736842105263,0.2517794021866864,0.10904906524027735,0.9015211439346151,0.5354265722318942,0.0,0.2982456140350877,0.06679167011248639
1538,114,100.0,114,0,113,1,0,0.0,2.3834717526929707,2.3641384823138543,3.759934725052007,1.8806199661617482,1.0320091447683337,1.8863657977710822,6.394736842105263,5.849841044843197,0.3648318374902395,0.07587773457996885,0.07641957646751138,0.0,0.07587773457996885,0.009538279135689276,0,0,0,1,0,0.0,0.2894736842105263,0.2549360702291392,0.1116600548187702,0.9045187301112184,0.5383165806092436,0.0,0.3333333333333333,0.06692399810248795
1539,114,100.0,114,0,113,1,0,0.0,2.4133220881420074,2.3940627871902818,4.020477681194731,1.8826457815352013,1.0170391906692282,1.8288879483105243,6.394736842105263,5.849841044843197,0.36860021296558787,0.056850056991535086,0.0769333156523549,0.0,0.056850056991535086,0.01040221058892521,0,0,0,1,0,0.0,0.2982456140350877,0.26087009381318393,0.09534934389908835,0.8792133606189844,0.5460172512919278,0.0,0.2982456140350877,0.06713250326933765
1540,113,99.12280701754386,114,1,112,1,0,0.008771929824561403,2.405066050034813,2.38179806843555,3.656280606868285,1.884151269117916,1.03891801418003,1.8327710575646425,6.394736842105263,5.849841044843197,0.3659564898461418,0.5434686302537008,0.12317292824844778,0.5,0.05620712099885901,0.007145838463281595,0,1,0,1,0,0.5,0.24561403508771928,0.2509199078846107,0.11183094212980521,0.9033353619460758,0.537053176078426,0.008771929824561403,0.3508771929824561,0.067135257394071
1541,113,99.12280701754386,114,0,113,1,0,0.0,2.4091681258068585,2.3856957436880446,3.6599082676391537,1.8855789418855944,1.0286049446239347,1.8055699742707652,6.394736842105263,5.849841044843197,0.3678923375824734,0.39178242580003797,0.09823748551601025,0.0,0.39178242580003797,0.0052064524897605935,0,0,0,1,0,0.0,0.30701754385964913,0.252123343963211,0.1100533552203062,0.9046273470238793,0.5376794326811446,0.0,0.3508771929824561,0.06719752606670606
1542,113,99.12280701754386,114,0,113,1,0,0.0,2.4014528983093903,2.3780110296575865,3.629236944903688,1.8865634632212966,1.033925557184832,1.8028818757509324,6.394736842105263,5.849841044843197,0.3690522073154283,0.06409772540192027,0.08252387124376602,0.0,0.06409772540192027,0.005907069134884924,0,0,0,1,0,0.0,0.32456140350877194,0.2526793640018703,0.11263325649507976,0.9047695839267107,0.53953955303523,0.0,0.3508771929824561,0.0671877463958143
1543,112,98.24561403508773,114,1,112,1,0,0.008771929824561403,2.3999205176041776,2.3800119830493367,3.4384796775904833,1.8874121227911724,1.0456584252884176,1.8083567841734707,6.394736842105263,5.849841044843197,0.36726342642819354,0.2423251240980022,0.09161260593716852,0.0,0.2423251240980022,0.00399347789609128,0,1,0,1,0,0.0,0.3157894736842105,0.24670856932299778,0.12651321319413922,0.8987814057792269,0.5280320129478745,0.008771929824561403,0.3684210526315789,0.06720490711021304
1544,112,98.24561403508773,114,0,114,0,0,0.0,2.424343815325754,2.404014551388211,3.50884580446903,1.8895063377076764,1.028133908414105,1.8255510125697,6.394736842105263,5.849841044843197,0.36987711891142605,0.0,0.0,0.0,0.0,0.0,0,0,0,0,0,0.0,0.32456140350877194,0.2492204072173899,0.12976460112020433,0.8948905852522808,0.5354330996335204,0.0,0.3684210526315789,0.06738827772069736
1545,113,99.12280701754386,114,0,114,0,0,0.0,2.428991555137333,2.4087411735059225,3.3117486966402123,1.8916992442849694,1.0432022688418454,1.8235610927258203,6.394736842105263,5.849841044843197,0.36456659880759856,0.0,0.0,0.0,0.0,0.0,0,0,0,0,0,0.0,0.2982456140350877,0.23969246588239437,0.1424295498701414,0.8995412746172413,0.524815865431843,0.0,0.40350877192982454,0.06747565719427202
1546,112,98.24561403508773,114,1,113,0,0,0.008771929824561403,2.414341437937072,2.3908571417669418,3.0711672991122523,1.893096322221241,1.0510505216064407,1.8310909564936013,6.394736842105263,5.849841044843197,0.3610867132612883,0.9715108366500942,0.1550198181459403,1.0,0.02848916334990581,0.004566828368201881,1,0,0,0,0,1.0,0.2894736842105263,0.2323318473295524,0.15116566905848697,0.8962233818578833,0.5154661519657227,0.008771929824561403,0.3684210526315789,0.06744327002754294
1547,112,98.24561403508773,114,0,114,0,0,0.0,2.404393514125,2.381208681819641,3.0969437433911504,1.8937907348114897,1.0482358988890785,1.8011749061053022,6.394736842105263,5.849841044843197,0.362206010263455,0.0,0.0,0.0,0.0,0.0,0,0,0,0,0,0.0,0.2894736842105263,0.23382333537817127,0.1442378585426081,0.9077493705831112,0.5225292722304037,0.0,0.3333333333333333,0.06741384142484505
1548,113,99.12280701754386,114,0,114,0,0,0.0,2.414484789447238,2.391555650140747,3.12573827567883,1.8949287503288097,1.0569058587023774,1.718261665327294,6.394736842105263,5.849841044843197,0.3608563380463057,0.0,0.0,0.0,0.0,0.0,0,0,0,0,0,0.0,0.2807017543859649,0.23242729585241073,0.14035684795802855,0.9165147079690024,0.5209183298698233,0.0,0.3333333333333333,0.06749758385087068
1549,113,99.12280701754386,114,0,114,0,0,0.0,2.4173210220041317,2.3948934242466167,3.004706999086783,1.8961563973310043,1.0566119748257818,1.706461329337368,6.394736842105263,5.849841044843197,0.36062608372423655,0.0,0.0,0.0,0.0,0.0,0,0,0,0,0,0.0,0.30701754385964913,0.22808221763099984,0.1419462411107288,0.9101354535908608,0.5192564894645199,0.0,0.3333333333333333,0.06754767271276524
1550,112,98.24561403508773,114,1,112,1,0,0.008771929824561403,2.4322725905844726,2.407427278496604,3.2236233670088645,1.89802147729065,1.0597330825562523,1.6945642932327611,6.394736842105263,5.849841044843197,0.36330720073466005,0.38876333746913194,0.08467196941788856,0.5,0.31103161122127476,0.010219769464812511,0,1,0,1,0,0.0,0.2894736842105263,0.23458411175077182,0.12818770423029763,0.8931232265586544,0.5240034540151589,0.008771929824561403,0.38596491228070173,0.0676769826621662
1551,113,99.12280701754386,114,0,114,0,0,0.0,2.4192690910351593,2.3950740966252853,2.9454712488638046,1.8990766599191973,1.0595122858373403,1.6668458347127073,6.394736842105263,5.849841044843197,0.3591546155345051,0.0,0.0,0.0,0.0,0.0,0,0,0,0,0,0.0,0.2807017543859649,0.22544674486545904,0.137069098804787,0.9046901767350713,0.5173704323513235,0.0,0.38596491228070173,0.06764282841767102
1552,113,99.12280701754386,114,0,112,2,0,0.0,2.4410231174967665,2.4159476266153104,3.1226245560441965,1.9010469707011326,1.0351167976360167,1.6429305474715263,6.394736842105263,5.849841044843197,0.3622920665073912,0.13787974195818897,0.048060562655674925,0.0,0.13787974195818897,0.013207944466115229,0,0,0,2,0,0.5,0.2894736842105263,0.23077224657127732,0.14473976993318977,0.9124864401418564,0.5186887551526616,0.0,0.3508771929824561,0.06780922857439538
1553,113,99.12280701754386,114,0,112,2,0,0.0,2.4361993998501705,2.411245193228216,3.0153815122617837,1.9026819535315278,1.0409179500205612,1.6473757952137003,6.394736842105263,5.849841044843197,0.3638598586663553,0.1592197051325026,0.04862826310012552,0.0,0.1592197051325026,0.014361252081353276,0,0,0,2,0,0.5,0.2982456140350877,0.22979795831248423,0.15452459199324975,0.9174292555564465,0.5183271040391416,0.0,0.3508771929824561,0.0678329319345067
1554,113,99.12280701754386,114,0,114,0,0,0.0,2.4585673440592903,2.4332307317999127,3.269010000420537,1.9052501877126722,1.0274767228157748,1.6194529338620605,6.394736842105263,5.849841044843197,0.36983688060303854,0.0,0.0,0.0,0.0,0.0,0,0,0,0,0,0.0,0.2719298245614035,0.23923052259299896,0.15638946065965675,0.9181097823897787,0.5251083382401338,0.0,0.3508771929824561,0.06801989046418043
1555,114,100.0,114,0,114,0,0,0.0,2.45222584919892,2.4272083059414795,3.3547316375077747,1.9073863424047504,1.030573365652498,1.6091897275287845,6.394736842105263,5.849841044843197,0.36983739976433694,0.0,0.0,0.0,0.0,0.0,0,0,0,0,0,0.0,0.2719298245614035,0.24186894981281878,0.14236922197769616,0.9231061377142834,0.5313729999253053,0.0,0.3157894736842105,0.06805066381685784
1556,112,98.24561403508773,114,2,112,0,0,0.017543859649122806,2.457643523741229,2.435371315900883,3.1725007634611306,1.9096652232482123,1.0427415134298879,1.6191219514380772,6.394736842105263,5.849841044843197,0.3663645667118496,0.3084983669884437,0.0726574481579283,0.0,0.3084983669884437,0.015347779668871131,0,2,0,0,0,0.0,0.2894736842105263,0.2344004103624841,0.14982431624039366,0.9122090442996329,0.52675995934725,0.017543859649122806,0.3333333333333333,0.06814440764304135
1557,112,98.24561403508773,114,0,114,0,0,0.0,2.443741002027927,2.4216459489416904,3.195286174360221,1.9112827941451207,1.03896260319204,1.6529565929134358,6.394736842105263,5.849841044843197,0.3673755229801261,0.0,0.0,0.0,0.0,0.0,0,0,0,0,0,0.0,0.2982456140350877,0.23687180881277767,0.14959950593956048,0.9146202019215128,0.5285521141100264,0.0,0.3333333333333333,0.06812220769760323
1558,112,98.24561403508773,114,0,114,0,0,0.0,2.4223442324235704,2.4009688261060105,2.9578927873101963,1.9118380766609449,1.053516098779725,1.6705278339787042,6.394736842105263,5.849841044843197,0.3639866980524149,0.0,0.0,0.0,0.0,0.0,0,0,0,0,0,0.0,0.2894736842105263,0.2292236302123538,0.15089304777872775,0.9161000754399677,0.525270735663994,0.0,0.2982456140350877,0.06803146542184421
1559,112,98.24561403508773,114,0,114,0,0,0.0,2.4128630696706317,2.390947454962222,2.804605642268959,1.9118918886063032,1.0742941373801895,1.6470619530607244,6.394736842105263,5.849841044843197,0.3604091707698651,0.0,0.0,0.0,0.0,0.0,0,0,0,0,0,0.0,0.2894736842105263,0.2235157691042173,0.17027363659027156,0.894241994388189,0.5140751218794426,0.0,0.3333333333333333,0.06798563356471281
1560,112,98.24561403508773,114,0,114,0,0,0.0,2.4027833246188988,2.3804998584733537,2.7883208864320626,1.9114536184083109,1.098776342000687,1.69981234015716,6.394736842105263,5.849841044843197,0.35794189880766125,0.0,0.0,0.0,0.0,0.0,0,0,0,0,0,0.0,0.2982456140350877,0.22165339132462508,0.17463342527985173,0.8774187372020725,0.5108239009906622,0.0,0.4035087719298246,0.06792241578448942
1561,114,100.0,114,0,114,0,0,0.0,2.414640447289927,2.3926165036165727,2.788438089260785,1.9116080299049247,1.1081288635952826,1.7117751621413435,6.394736842105263,5.849841044843197,0.35661301026871417,0.0,0.0,0.0,0.0,0.0,0,0,0,0,0,0.0,0.2807017543859649,0.22024651711657786,0.16922512136160064,0.8986472133219134,0.5072879828972774,0.0,0.40350877192982454,0.06798621781139799
1562,114,100.0,114,0,114,0,0,0.0,2.4113288502183305,2.388517534311749,2.940987869537399,1.9115615820233842,1.1022218344075494,1.7557473332419338,6.394736842105263,5.849841044843197,0.3605961599983938,0.0,0.0,0.0,0.0,0.0,0,0,0,0,0,0.0,0.2631578947368421,0.22775815639449432,0.16770783048793392,0.9050682758976347,0.5140634110772498,0.0,0.3684210526315789,0.0679683012624206
1563,114,100.0,114,0,114,0,0,0.0,2.4063996724885595,2.3839025001684213,2.8155334918398593,1.9113018735398428,1.0969527981701845,1.73821551967422,6.394736842105263,5.849841044843197,0.3553680103878394,0.0,0.0,0.0,0.0,0.0,0,0,0,0,0,0.0,0.2631578947368421,0.22119058268592282,0.17113987319696372,0.9050682758976347,0.5081962164490519,0.0,0.3684210526315789,0.06793605910703816
1564,114,100.0,114,0,113,1,0,0.0,2.407158158334726,2.384847634611216,2.599130713394546,1.9111015886798193,1.0893049683398603,1.7225733454239183,6.394736842105263,5.849841044843197,0.3526944891253925,0.5723003720727231,0.10048402579879114,1.0,0.4276996279272769,0.01336939463368303,0,0,0,1,0,0.0,0.2631578947368421,0.2134588259371938,0.17977322475761862,0.8835620292812869,0.5060498787432808,0.0,0.3684210526315789,0.06793399336329488
1565,113,99.12280701754386,114,1,113,0,0,0.008771929824561403,2.4057493891662736,2.3801205683141826,2.634998110383133,1.910831172699207,1.120116408604372,1.7816225073806635,6.394736842105263,5.849841044843197,0.35131184781461,0.9912348706864317,0.12571980518605913,1.0,0.00876512931356832,0.036357010931012734,0,1,0,0,0,1.0,0.2543859649122807,0.2138681992903097,0.17714707491441947,0.908622325823471,0.5028319730297579,0.008771929824561403,0.3508771929824561,0.06791904006493978
1566,113,99.12280701754386,114,0,114,0,0,0.0,2.3938737564607537,2.3689590131726983,2.610139323741807,1.9099148558114616,1.116038511219279,1.7783291676432096,6.394736842105263,5.849841044843197,0.34979730013960464,0.0,0.0,0.0,0.0,0.0,0,0,0,0,0,0.0,0.2543859649122807,0.2119147478199024,0.1653507086958422,0.889683848617161,0.5027910627414643,0.0,0.3157894736842105,0.0678328603607121
1567,113,99.12280701754386,114,0,114,0,0,0.0,2.4019313807278033,2.3768091607439312,2.5465931281311462,1.909419518928878,1.093608020543323,1.758053001374806,6.394736842105263,5.849841044843197,0.3504584381545759,0.0,0.0,0.0,0.0,0.0,0,0,0,0,0,0.0,0.2631578947368421,0.21010015747062236,0.17256566685536023,0.896462537421703,0.5016877330086063,0.0,0.3508771929824561,0.06785866027191353
1568,113,99.12280701754386,114,0,113,1,0,0.0,2.417883750680716,2.392337179584744,2.722765827241337,1.909679850002243,1.0758810120347124,1.7264229953657342,6.394736842105263,5.849841044843197,0.35621192323562556,0.29138002398145346,0.0899270937575481,0.0,0.29138002398145346,0.002792200859189853,0,0,0,1,0,0.0,0.2719298245614035,0.21821975258525714,0.1660722094758209,0.9156409346981446,0.5076644877343832,0.0,0.3157894736842105,0.06794603659866918
1569,113,99.12280701754386,114,0,113,1,0,0.0,2.425730705418185,2.399960347617871,2.6593233309641566,1.910281706691641,1.0797748731397223,1.7274818354391503,6.394736842105263,5.849841044843197,0.35338532055199856,0.4001134662069352,0.09448521570846677,0.0,0.4001134662069352,0.007061298832895524,0,0,0,1,0,0.0,0.2631578947368421,0.21406448271267164,0.17051610772620504,0.9119028301439026,0.5067407439505419,0.0,0.3157894736842105,0.0680028752021803
1570,114,100.0,114,0,113,1,0,0.0,2.4292477292332846,2.4032310315665715,2.7665035035098886,1.9110014195710545,1.068984733237242,1.6872412688803884,6.394736842105263,5.849841044843197,0.3561438559802155,0.375311889687786,0.09431485925124082,0.0,0.375311889687786,0.007527674695264608,0,0,0,1,0,0.0,0.24561403508771928,0.21857383641123945,0.17127244027681846,0.9226651017300777,0.5105823502083211,0.0,0.3157894736842105,0.06804151135096828
1571,114,100.0,114,0,113,1,0,0.0,2.446837175204382,2.420563371699662,2.9398422153808497,1.9124901618687524,1.0475958482634602,1.6613890037101584,6.394736842105263,5.849841044843197,0.3599540370992045,0.30537222429838273,0.08863291096119652,0.0,0.30537222429838273,0.003044275804292229,0,0,0,1,0,0.0,0.24561403508771928,0.22436176321439247,0.16214512652952104,0.8980552543776099,0.5171392711921069,0.0,0.3508771929824561,0.0681730031098151
1572,114,100.0,114,0,112,2,0,0.0,2.481640247835694,2.4538275479699383,3.2736514684953413,1.9154485362578182,1.0221836997003906,1.619767834678449,6.394736842105263,5.849841044843197,0.3684193162065079,0.3275712671958093,0.09896957827244783,0.0,0.3275712671958093,0.007321650923921508,0,0,1,1,0,0.0,0.2807017543859649,0.2368789151625807,0.15510894822221294,0.9073398811266686,0.5301527012685958,0.0,0.38596491228070173,0.0684335485726075
1573,113,99.12280701754386,114,1,112,1,0,0.008771929824561403,2.4750242512115785,2.4534213214199645,3.181063242969553,1.917938254349646,1.0376157467437859,1.6722858537507845,6.394736842105263,5.849841044843197,0.3661483391715128,0.31178453679960944,0.07421386919524231,0.0,0.31178453679960944,0.019499810307379684,0,1,0,1,0,0.0,0.2719298245614035,0.23348581232550278,0.1619913716290176,0.8980039972614913,0.5160616848863221,0.008771929824561403,0.40350877192982454,0.06847329086490525
1574,113,99.12280701754386,114,0,113,1,0,0.0,2.4625894193367235,2.4414389820591094,3.040936537433865,1.9199981548577876,1.066529985145813,1.7344706677186985,6.394736842105263,5.849841044843197,0.3645074292677619,0.2765168582594957,0.10993855442458861,0.0,0.2765168582594957,-0.003128108385374917,0,0,0,1,0,0.0,0.2894736842105263,0.23003925271599476,0.17026771485075554,0.8907227683435759,0.5110425204054144,0.0,0.40350877192982454,0.06847136715823507
1575,112,98.24561403508773,114,1,113,0,0,0.008771929824561403,2.468019716508394,2.4444562110133945,3.1461413575179504,1.9221815175719532,1.0777385219731093,1.7523909847602313,6.394736842105263,5.849841044843197,0.36707685822300706,0.271566363489633,0.10971453070236903,0.0,0.271566363489633,-0.0033423533592875643,1,0,0,0,0,0.0,0.2543859649122807,0.2347025620365675,0.17564222649614442,0.9031315775200479,0.5081880785468641,0.008771929824561403,0.40350877192982454,0.06856238026819896
1576,112,98.24561403508773,114,0,114,0,0,0.0,2.4776401308438825,2.454236747378981,3.049449468638598,1.9245921130692796,1.0908925803547174,1.762256580372924,6.394736842105263,5.849841044843197,0.3626983982876255,0.0,0.0,0.0,0.0,0.0,0,0,0,0,0,0.0,0.2631578947368421,0.22877733861992927,0.1761531903260105,0.9069555038113237,0.5046754038488599,0.0,0.40350877192982454,0.06868099034229026
1577,112,98.24561403508773,114,0,114,0,0,0.0,2.471951029593227,2.448386750664075,3.079115606811969,1.9265879201546174,1.0758069133949184,1.7511040033948384,6.394736842105263,5.849841044843197,0.36358922771552304,0.0,0.0,0.0,0.0,0.0,0,0,0,0,0,0.0,0.2719298245614035,0.23002287327031315,0.16814537000236854,0.9063601021701205,0.50663642933312,0.0,0.40350877192982454,0.06871092060706398
1578,113,99.12280701754386,114,0,113,1,0,0.0,2.4891641419966692,2.4653983545673457,3.244854424093741,1.9292630971279177,1.065026758027566,1.7009095819889877,6.394736842105263,5.849841044843197,0.3668878124802444,0.08370214843366518,0.06994990829627318,0.0,0.08370214843366518,0.0220760095590794,0,0,0,1,0,0.0,0.2719298245614035,0.23524271725137946,0.15437842987192066,0.9063601021701205,0.5133805923115463,0.0,0.40350877192982454,0.06887523296938436
1579,113,99.12280701754386,114,0,114,0,0,0.0,2.480291336032049,2.4575636795003746,3.221755093319027,1.9314151276703726,1.0900498623650168,1.7191478298699885,6.394736842105263,5.849841044843197,0.362424223823135,0.0,0.0,0.0,0.0,0.0,0,0,0,0,0,0.0,0.2807017543859649,0.23129515792901933,0.1468823934193128,0.8975258516299356,0.5110243740367161,0.0,0.4385964912280702,0.0688938141225463
1580,114,100.0,114,0,113,1,0,0.0,2.4844276455908183,2.461996389183806,3.3180614725378774,1.9336487130232258,1.0955968593199208,1.7836164989627863,6.394736842105263,5.849841044843197,0.3646703836893568,0.3855894715634987,0.08989909781243868,0.0,0.3855894715634987,0.024312416316682572,0,0,0,1,0,0.0,0.2807017543859649,0.2354341185624753,0.1420127790915153,0.8983572470002861,0.513742666863271,0.0,0.4385964912280701,0.06897982626671155
1581,114,100.0,114,0,114,0,0,0.0,2.48320640292246,2.460898741651672,3.2244579216500435,1.9357002686746465,1.096844271293707,1.7663096344479132,6.394736842105263,5.849841044843197,0.3615069425772386,0.0,0.0,0.0,0.0,0.0,0,0,0,0,0,0.0,0.2719298245614035,0.2310863139181899,0.13451723580222316,0.9199225589670845,0.5130448320890684,0.0,0.3684210526315789,0.06903372642564706
1582,114,100.0,114,0,114,0,0,0.0,2.479575398823728,2.4574416934569987,3.0080533651343186,1.937470026122127,1.1063853004342235,1.7522406847511833,6.394736842105263,5.849841044843197,0.35618786803479896,0.0,0.0,0.0,0.0,0.0,0,0,0,0,0,0.0,0.2631578947368421,0.2221716810408352,0.13682351407198584,0.9063211937290729,0.5044637786813689,0.0,0.4035087719298246,0.06906733540393184
1583,113,99.12280701754386,114,1,113,0,0,0.008771929824561403,2.492611320759798,2.468548562431135,3.2314202588588525,1.9397427736902533,1.098804167306655,1.7691367905869553,6.394736842105263,5.849841044843197,0.358602531862273,0.8914869121140095,0.13141647766615425,1.0,0.10851308788599046,0.019251200543989766,0,1,0,0,0,0.0,0.2719298245614035,0.2281745282488331,0.12608255317540648,0.9190186559755462,0.512921756766983,0.008771929824561403,0.3333333333333333,0.06919899107365515
1584,112,98.24561403508773,114,1,113,0,0,0.008771929824561403,2.496138930197305,2.482032431847458,3.3544816098661174,1.9419687348387307,1.088011037130766,1.7544655428897455,6.394736842105263,5.849841044843197,0.35840103358972497,0.011879273076037512,0.052399762527430366,0.0,0.011879273076037512,0.0025760283956471897,0,1,0,0,0,1.0,0.2719298245614035,0.23046867557608078,0.11936602318733662,0.8931980818012415,0.514156190414861,0.008771929824561403,0.3684210526315789,0.06928173671529564
1585,112,98.24561403508773,114,0,112,2,0,0.0,2.4964920896678375,2.4817320700941403,3.3330863733605414,1.9445085557176354,1.100512490962077,1.7561078892655084,6.394736842105263,5.849841044843197,0.3569682849870228,0.5932416600093839,0.12283931373574014,0.5,0.2273027603793203,0.016230497201665306,0,0,0,2,0,0.0,0.2543859649122807,0.2292276766339965,0.11462915620772376,0.8987284657197906,0.518387578944903,0.0,0.40350877192982454,0.06935779025476813
1586,111,97.36842105263158,114,1,113,0,0,0.008771929824561403,2.527599523555844,2.504993010915889,3.456459835344416,1.9483307912490313,1.0894666321397204,1.747240539418139,6.394736842105263,5.849841044843197,0.35977599516929937,0.8760155244631067,0.13248070751833696,1.0,0.12398447553689329,-0.013340646403284362,0,1,0,0,0,0.0,0.2631578947368421,0.2337080752692883,0.12477970879266934,0.8805501064925497,0.5181994655298762,0.008771929824561403,0.3508771929824561,0.06962512477568125
1587,110,96.49122807017544,114,1,111,1,1,0.008771929824561403,2.5614610679354457,2.543174208906106,3.9544981827456156,1.9531252460317636,1.0445355812158967,1.715390560700009,6.394736842105263,5.849841044843197,0.3670978373310152,0.34571113902734724,0.11373417342371435,0.0,0.34571113902734724,0.016001540371726113,0,2,0,1,0,0.0,0.2543859649122807,0.24776876618219262,0.1120236817957118,0.9158738606699734,0.5262575959393956,0.008771929824561403,0.3157894736842105,0.06993466648945762
1588,111,97.36842105263158,114,0,113,1,0,0.0,2.5584708527665843,2.5403240805828737,4.039842829984505,1.9577544603225812,1.0504950049779302,1.6859197621886362,6.394736842105263,5.849841044843197,0.371677992488721,0.4835236911121989,0.12543360613756183,0.0,0.4835236911121989,0.016751161585690122,0,0,0,1,0,0.0,0.2982456140350877,0.25368911034596053,0.10940211123406691,0.9049489160002169,0.5353890982507897,0.0,0.3508771929824561,0.07005511625243231
1589,112,98.24561403508773,114,0,113,1,0,0.0,2.5621180047825227,2.5434345094642974,4.076964317349762,1.9622584370520613,1.0683921318966005,1.6530021955680125,6.394736842105263,5.849841044843197,0.3731312987386417,0.4708062982068579,0.12734793367271519,0.0,0.4708062982068579,0.01772657048337578,0,0,0,1,0,0.0,0.2719298245614035,0.25569131346834945,0.1193698329697419,0.9060708244948407,0.5332407450786099,0.0,0.3157894736842105,0.07020508975219766
1590,111,97.36842105263158,114,1,113,0,0,0.008771929824561403,2.591423713224899,2.570487953564403,4.405775393987061,1.9678641776132344,1.0485201514449034,1.6504070976808747,6.394736842105263,5.849841044843197,0.37717556059873214,0.4493762731066531,0.1259069616020831,0.0,0.4493762731066531,0.01441361840319244,0,1,0,0,0,0.0,0.2543859649122807,0.26429593410860613,0.1066542585706093,0.912312018670115,0.5422922615741775,0.008771929824561403,0.3333333333333333,0.070515581750517
1591,111,97.36842105263158,114,1,111,1,1,0.008771929824561403,2.602923241229252,2.58978520950721,4.625377298070425,1.9735615281684145,1.0539294153435022,1.6809436030864289,6.394736842105263,5.849841044843197,0.37787594189348783,0.4585684641847065,0.0938867947365668,0.3333333333333333,0.4087300607941366,0.02125600426349879,0,2,0,1,0,0.0,0.2631578947368421,0.26860125012672986,0.10613838293473916,0.9066842195910845,0.5424805569135821,0.008771929824561403,0.3508771929824561,0.07073972236616154
1592,111,97.36842105263158,114,1,113,0,0,0.008771929824561403,2.582924029457466,2.567095277972688,4.254779550530875,1.9784002628828157,1.0957236010629614,1.767229842952442,6.394736842105263,5.849841044843197,0.37349898893169864,0.3484630273431642,0.1527875373514818,0.0,0.3484630273431642,-0.03200288144246177,0,1,0,0,0,0.0,0.2807017543859649,0.25849554373075945,0.11312043763452428,0.8986691704443253,0.529053273404192,0.008771929824561403,0.3157894736842105,0.07078125545198966
1593,111,97.36842105263158,114,0,114,0,0,0.0,2.5607005246287455,2.5458197004771237,3.8960266499673883,1.9818081168863833,1.1022982129463583,1.7674224992832739,6.394736842105263,5.849841044843197,0.3685171032390009,0.0,0.0,0.0,0.0,0.0,0,0,0,0,0,0.0,0.2719298245614035,0.24758301601407603,0.11780481694534813,0.8804852288817673,0.5245166284850857,0.0,0.3508771929824561,0.07076981494897058
1594,111,97.36842105263158,114,0,114,0,0,0.0,2.57100726269744,2.556332757471283,3.6980637768439797,1.9855086145461909,1.0949075743418837,1.7561049846835812,6.394736842105263,5.849841044843197,0.36410445589358953,0.0,0.0,0.0,0.0,0.0,0,0,0,0,0,0.0,0.2807017543859649,0.2393843936930518,0.11706888924933048,0.8728460794295965,0.5197195619528825,0.0,0.3508771929824561,0.07092958525479749
1595,112,98.24561403508773,114,0,114,0,0,0.0,2.5901706180147843,2.5752206997407456,3.9574067619948923,1.9898765706545563,1.0756329867006125,1.748386251023677,6.394736842105263,5.849841044843197,0.36613378592978507,0.0,0.0,0.0,0.0,0.0,0,0,0,0,0,0.0,0.2719298245614035,0.2454898564567343,0.11241998644407973,0.899910731938878,0.5228904369100308,0.0,0.3508771929824561,0.07115316127600817
1596,113,99.12280701754386,114,0,114,0,0,0.0,2.5776788173649594,2.5626976304407583,4.066631017955777,1.993402944555286,1.0726286744551328,1.747038096735942,6.394736842105263,5.849841044843197,0.3696550098793696,0.0,0.0,0.0,0.0,0.0,0,0,0,0,0,0.0,0.2982456140350877,0.25100298288089457,0.11002658360928723,0.9030534655033922,0.5291826877327455,0.0,0.3508771929824561,0.07119384590667881
1597,114,100.0,114,0,114,0,0,0.0,2.6031048355050688,2.588036203804452,4.247499806630587,1.9979088442000215,1.0474246757121035,1.7130755140033536,6.394736842105263,5.849841044843197,0.3734208974794697,0.0,0.0,0.0,0.0,0.0,0,0,0,0,0,0.0,0.2807017543859649,0.25634626682344736,0.10112658550364739,0.8994836709647026,0.538221433808742,0.0,0.3508771929824561,0.07145276998080793
1598,114,100.0,114,0,114,0,0,0.0,2.60417406588173,2.5887528259201487,4.345277800069773,2.0021846928816283,1.0401381340762088,1.7081856050932935,6.394736842105263,5.849841044843197,0.3760909329286428,0.0,0.0,0.0,0.0,0.0,0,0,0,0,0,0.0,0.2982456140350877,0.2602294847793163,0.10403512143353559,0.8923890603055104,0.5387351921676119,0.0,0.3508771929824561,0.07158318130828725
1599,114,100.0,114,0,113,1,0,0.0,2.6266319108616814,2.6111253736949465,4.563567900550052,2.0072574179980487,1.0307918011523394,1.6960353783189674,6.394736842105263,5.849841044843197,0.37833592908311164,0.027987207392161078,0.08171125411478339,0.0,0.027987207392161078,-0.01594215458394299,0,0,0,1,0,1.0,0.2982456140350877,0.26420071237131704,0.10442654879061353,0.8932319448003642,0.5389837405619654,0.0,0.3508771929824561,0.07184384371116323
1600,113,99.12280701754386,114,1,113,0,0,0.008771929824561403,2.6458083851187375,2.6356188161005267,4.919579858098216,2.0129064357604123,1.0097281308422144,1.6740477794573918,6.394736842105263,5.849841044843197,0.3821474821491069,0.9995087952597983,0.1462262333734981,1.0,0.0004912047402017006,0.04620330079362023,0,1,0,0,0,1.0,0.30701754385964913,0.27208600757108115,0.09786583810903351,0.8994836709647026,0.5455015337403251,0.008771929824561403,0.3508771929824561,0.07210495536229512
1601,112,98.24561403508773,114,1,110,0,3,0.008771929824561403,2.6277018138188137,2.6109741491200595,4.602090720406762,2.017657562203333,1.0626116115911592,1.731046681944936,6.394736842105263,5.849841044843197,0.379992182758093,0.8485582750005006,0.14271491936570563,0.75,0.11587863589654415,0.03165254328007172,0,4,0,0,0,0.75,0.2982456140350877,0.2660363234100939,0.12416226595761415,0.9013942184579018,0.5391506615641588,0.008771929824561403,0.3157894736842105,0.07215338917817068
1602,111,97.36842105263158,114,1,113,0,0,0.008771929824561403,2.6463999113685595,2.6357598853576967,5.014867970125329,2.022694674397363,1.0520889234906419,1.7106321759069556,6.394736842105263,5.849841044843197,0.3845451677551679,0.8967224691025558,0.15219667208419158,1.0,0.10327753089744418,0.032801028196994375,0,1,0,0,0,0.0,0.2982456140350877,0.2750857426318387,0.11947254904037283,0.9002364492955477,0.5461655483052745,0.008771929824561403,0.3157894736842105,0.07239421119422
1603,109,95.6140350877193,114,2,112,0,0,0.017543859649122806,2.6389948512514194,2.618113839857846,5.081041271305273,2.027371558809858,1.071203712654395,1.7428413247039023,6.394736842105263,5.849841044843197,0.3855058160102842,0.9377697152162539,0.14313052906160728,1.0,0.06223028478374615,0.042860110348262426,0,2,0,0,0,0.5,0.30701754385964913,0.27948258777749446,0.12915386301519768,0.9108634264669694,0.5539307956142205,0.017543859649122806,0.3157894736842105,0.0724939810456253
1604,108,94.73684210526316,114,1,112,1,0,0.008771929824561403,2.64609061587803,2.6224167245161376,5.4718051397031555,2.0315913784223048,1.0605072838870324,1.7543413593655124,6.394736842105263,5.849841044843197,0.39289353374687574,0.3446362197507098,0.09454478485671378,0.0,0.3446362197507098,0.0010124283984876414,0,1,0,1,0,0.0,0.32456140350877194,0.29230586124208136,0.12294419697254433,0.8832909017265802,0.5619643075253681,0.008771929824561403,0.3157894736842105,0.07265288623861199
1605,109,95.6140350877193,114,0,113,1,0,0.0,2.6397817456771633,2.616071857169725,5.481478434066759,2.035175348314506,1.0397360052433764,1.7317023567572862,6.394736842105263,5.849841044843197,0.39304043021242774,0.4437930060330345,0.07598443008444755,0.0,0.4437930060330345,0.01486313930976968,0,0,0,1,0,0.0,0.3333333333333333,0.29403197746171705,0.11562845632893269,0.8903404563085484,0.5660184360963705,0.0,0.3157894736842105,0.07272617015850205
1606,108,94.73684210526316,114,2,112,0,0,0.017543859649122806,2.6650903245720077,2.638245219102468,5.668432037219592,2.0397199924105234,1.0405782042378404,1.7534240087625081,6.394736842105263,5.849841044843197,0.39653934536632485,0.6585937339621895,0.10742504333984257,0.5,0.2820649863821541,0.014338332505927143,0,2,0,0,0,0.0,0.32456140350877194,0.2997400653060329,0.10259648178048154,0.892604878840948,0.5715172497494247,0.017543859649122806,0.2807017543859649,0.07298564028081171
1607,109,95.6140350877193,114,0,113,1,0,0.0,2.663375471963986,2.636821563923596,5.798655125178355,2.0437995111951626,1.0338756743368736,1.7435869595207953,6.394736842105263,5.849841044843197,0.3966308385658095,0.0017182471262786729,0.1244893245348343,0.0,0.0017182471262786729,-0.06241606513179532,0,0,0,1,0,1.0,0.3333333333333333,0.30037048771216607,0.10892634873709835,0.9121187220195284,0.5704863381498148,0.0,0.2807017543859649,0.07309638869991957
1608,110,96.49122807017544,114,1,111,2,0,0.008771929824561403,2.6745755686445687,2.650751855611258,6.145430534300923,2.048118375598239,1.0385958957960253,1.7468296093501987,6.394736842105263,5.849841044843197,0.3990245668631076,0.2410663957836283,0.11708948794770076,0.0,0.2410663957836283,-0.03822354296554331,0,1,0,2,0,0.3333333333333333,0.3333333333333333,0.3076782112415291,0.10884292097711312,0.9164948122445884,0.5729629596863706,0.008771929824561403,0.3157894736842105,0.07327871253458361
1609,111,97.36842105263158,114,0,114,0,0,0.0,2.6690671107750292,2.6459584061510624,5.8250743079323,2.05213419491352,1.0393418838695037,1.7376354269512175,6.394736842105263,5.849841044843197,0.3967960242256159,0.0,0.0,0.0,0.0,0.0,0,0,0,0,0,0.0,0.3157894736842105,0.30000144595468026,0.11446284145616989,0.8913420471731908,0.5728829576983016,0.0,0.3157894736842105,0.07336862976853195
1610,111,97.36842105263158,114,0,114,0,0,0.0,2.668174877996559,2.6453686298142562,5.79284229319374,2.055887494399631,1.0529125965805681,1.744950574536158,6.394736842105263,5.849841044843197,0.3960761704294806,0.0,0.0,0.0,0.0,0.0,0,0,0,0,0,0.0,0.2982456140350877,0.2984165704219646,0.12399964344494631,0.9045267069509844,0.5670671038796816,0.0,0.3157894736842105,0.07347394963157679
1611,113,99.12280701754386,114,0,114,0,0,0.0,2.6619484081908964,2.638627006681152,5.955080357196784,2.059105732442164,1.041681138623583,1.7592706671156213,6.394736842105263,5.849841044843197,0.3989108296843973,0.0,0.0,0.0,0.0,0.0,0,0,0,0,0,0.0,0.34210526315789475,0.3037025332268515,0.12768843554982298,0.9229605931172499,0.5716214317941123,0.0,0.3157894736842105,0.07353694818751491
1612,113,99.12280701754386,114,0,114,0,0,0.0,2.6411239494002694,2.6184172221958333,5.515357894940611,2.0611899164604472,1.0555129821756082,1.7725171366322532,6.394736842105263,5.849841044843197,0.3946144013661561,0.0,0.0,0.0,0.0,0.0,0,0,0,0,0,0.0,0.3333333333333333,0.294185330962751,0.13013836141766255,0.9148621683697902,0.5645735579381027,0.0,0.2807017543859649,0.07349378661963757
1613,114,100.0,114,0,114,0,0,0.0,2.641814273583063,2.618957963966942,5.578256104564954,2.063177485053837,1.064957156405729,1.7887265260947032,6.394736842105263,5.849841044843197,0.396397968374266,0.0,0.0,0.0,0.0,0.0,0,0,0,0,0,0.0,0.3157894736842105,0.2967393485839115,0.12534075066430103,0.9328404870992009,0.5674371729574553,0.0,0.2807017543859649,0.0735553730422368
1614,114,100.0,114,0,113,1,0,0.0,2.62429068941237,2.6006768321711995,5.4464372994116825,2.064193250322857,1.0807969910946205,1.8039901428964729,6.394736842105263,5.849841044843197,0.39661414221691005,0.0016913153469845575,0.12148723121846061,0.0,0.0016913153469845575,-0.06142497355926624,0,0,0,1,0,1.0,0.3508771929824561,0.2965178720806097,0.13435964799386935,0.9195629624323924,0.5631896149059363,0.0,0.24561403508771928,0.07349746544819655
1615,114,100.0,114,0,114,0,0,0.0,2.645149965512214,2.6212038678524774,5.878470315130583,2.066110234105109,1.0822592151220753,1.818463838765131,6.394736842105263,5.849841044843197,0.3997379920664761,0.0,0.0,0.0,0.0,0.0,0,0,0,0,0,0.0,0.34210526315789475,0.3059079435291294,0.13159564968402457,0.9158673177768959,0.5632011821093063,0.0,0.2807017543859649,0.07365783208075435
1616,114,100.0,114,0,114,0,0,0.0,2.650935578322161,2.626470297164141,6.176970259300776,2.068161539578021,1.0611832733225763,1.8014540903462164,6.394736842105263,5.849841044843197,0.4027803730772963,0.0,0.0,0.0,0.0,0.0,0,0,0,0,0,0.0,0.32456140350877194,0.3135293658733893,0.1302986065247735,0.9332355123320649,0.5657257822433631,0.0,0.2807017543859649,0.07374675919955884
1617,114,100.0,114,0,113,1,0,0.0,2.663265157855208,2.6385196005344556,6.2425134285542665,2.0706567390167625,1.0454490511186636,1.765738072549249,6.394736842105263,5.849841044843197,0.4028734890512049,0.44608436279166774,0.09917302222401697,0.0,0.44608436279166774,0.020602099085941017,0,0,0,1,0,0.0,0.2982456140350877,0.3132510532928461,0.12784023691878765,0.9288338691782568,0.5671227802886655,0.0,0.2807017543859649,0.07388138969768317
1618,113,99.12280701754386,114,1,113,0,0,0.008771929824561403,2.6718732688059994,2.646310113340579,6.083393100699338,2.0734320200225103,1.051177299871989,1.7777834849074294,6.394736842105263,5.849841044843197,0.4015224180466477,0.5057188133626429,0.10657413350398355,1.0,0.4942811866373571,0.021272102478141264,0,1,0,0,0,0.0,0.2982456140350877,0.3085830749002319,0.1262423051234462,0.9288338691782568,0.5654030036773391,0.008771929824561403,0.2807017543859649,0.0740056050161291
1619,113,99.12280701754386,114,0,114,0,0,0.0,2.644232118803061,2.618464329758902,5.948936213396853,2.0746803435637635,1.0955748281196385,1.82305523550776,6.394736842105263,5.849841044843197,0.39743706665982126,0.0,0.0,0.0,0.0,0.0,0,0,0,0,0,0.0,0.2894736842105263,0.3043515334184646,0.135749147616046,0.9282561894959299,0.5555064828322378,0.0,0.2807017543859649,0.07390391173755875
1620,113,99.12280701754386,114,0,113,1,0,0.0,2.630463478426615,2.604884168111127,5.932818158825913,2.0752201078661066,1.1272266992697753,1.8522729600507326,6.394736842105263,5.849841044843197,0.3920753663483769,0.06873806818687542,0.08854335815807704,0.0,0.06873806818687542,0.0019141834024536397,0,0,0,1,0,0.0,0.2894736842105263,0.29942849748899286,0.12998430389138055,0.9246249342665229,0.5477106584406894,0.0,0.24561403508771928,0.07385085621252846
1621,113,99.12280701754386,114,0,113,1,0,0.0,2.6473197213218547,2.6214697345527354,6.368208498552541,2.076504480233322,1.1112163985768178,1.8316473128558735,6.394736842105263,5.849841044843197,0.3926678035495397,0.002306301119504254,0.12406775628638685,0.0,0.002306301119504254,-0.05964786691546675,0,0,0,1,0,1.0,0.2894736842105263,0.30443462382998426,0.1251102006730577,0.9296569600913716,0.5490843901121545,0.0,0.2807017543859649,0.07397270429795766
1622,112,98.24561403508773,114,1,113,0,0,0.008771929824561403,2.6601268854506137,2.630132210184283,7.217650123277839,2.078287740101269,1.1100420402719986,1.8118096409882423,6.394736842105263,5.849841044843197,0.3998227882577101,0.9745405551225657,0.1664343306678402,1.0,0.025459444877434345,0.02374341630993726,0,1,0,0,0,1.0,0.2982456140350877,0.32264228862602007,0.11095863872199974,0.931330176075938,0.5558864441876986,0.008771929824561403,0.2807017543859649,0.07408889905244714
1623,113,99.12280701754386,114,0,113,1,0,0.0,2.6772020481570835,2.6467068771140867,8.019407786173211,2.080573727038167,1.0959383266720137,1.7997791820798583,6.394736842105263,5.849841044843197,0.40340695446531716,0.09130466773727536,0.09134018667325618,0.0,0.09130466773727536,-0.0008900152030193453,0,0,0,1,0,0.0,0.32456140350877194,0.3359885484341113,0.10109826078044828,0.9271086147447727,0.5654724967789582,0.0,0.3157894736842105,0.07424113816703669
1624,113,99.12280701754386,114,0,114,0,0,0.0,2.6811674019240845,2.6504915733643304,8.032795299279412,2.0829031063446863,1.1015959358330956,1.858700185645828,6.394736842105263,5.849841044843197,0.4044762823114112,0.0,0.0,0.0,0.0,0.0,0,0,0,0,0,0.0,0.3508771929824561,0.33623283548270444,0.10495669707253065,0.931077058386462,0.5649790831105133,0.0,0.24561403508771928,0.07432909742925313
1625,113,99.12280701754386,114,0,113,1,0,0.0,2.679933661960939,2.648829227653064,8.489805192431737,2.0850184249990624,1.0912380041612864,1.8303618838112508,6.394736842105263,5.849841044843197,0.4077882415639187,0.08940238113981835,0.0891043068992611,0.0,0.08940238113981835,-0.0016354684142793063,0,0,0,1,0,0.0,0.3508771929824561,0.34615714420906346,0.0997598128870465,0.9308541349758848,0.5710727005524093,0.0,0.2631578947368421,0.07438480011887386
1626,113,99.12280701754386,114,0,113,1,0,0.0,2.6355328785133922,2.6051154000574654,6.9389569174032335,2.084964249331398,1.1141230598282077,1.8116530189591298,6.394736842105263,5.849841044843197,0.4025540105096048,0.06626075002816414,0.08768197062564848,0.0,0.06626075002816414,0.0010837491252250198,0,0,0,1,0,0.0,0.34210526315789475,0.3232234353615888,0.11855942667434329,0.9322384762719724,0.5601835716156115,0.0,0.24561403508771928,0.07416121160641445
1627,114,100.0,114,0,113,1,0,0.0,2.6303037643776177,2.6001086869856933,6.792502875359577,2.0846789350491615,1.1252123062755282,1.844136754465454,6.394736842105263,5.849841044843197,0.39916101058654685,0.05675537070723391,0.08828566940389704,0.0,0.05675537070723391,-0.0002420027905073452,0,0,0,1,0,0.0,0.32456140350877194,0.3180515116974349,0.12394296562580802,0.9378954687291311,0.5540953791314318,0.0,0.24561403508771928,0.07412672081974105
1628,114,100.0,114,0,113,1,0,0.0,2.6611404680269466,2.630298890087545,6.907326024006676,2.0858231743129725,1.1293487986063007,1.845339169207031,6.394736842105263,5.849841044843197,0.3992682305385893,0.06859686714497903,0.0875210457815942,0.0,0.06859686714497903,-0.010386139698084329,0,0,0,1,0,0.0,0.3508771929824561,0.3172129221166061,0.1201942821304392,0.9271339275228361,0.5528361502593657,0.0,0.2631578947368421,0.0743143724270405
1629,114,100.0,114,0,113,1,0,0.0,2.6657646763937484,2.6348923455421245,7.039703804316068,2.0871154452727243,1.1214780459097649,1.8451848418797474,6.394736842105263,5.849841044843197,0.39954823401003536,0.06488182265359307,0.08593461373793068,0.0,0.06488182265359307,-0.0019495626051067028,0,0,0,1,0,0.0,0.32456140350877194,0.31939297434404973,0.11880207763905105,0.9334746039642614,0.5504367063630188,0.0,0.22807017543859648,0.07437529136738158
1630,114,100.0,114,0,113,1,0,0.0,2.6616356447543583,2.630657974234586,7.041017041900741,2.088133957242871,1.1243506550189646,1.8513189436008302,6.394736842105263,5.849841044843197,0.39964324466604695,0.11594570750354695,0.08828889628278336,0.0,0.11594570750354695,-0.002419074121918885,0,0,0,1,0,0.0,0.3333333333333333,0.320108798468615,0.12004878856213369,0.9377757489460528,0.5476730279446893,0.0,0.22807017543859648,0.07438443687482278
1631,114,100.0,114,0,113,1,0,0.0,2.684441384384989,2.653030391987332,7.66018122290662,2.090139888582881,1.094564668525022,1.8332004318431765,6.394736842105263,5.849841044843197,0.4047984057031282,0.11021128919352724,0.08835771396990164,0.0,0.11021128919352724,-0.00024063921640471442,0,0,0,1,0,0.0,0.35964912280701755,0.332080181716127,0.11324902786318168,0.9323541309696481,0.5590383189191622,0.0,0.22807017543859648,0.07455713747040557
1632,114,100.0,114,0,113,1,0,0.0,2.6731605698898306,2.6417016613079594,7.530375066621614,2.091498305938318,1.0825011570038618,1.8279839740386064,6.394736842105263,5.849841044843197,0.40572866991956813,0.10920445127637216,0.08791648768716634,0.0,0.10920445127637216,0.002836262747000773,0,0,0,1,0,0.0,0.34210526315789475,0.3310503391538983,0.10969418798848336,0.9317331565494831,0.56282435076417,0.0,0.2631578947368421,0.07454046602593908
1633,114,100.0,114,0,114,0,0,0.0,2.6716515738617876,2.6394859461763422,7.64720746903918,2.0926735653871713,1.0966396185534364,1.8350936332984742,6.394736842105263,5.849841044843197,0.4037767117655988,0.0,0.0,0.0,0.0,0.0,0,0,0,0,0,0.0,0.32456140350877194,0.33134088654471316,0.11076342291526547,0.9377757489460526,0.5552717898758964,0.0,0.22807017543859648,0.07456729645061008
1634,114,100.0,114,0,113,1,0,0.0,2.645869247762248,2.614354378813257,7.248956432737006,2.092603948632147,1.13021802082882,1.8708842762436975,6.394736842105263,5.849841044843197,0.399495614897013,0.09986858480778017,0.0884016688182468,0.0,0.09986858480778017,0.0081598212939763,0,0,0,1,0,0.0,0.3157894736842105,0.3233104085552893,0.11226664788915933,0.9386123683362193,0.5479764004050661,0.0,0.22807017543859648,0.07443634858535764
1635,113,99.12280701754386,114,1,113,0,0,0.008771929824561403,2.6395067000795986,2.6068889657315384,7.211370452211298,2.092251619344525,1.135331225259167,1.8714612782389828,6.394736842105263,5.849841044843197,0.39768071244774217,0.14131410828810304,0.0916562015819366,0.0,0.14131410828810304,0.0078082185676179305,0,1,0,0,0,0.0,0.30701754385964913,0.3208516329170726,0.11831617193609208,0.9478196689607706,0.5431498599349498,0.008771929824561403,0.22807017543859648,0.07439423049530423
1636,113,99.12280701754386,114,0,113,1,0,0.0,2.6380558387344477,2.605976868353406,7.296559584863329,2.091814628925958,1.1344434847353695,1.8661671048670416,6.394736842105263,5.849841044843197,0.3952409933067629,0.00307896521726624,0.06055177941779362,0.0,0.00307896521726624,-0.008078485237248967,0,0,0,1,0,1.0,0.30701754385964913,0.31938858989680485,0.11377028937237994,0.9414782964213779,0.5420452961825272,0.0,0.21052631578947367,0.07437419456614479
1637,113,99.12280701754386,114,0,114,0,0,0.0,2.646011907076555,2.614391418647192,7.09466990511641,2.0917969920057184,1.1364759870012524,1.8576186883560546,6.394736842105263,5.849841044843197,0.39390319445957767,0.0,0.0,0.0,0.0,0.0,0,0,0,0,0,0.0,0.2982456140350877,0.31569112473808564,0.12124973465455247,0.9395263869725593,0.5355221574640752,0.0,0.2631578947368421,0.07441345904195572
1638,113,99.12280701754386,114,0,114,0,0,0.0,2.65663109532335,2.624638379394844,7.654482278141846,2.09225993154981,1.1294902070456645,1.877217179849919,6.394736842105263,5.849841044843197,0.3972143247385811,0.0,0.0,0.0,0.0,0.0,0,0,0,0,0,0.0,0.2982456140350877,0.3258262483481706,0.11706821318241944,0.9413104227183244,0.5366334275016583,0.0,0.2631578947368421,0.07448009559692123
1639,113,99.12280701754386,114,0,113,1,0,0.0,2.6532234791226394,2.6216339629812833,7.430083392598441,2.0925551869988235,1.1498942981998461,1.8900247247852102,6.394736842105263,5.849841044843197,0.393728910410448,0.2587608687212279,0.07145491225313577,0.0,0.2587608687212279,0.0026802190576377116,0,0,1,0,0,0.0,0.3157894736842105,0.3189908040696322,0.11622429151903546,0.937333843812971,0.5340032819542433,0.0,0.2631578947368421,0.07447169350313945
1640,114,100.0,114,0,112,2,0,0.0,2.6870558144507153,2.654372242847266,8.632908187935207,2.0943652803397748,1.1100796387547074,1.8583191434792012,6.394736842105263,5.849841044843197,0.4008508150431378,0.1805188431526084,0.06864153130500333,0.0,0.1805188431526084,-0.00021443292658085422,0,0,1,1,0,0.5,0.30701754385964913,0.3396488033502945,0.1107820631006192,0.9338330998211523,0.5392512132082703,0.0,0.2982456140350877,0.0746937989713843
1641,113,99.12280701754386,114,1,111,2,0,0.008771929824561403,2.670315415867298,2.650209919920415,8.14749303769727,2.095331023387955,1.1287049936273175,1.9006288854952518,6.394736842105263,5.849841044843197,0.39858379314534265,0.19036262811573676,0.07185546920580584,0.0,0.19036262811573676,0.004703603721947965,0,1,0,2,0,0.0,0.2807017543859649,0.33224177796697707,0.12009827741234706,0.9291628502716629,0.5297920176004183,0.008771929824561403,0.3157894736842105,0.0746383441950773
1642,113,99.12280701754386,114,0,114,0,0,0.0,2.6648793643993067,2.6441518440393024,7.823063267432669,2.096500433044945,1.136493914524533,1.9095438424367432,6.394736842105263,5.849841044843197,0.39940992459898683,0.0,0.0,0.0,0.0,0.0,0,0,0,0,0,0.0,0.2982456140350877,0.3297609472356784,0.13414925974481454,0.9291628502716629,0.5284335503733069,0.0,0.3157894736842105,0.07464536824078581
1643,112,98.24561403508773,114,1,113,0,0,0.008771929824561403,2.688386892838124,2.6707717487158367,8.669783979710227,2.098674642911905,1.1424539543017165,1.91399168124389,6.394736842105263,5.849841044843197,0.4022805203610651,0.9508951158383607,0.17111295166903637,1.0,0.04910488416163927,0.02729955160592601,0,1,0,0,0,1.0,0.2894736842105263,0.3413775792839047,0.13148074015567365,0.938385644784815,0.5309448646985374,0.008771929824561403,0.2807017543859649,0.07482649979357914
1644,111,97.36842105263158,114,1,112,0,1,0.008771929824561403,2.7004383951520445,2.6780483029654545,9.224067548483243,2.101435233113471,1.1417720169505194,1.9229593334778396,6.394736842105263,5.849841044843197,0.4100000560831716,0.9999999999399005,0.16024451746199794,1.0,6.009948094742867e-11,0.053910541270160484,1,1,0,0,0,1.0,0.3157894736842105,0.3558608127287173,0.13249245703433146,0.9367332994860368,0.5414693833228772,0.008771929824561403,0.2807017543859649,0.0749675023744943
1645,110,96.49122807017544,114,1,113,0,0,0.008771929824561403,2.712529397508206,2.6834253728723287,9.038929096798997,2.104413543274001,1.1229727246341787,1.9116612119551293,6.394736842105263,5.849841044843197,0.4126500088727416,0.2593429805205158,0.1478513426821821,0.0,0.2593429805205158,-0.024691505888985832,0,1,0,0,0,0.0,0.2982456140350877,0.35691810260021034,0.13229499159337355,0.9241992850711009,0.5438556409284003,0.008771929824561403,0.3333333333333333,0.07511507059138181
1646,111,97.36842105263158,114,0,114,0,0,0.0,2.7261336666168705,2.697803975127833,9.856584974689675,2.1075624914634705,1.0992193091009106,1.8958549685268749,6.394736842105263,5.849841044843197,0.41672854554078476,0.0,0.0,0.0,0.0,0.0,0,0,0,0,0,0.0,0.3157894736842105,0.37038368164409624,0.11659529068591032,0.9154790996091925,0.5501982527949247,0.0,0.3333333333333333,0.07527519616875936
1647,111,97.36842105263158,114,0,114,0,0,0.0,2.73132434024082,2.7019006894698983,11.127306885697923,2.11071895221093,1.085513249873293,1.8908901087883,6.394736842105263,5.849841044843197,0.42382768157399964,0.0,0.0,0.0,0.0,0.0,0,0,0,0,0,0.0,0.3333333333333333,0.3932653000171376,0.108513528955408,0.9158605054413649,0.5564208097776973,0.0,0.3333333333333333,0.07539347350506373
1648,112,98.24561403508773,114,0,114,0,0,0.0,2.7076334049599766,2.6784737222504633,10.175324331885172,2.1125944127468483,1.118654586767012,1.9177876272692784,6.394736842105263,5.849841044843197,0.4143187445724361,0.0,0.0,0.0,0.0,0.0,0,0,0,0,0,0.0,0.32456140350877194,0.3748474270809916,0.11597656301342107,0.9244661446328266,0.5427668756523615,0.0,0.3157894736842105,0.0753298745587645
1649,113,99.12280701754386,114,0,114,0,0,0.0,2.6822178107255557,2.6545163143976724,9.29442266632787,2.1132389856002742,1.122573929575461,1.9097633290554654,6.394736842105263,5.849841044843197,0.4104809376960701,0.0,0.0,0.0,0.0,0.0,0,0,0,0,0,0.0,0.2807017543859649,0.3626211501762933,0.1246067360241113,0.9179534281633649,0.537082941982275,0.0,0.2982456140350877,0.07522164983126421
1650,114,100.0,114,0,113,1,0,0.0,2.660820260272572,2.6345786667927253,8.600054200534272,2.112912795411981,1.150535601837066,1.9211308185440494,6.394736842105263,5.849841044843197,0.40569070367826177,0.6588006438143406,0.13181488166222716,1.0,0.34119935618565944,0.005477794070495312,0,0,0,1,0,0.0,0.2894736842105263,0.3506575509053951,0.1261017119306962,0.91891589271549,0.5298438147766746,0.0,0.3157894736842105,0.07510512127523977
1651,113,99.12280701754386,114,1,113,0,0,0.008771929824561403,2.67301198570202,2.641355179148553,8.742752504217123,2.113168496556339,1.153898873159764,1.927493305674391,6.394736842105263,5.849841044843197,0.40860707561203125,0.7135454511039461,0.13299326399028727,1.0,0.28645454889605393,0.010756032908664448,0,1,0,0,0,0.0,0.2807017543859649,0.35490045910646406,0.1249218003875733,0.9136002103709419,0.5326011460335979,0.008771929824561403,0.2982456140350877,0.07517355895763442
1652,112,98.24561403508773,114,1,113,0,0,0.008771929824561403,2.6860566134879003,2.6533737717341634,9.281492165591928,2.1137569362983983,1.128833346698111,1.9346595026905733,6.394736842105263,5.849841044843197,0.4127693954191578,0.9973347834363149,0.1343353276529027,1.0,0.0026652165636851244,0.03231309206942501,0,1,0,0,0,1.0,0.2631578947368421,0.3656762529151897,0.11428609824989708,0.911798696750969,0.5411422977103288,0.008771929824561403,0.2631578947368421,0.07525599349134139
1653,112,98.24561403508773,114,0,114,0,0,0.0,2.6912339618159264,2.6585560788342804,9.018014875951728,2.1145225592104517,1.129869430384962,1.9394826293158982,6.394736842105263,5.849841044843197,0.41174132797892216,0.0,0.0,0.0,0.0,0.0,0,0,0,0,0,0.0,0.2719298245614035,0.360984905496336,0.11652735589956786,0.9029274655354806,0.5403637567346976,0.0,0.3333333333333333,0.07530427409466053
1654,112,98.24561403508773,114,0,113,1,0,0.0,2.736004309899855,2.702041998111576,10.152841235498295,2.117278480122836,1.1168898469699424,1.91211281713507,6.394736842105263,5.849841044843197,0.4172038147087378,0.13835188534546655,0.08082562777630828,0.0,0.13835188534546655,0.004549604324578627,0,0,0,1,0,0.0,0.2719298245614035,0.37579132881136124,0.10722003563672078,0.9187953900944696,0.5472634765994127,0.0,0.2982456140350877,0.07560873433142822
1655,112,98.24561403508773,114,0,113,1,0,0.0,2.7753353747397105,2.74098575927444,10.655184076346227,2.1216957025424525,1.0823136645036164,1.8731049090256475,6.394736842105263,5.849841044843197,0.4217442013888437,0.2549824731444506,0.08468801552919904,0.0,0.2549824731444506,0.005995516910820342,0,0,0,1,0,0.0,0.2894736842105263,0.3838012299118076,0.10161171395276221,0.8991555038031214,0.5561716832316497,0.0,0.2982456140350877,0.07593458990069986
1656,113,99.12280701754386,114,0,113,1,0,0.0,2.779621814549902,2.7447389244568567,11.49869061035389,2.1260301678297817,1.0640069789737507,1.8656159719195575,6.394736842105263,5.849841044843197,0.4243661133850114,0.12207167210627101,0.07768189127604641,0.0,0.12207167210627101,0.002962307657132124,0,0,0,1,0,0.0,0.2894736842105263,0.3953531775322089,0.09040503142826838,0.9067885805909494,0.5602122948522138,0.0,0.3333333333333333,0.07608280176447715
1657,113,99.12280701754386,114,1,113,0,0,0.008771929824561403,2.7767768112736038,2.764188163482447,11.141209180776439,2.129990549169918,1.0980926289554498,1.8891291751953416,6.394736842105263,5.849841044843197,0.4193996816628749,0.2580441911721892,0.08585982185829838,0.0,0.2580441911721892,0.005860717595789544,0,1,0,0,0,0.0,0.2894736842105263,0.3829100042857146,0.10829085505538616,0.8845855026875309,0.5393223639219082,0.008771929824561403,0.38596491228070173,0.07618441475467945
1658,112,98.24561403508773,114,1,111,0,2,0.008771929824561403,2.797330252764398,2.773608054123967,11.405031032925095,2.135708187737808,1.1277944093910903,1.9073870322183584,6.394736842105263,5.849841044843197,0.4201530348969451,0.9999722010150892,0.1466240722834304,1.0,2.7798984910750352e-05,0.11148093042452845,0,3,0,0,0,1.0,0.2807017543859649,0.3855884407511636,0.11748516089328631,0.9042187728177713,0.5484679192657447,0.008771929824561403,0.3508771929824561,0.07645441834600354
1659,112,98.24561403508773,114,0,114,0,0,0.0,2.8138693973308495,2.790169538000656,11.303259748972087,2.141349039857184,1.1382852277879918,1.912579266944675,6.394736842105263,5.849841044843197,0.42024754998656366,0.0,0.0,0.0,0.0,0.0,0,0,0,0,0,0.0,0.2982456140350877,0.38428166363300215,0.11847160422538337,0.9108633055234573,0.5523652759582847,0.0,0.3508771929824561,0.07670210451011489
1660,112,98.24561403508773,114,0,114,0,0,0.0,2.8028331932482575,2.7788486278627347,11.492204784863327,2.1461301068956837,1.1365003410813266,1.9191251338365771,6.394736842105263,5.849841044843197,0.41772450363324065,0.0,0.0,0.0,0.0,0.0,0,0,0,0,0,0.0,0.32456140350877194,0.3849182802713712,0.11099439497744443,0.9319488283426608,0.5490187375694174,0.0,0.3157894736842105,0.07678676590070174
1661,112,98.24561403508773,114,0,113,1,0,0.0,2.802331395196854,2.779266034305462,10.665803965366623,2.1506510232029123,1.161724695783836,1.9063125974501656,6.394736842105263,5.849841044843197,0.4141495673333029,0.3853441847416915,0.09927371412185687,0.0,0.3853441847416915,0.013913700047076816,0,0,0,1,0,0.0,0.2982456140350877,0.37166816346828147,0.10778455930907303,0.9354935883567904,0.5537724335241575,0.0,0.3157894736842105,0.07691649011931634
1662,113,99.12280701754386,114,0,112,2,0,0.0,2.8165863595926486,2.793660734486888,10.56750127349668,2.1555811267559934,1.1520924775783383,1.859433620156994,6.394736842105263,5.849841044843197,0.413514529823102,0.30296680524264497,0.12089597859575073,0.0,0.30296680524264497,-0.026083573747795796,0,0,0,2,0,0.0,0.2894736842105263,0.36889238240635064,0.11149115751308426,0.9264523874396613,0.5521171730656399,0.0,0.3157894736842105,0.07713196655189603
1663,113,99.12280701754386,114,1,112,1,0,0.008771929824561403,2.792019445023964,2.7708107739669154,9.49220607474574,2.1591301090296686,1.200342210907715,1.9337556163187442,6.394736842105263,5.849841044843197,0.4083864214441333,0.29681949325682416,0.12065675427893255,0.0,0.29681949325682416,-0.027208428877512625,0,1,0,1,0,0.0,0.2894736842105263,0.3521253249295489,0.11867905021212258,0.9257085551544495,0.5501812196867233,0.008771929824561403,0.3157894736842105,0.07711293688991243
1664,112,98.24561403508773,114,1,113,0,0,0.008771929824561403,2.749957168869121,2.727826743961033,8.814716394329176,2.1605796516047193,1.237031086563749,1.9498195166870087,6.394736842105263,5.849841044843197,0.4029973916876277,0.3690266389907225,0.09754031552848501,0.0,0.3690266389907225,0.00917442690709891,0,1,0,0,0,0.0,0.2982456140350877,0.3422407449506545,0.12556991763312356,0.9204938354990867,0.54105700025771,0.008771929824561403,0.3508771929824561,0.07694502347739712
1665,112,98.24561403508773,114,0,114,0,0,0.0,2.7536889320711966,2.731601110045254,8.885148251147342,2.162024634672072,1.2434337569919875,1.991038229811133,6.394736842105263,5.849841044843197,0.40432173707724606,0.0,0.0,0.0,0.0,0.0,0,0,0,0,0,0.0,0.2807017543859649,0.3447471586119131,0.12683926367130455,0.9147746422171125,0.5428759284454207,0.0,0.3333333333333333,0.07700594689969001
1666,112,98.24561403508773,114,0,113,1,0,0.0,2.740799574592509,2.7189211159661473,8.253190913473642,2.162791680928361,1.249106732137581,1.9863987723428091,6.394736842105263,5.849841044843197,0.4059912891311286,0.0006711427665572812,0.06124724702559879,0.0,0.0006711427665572812,-0.010577264060896097,0,0,0,1,0,1.0,0.2894736842105263,0.33902991534309485,0.13935349142551068,0.9085097985011777,0.5420718256296608,0.0,0.3508771929824561,0.07696393560566324
1667,112,98.24561403508773,114,0,114,0,0,0.0,2.7361946217004656,2.7142304349868254,8.538300757875431,2.1632943382929475,1.257365313547106,1.9839513079601014,6.394736842105263,5.849841044843197,0.4078423531754132,0.0,0.0,0.0,0.0,0.0,0,0,0,0,0,0.0,0.2807017543859649,0.34478430751576317,0.14254984174824964,0.9009555485622559,0.5398986497525374,0.0,0.3508771929824561,0.07695561316961727
1668,113,99.12280701754386,114,0,114,0,0,0.0,2.7474834064620115,2.725829848392788,9.381516919255937,2.1643104287978123,1.2300312853717459,1.9581072447506853,6.394736842105263,5.849841044843197,0.4123063164684062,0.0,0.0,0.0,0.0,0.0,0,0,0,0,0,0.0,0.3157894736842105,0.3588378521272944,0.12699878807553508,0.8899367327216099,0.5502562455847249,0.0,0.3508771929824561,0.07704177693312818
1669,114,100.0,114,0,114,0,0,0.0,2.751841325513587,2.73022157769392,8.739650737144135,2.1654726069698595,1.2293041195651808,1.9570063376960949,6.394736842105263,5.849841044843197,0.41011185498116753,0.0,0.0,0.0,0.0,0.0,0,0,0,0,0,0.0,0.30701754385964913,0.3490390038708686,0.13864219313927406,0.9079388743803369,0.5473392496779668,0.0,0.3333333333333333,0.07709755931624737
1670,114,100.0,114,0,114,0,0,0.0,2.7586514250801257,2.736600976280305,9.074004323924601,2.166865347307721,1.2218800087604968,1.9817281003618041,6.394736842105263,5.849841044843197,0.41171818753304623,0.0,0.0,0.0,0.0,0.0,0,0,0,0,0,0.0,0.2982456140350877,0.3541940141848799,0.13894213579721976,0.9076183929170378,0.5495491085042671,0.0,0.3508771929824561,0.0771723463620462
1671,114,100.0,114,0,114,0,0,0.0,2.7641070781362376,2.7420090561414936,9.309218799598769,2.168429705810016,1.1955037984463475,1.9246192779246964,6.394736842105263,5.849841044843197,0.41646684230778663,0.0,0.0,0.0,0.0,0.0,0,0,0,0,0,0.0,0.3157894736842105,0.361606796591058,0.13968865813037717,0.8988956605212921,0.552648514803331,0.0,0.38596491228070173,0.07724538087020465
1672,113,99.12280701754386,114,1,113,0,0,0.008771929824561403,2.7747282907422943,2.7588960922141066,8.20753277527271,2.1704421706176706,1.2020085266671274,1.9143801920599883,6.394736842105263,5.849841044843197,0.41290277777348217,0.9515182676002008,0.14746542105804095,1.0,0.04848173239979925,0.017590307928950555,0,1,0,0,0,1.0,0.2894736842105263,0.34294703324075715,0.14498519795307255,0.8921734197053561,0.5526930637775813,0.008771929824561403,0.40350877192982454,0.07735734992940053
1673,113,99.12280701754386,114,0,114,0,0,0.0,2.7692076023230063,2.753142951935544,7.844051686337928,2.172318342806719,1.2044772174704583,1.9156590450204432,6.394736842105263,5.849841044843197,0.4092159834965676,0.0,0.0,0.0,0.0,0.0,0,0,0,0,0,0.0,0.2807017543859649,0.33535861007282786,0.14956907677190406,0.9057026505098212,0.5462032357154202,0.0,0.3684210526315789,0.07738462303269754
1674,113,99.12280701754386,114,0,114,0,0,0.0,2.7768593999553692,2.759101390635196,8.622718438972207,2.1743636092591276,1.190594396563006,1.914847033782507,6.394736842105263,5.849841044843197,0.41312976722304917,0.0,0.0,0.0,0.0,0.0,0,0,0,0,0,0.0,0.2894736842105263,0.34835466033674223,0.13975908908582882,0.9136720101248,0.5503192583737745,0.0,0.3684210526315789,0.07748270443906405
1675,113,99.12280701754386,114,0,114,0,0,0.0,2.800320047992827,2.7825119361462023,9.639430410759807,2.177384814635227,1.1609452687108528,1.927918328970007,6.394736842105263,5.849841044843197,0.41640634472288096,0.0,0.0,0.0,0.0,0.0,0,0,0,0,0,0.0,0.2807017543859649,0.36261105017770123,0.12729363087874024,0.9136720101248,0.5546341193254775,0.0,0.3684210526315789,0.07768837553532137
1676,113,99.12280701754386,114,0,114,0,0,0.0,2.812164416368634,2.7934377273613396,10.567771886950043,2.180740597434367,1.138793907509481,1.9225346978931317,6.394736842105263,5.849841044843197,0.4205188557053974,0.0,0.0,0.0,0.0,0.0,0,0,0,0,0,0.0,0.2807017543859649,0.37729592434584075,0.11605794663763681,0.9200587656130429,0.5616441107510459,0.0,0.3684210526315789,0.07784575135698035
1677,112,98.24561403508773,114,2,112,0,0,0.017543859649122806,2.84211134289034,2.842773150097358,11.480044372222164,2.1853153368814633,1.1244100529021361,1.8730888610996033,6.394736842105263,5.849841044843197,0.4260791539882911,0.7376843422991102,0.15183673183017657,1.0,0.26231565770088977,0.011611696145661488,0,2,0,0,0,0.5,0.2982456140350877,0.3880847747067224,0.11365146978791678,0.9096210685164419,0.5540308939252935,0.017543859649122806,0.3157894736842105,0.07812929348252431
1678,111,97.36842105263158,114,1,110,1,2,0.008771929824561403,2.8497168155571773,2.843400425820708,11.214841779285766,2.1908977366198674,1.1840399761673273,1.9581913619265392,6.394736842105263,5.849841044843197,0.4204270182506593,0.7528735935857209,0.1472295673190238,0.75,0.0032353318705070225,0.049172706636676666,0,3,0,1,0,1.0,0.2807017543859649,0.3794613627752636,0.1421682298275665,0.908843073379131,0.5482059624117215,0.008771929824561403,0.3333333333333333,0.0783306016014507
1679,111,97.36842105263158,114,0,113,1,0,0.0,2.8351693898911265,2.8290193127867975,10.641007143465947,2.1951282079132928,1.1802107602562584,1.950588011877999,6.394736842105263,5.849841044843197,0.42037985218179985,0.038241613060174026,0.14496161948054595,0.0,0.038241613060174026,-0.07080523286919593,0,0,0,1,0,1.0,0.2894736842105263,0.3736778856741118,0.14559111764816804,0.9174889767403005,0.5503865221690137,0.0,0.3333333333333333,0.07838160239617699
1680,111,97.36842105263158,114,0,113,1,0,0.0,2.780675347914369,2.7747741460982587,8.59982830959984,2.196572598539972,1.2316852332066373,1.9754945007333269,6.394736842105263,5.849841044843197,0.4117316859262712,0.018424825897380682,0.1452895809241153,0.0,0.018424825897380682,-0.07791997861208033,0,0,0,1,0,1.0,0.2982456140350877,0.3447510845084577,0.15339986745738482,0.9234341291425088,0.5443995092726756,0.0,0.2982456140350877,0.07815137946415687
1681,111,97.36842105263158,114,0,114,0,0,0.0,2.7672723705923894,2.761650163212677,8.161052116153009,2.1973183089008783,1.2359857404412973,1.9674479332459507,6.394736842105263,5.849841044843197,0.41015436359457014,0.0,0.0,0.0,0.0,0.0,0,0,0,0,0,0.0,0.3157894736842105,0.33824458114355077,0.16490388163435415,0.9129499751060267,0.5396364881212847,0.0,0.3333333333333333,0.07810617601293095
1682,113,99.12280701754386,114,0,114,0,0,0.0,2.753760623806143,2.748150482271662,8.245396191853755,2.197388628489727,1.2335805695604996,1.9657263289982065,6.394736842105263,5.849841044843197,0.41067815301586075,0.0,0.0,0.0,0.0,0.0,0,0,0,0,0,0.0,0.3157894736842105,0.34101507440216433,0.16369073214462404,0.9138658238194464,0.5391594517065452,0.0,0.3333333333333333,0.07804067407108524
1683,113,99.12280701754386,114,1,113,0,0,0.008771929824561403,2.7408686815799523,2.7328345083661167,7.760922691143884,2.196848734081375,1.2542925383935941,1.9525028532534547,6.394736842105263,5.849841044843197,0.40618886176089997,0.9118167624246878,0.16572587884117834,1.0,0.08818323757531221,0.01030821330334697,0,1,0,0,0,0.0,0.2807017543859649,0.3321977186034625,0.1744089466516749,0.9263535314888627,0.5276490601750912,0.008771929824561403,0.2982456140350877,0.07796042287760499
1684,113,99.12280701754386,114,0,114,0,0,0.0,2.721634798883591,2.71345397854042,7.557437774651433,2.1953227707976355,1.2756709278133918,1.9983339619443932,6.394736842105263,5.849841044843197,0.4014283627813484,0.0,0.0,0.0,0.0,0.0,0,0,0,0,0,0.0,0.2894736842105263,0.3260705205005819,0.1687506322590605,0.9306850893431785,0.5241578752994815,0.0,0.3157894736842105,0.07781962025087247
1685,113,99.12280701754386,114,0,113,1,0,0.0,2.707545766529964,2.6993289620784298,7.249491704517044,2.193225041131929,1.2799229720197967,1.9997725665529007,6.394736842105263,5.849841044843197,0.3964881650162946,0.08215199232783023,0.10801512023716353,0.0,0.08215199232783023,0.006536865602530417,0,0,0,1,0,0.0,0.2719298245614035,0.3170229369510558,0.17004913352874423,0.9287918475988723,0.5188963910982615,0.0,0.3157894736842105,0.07768781816360716
1686,113,99.12280701754386,114,0,114,0,0,0.0,2.6979494380610047,2.689082588569021,7.398980343761378,2.190770508066689,1.2699178071617425,1.9927731836684754,6.394736842105263,5.849841044843197,0.39684623257315543,0.0,0.0,0.0,0.0,0.0,0,0,0,0,0,0.0,0.30701754385964913,0.31997438358377256,0.16491055280413092,0.9346114318492875,0.5190653457350234,0.0,0.2807017543859649,0.07756804337990753
1687,112,98.24561403508773,114,1,113,0,0,0.008771929824561403,2.6773896132407993,2.6727846345253026,7.296790155621905,2.1875075415096497,1.2567752643052537,1.9867465415532182,6.394736842105263,5.849841044843197,0.39653366172908466,0.4133772969160838,0.08550145753237204,0.0,0.4133772969160838,0.014575149426093614,0,1,0,0,0,0.0,0.2982456140350877,0.31931669614050456,0.15095845964019702,0.9353786151594974,0.5239970501584683,0.008771929824561403,0.2982456140350877,0.07736980507733991
1688,113,99.12280701754386,114,0,114,0,0,0.0,2.665643660904128,2.6605758967547186,7.484868387661013,2.184053396157428,1.2671373309558198,2.0274042528533753,6.394736842105263,5.849841044843197,0.3957401191970693,0.0,0.0,0.0,0.0,0.0,0,0,0,0,0,0.0,0.2894736842105263,0.32207591681783937,0.14368710746008398,0.9326464752582011,0.5267714056294168,0.0,0.2982456140350877,0.07721004430937517
1689,113,99.12280701754386,114,0,114,0,0,0.0,2.687029445623721,2.681161099009197,8.917386620882313,2.1817646741062857,1.232931378294386,2.0165847344269365,6.394736842105263,5.849841044843197,0.40444133927466175,0.0,0.0,0.0,0.0,0.0,0,0,0,0,0,0.0,0.2807017543859649,0.34810251667382325,0.1304353800587852,0.9305724138744648,0.5330212241129252,0.0,0.2982456140350877,0.07725002993199806
1690,113,99.12280701754386,114,0,114,0,0,0.0,2.6615299070488208,2.6566354568040427,7.61431178958426,2.1784620697897115,1.2491940227807337,2.017769582577493,6.394736842105263,5.849841044843197,0.39846546349394085,0.0,0.0,0.0,0.0,0.0,0,0,0,0,0,0.0,0.2807017543859649,0.3277699052775553,0.13749762006502114,0.9306817056062221,0.5345920290322163,0.0,0.3333333333333333,0.0770259336876937
1691,113,99.12280701754386,114,0,114,0,0,0.0,2.6753040548295464,2.670890059123084,8.086476987102087,2.176019759837787,1.227773209402468,1.9698913733299712,6.394736842105263,5.849841044843197,0.40297688979938107,0.0,0.0,0.0,0.0,0.0,0,0,0,0,0,0.0,0.2982456140350877,0.3369690389512041,0.13389245150028375,0.931907498159157,0.5404832216127139,0.0,0.3333333333333333,0.07702336880159236
1692,113,99.12280701754386,114,1,113,0,0,0.008771929824561403,2.66431891740443,2.6535562733755724,8.069787996370433,2.173219474401406,1.2481308821529795,1.9930040823596762,6.394736842105263,5.849841044843197,0.40284173375998766,0.5935244918991416,0.16458850781439352,1.0,0.4064755081008584,0.01583092372318684,0,1,0,0,0,0.0,0.2807017543859649,0.33749550079617946,0.1292792510844644,0.9375126506385543,0.5356857464527222,0.008771929824561403,0.3333333333333333,0.07688653699105168
1693,112,98.24561403508773,114,1,113,0,0,0.008771929824561403,2.6577938568676296,2.6489700422084987,7.903939968415977,2.1700219408991606,1.2427134455031912,1.9825289974258795,6.394736842105263,5.849841044843197,0.4035752951541802,0.9323343587268804,0.1494903200910988,1.0,0.06766564127311958,0.033425004514003875,0,1,0,0,0,0.0,0.2894736842105263,0.33700578413832155,0.11717505257667499,0.9187884747091861,0.5452630994253334,0.008771929824561403,0.3333333333333333,0.07676038637474919
1694,112,98.24561403508773,114,0,113,1,0,0.0,2.6732879190109404,2.6642774169865615,8.003287734062965,2.1677639018282333,1.2342205153423982,1.9382148810721642,6.394736842105263,5.849841044843197,0.4038162526980844,0.10505481890764953,0.15644047361382724,0.0,0.10505481890764953,-0.032242693959368296,0,0,0,1,0,0.0,0.2982456140350877,0.3371199392962519,0.11618012241253747,0.9177314738582091,0.5465937497863244,0.0,0.3508771929824561,0.0767718108372759
1695,112,98.24561403508773,114,0,113,1,0,0.0,2.67380762409901,2.664672893247489,8.289549636910683,2.1656564622397925,1.231196224793532,1.9534912905597441,6.394736842105263,5.849841044843197,0.40390555837237474,0.38176764213838854,0.1628082902573658,0.0,0.38176764213838854,-0.01666654860994221,0,0,0,1,0,0.0,0.30701754385964913,0.34146764638459337,0.11758176724534729,0.93040507685066,0.5398699610396436,0.0,0.3157894736842105,0.07671276842969629
1696,112,98.24561403508773,114,0,113,1,0,0.0,2.6707712999927704,2.6606830147820317,8.087644330512157,2.1634855832789026,1.2364882505907306,1.9530272292036976,6.394736842105263,5.849841044843197,0.400788162173789,0.5057668141500407,0.1699461672459471,1.0,0.49423318584995934,-0.025129986052279563,0,0,0,1,0,0.0,0.2894736842105263,0.3355471347622898,0.12154050769385295,0.911939579200486,0.5314827146341762,0.0,0.38596491228070173,0.0766340903249211
1697,113,99.12280701754386,114,0,113,1,0,0.0,2.670766433646178,2.66084162163406,7.638243143123536,2.161449119885485,1.2310692636645262,1.984021430746929,6.394736842105263,5.849841044843197,0.3958788279070906,0.0036725806099149336,0.11957380404364987,0.0,0.0036725806099149336,-0.06185284719158157,0,0,0,1,0,1.0,0.2631578947368421,0.32462447012012957,0.13203745282928023,0.9181657703651558,0.5251424656198252,0.0,0.3508771929824561,0.07657450105746247
1698,114,100.0,114,0,113,1,0,0.0,2.681251257554364,2.6716795034824465,8.169078150857375,2.160038985452125,1.2128851394742863,1.9737578667867692,6.394736842105263,5.849841044843197,0.4010826178435305,0.43590532405382687,0.16499934166668884,0.0,0.43590532405382687,-0.0800055598044962,0,0,0,1,0,0.0,0.2807017543859649,0.3355512175481587,0.13086450643404654,0.9255439943694411,0.528435726635826,0.0,0.3157894736842105,0.07658567986556832
1699,114,100.0,114,0,114,0,0,0.0,2.706961402414392,2.6970297343735683,9.03823602816217,2.1598977002109403,1.1945558951077937,1.9518355951320996,6.394736842105263,5.849841044843197,0.4038577117391944,0.0,0.0,0.0,0.0,0.0,0,0,0,0,0,0.0,0.2807017543859649,0.3473270141287609,0.11909900665414161,0.9223026254266423,0.5335572504897171,0.0,0.3508771929824561,0.07671009810885389
1700,114,100.0,114,0,114,0,0,0.0,2.718803233477793,2.708715851147234,8.782504086132512,2.1603115753362436,1.1973054166442447,1.9421809970419854,6.394736842105263,5.849841044843197,0.40379036976588334,0.0,0.0,0.0,0.0,0.0,0,0,0,0,0,0.0,0.2543859649122807,0.34323897168619394,0.127646519810296,0.9256600169056416,0.5322117132219567,0.0,0.3157894736842105,0.07678141278264809
1701,113,99.12280701754386,114,1,113,0,0,0.008771929824561403,2.742164699649726,2.738567992062755,9.658943940163667,2.1618014942003883,1.2030606627211238,1.9940938591328847,6.394736842105263,5.849841044843197,0.40681027827573946,0.5496927393521456,0.13508265340828274,1.0,0.4503072606478544,0.009297102939096469,0,1,0,0,0,0.0,0.2631578947368421,0.35432832283123683,0.12806367573964275,0.910055607327142,0.5309499757168177,0.008771929824561403,0.3684210526315789,0.07694179905613256
1702,113,99.12280701754386,114,0,114,0,0,0.0,2.7356741068216848,2.7324066631385135,9.30856500480393,2.163212700278466,1.2178754326544607,2.037131233785716,6.394736842105263,5.849841044843197,0.40399977225346273,0.0,0.0,0.0,0.0,0.0,0,0,0,0,0,0.0,0.23684210526315788,0.3481804984380234,0.12865500195836294,0.910055607327142,0.5262060444938673,0.0,0.3684210526315789,0.07695062274818369
1703,113,99.12280701754386,114,0,114,0,0,0.0,2.742976356442636,2.740411004121537,9.639004405757222,2.164915946023517,1.2124970892027251,2.026211560144646,6.394736842105263,5.849841044843197,0.4042944798797967,0.0,0.0,0.0,0.0,0.0,0,0,0,0,0,0.0,0.23684210526315788,0.3523327336124284,0.12029055768026999,0.9229020410408575,0.5305195915670387,0.0,0.3684210526315789,0.07703695258063273
1704,113,99.12280701754386,114,0,114,0,0,0.0,2.7558963703751216,2.7536876502594128,9.56967321394679,2.1671408847560008,1.2145886108839188,1.9987367332456565,6.394736842105263,5.849841044843197,0.4049446281801361,0.0,0.0,0.0,0.0,0.0,0,0,0,0,0,0.0,0.23684210526315788,0.350960149595285,0.11877832911041324,0.9145897137551908,0.5354678475900428,0.0,0.3684210526315789,0.07716663033989288
1705,113,99.12280701754386,114,0,114,0,0,0.0,2.7799500371201757,2.776604748486379,10.332398068044512,2.1703081591639832,1.2046337320710925,2.009416971228036,6.394736842105263,5.849841044843197,0.40760074924040834,0.0,0.0,0.0,0.0,0.0,0,0,0,0,0,0.0,0.24561403508771928,0.36164508452394967,0.11193462294364086,0.922059896968553,0.5360283718550124,0.0,0.3684210526315789,0.07737953893277864
1706,114,100.0,114,0,112,2,0,0.0,2.7725642466925082,2.7689725296461964,10.817896177407771,2.172932974917369,1.2175158770100312,2.0410725881535168,6.394736842105263,5.849841044843197,0.40945235266982594,0.22851289665480595,0.151140258285404,0.0,0.22851289665480595,-0.08082860492197508,0,0,1,1,0,0.0,0.2894736842105263,0.3689346595964012,0.10986139598423625,0.9442644732306156,0.536023495468781,0.0,0.2982456140350877,0.07741938375528683
1707,114,100.0,114,0,114,0,0,0.0,2.7903318359962572,2.7869242391661797,10.47291374900659,2.1762443602988615,1.205331092416727,2.0233325973580603,6.394736842105263,5.849841044843197,0.4094730214632578,0.0,0.0,0.0,0.0,0.0,0,0,0,0,0,0.0,0.2543859649122807,0.36316673051521464,0.1182261374363524,0.916642882609045,0.5350037135023443,0.0,0.3333333333333333,0.07760507709240533
1708,113,99.12280701754386,114,1,113,0,0,0.008771929824561403,2.8205373055321967,2.8125131542770796,10.765557698201114,2.1807836326353396,1.1895919573769604,2.0329868928136885,6.394736842105263,5.849841044843197,0.41247991923631644,0.375634143982653,0.157943900358883,0.0,0.375634143982653,-0.08057313402003752,1,0,0,0,0,0.0,0.2631578947368421,0.3679066086822069,0.1233972058223146,0.9064000997954192,0.5416802691474483,0.008771929824561403,0.40350877192982454,0.07788887454822328
1709,113,99.12280701754386,114,0,113,1,0,0.0,2.834917581425331,2.826605325956137,10.354717578849533,2.1854927914210194,1.2043036262655873,2.050247961021288,6.394736842105263,5.849841044843197,0.4092539598733027,0.3939707382282619,0.11820673823891617,0.0,0.3939707382282619,0.0022477790208406123,0,0,0,1,0,0.0,0.24561403508771928,0.3589496199294619,0.12589232671879363,0.9263532109175165,0.5399330823918702,0.0,0.3684210526315789,0.07809851507944471
1710,113,99.12280701754386,114,0,113,1,0,0.0,2.8401879050029497,2.831765356755203,9.764137968733351,2.1901679547828765,1.2166822555077281,2.0514054334652347,6.394736842105263,5.849841044843197,0.4047087315309399,0.39622255390031735,0.11954511961828185,0.0,0.39622255390031735,0.003146723566990195,0,0,0,1,0,0.0,0.21052631578947367,0.3474454685930735,0.13112841086718402,0.908602864144439,0.5325836232554237,0.0,0.3684210526315789,0.0782616115099605
1711,112,98.24561403508773,114,1,112,1,0,0.008771929824561403,2.8335115997439044,2.821485725070313,9.36545945610196,2.194280104347121,1.242812282171345,2.0835313897762133,6.394736842105263,5.849841044843197,0.40088028659484665,0.16688552145401023,0.12601441887744352,0.0,0.16688552145401023,-0.030466205261528545,0,1,0,1,0,0.5,0.22807017543859648,0.3389234283470853,0.1400705499235215,0.8999842969845809,0.5192506590774182,0.008771929824561403,0.42105263157894735,0.07834850709018254
1712,112,98.24561403508773,114,0,113,1,0,0.0,2.871728047816486,2.8593324814307897,9.841234674172501,2.199731330250012,1.221637342458426,2.0688105447856433,6.394736842105263,5.849841044843197,0.40606900194962736,0.0005215386680970445,0.13689153412998245,0.0,0.0005215386680970445,-0.06749724759961828,0,0,0,1,0,1.0,0.24561403508771928,0.3461585845070249,0.13961977416013976,0.922286589013582,0.5251506621667567,0.0,0.3508771929824561,0.07869903335570266
1713,113,99.12280701754386,114,0,114,0,0,0.0,2.8441223014967427,2.8313732663398596,8.718473241409486,2.2035552123904254,1.2519012413794794,2.0948512074381753,6.394736842105263,5.849841044843197,0.40096913995533434,0.0,0.0,0.0,0.0,0.0,0,0,0,0,0,0.0,0.2631578947368421,0.33038656486542917,0.15709988773527228,0.9251638453146975,0.5170339979751466,0.0,0.3508771929824561,0.07867285013758211
1714,112,98.24561403508773,114,1,113,0,0,0.008771929824561403,2.831702922414051,2.8164499720781597,8.086975493065474,2.206587039907843,1.2701835672088548,2.1062121295643395,6.394736842105263,5.849841044843197,0.39721979820339004,0.9998707979625668,0.17321205278857332,1.0,0.0001292020374331626,0.02466107114225724,0,1,0,0,0,1.0,0.2543859649122807,0.3198194130136415,0.16819092265593216,0.9092314853791235,0.5153881686721272,0.008771929824561403,0.3333333333333333,0.07869943178743002
1715,112,98.24561403508773,114,0,113,1,0,0.0,2.8163539498645767,2.801216369284706,7.7380540481207545,2.20859856949735,1.282728054563151,2.123526308078315,6.394736842105263,5.849841044843197,0.3911270449847639,0.7984602658747852,0.14635754571024562,1.0,0.20153973412521475,0.015396648485829889,0,0,0,1,0,0.0,0.2543859649122807,0.31028518499858887,0.16974751340080438,0.917444449212836,0.509941173045655,0.0,0.3333333333333333,0.07868152256646073
1716,112,98.24561403508773,114,1,113,0,0,0.008771929824561403,2.836354464808016,2.8165917737605133,8.097589004279746,2.2114037427256976,1.2989333790399469,2.1585534537319093,6.394736842105263,5.849841044843197,0.3951464097784416,0.9047589392809958,0.1480297855970337,1.0,0.09524106071900418,0.027623630910766694,0,1,0,0,0,0.0,0.2543859649122807,0.31766919472841576,0.17326340865719408,0.9255278309532768,0.5058163009539961,0.008771929824561403,0.3508771929824561,0.07886357422862335
1717,110,96.49122807017544,114,2,111,1,0,0.017543859649122806,2.8230606350415903,2.795525243804064,7.374599189101158,2.2132557959119334,1.3331678418367354,2.187116795296118,6.394736842105263,5.849841044843197,0.39268856058009227,0.5941273638356647,0.1378342892616847,0.6666666666666666,0.35831892897772305,0.012070360210616174,1,1,0,1,0,0.0,0.24561403508771928,0.30690055632549973,0.18552237086677328,0.913503228720276,0.4946732980769096,0.017543859649122806,0.3508771929824561,0.07885127616352158
1718,110,96.49122807017544,114,0,113,1,0,0.0,2.8480084621069843,2.8197069137160713,7.486822338298729,2.2157425478415815,1.3178517646837717,2.169450255677248,6.394736842105263,5.849841044843197,0.3956804124400415,0.38307560443188915,0.10579756435530317,0.0,0.38307560443188915,0.001032117015120071,0,0,0,1,0,0.0,0.24561403508771928,0.309338343987284,0.19894182526949844,0.9086916134983711,0.4938207714007559,0.0,0.3508771929824561,0.07904875081638055
1719,111,97.36842105263158,114,0,114,0,0,0.0,2.884033462471735,2.8540786292794516,8.62255532766835,2.2196923813160407,1.3150633989142722,2.193879050110742,6.394736842105263,5.849841044843197,0.40219983253242453,0.0,0.0,0.0,0.0,0.0,0,0,0,0,0,0.0,0.22807017543859648,0.326820767691824,0.19566029465899265,0.9199387880820733,0.4922068153565773,0.0,0.3508771929824561,0.07934440530810025
1720,111,97.36842105263158,114,0,114,0,0,0.0,2.884578718926732,2.854245979838528,8.956445099347825,2.223418987604062,1.3042463660089891,2.1728629994979305,6.394736842105263,5.849841044843197,0.40448778100883964,0.0,0.0,0.0,0.0,0.0,0,0,0,0,0,0.0,0.22807017543859648,0.33330240357529256,0.19019306609661069,0.9279087215172399,0.49441171948689894,0.0,0.2807017543859649,0.0794561318624834
1721,112,98.24561403508773,114,0,113,1,0,0.0,2.850402732932741,2.8212769568577087,8.212735848376093,2.2253846849971355,1.329299572961942,2.205561214864469,6.394736842105263,5.849841044843197,0.3984291675709988,0.22993781933836677,0.09826583070298767,0.0,0.22993781933836677,-0.008500926674983367,0,0,0,1,0,0.0,0.23684210526315788,0.32060072198805006,0.18969106389103102,0.9229442876447662,0.49174681370661033,0.0,0.2807017543859649,0.07934274701897218
1722,113,99.12280701754386,114,1,113,0,0,0.008771929824561403,2.834610766579276,2.8143142981004496,7.603008322219001,2.226529405908813,1.3369401579669158,2.220009901623346,6.394736842105263,5.849841044843197,0.3965130354346833,0.3876632919472742,0.10545802141977023,0.0,0.3876632919472742,0.0009384693313191361,0,1,0,0,0,0.0,0.22807017543859648,0.31222169340182815,0.21008186446003863,0.9365927662983362,0.48266599594903625,0.008771929824561403,0.2807017543859649,0.07929726936407495
1723,112,98.24561403508773,114,1,110,2,1,0.008771929824561403,2.8366913993779965,2.8141679924065603,6.972272408273231,2.2280935286288255,1.3757507346464275,2.211754135731507,6.394736842105263,5.849841044843197,0.3934321536063148,0.5377855078442069,0.1336762281592008,0.5,0.14030981738949927,0.0007894268689549733,0,2,0,2,0,0.25,0.22807017543859648,0.3021103108564021,0.2272234163561402,0.9380883916401295,0.4833044473402277,0.008771929824561403,0.2631578947368421,0.07935342187450206
1724,110,96.49122807017544,114,2,112,0,0,0.017543859649122806,2.851190425687374,2.8345943592067497,7.193621498711633,2.2300726981901273,1.3927556867310804,2.2499899703765625,6.394736842105263,5.849841044843197,0.39695092176603897,0.9812493357430649,0.17695268401735947,1.0,0.018750664256935057,0.0003108354404439684,0,2,0,0,0,1.0,0.23684210526315788,0.30690100250671404,0.24029538604304596,0.9430631491611573,0.47700302575549425,0.017543859649122806,0.2631578947368421,0.07948380614272099
1725,110,96.49122807017544,114,0,112,2,0,0.0,2.8139825007971933,2.797734294533067,6.100739454654035,2.2305473974313594,1.4114485089865731,2.2719779660758728,6.394736842105263,5.849841044843197,0.39176744612392866,0.3445606714911362,0.12639812971997952,0.0,0.3445606714911362,-0.006323986644459212,0,0,0,2,0,0.0,0.24561403508771928,0.2900242367235921,0.26828580084197656,0.9299560050331828,0.4678327553923815,0.0,0.2982456140350877,0.07931165109379666
1726,110,96.49122807017544,114,0,112,2,0,0.0,2.8281170203385386,2.811826701793188,6.666615395543743,2.2316538342608245,1.3816660399856546,2.2473723056002988,6.394736842105263,5.849841044843197,0.39446823199283854,0.32012441340588865,0.12372707502360344,0.0,0.32012441340588865,-0.00564397119239457,0,0,0,2,0,0.0,0.2719298245614035,0.2986386233290688,0.24166362438113873,0.9298436002801957,0.4732430680340325,0.0,0.2631578947368421,0.07941468608939604
1727,110,96.49122807017544,114,1,113,0,0,0.008771929824561403,2.859100269061337,2.8397299874887025,7.135308230510001,2.2341363049171257,1.3552907752761418,2.178131222320876,6.394736842105263,5.849841044843197,0.3987408668485952,0.5262937004627062,0.1582519824732163,1.0,0.4737062995372938,-0.03304366232364053,1,0,0,0,0,0.0,0.24561403508771928,0.3072794707190037,0.24077832841029867,0.9164444013183795,0.47556885859456294,0.008771929824561403,0.2807017543859649,0.07964221262669928
1728,110,96.49122807017544,114,1,112,1,0,0.008771929824561403,2.877013782696254,2.8524408933235628,7.519120819256912,2.23718102611585,1.3735375775253296,2.212457030830041,6.394736842105263,5.849841044843197,0.3983503293161985,0.6847632088774895,0.13363829332426275,0.5,0.2525375474112432,0.014801540826161252,0,1,0,1,0,0.0,0.2543859649122807,0.3099807238689065,0.2269186222283114,0.9285539181555191,0.47826419795158936,0.008771929824561403,0.24561403508771928,0.07982083587006586
1729,112,98.24561403508773,114,0,113,1,0,0.0,2.893794023629172,2.869030689652795,7.647966367786837,2.2405764801006467,1.3455314065637611,2.1423742626540077,6.394736842105263,5.849841044843197,0.40180070724810335,0.3275165279573711,0.10074376226471231,0.0,0.3275165279573711,0.00383084607892048,0,0,0,1,0,0.0,0.24561403508771928,0.31399197420909086,0.22163678166826128,0.9301813988487572,0.4915597399647915,0.0,0.2807017543859649,0.08000405140516116
1730,112,98.24561403508773,114,0,113,1,0,0.0,2.9296505554637466,2.904928567522016,8.5940403851408,2.245453280459638,1.326770190026585,2.2210829647787977,6.394736842105263,5.849841044843197,0.4055805836374613,0.3094277071815411,0.09782906736419292,0.0,0.3094277071815411,0.00428402304316311,0,0,0,1,0,0.0,0.24561403508771928,0.325396606582857,0.20753533937531132,0.9307043214632436,0.496856123562892,0.0,0.2807017543859649,0.08032597659887171
1731,111,97.36842105263158,114,1,113,0,0,0.008771929824561403,2.9364384561371937,2.918855573499272,9.305278191014533,2.250379469985042,1.3306771055867994,2.2279596949277845,6.394736842105263,5.849841044843197,0.40712554261166134,0.2831040015601295,0.09891680320912094,0.0,0.2831040015601295,0.0018328876434398067,1,0,0,0,0,0.0,0.24561403508771928,0.33436342785343176,0.20104917595986765,0.9385092232871229,0.49529825210303613,0.008771929824561403,0.2631578947368421,0.08050400323064087
1732,112,98.24561403508773,114,0,114,0,0,0.0,2.949470837635333,2.9319504563429932,9.00688990887961,2.2559474010528286,1.3412706657504205,2.2047903270294644,6.394736842105263,5.849841044843197,0.40661509416954944,0.0,0.0,0.0,0.0,0.0,0,0,0,0,0,0.0,0.23684210526315788,0.330427795488861,0.21489817187456603,0.9242556233415277,0.491713063553505,0.0,0.2982456140350877,0.08073202269660754
1733,113,99.12280701754386,114,0,114,0,0,0.0,2.956995433325012,2.939201322777516,9.962790107465128,2.2615289483322973,1.3038198681137285,2.1772747477363223,6.394736842105263,5.849841044843197,0.4075613691761324,0.0,0.0,0.0,0.0,0.0,0,0,0,0,0,0.0,0.24561403508771928,0.34092755838792294,0.18821821576252584,0.9287634325014702,0.4997961970032338,0.0,0.2982456140350877,0.08093290149690179
1734,113,99.12280701754386,114,0,114,0,0,0.0,2.9634590108725667,2.9450655429561854,9.711575966855625,2.267058422015252,1.3002225629425104,2.166546513737472,6.394736842105263,5.849841044843197,0.41005355152165035,0.0,0.0,0.0,0.0,0.0,0,0,0,0,0,0.0,0.24561403508771928,0.3407384576069143,0.1946011587803868,0.9279835795184112,0.5036661270064348,0.0,0.3333333333333333,0.08112695209517419
1735,113,99.12280701754386,114,0,114,0,0,0.0,2.989635786895868,2.9711201730045147,10.20408475226351,2.2734837538312562,1.281199426044603,2.1139859656387334,6.394736842105263,5.849841044843197,0.41374935161432425,0.0,0.0,0.0,0.0,0.0,0,0,0,0,0,0.0,0.2631578947368421,0.34744685628210026,0.18745408500370062,0.922572846774575,0.5109266285741164,0.0,0.3333333333333333,0.08144577182421069
1736,114,100.0,114,0,114,0,0,0.0,3.024637917860526,3.005098715462119,11.341064561742856,2.281123366527921,1.2628935318245125,2.142800841563225,6.394736842105263,5.849841044843197,0.41903569080504677,0.0,0.0,0.0,0.0,0.0,0,0,0,0,0,0.0,0.24561403508771928,0.36232757034819096,0.17961960910504604,0.9233959085834894,0.5145401355368394,0.0,0.3333333333333333,0.08184423507863225
1737,114,100.0,114,0,114,0,0,0.0,3.039055364124273,3.0194285056795924,10.982021462454641,2.288986689985214,1.2536563259298514,2.1516481478411404,6.394736842105263,5.849841044843197,0.4181372829652874,0.0,0.0,0.0,0.0,0.0,0,0,0,0,0,0.0,0.2631578947368421,0.357224128081666,0.1810003775563193,0.9134836195607475,0.519999151714911,0.0,0.2982456140350877,0.08214631827149775
1738,114,100.0,114,0,114,0,0,0.0,3.056550780304643,3.0360063300120634,12.448556457977693,2.2971658426171278,1.2238869483807397,2.1102528141765586,6.394736842105263,5.849841044843197,0.42333461689445007,0.0,0.0,0.0,0.0,0.0,0,0,0,0,0,0.0,0.2894736842105263,0.3763605363838768,0.17099445080815528,0.9134836195607475,0.5213132669302661,0.0,0.2982456140350877,0.08247302906629063
1739,114,100.0,114,0,114,0,0,0.0,3.050564273573125,3.030076021220255,11.989029808728167,2.3045889969110283,1.2455597282089208,2.1252194855217392,6.394736842105263,5.849841044843197,0.4228654248164383,0.0,0.0,0.0,0.0,0.0,0,0,0,0,0,0.0,0.2719298245614035,0.37258987641798497,0.18177435403794212,0.9031278741250354,0.5157519621744938,0.0,0.3684210526315789,0.08266021789598635
1740,113,99.12280701754386,114,1,113,0,0,0.008771929824561403,3.04400805958913,3.019426780987714,12.046981278059004,2.3112629816234476,1.2382764649555527,2.1155967934589968,6.394736842105263,5.849841044843197,0.4231282869472228,0.8030695586757346,0.14350055855357757,1.0,0.1969304413242654,0.026614557230137725,0,1,0,0,0,0.0,0.2631578947368421,0.3743410867394322,0.1660020354569699,0.9234942377802599,0.5205045030930262,0.008771929824561403,0.2807017543859649,0.0828226455745832
1741,113,99.12280701754386,114,0,114,0,0,0.0,3.0183823990660215,2.994183923227771,11.8279547856311,2.3161817711494317,1.2797070843029208,2.1651478035701106,6.394736842105263,5.849841044843197,0.42038231206376286,0.0,0.0,0.0,0.0,0.0,0,0,0,0,0,0.0,0.24561403508771928,0.3710874288528141,0.16317699641540917,0.9300779188788846,0.5155762603262579,0.0,0.3157894736842105,0.0828383879562679
1742,113,99.12280701754386,114,0,114,0,0,0.0,3.005730697229326,2.982363177573073,10.674176869403286,2.3202596234419244,1.3083446196264568,2.2159995710744846,6.394736842105263,5.849841044843197,0.41096472183190036,0.0,0.0,0.0,0.0,0.0,0,0,0,0,0,0.0,0.21929824561403508,0.3509625986889461,0.17348075108777083,0.9394933371217896,0.505925507648881,0.0,0.2807017543859649,0.08289440338566158
1743,111,97.36842105263158,114,2,112,0,0,0.017543859649122806,3.023704613131808,2.9924840663462295,11.190562192095125,2.324936307013154,1.3393756025935808,2.2608437293132067,6.394736842105263,5.849841044843197,0.4140125571527702,0.6826051360716744,0.17133841903812222,0.5,0.18260520621326182,-0.01367564231502516,0,2,0,0,0,0.5,0.20175438596491227,0.3582015862361386,0.1694071358590016,0.9285652544343467,0.5043886825958377,0.017543859649122806,0.2982456140350877,0.08312106224271762
1744,111,97.36842105263158,114,0,114,0,0,0.0,3.0243262784000233,2.9932971937290387,10.743722413536219,2.329013730925358,1.3545928436730152,2.261552052885861,6.394736842105263,5.849841044843197,0.41239496673303,0.0,0.0,0.0,0.0,0.0,0,0,0,0,0,0.0,0.23684210526315788,0.3526609371499672,0.17709135925751274,0.9213736844162133,0.5015242679095991,0.0,0.3333333333333333,0.08324343197785286
1745,112,98.24561403508773,114,0,114,0,0,0.0,2.997288191690202,2.9667045769592413,10.97126723809383,2.331608131371415,1.3478807842933584,2.2530982665841983,6.394736842105263,5.849841044843197,0.41349591645336004,0.0,0.0,0.0,0.0,0.0,0,0,0,0,0,0.0,0.24561403508771928,0.35753133857104435,0.16571309996739425,0.91603925682408,0.5080993271295808,0.0,0.3684210526315789,0.08318412569538429
1746,112,98.24561403508773,114,0,114,0,0,0.0,2.993048997896171,2.963095487824509,10.012148840077426,2.3338818627332727,1.3534730296346027,2.236008722748458,6.394736842105263,5.849841044843197,0.4119807455005997,0.0,0.0,0.0,0.0,0.0,0,0,0,0,0,0.0,0.2543859649122807,0.34655238573779396,0.17730796736805304,0.9267940726276132,0.5081705156561026,0.0,0.3684210526315789,0.08322943456164184
1747,112,98.24561403508773,114,0,113,1,0,0.0,3.004968617383555,2.9747179546894658,10.2360107595801,2.336566501094346,1.3342053663921438,2.1956870607357453,6.394736842105263,5.849841044843197,0.4103531986486719,0.6916991408006503,0.1684004752512256,1.0,0.3083008591993497,0.009027437898687651,0,0,0,1,0,0.0,0.2631578947368421,0.3461639042571495,0.16844118441007663,0.9213736844162133,0.5062334196193814,0.0,0.3333333333333333,0.08336755619745459
1748,114,100.0,114,0,113,1,0,0.0,3.0422633903426655,3.011045957143663,10.507696756236875,2.340794196697338,1.3036873571721777,2.0850229400104148,6.394736842105263,5.849841044843197,0.4128022577803745,0.22236252514741817,0.13673955598348136,0.0,0.22236252514741817,-0.03237483113301898,0,0,0,1,0,0.0,0.24561403508771928,0.3497811221871931,0.171469686630985,0.9137980410228079,0.5068535925531692,0.0,0.3684210526315789,0.08367768679856756
1749,114,100.0,114,0,113,1,0,0.0,3.0456030133872214,3.0141493449625205,11.759626154487977,2.3449198134312215,1.2956098257405764,2.0998127615996913,6.394736842105263,5.849841044843197,0.4163592472181099,0.3012826938084545,0.15875323633235752,0.0,0.3012826938084545,-0.05848735765090263,0,0,0,1,0,0.0,0.2543859649122807,0.3646758236935349,0.1548849232568876,0.9156766515712728,0.5151987530908155,0.0,0.3333333333333333,0.08381505592431616
1750,114,100.0,114,0,112,2,0,0.0,3.032448899497515,3.002195035431709,10.588014787992323,2.3482446416596043,1.3137631112875312,2.1182989569633377,6.394736842105263,5.849841044843197,0.41004368995301355,0.4407504440686391,0.1523827349873396,0.5,0.3482986381126198,-0.020352361811097563,0,0,0,2,0,0.0,0.24561403508771928,0.3482476739232769,0.16708027196165356,0.9272276507858774,0.5096755085648719,0.0,0.3333333333333333,0.08384653393805487
1751,113,99.12280701754386,114,1,112,1,0,0.008771929824561403,3.0674371844669257,3.032715430990003,11.689105730040605,2.352953623857955,1.2892189559759222,2.1109023832111915,6.394736842105263,5.849841044843197,0.4180369846799026,0.4045998763579509,0.1606880432541365,0.5,0.2580100731589853,-0.023353821522475893,0,1,1,0,0,0.0,0.2631578947368421,0.367150522550008,0.16005193054232678,0.9313991943569597,0.5200622594638801,0.008771929824561403,0.3333333333333333,0.08415920934961867
1752,113,99.12280701754386,114,0,113,1,0,0.0,3.0747791089729817,3.0402909366172124,11.906800151277373,2.3575913266776913,1.2812899185044289,2.1104023937527874,6.394736842105263,5.849841044843197,0.4176049119797174,0.5627627499998384,0.15969785757820237,1.0,0.43723725000016156,0.011427581690613087,0,0,0,1,0,0.0,0.24561403508771928,0.3689739622269802,0.15866020259327235,0.9352746352568051,0.518049024665052,0.0,0.2982456140350877,0.08433156809369233
1753,112,98.24561403508773,114,1,113,0,0,0.008771929824561403,3.0939410288220963,3.0516766573221843,11.135483501789372,2.3628743506416083,1.3029189514027735,2.124030886719664,6.394736842105263,5.849841044843197,0.4156408679342134,0.807250846354367,0.1631131044705381,1.0,0.19274915364563305,0.020720099733908093,0,1,0,0,0,0.0,0.2543859649122807,0.3582110991981968,0.16877514454930065,0.9319096705303911,0.5125134496216104,0.008771929824561403,0.3333333333333333,0.08458190194506297
1754,112,98.24561403508773,114,0,114,0,0,0.0,3.1063894035988486,3.0640924555257927,10.805869835952365,2.3680455875319364,1.281431858751383,2.0905994186324377,6.394736842105263,5.849841044843197,0.4175024292352918,0.0,0.0,0.0,0.0,0.0,0,0,0,0,0,0.0,0.2631578947368421,0.3563724374859073,0.18280210190243149,0.9343352258089516,0.517024673767341,0.0,0.3333333333333333,0.08479539838801498
1755,112,98.24561403508773,114,0,114,0,0,0.0,3.0527748977866476,3.0115611293155764,9.614710442726729,2.3704559160184915,1.336651585897928,2.1348507798730716,6.394736842105263,5.849841044843197,0.4100551375670598,0.0,0.0,0.0,0.0,0.0,0,0,0,0,0,0.0,0.2631578947368421,0.3403906574007245,0.1910155858199902,0.9354385136024383,0.5057337948534525,0.0,0.2982456140350877,0.08459782605151499
1756,113,99.12280701754386,114,0,114,0,0,0.0,3.0640442029078914,3.0219504862019515,10.824113058288939,2.373211452810673,1.3234117596749646,2.1290103873537567,6.394736842105263,5.849841044843197,0.4137899070403057,0.0,0.0,0.0,0.0,0.0,0,0,0,0,0,0.0,0.2719298245614035,0.35497641998165474,0.16773654695110163,0.9328857309297799,0.5181396413104388,0.0,0.3333333333333333,0.0847347698382586
1757,113,99.12280701754386,114,0,114,0,0,0.0,3.072891975801867,3.0312050540591455,10.490385511569155,2.376238897087805,1.304393226005768,2.115536287058061,6.394736842105263,5.849841044843197,0.4113315629226486,0.0,0.0,0.0,0.0,0.0,0,0,0,0,0,0.0,0.2719298245614035,0.3485040883078566,0.16707080643621955,0.9289947562282883,0.5194101668381407,0.0,0.3333333333333333,0.08486755904169518
1758,114,100.0,114,0,114,0,0,0.0,3.1057918433586895,3.0629099838449845,12.618500691536669,2.380572991083684,1.2533711804347867,2.096470354262765,6.394736842105263,5.849841044843197,0.4154387586086612,0.0,0.0,0.0,0.0,0.0,0,0,0,0,0,0.0,0.24561403508771928,0.3715388494227226,0.14040124744193416,0.9443241446883466,0.52800989368189,0.0,0.2631578947368421,0.08515882718422582
1759,114,100.0,114,0,113,1,0,0.0,3.10407718477499,3.061377944059321,13.293871257300417,2.384581849956307,1.231828720404549,2.0422957732826195,6.394736842105263,5.849841044843197,0.4168222883904229,0.345093010269624,0.09328356241904309,0.0,0.345093010269624,0.0035362237852007983,0,0,0,1,0,0.0,0.2543859649122807,0.37841642386950675,0.12358259621568438,0.9415709982964069,0.5298912478686083,0.0,0.2631578947368421,0.08526750982718759
1760,114,100.0,114,0,112,2,0,0.0,3.1002454991694313,3.0576757521291578,13.582930382501894,2.3881829390826965,1.24636321574552,2.087317532749908,6.394736842105263,5.849841044843197,0.41637498295523256,0.23545044700473194,0.11941646493240088,0.0,0.23545044700473194,-0.03373795082911463,0,0,0,2,0,0.0,0.2719298245614035,0.38102355380206254,0.12259235787884686,0.9363868042842186,0.531867151536619,0.0,0.2631578947368421,0.08535368039404825
1761,113,99.12280701754386,114,1,112,1,0,0.008771929824561403,3.1042212116722125,3.0651764524285077,14.432824902095685,2.391769789444677,1.2446381587391877,2.0978268937541453,6.394736842105263,5.849841044843197,0.4167423220782136,0.26794489785005476,0.1184038162678689,0.0,0.26794489785005476,-0.036942876382628165,0,1,0,1,0,0.0,0.2543859649122807,0.3883533140387852,0.1163830230870627,0.9450130920502687,0.5332656014934561,0.008771929824561403,0.22807017543859648,0.08547847147890829
1762,113,99.12280701754386,114,0,114,0,0,0.0,3.1131103785871677,3.074766383882892,13.138898656601354,2.3957502153695205,1.2481980072742966,2.0799437849294193,6.394736842105263,5.849841044843197,0.412924874921724,0.0,0.0,0.0,0.0,0.0,0,0,0,0,0,0.0,0.2543859649122807,0.37202355533304005,0.12331731138824033,0.9331319226749945,0.5316573534592147,0.0,0.2982456140350877,0.08563934160823859
1763,113,99.12280701754386,114,0,113,1,0,0.0,3.1133200767948983,3.075247625951572,12.120149576907274,2.3995203142217,1.2529168614726511,2.037532218411349,6.394736842105263,5.849841044843197,0.4136793149199025,0.30910398907774594,0.08836957622404984,0.0,0.30910398907774594,-0.0100350231515699,0,0,0,1,0,0.0,0.2719298245614035,0.36273615329092296,0.13375904631655292,0.9345605783478186,0.5331684251034811,0.0,0.2631578947368421,0.08575066249432023
1764,113,99.12280701754386,114,0,113,1,0,0.0,3.1156376083822592,3.077639583651611,12.477505587885519,2.4031818088624433,1.2516730459959107,2.057239104687243,6.394736842105263,5.849841044843197,0.41551869510748896,0.5138835237898316,0.13057972369747456,1.0,0.4861164762101684,-0.002795900774479554,0,0,0,1,0,0.0,0.24561403508771928,0.3662678904784223,0.13156335213293108,0.9335521687979856,0.5354489535211087,0.0,0.2982456140350877,0.0858693459604315
1765,112,98.24561403508773,114,1,113,0,0,0.008771929824561403,3.1576214248641197,3.115181358486385,12.988955369821788,2.4085332204364636,1.2722515122886418,2.037464505331785,6.394736842105263,5.849841044843197,0.4178153224034087,0.5322292421735386,0.13197187006011002,1.0,0.4677707578264614,0.004069176002610808,0,1,0,0,0,0.0,0.24561403508771928,0.3712707525438593,0.13556732408097258,0.9169785547363949,0.5340896189631958,0.008771929824561403,0.3333333333333333,0.08623578957820857
1766,113,99.12280701754386,114,0,114,0,0,0.0,3.150798642023822,3.1081535720387556,12.641224221664416,2.4130954902437938,1.287834947211488,2.0529965576248452,6.394736842105263,5.849841044843197,0.4178439003054797,0.0,0.0,0.0,0.0,0.0,0,0,0,0,0,0.0,0.2543859649122807,0.36826687267849084,0.13329921729826152,0.898138176123005,0.5344493295029678,0.0,0.3333333333333333,0.08633511842988992
1767,113,99.12280701754386,114,0,113,1,0,0.0,3.1302564090033136,3.088046997042601,11.892573245516305,2.4164499123778898,1.2956714137770096,2.0303052119325717,6.394736842105263,5.849841044843197,0.41616007949018385,0.021875537851886763,0.0700362173161912,0.0,0.021875537851886763,-0.006816964915307033,0,0,0,1,0,1.0,0.2543859649122807,0.36160446976847727,0.1340374146045567,0.9196134170382941,0.5345873856894351,0.0,0.3333333333333333,0.08633052144619621
1768,113,99.12280701754386,114,0,113,1,0,0.0,3.1334895882557436,3.091186984839125,12.225385515077551,2.419755053585106,1.2890292019534488,2.0472501910277123,6.394736842105263,5.849841044843197,0.41751914712047067,0.026935391994793983,0.06934648318042959,0.0,0.026935391994793983,-0.011482596468047168,0,0,0,1,0,1.0,0.2543859649122807,0.36632952301486443,0.13890508373901322,0.92358987519339,0.5350391784986295,0.0,0.3333333333333333,0.08644336009592324
1769,113,99.12280701754386,114,0,113,1,0,0.0,3.1367084623222303,3.094456528198956,13.10944855352452,2.4230198597569466,1.2881119853687664,2.059707696882727,6.394736842105263,5.849841044843197,0.42009024635657144,0.019127627016564952,0.0725354242993343,0.0,0.019127627016564952,-0.007045992734686868,0,0,0,1,0,1.0,0.2631578947368421,0.37728735022334786,0.131233784320001,0.8915558107598351,0.5386379401142254,0.0,0.3684210526315789,0.08655494745199312
1770,114,100.0,114,0,114,0,0,0.0,3.136561338593785,3.0943923326012586,13.700291869766422,2.426090675684974,1.2694287075718973,2.02638517434353,6.394736842105263,5.849841044843197,0.41940878425089556,0.0,0.0,0.0,0.0,0.0,0,0,0,0,0,0.0,0.2982456140350877,0.3817336044679114,0.1241806092889757,0.9260372301580928,0.5411504704073876,0.0,0.2982456140350877,0.08664403075863557
1771,114,100.0,114,0,113,1,0,0.0,3.1192868303236563,3.0781432633107113,13.112243308632388,2.4282214179826216,1.2667284287935883,2.0122922626047117,6.394736842105263,5.849841044843197,0.41483566702775554,0.42988399789084963,0.11429376455008364,0.0,0.42988399789084963,0.006262907695419484,0,0,1,0,0,0.0,0.2807017543859649,0.3736954465631555,0.1267304805111399,0.9262646691529264,0.5393753940286151,0.0,0.3333333333333333,0.08661998073602872
1772,114,100.0,114,0,113,1,0,0.0,3.137419404605434,3.0956935856005883,14.586569847709573,2.431048848008234,1.214115642323052,1.9631785706761629,6.394736842105263,5.849841044843197,0.41937768131503894,0.3907157207908849,0.11540338610156689,0.0,0.3907157207908849,0.010665131350721335,0,0,0,1,0,0.0,0.2807017543859649,0.39045660865565135,0.11517552000413989,0.9362456987246885,0.5494466797194741,0.0,0.2631578947368421,0.08679334368851387
1773,114,100.0,114,0,113,1,0,0.0,3.1664158211451787,3.1239433693294996,15.141437509806797,2.435032931826616,1.1830195469182534,1.96386439581294,6.394736842105263,5.849841044843197,0.42250209816800854,0.14861395814529818,0.14174968192785603,0.0,0.14861395814529818,-0.01865117190620391,0,0,0,1,0,0.0,0.2719298245614035,0.3959087746710087,0.1160302248537962,0.9130680393842514,0.553135953345883,0.0,0.3333333333333333,0.08705485705644692
1774,114,100.0,114,0,112,2,0,0.0,3.1675320438026473,3.124868937726283,14.89061471380283,2.438827268498508,1.1960390910407726,1.9680406005855693,6.394736842105263,5.849841044843197,0.4217999445423828,0.396556238360056,0.1531604073575475,0.5,0.24081102362573698,-0.0011315906098769979,0,0,0,2,0,0.0,0.2631578947368421,0.3933730144883097,0.1230857976359196,0.9139946897145819,0.5513989498775653,0.0,0.3333333333333333,0.0871714195017402
1775,113,99.12280701754386,114,1,112,1,0,0.008771929824561403,3.191672916736234,3.1419994935452533,15.75348652796674,2.4434848576916437,1.1984208329951345,1.9532412277686795,6.394736842105263,5.849841044843197,0.4260058231128596,0.4059157580399528,0.1541340690348489,0.5,0.22561332211203017,-6.4266150075043e-05,0,1,0,1,0,0.0,0.2807017543859649,0.4042807609657534,0.12604307179192104,0.9088187873191911,0.5564957130291261,0.008771929824561403,0.3684210526315789,0.08742835464856825
1776,113,99.12280701754386,114,0,114,0,0,0.0,3.1946396173799805,3.143976825627483,17.218706155392024,2.4476789949906013,1.1942269913232817,2.0336841900004186,6.394736842105263,5.849841044843197,0.4292343864576811,0.0,0.0,0.0,0.0,0.0,0,0,0,0,0,0.0,0.2631578947368421,0.41975819750735477,0.12311107670761486,0.9149981270494597,0.5546808032318815,0.0,0.3333333333333333,0.08756586333438272
1777,113,99.12280701754386,114,0,114,0,0,0.0,3.1809124776608666,3.1301669819938778,16.704752492755755,2.4509814988034817,1.1913097347706636,1.9988336415920331,6.394736842105263,5.849841044843197,0.428176049895967,0.0,0.0,0.0,0.0,0.0,0,0,0,0,0,0.0,0.2719298245614035,0.41664576679461984,0.1284479671581231,0.916960636195556,0.5505760048532449,0.0,0.3333333333333333,0.08759382324756386
1778,113,99.12280701754386,114,0,114,0,0,0.0,3.199668595849985,3.1486461836945594,16.560366638645124,2.4549556145334854,1.1881483417611163,1.993555656036501,6.394736842105263,5.849841044843197,0.43029679931686693,0.0,0.0,0.0,0.0,0.0,0,0,0,0,0,0.0,0.2807017543859649,0.41723854146198786,0.13969091953956672,0.9149340371746408,0.551132654949594,0.0,0.3684210526315789,0.08780384356508111
1779,113,99.12280701754386,114,0,114,0,0,0.0,3.222077486997192,3.1695588886351045,17.697179892779676,2.459675938808105,1.1590606210917787,2.020866009503547,6.394736842105263,5.849841044843197,0.43477272503076025,0.0,0.0,0.0,0.0,0.0,0,0,0,0,0,0.0,0.2807017543859649,0.4308616163925038,0.13817422772388693,0.9123090182407567,0.5556673110827571,0.0,0.3684210526315789,0.08805395375425035
1780,114,100.0,114,0,114,0,0,0.0,3.259744785946569,3.206534653552075,18.981045277499867,2.4658505503940646,1.105748224498401,1.9804776706099112,6.394736842105263,5.849841044843197,0.43936802313349377,0.0,0.0,0.0,0.0,0.0,0,0,0,0,0,0.0,0.2894736842105263,0.44341202027447074,0.12704008265369682,0.9340669541321971,0.5650697841094502,0.0,0.2982456140350877,0.08842289273045478
1781,114,100.0,114,0,114,0,0,0.0,3.269382908748776,3.2161179069063754,19.927860986933236,2.472112441087629,1.1100337416022892,1.945776210224567,6.394736842105263,5.849841044843197,0.4416798074567685,0.0,0.0,0.0,0.0,0.0,0,0,0,0,0,0.0,0.30701754385964913,0.45094275203145123,0.11944963897995026,0.9217681274159526,0.570601170973371,0.0,0.3333333333333333,0.0886542386704535
1782,113,99.12280701754386,114,1,113,0,0,0.008771929824561403,3.345865698870508,3.297333824725252,23.15086943733092,2.4814558619273996,1.0587539936259291,1.943384747037211,6.394736842105263,5.849841044843197,0.45117006302923146,0.28625670154314675,0.08405988828314001,0.0,0.28625670154314675,0.008676904019341292,0,1,0,0,0,0.0,0.3157894736842105,0.47699204625194125,0.11198437740946027,0.923325251746445,0.5801413554418954,0.008771929824561403,0.3333333333333333,0.08930994025470082
1783,113,99.12280701754386,114,0,113,1,0,0.0,3.322483885129191,3.275377939396309,21.03239350412425,2.489578160864739,1.0411225654323415,1.8755089413529498,6.394736842105263,5.849841044843197,0.4508570434821577,0.009922253600752304,0.09950682872744501,0.0,0.009922253600752304,-0.03774958759357272,0,0,0,1,0,1.0,0.2982456140350877,0.46594997705096897,0.11082826305241647,0.9219890861172915,0.5871641264880185,0.0,0.2807017543859649,0.0894306019745049
1784,113,99.12280701754386,114,0,113,1,0,0.0,3.3092039280992656,3.262540163034372,20.688985196306987,2.496624526616364,1.0752469826275022,1.879576044684128,6.394736842105263,5.849841044843197,0.44853865111693425,0.01524071668840836,0.10349588361065601,0.0,0.01524071668840836,-0.047035660407354074,0,0,1,0,0,1.0,0.30701754385964913,0.46133148927885775,0.11587852088852316,0.9426770471853175,0.5849237185801557,0.0,0.24561403508771928,0.08957030278730944
1785,113,99.12280701754386,114,0,113,1,0,0.0,3.295080915815797,3.248569530341061,19.977906836627298,2.502604883327667,1.1369517770594784,1.9131831595416595,6.394736842105263,5.849841044843197,0.4438844949628664,0.039974492902892234,0.06274283238928532,0.0,0.039974492902892234,0.02277068080754563,0,0,0,1,0,1.0,0.2982456140350877,0.45217003990701654,0.12792036628238643,0.9475051120523403,0.5736414000671158,0.0,0.2631578947368421,0.089674608406655
1786,113,99.12280701754386,114,0,113,1,0,0.0,3.3080254208457647,3.2607722464528495,21.68388515748986,2.5088064702739983,1.140260109633406,1.930199354735213,6.394736842105263,5.849841044843197,0.44531111397017553,0.00366004226826939,0.11344607872521204,0.0,0.00366004226826939,-0.05325134871331261,0,0,0,1,0,1.0,0.2719298245614035,0.4629175284561221,0.11936266580320914,0.9341914413950841,0.5733915683444409,0.0,0.2631578947368421,0.08992072242111392
1787,114,100.0,114,0,112,2,0,0.0,3.352560501733439,3.304165574544594,23.211912997367055,2.5166760268156585,1.0971121468039569,1.9005892822918269,6.394736842105263,5.849841044843197,0.44970377209583257,0.010427908002016458,0.09757169618160631,0.0,0.010427908002016458,-0.015515765817659954,0,0,0,2,0,1.0,0.32456140350877194,0.4739783246927003,0.11113617357744375,0.9420454551372979,0.5779775038744217,0.0,0.2631578947368421,0.09037357609986289
1788,114,100.0,114,0,113,1,0,0.0,3.3776349707281055,3.3285905646887577,24.402324997416923,2.5252282852876204,1.0669852570002263,1.8742191746479302,6.394736842105263,5.849841044843197,0.45437714018396025,0.00494835751892295,0.10446013591966087,0.0,0.00494835751892295,-0.029355055259410623,0,0,1,0,0,1.0,0.2807017543859649,0.4858649851952152,0.10440479322992303,0.9311393880498301,0.5857342979589354,0.0,0.2982456140350877,0.09074909520801316
1789,114,100.0,114,0,113,1,0,0.0,3.3584090496122396,3.3095739087480824,23.777166325302765,2.532390294917569,1.11057731511817,1.9291144027499372,6.394736842105263,5.849841044843197,0.45285292442295044,0.014099556822101974,0.13236043822124044,0.0,0.014099556822101974,-0.055534994002955695,0,0,0,1,0,1.0,0.30701754385964913,0.4804945241058073,0.11550795318906673,0.9443504899659776,0.5822602800160764,0.0,0.2631578947368421,0.09086244869191802
1790,114,100.0,114,0,114,0,0,0.0,3.3465708460246133,3.2987697735590826,21.259798442943705,2.5386277185806865,1.1207468283240778,1.9274160261175386,6.394736842105263,5.849841044843197,0.45098695617729434,0.0,0.0,0.0,0.0,0.0,0,0,0,0,0,0.0,0.3157894736842105,0.4631004309221057,0.1301969686747063,0.9312377322188945,0.5820683733284716,0.0,0.2982456140350877,0.0909856973587728
1791,113,99.12280701754386,114,1,113,0,0,0.008771929824561403,3.3164363818185087,3.268422908224787,18.60208729745688,2.543161624144767,1.1983588538990009,2.0002144898068392,6.394736842105263,5.849841044843197,0.4441869474602895,0.9465897791709388,0.13818762245581856,1.0,0.05341022082906122,0.029197652484730052,0,1,0,0,0,0.0,0.32456140350877194,0.4377197885326942,0.14803254813800354,0.9196385049166742,0.5717829102223227,0.008771929824561403,0.2807017543859649,0.09096763817205328
1792,113,99.12280701754386,114,0,113,1,0,0.0,3.302303034800152,3.2537889962769073,20.23094823232082,2.546663898992284,1.1996566643939348,1.9905157155595985,6.394736842105263,5.849841044843197,0.44452434104261274,0.4291836156423797,0.08184163750156104,0.0,0.4291836156423797,0.023887887518268647,0,0,0,1,0,0.0,0.34210526315789475,0.4519573215355919,0.13616288625397635,0.9246623309017521,0.5754417436100682,0.0,0.2807017543859649,0.09099941019272813
1793,113,99.12280701754386,114,0,114,0,0,0.0,3.3452749681561853,3.2964641344501535,19.962420904520464,2.551958438527309,1.1758537725621714,1.9244721887621703,6.394736842105263,5.849841044843197,0.445951424248743,0.0,0.0,0.0,0.0,0.0,0,0,0,0,0,0.0,0.30701754385964913,0.4484702005880734,0.13846646660719697,0.9334720700211063,0.5794684169265947,0.0,0.2807017543859649,0.09136913093293597
1794,110,96.49122807017544,114,3,111,0,0,0.02631578947368421,3.3602051028591653,3.3061151612599344,20.87409931996172,2.5576098610877818,1.1839914718633562,1.9366773745146968,6.394736842105263,5.849841044843197,0.4492086304038445,0.46919119967377493,0.11122924229409213,0.6666666666666666,0.44536480190332384,0.024612537035461846,0,3,0,0,0,0.0,0.32456140350877194,0.45790311951248275,0.13424407429766208,0.9391582930119705,0.5795095645191788,0.02631578947368421,0.24561403508771928,0.0916090812247309
1795,110,96.49122807017544,114,0,113,1,0,0.0,3.333501285491382,3.2803054599605357,19.132154770675342,2.5615078738213146,1.2103508172755355,1.9237815821499913,6.394736842105263,5.849841044843197,0.44414229769069324,0.11542537034282324,0.06930371409832774,0.0,0.11542537034282324,0.010496295515302734,0,0,0,1,0,0.0,0.30701754385964913,0.4410493214601359,0.13981496156208417,0.9549447396575983,0.5714671906746185,0.0,0.21052631578947367,0.0915895759123017
1796,111,97.36842105263158,114,0,111,3,0,0.0,3.2997927409631527,3.2474104511090607,16.84689260477664,2.56363841442243,1.2438918116641304,1.9513225259572748,6.394736842105263,5.849841044843197,0.44081145485932627,0.14476248085072863,0.07027290407962074,0.0,0.14476248085072863,0.006377501350810277,0,0,0,3,0,0.3333333333333333,0.3157894736842105,0.4227434744427362,0.15713031971826957,0.9484945457377041,0.564921170093357,0.0,0.21052631578947367,0.09148334980894109
1797,110,96.49122807017544,114,1,111,2,0,0.008771929824561403,3.3103676031671943,3.270965417467697,16.473618021324203,2.5661519918031512,1.2570508917958834,1.9625385135815263,6.394736842105263,5.849841044843197,0.440584318305026,0.3919372479482237,0.0910025123151277,0.3333333333333333,0.2204903199917725,0.00854995192604561,0,1,1,1,0,0.0,0.3157894736842105,0.41916220486311695,0.16383604429666457,0.9148201809738786,0.5647890413210606,0.008771929824561403,0.2982456140350877,0.09160974426061697
1798,110,96.49122807017544,114,0,113,1,0,0.0,3.323223411162505,3.283964788576217,16.535482016967233,2.5697215553938526,1.2663350338771076,1.9694615723326256,6.394736842105263,5.849841044843197,0.4384387168055943,0.2896447285927474,0.15279411721648162,0.0,0.2896447285927474,-0.034426007062235975,0,0,1,0,0,0.0,0.3157894736842105,0.4161583406281334,0.16201156012920967,0.8883339186833441,0.560606442766549,0.0,0.3157894736842105,0.09177843019861882
1799,112,98.24561403508773,114,1,113,0,0,0.008771929824561403,3.3242484990775414,3.2814284116295545,15.946307692656209,2.5731301870402823,1.2969835634572144,1.9835607014603758,6.394736842105263,5.849841044843197,0.4371294275790598,0.5449551200552105,0.16289076240968262,1.0,0.4550448799447895,-0.017014428732433196,0,1,0,0,0,0.0,0.2982456140350877,0.409913024901015,0.16989310830531348,0.9286542192323062,0.5603579380120315,0.008771929824561403,0.2982456140350877,0.0918832554047542
1800,112,98.24561403508773,114,0,114,0,0,0.0,3.3126939210369573,3.2713453572638507,15.209395744935312,2.5757009639637842,1.2779409363355374,1.9650052370424078,6.394736842105263,5.849841044843197,0.4351426746807321,0.0,0.0,0.0,0.0,0.0,0,0,0,0,0,0.0,0.2894736842105263,0.40200418984193875,0.1650335495633113,0.9272361066352095,0.5666535942728668,0.0,0.2807017543859649,0.09190067569637246
1801,112,98.24561403508773,114,0,114,0,0,0.0,3.3471866717218415,3.304918026841059,17.22571113235122,2.579692512767465,1.244612321457286,1.9286562305628878,6.394736842105263,5.849841044843197,0.4388281897345656,0.0,0.0,0.0,0.0,0.0,0,0,0,0,0,0.0,0.3157894736842105,0.4206544990592213,0.1474648950490094,0.9256428111886563,0.5725166952476856,0.0,0.2807017543859649,0.09218988907991821
1802,112,98.24561403508773,114,1,113,0,0,0.008771929824561403,3.368263449800734,3.327831178235469,18.487172927421067,2.584375851154001,1.2583535677991864,1.9660777727701724,6.394736842105263,5.849841044843197,0.4402271466218126,0.5057864096175002,0.13822486712214993,1.0,0.4942135903824998,0.007356150897265268,0,1,0,0,0,0.0,0.2894736842105263,0.4294278198096192,0.14284494743445922,0.9408787667169006,0.5687167298222278,0.008771929824561403,0.24561403508771928,0.09243225689591492
1803,112,98.24561403508773,114,0,114,0,0,0.0,3.3459337542023055,3.305831806876694,18.620919983131135,2.587902696589903,1.2773698959153417,1.9846989429124577,6.394736842105263,5.849841044843197,0.44029665610161617,0.0,0.0,0.0,0.0,0.0,0,0,0,0,0,0.0,0.3157894736842105,0.43169780727858914,0.14055746856648293,0.9372136482481184,0.5692050514302461,0.0,0.24561403508771928,0.09242376584387155
1804,112,98.24561403508773,114,1,112,1,0,0.008771929824561403,3.332326571146414,3.287361574699336,15.888331399608568,2.5906674671476897,1.3257286281709353,2.0030468607545706,6.394736842105263,5.849841044843197,0.43292925546672634,0.71275925759112,0.14973378654530162,0.5,0.22383513601423463,0.008565785091352529,0,1,1,0,0,0.5,0.3508771929824561,0.40496084882724637,0.15378958981103613,0.9220402543690209,0.5598621506839313,0.008771929824561403,0.2807017543859649,0.09243659727003467
1805,112,98.24561403508773,114,0,114,0,0,0.0,3.3248449069335453,3.2795851412424386,16.11388050264869,2.592597952473468,1.3313355090441696,2.0250283168536694,6.394736842105263,5.849841044843197,0.4306859955625686,0.0,0.0,0.0,0.0,0.0,0,0,0,0,0,0.0,0.3333333333333333,0.40391175453220673,0.15350906410414342,0.9327317496202756,0.5558435404160941,0.0,0.2631578947368421,0.09245565411044637
1806,112,98.24561403508773,114,0,114,0,0,0.0,3.3270371901251266,3.282507686154304,15.372307512540193,2.594552278861741,1.3393690592212213,1.9949280822612008,6.394736842105263,5.849841044843197,0.4286767136285736,0.0,0.0,0.0,0.0,0.0,0,0,0,0,0,0.0,0.32456140350877194,0.3965783034456498,0.16189596490548627,0.9385508930855098,0.5544840766175635,0.0,0.2631578947368421,0.09252377802000995
1807,112,98.24561403508773,114,1,113,0,0,0.008771929824561403,3.2918613350638974,3.2475135504465267,13.430348071189588,2.594850979816411,1.3686238242042674,2.013210830062052,6.394736842105263,5.849841044843197,0.42254910667204304,0.5942017598018061,0.1630598516894034,1.0,0.4057982401981939,0.009354444135407869,0,1,0,0,0,0.0,0.32456140350877194,0.37505558397149374,0.1669809215307567,0.9385508930855098,0.5514781679255859,0.008771929824561403,0.2631578947368421,0.09235663551022763
1808,112,98.24561403508773,114,0,113,1,0,0.0,3.2849146516947307,3.240823834999654,12.838067335771674,2.594722756459292,1.3990829980305657,2.0253975248801566,6.394736842105263,5.849841044843197,0.4211870110154734,0.5087654872221399,0.1371323194138222,1.0,0.4912345127778601,0.012490744492008599,0,0,0,1,0,0.0,0.32456140350877194,0.36821297760688804,0.168203011786054,0.9369527378443455,0.5522651673084805,0.0,0.2982456140350877,0.0923181516620949
1809,113,99.12280701754386,114,0,114,0,0,0.0,3.284023573175485,3.2396035805122665,12.953884851699154,2.5945449276064627,1.3822934348420322,2.0466057070806554,6.394736842105263,5.849841044843197,0.4244616136784649,0.0,0.0,0.0,0.0,0.0,0,0,0,0,0,0.0,0.3157894736842105,0.37181042967176553,0.1779221727299921,0.9279968849817096,0.5517538190327774,0.0,0.2982456140350877,0.09230849491688746
1810,113,99.12280701754386,114,0,114,0,0,0.0,3.2765531638848793,3.2318829100105755,13.264550303131303,2.5940161838972995,1.3918924992760715,2.098314222167906,6.394736842105263,5.849841044843197,0.4245353156279321,0.0,0.0,0.0,0.0,0.0,0,0,0,0,0,0.0,0.2982456140350877,0.37487799621206097,0.1772961905010847,0.9304556287992887,0.5448164829888105,0.0,0.2982456140350877,0.0922556775371741
1811,113,99.12280701754386,114,0,113,1,0,0.0,3.231050223291341,3.1883595221399457,11.154177301409923,2.5914815316484474,1.4195774976783977,2.1066410991943916,6.394736842105263,5.849841044843197,0.41717987487964003,0.5528167993995904,0.14062118334533247,1.0,0.4471832006004096,0.015460373816976958,0,0,1,0,0,0.0,0.2982456140350877,0.35088031235611394,0.19408993715019177,0.9307506885972114,0.5368126101266951,0.0,0.2982456140350877,0.09195402627040772
1812,113,99.12280701754386,114,1,113,0,0,0.008771929824561403,3.210063159846148,3.1824115707988594,10.79275634551181,2.588157127064276,1.4607815051004511,2.140636948920822,6.394736842105263,5.849841044843197,0.41064341491345613,0.5918517058018113,0.1422813653850465,1.0,0.40814829419818865,0.01474507193276442,1,0,0,0,0,0.0,0.2719298245614035,0.3403458894738517,0.199138791880755,0.9279968849817096,0.5193143485435322,0.008771929824561403,0.2982456140350877,0.091751854761251
1813,112,98.24561403508773,114,1,113,0,0,0.008771929824561403,3.207932338010435,3.1682584229791972,10.322999063906416,2.585625229987139,1.4814241901420604,2.1749115598950106,6.394736842105263,5.849841044843197,0.40775100065752423,0.9999149368552462,0.19161218683028364,1.0,8.506314475376087e-05,0.010210078810778178,0,1,0,0,0,1.0,0.2807017543859649,0.3335698120591832,0.20683578966824367,0.9227352236977002,0.5208636669367843,0.008771929824561403,0.2807017543859649,0.09166714467485666
1814,112,98.24561403508773,114,0,114,0,0,0.0,3.1830861377778583,3.143581777615457,10.070779668958794,2.5814858937016583,1.4986328470528136,2.2071994744629793,6.394736842105263,5.849841044843197,0.4063392214539008,0.0,0.0,0.0,0.0,0.0,0,0,0,0,0,0.0,0.2894736842105263,0.3312086673193762,0.2051843077981016,0.9220342797427412,0.5186535027393799,0.0,0.2807017543859649,0.0914218413771877
1815,112,98.24561403508773,114,0,113,1,0,0.0,3.1793236188161895,3.140914715142816,9.752772602132602,2.577463886877017,1.500516705431015,2.20063738197492,6.394736842105263,5.849841044843197,0.4017633693800853,0.13885145890280365,0.14473708204607325,0.0,0.13885145890280365,-0.08008793426613714,0,0,1,0,0,0.0,0.2982456140350877,0.3229960529796822,0.20676149358921475,0.8988727077922317,0.5170561133623778,0.0,0.3157894736842105,0.09128538827935224
1816,112,98.24561403508773,114,0,114,0,0,0.0,3.176536693817465,3.137032852335284,9.882112986164566,2.573495494815374,1.494643656167253,2.21343563136696,6.394736842105263,5.849841044843197,0.4034049408227107,0.0,0.0,0.0,0.0,0.0,0,0,0,0,0,0.0,0.3157894736842105,0.32705607773572903,0.21198377345018315,0.9029648226570322,0.5212350070291674,0.0,0.3157894736842105,0.09115538134053747
1817,113,99.12280701754386,114,0,114,0,0,0.0,3.161721736928618,3.1236680869092273,8.669672666387713,2.569133793354621,1.497299521697243,2.1788886541361605,6.394736842105263,5.849841044843197,0.3984798776178846,0.0,0.0,0.0,0.0,0.0,0,0,0,0,0,0.0,0.32456140350877194,0.30987583051730516,0.22683866038475442,0.9102058586230298,0.5218690340592416,0.0,0.2631578947368421,0.09095373025494091
1818,114,100.0,114,0,114,0,0,0.0,3.1526097335874392,3.114629130914583,8.527807988963708,2.564604232849933,1.4854955342284624,2.1571933686055944,6.394736842105263,5.849841044843197,0.39944174072416194,0.0,0.0,0.0,0.0,0.0,0,0,0,0,0,0.0,0.3157894736842105,0.30872484584401133,0.22490513651511887,0.9184688176126032,0.5232930849608518,0.0,0.2631578947368421,0.0907756841934579
1819,114,100.0,114,0,113,1,0,0.0,3.1706573952707977,3.1323472098243705,9.030268209906891,2.561168827996737,1.4738741673632645,2.1916642569672486,6.394736842105263,5.849841044843197,0.40100806687978263,0.19491283084945707,0.09736430918938085,0.0,0.19491283084945707,-0.0006316738934238897,0,0,1,0,0,0.0,0.32456140350877194,0.3143540336372616,0.216469212590212,0.9153384943638632,0.5266172069299973,0.0,0.2807017543859649,0.09076543964029528
1820,114,100.0,114,0,113,1,0,0.0,3.2105011236970604,3.1709419988299645,10.537391368033084,2.5597405759134353,1.4346878950230755,2.160265474717629,6.394736842105263,5.849841044843197,0.4042121956216558,0.7403582706615116,0.16356792283368268,1.0,0.2596417293384884,0.01911129391038835,0,0,0,1,0,0.0,0.30701754385964913,0.32968219556375944,0.1982349420309821,0.9349227288199713,0.5300525958286358,0.0,0.2631578947368421,0.09092288304413018
1821,114,100.0,114,0,113,1,0,0.0,3.164904581257422,3.1262718971904455,10.635135862730703,2.5563053703543415,1.4501388886506887,2.2250051548589966,6.394736842105263,5.849841044843197,0.40036324129554335,0.42806802614112227,0.13637940669257242,0.0,0.42806802614112227,0.002494172434393871,0,0,1,0,0,0.0,0.2982456140350877,0.3291742453513155,0.18126117751743656,0.9350425131246795,0.5240443904554719,0.0,0.24561403508771928,0.0905944232995467
1822,113,99.12280701754386,114,1,113,0,0,0.008771929824561403,3.1440840611979137,3.101127524952222,10.22854951828741,2.552136850271698,1.4945610560533487,2.24627986267505,6.394736842105263,5.849841044843197,0.39694095389744666,0.6736779860541733,0.14245210681727383,1.0,0.3263220139458267,0.018624818117365827,0,1,0,0,0,0.0,0.2982456140350877,0.32393386427897825,0.17977327635573542,0.9218789157137806,0.5250475104393901,0.008771929824561403,0.2631578947368421,0.09036839479987065
1823,113,99.12280701754386,114,0,114,0,0,0.0,3.178838039342292,3.134127363330408,11.727359524302717,2.549514076402147,1.4526009174428158,2.2029395881636136,6.394736842105263,5.849841044843197,0.40350882731761306,0.0,0.0,0.0,0.0,0.0,0,0,0,0,0,0.0,0.2894736842105263,0.3424209449507912,0.16619512961058067,0.917046752427775,0.5347974339257271,0.0,0.2631578947368421,0.09046545063942533
1824,113,99.12280701754386,114,0,113,1,0,0.0,3.174717640814302,3.130188229073845,11.095298776017634,2.5468603841608886,1.4684864284775494,2.2162865230715654,6.394736842105263,5.849841044843197,0.39981140763343315,0.3185800733339633,0.1485218486942036,0.0,0.3185800733339633,-0.024205091354279284,0,0,0,1,0,0.0,0.2894736842105263,0.33175054653379255,0.17495754653056111,0.9214820137981139,0.5262273927610142,0.0,0.2631578947368421,0.0903672302578189
1825,113,99.12280701754386,114,0,113,1,0,0.0,3.1459571854387165,3.102125476568817,10.057031684873854,2.5430486275660824,1.4802332640280689,2.209210165882083,6.394736842105263,5.849841044843197,0.3969918227550042,0.48321418163651625,0.15590287150622997,0.0,0.48321418163651625,-0.046640064817325966,0,0,0,1,0,0.0,0.30701754385964913,0.31976725265705896,0.18794359369494962,0.9224484512738026,0.5229258835787105,0.0,0.2631578947368421,0.09011193713003474
1826,112,98.24561403508773,114,1,113,0,0,0.008771929824561403,3.1576522353844294,3.111410128675484,10.376628277445509,2.5399723638568483,1.4405518045015506,2.201821339736335,6.394736842105263,5.849841044843197,0.400931364640537,0.5782599207534862,0.15815452506104447,1.0,0.4217400792465138,-0.05567616303690737,0,1,0,0,0,0.0,0.30701754385964913,0.3264836705490868,0.186657507055196,0.9295122875295176,0.5228556049967724,0.008771929824561403,0.2807017543859649,0.09008043411120811
1827,113,99.12280701754386,114,0,114,0,0,0.0,3.14411513778942,3.09715720079757,10.29374361461487,2.5363310365127356,1.428537027001638,2.206101269976583,6.394736842105263,5.849841044843197,0.4029735032628796,0.0,0.0,0.0,0.0,0.0,0,0,0,0,0,0.0,0.2894736842105263,0.3285760258074129,0.18622861745500793,0.93804685223676,0.5231659013919807,0.0,0.2807017543859649,0.08990624269245656
1828,113,99.12280701754386,114,0,114,0,0,0.0,3.129525485313803,3.0828015814440386,9.180710625993008,2.5322308962996276,1.4487636366901824,2.2058544134523363,6.394736842105263,5.849841044843197,0.4009396556378124,0.0,0.0,0.0,0.0,0.0,0,0,0,0,0,0.0,0.30701754385964913,0.3168250192030909,0.20408367742590786,0.9467528666518401,0.5183650078922242,0.0,0.24561403508771928,0.08971336858753721
1829,113,99.12280701754386,114,0,114,0,0,0.0,3.102982804812804,3.0568764969643256,8.742220024692722,2.527157346785358,1.4668790661465945,2.2151452500429762,6.394736842105263,5.849841044843197,0.39645955795933596,0.0,0.0,0.0,0.0,0.0,0,0,0,0,0,0.0,0.30701754385964913,0.30921984949772147,0.2028786217370057,0.9402068515908522,0.512250259417427,0.0,0.24561403508771928,0.08943225789407412
1830,113,99.12280701754386,114,0,114,0,0,0.0,3.1144286029758383,3.0678182246604995,8.55255697357135,2.522892650795234,1.4626568770751454,2.1691516328187483,6.394736842105263,5.849841044843197,0.3977120526680189,0.0,0.0,0.0,0.0,0.0,0,0,0,0,0,0.0,0.2982456140350877,0.308467724343803,0.20837738334626393,0.9376488276695085,0.511413076412693,0.0,0.24561403508771928,0.08936474791665526
1831,114,100.0,114,0,114,0,0,0.0,3.149407323067574,3.1016056191878976,9.670071406400968,2.520458639840015,1.4133214383143702,2.172091563253198,6.394736842105263,5.849841044843197,0.4023963146905334,0.0,0.0,0.0,0.0,0.0,0,0,0,0,0,0.0,0.30701754385964913,0.3222690289669339,0.18471117789944208,0.934020604367314,0.5216331640445175,0.0,0.24561403508771928,0.08946844863116675
1832,114,100.0,114,0,114,0,0,0.0,3.1059493196580044,3.0595610896357717,9.169941494443659,2.5161993841392087,1.4201088579483154,2.1729661745307216,6.394736842105263,5.849841044843197,0.3983337208196578,0.0,0.0,0.0,0.0,0.0,0,0,0,0,0,0.0,0.30701754385964913,0.3153027073934433,0.19325842274709518,0.9464042261971987,0.5152786615696446,0.0,0.21052631578947367,0.08912657877002361
1833,114,100.0,114,0,114,0,0,0.0,3.144610986861956,3.0963078904456345,10.166387916530141,2.513908991675748,1.3951381019844156,2.157730391064781,6.394736842105263,5.849841044843197,0.4023533368788359,0.0,0.0,0.0,0.0,0.0,0,0,0,0,0,0.0,0.3157894736842105,0.32726379640025155,0.1840367216143665,0.9375542298829284,0.5205035670386057,0.0,0.21052631578947367,0.08925289494683561
1834,114,100.0,114,0,114,0,0,0.0,3.144115253951911,3.0952881527911082,10.511862169614503,2.5117048611052106,1.3915204573443316,2.148718552607482,6.394736842105263,5.849841044843197,0.40391862997021066,0.0,0.0,0.0,0.0,0.0,0,0,0,0,0,0.0,0.32456140350877194,0.3323779501289248,0.18104464893535452,0.9261566190830813,0.5229652754393848,0.0,0.21052631578947367,0.08918594721488676
1835,114,100.0,114,0,114,0,0,0.0,3.152324479535052,3.102985833212651,11.247332178647035,2.509989910324511,1.394334328912371,2.1526764749821523,6.394736842105263,5.849841044843197,0.4030763681780207,0.0,0.0,0.0,0.0,0.0,0,0,0,0,0,0.0,0.3157894736842105,0.33795904283163264,0.1675200409246587,0.9376752276792043,0.5223310863139186,0.0,0.24561403508771928,0.08917683239546835
1836,114,100.0,114,0,114,0,0,0.0,3.132595708625187,3.084309340382001,10.254123647174362,2.507501245323804,1.4133294729219328,2.1769841844764413,6.394736842105263,5.849841044843197,0.40038386720934716,0.0,0.0,0.0,0.0,0.0,0,0,0,0,0,0.0,0.2807017543859649,0.32665654283357526,0.17109203046620533,0.9355782762542223,0.5193935459970013,0.0,0.24561403508771928,0.08900539706757904
1837,114,100.0,114,0,114,0,0,0.0,3.170399689629614,3.120389134234246,11.179609966429819,2.506846651741507,1.3908723570946953,2.1224987660899304,6.394736842105263,5.849841044843197,0.4070232223767838,0.0,0.0,0.0,0.0,0.0,0,0,0,0,0,0.0,0.2719298245614035,0.33979846799031493,0.16650751685739962,0.9292483049650953,0.5245039813855776,0.0,0.21052631578947367,0.08917527063057411
1838,114,100.0,114,0,114,0,0,0.0,3.162989939387529,3.114070502155013,10.380918004127484,2.50593464689699,1.3858989467279341,2.156072933474305,6.394736842105263,5.849841044843197,0.40575013516288716,0.0,0.0,0.0,0.0,0.0,0,0,0,0,0,0.0,0.2894736842105263,0.33076889755187927,0.17250330223446525,0.9387086676106917,0.5233273739752695,0.0,0.24561403508771928,0.08911154646250093
1839,114,100.0,114,0,114,0,0,0.0,3.1820353643496633,3.131892716166892,10.092164010444224,2.505910049838492,1.385231091569675,2.1518814415897722,6.394736842105263,5.849841044843197,0.40990668391594043,0.0,0.0,0.0,0.0,0.0,0,0,0,0,0,0.0,0.2631578947368421,0.3308011234376324,0.18895809398320543,0.9320222943690738,0.5225203620626191,0.0,0.24561403508771928,0.08920605414289969
1840,114,100.0,114,0,114,0,0,0.0,3.1722725408101082,3.121940531219037,10.639170693273552,2.5054211420688666,1.3743445179354323,2.1283458430775495,6.394736842105263,5.849841044843197,0.4129264130095156,0.0,0.0,0.0,0.0,0.0,0,0,0,0,0,0.0,0.2982456140350877,0.3402739126915876,0.18608640239299848,0.9542470447893904,0.5276412229969117,0.0,0.21052631578947367,0.08914293986151242
1841,114,100.0,114,0,114,0,0,0.0,3.176503759257388,3.1254030586950927,11.094786069850535,2.5051228765094065,1.345569866575399,2.0680199574663396,6.394736842105263,5.849841044843197,0.4200012617845468,0.0,0.0,0.0,0.0,0.0,0,0,0,0,0,0.0,0.2894736842105263,0.3516638823417756,0.19327022229086974,0.9487716313689784,0.5372609666928156,0.0,0.21052631578947367,0.08915537192318884
1842,114,100.0,114,0,114,0,0,0.0,3.20130064338242,3.1485908689005924,12.257010772163001,2.5059272190421087,1.3116817701351782,2.0355403300014423,6.394736842105263,5.849841044843197,0.4256302420882214,0.0,0.0,0.0,0.0,0.0,0,0,0,0,0,0.0,0.2894736842105263,0.3667775764040043,0.1777436752526229,0.9597985365699854,0.5521723362624685,0.0,0.17543859649122806,0.08930288272362359
1843,114,100.0,114,0,113,1,0,0.0,3.2205599831451064,3.167671447561707,13.248466534681132,2.5075774556328807,1.2763706961400327,2.000939236958316,6.394736842105263,5.849841044843197,0.42683918959240774,0.4122174706202836,0.1068693374494935,0.0,0.4122174706202836,0.017804577298347946,0,0,0,1,0,0.0,0.2982456140350877,0.37591367425385497,0.162071596945908,0.9397276473068173,0.5587591750479778,0.0,0.2807017543859649,0.08944744753114903
1844,112,98.24561403508773,114,2,112,0,0,0.017543859649122806,3.2741315541308667,3.2294074816201035,15.678970460519722,2.5115583891047604,1.218395747788962,1.9617884864859625,6.394736842105263,5.849841044843197,0.4351255605925004,0.27599700850653164,0.11346364385065881,0.0,0.27599700850653164,-0.014186251266060657,0,2,0,0,0,0.0,0.2982456140350877,0.40130185416406056,0.15209522914071372,0.9441961835106871,0.5716977666468969,0.017543859649122806,0.22807017543859648,0.08983174452618077
1845,112,98.24561403508773,114,0,112,2,0,0.0,3.2798727786213733,3.234345827139806,16.471781328735684,2.5159994873762654,1.2323043424501803,1.966526232906668,6.394736842105263,5.849841044843197,0.43752680890486406,0.6480264041334621,0.12779538253723483,1.0,0.35197359586653787,0.018226210878785842,0,0,0,2,0,0.0,0.3157894736842105,0.40913285064820637,0.14832318504024633,0.9398705708891755,0.5734685986007092,0.0,0.22807017543859648,0.08999034924339748
1846,111,97.36842105263158,114,1,112,1,0,0.008771929824561403,3.2259061370066813,3.1781286214672777,13.013520545033247,2.517785549316269,1.310487876164118,1.9791997470989964,6.394736842105263,5.849841044843197,0.4283904228887696,0.6305106919753956,0.12989790469199705,1.0,0.3694893080246045,0.013701820235008322,0,1,0,1,0,0.0,0.2982456140350877,0.3753967919841832,0.16506932392377408,0.9433522332818302,0.5705778484514462,0.008771929824561403,0.19298245614035087,0.08977275692755034
1847,110,96.49122807017544,114,1,113,0,0,0.008771929824561403,3.259207691463876,3.2066617328126643,13.011422988417696,2.5207241281688053,1.3194876322420794,2.010222854817712,6.394736842105263,5.849841044843197,0.43010659746738544,0.9808352564225624,0.1529352519335839,1.0,0.019164743577437582,-0.01099431067849288,0,1,0,0,0,1.0,0.30701754385964913,0.3752163798641189,0.17387542063448788,0.9403437090211938,0.5631315124773603,0.008771929824561403,0.22807017543859648,0.09002521579576168
1848,110,96.49122807017544,114,0,114,0,0,0.0,3.2764686642868828,3.223893509503205,12.837925270388698,2.524139890100684,1.3178336905108698,1.9960158199113411,6.394736842105263,5.849841044843197,0.4282819798387061,0.0,0.0,0.0,0.0,0.0,0,0,0,0,0,0.0,0.3333333333333333,0.37037149106414347,0.17989292444157096,0.9480594091363235,0.5606254550254743,0.0,0.15789473684210525,0.09021142898161931
1849,112,98.24561403508773,114,0,114,0,0,0.0,3.27125617794712,3.217973159338906,13.535516644169599,2.5270787705299496,1.2903663232023699,1.9876460082375054,6.394736842105263,5.849841044843197,0.4323515149215469,0.0,0.0,0.0,0.0,0.0,0,0,0,0,0,0.0,0.30701754385964913,0.3811665220974585,0.17614545587482197,0.9503254990321124,0.5632069510585479,0.0,0.15789473684210525,0.0902713264667255
1850,112,98.24561403508773,114,0,114,0,0,0.0,3.2624377045171977,3.210173878674011,13.33037535401673,2.529480734708376,1.3030962597198301,1.9925488394041937,6.394736842105263,5.849841044843197,0.4285227831104814,0.0,0.0,0.0,0.0,0.0,0,0,0,0,0,0.0,0.3157894736842105,0.37546638752162925,0.17403156169161935,0.9396082674729065,0.5613120334976105,0.0,0.19298245614035087,0.09029748964277191
1851,113,99.12280701754386,114,0,114,0,0,0.0,3.249690158074997,3.1968610958311126,13.82349670182747,2.5311191664924455,1.2904389552671827,1.9941207076572378,6.394736842105263,5.849841044843197,0.4296234488594881,0.0,0.0,0.0,0.0,0.0,0,0,0,0,0,0.0,0.30701754385964913,0.3826877302584368,0.1728822549204128,0.949137029485976,0.5594538481924561,0.0,0.19298245614035087,0.09028167473805904
1852,114,100.0,114,0,114,0,0,0.0,3.2054114572522594,3.1542765714090204,12.330781013432684,2.5306688510308035,1.314835134202946,2.0133272029010696,6.394736842105263,5.849841044843197,0.42455512989010513,0.0,0.0,0.0,0.0,0.0,0,0,0,0,0,0.0,0.2982456140350877,0.3678727895551681,0.18818170133025594,0.947204352694137,0.5523531999008514,0.0,0.19298245614035087,0.09004710986459213
1853,114,100.0,114,0,114,0,0,0.0,3.1993911362684178,3.148661032995381,11.335086640924564,2.52998207825106,1.3132733957623681,1.9741776584686936,6.394736842105263,5.849841044843197,0.4243660629910315,0.0,0.0,0.0,0.0,0.0,0,0,0,0,0,0.0,0.2894736842105263,0.3595021868985394,0.1994034117276577,0.9493366830270162,0.5544834351205432,0.0,0.15789473684210525,0.0899969207016958
1854,113,99.12280701754386,114,1,113,0,0,0.008771929824561403,3.2193571003604955,3.1634246697960804,11.78997061737725,2.530255560073094,1.3127543105344666,1.9712375798440027,6.394736842105263,5.849841044843197,0.4254932301214307,0.9999862670873625,0.17439379243532235,1.0,1.3732912637509642e-05,0.014231060193413914,0,1,0,0,0,1.0,0.2719298245614035,0.36430389254491635,0.19419374825147293,0.935458928668422,0.5554370363419735,0.008771929824561403,0.17543859649122806,0.09010474964809397
1855,113,99.12280701754386,114,0,114,0,0,0.0,3.2199476082315828,3.164303403600514,11.893510037242214,2.530325007210266,1.3115290546066836,1.9759998510871801,6.394736842105263,5.849841044843197,0.42353536693340077,0.0,0.0,0.0,0.0,0.0,0,0,0,0,0,0.0,0.2719298245614035,0.363501477103103,0.20132980505470416,0.9480353369704342,0.5494151166481103,0.0,0.17543859649122806,0.09010973346101678
1856,113,99.12280701754386,114,0,114,0,0,0.0,3.196222824249399,3.1407292914190266,10.942325567959967,2.5292871533280223,1.287657320627843,1.9137401696091332,6.394736842105263,5.849841044843197,0.4236651626904684,0.0,0.0,0.0,0.0,0.0,0,0,0,0,0,0.0,0.30701754385964913,0.35816649957805996,0.21772638115605106,0.9580458244122613,0.5471014447252214,0.0,0.15789473684210525,0.08996075313991136
1857,113,99.12280701754386,114,0,114,0,0,0.0,3.208556471208172,3.1534771345949766,10.275391466520585,2.5289065950981198,1.3126837002823943,1.9195901089769085,6.394736842105263,5.849841044843197,0.42212065904200124,0.0,0.0,0.0,0.0,0.0,0,0,0,0,0,0.0,0.2982456140350877,0.34968802676524646,0.23001410569310998,0.9561899119602921,0.5427889856609286,0.0,0.15789473684210525,0.09001129034893904
1858,113,99.12280701754386,114,0,114,0,0,0.0,3.2010093631276946,3.1464538360278484,9.999453755956218,2.5282196174779235,1.3268196625884288,1.9153228957916169,6.394736842105263,5.849841044843197,0.420796958045214,0.0,0.0,0.0,0.0,0.0,0,0,0,0,0,0.0,0.3157894736842105,0.3462316275254864,0.22623625779222634,0.9494325376591983,0.5495921582615966,0.0,0.14035087719298245,0.08995346125913908
1859,114,100.0,114,0,114,0,0,0.0,3.214882777499129,3.160426549100121,9.861235958787923,2.528226732160027,1.3216292192511023,1.901707651386425,6.394736842105263,5.849841044843197,0.423064765611344,0.0,0.0,0.0,0.0,0.0,0,0,0,0,0,0.0,0.2982456140350877,0.3465717424360591,0.22749530308994995,0.9421729899431502,0.556466988160763,0.0,0.14035087719298245,0.09002303642979322
1860,114,100.0,114,0,114,0,0,0.0,3.2700712290451452,3.2139115892309404,10.610662366231017,2.5307364625088744,1.2885817786614016,1.886766745007891,6.394736842105263,5.849841044843197,0.42718877981299697,0.0,0.0,0.0,0.0,0.0,0,0,0,0,0,0.0,0.30701754385964913,0.3549182896449022,0.2236657113474303,0.9562710879207199,0.5620468522994124,0.0,0.14035087719298245,0.09037238630555418
1861,114,100.0,114,0,114,0,0,0.0,3.3015326185729608,3.2441255899700745,11.92115763685491,2.534513354434882,1.2756666631376405,1.8944850421522745,6.394736842105263,5.849841044843197,0.42904798041949177,0.0,0.0,0.0,0.0,0.0,0,0,0,0,0,0.0,0.2807017543859649,0.3662426830022982,0.21726783420159468,0.9545122608981608,0.5578604284338314,0.0,0.14035087719298245,0.09064016434024674
1862,114,100.0,114,0,114,0,0,0.0,3.34073856971586,3.2822663801801513,12.692102582489376,2.5398542446672123,1.254622805090096,1.8757548819429315,6.394736842105263,5.849841044843197,0.43270565756154844,0.0,0.0,0.0,0.0,0.0,0,0,0,0,0,0.0,0.2807017543859649,0.37379037929903813,0.21707232520886338,0.9504558759795461,0.5632292561611505,0.0,0.17543859649122806,0.09099241089044667
1863,114,100.0,114,0,114,0,0,0.0,3.3309443285576004,3.2727525222632523,13.263342584917284,2.5444374648582753,1.249204610339925,1.9259916114297488,6.394736842105263,5.849841044843197,0.43334140292939205,0.0,0.0,0.0,0.0,0.0,0,0,0,0,0,0.0,0.2807017543859649,0.3805065124052673,0.20538233907562933,0.9422614497292155,0.565059203090696,0.0,0.21052631578947367,0.09107749523261155
1864,114,100.0,114,0,114,0,0,0.0,3.317017927282649,3.2597364699760876,12.445374154905895,2.5481434392581352,1.2614305002045156,1.9254804660235916,6.394736842105263,5.849841044843197,0.42903089976639075,0.0,0.0,0.0,0.0,0.0,0,0,0,0,0,0.0,0.2894736842105263,0.3695926009308198,0.2116812524085285,0.9367548910889072,0.5622098372536874,0.0,0.17543859649122806,0.09111626003201398
1865,114,100.0,114,0,114,0,0,0.0,3.3412881376002384,3.2829401931339146,13.482458911049358,2.5527185247834154,1.2578397693245214,1.9200105814668769,6.394736842105263,5.849841044843197,0.43229721870285753,0.0,0.0,0.0,0.0,0.0,0,0,0,0,0,0.0,0.2894736842105263,0.3798984787878319,0.20726892588930643,0.9082903326852347,0.5614154024382422,0.0,0.21052631578947367,0.09137142869904918
1866,114,100.0,114,0,114,0,0,0.0,3.3368641023902263,3.278556768212237,13.829943011712734,2.55682083636561,1.2791186472893188,1.9689406318149383,6.394736842105263,5.849841044843197,0.43473716976822585,0.0,0.0,0.0,0.0,0.0,0,0,0,0,0,0.0,0.2982456140350877,0.3844340428202749,0.19798958502314884,0.9272291656667789,0.5619079226734705,0.0,0.14035087719298245,0.09146929787636043
1867,114,100.0,114,0,113,1,0,0.0,3.335637826265929,3.2778977500760003,13.385249863166717,2.560652328030342,1.2748407834218023,1.9815386056632744,6.394736842105263,5.849841044843197,0.4327938181818929,0.3688121279752249,0.08730971954416009,0.0,0.3688121279752249,0.028378971118115937,0,0,0,1,0,0.0,0.3157894736842105,0.37844491403642433,0.19693453315062714,0.9228067991447588,0.5655264094926704,0.0,0.14035087719298245,0.09157523458175557
1868,113,99.12280701754386,114,1,111,2,0,0.008771929824561403,3.3706958994569223,3.3116852437741984,14.378266857409958,2.5658187902239535,1.2401491372907325,1.9367391238453093,6.394736842105263,5.849841044843197,0.43955298453319513,0.3368238957343066,0.1023607130749642,0.3333333333333333,0.2067316035276372,0.00022211543512525486,0,1,0,2,0,0.3333333333333333,0.3333333333333333,0.3923282746104924,0.19277501718516318,0.9227714489909897,0.5746403553942684,0.008771929824561403,0.12280701754385964,0.0919016398606946
1869,113,99.12280701754386,114,0,112,2,0,0.0,3.3972788163705996,3.3383210850868843,13.966461435559918,2.5719516511323874,1.2362234748218548,1.9278805138911574,6.394736842105263,5.849841044843197,0.43849479400405267,0.3390199103271013,0.0957692315651225,0.5,0.17433614713776013,0.022128970613643828,0,0,0,2,0,0.5,0.3157894736842105,0.38616032418271085,0.19521024398117323,0.9251868090270617,0.5781085536862951,0.0,0.15789473684210525,0.09221393575258535
1870,112,98.24561403508773,114,1,110,3,0,0.008771929824561403,3.42864335005198,3.3748798272590386,14.285592916493787,2.5791673925078014,1.231001451811366,1.9168419001727377,6.394736842105263,5.849841044843197,0.44180903331829957,0.539593963290193,0.11768206438233046,0.5,0.2747900542806044,0.0221665523671324,0,1,1,2,0,0.0,0.2982456140350877,0.39056353141761696,0.19227354614217002,0.9237553562018689,0.5846763389545219,0.008771929824561403,0.19298245614035087,0.0925818131213266
1871,111,97.36842105263158,114,1,111,1,1,0.008771929824561403,3.425715889367574,3.3684779705522065,14.124935821383197,2.5860704221163364,1.2662734410865055,1.958755337140041,6.394736842105263,5.849841044843197,0.4401057244246749,0.615742035705539,0.12122702243987309,0.6666666666666666,0.30197535171148787,-0.005936878950415059,0,2,0,1,0,0.3333333333333333,0.2982456140350877,0.38748262004621853,0.19883421658598063,0.9391335736630315,0.5707173792764828,0.008771929824561403,0.17543859649122806,0.09276908394759345
1872,110,96.49122807017544,114,1,112,1,0,0.008771929824561403,3.4302975870547647,3.3690319843779166,14.752917811178506,2.592650152136407,1.2752032194078713,1.9052013269004282,6.394736842105263,5.849841044843197,0.4376666588667637,0.24005787052895813,0.09495868861808385,0.0,0.24005787052895813,0.009945091481764479,0,1,1,0,0,0.5,0.2894736842105263,0.3898530254636402,0.18899552869156278,0.9305022397418921,0.5641493311643081,0.008771929824561403,0.19298245614035087,0.09298444430970638
1873,111,97.36842105263158,114,0,112,2,0,0.0,3.4369933909406147,3.3751817935348685,15.1013237662652,2.598938455304564,1.297087767153164,1.962256919269084,6.394736842105263,5.849841044843197,0.43616329961770517,0.3383699966045838,0.10919185699549672,0.5,0.2521404063374513,0.030476407999502797,0,0,0,2,0,0.0,0.2982456140350877,0.3892785083413576,0.1837369307135147,0.9493118719874384,0.5624886847491338,0.0,0.15789473684210525,0.09320185119901316
1874,111,97.36842105263158,114,0,114,0,0,0.0,3.418504410102105,3.357007733147086,14.445738102236062,2.6040083798177025,1.3012068552678766,1.9790641721172477,6.394736842105263,5.849841044843197,0.4349449306262996,0.0,0.0,0.0,0.0,0.0,0,0,0,0,0,0.0,0.3157894736842105,0.3848892157193415,0.18718903667028328,0.9417101080229668,0.5645966840154601,0.0,0.14035087719298245,0.09325769755737667
1875,112,98.24561403508773,114,0,113,1,0,0.0,3.385189889270816,3.324637781134277,13.383336943490157,2.6072668492144957,1.3271278755411802,2.0027421103833287,6.394736842105263,5.849841044843197,0.435372611599667,0.00651639605956183,0.05870930029242839,0.0,0.00651639605956183,0.009393280626040501,0,0,0,1,0,1.0,0.2894736842105263,0.3786589300652452,0.1948591237104722,0.9344300187933674,0.5626098223423156,0.0,0.21052631578947367,0.09318643259332388
1876,113,99.12280701754386,114,0,114,0,0,0.0,3.393732533343024,3.3327806824010326,13.284555486358677,2.610715780755517,1.3197276349694576,1.9926579473545063,6.394736842105263,5.849841044843197,0.4356863240002198,0.0,0.0,0.0,0.0,0.0,0,0,0,0,0,0.0,0.2982456140350877,0.3787278675715997,0.1966037646155396,0.9368668721395992,0.5629354924826709,0.0,0.17543859649122806,0.09333002432013252
1877,114,100.0,114,0,114,0,0,0.0,3.3906020728334823,3.329867530470005,12.992227303093971,2.6138266234777543,1.3286844115927552,2.0071867956872844,6.394736842105263,5.849841044843197,0.43392960776561806,0.0,0.0,0.0,0.0,0.0,0,0,0,0,0,0.0,0.3157894736842105,0.37390067163731777,0.2003488900336488,0.9524290746956755,0.5595067259848313,0.0,0.15789473684210525,0.09340536169478778
1878,114,100.0,114,0,113,1,0,0.0,3.4127889226455523,3.3516268311681783,12.892236759517926,2.6177737944482367,1.3261694746213684,2.006257470973041,6.394736842105263,5.849841044843197,0.43412664663499934,0.3082830379817307,0.10889365223015954,0.0,0.3082830379817307,0.010020029626173876,0,0,0,1,0,0.0,0.3157894736842105,0.37127682206272467,0.19775869920966702,0.9569897941748923,0.5615028729693227,0.0,0.14035087719298245,0.09363174755761883
1879,114,100.0,114,0,114,0,0,0.0,3.4002209135480883,3.3403185143283785,12.1244018402282,2.6209608473431976,1.3462045939247396,2.043144095377513,6.394736842105263,5.849841044843197,0.4313743457485333,0.0,0.0,0.0,0.0,0.0,0,0,0,0,0,0.0,0.3157894736842105,0.3631194272470439,0.20225768352445017,0.9553190374382349,0.559649629545867,0.0,0.14035087719298245,0.09366212627631665
1880,114,100.0,114,0,114,0,0,0.0,3.4070493671253472,3.3464946953352035,11.95596272181953,2.6242505001270198,1.3619010126159175,2.0269764303800066,6.394736842105263,5.849841044843197,0.4316565694046146,0.0,0.0,0.0,0.0,0.0,0,0,0,0,0,0.0,0.3157894736842105,0.3620581942761956,0.2116818077142655,0.9553190374382349,0.5561249726935323,0.0,0.14035087719298245,0.09379248827359338
1881,114,100.0,114,0,114,0,0,0.0,3.424739684132556,3.3634133712676433,12.434024101425695,2.6281394859712135,1.3692120287767013,2.034679105425189,6.394736842105263,5.849841044843197,0.43108845700050846,0.0,0.0,0.0,0.0,0.0,0,0,0,0,0,0.0,0.2807017543859649,0.36422406259694295,0.2055583983443125,0.9511312784037282,0.5555310254844533,0.0,0.14035087719298245,0.0939946896037003
1882,114,100.0,114,0,114,0,0,0.0,3.4877737147748054,3.424412887196636,14.008292873109866,2.6346556721012417,1.3260834154452237,1.9636844594167975,6.394736842105263,5.849841044843197,0.43922290328004254,0.0,0.0,0.0,0.0,0.0,0,0,0,0,0,0.0,0.2807017543859649,0.38237037138938457,0.1965589016781188,0.9506997069001455,0.5667564138615451,0.0,0.15789473684210525,0.09450045302230795
1883,114,100.0,114,0,114,0,0,0.0,3.448480978917891,3.3864173138200946,12.233114848798731,2.639012527183193,1.3631444532093966,2.000545812649103,6.394736842105263,5.849841044843197,0.43440907867903267,0.0,0.0,0.0,0.0,0.0,0,0,0,0,0,0.0,0.2719298245614035,0.3652094986075594,0.2243979013478822,0.9566414433664159,0.5583042346819657,0.0,0.14035087719298245,0.09443142389144754
1884,114,100.0,114,0,114,0,0,0.0,3.4688418994283743,3.405575804349822,12.915306048113292,2.6440111061623615,1.3341924136178478,1.9812500517419993,6.394736842105263,5.849841044843197,0.43946892208692345,0.0,0.0,0.0,0.0,0.0,0,0,0,0,0,0.0,0.2719298245614035,0.3750144734554446,0.22061799940551063,0.956300853617535,0.5654328036560268,0.0,0.14035087719298245,0.0946794329563911
1885,114,100.0,114,0,114,0,0,0.0,3.468547242593388,3.405255151486628,12.751922499374379,2.6487022700705043,1.333340102388032,1.9711699852163655,6.394736842105263,5.849841044843197,0.4397663834298471,0.0,0.0,0.0,0.0,0.0,0,0,0,0,0,0.0,0.2807017543859649,0.37356295070283374,0.21967879585466396,0.9428301915086873,0.5665045075570022,0.0,0.14035087719298245,0.09481517248810586
1886,114,100.0,114,0,114,0,0,0.0,3.465999330700132,3.4026445051370233,14.10089989144386,2.6529968334175122,1.3233129330622873,2.020341734991676,6.394736842105263,5.849841044843197,0.44229611697096294,0.0,0.0,0.0,0.0,0.0,0,0,0,0,0,0.0,0.30701754385964913,0.3876505495333005,0.19384203825186697,0.9458518543446772,0.5758120550097057,0.0,0.17543859649122806,0.09492804549332462
1887,114,100.0,114,0,114,0,0,0.0,3.446054839072074,3.3830645362999525,13.598637960338323,2.6561238539922716,1.3373337912707566,2.027133905905858,6.394736842105263,5.849841044843197,0.4406469337304453,0.0,0.0,0.0,0.0,0.0,0,0,0,0,0,0.0,0.3157894736842105,0.3822646626425464,0.1967816370799708,0.9458518543446772,0.5708006433818706,0.0,0.17543859649122806,0.09491978590171582
1888,113,99.12280701754386,114,1,113,0,0,0.008771929824561403,3.414328973925929,3.350789282948519,12.226576212622529,2.657635356351872,1.3678723117093865,2.0414077591911117,6.394736842105263,5.849841044843197,0.438065796363148,0.44780324721549697,0.14602343505866552,0.0,0.44780324721549697,-0.004968724083781018,0,1,0,0,0,0.0,0.3157894736842105,0.37081733415126217,0.20657449621609664,0.9499937885439285,0.5689435955632383,0.008771929824561403,0.17543859649122806,0.09480536681869793
1889,113,99.12280701754386,114,0,114,0,0,0.0,3.4347914730181763,3.3709588924630687,12.718737728254307,2.6599245019706124,1.311782896029341,1.9956104274192823,6.394736842105263,5.849841044843197,0.44062907040605825,0.0,0.0,0.0,0.0,0.0,0,0,0,0,0,0.0,0.30701754385964913,0.3761573646387611,0.2006313181723308,0.951569575751801,0.5781505929622817,0.0,0.17543859649122806,0.09497463500414982
1890,113,99.12280701754386,114,0,113,1,0,0.0,3.4492523499211596,3.384247777034849,13.368478170977285,2.6627016391086373,1.2848211074120486,1.9733220691075006,6.394736842105263,5.849841044843197,0.4450898393046856,0.034439875955559605,0.10453806789038292,0.0,0.034439875955559605,0.00484983286600138,0,0,0,1,0,1.0,0.2982456140350877,0.385474605073686,0.19154932916276268,0.9547733161419054,0.5892514637820929,0.0,0.14035087719298245,0.09512816844275063
1891,113,99.12280701754386,114,0,112,2,0,0.0,3.4590784226041804,3.3937649171407367,13.603845362316338,2.665761708193058,1.2701890777813822,1.9353994857785322,6.394736842105263,5.849841044843197,0.44833197523882795,0.022798739767235877,0.07933968994217575,0.0,0.022798739767235877,0.007138506755618612,0,0,0,2,0,1.0,0.2982456140350877,0.3904671681164118,0.18548474147906582,0.9584811554543684,0.5962510377624161,0.0,0.14035087719298245,0.09526680339481622
1892,113,99.12280701754386,114,0,114,0,0,0.0,3.4637978576969486,3.397638827595891,13.880991511388402,2.6688240621832535,1.2445519788155845,1.9243381861801558,6.394736842105263,5.849841044843197,0.45132150490404865,0.0,0.0,0.0,0.0,0.0,0,0,0,0,0,0.0,0.30701754385964913,0.3958978117035083,0.1914251372509196,0.9594282256520518,0.592866291622189,0.0,0.10526315789473684,0.09537997199060849
1893,114,100.0,114,0,114,0,0,0.0,3.4538180935867286,3.3882732598543828,13.793336727578914,2.671268976672133,1.2905699252489606,1.9738934049674988,6.394736842105263,5.849841044843197,0.4474155737549257,0.0,0.0,0.0,0.0,0.0,0,0,0,0,0,0.0,0.3157894736842105,0.39132172951000266,0.1850555572668533,0.9556830184360372,0.5848297314012687,0.0,0.14035087719298245,0.09540158497569828
1894,114,100.0,114,0,114,0,0,0.0,3.4396540875238926,3.3754886269566833,11.666873693469107,2.6729725629875847,1.3223492198571136,2.0187210634118324,6.394736842105263,5.849841044843197,0.4432737663835926,0.0,0.0,0.0,0.0,0.0,0,0,0,0,0,0.0,0.2807017543859649,0.36961909696703626,0.21793772242572151,0.9551510987982478,0.5752166470987121,0.0,0.10526315789473684,0.09538059349114192
1895,114,100.0,114,0,114,0,0,0.0,3.446230082270407,3.3816435545935426,11.643126355687176,2.6748645349980658,1.3481509968452345,2.027649542619106,6.394736842105263,5.849841044843197,0.4408467151548827,0.0,0.0,0.0,0.0,0.0,0,0,0,0,0,0.0,0.2807017543859649,0.36636985229949254,0.21772967459276393,0.9726416787762819,0.5683526874393774,0.0,0.10526315789473684,0.09546881214248752
1896,114,100.0,114,0,113,1,0,0.0,3.4734267442584326,3.4081823151693644,11.772813845820219,2.6778878099004864,1.3143914170049107,1.9677163498266268,6.394736842105263,5.849841044843197,0.44187814463380004,0.06743839255518,0.10925608578440729,0.0,0.06743839255518,0.004645754441060079,0,0,0,1,0,0.0,0.2719298245614035,0.3667692462698972,0.2128322167920884,0.9656663850256019,0.5722757779454813,0.0,0.10526315789473684,0.09569322384049778
1897,114,100.0,114,0,114,0,0,0.0,3.451138859540664,3.38582406093502,11.878399770953402,2.679687890160278,1.3344860218871897,1.9756612015573902,6.394736842105263,5.849841044843197,0.4412545461482502,0.0,0.0,0.0,0.0,0.0,0,0,0,0,0,0.0,0.2631578947368421,0.36781344977654173,0.20922617246740804,0.9510512359411842,0.5691147982021907,0.0,0.10526315789473684,0.09563443533384763
1898,114,100.0,114,0,114,0,0,0.0,3.4313543282499683,3.365882733929347,11.960947829126162,2.6804494398405407,1.3523374075799912,1.9699010678216398,6.394736842105263,5.849841044843197,0.4412998238911199,0.0,0.0,0.0,0.0,0.0,0,0,0,0,0,0.0,0.2894736842105263,0.36928446367226836,0.20827378732820673,0.9567880967378106,0.5661785850695622,0.0,0.07017543859649122,0.0955577874002806
1899,114,100.0,114,0,114,0,0,0.0,3.411117121711352,3.345582422411452,11.688851064026288,2.680216411310707,1.3526645510310225,1.9911123726121298,6.394736842105263,5.849841044843197,0.44242763287710374,0.0,0.0,0.0,0.0,0.0,0,0,0,0,0,0.0,0.2894736842105263,0.3694520159182035,0.2150506013980629,0.9730512142924077,0.5637800425793237,0.0,0.10526315789473684,0.09544978546829531
1900,114,100.0,114,0,113,1,0,0.0,3.414921803894648,3.3496849402117266,11.239028583434692,2.680189007195579,1.3369326435802547,1.9630738590245407,6.394736842105263,5.849841044843197,0.44069331137693424,0.02990846237651612,0.10827874744765023,0.0,0.02990846237651612,0.001961642208169856,0,0,0,1,0,1.0,0.2894736842105263,0.3635764465819996,0.22263139812073693,0.9719794534332968,0.5568262200805492,0.0,0.14035087719298245,0.09546800733062444
1901,114,100.0,114,0,114,0,0,0.0,3.412360543531634,3.3465440580150747,12.141818611620328,2.680016216884899,1.3491923339130079,1.9720065791010206,6.394736842105263,5.849841044843197,0.44067351933018073,0.0,0.0,0.0,0.0,0.0,0,0,0,0,0,0.0,0.2631578947368421,0.37139928266091765,0.20490893735671722,0.9618659879218484,0.5592541433078183,0.0,0.14035087719298245,0.09545014704955153
1902,114,100.0,114,0,113,1,0,0.0,3.4447138118137777,3.378144127982695,13.257404372942004,2.6813323776232645,1.3294614470429063,2.0239124765655157,6.394736842105263,5.849841044843197,0.4437007626288494,0.011129370475758151,0.05324229100776729,0.0,0.011129370475758151,0.007581508995318287,0,0,0,1,0,1.0,0.2807017543859649,0.3816808864655384,0.19399921109656948,0.9702354067920954,0.567032673527001,0.0,0.12280701754385964,0.09565041004650676
1903,113,99.12280701754386,114,1,112,1,0,0.008771929824561403,3.4127441253191044,3.3439641294254785,12.774694137636885,2.6811599064631118,1.354858968652646,2.023051729864294,6.394736842105263,5.849841044843197,0.4372203955513505,0.4396036925125896,0.10548295188792974,0.5,0.07481190981406907,0.022587543897690077,0,1,0,1,0,0.5,0.2719298245614035,0.3723502479170473,0.18311009269740283,0.9683830360021134,0.5702462521044973,0.008771929824561403,0.12280701754385964,0.0954855169696748
1904,113,99.12280701754386,114,0,112,2,0,0.0,3.403789553076861,3.3355874061842457,12.485001699994262,2.680417562715823,1.3585093914233566,2.0130104976683865,6.394736842105263,5.849841044843197,0.43646124282020704,0.09149459240214369,0.08935842709495118,0.0,0.09149459240214369,0.0054536959169897425,0,0,0,2,0,0.0,0.2982456140350877,0.3691074077783141,0.17691870182692818,0.9831019726821886,0.574985257581941,0.0,0.12280701754385964,0.09541903114385224
1905,112,98.24561403508773,114,1,113,0,0,0.008771929824561403,3.40988745713632,3.341229039299929,12.00571316383669,2.680055067824552,1.3797231222790656,2.0171454459457046,6.394736842105263,5.849841044843197,0.4326344462585985,0.8985043643681694,0.13039034880744316,1.0,0.10149563563183062,0.0161654186981679,0,1,0,0,0,0.0,0.2807017543859649,0.36082205772015646,0.17281311999705898,0.9864819257549625,0.5713547996770946,0.008771929824561403,0.10526315789473684,0.09543891797668203
1906,112,98.24561403508773,114,0,114,0,0,0.0,3.378939084206977,3.311393213323954,10.903970119007619,2.6782450979218932,1.3834374991405356,1.965816981931945,6.394736842105263,5.849841044843197,0.4285715233430778,0.0,0.0,0.0,0.0,0.0,0,0,0,0,0,0.0,0.2894736842105263,0.34829800225336033,0.1860847282179476,0.9779750274425593,0.5625008179874182,0.0,0.12280701754385964,0.09523123593090278
1907,112,98.24561403508773,114,0,113,1,0,0.0,3.4142425208173153,3.3462545005709567,11.576889521803231,2.6781724722936073,1.3292554290938863,1.8890373314527702,6.394736842105263,5.849841044843197,0.4322939013693119,0.0380734528503292,0.05974406112463193,0.0,0.0380734528503292,0.00702660523081311,0,0,0,1,0,1.0,0.2982456140350877,0.35567608656435096,0.17082485482637766,0.985316504956594,0.5745240091264949,0.0,0.08771929824561403,0.0954056288720482
1908,113,99.12280701754386,114,0,113,1,0,0.0,3.4680530645239513,3.3978698037255577,13.314573823105443,2.6805196257006205,1.2753830366823176,1.9186743142434297,6.394736842105263,5.849841044843197,0.43769748903729266,0.005486200622176072,0.05092749366040021,0.0,0.005486200622176072,-0.012541629178825286,0,0,0,1,0,1.0,0.2894736842105263,0.37225890478934137,0.15716850183492215,0.9867847457251717,0.58303160132327,0.0,0.08771929824561403,0.09574333396227583
1909,113,99.12280701754386,114,0,113,1,0,0.0,3.480882983863493,3.4114414910843696,12.102762269324089,2.6833646120743193,1.281554718011865,1.883424042290626,6.394736842105263,5.849841044843197,0.43452971725587775,0.03890423677036807,0.05810412614373496,0.0,0.03890423677036807,-0.0004482936060012932,0,0,0,1,0,1.0,0.2894736842105263,0.3580856241778632,0.1716682402713591,0.9912272002896376,0.5816316975261185,0.0,0.08771929824561403,0.09589069714927795
1910,114,100.0,114,0,112,2,0,0.0,3.4817773037329323,3.4126567842836586,12.135481409820189,2.686100045443719,1.2675784123061808,1.8306910912688714,6.394736842105263,5.849841044843197,0.433777182354252,0.0321585455394915,0.08102789379888986,0.0,0.0321585455394915,0.0029432513089548973,0,0,1,1,0,1.0,0.2894736842105263,0.3578366145749771,0.16432322876978098,0.9838453965523657,0.5851041315787557,0.0,0.08771929824561403,0.0959751780006239
1911,114,100.0,114,0,112,2,0,0.0,3.4664362256395167,3.3981423385172933,11.66344546468181,2.6879962027044244,1.2964087627945546,1.8893591931095475,6.394736842105263,5.849841044843197,0.4301241537972762,0.10787355723130601,0.060896626126778444,0.0,0.10787355723130601,0.012023956921350942,0,0,0,2,0,0.5,0.30701754385964913,0.3507194520339938,0.17278640252680244,0.9849225116332017,0.5783507275941702,0.0,0.08771929824561403,0.09595393370301257
1912,113,99.12280701754386,114,1,112,1,0,0.008771929824561403,3.4903214849109174,3.4289941090892344,12.671379184220267,2.690839013907207,1.2767252669218494,1.8338642208105076,6.394736842105263,5.849841044843197,0.43249053068387244,0.5611101651290302,0.10840505112824349,0.5,0.0618403898640665,0.01723525704058365,0,1,0,1,0,0.5,0.2982456140350877,0.36051216583904383,0.1669103044332511,0.9907390547050702,0.5759108120741155,0.008771929824561403,0.08771929824561403,0.09615650996765346
1913,113,99.12280701754386,114,0,114,0,0,0.0,3.489685542429588,3.4282694896360177,12.670318165222353,2.6938678614070604,1.3014877991751677,1.8484091774563591,6.394736842105263,5.849841044843197,0.4327899361074501,0.0,0.0,0.0,0.0,0.0,0,0,0,0,0,0.0,0.2894736842105263,0.3602872253234219,0.1707928083357751,0.9783052553817886,0.5754954007110108,0.0,0.08771929824561403,0.09624192163736288
1914,113,99.12280701754386,114,0,114,0,0,0.0,3.521678598655663,3.4587061446001868,13.634849741040906,2.698143922890499,1.2388553312510642,1.7949291904322642,6.394736842105263,5.849841044843197,0.4424329839985772,0.0,0.0,0.0,0.0,0.0,0,0,0,0,0,0.0,0.2982456140350877,0.37719430821740785,0.1658641440312935,0.9767321981413741,0.5861075757321865,0.0,0.12280701754385964,0.09652695831837371
1915,113,99.12280701754386,114,0,114,0,0,0.0,3.5300058600158715,3.4678772953540773,12.60917249487509,2.7025990397670454,1.250131554169323,1.7964257541921445,6.394736842105263,5.849841044843197,0.43834264173948956,0.0,0.0,0.0,0.0,0.0,0,0,0,0,0,0.0,0.2543859649122807,0.36398262047967167,0.16995941672215303,0.9743041724870626,0.5853672672028492,0.0,0.05263157894736842,0.09669890325299474
1916,113,99.12280701754386,114,0,114,0,0,0.0,3.5356920606540556,3.474190882114319,12.605146613966703,2.7070890072197127,1.2346385443964945,1.7764250700580289,6.394736842105263,5.849841044843197,0.4382833858378252,0.0,0.0,0.0,0.0,0.0,0,0,0,0,0,0.0,0.2631578947368421,0.36353586255827386,0.16904629786707898,0.9790953295457556,0.590713608325774,0.0,0.08771929824561403,0.09685866223565877
1917,114,100.0,114,0,113,1,0,0.0,3.538364380384231,3.4760869251696933,12.8659963322938,2.7114050511173398,1.2310008165807071,1.7795053149390567,6.394736842105263,5.849841044843197,0.43962086365661057,0.0027783957659141077,0.05290653080892975,0.0,0.0027783957659141077,-0.0016970011651936678,0,0,1,0,0,1.0,0.2719298245614035,0.36763407269641346,0.16763307282427684,0.9864710601230923,0.5931842896432431,0.0,0.08771929824561403,0.09699826468802807
1918,114,100.0,114,0,114,0,0,0.0,3.511665770739276,3.4496508171882643,12.473281645698867,2.714231437071244,1.263846817937618,1.7995827775162183,6.394736842105263,5.849841044843197,0.43925077833286696,0.0,0.0,0.0,0.0,0.0,0,0,0,0,0,0.0,0.2982456140350877,0.3656389096117818,0.17603885615961037,0.9799560660928461,0.5899204752921483,0.0,0.05263157894736842,0.09694744118261187
1919,114,100.0,114,0,114,0,0,0.0,3.5278756724701883,3.4656729930949868,12.52991372292694,2.717642301397507,1.2763489264366759,1.8048368786854259,6.394736842105263,5.849841044843197,0.4378701711782855,0.0,0.0,0.0,0.0,0.0,0,0,0,0,0,0.0,0.2894736842105263,0.36368603056789844,0.1757534900210408,0.9807660125943667,0.5908504777762078,0.0,0.05263157894736842,0.09712825576193726
1920,114,100.0,114,0,114,0,0,0.0,3.53363781564138,3.4714039367076763,12.363336836365301,2.7211218364557963,1.2702286741831963,1.8374901877194356,6.394736842105263,5.849841044843197,0.4389831796780579,0.0,0.0,0.0,0.0,0.0,0,0,0,0,0,0.0,0.2894736842105263,0.3639723801429398,0.17749928996513933,0.9737292648785353,0.5900020212125507,0.0,0.05263157894736842,0.09725884011279798
1921,114,100.0,114,0,114,0,0,0.0,3.5668735574595343,3.5032456139477763,12.986781932558719,2.725887974247723,1.2432481219313951,1.7994238958832662,6.394736842105263,5.849841044843197,0.4422603698777683,0.0,0.0,0.0,0.0,0.0,0,0,0,0,0,0.0,0.3157894736842105,0.37116576298945264,0.1759444657737184,0.9739441202488502,0.591153640509922,0.0,0.05263157894736842,0.09756442456429171
1922,114,100.0,114,0,114,0,0,0.0,3.550087533524199,3.487588200613457,12.88052515880309,2.72964255352141,1.2748707639659012,1.8532509756676356,6.394736842105263,5.849841044843197,0.4391271933814267,0.0,0.0,0.0,0.0,0.0,0,0,0,0,0,0.0,0.3157894736842105,0.36852721734064076,0.17518299662081388,0.9743041724870626,0.5832539863999127,0.0,0.05263157894736842,0.09759031290432169
1923,114,100.0,114,0,114,0,0,0.0,3.5341675990590447,3.472341296146401,12.590048276142856,2.732463960135219,1.3183467866321954,1.8991427565908454,6.394736842105263,5.849841044843197,0.435726406831892,0.0,0.0,0.0,0.0,0.0,0,0,0,0,0,0.0,0.30701754385964913,0.3627539356847133,0.1811811963912334,0.9739441202488502,0.5767449692145239,0.0,0.05263157894736842,0.09759323713306417
1924,114,100.0,114,0,114,0,0,0.0,3.576516649346582,3.512150235928748,14.120619021380566,2.7369833267060146,1.2791533364219927,1.884381578015126,6.394736842105263,5.849841044843197,0.4415465431608854,0.0,0.0,0.0,0.0,0.0,0,0,0,0,0,0.0,0.3333333333333333,0.37862358690612546,0.1783674967534068,0.9746185943313863,0.5793492267693219,0.0,0.05263157894736842,0.09793717026481452
1925,114,100.0,114,0,114,0,0,0.0,3.5445671233502694,3.4816934070791223,13.59030606765701,2.7398129766561823,1.3011242116411281,1.8882574700350876,6.394736842105263,5.849841044843197,0.44030850615008355,0.0,0.0,0.0,0.0,0.0,0,0,0,0,0,0.0,0.3157894736842105,0.37483854712467196,0.1798356406182243,0.9746185943313863,0.5792933493760862,0.0,0.05263157894736842,0.09786018764693812
1926,114,100.0,114,0,114,0,0,0.0,3.5384078011298534,3.475761185570853,14.407635520014965,2.7421994761592114,1.3074038066571674,1.8995670308769157,6.394736842105263,5.849841044843197,0.43936406664189387,0.0,0.0,0.0,0.0,0.0,0,0,0,0,0,0.0,0.3333333333333333,0.3804570389863948,0.1633204936935148,0.9892249314124743,0.5798265214225818,0.0,0.05263157894736842,0.09789919424956761
1927,113,99.12280701754386,114,1,113,0,0,0.008771929824561403,3.536560611267109,3.4871020879747636,14.539483651367176,2.744399358035991,1.304764617747939,1.8851698719404182,6.394736842105263,5.849841044843197,0.4383667047089119,0.22059966197554948,0.06656934949814808,0.0,0.22059966197554948,0.02613896190392262,0,1,0,0,0,0.0,0.30701754385964913,0.37952523142441064,0.16294917627610003,0.9838043737551376,0.5785886031037778,0.008771929824561403,0.05263157894736842,0.09795430309673686
1928,113,99.12280701754386,114,0,114,0,0,0.0,3.5302262120315926,3.4806697090640637,13.950539886416673,2.7467472741761916,1.3301757064406268,1.881715638946482,6.394736842105263,5.849841044843197,0.4393501716802979,0.0,0.0,0.0,0.0,0.0,0,0,0,0,0,0.0,0.3157894736842105,0.37642816025212666,0.1750816098138918,0.9724710621692324,0.5768313669592451,0.0,0.05263157894736842,0.09799130578159325
1929,113,99.12280701754386,114,0,114,0,0,0.0,3.517259285931237,3.46774008849947,13.870849408531571,2.74835275115374,1.3614352477864358,1.9346179080459291,6.394736842105263,5.849841044843197,0.4372061982043247,0.0,0.0,0.0,0.0,0.0,0,0,0,0,0,0.0,0.30701754385964913,0.37389029459346035,0.17933998466706585,0.9752753175384792,0.5722757177815754,0.0,0.08771929824561403,0.09797343007669053
1930,113,99.12280701754386,114,0,113,1,0,0.0,3.5373808907519275,3.4877315520761285,13.910956709394824,2.7507998853535076,1.3366413059264841,1.9199848323425004,6.394736842105263,5.849841044843197,0.43681979395803316,0.9725263938975923,0.1833380392675466,1.0,0.027473606102407677,0.024743941727274343,0,0,0,1,0,1.0,0.2982456140350877,0.3723947938208787,0.18397380400591404,0.9759624412661061,0.5724863627086869,0.0,0.05263157894736842,0.0981456148312142
1931,113,99.12280701754386,114,0,114,0,0,0.0,3.517807629907783,3.4690364033249135,13.552290542724549,2.752228956904402,1.376013061941058,1.9971788932174503,6.394736842105263,5.849841044843197,0.43304916110287817,0.0,0.0,0.0,0.0,0.0,0,0,0,0,0,0.0,0.2982456140350877,0.3672795554032728,0.18022638445840558,0.9778306383507276,0.5687362886463222,0.0,0.08771929824561403,0.09808954773406567
1932,113,99.12280701754386,114,1,113,0,0,0.008771929824561403,3.5255562975541226,3.4717337720323638,14.272453180028146,2.7539160720351075,1.3956595419136704,2.0259698167638387,6.394736842105263,5.849841044843197,0.4342773985639774,0.9613148747309874,0.18528100808758874,1.0,0.03868512526901258,0.01947879432333055,1,0,0,0,0,1.0,0.32456140350877194,0.3743220344214599,0.17345144170238463,0.9739020867316851,0.5741358529418833,0.008771929824561403,0.07017543859649122,0.09817763784899225
1933,113,99.12280701754386,114,0,114,0,0,0.0,3.515394822552282,3.4621845907299487,13.957095397794783,2.75484219550207,1.4008168304097406,2.0192177551493375,6.394736842105263,5.849841044843197,0.4341408394538191,0.0,0.0,0.0,0.0,0.0,0,0,0,0,0,0.0,0.32456140350877194,0.37285189269161845,0.1754698997338057,0.9710104075162531,0.5756108154272822,0.0,0.07017543859649122,0.0981539188493312
1934,113,99.12280701754386,114,0,114,0,0,0.0,3.5129354295640307,3.459549427439211,15.088777274662617,2.7555908199273116,1.4240940999328884,2.0552678751576847,6.394736842105263,5.849841044843197,0.4328157115169762,0.0,0.0,0.0,0.0,0.0,0,0,0,0,0,0.0,0.2982456140350877,0.380009449099859,0.16395689572023434,0.9825355803218896,0.5747291432824793,0.0,0.08771929824561403,0.0981635185538397
1935,113,99.12280701754386,114,0,114,0,0,0.0,3.5034997054111363,3.4515905428013363,13.069839243376519,2.755923185333448,1.4442249999732377,2.056406006535896,6.394736842105263,5.849841044843197,0.4283777079154145,0.0,0.0,0.0,0.0,0.0,0,0,0,0,0,0.0,0.3157894736842105,0.3604413969839286,0.18189628328460436,0.972722782720613,0.5720925984345023,0.0,0.07017543859649122,0.09812606135704872
1936,113,99.12280701754386,114,0,114,0,0,0.0,3.4966643948448852,3.445604092774283,13.608094223499169,2.755955949642987,1.4138369420222359,2.037570830672096,6.394736842105263,5.849841044843197,0.43043760811380904,0.0,0.0,0.0,0.0,0.0,0,0,0,0,0,0.0,0.34210526315789475,0.36802809072537573,0.17439892420618983,0.9888887993039995,0.5804542457975382,0.0,0.05263157894736842,0.09809284313423122
1937,114,100.0,114,0,113,1,0,0.0,3.4967306624602266,3.445842194348683,12.63898772619194,2.7559979401434016,1.4111452348978144,2.001018309058065,6.394736842105263,5.849841044843197,0.4292706833944582,0.39613168421319367,0.1312445303298564,0.0,0.39613168421319367,0.0031449206946942976,0,0,0,1,0,0.0,0.3508771929824561,0.35867399808235373,0.1832304411629224,0.9904848825639039,0.5794439172489467,0.0,0.05263157894736842,0.09809440266107201
1938,113,99.12280701754386,114,1,113,0,0,0.008771929824561403,3.4784420602475286,3.430386859651927,12.208597367769212,2.75521547133262,1.434431671299028,1.991552308792095,6.394736842105263,5.849841044843197,0.4280984442468625,0.4488215783783829,0.13358140445528716,0.0,0.4488215783783829,0.007998775431880656,0,1,0,0,0,0.0,0.35964912280701755,0.35439563439760624,0.18481978527050166,0.99301733136523,0.574138392528969,0.008771929824561403,0.017543859649122806,0.09798007305918041
1939,113,99.12280701754386,114,0,114,0,0,0.0,3.4837311397359825,3.4359498232977415,12.249231703058872,2.7548378282515253,1.4335417902768346,2.0021645282397516,6.394736842105263,5.849841044843197,0.42817496913755093,0.0,0.0,0.0,0.0,0.0,0,0,0,0,0,0.0,0.32456140350877194,0.35553748361076115,0.1840860203821426,0.9867401784361566,0.5757558866864063,0.0,0.05263157894736842,0.09799547269664224
1940,112,98.24561403508773,114,1,113,0,0,0.008771929824561403,3.5369102951175844,3.5053461936776604,13.011169354008896,2.7569120875677178,1.3964690082561397,1.9294627311946568,6.394736842105263,5.849841044843197,0.4331426699604455,0.9835862932642243,0.14456081356029443,1.0,0.01641370673577569,0.017799071307894265,1,0,0,0,0,1.0,0.32456140350877194,0.36444978972163505,0.18636278430743924,0.9840926036505205,0.5793318580714161,0.008771929824561403,0.017543859649122806,0.09832203890997782
1941,112,98.24561403508773,114,0,114,0,0,0.0,3.544454049294658,3.51300632859768,13.454033659912357,2.760041341593535,1.3843696741784255,1.9330081260843572,6.394736842105263,5.849841044843197,0.4345510715649501,0.0,0.0,0.0,0.0,0.0,0,0,0,0,0,0.0,0.3157894736842105,0.36926393489663273,0.17913112742563678,0.9728338566810777,0.5847138080528592,0.0,0.017543859649122806,0.09845128587406302
1942,110,96.49122807017544,114,2,112,0,0,0.017543859649122806,3.529131022091409,3.48687141860772,13.555286894950578,2.7622832602206824,1.4013040486348889,1.9900388698977851,6.394736842105263,5.849841044843197,0.43418157155001014,0.8957175771893703,0.16165207944086907,1.0,0.10428242281062972,0.03272664169977968,1,1,0,0,0,0.5,0.3157894736842105,0.37188812532360116,0.17934401471887618,0.9778858909147924,0.5844241634952138,0.017543859649122806,0.05263157894736842,0.09844024507606819
1943,110,96.49122807017544,114,1,113,0,0,0.008771929824561403,3.4885072743689554,3.444413960724088,12.245697785140734,2.762059362520505,1.4460385453003943,1.9758041311910295,6.394736842105263,5.849841044843197,0.42712142683449916,0.9995680997277429,0.16840393867400819,1.0,0.00043190027225714633,0.02502333173407445,0,1,0,0,0,1.0,0.34210526315789475,0.3549164939146735,0.1783001900814818,0.9694846757723647,0.5759154026224524,0.008771929824561403,0.05263157894736842,0.09823057750767422
1944,110,96.49122807017544,114,0,113,1,0,0.0,3.5067334661984173,3.463429340403489,12.092738928218873,2.7625673691400987,1.4150030991319376,1.974720826642224,6.394736842105263,5.849841044843197,0.4235716423048026,0.14518000835582717,0.06240753098434711,0.0,0.14518000835582717,0.018516767617242857,0,0,0,1,0,0.0,0.34210526315789475,0.3476404923397139,0.17085784596553683,0.9715425091224512,0.5803610093093561,0.0,0.05263157894736842,0.09833656725669328
1945,111,97.36842105263158,114,0,114,0,0,0.0,3.5200196587472834,3.476154995266183,13.224153252386833,2.763641202645055,1.4049434504412368,1.943018371847932,6.394736842105263,5.849841044843197,0.4276789195365187,0.0,0.0,0.0,0.0,0.0,0,0,0,0,0,0.0,0.3333333333333333,0.3607493728888394,0.16302728073602854,0.9570139709016597,0.5826654439315012,0.0,0.05263157894736842,0.09843440699600071
1946,111,97.36842105263158,114,0,114,0,0,0.0,3.5145634448136964,3.471544225529334,12.550108058350396,2.764436440436446,1.4183226077192002,1.9848082174522317,6.394736842105263,5.849841044843197,0.4237161130637901,0.0,0.0,0.0,0.0,0.0,0,0,0,0,0,0.0,0.3157894736842105,0.35254371048179256,0.16536063626439787,0.9636546442711045,0.580860165930116,0.0,0.05263157894736842,0.09843038599969522
1947,113,99.12280701754386,114,0,114,0,0,0.0,3.5166302964871825,3.4738757077840607,11.455483891513722,2.7652942684858233,1.421493346169564,1.9382889482658523,6.394736842105263,5.849841044843197,0.42000669288934844,0.0,0.0,0.0,0.0,0.0,0,0,0,0,0,0.0,0.30701754385964913,0.33954409945693587,0.1858405273792282,0.9594524630739806,0.5753187535478339,0.0,0.07017543859649122,0.09846581104672598
1948,114,100.0,114,0,114,0,0,0.0,3.537694679797355,3.494013088291038,11.370172237524269,2.7670443187580775,1.4199543170222177,1.9555873381179998,6.394736842105263,5.849841044843197,0.4189617079632366,0.0,0.0,0.0,0.0,0.0,0,0,0,0,0,0.0,0.3157894736842105,0.3360385444934428,0.19162931280666873,0.9694440947641203,0.569539327278258,0.0,0.08771929824561403,0.0986223205428427
1949,114,100.0,114,0,114,0,0,0.0,3.5692673449234835,3.524272713509939,12.912866393729718,2.770108105852056,1.3887326395122002,1.922564443581663,6.394736842105263,5.849841044843197,0.425204324097352,0.0,0.0,0.0,0.0,0.0,0,0,0,0,0,0.0,0.30701754385964913,0.3543486132297126,0.18209448395442074,0.9473533059080972,0.58008372726566,0.0,0.08771929824561403,0.09886979720594843
1950,114,100.0,114,0,114,0,0,0.0,3.615467037243669,3.5702870176816854,13.214019380864544,2.7751460771926353,1.3496501365065463,1.8769830247157644,6.394736842105263,5.849841044843197,0.4264602746659587,0.0,0.0,0.0,0.0,0.0,0,0,0,0,0,0.0,0.3157894736842105,0.3555460727032877,0.17973498746408584,0.9459215972156991,0.5849754639312473,0.0,0.08771929824561403,0.09924815232520368
1951,111,97.36842105263158,114,3,111,0,0,0.02631578947368421,3.602682045484485,3.558748330382896,13.34148360972409,2.779301672577982,1.3979468545806601,1.9805993149956362,6.394736842105263,5.849841044843197,0.42846674486055925,0.7909943453308198,0.1461457616222431,1.0,0.2090056546691803,0.019746010183030054,0,3,0,0,0,0.3333333333333333,0.30701754385964913,0.3598762989954643,0.1903366514381511,0.966747914647971,0.5825659119666092,0.02631578947368421,0.05263157894736842,0.09930577522866256
1952,111,97.36842105263158,114,0,114,0,0,0.0,3.612656220132823,3.5685836065444088,12.974063945215185,2.783722117403646,1.4137766430496932,1.9623840154606955,6.394736842105263,5.849841044843197,0.42698020147366944,0.0,0.0,0.0,0.0,0.0,0,0,0,0,0,0.0,0.32456140350877194,0.35579073970911357,0.20080881201956294,0.9429732003730654,0.5772328715169375,0.0,0.08771929824561403,0.09948494059979242
1953,111,97.36842105263158,114,0,114,0,0,0.0,3.604732075564888,3.560690554534442,13.131852175238478,2.787514588436598,1.417252627179681,1.9892545000022988,6.394736842105263,5.849841044843197,0.4285322524372297,0.0,0.0,0.0,0.0,0.0,0,0,0,0,0,0.0,0.3157894736842105,0.35900260384976934,0.19702106181621745,0.9421347092332351,0.5819997209326724,0.0,0.08771929824561403,0.09955624664050246
1954,111,97.36842105263158,114,0,114,0,0,0.0,3.591543107310034,3.547944509298084,13.097499637082922,2.7904887072337865,1.3918803636684904,1.9523148773340349,6.394736842105263,5.849841044843197,0.43096503894033966,0.0,0.0,0.0,0.0,0.0,0,0,0,0,0,0.0,0.32456140350877194,0.3619163707254915,0.19371685708000477,0.9353344716831222,0.5836526000461734,0.0,0.08771929824561403,0.09957729241028834
1955,111,97.36842105263158,114,0,114,0,0,0.0,3.5812811577694155,3.5385327393917314,12.526268751662457,2.792848385945631,1.3959706120847157,1.97980700938661,6.394736842105263,5.849841044843197,0.42924399650349976,0.0,0.0,0.0,0.0,0.0,0,0,0,0,0,0.0,0.32456140350877194,0.3550506743203537,0.19761278461514536,0.9525798060597116,0.5801036442607119,0.0,0.08771929824561403,0.0995950013894912
1956,114,100.0,114,0,114,0,0,0.0,3.587098299994297,3.5450403980628047,12.719763286788469,2.7953745773540635,1.3895416831689125,2.0196656075019686,6.394736842105263,5.849841044843197,0.4273817477189046,0.0,0.0,0.0,0.0,0.0,0,0,0,0,0,0.0,0.3157894736842105,0.3534517333986997,0.18707387834912617,0.969126148281714,0.5840583679427606,0.0,0.08771929824561403,0.09969797619155651
1957,114,100.0,114,0,114,0,0,0.0,3.6111396564702796,3.5691631075714145,12.92057716424682,2.7988819027101837,1.3694495106145268,2.0115035368170013,6.394736842105263,5.849841044843197,0.4266066481408426,0.0,0.0,0.0,0.0,0.0,0,0,0,0,0,0.0,0.3333333333333333,0.3533675676033398,0.18476265876642697,0.9497849220489231,0.5832586837157457,0.0,0.08771929824561403,0.09992076945306569
1958,113,99.12280701754386,114,1,113,0,0,0.008771929824561403,3.654295221252311,3.6169899980366944,14.118366464432507,2.8041463982405626,1.3271070318876108,1.9329382571822786,6.394736842105263,5.849841044843197,0.43254332109062643,0.6717410354296367,0.11939986690091521,1.0,0.3282589645703633,0.01960591052461047,0,1,0,0,0,0.0,0.3157894736842105,0.36761386950913844,0.18051031904848133,0.9543630005302598,0.5891128756693348,0.008771929824561403,0.05263157894736842,0.10029052958714585
1959,113,99.12280701754386,114,0,114,0,0,0.0,3.63117021899195,3.594972793088357,13.335454669484504,2.8083484464796165,1.3389035081042895,1.9335690562695724,6.394736842105263,5.849841044843197,0.4266694746170785,0.0,0.0,0.0,0.0,0.0,0,0,0,0,0,0.0,0.32456140350877194,0.3568454091694904,0.17676063111562976,0.9647441858205379,0.5854098721053206,0.0,0.05263157894736842,0.1002978111471502
1960,112,98.24561403508773,114,1,113,0,0,0.008771929824561403,3.6592010596764744,3.6156900784420514,14.377385851221963,2.81355267772332,1.3369728269644108,1.9787037144351356,6.394736842105263,5.849841044843197,0.4279040433068715,0.9375003118105204,0.16356553334033358,1.0,0.062499688189479596,-0.007669837271133684,0,1,0,0,0,0.0,0.2982456140350877,0.3652542700799955,0.169222932365142,0.9627100726836706,0.5836080820287375,0.008771929824561403,0.017543859649122806,0.1005901849782542
1961,112,98.24561403508773,114,0,114,0,0,0.0,3.6750825050937976,3.630790735192182,14.92046941953289,2.8188807077072853,1.3184307833870845,2.0016083263623488,6.394736842105263,5.849841044843197,0.43109746733069,0.0,0.0,0.0,0.0,0.0,0,0,0,0,0,0.0,0.2982456140350877,0.3712306856780602,0.17166643869503134,0.9630291094170358,0.5885322830379172,0.0,0.10526315789473684,0.10082543284778259
1962,112,98.24561403508773,114,0,114,0,0,0.0,3.6287219573330454,3.585806094682519,13.795398010511066,2.82179183243484,1.3637905473047756,2.0286676939163955,6.394736842105263,5.849841044843197,0.42868611787537914,0.0,0.0,0.0,0.0,0.0,0,0,0,0,0,0.0,0.2894736842105263,0.36156499537423076,0.16762725612298493,0.958209872702718,0.5881667731701251,0.0,0.05263157894736842,0.10067877819356834
1963,113,99.12280701754386,114,0,114,0,0,0.0,3.6363391850611437,3.593395765588424,14.32006935908995,2.8248878479402735,1.3694461356900238,2.075924050916509,6.394736842105263,5.849841044843197,0.42739478713357504,0.0,0.0,0.0,0.0,0.0,0,0,0,0,0,0.0,0.2982456140350877,0.3642977917864023,0.16055789922913913,0.9687423409081473,0.5865953262172748,0.0,0.07017543859649122,0.10080742032510462
1964,113,99.12280701754386,114,0,114,0,0,0.0,3.6446155139835232,3.601673366783265,14.464888475112785,2.828190132669694,1.3556322100556808,2.0659027813653754,6.394736842105263,5.849841044843197,0.42838038485823415,0.0,0.0,0.0,0.0,0.0,0,0,0,0,0,0.0,0.30701754385964913,0.365456812236016,0.16162736293076377,0.9620624471803576,0.5899716932070107,0.0,0.07017543859649122,0.10094539117347613
1965,114,100.0,114,0,114,0,0,0.0,3.653513648640602,3.6093821532078962,14.970209634326546,2.831660000393458,1.3493259406739988,2.076009818256215,6.394736842105263,5.849841044843197,0.43225931304378884,0.0,0.0,0.0,0.0,0.0,0,0,0,0,0,0.0,0.30701754385964913,0.3746569088288981,0.17371688543980596,0.9745926184962831,0.5903799099178315,0.0,0.07017543859649122,0.10109137271991478
1966,114,100.0,114,0,114,0,0,0.0,3.658342086679567,3.614146190707532,14.290399195386744,2.8351498372677506,1.3804629223483742,2.0687570682849947,6.394736842105263,5.849841044843197,0.42706050033558207,0.0,0.0,0.0,0.0,0.0,0,0,0,0,0,0.0,0.2807017543859649,0.3642915275303975,0.1850608777993211,0.9698160288557025,0.5803741220971401,0.0,0.08771929824561403,0.10121758986504482
1967,114,100.0,114,0,114,0,0,0.0,3.6678170122056746,3.6235842850714635,14.332243671545848,2.838877215046536,1.3469185207066157,2.074684383090178,6.394736842105263,5.849841044843197,0.4310339215314185,0.0,0.0,0.0,0.0,0.0,0,0,0,0,0,0.0,0.2894736842105263,0.3682718041402396,0.18907171429644146,0.9765873737403283,0.5853970727517426,0.0,0.08771929824561403,0.10137398733027525
1968,114,100.0,114,0,114,0,0,0.0,3.6619181319018295,3.6182480351106863,13.879322988830813,2.8421368174377517,1.3484272048003805,2.034870778940611,6.394736842105263,5.849841044843197,0.4294287757605355,0.0,0.0,0.0,0.0,0.0,0,0,0,0,0,0.0,0.2982456140350877,0.36349219524031706,0.19188211880500958,0.9820754109000588,0.584620032382965,0.0,0.07017543859649122,0.10143983370804605
1969,114,100.0,114,0,114,0,0,0.0,3.6769688775637044,3.632948752071307,13.781555722802176,2.845893713130107,1.3587359950322628,2.03889446927998,6.394736842105263,5.849841044843197,0.4294266410558778,0.0,0.0,0.0,0.0,0.0,0,0,0,0,0,0.0,0.2982456140350877,0.3613847919311329,0.20017829585434394,0.975808022587811,0.5795816226846621,0.0,0.08771929824561403,0.10162497364946708
1970,114,100.0,114,0,114,0,0,0.0,3.6827803478926544,3.6378114662726975,13.803875718490387,2.8496584052372356,1.3720114730336816,2.0577931945190713,6.394736842105263,5.849841044843197,0.43325400086903976,0.0,0.0,0.0,0.0,0.0,0,0,0,0,0,0.0,0.2719298245614035,0.3651263815814066,0.21230592799230422,0.9628254595186566,0.577376136298542,0.0,0.08771929824561403,0.10176414525315922
1971,114,100.0,114,0,114,0,0,0.0,3.672512380025975,3.626982269007721,14.172483202695089,2.852696076179123,1.3915996196478109,2.1200684137570436,6.394736842105263,5.849841044843197,0.4342935689074747,0.0,0.0,0.0,0.0,0.0,0,0,0,0,0,0.0,0.2894736842105263,0.3700556015177892,0.20617699168976178,0.9821484750706072,0.5768933773479467,0.0,0.07017543859649122,0.10180165487460872
1972,114,100.0,114,0,114,0,0,0.0,3.689625120230974,3.644318830692035,14.108024404115426,2.856367377240383,1.3448451519389577,2.042453303764526,6.394736842105263,5.849841044843197,0.4348748258966899,0.0,0.0,0.0,0.0,0.0,0,0,0,0,0,0.0,0.2982456140350877,0.36908985937342936,0.20515219540996532,0.9875173851411947,0.5813560280440978,0.0,0.03508771929824561,0.1019946012138144
1973,114,100.0,114,0,114,0,0,0.0,3.7155780744866282,3.6692083646160714,15.24529373227355,2.860988711562368,1.2944367704527537,1.9937648196413942,6.394736842105263,5.849841044843197,0.44081129648873496,0.0,0.0,0.0,0.0,0.0,0,0,0,0,0,0.0,0.3157894736842105,0.38335066119150735,0.19779503323654327,0.9859113850157221,0.5949114441343154,0.0,0.07017543859649122,0.10225953634108612
1974,114,100.0,114,0,113,1,0,0.0,3.7312095263055967,3.684792255767975,15.267686201304576,2.866069011461158,1.297424145537464,1.9892256465656082,6.394736842105263,5.849841044843197,0.43956576608051834,0.5442012463564321,0.1332743707283836,1.0,0.4557987536435679,-0.007557839038288883,0,0,0,1,0,0.0,0.3157894736842105,0.3818107834702485,0.2021861628954271,0.987199260504006,0.5915124627872156,0.0,0.07017543859649122,0.10248628833452122
1975,112,98.24561403508773,114,2,111,1,0,0.017543859649122806,3.7510840794792406,3.7098502945310594,16.02789711275676,2.8717623056288137,1.342690009363978,2.0024248967996088,6.394736842105263,5.849841044843197,0.44022171909738295,0.6169803704030964,0.1337520988170957,0.6666666666666666,0.0504140691496229,0.01897942718311792,0,2,0,1,0,0.6666666666666666,0.2631578947368421,0.3867025094136761,0.20011374612741423,0.9674423103020287,0.5911482154941214,0.017543859649122806,0.05263157894736842,0.10275218542990106
1976,112,98.24561403508773,114,0,114,0,0,0.0,3.7648698848590194,3.7230797179588166,15.988968475634964,2.8780041719425142,1.3236274103963983,1.9892161274995883,6.394736842105263,5.849841044843197,0.4414284645140161,0.0,0.0,0.0,0.0,0.0,0,0,0,0,0,0.0,0.2543859649122807,0.38702228437964714,0.20836863974088926,0.9700707689728718,0.5908653748859745,0.0,0.05263157894736842,0.10300368408559149
1977,112,98.24561403508773,114,0,114,0,0,0.0,3.768076220748488,3.726634373601571,15.917818110246895,2.884047252362465,1.3697355733562022,2.0312216224585895,6.394736842105263,5.849841044843197,0.4371132612378106,0.0,0.0,0.0,0.0,0.0,0,0,0,0,0,0.0,0.24561403508771928,0.38203147186254316,0.20306507430118523,0.9785302500359683,0.5837980113904551,0.0,0.017543859649122806,0.10319647106442842
1978,112,98.24561403508773,114,0,114,0,0,0.0,3.769233556405058,3.728072248280312,16.078017917483212,2.8898041128901415,1.388332755499912,2.0484188135910917,6.394736842105263,5.849841044843197,0.43250325624576424,0.0,0.0,0.0,0.0,0.0,0,0,0,0,0,0.0,0.23684210526315788,0.3788435510655157,0.19580527341782816,0.9802010067726257,0.5779459381598082,0.0,0.05263157894736842,0.10337064133773247
1979,112,98.24561403508773,114,0,114,0,0,0.0,3.84027910772385,3.797654854581939,17.28909978367173,2.898480583718579,1.3295990965950515,1.9920524413734073,6.394736842105263,5.849841044843197,0.4395963266723275,0.0,0.0,0.0,0.0,0.0,0,0,0,0,0,0.0,0.2719298245614035,0.39040882549018413,0.20020854256329235,0.970489322472115,0.5882804284932193,0.0,0.017543859649122806,0.10397964897020931
1980,112,98.24561403508773,114,2,112,0,0,0.017543859649122806,3.867696398106417,3.8508274266906355,18.51008340926459,2.907912812946691,1.3058609470974063,1.9969222390830041,6.394736842105263,5.849841044843197,0.44404331001303765,0.8013324356083248,0.14856630012483957,1.0,0.1986675643916752,0.02253569744905143,1,1,0,0,0,0.5,0.2543859649122807,0.40088321046502073,0.1971324592330924,0.9605953391591848,0.590597816427378,0.017543859649122806,0.05263157894736842,0.10439262063053704
1981,111,97.36842105263158,114,1,112,0,1,0.008771929824561403,3.8628696083356893,3.8404647451622043,19.04069173036048,2.917746460328055,1.3562018806557339,2.040406410614832,6.394736842105263,5.849841044843197,0.44476964815260045,0.8279446821122005,0.17755818884367128,1.0,0.17205531788779954,-0.06859498517850493,0,2,0,0,0,0.5,0.2807017543859649,0.405888501234907,0.19518435165434037,0.965267918907653,0.5881089777316222,0.008771929824561403,0.03508771929824561,0.10465611305204349
1982,111,97.36842105263158,114,0,113,1,0,0.0,3.873112768852929,3.8510489448589005,18.40772031100493,2.9272871237740103,1.3777166467475914,2.044764447966217,6.394736842105263,5.849841044843197,0.44448385311645655,0.2490995903733233,0.13630036702054982,0.0,0.2490995903733233,-0.06043237968093562,0,0,0,1,0,0.0,0.2807017543859649,0.3999028878888179,0.20467096583478528,0.9595701155385057,0.5830319256016608,0.0,0.03508771929824561,0.10498638567773562
1983,111,97.36842105263158,114,0,113,1,0,0.0,3.861141446016424,3.8380028628500145,18.091001857495318,2.935659133525674,1.3969999505675692,2.0710950844200764,6.394736842105263,5.849841044843197,0.4444223136379699,0.15983358397064656,0.14039733979451163,0.0,0.15983358397064656,-0.06390662690470594,0,0,0,1,0,0.0,0.2894736842105263,0.39800346086760996,0.21094951408943305,0.9809189297078816,0.5832998402131545,0.0,0.05263157894736842,0.10517140369491865
1984,111,97.36842105263158,114,0,114,0,0,0.0,3.891834771476625,3.8688611334595917,17.702130307068987,2.944985521838485,1.3963568276142753,2.066449440922825,6.394736842105263,5.849841044843197,0.44620960331261417,0.0,0.0,0.0,0.0,0.0,0,0,0,0,0,0.0,0.30701754385964913,0.3953891801897483,0.21955364191836116,0.9847555308720459,0.5870751750119758,0.0,0.03508771929824561,0.10559765976798177
1985,113,99.12280701754386,114,0,113,1,0,0.0,3.902153466097705,3.8802010761270447,17.421697855155234,2.95429702615627,1.4227606979420055,2.0966758786594126,6.394736842105263,5.849841044843197,0.4456005788169737,0.43009288949605773,0.1452970832828377,0.0,0.43009288949605773,-0.04278674206359123,0,0,0,1,0,0.0,0.30701754385964913,0.3921669931525059,0.22521528000114213,0.9711898817580041,0.5823887642069528,0.0,0.03508771929824561,0.10592160734182425
1986,113,99.12280701754386,114,1,113,0,0,0.008771929824561403,3.873124969393328,3.8594773599187833,16.788172489313606,2.9617165431952626,1.46408484967451,2.1734790561213257,6.394736842105263,5.849841044843197,0.44481697921962926,0.9999991890002677,0.13868307372518268,1.0,8.109997322591767e-07,0.08009994309588486,0,1,0,0,0,1.0,0.3157894736842105,0.38675887979113255,0.22506065005587875,0.9880670847256918,0.5841340511963797,0.008771929824561403,0.03508771929824561,0.10599347983484042
1987,113,99.12280701754386,114,0,113,1,0,0.0,3.909885392421477,3.8956656756487194,18.11521903177267,2.970773032950689,1.4293771729525928,2.1040359227915264,6.394736842105263,5.849841044843197,0.44836369584219815,0.16914847028012103,0.13191768112828767,0.0,0.16914847028012103,-0.03503997200149245,0,0,0,1,0,0.0,0.30701754385964913,0.39738594710582364,0.21785652534860014,0.9900042825649916,0.5885906027352318,0.0,0.03508771929824561,0.10644217707744866
1988,113,99.12280701754386,114,0,113,1,0,0.0,3.9514000671754768,3.936735257437136,18.5820019374898,2.981221736653103,1.4520662922000798,2.106453975801857,6.394736842105263,5.849841044843197,0.4525166315726141,0.24963446689413396,0.14352165121841892,0.0,0.24963446689413396,-0.060786451319119195,0,0,0,1,0,0.0,0.3157894736842105,0.4023190081200429,0.2236132779342418,0.9924098114417276,0.5902221878806843,0.0,0.05263157894736842,0.10695536673013759
1989,113,99.12280701754386,114,0,113,1,0,0.0,3.9685766065097696,3.952634109521979,19.175774624084767,2.991803253857614,1.4607872437340361,2.139979147027577,6.394736842105263,5.849841044843197,0.45147163320274974,0.0016816607544604288,0.13325055419135856,0.0,0.0016816607544604288,-0.0453555404488597,0,0,0,1,0,1.0,0.30701754385964913,0.40447481383795675,0.2282443480508225,0.9952645732966963,0.5864174556323858,0.0,0.07017543859649122,0.10735075039510736
1990,113,99.12280701754386,114,0,113,1,0,0.0,3.9323411142216442,3.9177490158712307,17.964290830483943,3.000133191103998,1.49681722432961,2.1813099104051377,6.394736842105263,5.849841044843197,0.4507800251887677,0.008671332661615318,0.13491570454150742,0.0,0.008671332661615318,-0.03565026558072493,0,0,0,1,0,1.0,0.30701754385964913,0.3971355865537022,0.23508731759470575,0.9807719569212998,0.5853052939131577,0.0,0.05263157894736842,0.10741321697769105
1991,114,100.0,114,0,113,1,0,0.0,3.9660986253622754,3.951735653605195,18.51404263964597,3.009566371689472,1.4632342765263948,2.1266336422799723,6.394736842105263,5.849841044843197,0.45430613278912335,0.007745899771801618,0.13174323992328454,0.0,0.007745899771801618,-0.035841610066807306,0,0,0,1,0,1.0,0.34210526315789475,0.40264925525550077,0.23091525402154447,0.9664759249510533,0.5952684167473541,0.0,0.05263157894736842,0.10785791756825583
1992,113,99.12280701754386,114,1,112,1,0,0.008771929824561403,3.9274268591085835,3.9265221307454,17.62975143230287,3.016643636215666,1.5180157779949413,2.1333827376366563,6.394736842105263,5.849841044843197,0.44814701950677116,0.2877164632934548,0.12127665570174312,0.0,0.2877164632934548,-0.017207881472321496,0,1,0,1,0,0.0,0.2894736842105263,0.39178124337492815,0.2327454402206863,0.9644147280977983,0.5868582491438995,0.008771929824561403,0.05263157894736842,0.10787156309954007
1993,113,99.12280701754386,114,0,114,0,0,0.0,3.898944730920655,3.8978907137797068,15.635330029237018,3.022591107293925,1.5606414442109056,2.1972655710419384,6.394736842105263,5.849841044843197,0.43904341667640767,0.0,0.0,0.0,0.0,0.0,0,0,0,0,0,0.0,0.30701754385964913,0.369304311017491,0.244193382648378,0.9766984824304583,0.5733945362504386,0.0,0.08771929824561403,0.10790311126073354
1994,113,99.12280701754386,114,0,113,1,0,0.0,3.8812005500428466,3.880364351389321,14.96114842214158,3.027370449295293,1.5659695059114833,2.1760529131124398,6.394736842105263,5.849841044843197,0.4372332603024538,0.0006358229031004245,0.1186894317321562,0.0,0.0006358229031004245,-0.06300118109345676,0,0,0,1,0,1.0,0.2982456140350877,0.3631811806482566,0.2507298084468652,0.9785989440705434,0.5685052360733212,0.0,0.05263157894736842,0.10795418231137921
1995,113,99.12280701754386,114,0,114,0,0,0.0,3.886287997056186,3.886479235166074,14.022201339663466,3.032156376171405,1.5389519403979526,2.181773720404717,6.394736842105263,5.849841044843197,0.43602558113078316,0.0,0.0,0.0,0.0,0.0,0,0,0,0,0,0.0,0.30701754385964913,0.35441767921593054,0.26326093352302277,0.9795763053183095,0.565698001677585,0.0,0.05263157894736842,0.10811960410383341
1996,113,99.12280701754386,114,0,113,1,0,0.0,3.8841505065241675,3.885596158284362,13.776139542936038,3.036621007057636,1.57077106145433,2.1560966346412114,6.394736842105263,5.849841044843197,0.4338415176686239,0.019196720544342006,0.10736882805053317,0.0,0.019196720544342006,-0.05321507376108214,0,0,0,1,0,1.0,0.30701754385964913,0.34958013479309763,0.2540432331453187,0.9746556448079029,0.5704460249038295,0.0,0.05263157894736842,0.10823950355621505
1997,113,99.12280701754386,114,1,113,0,0,0.008771929824561403,3.9489952824414174,3.9454489603178917,14.484035410374819,3.0438114126577553,1.5467101009082627,2.1808620515822494,6.394736842105263,5.849841044843197,0.4376221767646056,0.787780191038836,0.16866045952455988,1.0,0.212219808961164,-0.05126171505084298,0,1,0,0,0,0.0,0.2982456140350877,0.3559098541279242,0.2701132184159558,0.9756965645062775,0.5659316989735048,0.008771929824561403,0.05263157894736842,0.10877404108484455
1998,113,99.12280701754386,114,0,114,0,0,0.0,3.947517093140266,3.9434463642055224,14.9268605433301,3.050301558508218,1.5565218268355976,2.181136751899653,6.394736842105263,5.849841044843197,0.43690648004139,0.0,0.0,0.0,0.0,0.0,0,0,0,0,0,0.0,0.2982456140350877,0.3588746689689929,0.27045836374196985,0.9756628224352227,0.5618119668220762,0.0,0.08771929824561403,0.10895648174625407
1999,113,99.12280701754386,114,0,113,1,0,0.0,3.9590008843305653,3.955280317925375,14.795943987211112,3.0569658551283942,1.568776951088786,2.1650392580197693,6.394736842105263,5.849841044843197,0.43685997389005227,0.2887188171082517,0.16370904771085104,0.0,0.2887188171082517,-0.053878931618059456,0,0,0,1,0,0.0,0.2719298245614035,0.35633401752189237,0.279927873291351,0.9904177662880749,0.5576440720745738,0.0,0.017543859649122806,0.10920882608172415
2000,113,99.12280701754386,114,1,113,0,0,0.008771929824561403,3.9462097534707388,3.938765372568106,13.771643479824553,3.06263916928863,1.5676626064075596,2.1913113461753873,6.394736842105263,5.849841044843197,0.4354299098561487,0.20135873129681828,0.16510344238808342,0.0,0.20135873129681828,-0.07518805300931897,0,1,0,0,0,0.0,0.2807017543859649,0.34882648355712587,0.2689814410717119,0.9875772377819046,0.5646436696807239,0.008771929824561403,0.03508771929824561,0.10931081035759921
