,satisfied_count,pct_satisfied,move_attempts,successful_moves,failed_searches,voluntary_stays,destination_conflicts,movement_success_rate,city_mean_income,mean_neighbor_income,mean_neighbor_income_variance,mean_rent,mean_utility,mean_value,mean_vision,rent_income_timescale_ratio,gini_coefficient,mean_qre_move_probability,mean_qre_accept_probability,mean_ne_move_probability,mean_qre_ne_move_gap,mean_delta_neighborhood_utility,move_accept_outcomes,move_reject_outcomes,stay_accept_outcomes,stay_reject_outcomes,qre_nonconvergence_count,ne_following_rate,homeless_fraction,theil_index,moran_i,spatial_entropy,neighborhood_heterogeneity,income_mobility_indicator,segregation_index,gentrification_indicator
0,0,0.0,0,0,0,0,0,0.0,0.6114333129071876,0.6123356416925619,0.0488259120340134,0.4898685133540496,0.2926554687030387,0.9846438688191557,4.952830188679245,3.595323583763093,0.2139918131282328,0.0,0.0,0.0,0.0,0.0,0,0,0,0,0,0.0,0.19811320754716982,0.07213596367657787,0.004644804978583266,0.9465968991660609,0.3510464885096202,0.0,0.1132075471698113,0.011863345659559838
1,0,0.0,106,6,83,12,5,0.05660377358490566,0.616325051717359,0.6134684262334181,0.04686926074962653,0.4900085482613843,0.3090197979347743,1.0264053902326031,4.952830188679245,3.595323583763093,0.21233776623872735,0.5344715963391728,0.07943878525324846,0.4782608695652174,0.3477544565953404,-0.0024295310727270843,1,10,0,12,0,0.043478260869565216,0.16981132075471697,0.0711495009845779,0.10983056059633746,0.9025066862673015,0.32735809596152166,0.05660377358490566,0.18867924528301885,0.011890321707635149
2,0,0.0,106,2,97,7,0,0.018867924528301886,0.6191360413289786,0.6143210790387739,0.04920231108105852,0.4901142797841919,0.31359019244883957,1.0175418653050647,4.952830188679245,3.595323583763093,0.21713568525411953,0.40929533721048744,0.07252277597834228,0.2222222222222222,0.34883859939401923,-0.007093280179016694,0,2,0,7,0,0.0,0.20754716981132076,0.07425576920156081,0.10764936541582731,0.946067474284668,0.33067736611670545,0.018867924528301886,0.18867924528301888,0.011906277350880734
3,0,0.0,106,1,101,3,1,0.009433962264150943,0.6128362660691904,0.6070788226556919,0.04724241324240072,0.4899792995459493,0.3208792565909784,1.0456030753721401,4.952830188679245,3.595323583763093,0.2162298379740044,0.43878991292196207,0.07578605650442446,0.2,0.34271826153453966,-0.006830984789746431,0,2,0,3,0,0.0,0.22641509433962265,0.07325066390650922,0.11478458993786027,0.934868917357846,0.327654665997098,0.009433962264150943,0.18867924528301888,0.011872351986412316
4,0,0.0,106,0,103,3,0,0.0,0.6150211301244385,0.6091309530896354,0.046918979291788114,0.48988314128376265,0.3223055965437881,1.0495169858422884,4.952830188679245,3.595323583763093,0.21475667188209702,0.3063458341502568,0.0677791840964105,0.0,0.3063458341502568,-0.013364086844206166,0,0,0,3,0,0.0,0.19811320754716982,0.07212409795979494,0.11974135149692952,0.9374155000140867,0.32242767107837134,0.0,0.22641509433962265,0.011881547706349489
5,97,91.50943396226415,106,0,103,3,0,0.0,0.6154577157355811,0.6095464425066466,0.04872574593226241,0.4898023907734524,0.3192293903343997,1.0422691321325777,4.952830188679245,3.595323583763093,0.21841605537460596,0.38736969155572804,0.06943505435031065,0.0,0.38736969155572804,-0.008990166578332995,0,0,0,3,0,0.0,0.19811320754716982,0.07445430349095163,0.12539567548567188,0.9245518406610973,0.32783273210419756,0.0,0.22641509433962265,0.011882279013334603
6,101,95.28301886792453,106,3,101,2,0,0.02830188679245283,0.6115595458299959,0.6050793010523199,0.04755995772148827,0.4896189776479761,0.3229300852821496,1.0781124994103983,4.952830188679245,3.595323583763093,0.21755049438119411,0.38432844864683613,0.07096451031216264,0.2,0.3573831288202352,-0.0065571413949527925,0,3,0,2,0,0.0,0.1792452830188679,0.07362554784951862,0.12819819614107103,0.9360371990795482,0.3242175646567432,0.02830188679245283,0.24528301886792453,0.011859491016128695
7,102,96.22641509433963,106,0,103,3,0,0.0,0.6142767404803827,0.6076516958437558,0.04678732276716153,0.4894932268562642,0.3239658582694343,1.0562154771951386,4.952830188679245,3.595323583763093,0.21577191429958842,0.28962916863426114,0.06523769476137875,0.0,0.28962916863426114,-0.008005311865323236,0,0,0,3,0,0.0,0.1792452830188679,0.07302124924040554,0.1502075195135277,0.9438888001207146,0.3185380849431351,0.0,0.24528301886792453,0.011870816415445035
8,102,96.22641509433963,106,1,102,3,0,0.009433962264150943,0.6136450304672245,0.6061684781841234,0.047966386733825125,0.48934873817288094,0.32140007548629274,1.07302685160546,4.952830188679245,3.595323583763093,0.21915029664062735,0.33468584897313414,0.06447032396680116,0.0,0.33468584897313414,-0.00747767706387701,0,1,1,2,0,0.0,0.18867924528301888,0.07525234296478482,0.16910731525570202,0.938633496756538,0.32160854212183954,0.009433962264150943,0.22641509433962265,0.011865060447524473
9,102,96.22641509433963,106,0,105,1,0,0.0,0.6192849163454793,0.611662049501183,0.050719330439756606,0.48934805151741995,0.31525606006446344,1.057854033618734,4.952830188679245,3.595323583763093,0.22205149186711393,0.3355434601494501,0.06210245219164996,0.0,0.3355434601494501,-0.010567231014600886,0,0,0,1,0,0.0,0.1792452830188679,0.07731301614696953,0.16499192753957348,0.9305682457699339,0.32601826740232276,0.0,0.18867924528301888,0.01189324753317288
10,102,96.22641509433963,106,1,104,1,0,0.009433962264150943,0.623776844071896,0.6161748553043366,0.05449215002894278,0.4894703595524427,0.30634716325913236,1.0420282201767546,4.952830188679245,3.595323583763093,0.2274926427122066,0.27527562542406236,0.05737331039984939,0.0,0.27527562542406236,-0.011535290197074916,0,1,0,1,0,0.0,0.2169811320754717,0.0813624500273186,0.13558741540056435,0.9346513705408138,0.34079843192631865,0.009433962264150943,0.169811320754717,0.01191790585661897
11,104,98.11320754716981,106,0,104,2,0,0.0,0.6251011528112114,0.617379529383092,0.05327668725328936,0.48962974973691237,0.30886128307382976,1.0526457284545685,4.952830188679245,3.595323583763093,0.22510456090637931,0.33004609214386654,0.07187683306295743,0.0,0.33004609214386654,-0.00426606797614143,0,0,0,2,0,0.0,0.19811320754716982,0.07974209439932287,0.13325681699100278,0.9403971826554339,0.3371687964063956,0.0,0.20754716981132076,0.011927392696761768
12,103,97.16981132075472,106,1,103,2,0,0.009433962264150943,0.625508628581634,0.6166216664004097,0.05300681987956596,0.48979661125038376,0.30994212475332156,1.057892687837829,4.952830188679245,3.595323583763093,0.22499897883878828,0.4023493171561552,0.07535447825101411,0.0,0.4023493171561552,-0.0054397106196304446,0,1,0,2,0,0.0,0.19811320754716982,0.07964140357518677,0.16416236133897738,0.9181239545508044,0.333462162370293,0.009433962264150943,0.22641509433962265,0.01193242968128691
13,104,98.11320754716981,106,0,105,1,0,0.0,0.6273550630001368,0.6185009189439388,0.05187698369785416,0.48997652569729255,0.31211244143943573,1.0582279490734814,4.952830188679245,3.595323583763093,0.2218647794003452,0.49552801547858827,0.07452228475570888,0.0,0.49552801547858827,0.0018829870288032957,0,0,0,1,0,0.0,0.19811320754716982,0.07793963431148211,0.17115510347685065,0.9249598773509016,0.32952709871866115,0.0,0.18867924528301888,0.011944896106649578
14,104,98.11320754716981,106,0,105,1,0,0.0,0.6258743093302849,0.6170789982722178,0.05249945535492372,0.4901090735182589,0.3106264723860465,1.0418751745759507,4.952830188679245,3.595323583763093,0.22209514190077373,0.43070832281075555,0.07781209431825004,0.0,0.43070832281075555,-0.0007720937049246479,0,0,0,1,0,0.0,0.18867924528301888,0.07879178199541215,0.159181360211609,0.913842899127045,0.33239818904606266,0.0,0.18867924528301888,0.011939875099833804
15,104,98.11320754716981,106,1,105,0,0,0.009433962264150943,0.6259923522326056,0.6165977872802055,0.056323999581775024,0.49023699626026696,0.3106017636604241,1.0476403355895627,4.952830188679245,3.595323583763093,0.2272600409415506,0.42125013400207045,0.07974390795615188,0.0,0.42125013400207045,-0.0026445891221177353,0,1,0,0,0,0.0,0.2169811320754717,0.08309053129223883,0.14658227752087233,0.9443446382484936,0.338115782787439,0.009433962264150943,0.22641509433962265,0.011942764932601612
16,104,98.11320754716981,106,0,106,0,0,0.0,0.6205728401411641,0.6110834783430178,0.05696882856637467,0.4901877326480669,0.3111407486659507,1.0691528037608518,4.952830188679245,3.595323583763093,0.23016928718899443,0.0,0.0,0.0,0.0,0.0,0,0,0,0,0,0.0,0.2169811320754717,0.08500081325635486,0.14519943280506867,0.9356248254949157,0.34255695628349114,0.0,0.22641509433962265,0.011914781779010584
17,105,99.05660377358491,106,0,106,0,0,0.0,0.6180042312414287,0.6086500965562512,0.05792909435728049,0.49007024986272435,0.3117732776910286,1.0728023627523013,4.952830188679245,3.595323583763093,0.23333666878330606,0.0,0.0,0.0,0.0,0.0,0,0,0,0,0,0.0,0.2169811320754717,0.08694708068723955,0.14613605515617148,0.9326832878033205,0.34946501836440685,0.0,0.18867924528301888,0.011899826791367765
18,105,99.05660377358491,106,0,106,0,0,0.0,0.6173161502417512,0.6079330217105352,0.059059512959452214,0.48993636603483715,0.3082382250482763,1.064083118883993,4.952830188679245,3.595323583763093,0.2339631658317065,0.0,0.0,0.0,0.0,0.0,0,0,0,0,0,0.0,0.22641509433962265,0.08787396353711967,0.1333148243899147,0.9288265313704646,0.353295879241978,0.0,0.22641509433962265,0.011893979607949943
19,105,99.05660377358491,106,0,106,0,0,0.0,0.6152470040146302,0.6057660774825306,0.05574377426928906,0.4897449688382876,0.31105224177578644,1.0708356018169314,4.952830188679245,3.595323583763093,0.22930629246182432,0.0,0.0,0.0,0.0,0.0,0,0,0,0,0,0.0,0.22641509433962265,0.08448730249819383,0.1508033018769654,0.927566858742563,0.34285964873955393,0.0,0.22641509433962265,0.011880193202541234
20,106,100.0,106,0,106,0,0,0.0,0.6138523943593946,0.6044640381719701,0.05727900808997842,0.4895230029691623,0.31198644715246915,1.0655058507909339,4.952830188679245,3.595323583763093,0.23007602720673703,0.0,0.0,0.0,0.0,0.0,0,0,0,0,0,0.0,0.20754716981132076,0.08562580744436936,0.1485195984036886,0.9062027903594603,0.3459439761511214,0.0,0.18867924528301888,0.011869229958644771
21,106,100.0,106,0,106,0,0,0.0,0.6134154566202443,0.6037296277751043,0.05649764410111847,0.48928789394711747,0.31132093081390566,1.0711468631429293,4.952830188679245,3.595323583763093,0.2304377541268412,0.0,0.0,0.0,0.0,0.0,0,0,0,0,0,0.0,0.2169811320754717,0.08565379469237114,0.16971909899016355,0.9123249109400344,0.3427674481156144,0.0,0.18867924528301888,0.011862818804890454
22,106,100.0,106,0,106,0,0,0.0,0.6155895216121708,0.6063466066654499,0.057422901900088426,0.4891365089425711,0.3107726026864222,1.0675146269565519,4.952830188679245,3.595323583763093,0.2269059846306536,0.0,0.0,0.0,0.0,0.0,0,0,0,0,0,0.0,0.20754716981132076,0.08445088840454215,0.159501484967094,0.928244532076168,0.33943756630701727,0.0,0.18867924528301888,0.011870967739464718
23,106,100.0,106,0,105,1,0,0.0,0.6183180248569878,0.6091503058563128,0.0562907031085961,0.48907120836537704,0.3077405472815467,1.0613765658164904,4.952830188679245,3.595323583763093,0.2270459937735918,0.14409688671597543,0.05987203060929826,0.0,0.14409688671597543,-0.01104138057958115,0,0,0,1,0,0.0,0.19811320754716982,0.08322624742611948,0.15410014426681448,0.9123753165845119,0.3387128813055226,0.0,0.18867924528301888,0.011883436372162708
24,106,100.0,106,0,105,1,0,0.0,0.6212204733514977,0.6123050829100481,0.058917162246294584,0.48909899510997756,0.30753839625722756,1.0659229795956227,4.952830188679245,3.595323583763093,0.22753142433336238,0.16987526458074287,0.06193025534187972,0.0,0.16987526458074287,-0.01471534589535306,0,0,1,0,0,0.0,0.19811320754716982,0.08418586017824062,0.14705972915845747,0.9127079559119999,0.34140281873588435,0.0,0.18867924528301888,0.011898448126326148
25,105,99.05660377358491,106,1,105,0,0,0.009433962264150943,0.6241156200032727,0.6143904813112718,0.06106636293956885,0.4892025925282991,0.30348644257472923,1.0390554241403174,4.952830188679245,3.595323583763093,0.23041524990322992,0.1883928236285994,0.06258757632347096,0.0,0.1883928236285994,-0.012969190002042497,0,1,0,0,0,0.0,0.18867924528301888,0.08636987754249635,0.152547599034925,0.9418382769466479,0.3418010978656553,0.009433962264150943,0.22641509433962265,0.011914786190791567
26,105,99.05660377358491,106,0,106,0,0,0.0,0.6217391755233219,0.6122610026153424,0.05945959006200013,0.4892243877237198,0.30673715139997876,1.0438808336034275,4.952830188679245,3.595323583763093,0.22840143718566286,0.0,0.0,0.0,0.0,0.0,0,0,0,0,0,0.0,0.18867924528301888,0.0847654560870712,0.13841919275152678,0.9309218411467947,0.3398098790235441,0.0,0.18867924528301888,0.011903295772292355
27,105,99.05660377358491,106,0,106,0,0,0.0,0.618492510758762,0.6089438536926023,0.06288387289655846,0.489149989521317,0.30997775576587316,1.0730131587738867,4.952830188679245,3.595323583763093,0.23018502017764764,0.0,0.0,0.0,0.0,0.0,0,0,0,0,0,0.0,0.18867924528301888,0.08783295803583348,0.13878440538475464,0.9487876333832685,0.3389311588083944,0.0,0.18867924528301888,0.011885725020411114
28,105,99.05660377358491,106,0,106,0,0,0.0,0.6245499809724617,0.6148173489512222,0.06740761952347255,0.4892472031032107,0.3000185570489895,1.022374562467357,4.952830188679245,3.595323583763093,0.2332648623399618,0.0,0.0,0.0,0.0,0.0,0,0,0,0,0,0.0,0.20754716981132076,0.09062714859093517,0.1307067033250779,0.9378448228486831,0.34660117757007275,0.0,0.22641509433962265,0.011917759942897836
29,105,99.05660377358491,106,0,106,0,0,0.0,0.6233037779375701,0.6134641415014489,0.0644507992899958,0.48930199979300487,0.30436442443182565,1.0356015943060817,4.952830188679245,3.595323583763093,0.2331482662596811,0.0,0.0,0.0,0.0,0.0,0,0,0,0,0,0.0,0.20754716981132076,0.0891974294675216,0.13057851051849298,0.932556811188312,0.34591184505006045,0.0,0.22641509433962265,0.011912513986879023
30,105,99.05660377358491,106,1,105,0,0,0.009433962264150943,0.6240582780190035,0.6150502012060743,0.0659989527923679,0.4893665674361133,0.30305848442347055,1.0329964888899104,4.952830188679245,3.595323583763093,0.23510669806255957,0.4341015182704938,0.06462656139596043,0.0,0.4341015182704938,0.006852912160073721,0,1,0,0,0,0.0,0.2169811320754717,0.09135507632564667,0.13691637943829568,0.9305602015122377,0.348290580440741,0.009433962264150943,0.26415094339622636,0.011917447195136268
31,104,98.11320754716981,106,1,91,10,4,0.009433962264150943,0.6216453715573073,0.6121599627836987,0.06642206477983582,0.4893963344787378,0.3044898476026759,1.0456835980129888,4.952830188679245,3.595323583763093,0.23280345327563512,0.43095662054283734,0.07869442361186975,0.3333333333333333,0.37684750271057044,-0.004531111797288175,0,5,0,10,0,0.0,0.2169811320754717,0.09104298015382287,0.13111453405746248,0.9150074162956184,0.34631124141528724,0.009433962264150943,0.33962264150943394,0.011905917773579622
32,103,97.16981132075472,106,1,104,1,0,0.009433962264150943,0.6217407469952422,0.6118270377615068,0.06921520239504132,0.4894127127202421,0.3031955401776405,1.0719004002240273,4.952830188679245,3.595323583763093,0.23663658925885844,0.35292715638749944,0.0689735871295304,0.0,0.35292715638749944,-0.006900236558138345,0,1,0,1,0,0.0,0.2169811320754717,0.09403070513303878,0.13690907797277366,0.8945030630167368,0.3519595211024897,0.009433962264150943,0.26415094339622636,0.011906689076159
33,103,97.16981132075472,106,1,105,0,0,0.009433962264150943,0.617923003285872,0.6076339270599974,0.0686409573360048,0.4893038402680401,0.3042986392314636,1.0963403948547445,4.952830188679245,3.595323583763093,0.23656741065710452,0.4157843810898352,0.06665225669800644,0.0,0.4157843810898352,0.005810197311629739,0,1,0,0,0,0.0,0.2358490566037736,0.09426799585145283,0.12488262943166906,0.907172259520688,0.3502621612979998,0.009433962264150943,0.2641509433962264,0.01188564319913703
34,103,97.16981132075472,106,0,106,0,0,0.0,0.6196625545116562,0.6096583416585957,0.07163859860267358,0.48924713601304914,0.2993596037401142,1.0743731003259573,4.952830188679245,3.595323583763093,0.23648556775244645,0.0,0.0,0.0,0.0,0.0,0,0,0,0,0,0.0,0.2169811320754717,0.0953488041919105,0.1013840451212113,0.901688584290919,0.3548079622010029,0.0,0.2641509433962264,0.011893321604539608
35,103,97.16981132075472,106,0,106,0,0,0.0,0.6250403502145919,0.6147984549497145,0.07290500273850495,0.48934031342382095,0.30041020200854607,1.0689941242999303,4.952830188679245,3.595323583763093,0.23964833344315273,0.0,0.0,0.0,0.0,0.0,0,0,0,0,0,0.0,0.22641509433962265,0.09697734655384023,0.11791207579798642,0.9056212331653435,0.3579748971244993,0.0,0.2641509433962264,0.011921885597766396
36,104,98.11320754716981,106,0,106,0,0,0.0,0.620899539411297,0.6107178758598218,0.07242983512432064,0.48931277278727026,0.30229776582315254,1.0900016539336377,4.952830188679245,3.595323583763093,0.24053084640571654,0.0,0.0,0.0,0.0,0.0,0,0,0,0,0,0.0,0.2358490566037736,0.09768072010951497,0.10770147651811826,0.9054469866066877,0.36050593232998707,0.0,0.3018867924528302,0.011900686456249407
37,105,99.05660377358491,106,0,106,0,0,0.0,0.6231889782300033,0.6127651833463532,0.07397088075733908,0.48934510818883686,0.30173820296566634,1.112225615826904,4.952830188679245,3.595323583763093,0.24439384120337193,0.0,0.0,0.0,0.0,0.0,0,0,0,0,0,0.0,0.2169811320754717,0.09947445051271527,0.11788947005213622,0.88655964321001,0.36229991209580037,0.0,0.2641509433962264,0.011912714931502155
38,106,100.0,106,0,106,0,0,0.0,0.6274276872436206,0.6167723352722171,0.07439454621935074,0.48949153709066734,0.296952281464497,1.1141695706617678,4.952830188679245,3.595323583763093,0.24679893032234235,0.0,0.0,0.0,0.0,0.0,0,0,0,0,0,0.0,0.20754716981132076,0.10035568649265425,0.11584555095498217,0.9017730504669133,0.3642166397474376,0.0,0.339622641509434,0.011936540772990717
39,106,100.0,106,0,106,0,0,0.0,0.6311328998470788,0.6202103969343548,0.07626632272445985,0.48973158895306734,0.29235001350877315,1.106255358460364,4.952830188679245,3.595323583763093,0.2499945686707492,0.0,0.0,0.0,0.0,0.0,0,0,0,0,0,0.0,0.22641509433962265,0.10215726189065694,0.1303925917961593,0.9323075817047265,0.36761519318884944,0.0,0.22641509433962265,0.011959382156619073
40,106,100.0,106,0,106,0,0,0.0,0.6294259476319249,0.6185021056821112,0.07476059198712091,0.48991387529562824,0.295581420808264,1.111977328340452,4.952830188679245,3.595323583763093,0.24935100057525017,0.0,0.0,0.0,0.0,0.0,0,0,0,0,0,0.0,0.2169811320754717,0.1013231217230909,0.13373408054708447,0.9272186639332358,0.3663876296596196,0.0,0.2641509433962264,0.011954124287475342
41,106,100.0,106,0,106,0,0,0.0,0.6302803180115658,0.6191719224068711,0.07984332513144511,0.4901088735172637,0.2933188151742258,1.070480611851566,4.952830188679245,3.595323583763093,0.2542738670701541,0.0,0.0,0.0,0.0,0.0,0,0,0,0,0,0.0,0.2169811320754717,0.10608811130789224,0.1269976142183477,0.9130721436674434,0.3748047657609835,0.0,0.3018867924528302,0.011961901547898734
42,106,100.0,106,0,106,0,0,0.0,0.6248756845721313,0.6142195675379974,0.08117888476339931,0.49015441837580687,0.29449549900329924,1.1177805556542226,4.952830188679245,3.595323583763093,0.2544761309978336,0.0,0.0,0.0,0.0,0.0,0,0,0,0,0,0.0,0.2169811320754717,0.10727053895485891,0.11872163103292233,0.9212521639554664,0.37662160029823766,0.0,0.18867924528301888,0.01193569712322176
43,106,100.0,106,0,106,0,0,0.0,0.6217541611281098,0.6112032406010625,0.08389707222930026,0.49011156837832803,0.2927875446277147,1.1135760762493516,4.952830188679245,3.595323583763093,0.2570588376856926,0.0,0.0,0.0,0.0,0.0,0,0,0,0,0,0.0,0.22641509433962265,0.10985192897514054,0.10690915634734048,0.9233686745026106,0.3845560384957349,0.0,0.2641509433962264,0.011919319207969152
44,106,100.0,106,0,106,0,0,0.0,0.6223045897617152,0.6117117935570072,0.08245629195787783,0.4900848862764031,0.2921821651117363,1.104586716943893,4.952830188679245,3.595323583763093,0.25854380673910615,0.0,0.0,0.0,0.0,0.0,0,0,0,0,0,0.0,0.24528301886792453,0.10954211634221708,0.10222626182539651,0.9153417662385636,0.386961717426209,0.0,0.2641509433962264,0.011921591697185603
45,106,100.0,106,0,106,0,0,0.0,0.6195235239410374,0.609134189269876,0.07859330840254722,0.4899850249105162,0.2927970922335484,1.075838578044955,4.952830188679245,3.595323583763093,0.25513768062209397,0.0,0.0,0.0,0.0,0.0,0,0,0,0,0,0.0,0.25471698113207547,0.10638296027606897,0.10934323192900877,0.9133413018496725,0.3793188795328904,0.0,0.3018867924528302,0.011905891198462814
46,105,99.05660377358491,106,1,105,0,0,0.009433962264150943,0.6207683849855526,0.6113831561260974,0.08741247511116508,0.48991553601785165,0.29370165836256606,1.1218072194343325,4.952830188679245,3.595323583763093,0.26266340553724055,0.5129372091387081,0.0659139336698322,1.0,0.4870627908612919,-8.614560572101082e-05,0,1,0,0,0,0.0,0.24528301886792453,0.11450358979695587,0.10951913262095939,0.9015669876379548,0.3901162440732438,0.009433962264150943,0.3018867924528302,0.011910866328412359
47,104,98.11320754716981,106,1,97,4,4,0.009433962264150943,0.6182843264518818,0.6087340930593067,0.08579436747116802,0.4898201309030844,0.2995887393444734,1.1253429347363144,4.952830188679245,3.595323583763093,0.2622592272059603,0.5032826887210717,0.041158778330196065,0.5555555555555556,0.4141277214995569,0.0022758457997992592,0,5,0,4,0,0.0,0.24528301886792453,0.1138287456343625,0.14702325408993827,0.907837724400264,0.38179359751589775,0.009433962264150943,0.3018867924528302,0.011896730974448332
48,104,98.11320754716981,106,0,104,2,0,0.0,0.6224572000887074,0.613076637710333,0.08838222232973768,0.4898431833724196,0.2963667837909631,1.116437973204922,4.952830188679245,3.595323583763093,0.2646633009607733,0.30486894010841703,0.06384782243291304,0.0,0.30486894010841703,-0.01620189750790904,0,0,0,2,0,0.0,0.2358490566037736,0.11528437990212599,0.11953807253095834,0.9474243560834068,0.38929834467783603,0.0,0.22641509433962265,0.011918009748065787
49,103,97.16981132075472,106,1,102,2,1,0.009433962264150943,0.6221297660752144,0.6122696589041106,0.09086463370746332,0.48985573220895245,0.2982664374828715,1.1225552691273317,4.952830188679245,3.595323583763093,0.2671746219166369,0.29586300304967644,0.06351125278077069,0.0,0.29586300304967644,-0.01357547348109131,1,1,0,2,0,0.0,0.2358490566037736,0.11830438867553558,0.11787704131081464,0.8935056189463525,0.3929136612650362,0.009433962264150943,0.22641509433962265,0.011916598163637998
50,103,97.16981132075472,106,0,106,0,0,0.0,0.6205065770239436,0.6105665334250885,0.09310662554230403,0.4898053075990662,0.29728127443175906,1.1185583848888512,4.952830188679245,3.595323583763093,0.26995020134299375,0.0,0.0,0.0,0.0,0.0,0,0,0,0,0,0.0,0.25471698113207547,0.12115519671332038,0.11598031171647342,0.9001672079807632,0.39842753340798137,0.0,0.22641509433962265,0.011907575754436014
51,104,98.11320754716981,106,0,106,0,0,0.0,0.6175953836330387,0.6078974831046859,0.09315804272405522,0.4896799271205656,0.2976862829601852,1.1230668136681876,4.952830188679245,3.595323583763093,0.26729641771394563,0.0,0.0,0.0,0.0,0.0,0,0,0,0,0,0.0,0.22641509433962265,0.1199685250111841,0.10460911964147894,0.9222621415779186,0.3970846191845102,0.0,0.15094339622641512,0.011890765870525004
52,104,98.11320754716981,106,1,105,0,0,0.009433962264150943,0.6165156249154055,0.6070717229862905,0.09395117338041122,0.48952510193699195,0.302128333142959,1.1332714384521796,4.952830188679245,3.595323583763093,0.26588838893455535,0.22760676523150786,0.06193336338548029,0.0,0.22760676523150786,-0.013220687334914993,0,1,0,0,0,0.0,0.2169811320754717,0.1201624561380721,0.11036279638909811,0.885269460388872,0.39146917492844713,0.009433962264150943,0.2641509433962264,0.011882583843767523
53,104,98.11320754716981,106,0,106,0,0,0.0,0.612121037477465,0.6027021439196133,0.08815872492740894,0.489260364354761,0.3087811230652026,1.1417114829627841,4.952830188679245,3.595323583763093,0.26447793757476723,0.0,0.0,0.0,0.0,0.0,0,0,0,0,0,0.0,0.2358490566037736,0.1174797793664266,0.14926789679479743,0.8848999956963249,0.38483654806009476,0.0,0.2641509433962264,0.011855851820213306
54,105,99.05660377358491,106,0,106,0,0,0.0,0.6132582517537724,0.6040576823299068,0.09234628488434028,0.489044133738981,0.30448231478719884,1.1235067395097176,4.952830188679245,3.595323583763093,0.2674743955363956,0.0,0.0,0.0,0.0,0.0,0,0,0,0,0,0.0,0.2169811320754717,0.12030536942025603,0.1470646302453672,0.8879282422815165,0.3891178954526328,0.0,0.2641509433962264,0.011857650796432615
55,105,99.05660377358491,106,0,106,0,0,0.0,0.6073288628084679,0.5983671095443907,0.09211675995749821,0.48867200170919833,0.305615886744879,1.1419190866088056,4.952830188679245,3.595323583763093,0.2660333668927799,0.0,0.0,0.0,0.0,0.0,0,0,0,0,0,0.0,0.25471698113207547,0.11979951540887725,0.1375113402580049,0.8835745340139215,0.3888350175979082,0.0,0.2641509433962264,0.011821314176391335
56,105,99.05660377358491,106,0,106,0,0,0.0,0.6019871474447296,0.5931569284565945,0.08841104646033343,0.4881633907345201,0.30516261929708066,1.1357064201667377,4.952830188679245,3.595323583763093,0.2649276155072673,0.0,0.0,0.0,0.0,0.0,0,0,0,0,0,0.0,0.24528301886792453,0.11800790305004395,0.13788556120351286,0.91022485368245,0.3888515929484979,0.0,0.22641509433962265,0.011785462494411538
57,106,100.0,106,0,106,0,0,0.0,0.5974395902982398,0.5887183450577713,0.08373149441420183,0.4875454008215858,0.30863037970716495,1.1393255685574109,4.952830188679245,3.595323583763093,0.26484889295589986,0.0,0.0,0.0,0.0,0.0,0,0,0,0,0,0.0,0.25471698113207547,0.11627431423348998,0.1360880454549902,0.9068095582131863,0.38855687761834995,0.0,0.22641509433962265,0.011751615340136587
58,106,100.0,106,0,106,0,0,0.0,0.5996891883531167,0.5909781186547346,0.08825278246328687,0.4870146265841935,0.30961468573933243,1.1469775704153102,4.952830188679245,3.595323583763093,0.2630982428097728,0.0,0.0,0.0,0.0,0.0,0,0,0,0,0,0.0,0.2358490566037736,0.11732611754457613,0.13761110208813687,0.9068095582131863,0.3855702815955583,0.0,0.22641509433962265,0.01175332180474422
59,106,100.0,106,0,106,0,0,0.0,0.6015623402132874,0.5927426127812421,0.095231148187886,0.4865536868169063,0.30334614070731236,1.141995540580832,4.952830188679245,3.595323583763093,0.26629004846058235,0.0,0.0,0.0,0.0,0.0,0,0,0,0,0,0.0,0.24528301886792453,0.12217158048966137,0.13263593605987445,0.9059367853904945,0.39357453577713647,0.0,0.24528301886792453,0.011754401425964962
60,106,100.0,106,0,106,0,0,0.0,0.6036437833276318,0.5949343695953616,0.09713342428904799,0.4861723599254887,0.2984568449036894,1.1343002718843198,4.952830188679245,3.595323583763093,0.2673726699099066,0.0,0.0,0.0,0.0,0.0,0,0,0,0,0,0.0,0.24528301886792453,0.12294779428956323,0.11162383208976079,0.9106155141908773,0.39703908890986905,0.0,0.22641509433962265,0.011757953673707501
61,106,100.0,106,0,106,0,0,0.0,0.602857521412046,0.5944808360435238,0.0969018806158089,0.4857916981707298,0.2985838974298052,1.130421012343259,4.952830188679245,3.595323583763093,0.26628361307710735,0.0,0.0,0.0,0.0,0.0,0,0,0,0,0,0.0,0.2358490566037736,0.12210088441928105,0.09764906964175754,0.9069589336075315,0.39837693230200255,0.0,0.22641509433962265,0.011747179353207965
62,106,100.0,106,0,106,0,0,0.0,0.6110639949711831,0.6025451547729961,0.109580479692006,0.4856566731203346,0.28981981028879295,1.1129354940030982,4.952830188679245,3.595323583763093,0.27282463201482887,0.0,0.0,0.0,0.0,0.0,0,0,0,0,0,0.0,0.22641509433962265,0.13021776936686416,0.09321543546406702,0.9244362591761625,0.4094605523047795,0.0,0.22641509433962265,0.011785784427263227
63,106,100.0,106,0,106,0,0,0.0,0.6126513496850877,0.6040145988643598,0.1158608953005736,0.485568767673394,0.2819561773347528,1.098685519527938,4.952830188679245,3.595323583763093,0.2787932705582914,0.0,0.0,0.0,0.0,0.0,0,0,0,0,0,0.0,0.20754716981132076,0.13625836159742713,0.09849115685392693,0.9300367316487818,0.4207137389459306,0.0,0.22641509433962265,0.011792140958200116
64,106,100.0,106,0,106,0,0,0.0,0.6095414239389549,0.6009540391569541,0.1123374339999986,0.4853959930917541,0.28760773573865117,1.0953484883037656,4.952830188679245,3.595323583763093,0.2758574659929587,0.0,0.0,0.0,0.0,0.0,0,0,0,0,0,0.0,0.24528301886792453,0.13357774148825735,0.11205066208930932,0.8976796265700606,0.4129716884510561,0.0,0.2641509433962264,0.011773485426829228
65,106,100.0,106,0,106,0,0,0.0,0.6159401194085576,0.6068993773905208,0.1212998365127025,0.48540043363351143,0.28209605857306225,1.0844904269019462,4.952830188679245,3.595323583763093,0.2806187836706837,0.0,0.0,0.0,0.0,0.0,0,0,0,0,0,0.0,0.22641509433962265,0.13941057307998278,0.1296789518905401,0.9306104135163246,0.41818069411116604,0.0,0.22641509433962265,0.011805558730099766
66,106,100.0,106,0,106,0,0,0.0,0.6151365068856612,0.6061521404197127,0.11714838008637879,0.4853832220537932,0.2848592978587597,1.0860999806403322,4.952830188679245,3.595323583763093,0.2787187228557262,0.0,0.0,0.0,0.0,0.0,0,0,0,0,0,0.0,0.24528301886792453,0.13676473124167057,0.13304732883317688,0.8872779325785828,0.4145307440178821,0.0,0.2641509433962264,0.011801231261492911
67,106,100.0,106,0,106,0,0,0.0,0.6074982209272227,0.5986347655271826,0.10520942451212893,0.48515041012414695,0.2897448454274416,1.0883620086295074,4.952830188679245,3.595323583763093,0.2734045400505536,0.0,0.0,0.0,0.0,0.0,0,0,0,0,0,0.0,0.22641509433962265,0.13017036661356585,0.14642116566763166,0.8901412716278643,0.40428942643056,0.0,0.2641509433962264,0.011758854660594526
68,106,100.0,106,0,106,0,0,0.0,0.6020049315989978,0.5931110744140966,0.10301243272541752,0.4847670928812866,0.29550548434342366,1.09092212003019,4.952830188679245,3.595323583763093,0.2721341478666035,0.0,0.0,0.0,0.0,0.0,0,0,0,0,0,0.0,0.25471698113207547,0.12957327681225372,0.15263832313626072,0.8878669682853657,0.4001872839492696,0.0,0.2641509433962264,0.011724497466336806
69,106,100.0,106,0,105,1,0,0.0,0.6060459516265638,0.5971728311893821,0.10843207886065674,0.4845143837730651,0.2901752353256016,1.0864605874828692,4.952830188679245,3.595323583763093,0.2735048358227816,0.21026228042980616,0.061378055630465285,0.0,0.21026228042980616,-0.013130558325489206,0,0,0,1,0,0.0,0.22641509433962265,0.13201667265697534,0.14055078804843252,0.885916463725601,0.40319895739780864,0.0,0.2641509433962264,0.011740159711391534
70,106,100.0,106,0,104,2,0,0.0,0.6111707454010208,0.6024739370172452,0.11287448664737308,0.4844232339014333,0.28250543713309273,1.0789687040342142,4.952830188679245,3.595323583763093,0.2739350241979017,0.36765031385776104,0.06336262777977733,0.0,0.36765031385776104,0.000682787683317726,0,0,0,2,0,0.0,0.24528301886792453,0.132844880543242,0.1279703193264061,0.8965959736588623,0.404529478676229,0.0,0.2641509433962264,0.011764145113848146
71,105,99.05660377358491,106,1,103,2,0,0.009433962264150943,0.6097183175609023,0.5996997137476903,0.11002585805659987,0.48428944689862236,0.2868077647487361,1.085783759928184,4.952830188679245,3.595323583763093,0.2748556152570518,0.310692860857069,0.06331593643072275,0.0,0.310692860857069,-0.0035026463400010996,0,1,0,2,0,0.0,0.24528301886792453,0.13345991292388365,0.1339767358338727,0.9134265664068145,0.40490302684432045,0.009433962264150943,0.22641509433962265,0.011754477936815517
72,104,98.11320754716981,106,1,105,0,0,0.009433962264150943,0.6103884580625474,0.6006305250471072,0.11405140967927638,0.4841431038978551,0.2844314128972264,1.089832641326845,4.952830188679245,3.595323583763093,0.275574367672196,0.3049765166917981,0.07205959299295756,0.0,0.3049765166917981,-0.01301383300014236,0,1,0,0,0,0.0,0.22641509433962265,0.13576335961223523,0.140503277187713,0.9168472843288514,0.4019628047003662,0.009433962264150943,0.22641509433962265,0.011755197887113857
73,104,98.11320754716981,106,0,105,1,0,0.0,0.608726244892906,0.5988517759593234,0.11796736081990991,0.4839611200105326,0.28488179630015337,1.0925023422464288,4.952830188679245,3.595323583763093,0.2761341456106834,0.35445524358986696,0.06913185307042154,0.0,0.35445524358986696,-0.0006829229408156223,0,0,0,1,0,0.0,0.22641509433962265,0.13812494286169663,0.14013960649802365,0.8983847526300209,0.40199159022038927,0.0,0.2641509433962264,0.011743615366455872
74,104,98.11320754716981,106,0,106,0,0,0.0,0.6047300467300395,0.5950644388965558,0.10070338864089151,0.48367674541473826,0.29095587651450233,1.0967278468650936,4.952830188679245,3.595323583763093,0.2700899168994304,0.0,0.0,0.0,0.0,0.0,0,0,0,0,0,0.0,0.22641509433962265,0.12715028220690983,0.1544527125530307,0.8933548050818533,0.3926825226507891,0.0,0.2641509433962264,0.011718522282187126
75,104,98.11320754716981,106,0,106,0,0,0.0,0.6010633692567685,0.5913575735863744,0.1034084426269367,0.4832959759636804,0.2869718089814714,1.0943346978973698,4.952830188679245,3.595323583763093,0.2730833106736943,0.0,0.0,0.0,0.0,0.0,0,0,0,0,0,0.0,0.2358490566037736,0.13032721169984507,0.14834988778415187,0.920372107847953,0.39865264109363985,0.0,0.18867924528301888,0.011693343947883949
76,105,99.05660377358491,106,0,105,1,0,0.0,0.603902061203894,0.5942097691725075,0.10312104148409185,0.483010932934947,0.28766625146801394,1.0962088887314216,4.952830188679245,3.595323583763093,0.2726063406907131,0.30033136029631513,0.06106497322249625,0.0,0.30033136029631513,-0.0004759868378565457,0,0,0,1,0,0.0,0.2358490566037736,0.1297896691753001,0.1532693744291346,0.929281555233386,0.39835762313060963,0.0,0.18867924528301888,0.011702413298001613
77,106,100.0,106,0,106,0,0,0.0,0.6060003366705394,0.5960773486077474,0.10530481803196522,0.482789854544554,0.2862959553695388,1.0896636881274842,4.952830188679245,3.595323583763093,0.2752365146248297,0.0,0.0,0.0,0.0,0.0,0,0,0,0,0,0.0,0.2358490566037736,0.1320912018097439,0.1433539977111866,0.9106346636509357,0.4047365133360563,0.0,0.22641509433962265,0.01170893043358064
78,106,100.0,106,0,106,0,0,0.0,0.6085509971022038,0.598282357204662,0.10968398727845842,0.4826401463929563,0.2817225007600492,1.0826681967163658,4.952830188679245,3.595323583763093,0.27855403074094176,0.0,0.0,0.0,0.0,0.0,0,0,0,0,0,0.0,0.2358490566037736,0.1356993429916314,0.14203532605798308,0.918977615177134,0.40827777094866213,0.0,0.18867924528301888,0.011718992489498356
79,106,100.0,106,0,106,0,0,0.0,0.6099096494082682,0.5994065077060398,0.11619405649973066,0.4825281542123146,0.2789759026149904,1.0821005201969638,4.952830188679245,3.595323583763093,0.28322747303272355,0.0,0.0,0.0,0.0,0.0,0,0,0,0,0,0.0,0.24528301886792453,0.14092827316730586,0.13889042399350662,0.9208256508359536,0.41635019332311013,0.0,0.18867924528301888,0.011723772510387387
80,106,100.0,106,0,106,0,0,0.0,0.6094141221422243,0.5987973441138441,0.11984442831725492,0.4824026673911202,0.28005587716689584,1.0813167001740278,4.952830188679245,3.595323583763093,0.2856589132232117,0.0,0.0,0.0,0.0,0.0,0,0,0,0,0,0.0,0.25471698113207547,0.14416070079841153,0.14524004949710856,0.9054929660473884,0.41912389529211613,0.0,0.22641509433962265,0.01171903904541871
81,106,100.0,106,0,106,0,0,0.0,0.6083937355543498,0.5977709206078607,0.12007594700372949,0.4822521696300987,0.27955312723918985,1.0788967942917236,4.952830188679245,3.595323583763093,0.2860186734032535,0.0,0.0,0.0,0.0,0.0,0,0,0,0,0,0.0,0.25471698113207547,0.14467778289174676,0.15339049970751992,0.904386915892838,0.41928664249352454,0.0,0.24528301886792453,0.011711231671731817
82,106,100.0,106,0,106,0,0,0.0,0.6040392314749161,0.5938602178921989,0.1133101996673386,0.48199460081695067,0.28679960438817964,1.0914121809091206,4.952830188679245,3.595323583763093,0.2831262238431542,0.0,0.0,0.0,0.0,0.0,0,0,0,0,0,0.0,0.24528301886792453,0.14030695739055887,0.14889246934922531,0.9062651434411004,0.41320486645755017,0.0,0.22641509433962265,0.011684828935192883
83,106,100.0,106,0,106,0,0,0.0,0.6077668678229309,0.5976272537818784,0.10889061144570733,0.4818546421398865,0.28740568044027986,1.0910902718505964,4.952830188679245,3.595323583763093,0.2837668370508657,0.0,0.0,0.0,0.0,0.0,0,0,0,0,0,0.0,0.25471698113207547,0.1379464009644088,0.14502805598857635,0.9083616015268461,0.41613639743295827,0.0,0.22641509433962265,0.011700951133270951
84,106,100.0,106,0,106,0,0,0.0,0.6089785485705146,0.5987756265462258,0.11310056391884388,0.4817527456036073,0.28935762154396805,1.1122641908715416,4.952830188679245,3.595323583763093,0.2836270035330346,0.0,0.0,0.0,0.0,0.0,0,0,0,0,0,0.0,0.24528301886792453,0.13944621014847167,0.1430520932220525,0.8970126427081739,0.41784530795847186,0.0,0.24528301886792453,0.011705177781908929
85,106,100.0,106,0,105,1,0,0.0,0.6075788364530244,0.597346816458393,0.11353348042547902,0.4816134163006839,0.2856847634113495,1.0914047043140285,4.952830188679245,3.595323583763093,0.28563080451048384,0.32755371598497884,0.0587026994386092,0.0,0.32755371598497884,0.0002029011066100317,0,0,0,1,0,0.0,0.25471698113207547,0.14085791759255886,0.14564789072393264,0.90470792674096,0.42125354155983274,0.0,0.20754716981132076,0.011695674551677929
86,106,100.0,106,0,106,0,0,0.0,0.6083354050565342,0.5984027785956338,0.10714156905178715,0.4815094685416523,0.29044157840729773,1.1074637574031063,4.952830188679245,3.595323583763093,0.2819288844590959,0.0,0.0,0.0,0.0,0.0,0,0,0,0,0,0.0,0.2358490566037736,0.13574557237026105,0.14876806959305214,0.9116597854283864,0.41630626462950626,0.0,0.22641509433962265,0.01169758876554785
87,106,100.0,106,0,106,0,0,0.0,0.6092351699046806,0.5992935250066973,0.10497422530084251,0.48143487821354664,0.2862606701640549,1.101711919493226,4.952830188679245,3.595323583763093,0.28015945945875753,0.0,0.0,0.0,0.0,0.0,0,0,0,0,0,0.0,0.2358490566037736,0.13332433983869882,0.15930628195815807,0.90470792674096,0.410964123264889,0.0,0.20754716981132076,0.011700746707959786
88,106,100.0,106,0,106,0,0,0.0,0.6115559698217027,0.6016346930812132,0.10335445570576088,0.48143030770343354,0.28287513327076147,1.090158826902174,4.952830188679245,3.595323583763093,0.2822706366326291,0.0,0.0,0.0,0.0,0.0,0,0,0,0,0,0.0,0.22641509433962265,0.133215680665269,0.17441436751010023,0.9017950078377625,0.41487475281727626,0.0,0.20754716981132076,0.0117122685452309
89,106,100.0,106,0,106,0,0,0.0,0.6123703980468047,0.6023715505242192,0.10215569990967617,0.48144709544549014,0.28424246818078924,1.0879924062568842,4.952830188679245,3.595323583763093,0.28339964755599434,0.0,0.0,0.0,0.0,0.0,0,0,0,0,0,0.0,0.2358490566037736,0.13300584826656298,0.17800775018674106,0.8981948823454048,0.4169229316121477,0.0,0.20754716981132076,0.011716642473181082
90,106,100.0,106,0,106,0,0,0.0,0.6140499461197331,0.6039454665938722,0.10585720552836901,0.48150854951441,0.28542697613847995,1.0937411604033198,4.952830188679245,3.595323583763093,0.2861464140052954,0.0,0.0,0.0,0.0,0.0,0,0,0,0,0,0.0,0.24528301886792453,0.1362180011635681,0.18289779801330242,0.8990076126163951,0.4205935324399208,0.0,0.20754716981132074,0.011726144949862252
91,106,100.0,106,0,106,0,0,0.0,0.6147051541479542,0.6047023931864273,0.11359774678674359,0.481589565278932,0.28008551489987216,1.0870505091414304,4.952830188679245,3.595323583763093,0.28829919800537995,0.0,0.0,0.0,0.0,0.0,0,0,0,0,0,0.0,0.2358490566037736,0.14098912799421912,0.16083980698509476,0.9164172884791314,0.42985325601616137,0.0,0.18867924528301888,0.01173087737944757
92,106,100.0,106,0,106,0,0,0.0,0.6147381177224873,0.6048866956506284,0.11465670572517417,0.48167296928053427,0.2773155846305784,1.0835728390381945,4.952830188679245,3.595323583763093,0.28828768566988483,0.0,0.0,0.0,0.0,0.0,0,0,0,0,0,0.0,0.2358490566037736,0.14140034038728413,0.15823201986794677,0.9173059703241595,0.43376364823256613,0.0,0.18867924528301888,0.01173254151918994
93,106,100.0,106,0,106,0,0,0.0,0.6169667898546528,0.6074956357095,0.11641070172282164,0.48182841450817543,0.2755499998743064,1.077011052113223,4.952830188679245,3.595323583763093,0.2879326068148518,0.0,0.0,0.0,0.0,0.0,0,0,0,0,0,0.0,0.22641509433962265,0.14148836753510144,0.1505017121424885,0.9069843697952493,0.4356621672742203,0.0,0.16981132075471694,0.011746479259315377
94,106,100.0,106,0,106,0,0,0.0,0.6173770805341534,0.6079444640670397,0.11761737431459689,0.4819911804423187,0.27459627188718655,1.074705533003809,4.952830188679245,3.595323583763093,0.2900155978441745,0.0,0.0,0.0,0.0,0.0,0,0,0,0,0,0.0,0.22641509433962265,0.14296647361589898,0.1376137790769844,0.9232110710605497,0.439454607714811,0.0,0.13207547169811318,0.011751456693721171
95,105,99.05660377358491,106,1,105,0,0,0.009433962264150943,0.6222802066639239,0.6134759935716242,0.1252943477949014,0.48228201090134626,0.2721716599973169,1.0756208172559147,4.952830188679245,3.595323583763093,0.2918048805908626,0.29054679429114616,0.0590857354622396,0.0,0.29054679429114616,0.0018137066850333894,0,1,0,0,0,0.0,0.25471698113207547,0.14633541207779022,0.13525137799827783,0.9280149420591548,0.4369672229447693,0.009433962264150943,0.16981132075471694,0.011781200472411116
96,104,98.11320754716981,106,1,105,0,0,0.009433962264150943,0.6202722861222569,0.6122796848310743,0.11909180175615061,0.4825341136020818,0.27807017236176634,1.0820021723312234,4.952830188679245,3.595323583763093,0.2879448179603199,0.4599784031194329,0.06464565437569147,0.0,0.4599784031194329,0.007906761098291526,0,1,0,0,0,0.0,0.22641509433962265,0.14161501319547304,0.1285979223243134,0.9092527348446267,0.4357519416829455,0.009433962264150943,0.16981132075471697,0.011775692823630207
97,103,97.16981132075472,106,1,95,5,5,0.009433962264150943,0.6226168731655974,0.6136410265176492,0.12277083958020187,0.482858669641743,0.2763710856187157,1.085041202061859,4.952830188679245,3.595323583763093,0.2899127815173441,0.577169194124724,0.04789457452831403,0.7272727272727273,0.4068478045766991,0.004128982515117358,1,5,0,5,0,0.0,0.2169811320754717,0.14447106135406607,0.13150539907230557,0.9169727026970443,0.4386292892302206,0.009433962264150943,0.13207547169811323,0.011793250178765143
98,102,96.22641509433963,106,1,105,0,0,0.009433962264150943,0.6201650187226687,0.6111560685009705,0.11773056772792959,0.4830794167472903,0.2780943814825528,1.084343886723474,4.952830188679245,3.595323583763093,0.2882515699076307,0.38537626513454304,0.06768733303585484,0.0,0.38537626513454304,-0.01391604591339679,0,1,0,0,0,0.0,0.22641509433962265,0.141850689492281,0.12241427177233166,0.9117161458410804,0.43496027480133126,0.009433962264150943,0.20754716981132074,0.011784959192923607
99,102,96.22641509433963,106,0,106,0,0,0.0,0.619402719249166,0.6101660261279885,0.11887364160204597,0.4832611029786614,0.2740043809578328,1.0723631404736658,4.952830188679245,3.595323583763093,0.2923329145726177,0.0,0.0,0.0,0.0,0.0,0,0,0,0,0,0.0,0.22641509433962265,0.14543008471766158,0.12589769421900887,0.9178027334564887,0.4392321668536648,0.0,0.20754716981132074,0.01178441379951856
100,103,97.16981132075472,106,0,106,0,0,0.0,0.61951743580674,0.6101610121023268,0.12685049823461106,0.48343611278575005,0.2694166050117303,1.0669658378453184,4.952830188679245,3.595323583763093,0.293956821453345,0.0,0.0,0.0,0.0,0.0,0,0,0,0,0,0.0,0.2169811320754717,0.15025240473765158,0.1220043300501927,0.940868145292917,0.4465010408493181,0.0,0.20754716981132076,0.011788133466740508
101,104,98.11320754716981,106,0,105,1,0,0.0,0.6172719997496647,0.6081490088920071,0.12642068264636655,0.48354696000322905,0.26641225731284157,1.0588385942372613,4.952830188679245,3.595323583763093,0.2933887570770064,0.4403795111845234,0.0759208094061271,0.0,0.4403795111845234,0.0008064585854223316,0,0,1,0,0,0.0,0.22641509433962265,0.14973849717955462,0.12624570657606682,0.9390293693001512,0.446341934662845,0.0,0.20754716981132076,0.011778898944531116
102,105,99.05660377358491,106,0,106,0,0,0.0,0.6175046577472683,0.6082398923650727,0.1191166048752276,0.4836564359485089,0.26734106700342897,1.0293802253144106,4.952830188679245,3.595323583763093,0.2911594374568176,0.0,0.0,0.0,0.0,0.0,0,0,0,0,0,0.0,0.24528301886792453,0.14541127948213117,0.14903405022447222,0.9434302764742338,0.43658974625633146,0.0,0.20754716981132076,0.01178203024175873
103,106,100.0,106,0,105,1,0,0.0,0.613352443878982,0.6038955437201501,0.12025741551020133,0.483637021166196,0.2719513652117473,1.0394705167891296,4.952830188679245,3.595323583763093,0.2889334040504412,0.43367256129085097,0.07494808462142262,0.0,0.43367256129085097,0.0018262823742773437,0,0,0,1,0,0.0,0.25471698113207547,0.14575015282798012,0.15482774929530288,0.9192167452729689,0.4314821206719792,0.0,0.22641509433962265,0.011760920160293682
104,106,100.0,106,0,106,0,0,0.0,0.6134924176033001,0.6038537677343377,0.11499105341390842,0.4836171028226342,0.27599869292124335,1.073280954314637,4.952830188679245,3.595323583763093,0.28785125381556687,0.0,0.0,0.0,0.0,0.0,0,0,0,0,0,0.0,0.2358490566037736,0.14311860592556075,0.16040041640825517,0.916209867291099,0.42832210891141836,0.0,0.22641509433962262,0.011761261964463487
105,105,99.05660377358491,106,1,104,1,0,0.009433962264150943,0.6179708286921584,0.6082001423698069,0.11556025528832119,0.4837272211432564,0.26936151509873496,1.0553615333826374,4.952830188679245,3.595323583763093,0.2910132671506549,0.2216544454853718,0.05997630283172384,0.0,0.2216544454853718,-0.005147683034760597,0,1,0,1,0,0.0,0.22641509433962265,0.14442945660217923,0.15637047759213782,0.922047073762897,0.4347998244714084,0.009433962264150943,0.20754716981132074,0.011785633574883466
106,104,98.11320754716981,106,1,104,1,0,0.009433962264150943,0.6230883190133976,0.6121648980005232,0.12215381484942094,0.48396793639171426,0.2647704490153096,1.0505756840077516,4.952830188679245,3.595323583763093,0.29576729671471846,0.3160360019887967,0.06930703414995508,0.0,0.3160360019887967,-0.0025335913355387096,1,0,0,1,0,0.0,0.25471698113207547,0.14962216289933725,0.147826645872981,0.9366943875715668,0.44359185082123526,0.009433962264150943,0.20754716981132076,0.011815548272538421
107,104,98.11320754716981,106,0,104,2,0,0.0,0.6269293089597487,0.6157851789127189,0.1310755190495211,0.48427929884698484,0.256600799795587,1.0373249528717434,4.952830188679245,3.595323583763093,0.29748963623929847,0.4398207391866793,0.06565334202087299,0.0,0.4398207391866793,0.003776818425745898,0,0,0,2,0,0.0,0.25471698113207547,0.15403659707694262,0.12924639586577485,0.9055373104870429,0.45219017653407634,0.0,0.20754716981132074,0.01184035046616284
108,102,96.22641509433963,106,2,103,1,0,0.018867924528301886,0.6297915765931504,0.6193352044478714,0.13264268194509166,0.4846589163910035,0.2605745562202943,1.0430071831566012,4.952830188679245,3.595323583763093,0.2998103004673338,0.5931644179266263,0.07446358890845783,0.3333333333333333,0.3426507818637396,0.004031815277065716,0,2,0,1,0,0.0,0.2358490566037736,0.1553270147887835,0.13766114697142942,0.9103381652721392,0.4505605405090523,0.018867924528301886,0.2641509433962264,0.011861486043873952
109,101,95.28301886792453,106,1,96,2,7,0.009433962264150943,0.6276242815348886,0.61648212971331,0.12812902811987753,0.4849866872711245,0.26325707961493006,1.0396149141751958,4.952830188679245,3.595323583763093,0.29907551930225784,0.5814080859922165,0.04692154282196641,0.5,0.37557128358715486,0.006379118594000738,1,7,0,2,0,0.0,0.22641509433962265,0.15391604842193693,0.14134640653175243,0.9033211873503288,0.4526180823777782,0.009433962264150943,0.24528301886792453,0.011856541780459492
110,101,95.28301886792453,106,1,101,4,0,0.009433962264150943,0.6295320251014869,0.6175005742434531,0.12660290312794395,0.48533776036505544,0.2628326082357938,1.0394241195959666,4.952830188679245,3.595323583763093,0.29857083655228767,0.4609150606827758,0.07311073285535137,0.2,0.4606205270691359,-0.0041583367072125735,0,1,0,4,0,0.0,0.2358490566037736,0.15295031887268096,0.14608814367679288,0.8895843362865511,0.4549612017273836,0.009433962264150943,0.2452830188679245,0.011872391605163657
111,102,96.22641509433963,106,0,105,1,0,0.0,0.6263025961660493,0.6145419090786377,0.12112479070036346,0.4855641135571127,0.26517912494970025,1.0350389641618134,4.952830188679245,3.595323583763093,0.2964199466248809,0.5207464462939948,0.059504731435550726,1.0,0.4792535537060052,0.009309811727022277,0,0,0,1,0,0.0,0.22641509433962265,0.14982876200811693,0.16329557308134163,0.9007320613453584,0.4485102132419384,0.0,0.24528301886792453,0.011860313525334785
112,101,95.28301886792453,106,1,105,0,0,0.009433962264150943,0.624371777915733,0.6141481551962028,0.12054833578910382,0.48572408585990495,0.2671773333126843,0.9925774981346378,4.952830188679245,3.595323583763093,0.2967255836001643,0.5840604008322683,0.06813359161697731,1.0,0.4159395991677317,0.007986018880324297,0,1,0,0,0,0.0,0.2358490566037736,0.14965955530154465,0.1833659625805099,0.8829518009632267,0.44160001724120507,0.009433962264150943,0.28301886792452835,0.011853535195048094
113,102,96.22641509433963,106,1,97,4,4,0.009433962264150943,0.6249308456910659,0.6147717235702633,0.11622614449978608,0.485943198374254,0.2732015899991545,0.9955047188200871,4.952830188679245,3.595323583763093,0.2922427808306238,0.5656824741258539,0.05732455138366505,0.7777777777777778,0.4081485311122595,0.0049125181023516136,0,5,0,4,0,0.0,0.24528301886792453,0.145655494344554,0.17882221359364686,0.9176318712007147,0.43478589764509684,0.009433962264150943,0.20754716981132074,0.011860269435876442
114,102,96.22641509433963,106,1,96,5,4,0.009433962264150943,0.6230532192458558,0.6124553351882627,0.11524451263693077,0.4860993277276869,0.27265712574380535,0.9907723270725787,4.952830188679245,3.595323583763093,0.29187154429467554,0.45720655446138736,0.06962487867862166,0.4,0.3807950494051064,-0.00280676334987362,0,5,0,5,0,0.0,0.2641509433962264,0.14584216344094544,0.2029110000588024,0.9159629985100677,0.43153447117905885,0.009433962264150943,0.2452830188679245,0.011853687981382966
115,101,95.28301886792453,106,2,99,5,0,0.018867924528301886,0.6202689757903674,0.6105043172004038,0.11376772047865795,0.48616402076989185,0.2787362984955922,1.0104511776876497,4.952830188679245,3.595323583763093,0.2874529430944561,0.4295733437585816,0.07294115809217187,0.14285714285714285,0.42709779900376416,-0.005515449142476402,0,2,1,4,0,0.0,0.22641509433962265,0.14331333739884944,0.2224696087962191,0.9436715553141617,0.4160114282611537,0.018867924528301886,0.18867924528301885,0.011840929726207249
116,99,93.39622641509433,106,2,103,1,0,0.018867924528301886,0.6192760647754991,0.6067027526472475,0.11369914017525856,0.4862198034823442,0.28205016219308443,1.0691075101779635,4.952830188679245,3.595323583763093,0.2870152972389599,0.45418828472730305,0.06463029378262904,0.3333333333333333,0.4054564921265212,-0.003820211461282493,1,1,1,0,0,0.0,0.2169811320754717,0.14430215021686912,0.21145640004017152,0.9371951235941597,0.41059975366592066,0.018867924528301886,0.18867924528301885,0.011836967955641138
117,99,93.39622641509433,106,1,104,1,0,0.009433962264150943,0.6228771032920201,0.6094015812088629,0.11387771498979611,0.48628265598928905,0.2810917403884629,1.0694091941062112,4.952830188679245,3.595323583763093,0.29017149544962617,0.33591939813604577,0.06504427277026847,0.0,0.33591939813604577,0.0034184483875459026,0,1,1,0,0,0.0,0.19811320754716982,0.14539328982389801,0.2307135972580097,0.9255962249251205,0.41419485126526134,0.009433962264150943,0.22641509433962265,0.01185610302372633
118,100,94.33962264150944,106,0,104,2,0,0.0,0.6220686387827143,0.6083528881042516,0.11120135266978803,0.4862970248615694,0.28240329692622923,1.0733591740265758,4.952830188679245,3.595323583763093,0.2934797280518826,0.3896680594532095,0.06803010418516875,0.0,0.3896680594532095,0.0021017384643709502,0,0,1,1,0,0.0,0.22641509433962265,0.14581394377254042,0.23943793077664244,0.9245191098442845,0.4187153086663171,0.0,0.22641509433962265,0.01185231900490671
119,101,95.28301886792453,106,0,105,1,0,0.0,0.6232658334291353,0.6091905704386626,0.11514061647880618,0.48633497103881684,0.28000521694457514,1.0816168256790493,4.952830188679245,3.595323583763093,0.29756125767493913,0.36926792934528574,0.06122957823249784,0.0,0.36926792934528574,0.004386760069900908,0,0,1,0,0,0.0,0.2358490566037736,0.15023603721390966,0.2496631539527528,0.9279234500920142,0.4247676023434773,0.0,0.18867924528301885,0.011858987122068673
120,103,97.16981132075472,106,0,106,0,0,0.0,0.6274203386790089,0.6134759948897206,0.11581613444976487,0.4864948128289673,0.27756172084598685,1.07024955726278,4.952830188679245,3.595323583763093,0.297254954607038,0.0,0.0,0.0,0.0,0.0,0,0,0,0,0,0.0,0.2169811320754717,0.14956884196262948,0.2309039003253275,0.9412959509259038,0.42702759271516666,0.0,0.18867924528301888,0.011882633063107034
121,105,99.05660377358491,106,0,106,0,0,0.0,0.6257008859293118,0.6121099547923401,0.10954179451128154,0.4866096169401117,0.2794405119864467,1.0436288837813164,4.952830188679245,3.595323583763093,0.29446662778703003,0.0,0.0,0.0,0.0,0.0,0,0,0,0,0,0.0,0.22641509433962265,0.14500358469217714,0.2304123289577998,0.9330248486060889,0.42419331288552986,0.0,0.22641509433962265,0.0118760995890001
122,106,100.0,106,0,106,0,0,0.0,0.6229323032647331,0.6091704975241138,0.11009596050182119,0.4866357470716537,0.28091498054892233,1.0524922427224532,4.952830188679245,3.595323583763093,0.29639905256273735,0.0,0.0,0.0,0.0,0.0,0,0,0,0,0,0.0,0.2169811320754717,0.14737258144875431,0.2384668732615149,0.9436954953059701,0.42348011682183145,0.0,0.18867924528301888,0.011862726407068105
123,105,99.05660377358491,106,1,104,1,0,0.009433962264150943,0.6239826924153786,0.6122730925367347,0.11837694741909931,0.4866861464284943,0.2744805160674688,1.0400113687175523,4.952830188679245,3.595323583763093,0.3023594805217078,0.43735582437379583,0.06327620401817567,0.0,0.43735582437379583,0.0039506396229128105,1,0,0,1,0,0.0,0.2358490566037736,0.15414212964571392,0.255081941971931,0.9442496932303426,0.4274318538415911,0.009433962264150943,0.20754716981132074,0.01186888436280261
124,103,97.16981132075472,106,2,99,1,4,0.018867924528301886,0.6266893248706774,0.6141875543636329,0.1243524875137588,0.48686269063787485,0.2644716411998231,1.0306658582503998,4.952830188679245,3.595323583763093,0.308190875331829,0.5223555000944683,0.051747327567749246,0.7142857142857143,0.4555488214844953,0.005047501471295798,1,5,0,1,0,0.0,0.25471698113207547,0.16082317889602404,0.27444476077761554,0.9449631377062757,0.43177619141780416,0.018867924528301886,0.16981132075471694,0.011885591192876918
125,101,95.28301886792453,106,2,104,0,0,0.018867924528301886,0.6253886110594246,0.6142095199060474,0.1279903263323654,0.48699138093972977,0.2629068097809527,1.0258650429381986,4.952830188679245,3.595323583763093,0.3102150282042384,0.6126259650818852,0.07126121687908651,1.0,0.38737403491811484,0.0028145727547866095,0,2,0,0,0,0.0,0.2641509433962264,0.1639019645728815,0.26622180492911934,0.9559472026610666,0.4361759930538089,0.018867924528301886,0.16981132075471694,0.011881401040206957
126,100,94.33962264150944,106,1,105,0,0,0.009433962264150943,0.6208298882310959,0.6084625219802384,0.13073658012256015,0.4870237414012498,0.26202522041601695,1.0432150085472616,4.952830188679245,3.595323583763093,0.3114481157607334,0.7328696676587281,0.07228290859152514,1.0,0.2671303323412719,0.005108265644966192,0,1,0,0,0,0.0,0.2830188679245283,0.16693795592557983,0.261943583919127,0.9474933658650718,0.4418540275716349,0.009433962264150943,0.22641509433962262,0.011859189157717736
127,100,94.33962264150944,106,0,106,0,0,0.0,0.6292330495355486,0.616293219289824,0.14100128379290253,0.48723985033473316,0.25880164159527885,1.0110775669962542,4.952830188679245,3.595323583763093,0.3140649318587203,0.0,0.0,0.0,0.0,0.0,0,0,0,0,0,0.0,0.2830188679245283,0.1717375420457847,0.2630260620829237,0.9418008377576035,0.44223492884737403,0.0,0.24528301886792453,0.011905089871966073
128,101,95.28301886792453,106,0,106,0,0,0.0,0.6249783411157536,0.6121742031398333,0.14249523901968716,0.48732971588551666,0.2592008920924419,1.0216910950962768,4.952830188679245,3.595323583763093,0.3135659605015837,0.0,0.0,0.0,0.0,0.0,0,0,0,0,0,0.0,0.29245283018867924,0.1729321997494857,0.2608309734003967,0.9539584096937148,0.44215001587632663,0.0,0.22641509433962262,0.011885431808537596
129,103,97.16981132075472,106,0,106,0,0,0.0,0.6232680208896734,0.610597796682502,0.142483366244774,0.48737100894845015,0.2620963364444711,1.0301405587902617,4.952830188679245,3.595323583763093,0.31245998438589795,0.0,0.0,0.0,0.0,0.0,0,0,0,0,0,0.0,0.2830188679245283,0.17279348160541888,0.2620162343777368,0.9499276174140103,0.4383570258347117,0.0,0.18867924528301883,0.011877622517022249
130,105,99.05660377358491,106,0,105,1,0,0.0,0.6216147332220631,0.6090738799179707,0.13999762478036212,0.48736698560108777,0.25953690065491464,1.0158303221897438,4.952830188679245,3.595323583763093,0.31054569616900474,0.4307089174229817,0.0641017282959942,0.0,0.4307089174229817,-0.001514249428443637,0,0,0,1,0,0.0,0.3018867924528302,0.17117734269412957,0.2834787909114942,0.9388215099256362,0.4327778937231899,0.0,0.22641509433962262,0.011869283752505908
131,106,100.0,106,0,105,1,0,0.0,0.6239339144705353,0.6114621396384806,0.14502466068573636,0.48743179943806025,0.2570891875786121,1.0265325948931878,4.952830188679245,3.595323583763093,0.3137447184578377,0.4413036305413561,0.06253705752664802,0.0,0.4413036305413561,-0.0014454584884293076,0,0,0,1,0,0.0,0.29245283018867924,0.17469117004678428,0.2788261634972767,0.9267487096299609,0.4377672597595741,0.0,0.18867924528301883,0.011882044792331375
132,105,99.05660377358491,106,1,105,0,0,0.009433962264150943,0.6272034270657612,0.6138388745970161,0.1507013785230449,0.48757862686078624,0.2550305648803573,1.0208476471986638,4.952830188679245,3.595323583763093,0.31751501804986626,0.45264805453629586,0.05939555242979193,0.0,0.45264805453629586,3.5444641634546636e-05,0,1,0,0,0,0.0,0.3113207547169811,0.17977011035829674,0.2726605779844723,0.9453248329699923,0.4416845138723211,0.009433962264150943,0.2075471698113207,0.011901031815785855
133,105,99.05660377358491,106,0,106,0,0,0.0,0.6252247129560209,0.6125033796929666,0.14028914479355134,0.4876657802690299,0.255207921337468,1.0066331955617307,4.952830188679245,3.595323583763093,0.3160804712462366,0.0,0.0,0.0,0.0,0.0,0,0,0,0,0,0.0,0.2641509433962264,0.17386974046198087,0.26907037203488965,0.9409191713430329,0.44724891751047524,0.0,0.2075471698113207,0.011892704968757472
134,104,98.11320754716981,106,1,102,3,0,0.009433962264150943,0.6288046393034575,0.615830514420993,0.14667983324898312,0.48785159315690396,0.2514664040391153,0.994436624227813,4.952830188679245,3.595323583763093,0.31978233076804474,0.372720601896418,0.06095570171024273,0.25,0.3396290426217321,0.001565109433917522,0,1,0,3,0,0.0,0.29245283018867924,0.17788385901678083,0.2557549323749004,0.9471655576311281,0.45715197480133535,0.009433962264150943,0.2075471698113207,0.01191394488778436
135,104,98.11320754716981,106,0,104,2,0,0.0,0.6253742676243843,0.6122627890470386,0.14722451954141266,0.48792201253374096,0.2522350177506019,0.9965816084062438,4.952830188679245,3.595323583763093,0.3229899720770839,0.2871221243830026,0.058865324076410784,0.0,0.2871221243830026,-0.002842639119869206,0,0,0,2,0,0.0,0.3018867924528302,0.18094852556564828,0.2555765489827175,0.9624468451062884,0.4620475066105683,0.0,0.13207547169811318,0.011898058931620475
136,104,98.11320754716981,106,0,105,1,0,0.0,0.625536495315913,0.6124643522726996,0.14489560986782588,0.48799569758626565,0.249601522459233,0.9750401186320476,4.952830188679245,3.595323583763093,0.324102231483937,0.09077954405698499,0.062391253790818946,0.0,0.09077954405698499,-0.013718122748019868,0,0,0,1,0,0.0,0.29245283018867924,0.18039051050163932,0.26065925561965114,0.9342713085244515,0.46215207442379935,0.0,0.20754716981132074,0.011900194678113681
137,105,99.05660377358491,106,0,106,0,0,0.0,0.622303131935792,0.6093075917303507,0.13103778012942907,0.4879759368177096,0.25957920731651535,0.9841658310710913,4.952830188679245,3.595323583763093,0.31829855641888316,0.0,0.0,0.0,0.0,0.0,0,0,0,0,0,0.0,0.3113207547169811,0.17119482416219492,0.2846219846971207,0.943465827954471,0.4487572637273516,0.0,0.16981132075471697,0.011883672629426962
138,105,99.05660377358491,106,0,105,1,0,0.0,0.623166091892642,0.6100901838321504,0.1268294922267497,0.48797939588744627,0.26689337284696385,0.9950579731338536,4.952830188679245,3.595323583763093,0.3164884799798249,0.3677907359013215,0.05825374714277449,0.0,0.3677907359013215,0.002538236622087353,0,0,0,1,0,0.0,0.27358490566037735,0.1680760471859369,0.2989287614770585,0.9451326451911638,0.44311138012086076,0.0,0.18867924528301885,0.011888049611586222
139,105,99.05660377358491,106,1,104,1,0,0.009433962264150943,0.6214547353598303,0.609080486780452,0.12180895384550894,0.4879475634967728,0.2698428564271339,0.9973993296791543,4.952830188679245,3.595323583763093,0.3119212999222507,0.22357418331146706,0.05763501049735052,0.0,0.22357418331146706,-0.005477100377637878,0,1,0,1,0,0.0,0.2830188679245283,0.16289467807044447,0.30936857359888137,0.9346347617862627,0.43751316029398174,0.009433962264150943,0.2452830188679245,0.011878920590197585
140,105,99.05660377358491,106,0,105,1,0,0.0,0.6193576401513152,0.6067850892554345,0.12004345313507193,0.4878569796033828,0.27120600642515813,0.9977710054879465,4.952830188679245,3.595323583763093,0.31247845526116125,0.12446873566497398,0.06607079077409979,0.0,0.12446873566497398,-0.009051181934544517,0,0,0,1,0,0.0,0.2830188679245283,0.16306600494895662,0.314260204324307,0.9427726090044788,0.4367113994274146,0.0,0.2452830188679245,0.011866806722113939
141,105,99.05660377358491,106,0,105,1,0,0.0,0.614238455519843,0.6018763067021948,0.12289315695281751,0.48762846320062514,0.2677340112822475,0.9811164818875519,4.952830188679245,3.595323583763093,0.31739706126002454,0.08264064713901123,0.07224612601658312,0.0,0.08264064713901123,-0.013535498711843674,0,0,0,1,0,0.0,0.2830188679245283,0.16783911602567306,0.27857264247537344,0.9490141577645269,0.4515906736967633,0.0,0.2452830188679245,0.01183710284689602
142,105,99.05660377358491,106,0,105,1,0,0.0,0.6178285579619247,0.6052109689809714,0.1245888894304531,0.4875040762214667,0.2688941896454219,0.9827661727419661,4.952830188679245,3.595323583763093,0.3195295073429991,0.14232624718427245,0.06371703154002377,0.0,0.14232624718427245,-0.009548368387583828,0,0,0,1,0,0.0,0.3018867924528302,0.16960972857079668,0.2839707890279076,0.946481359525626,0.45455446871451605,0.0,0.22641509433962262,0.011852817301908021
143,105,99.05660377358491,106,0,103,3,0,0.0,0.6200761110871259,0.6068286078022724,0.13315270710101057,0.48743068883673896,0.26294534562852895,0.9766491501826852,4.952830188679245,3.595323583763093,0.325695073134155,0.31380463034301825,0.06003456256292338,0.0,0.31380463034301825,-0.001630812257840425,0,0,1,2,0,0.0,0.2830188679245283,0.17767077524176358,0.28750879517217387,0.9513502143141777,0.46277738996213197,0.0,0.2264150943396226,0.011862735810558717
144,105,99.05660377358491,106,1,105,0,0,0.009433962264150943,0.6248115265898107,0.6134599798977979,0.13918100925026888,0.4874822696215485,0.26154664321631516,0.9778229273835248,4.952830188679245,3.595323583763093,0.3302336396039973,0.39554362021757483,0.05729618509651711,0.0,0.39554362021757483,0.003036196136048358,0,1,0,0,0,0.0,0.2830188679245283,0.18289782715528977,0.3078119143116925,0.9638178757108088,0.4577250908511543,0.009433962264150943,0.2075471698113207,0.011887340136132614
145,104,98.11320754716981,106,1,101,0,4,0.009433962264150943,0.6266618113921997,0.6123639483209825,0.1331420118023553,0.48765723987969806,0.2633614991499422,0.9789485507463448,4.952830188679245,3.595323583763093,0.32711773531963617,0.634079366685403,0.07441586832345473,0.6,0.35131836955790724,-0.0006252690917224468,0,5,0,0,0,0.2,0.2830188679245283,0.17861731019620816,0.3285063686738234,0.9580392555581384,0.44359194581634037,0.009433962264150943,0.20754716981132074,0.011899736933622469
146,104,98.11320754716981,106,0,104,2,0,0.0,0.632665640598238,0.6179540847224937,0.14074046003973567,0.48789834328225923,0.2540155401050802,0.9598381720774424,4.952830188679245,3.595323583763093,0.3297931775280183,0.21954376042255488,0.04951154779402584,0.0,0.21954376042255488,-0.0033967454074533138,0,0,0,2,0,0.5,0.2830188679245283,0.18348232406554876,0.33100183209499934,0.9562644173710174,0.4472355050874739,0.0,0.20754716981132074,0.01193409030339943
147,103,97.16981132075472,106,1,104,1,0,0.009433962264150943,0.6354667594938488,0.6223641830307781,0.13385743158529992,0.4882160848873117,0.26131293020531354,0.9274589313868988,4.952830188679245,3.595323583763093,0.32507019719353836,0.3646990387953575,0.053115736535919174,0.5,0.3430195096073094,-0.004165253910053207,0,1,0,1,0,0.0,0.2830188679245283,0.17624019784137876,0.3418850246057731,0.9470755611162103,0.438311674807108,0.009433962264150943,0.2452830188679245,0.011953807817308424
148,102,96.22641509433963,106,1,103,2,0,0.009433962264150943,0.6341773048328708,0.6212894516302611,0.13407975584388712,0.48854124709047,0.2628030861073695,0.9766178981252246,4.952830188679245,3.595323583763093,0.32477037466154624,0.6096850616736579,0.06223542690600686,0.3333333333333333,0.2842901134392373,-0.006490865904526198,0,1,0,2,0,0.3333333333333333,0.2830188679245283,0.17555595490509857,0.3156671812627896,0.9555547620821454,0.4403105587095986,0.009433962264150943,0.22641509433962262,0.01195320586069135
149,103,97.16981132075472,106,0,106,0,0,0.0,0.6367082044497182,0.6238359801946132,0.13716966075433867,0.4889197461133653,0.26180855737831293,0.9795439354903901,4.952830188679245,3.595323583763093,0.32376912779603595,0.0,0.0,0.0,0.0,0.0,0,0,0,0,0,0.0,0.27358490566037735,0.1757187900872908,0.31397345091444306,0.9584464412975774,0.4377366134518997,0.0,0.22641509433962262,0.011972664491092822
150,104,98.11320754716981,106,0,106,0,0,0.0,0.6302775022206665,0.6179922229316684,0.1286368850102124,0.4891165552851841,0.26674700734569573,0.9879773279483407,4.952830188679245,3.595323583763093,0.31691108318295447,0.0,0.0,0.0,0.0,0.0,0,0,0,0,0,0.0,0.24528301886792453,0.16802162862741143,0.29604248527420823,0.9519920803213878,0.43263293434240574,0.0,0.22641509433962262,0.011944048943232267
151,104,98.11320754716981,106,0,105,1,0,0.0,0.625297855347648,0.613251002595066,0.12537045275280168,0.48916991876009747,0.26994601817005165,0.9959434159773777,4.952830188679245,3.595323583763093,0.31480839265044147,0.5089093928001047,0.07848524726810122,1.0,0.4910906071998953,0.0030804294257311127,0,0,0,1,0,0.0,0.25471698113207547,0.16619039638166713,0.30424538442024507,0.9452715668995004,0.4264172403268117,0.0,0.26415094339622636,0.011920110003666513
152,104,98.11320754716981,106,1,105,0,0,0.009433962264150943,0.632361826584709,0.6221015955185313,0.13118762901749897,0.48941557723863477,0.2675335541707646,0.9875915256669674,4.952830188679245,3.595323583763093,0.31763911092034225,0.4424574098332163,0.07568968954407927,0.0,0.4424574098332163,0.002861595127813976,0,1,0,0,0,0.0,0.2358490566037736,0.16935853498302395,0.31195149959749646,0.9519295897651985,0.4280985530841479,0.009433962264150943,0.22641509433962262,0.011959845968459
153,104,98.11320754716981,106,1,97,3,5,0.009433962264150943,0.6336037621427013,0.6232809467420384,0.1328641981236042,0.48976238704921515,0.26909361726147024,0.9909132463304291,4.952830188679245,3.595323583763093,0.31646048685143957,0.6022929695770443,0.07015557326898464,0.8888888888888888,0.39486788125472,0.006984147815508718,0,6,1,2,0,0.0,0.2358490566037736,0.16876451112778948,0.3086462245998171,0.9279657041845266,0.4312802773176176,0.009433962264150943,0.2452830188679245,0.011972290113704263
154,103,97.16981132075472,106,1,102,2,1,0.009433962264150943,0.6324703476083476,0.6215268963241354,0.12951789357631677,0.4900435041667719,0.2717303191033806,0.9883019929395752,4.952830188679245,3.595323583763093,0.3131357642498047,0.4635566440021412,0.06412835051984139,0.25,0.461159624395653,-0.0021509741550041622,0,2,0,2,0,0.0,0.2169811320754717,0.16589732435060867,0.3188739266201576,0.9274116264087784,0.4264475991910114,0.009433962264150943,0.28301886792452824,0.01197167657604525
155,103,97.16981132075472,106,0,104,2,0,0.0,0.6316827804346984,0.6209044609414793,0.1288898494903012,0.4902836741042578,0.2707241108160441,0.9905676910949888,4.952830188679245,3.595323583763093,0.31252370417345965,0.4866021839740856,0.07290625887750882,0.5,0.48286908080443836,0.0036700830448233857,0,0,0,2,0,0.0,0.24528301886792453,0.16524459561704646,0.316888656395022,0.9417309979429269,0.4303865076185884,0.0,0.24528301886792447,0.011972056183378776
156,102,96.22641509433963,106,1,104,1,0,0.009433962264150943,0.6333872038805537,0.6207847150621724,0.1248987946161484,0.4905655640423963,0.2763093295893546,0.9968278067608533,4.952830188679245,3.595323583763093,0.309991158872978,0.4908462654049836,0.07220832607176468,0.5,0.47953072607844677,0.0038573047303335217,0,1,0,1,0,0.0,0.25471698113207547,0.1618705477218972,0.31357732271087724,0.9281698264621023,0.4252532363272275,0.009433962264150943,0.2641509433962264,0.011985645728321125
157,102,96.22641509433963,106,1,104,1,0,0.009433962264150943,0.6357665262547061,0.6229188911486411,0.13016654103990588,0.49085292395498825,0.27490626023592457,0.9908531401529137,4.952830188679245,3.595323583763093,0.31190243559827113,0.5942255253739637,0.06580521888966075,1.0,0.40577447462603633,0.005520456106222232,0,1,0,1,0,0.0,0.24528301886792453,0.1650669512780888,0.30246813814717843,0.9325990612117265,0.4292883138529234,0.009433962264150943,0.20754716981132074,0.012002708099545737
158,103,97.16981132075472,106,0,105,1,0,0.0,0.6320492106724759,0.6191646635019147,0.129473062227711,0.49101395155381317,0.277457099342537,0.9996562562026078,4.952830188679245,3.595323583763093,0.3113479904462535,0.5169573096355324,0.06750037034248141,1.0,0.48304269036446756,0.0022101123613058604,0,0,0,1,0,0.0,0.24528301886792453,0.16529086869997714,0.3055838326839478,0.9169941267434567,0.42819356853333285,0.0,0.20754716981132074,0.011987016253253045
159,103,97.16981132075472,106,1,105,0,0,0.009433962264150943,0.628798514881912,0.6155408545353678,0.12558474407431974,0.49108584759219864,0.2834963790014591,1.0155884877295884,4.952830188679245,3.595323583763093,0.306896360369155,0.6844224830860706,0.07669824202935699,1.0,0.31557751691392943,0.006906442069694818,0,1,0,0,0,0.0,0.25471698113207547,0.16102148133727012,0.2884219005120849,0.9298197482975687,0.42642019998405833,0.009433962264150943,0.22641509433962265,0.011972055221912158
160,103,97.16981132075472,106,0,105,1,0,0.0,0.6338017718709072,0.6204621760052011,0.12462864481721267,0.4912758206509892,0.2800051132068366,1.0068025363897888,4.952830188679245,3.595323583763093,0.3067218827478262,0.3668192264887373,0.07426498327860864,0.0,0.3668192264887373,-0.0012252831932214603,0,0,0,1,0,0.0,0.24528301886792453,0.15906641187663637,0.2859152161376706,0.9420114386317949,0.42354517917943113,0.0,0.20754716981132074,0.012000486579949881
161,104,98.11320754716981,106,0,105,1,0,0.0,0.6348994241377116,0.6214637090754191,0.12715145854258517,0.4914877702473325,0.27766818626002293,1.0040114668250835,4.952830188679245,3.595323583763093,0.30734621688155994,0.3558885656818799,0.06988625511582684,0.0,0.3558885656818799,0.0006129455178556786,0,0,0,1,0,0.0,0.2358490566037736,0.16041202454569517,0.28940699421128063,0.9420306141743298,0.4233508814113291,0.0,0.16981132075471694,0.012009784978195414
162,105,99.05660377358491,106,0,104,2,0,0.0,0.6346410766345605,0.6211315131989393,0.1265922972854909,0.4916825447564995,0.2802461402769468,1.0068297954618868,4.952830188679245,3.595323583763093,0.3078424416135268,0.3810555538013223,0.06177330411803636,0.0,0.3810555538013223,0.0018671841457088834,0,0,0,2,0,0.0,0.22641509433962265,0.16046902179654335,0.2982153450651418,0.9374353789925503,0.42232291131549726,0.0,0.22641509433962265,0.012011994627611279
163,103,97.16981132075472,106,2,103,0,1,0.018867924528301886,0.6435205817286935,0.6297167825068454,0.13380826939256357,0.49211965498453564,0.2754567328784554,0.9937509220160397,4.952830188679245,3.595323583763093,0.30977695747095146,0.5219234232666973,0.07463857901015283,0.6666666666666666,0.43373068560447,0.0027875743883122675,1,2,0,0,0,0.0,0.22641509433962265,0.16367040830287666,0.30408773385419907,0.9301741509820598,0.4284988179553971,0.018867924528301886,0.24528301886792453,0.012064249916639756
164,104,98.11320754716981,106,0,105,1,0,0.0,0.6431273815758556,0.6292779184601146,0.1387276958486855,0.492526022896391,0.2743547694147345,0.9898930036656953,4.952830188679245,3.595323583763093,0.31089125439544185,0.46498311058805397,0.07482150068936727,0.0,0.46498311058805397,-0.017128057980327183,0,0,0,1,0,0.0,0.22641509433962265,0.16630136867290995,0.3003021686956215,0.930654950477703,0.4304849014559246,0.0,0.2641509433962264,0.012069589036561457
165,103,97.16981132075472,106,1,105,0,0,0.009433962264150943,0.6435999214734378,0.6286971976121024,0.13775667585653034,0.49292331315205834,0.27516435820094876,0.9533660732129278,4.952830188679245,3.595323583763093,0.3134744390319395,0.5211698022760394,0.06687984548492584,1.0,0.4788301977239606,0.0029064987462885106,0,1,0,0,0,0.0,0.22641509433962265,0.16774133289522247,0.3145455225194433,0.9549912601547742,0.4302143848334872,0.009433962264150943,0.2264150943396226,0.012079093671178367
166,102,96.22641509433963,106,1,104,1,0,0.009433962264150943,0.6392645906694837,0.6263318681198488,0.12689013988347464,0.49317042328239163,0.28456556404741634,1.0031113100768412,4.952830188679245,3.595323583763093,0.30894836509239654,0.5858271614962226,0.06496980918634283,0.5,0.32145042745516095,0.003236150716566008,0,1,0,1,0,0.0,0.2169811320754717,0.1609485458032057,0.34136948090431385,0.9494227326717424,0.41921567139197524,0.009433962264150943,0.2264150943396226,0.012061859221555468
167,102,96.22641509433963,106,0,105,1,0,0.0,0.6478963981441773,0.6349659549237919,0.13396027676229091,0.4937026153269689,0.2808284081768142,0.9916881491752468,4.952830188679245,3.595323583763093,0.3107918906507572,0.6205853118073354,0.07560441404136983,1.0,0.37941468819266455,-0.002942481374931305,0,0,0,1,0,0.0,0.2169811320754717,0.16331736918879358,0.33472330284800383,0.9534936674868459,0.42452700866434356,0.0,0.2264150943396226,0.012114585271973734
168,104,98.11320754716981,106,0,103,3,0,0.0,0.6520555029609194,0.6386171121949886,0.13728673603741742,0.49432069008021773,0.2783597243688445,0.9913601393496885,4.952830188679245,3.595323583763093,0.31202932673007533,0.3451796937766492,0.06566882404289813,0.0,0.3451796937766492,-0.006320655930037398,0,0,0,3,0,0.0,0.20754716981132076,0.16533214590475903,0.3482618612125051,0.9534936674868459,0.424329723680852,0.0,0.2264150943396226,0.012146491689741865
169,104,98.11320754716981,106,0,104,2,0,0.0,0.6525299223458407,0.6392374942078713,0.14298967675449742,0.49493438683875274,0.27315232051931143,0.9835297554458702,4.952830188679245,3.595323583763093,0.31577940636613233,0.23317348275894262,0.05658806979689589,0.0,0.23317348275894262,0.0001311969425648457,0,0,0,2,0,0.0,0.22641509433962265,0.16966503320461004,0.33303627962817883,0.9635896434867796,0.43463952919184434,0.0,0.18867924528301883,0.01215989597881267
170,104,98.11320754716981,106,1,104,1,0,0.009433962264150943,0.6560205238313267,0.6402776315301149,0.1427857763196508,0.49561266233028384,0.2765223854676666,0.995837851502248,4.952830188679245,3.595323583763093,0.3163860849500506,0.5129222104934502,0.0685309710163502,0.5,0.37946042714655426,0.0011191824664621708,0,1,0,1,0,0.0,0.2169811320754717,0.17003088645836645,0.3366673416289611,0.9486413306328062,0.42380914773358475,0.009433962264150943,0.22641509433962265,0.012189542085595053
171,102,96.22641509433963,106,3,103,0,0,0.02830188679245283,0.6575456112847565,0.6427344882875213,0.1461597344692403,0.49625671124645077,0.28434555494594127,1.0143291955118379,4.952830188679245,3.595323583763093,0.3158957352354028,0.592220782488383,0.07842742801358328,0.3333333333333333,0.2783126603303456,0.0013958249909332143,1,2,0,0,0,0.3333333333333333,0.22641509433962265,0.1700544294446893,0.3300148595726225,0.9503083917776082,0.41830522034926104,0.02830188679245283,0.20754716981132074,0.01220874534414916
172,101,95.28301886792453,106,1,105,0,0,0.009433962264150943,0.6560034157231551,0.6428073268110063,0.14502479413113564,0.49686440241727686,0.2859084195319781,1.0266742389466341,4.952830188679245,3.595323583763093,0.3155036277428547,0.43224875218131376,0.056338536655764784,0.0,0.43224875218131376,0.0027889989803479565,0,1,0,0,0,0.0,0.19811320754716982,0.16989767157734978,0.3195600215226582,0.9418650881909314,0.4196517497593068,0.009433962264150943,0.16981132075471694,0.012211958598331733
173,101,95.28301886792453,106,0,105,1,0,0.0,0.6561429320113165,0.6431621845895343,0.1457372956138377,0.4974995287413597,0.2846595466917112,1.035162375604884,4.952830188679245,3.595323583763093,0.3133396265460944,0.760923884818943,0.08726848273781165,1.0,0.23907611518105698,0.0031610745339952784,0,0,0,1,0,0.0,0.19811320754716982,0.16830122536202774,0.30843675144229177,0.945652751871052,0.4194259796905768,0.0,0.20754716981132074,0.01222407360303076
174,101,95.28301886792453,106,0,105,1,0,0.0,0.6617841185884701,0.6483881006868654,0.1555719330150971,0.49826213109405804,0.2811718831260713,1.0294475636291376,4.952830188679245,3.595323583763093,0.3176544350193695,0.5724723172000574,0.0784503993762069,1.0,0.4275276827999426,0.0016860758267377984,0,0,0,1,0,0.0,0.22641509433962265,0.1741540151558363,0.30272996596510376,0.9483691950401978,0.425901685638938,0.0,0.20754716981132074,0.012265988547034975
175,102,96.22641509433963,106,0,104,2,0,0.0,0.6627520922779674,0.6494344563781916,0.1507798955390344,0.49902741132287176,0.28056206651984467,1.0251416579602564,4.952830188679245,3.595323583763093,0.3180100070595129,0.5349563347832693,0.08328843317457418,0.5,0.2800619730789577,0.0017288108035224958,0,0,0,2,0,0.0,0.2358490566037736,0.17202464954692026,0.30308146450041257,0.9571701919049587,0.43128866709784774,0.0,0.20754716981132074,0.012284585565756668
176,104,98.11320754716981,106,1,104,1,0,0.009433962264150943,0.662743630148322,0.6510915200841835,0.14890635391870272,0.4997639786653111,0.28531774102221513,1.025956194947658,4.952830188679245,3.595323583763093,0.3164328345530749,0.5889133734869276,0.07806062863298863,0.5,0.22677792557992932,0.004021124622314826,0,1,0,1,0,0.0,0.2358490566037736,0.17016501529856615,0.29339128099561373,0.9617532977037855,0.43291393146523116,0.009433962264150943,0.16981132075471694,0.01229778424479495
177,104,98.11320754716981,106,1,99,2,4,0.009433962264150943,0.6590077894477316,0.6467391676047534,0.13929730564966183,0.5004221568594572,0.28785707641296515,1.0383461592358614,4.952830188679245,3.595323583763093,0.31508770509548834,0.54608530180385,0.06298380099539068,0.5714285714285714,0.39975272630878217,0.0024780890587117388,0,5,0,2,0,0.0,0.24528301886792453,0.16613797041646064,0.3006650144259064,0.9605333361522793,0.42540069100131916,0.009433962264150943,0.2264150943396226,0.01229093685921066
178,103,97.16981132075472,106,1,105,0,0,0.009433962264150943,0.6509208034148375,0.6383927538099483,0.13404594261812916,0.5008138656371698,0.29343535040664204,1.0472025601457666,4.952830188679245,3.595323583763093,0.3117340493523153,0.25249656235548035,0.08273090076596126,0.0,0.25249656235548035,-0.003997537346226987,0,1,0,0,0,0.0,0.25471698113207547,0.163421083040561,0.30103983090165926,0.9656828845140344,0.4205830112465327,0.009433962264150943,0.22641509433962262,0.012257543528078575
179,102,96.22641509433963,106,1,105,0,0,0.009433962264150943,0.654604388126994,0.6405246621105077,0.1307512310034837,0.5012687511362709,0.29401287027255124,1.053448044133411,4.952830188679245,3.595323583763093,0.31202445123536116,0.774686795040755,0.08849863193169627,1.0,0.225313204959245,-0.0006861848075566113,0,1,0,0,0,0.0,0.25471698113207547,0.16211740802756602,0.32057427987764303,0.9686525354499653,0.4161245270850761,0.009433962264150943,0.22641509433962265,0.012284138754453508
180,102,96.22641509433963,106,0,106,0,0,0.0,0.6516501868595261,0.6377158215851931,0.12972583039960953,0.5015888753733067,0.2935329559685688,1.0502554237768016,4.952830188679245,3.595323583763093,0.31142555767374724,0.0,0.0,0.0,0.0,0.0,0,0,0,0,0,0.0,0.25471698113207547,0.16174272502819384,0.31936649888704816,0.9734383285612083,0.41623617740472885,0.0,0.18867924528301885,0.012275122499211913
181,103,97.16981132075472,106,0,106,0,0,0.0,0.6598336688819458,0.6455591522186398,0.13994388499679086,0.5021230846009644,0.2877496577776843,1.0163609151793427,4.952830188679245,3.595323583763093,0.315358683218939,0.0,0.0,0.0,0.0,0.0,0,0,0,0,0,0.0,0.2358490566037736,0.1670291203762497,0.2996420693043723,0.9563527313170984,0.4251332572912866,0.0,0.2641509433962264,0.01232564318449832
182,103,97.16981132075472,106,1,105,0,0,0.009433962264150943,0.6593995097954444,0.6444673200382116,0.1422803213972288,0.5026134442212564,0.2898734657836438,1.019881459431863,4.952830188679245,3.595323583763093,0.3190896991240453,0.358658499704383,0.06074775210319422,0.0,0.358658499704383,-0.001768260654003595,0,1,0,0,0,0.0,0.25471698113207547,0.17078742203863362,0.3092777528463446,0.9641405884783405,0.42921502557343455,0.009433962264150943,0.24528301886792453,0.012332287396602618
183,104,98.11320754716981,106,0,106,0,0,0.0,0.6653224337134959,0.6501056993260763,0.15073489812959723,0.5032415873478123,0.27929338146355936,1.0350668291429312,4.952830188679245,3.595323583763093,0.31915719998462055,0.0,0.0,0.0,0.0,0.0,0,0,0,0,0,0.0,0.24528301886792453,0.17369730116358634,0.31334692351516763,0.9729790937698092,0.42981457712796434,0.0,0.18867924528301885,0.0123731939051773
184,105,99.05660377358491,106,0,105,1,0,0.0,0.662084563583509,0.647081634225744,0.14772928024189563,0.503760166755807,0.27309370367320884,1.0146923617412753,4.952830188679245,3.595323583763093,0.31799943068282377,0.3581771416485019,0.06396119930171008,0.0,0.3581771416485019,-0.0028010858392846227,0,0,0,1,0,0.0,0.24528301886792453,0.17243406324742616,0.3019816765224703,0.973746836314964,0.43506001155999646,0.0,0.20754716981132076,0.012366326858405453
185,103,97.16981132075472,106,2,102,2,0,0.018867924528301886,0.6578488713119679,0.6415290037697833,0.13543887269991273,0.5041509223110482,0.28092975118477154,1.0397228376651004,4.952830188679245,3.595323583763093,0.3121503916477357,0.5043069075858629,0.0782738712106252,0.75,0.3282946733288772,0.0015682214214927243,0,2,0,2,0,0.0,0.24528301886792453,0.1643623734822172,0.306386482323021,0.9701715743991578,0.42566126533103865,0.018867924528301886,0.22641509433962265,0.01235217286036397
186,102,96.22641509433963,106,1,103,2,0,0.009433962264150943,0.6604022721471386,0.6440857267991349,0.13813046923701655,0.5045515334083719,0.28505421898998307,1.0455813492168462,4.952830188679245,3.595323583763093,0.311327687413826,0.48143960858833384,0.0655296584959097,0.3333333333333333,0.4071026847422177,0.004275923629264877,0,1,0,2,0,0.0,0.2358490566037736,0.1646317538244046,0.29721810451960545,0.9714671859736403,0.43189247538148856,0.009433962264150943,0.20754716981132076,0.012372141497170452
187,102,96.22641509433963,106,1,104,1,0,0.009433962264150943,0.6662238597154213,0.650815627279082,0.13998285121316065,0.5051016727434048,0.2824523366038985,1.014002371619823,4.952830188679245,3.595323583763093,0.311370375274888,0.5421729011228197,0.06847775727218916,1.0,0.4578270988771803,0.0034414133066168195,0,1,0,1,0,0.0,0.2358490566037736,0.16438745979480446,0.2962703022600829,0.9606778263681758,0.42931354739227073,0.009433962264150943,0.24528301886792453,0.012411139079639862
188,101,95.28301886792453,106,1,100,3,2,0.009433962264150943,0.6685464721540105,0.651717915400489,0.14099466965383992,0.5057325635007661,0.28207190231680107,1.0108438420406436,4.952830188679245,3.595323583763093,0.310674348313555,0.5025392495025175,0.04809183917980974,0.3333333333333333,0.3733552862233131,0.00532615321907907,1,2,0,3,0,0.0,0.2358490566037736,0.16395263681142383,0.2858382823265025,0.9570820569247526,0.4267775906823692,0.009433962264150943,0.2830188679245283,0.012434093423926405
189,99,93.39622641509433,106,2,104,0,0,0.018867924528301886,0.6644542617771451,0.6466353013469399,0.13893794948749183,0.5061715096871124,0.286188242693749,0.9575748678930167,4.952830188679245,3.595323583763093,0.31144900944570164,0.31202048788139797,0.06811083981924243,0.0,0.31202048788139797,-0.0008511897943228042,0,2,0,0,0,0.0,0.2358490566037736,0.1648077736511991,0.29889230514430115,0.9511915167661087,0.42200139420220756,0.018867924528301886,0.2830188679245283,0.012421523139920947
190,101,95.28301886792453,106,0,106,0,0,0.0,0.6619393211921677,0.6441077609501613,0.1355689118156157,0.5064992126124737,0.2918363930756476,0.9716532958319336,4.952830188679245,3.595323583763093,0.3098719793399878,0.0,0.0,0.0,0.0,0.0,0,0,0,0,0,0.0,0.2358490566037736,0.16261077295101065,0.2994168488900689,0.9568424912729316,0.42113307965612823,0.0,0.2830188679245283,0.012414839427276156
191,102,96.22641509433963,106,0,106,0,0,0.0,0.6568585154051884,0.6396188005279065,0.1266931529405012,0.506686019435093,0.2974893802342149,1.0471896602220723,4.952830188679245,3.595323583763093,0.3052059328595955,0.0,0.0,0.0,0.0,0.0,0,0,0,0,0,0.0,0.2358490566037736,0.15660475266446738,0.2959341617787895,0.9582862084155352,0.4161813047208215,0.0,0.2830188679245283,0.012392793553216114
192,103,97.16981132075472,106,0,106,0,0,0.0,0.6540415167487766,0.6371226656909074,0.125464941087655,0.5067943146483809,0.2941666364004602,1.0016669974648706,4.952830188679245,3.595323583763093,0.305047113566709,0.0,0.0,0.0,0.0,0.0,0,0,0,0,0,0.0,0.2358490566037736,0.15612271836553562,0.27783537426138655,0.9485176697122748,0.4240802460251277,0.0,0.32075471698113206,0.01238065534160577
193,104,98.11320754716981,106,0,106,0,0,0.0,0.6543885650158767,0.637640380266258,0.12490201520700951,0.5069136071097046,0.2928765014387804,0.9613968282797531,4.952830188679245,3.595323583763093,0.3043934312107641,0.0,0.0,0.0,0.0,0.0,0,0,0,0,0,0.0,0.2169811320754717,0.15468660001292586,0.26724655360608973,0.9413099138274112,0.4268980446457922,0.0,0.32075471698113206,0.012384535057939081
194,106,100.0,106,0,106,0,0,0.0,0.654284378573904,0.6376749089098006,0.12547735633077134,0.5070296037542044,0.29743335621540007,0.9935383636370152,4.952830188679245,3.595323583763093,0.3021687501614294,0.0,0.0,0.0,0.0,0.0,0,0,0,0,0,0.0,0.20754716981132076,0.15365963648695977,0.2660775698166819,0.948049392748796,0.4216695295854193,0.0,0.2830188679245283,0.012386099353087255
195,106,100.0,106,0,106,0,0,0.0,0.6615261861315933,0.6446484667147033,0.13079876583175792,0.5073420075186976,0.2930882577425087,0.9605926445912908,4.952830188679245,3.595323583763093,0.305798785046111,0.0,0.0,0.0,0.0,0.0,0,0,0,0,0,0.0,0.2169811320754717,0.1563994492712396,0.2509034179878015,0.9375009877358276,0.432075688404894,0.0,0.32075471698113206,0.012427924353986396
196,106,100.0,106,0,105,1,0,0.0,0.6646736759989499,0.647522695160433,0.13601019858646216,0.5077258496074979,0.28567197207756634,0.941844122550852,4.952830188679245,3.595323583763093,0.30961417695857274,0.3649849878084575,0.05657513291687083,0.0,0.3649849878084575,0.002754423872277867,0,0,0,1,0,0.0,0.22641509433962265,0.1601893595385729,0.25309547702135243,0.9380670883716336,0.4369044408411917,0.0,0.32075471698113206,0.012450561985894702
197,106,100.0,106,0,106,0,0,0.0,0.6637620262772616,0.6463193490022104,0.1264221835542189,0.5080612799805785,0.29419908050600807,0.9487091382403412,4.952830188679245,3.595323583763093,0.3083925701858672,0.0,0.0,0.0,0.0,0.0,0,0,0,0,0,0.0,0.20754716981132076,0.15619480289100746,0.28707794721154756,0.9380670883716336,0.4258528613426955,0.0,0.32075471698113206,0.012452033640941496
198,106,100.0,106,0,105,1,0,0.0,0.6618968961009314,0.6448522433525432,0.11905988203677188,0.5083424527900116,0.2995613790055439,0.9501020494767939,4.952830188679245,3.595323583763093,0.30441815478820655,0.25988513655163714,0.04895324304048965,0.0,0.25988513655163714,0.0030875721335173745,0,0,0,1,0,0.0,0.19811320754716982,0.15043891329023515,0.2882675835224485,0.9380670883716336,0.4228355922091681,0.0,0.32075471698113206,0.012447762526224183
199,106,100.0,106,0,105,1,0,0.0,0.661394682671452,0.6446628335389895,0.11254609103405458,0.5086080686105586,0.3063351538488686,0.9619884428047597,4.952830188679245,3.595323583763093,0.3017106132321128,0.5039650045839308,0.057844826615102624,1.0,0.4960349954160692,0.002763689237531619,0,0,0,1,0,0.0,0.19811320754716982,0.1460169044890128,0.2957547946210288,0.9380670883716336,0.4193144612034994,0.0,0.32075471698113206,0.012450026333195953
200,105,99.05660377358491,106,1,105,0,0,0.009433962264150943,0.664028688871069,0.6487417734923935,0.10989366995525553,0.5089393882464891,0.3111670618440478,0.9759438084037592,4.952830188679245,3.595323583763093,0.29814182375566856,0.5470015952108076,0.06287805858516586,1.0,0.4529984047891924,0.0037145292733656854,0,1,0,0,0,0.0,0.18867924528301888,0.1427665549847799,0.3054957458281421,0.9380670883716336,0.40956589879918814,0.009433962264150943,0.32075471698113206,0.012469152370698162
201,105,99.05660377358491,106,0,105,1,0,0.0,0.6607318811654589,0.6453789259036873,0.10863589520026291,0.5092041389759252,0.3173203231151618,1.032676252710395,4.952830188679245,3.595323583763093,0.298625146881077,0.4397346971824412,0.07931189611967508,0.0,0.4397346971824412,0.0009660133636446022,0,0,0,1,0,0.0,0.2169811320754717,0.14326654121915436,0.3274060388847436,0.9346973107839506,0.40648405076862626,0.0,0.32075471698113206,0.012457427654876911
202,105,99.05660377358491,106,0,105,1,0,0.0,0.6621641378608927,0.6473574965262879,0.10313392789427432,0.5095162798729205,0.31743698310752816,1.0335459931546152,4.952830188679245,3.595323583763093,0.2936697384803224,0.31525114747567984,0.07533834051677607,0.0,0.31525114747567984,0.002473635096161775,0,0,0,1,0,0.0,0.19811320754716982,0.13770817419898956,0.32122582700125246,0.9346973107839506,0.4014121532592173,0.0,0.32075471698113206,0.012470200175996201
203,104,98.11320754716981,106,1,105,0,0,0.009433962264150943,0.661598316493795,0.6468049915093349,0.10530490786994791,0.5098035731854427,0.3138056329630616,1.031056723885489,4.952830188679245,3.595323583763093,0.29471295875263337,0.30714391881895836,0.07597556183991613,0.0,0.30714391881895836,0.0019130381248039785,1,0,0,0,0,0.0,0.19811320754716982,0.139193357021125,0.30042414116446836,0.911286407067141,0.40586367908085724,0.009433962264150943,0.32075471698113206,0.012472535631270555
204,104,98.11320754716981,106,0,105,1,0,0.0,0.6615520595589646,0.6465707977659301,0.11183740242546776,0.5100715349900825,0.3050152629089273,0.9728582677382062,4.952830188679245,3.595323583763093,0.29867861512655636,0.41510863253403074,0.07517043393039205,0.0,0.41510863253403074,0.0036197605418814005,0,0,0,1,0,0.0,0.18867924528301888,0.14408068044032046,0.2865260463802188,0.9252163126751984,0.41348518599875456,0.0,0.32075471698113206,0.01247712139357525
205,105,99.05660377358491,106,0,105,1,0,0.0,0.6629935405221618,0.6476852553287792,0.1102852527932932,0.5103619173852351,0.30885290607536353,1.0153709835556939,4.952830188679245,3.595323583763093,0.2998654703678716,0.3256716676339654,0.054751336577417736,0.0,0.3256716676339654,0.004534699198623371,0,0,0,1,0,0.0,0.18867924528301888,0.14417239543441346,0.2972400687377373,0.911286407067141,0.4125990882764842,0.0,0.32075471698113206,0.012489548891759242
206,105,99.05660377358491,106,0,104,2,0,0.0,0.6595150270961416,0.6446245800389107,0.10570221665261134,0.5105538266492363,0.31567027461783903,1.0212024267193767,4.952830188679245,3.595323583763093,0.29477028264903615,0.31192226016947744,0.07236863769337712,0.0,0.31192226016947744,-0.008207809850827835,0,0,0,2,0,0.0,0.19811320754716982,0.1398307517877946,0.3127995732527809,0.9314404813041477,0.401427166447171,0.0,0.32075471698113206,0.012475606204143175
207,105,99.05660377358491,106,0,105,1,0,0.0,0.6574603039837188,0.6429028348740057,0.10789059888610282,0.5106893143062368,0.31254821253833015,1.0047503967181703,4.952830188679245,3.595323583763093,0.2967452588351065,0.5743944435761679,0.07965944684838051,1.0,0.42560555642383213,0.004370182518548427,0,0,0,1,0,0.0,0.2169811320754717,0.14183158457880252,0.2953897181983934,0.9510425972281853,0.40951727648008274,0.0,0.24528301886792453,0.012467768198423672
208,105,99.05660377358491,106,1,103,2,0,0.009433962264150943,0.6553113565320388,0.6431237195706546,0.10455857685419594,0.5107716430268412,0.31906740767120845,1.0173828408244037,4.952830188679245,3.595323583763093,0.29421108928214945,0.37757228781086116,0.060294038660264004,0.3333333333333333,0.34317992818823795,0.00400105885821786,0,1,0,2,0,0.0,0.2169811320754717,0.13943965209255704,0.3065973224341643,0.9426337617680822,0.40528456782290245,0.009433962264150943,0.2641509433962264,0.012458503453119323
209,104,98.11320754716981,106,1,104,1,0,0.009433962264150943,0.6569450689469883,0.64560598437734,0.10883331428444035,0.5109492955103042,0.3166978492045951,1.0152616055397627,4.952830188679245,3.595323583763093,0.2973906934328998,0.33622522106537034,0.05961173634991261,0.0,0.33622522106537034,-0.0015179743887249741,0,1,0,1,0,0.0,0.2169811320754717,0.14286960594703357,0.31267751931637905,0.9306671475275223,0.40525317023522356,0.009433962264150943,0.2830188679245283,0.012469865606011616
210,103,97.16981132075472,106,1,104,1,0,0.009433962264150943,0.6641682991469556,0.6519478549233025,0.11589610559019702,0.5113445550973043,0.3040487144862506,0.9981202951027918,4.952830188679245,3.595323583763093,0.30062604244065017,0.4230788169194353,0.0687120878487613,0.0,0.4230788169194353,0.0007130588566439666,0,1,0,1,0,0.0,0.19811320754716982,0.14702872873262268,0.3057712337422102,0.921906765502422,0.4131192485757455,0.009433962264150943,0.2641509433962264,0.0125130871875857
211,102,96.22641509433963,106,1,105,0,0,0.009433962264150943,0.6617437734661131,0.6478199627198082,0.11078299524482008,0.5116456531422806,0.31135673530502356,1.014724281439707,4.952830188679245,3.595323583763093,0.2976921481230175,0.9311318786317411,0.0992306084615188,1.0,0.06886812136825893,0.004234130279803294,0,1,0,0,0,0.0,0.2169811320754717,0.1439385780496498,0.3117657732910893,0.926368206440217,0.40791016630951027,0.009433962264150943,0.2830188679245283,0.01250637728369213
212,102,96.22641509433963,106,1,105,0,0,0.009433962264150943,0.6600316187851207,0.6453441441718487,0.11266543520080656,0.5118308015165502,0.3141157825560917,1.0226255418561432,4.952830188679245,3.595323583763093,0.3001273644207665,0.4961202036835881,0.08286224534184272,0.0,0.4961202036835881,0.0027298179337413297,0,1,0,0,0,0.0,0.20754716981132076,0.14671763260018506,0.3072132537104061,0.9086383739829231,0.41024477098909684,0.009433962264150943,0.2830188679245283,0.012501144851869704
213,103,97.16981132075472,106,0,105,1,0,0.0,0.6607006354543974,0.6459592845438186,0.11292171234841177,0.5120082891996312,0.31407804049666727,1.0153079549561914,4.952830188679245,3.595323583763093,0.2980917876217659,0.3585953965375519,0.07184516775137956,0.0,0.3585953965375519,0.0027580715165323455,0,0,1,0,0,0.0,0.19811320754716982,0.14542275753399217,0.3070308718666318,0.9192832202219845,0.4072239490850772,0.0,0.24528301886792453,0.012507680563480127
214,103,97.16981132075472,106,1,105,0,0,0.009433962264150943,0.6646267073935885,0.6489752886107839,0.11693004920315192,0.5122678882950956,0.31477158222238094,1.0256993509357093,4.952830188679245,3.595323583763093,0.30010891542576523,0.32293174845793926,0.07036393983438516,0.0,0.32293174845793926,0.0020691021336394777,0,1,0,0,0,0.0,0.19811320754716982,0.14820511181177648,0.31853549881950305,0.9301241379092441,0.40660579351467707,0.009433962264150943,0.2641509433962264,0.012531977636927318
215,102,96.22641509433963,106,1,105,0,0,0.009433962264150943,0.6686436615994445,0.6542763779266824,0.1174671215017828,0.5126313555802882,0.31081057520217076,1.0148340051498337,4.952830188679245,3.595323583763093,0.30347209958537147,0.40215834423211344,0.05336961564424176,0.0,0.40215834423211344,0.005065839176181169,0,1,0,0,0,0.0,0.20754716981132076,0.14959734254706894,0.3430024691450684,0.9255619282459151,0.4083298759015886,0.009433962264150943,0.2830188679245283,0.012558596320468494
216,102,96.22641509433963,106,1,104,1,0,0.009433962264150943,0.6769794636305511,0.6613618249768397,0.12136826875367487,0.5132497681113081,0.3081856329502055,1.0250676491138206,4.952830188679245,3.595323583763093,0.3057088301364228,0.5850034674145822,0.06494760312527406,0.5,0.3651462600081258,-0.010406529530329278,0,1,0,1,0,0.0,0.19811320754716982,0.15209762801250504,0.3455380319988319,0.9398625189783432,0.40965877171192916,0.009433962264150943,0.24528301886792453,0.012611392296410378
217,103,97.16981132075472,106,0,106,0,0,0.0,0.6796094995041089,0.6634597913854107,0.12143121180640083,0.5138795992335649,0.3065066291598904,1.0213233144781921,4.952830188679245,3.595323583763093,0.30739398972110976,0.0,0.0,0.0,0.0,0.0,0,0,0,0,0,0.0,0.18867924528301888,0.15294654229447452,0.33858098986957524,0.9311416291051292,0.41109914783941365,0.0,0.2830188679245283,0.012635864709216356
218,103,97.16981132075472,106,0,106,0,0,0.0,0.6792682277616962,0.6632783351448587,0.1170821612491007,0.5144815667377366,0.3088664768743501,0.9824543222617707,4.952830188679245,3.595323583763093,0.3055548876997567,0.0,0.0,0.0,0.0,0.0,0,0,0,0,0,0.0,0.19811320754716982,0.1500012681260685,0.3416793133301511,0.9315445704289517,0.41008057815012616,0.0,0.24528301886792453,0.012644979690326331
219,103,97.16981132075472,106,1,105,0,0,0.009433962264150943,0.6830792726361029,0.668885355009236,0.12238625153009203,0.5151612264045725,0.3069078669241789,0.9783109524503176,4.952830188679245,3.595323583763093,0.31051451366583493,0.5367023521109462,0.0718551362406766,1.0,0.4632976478890538,0.0038403892803380857,0,1,0,0,0,0.0,0.19811320754716982,0.15464523441252884,0.35681885644635103,0.9257615864225595,0.4107319146476909,0.009433962264150943,0.3018867924528302,0.012676252896843904
220,103,97.16981132075472,106,1,95,3,7,0.009433962264150943,0.6816713368667452,0.6666277589580449,0.11938835689215999,0.5158334696193385,0.30992588571257695,0.9792769104071144,4.952830188679245,3.595323583763093,0.30990130367622326,0.5949732791885659,0.08813496949600451,0.6363636363636364,0.33360207506412387,-0.002356060260634911,1,7,0,3,0,0.18181818181818182,0.16981132075471697,0.15332657945276873,0.3622468331225624,0.9010310224478936,0.4094280019555597,0.009433962264150943,0.32075471698113206,0.01268129787741748
221,102,96.22641509433963,106,2,101,2,1,0.018867924528301886,0.6794070099780569,0.6642434006457668,0.11830395474091565,0.5164041438605443,0.3165601106476026,0.9993626272230629,4.952830188679245,3.595323583763093,0.3076296482721166,0.4758051341967547,0.07324287949248558,0.4,0.38843172460331193,-0.004418296784741166,0,3,0,2,0,0.0,0.16981132075471697,0.15196002904770378,0.36469638200249893,0.8938098093756054,0.40636558795867117,0.018867924528301886,0.32075471698113206,0.012680235035764304
222,101,95.28301886792453,106,1,105,0,0,0.009433962264150943,0.6793197762412418,0.6627353244356352,0.1137732899281692,0.5169390993879084,0.3245736210291248,1.008063135146025,4.952830188679245,3.595323583763093,0.30640144482649223,0.5337662956083525,0.0738718316496007,1.0,0.46623370439164746,-0.020864478983460943,0,1,0,0,0,0.0,0.1792452830188679,0.15005958284021248,0.39775497629938333,0.9007077978019511,0.39491504165451213,0.009433962264150943,0.3207547169811321,0.012689415558199212
223,101,95.28301886792453,106,0,106,0,0,0.0,0.6816250529210406,0.6651679640451799,0.11460337616389173,0.5174854185802849,0.32390357912605056,1.001747877469261,4.952830188679245,3.595323583763093,0.3070836746856267,0.0,0.0,0.0,0.0,0.0,0,0,0,0,0,0.0,0.1792452830188679,0.1504951106222215,0.39462635859164286,0.8947897493513324,0.39580428389250477,0.0,0.3207547169811321,0.012710762912981274
224,102,96.22641509433963,106,0,106,0,0,0.0,0.6862441456455597,0.6695829991908085,0.1122880744813299,0.518139083669753,0.327921373690659,1.0130699466166149,4.952830188679245,3.595323583763093,0.3055367647550624,0.0,0.0,0.0,0.0,0.0,0,0,0,0,0,0.0,0.16981132075471697,0.14821551585001905,0.40022299967189706,0.8711705144367715,0.3915270291047487,0.0,0.32075471698113206,0.012745609064164106
225,103,97.16981132075472,106,0,105,1,0,0.0,0.697949562880716,0.6807434062708297,0.11723052670343544,0.5190902495823343,0.3219498476622996,0.9948974723396147,4.952830188679245,3.595323583763093,0.30751621719576483,0.5555574683346653,0.06217336208630775,1.0,0.44444253166533465,0.009769015867051284,0,0,0,1,0,0.0,0.16981132075471697,0.15010195270769058,0.4049302924701087,0.8968569281606569,0.39456177378338253,0.0,0.32075471698113206,0.012821234896527763
226,105,99.05660377358491,106,0,105,1,0,0.0,0.6944523908844863,0.6768964241838147,0.12000577547440866,0.5198965688391497,0.31733944707209416,0.9863863711839937,4.952830188679245,3.595323583763093,0.31244376126485984,0.5394598697598204,0.06269632531999242,1.0,0.4605401302401796,0.009276197586762291,0,0,0,1,0,0.0,0.16981132075471697,0.15499518790958156,0.4088768095522393,0.899115495105935,0.4012246455317981,0.0,0.32075471698113206,0.012818243929746967
227,106,100.0,106,0,106,0,0,0.0,0.6944648755049732,0.6767730699965921,0.12539644450364693,0.5206703503238166,0.3196052596154117,0.9860943247416816,4.952830188679245,3.595323583763093,0.31700394422333744,0.0,0.0,0.0,0.0,0.0,0,0,0,0,0,0.0,0.16981132075471697,0.1597348292953233,0.3903091012829481,0.9086205129870262,0.4106425707077946,0.0,0.32075471698113206,0.012832216326951912
228,106,100.0,106,0,105,1,0,0.0,0.6973243589532608,0.6795773389348916,0.12763150973345302,0.5214969698942712,0.31706995714441855,0.9823077746685246,4.952830188679245,3.595323583763093,0.31653895904724805,0.3045378845322183,0.07021131416857662,0.0,0.3045378845322183,-0.0006190051024735355,0,0,0,1,0,0.0,0.1792452830188679,0.16007592282063637,0.3905902264901617,0.9093270862255255,0.40954418021865574,0.0,0.32075471698113206,0.012861373568375628
229,106,100.0,106,0,104,2,0,0.0,0.7031529585496622,0.685199489132043,0.13538428785399625,0.5224555774099233,0.31345998614635573,0.9779432340046531,4.952830188679245,3.595323583763093,0.3203060901084416,0.39030030596537957,0.06333729768792687,0.0,0.39030030596537957,0.0038871211646543807,0,0,0,2,0,0.0,0.1792452830188679,0.16410525001857607,0.3828054218695878,0.8915427104706253,0.4127076586684657,0.0,0.32075471698113206,0.01290774908740062
230,104,98.11320754716981,106,2,104,0,0,0.018867924528301886,0.7008918579568996,0.6847423480946885,0.13520293980315096,0.5233203570615824,0.31453288908102667,0.9814835566895856,4.952830188679245,3.595323583763093,0.31926831239100695,0.5833773469732335,0.07966109297201007,0.5,0.34016333703678914,0.003183368934837061,0,2,0,0,0,0.0,0.1792452830188679,0.163397614958077,0.3758906540576133,0.8923999080872129,0.41447208766629257,0.018867924528301886,0.32075471698113206,0.012911989397818648
231,103,97.16981132075472,106,1,92,6,7,0.009433962264150943,0.7085056307081951,0.6919760732150548,0.13863741235679222,0.5244237632291898,0.3100623126029883,0.9723732078846408,4.952830188679245,3.595323583763093,0.31780486831060717,0.7515370477449732,0.08520160150368325,0.9285714285714286,0.24658041274832573,0.0036737627249572185,2,6,0,6,0,0.21428571428571427,0.16981132075471697,0.1630754913208742,0.37533252327962574,0.926084329915913,0.41607982130938437,0.009433962264150943,0.24528301886792453,0.012969893772659467
232,102,96.22641509433963,106,1,98,3,4,0.009433962264150943,0.7110432522452856,0.6934742848611445,0.14083323604424888,0.5255381900405013,0.31284820069389346,0.9814883324839848,4.952830188679245,3.595323583763093,0.3180929736468645,0.61135505012782,0.07945219611023704,0.375,0.3366290936763482,-0.003648615295095539,0,5,0,3,0,0.0,0.16981132075471697,0.1644002149364231,0.3815414139211886,0.8879363894686322,0.4129794615951661,0.009433962264150943,0.30188679245283023,0.013002615505330353
233,102,96.22641509433963,106,0,104,2,0,0.0,0.7169585902479204,0.699195776383299,0.15019231924972548,0.526754072068281,0.31029838042646973,0.979403115798538,4.952830188679245,3.595323583763093,0.3210187008115475,0.428689602613062,0.07294434788375925,0.0,0.428689602613062,0.0032166769000250006,0,0,0,2,0,0.0,0.16981132075471697,0.16858994070235073,0.3673192788518233,0.866804285735659,0.41963503719282874,0.0,0.30188679245283023,0.013054049641991274
234,101,95.28301886792453,106,1,104,1,0,0.009433962264150943,0.719005975092524,0.7019704445672522,0.1492571523054144,0.5279802489014039,0.3132265961443572,0.9878560833359429,4.952830188679245,3.595323583763093,0.32156963137598615,0.3820043374032036,0.0627869589070944,0.5,0.34550013883808484,0.0023348188358030125,0,1,0,1,0,0.0,0.1792452830188679,0.16778383338914427,0.3661092083177607,0.8827751439962442,0.4200190095265893,0.009433962264150943,0.2641509433962264,0.013086329078644248
235,103,97.16981132075472,106,0,106,0,0,0.0,0.7153906112306894,0.6986132379497323,0.14538563049575529,0.5290915756976788,0.3117292891076402,0.9824178479635737,4.952830188679245,3.595323583763093,0.32154243376608593,0.0,0.0,0.0,0.0,0.0,0,0,0,0,0,0.0,0.1509433962264151,0.16680948818873517,0.3626818879312636,0.9082163894432719,0.42140986050265666,0.0,0.2641509433962264,0.01308823015653465
236,104,98.11320754716981,106,0,106,0,0,0.0,0.7196766838912645,0.7027509717142911,0.1485525734245845,0.530281958633851,0.30940313237470624,0.9888894529064137,4.952830188679245,3.595323583763093,0.3250090351064645,0.0,0.0,0.0,0.0,0.0,0,0,0,0,0,0.0,0.1792452830188679,0.1697346022903006,0.3635791467509662,0.8999964512891726,0.42482356485166334,0.0,0.2641509433962264,0.013131059579058168
237,104,98.11320754716981,106,1,104,1,0,0.009433962264150943,0.7254957543630329,0.7071013506832865,0.15698253967902023,0.5315877052161508,0.30557030035697147,0.9759819525188765,4.952830188679245,3.595323583763093,0.3307611651046769,0.3657864903720495,0.06669232949846954,0.0,0.3657864903720495,0.003417389154295597,0,1,0,1,0,0.0,0.1792452830188679,0.1761503658732483,0.3908512201985965,0.9297275502548614,0.4192277196501539,0.009433962264150943,0.2641509433962264,0.013183627838825814
238,104,98.11320754716981,106,0,106,0,0,0.0,0.7292091487359721,0.7107275282327784,0.16458691530383637,0.5329177706332092,0.30356024197729464,0.9705786288141643,4.952830188679245,3.595323583763093,0.3346217698190621,0.0,0.0,0.0,0.0,0.0,0,0,0,0,0,0.0,0.19811320754716982,0.1801806676091094,0.3758117942260645,0.936558201495664,0.42441856781341575,0.0,0.2641509433962264,0.013226104888499998
239,105,99.05660377358491,106,0,104,2,0,0.0,0.730727305735512,0.7124895384252233,0.17320709866761297,0.5342506958690465,0.3047793812571178,0.9714591461681997,4.952830188679245,3.595323583763093,0.3357288487622212,0.4892748811321523,0.08061006998360457,0.5,0.4547355054795778,0.0049844471293804815,0,0,0,2,0,0.0,0.18867924528301888,0.18329509994698134,0.3641548918579168,0.9259112603405439,0.4284333940798622,0.0,0.2641509433962264,0.013257657161176693
240,104,98.11320754716981,106,1,105,0,0,0.009433962264150943,0.7411827303768013,0.7212349217706934,0.18581312551390602,0.5358199028425107,0.30073580302521735,0.9585627172077488,4.952830188679245,3.595323583763093,0.3404236565822878,0.6258706049937796,0.08956669942408993,1.0,0.37412939500622044,0.0028549995886417157,0,1,0,0,0,0.0,0.19811320754716982,0.1890271338319014,0.35419842653463895,0.9253663492110221,0.4346911318061191,0.009433962264150943,0.2641509433962264,0.013338143318580646
241,103,97.16981132075472,106,1,105,0,0,0.009433962264150943,0.7460855729461431,0.7274751917084644,0.1852359423871964,0.5374417996770413,0.300883795841338,0.9530956542116554,4.952830188679245,3.595323583763093,0.3385951044051809,0.4979196555720533,0.07878044381395888,0.0,0.4979196555720533,0.008882413966539937,0,1,0,0,0,0.0,0.18867924528301888,0.1864288798820549,0.3565872247903539,0.9282462696098399,0.43234384845945273,0.009433962264150943,0.2641509433962264,0.013391813751125447
242,103,97.16981132075472,106,1,105,0,0,0.009433962264150943,0.7455715662453363,0.7291915734638341,0.17957451961905985,0.5390291497209988,0.30707674902043475,0.9631350313074941,4.952830188679245,3.595323583763093,0.3372172027271412,0.4605690093228225,0.07881382483626286,0.0,0.4605690093228225,0.004850705610331019,0,1,0,0,0,0.0,0.1792452830188679,0.18393302431186356,0.38417127395855977,0.9217415851180735,0.42360608478901307,0.009433962264150943,0.2641509433962264,0.013417778902865052
243,102,96.22641509433963,106,1,101,3,1,0.009433962264150943,0.7398583590549107,0.7236592263402383,0.16677721651412555,0.5404718908889498,0.3208291646349364,1.036637618775346,4.952830188679245,3.595323583763093,0.3299524001834042,0.5636498147119726,0.07499421986949445,0.4,0.3467196726674267,-0.006224122872758886,0,2,0,3,0,0.0,0.1792452830188679,0.17526320461325762,0.3941236162165803,0.9101009229376682,0.41150951108259065,0.009433962264150943,0.2641509433962264,0.013415148473644924
244,102,96.22641509433963,106,0,105,1,0,0.0,0.735594381402857,0.7194075828854273,0.16553562199077407,0.5417322019248968,0.32580236365926296,1.0443887681980795,4.952830188679245,3.595323583763093,0.32812142228182095,0.29017875819291483,0.06284979190704196,0.0,0.29017875819291483,0.00026728369472883706,0,0,0,1,0,0.0,0.16981132075471697,0.17442927957400026,0.39389425656907606,0.9004572408136609,0.4093797194290124,0.0,0.2641509433962264,0.013416484715336742
245,102,96.22641509433963,106,1,104,1,0,0.009433962264150943,0.742176094837305,0.7264135089824277,0.17728859593659935,0.5431301670119579,0.32182440745868496,1.0350260396242967,4.952830188679245,3.595323583763093,0.33195515108405216,0.40078242577881984,0.0702174507764919,0.0,0.40078242577881984,0.0024413630188301616,1,0,0,1,0,0.0,0.19811320754716982,0.17955604875479686,0.38138582722767744,0.9128800791490856,0.41625155960634075,0.009433962264150943,0.26415094339622647,0.013474523966742924
246,103,97.16981132075472,106,0,106,0,0,0.0,0.7478932686066003,0.7319045920486422,0.18098885912064294,0.544654350753701,0.3182827242861871,0.9787419445699029,4.952830188679245,3.595323583763093,0.3353989252948406,0.0,0.0,0.0,0.0,0.0,0,0,0,0,0,0.0,0.18867924528301888,0.18250210158840632,0.38517542822365075,0.9051067875112306,0.4224167440717821,0.0,0.26415094339622647,0.013530509504352787
247,104,98.11320754716981,106,0,106,0,0,0.0,0.7436702839247549,0.7276316114153469,0.177571433667224,0.5460008331735666,0.3255626753378907,0.9948485290327131,4.952830188679245,3.595323583763093,0.3347786710651921,0.0,0.0,0.0,0.0,0.0,0,0,0,0,0,0.0,0.19811320754716982,0.18197436508474604,0.39046948662326325,0.9099736029837173,0.4198881907819647,0.0,0.2641509433962264,0.013533599780939886
248,103,97.16981132075472,106,2,102,2,0,0.018867924528301886,0.7448426609484713,0.7299812774594077,0.17797396243591462,0.5473342481587832,0.3283159304863833,1.0031463690116171,4.952830188679245,3.595323583763093,0.3365706594408888,0.4078839435851004,0.07538617194294378,0.25,0.3667705209182772,-0.0004551657791760644,0,2,0,2,0,0.0,0.20754716981132076,0.18300668257489597,0.39401539376922745,0.9150677683025954,0.4187601519535728,0.018867924528301886,0.2641509433962264,0.01356343195777493
249,101,95.28301886792453,106,2,102,2,0,0.018867924528301886,0.7496017981093626,0.7342880323060923,0.17972705133872643,0.5487879543709157,0.3223910442906068,0.9893136551845986,4.952830188679245,3.595323583763093,0.3388274808284162,0.3771506244620616,0.07358012745484892,0.0,0.3771506244620616,0.0033031982919645153,0,2,0,2,0,0.0,0.2169811320754717,0.18458425308583135,0.3944025007644744,0.9270169496197462,0.4171550516785469,0.018867924528301886,0.30188679245283023,0.013613360364721099
250,102,96.22641509433963,106,0,105,1,0,0.0,0.7408125025084968,0.7255274171195896,0.17488519521579785,0.5499252982900612,0.33119569381555247,1.0110793255930803,4.952830188679245,3.595323583763093,0.33604177460042184,0.4749657056991259,0.0784375777602678,0.0,0.4749657056991259,0.0017346701603801473,0,0,0,1,0,0.0,0.2169811320754717,0.1826137042387883,0.3970975182657692,0.9059911381983126,0.4118722468245141,0.0,0.2641509433962264,0.01358985948379354
251,101,95.28301886792453,106,1,105,0,0,0.009433962264150943,0.7465840823926801,0.7318560153069076,0.1843576390830769,0.5511738437046243,0.3319229112989401,0.9993154404676708,4.952830188679245,3.595323583763093,0.34153987242992545,0.4456141456584125,0.06641501678648101,0.0,0.4456141456584125,0.001478695802260066,0,1,0,0,0,0.0,0.2169811320754717,0.18861186314301,0.41055420023774164,0.892531662002511,0.4106020335719704,0.009433962264150943,0.2830188679245283,0.013641162007086344
252,99,93.39622641509433,106,2,104,0,0,0.018867924528301886,0.7466199959625156,0.7311044575083786,0.19314641399639834,0.5524083775252085,0.33097586157299197,1.0063610916566657,4.952830188679245,3.595323583763093,0.34413624305557056,0.4825037457205351,0.07965084336217043,0.5,0.4701934367951467,0.0004896129513942415,0,2,0,0,0,0.0,0.22641509433962265,0.1930601722807903,0.3923738621482419,0.8764739937222682,0.4138616722758668,0.018867924528301886,0.2830188679245283,0.013663534317736021
253,101,95.28301886792453,106,0,106,0,0,0.0,0.740194735216046,0.7252012953396484,0.19540042036309876,0.5534061754102431,0.33525172358396854,1.011583842340661,4.952830188679245,3.595323583763093,0.341628431188449,0.0,0.0,0.0,0.0,0.0,0,0,0,0,0,0.0,0.2169811320754717,0.19252763137342607,0.3815169963362351,0.8865529575143041,0.41138307917630945,0.0,0.2830188679245283,0.01364934504534314
254,103,97.16981132075472,106,0,106,0,0,0.0,0.7497806448678999,0.7345763348140804,0.2183780150914103,0.5546377496367677,0.3292473946563909,1.0099636261007048,4.952830188679245,3.595323583763093,0.3464614805945101,0.0,0.0,0.0,0.0,0.0,0,0,0,0,0,0.0,0.2169811320754717,0.2010651741293745,0.3580688364733712,0.8937444831478573,0.41977035449644096,0.0,0.3018867924528302,0.013719414132911304
255,103,97.16981132075472,106,0,106,0,0,0.0,0.7505251489922529,0.7355165163025371,0.2161595305785964,0.5558520868381025,0.33311450433005285,1.0242777064253048,4.952830188679245,3.595323583763093,0.34526279682573535,0.0,0.0,0.0,0.0,0.0,0,0,0,0,0,0.0,0.22641509433962265,0.19896714199430188,0.36256134842838134,0.9000350543348812,0.41830314990554085,0.0,0.3018867924528302,0.013744966329426067
256,104,98.11320754716981,106,0,106,0,0,0.0,0.7470479448615587,0.7318365559124634,0.2223675679861684,0.5569169195006292,0.33332742230708085,1.0500882906796325,4.952830188679245,3.595323583763093,0.3488815166070962,0.0,0.0,0.0,0.0,0.0,0,0,0,0,0,0.0,0.2358490566037736,0.2040879734231702,0.3668308629014566,0.8807339861690743,0.421343063728825,0.0,0.3018867924528302,0.013746722398694313
257,106,100.0,106,0,106,0,0,0.0,0.745374259089791,0.7302914411833342,0.22267333140201842,0.5578990264839104,0.3312349155455813,1.0424745096672616,4.952830188679245,3.595323583763093,0.34612133155186764,0.0,0.0,0.0,0.0,0.0,0,0,0,0,0,0.0,0.24528301886792453,0.2022802404516171,0.3692075633203649,0.8798829414761064,0.41743443908706473,0.0,0.2830188679245283,0.013756008931829322
258,106,100.0,106,0,105,1,0,0.0,0.7435544066461598,0.7285839770187643,0.22359775473925458,0.5587967124537693,0.3333197511535446,1.046107714487712,4.952830188679245,3.595323583763093,0.345970527166201,0.4825829192928641,0.08088767886298101,0.0,0.4825829192928641,0.0028813074797766625,0,0,0,1,0,0.0,0.2358490566037736,0.20280103342882289,0.36884689938622367,0.8798829414761064,0.41974231587346084,0.0,0.2830188679245283,0.0137630470273024
259,106,100.0,106,0,105,1,0,0.0,0.7466251390797706,0.7318038955808209,0.21939464909340872,0.5597547369013975,0.3391961394614737,1.060109331643624,4.952830188679245,3.595323583763093,0.34102588115375965,0.4869440007181147,0.06354708220291412,0.0,0.4869440007181147,0.005046936305978966,0,0,0,1,0,0.0,0.24528301886792453,0.19728048438852727,0.37441528968927934,0.8938302491150253,0.41463497180925624,0.0,0.2830188679245283,0.013795622728922353
260,104,98.11320754716981,106,2,104,0,0,0.018867924528301886,0.7496220639081957,0.7338492616956731,0.221171265269624,0.5607559104489085,0.3398377527903926,1.0322166254046317,4.952830188679245,3.595323583763093,0.3412478127475125,0.5381893422643139,0.07080231053137104,0.5,0.43046717968947934,0.008038944476502718,0,2,0,0,0,0.0,0.2358490566037736,0.1975691550927582,0.3851795956822746,0.8920720292220439,0.41379235752832233,0.018867924528301886,0.2830188679245283,0.013828605067398508
261,102,96.22641509433963,106,2,103,1,0,0.018867924528301886,0.7513568351126095,0.7341809833272351,0.22441083079187082,0.5617582069760694,0.3417843330947442,1.0493722098675282,4.952830188679245,3.595323583763093,0.3412497005901778,0.4642108887135004,0.07382522086299825,0.3333333333333333,0.26452579031929024,0.003475423590284706,1,1,0,1,0,0.0,0.22641509433962265,0.19870097351807145,0.3813621099927731,0.9004306990399782,0.41606753436480326,0.018867924528301886,0.3018867924528302,0.013855296825130703
262,102,96.22641509433963,106,0,104,2,0,0.0,0.7540421439386682,0.7367553605243438,0.23615327691873858,0.5627521730621905,0.3392957615849972,1.0348502219589262,4.952830188679245,3.595323583763093,0.34224080205174223,0.4503543251361714,0.07051868155100878,0.0,0.4503543251361714,0.001855414258663507,0,0,0,2,0,0.0,0.22641509433962265,0.20225557539776998,0.36571653007964916,0.9019208433591686,0.4211589796018173,0.0,0.3207547169811321,0.013886591517815456
263,102,96.22641509433963,106,0,105,1,0,0.0,0.7548374056375963,0.7375112974384855,0.23714212354383787,0.5637321455537249,0.34204851418499493,1.0630522763065895,4.952830188679245,3.595323583763093,0.34143647613481654,0.23224577226725224,0.0743896712520794,0.0,0.23224577226725224,-0.004140679703488692,0,0,0,1,0,0.0,0.20754716981132076,0.20187558591188423,0.37292330892936454,0.8821860499521819,0.41892449264823256,0.0,0.3018867924528302,0.01390818441736136
264,101,95.28301886792453,106,1,104,1,0,0.009433962264150943,0.7508439334066022,0.7328578271470158,0.22646856329495416,0.5645733357150267,0.3494030005725441,1.0439357413166375,4.952830188679245,3.595323583763093,0.33785548411824795,0.4616393973447659,0.08925745479954637,0.5,0.32298181559014605,0.0006590920365153463,0,1,0,1,0,0.0,0.2169811320754717,0.19707754051418608,0.36719206263678633,0.8796806298440476,0.4160647009970528,0.009433962264150943,0.3018867924528302,0.013903338810333177
265,102,96.22641509433963,106,1,105,0,0,0.009433962264150943,0.7423935814239582,0.7246293203103538,0.2098159808657074,0.5651323203058803,0.35948542419915724,1.055407668299099,4.952830188679245,3.595323583763093,0.3298072234952536,0.8181156897498152,0.09110874333176665,1.0,0.1818843102501848,0.004272237103802978,1,0,0,0,0,0.0,0.20754716981132076,0.1879174862056185,0.36268699653813585,0.9280040503257453,0.40911477913655686,0.009433962264150943,0.2641509433962264,0.01387113570283224
266,104,98.11320754716981,106,0,106,0,0,0.0,0.7442318881194038,0.7266275395009286,0.20867058605897681,0.5657136737494908,0.36456366067934415,1.0976718622231685,4.952830188679245,3.595323583763093,0.3265605132259868,0.0,0.0,0.0,0.0,0.0,0,0,0,0,0,0.0,0.20754716981132076,0.1852387031703289,0.3575500391456553,0.8932957226595741,0.403379190825619,0.0,0.33962264150943394,0.01389077800504104
267,103,97.16981132075472,106,1,105,0,0,0.009433962264150943,0.7479932156050765,0.7291189060470104,0.20800474868072252,0.5663846105030904,0.36879867109254755,1.0925656476704464,4.952830188679245,3.595323583763093,0.326603812498683,0.9861658325507277,0.10401207659632003,1.0,0.01383416744927235,0.005429200670505341,0,1,0,0,0,1.0,0.22641509433962265,0.1850821789808009,0.3536435888442051,0.8818043166097201,0.40471690777331276,0.009433962264150943,0.33962264150943394,0.013921645816136556
268,103,97.16981132075472,106,0,106,0,0,0.0,0.7454140162372406,0.7271585330161946,0.20592431516074358,0.5669362128099695,0.3687147429774992,1.088423331717482,4.952830188679245,3.595323583763093,0.3234603646081393,0.0,0.0,0.0,0.0,0.0,0,0,0,0,0,0.0,0.20754716981132076,0.18247542665333263,0.34858269420943383,0.9222537450222364,0.40464620369084325,0.0,0.3018867924528302,0.013918665763211279
269,104,98.11320754716981,106,0,106,0,0,0.0,0.7474386386501185,0.7286447120226571,0.22177224487257247,0.5675107295844741,0.3636300580532077,1.0559272523989933,4.952830188679245,3.595323583763093,0.33093714032394606,0.0,0.0,0.0,0.0,0.0,0,0,0,0,0,0.0,0.2169811320754717,0.19171671763119744,0.34442154528342617,0.9294267186186455,0.4126139457648443,0.0,0.3018867924528302,0.013939116743818888
270,105,99.05660377358491,106,0,106,0,0,0.0,0.7544492569118557,0.7354064105995575,0.22687635469551076,0.5682590745767707,0.35565026040323344,1.0583336383801036,4.952830188679245,3.595323583763093,0.33540476581290646,0.0,0.0,0.0,0.0,0.0,0,0,0,0,0,0.0,0.2358490566037736,0.1947977459958576,0.35380838203793535,0.9268043883589563,0.4163788121382244,0.0,0.3018867924528302,0.01398762254712555
271,104,98.11320754716981,106,1,105,0,0,0.009433962264150943,0.7522650472314765,0.7344057767838303,0.22007662906431474,0.5689242210986734,0.35656204653524715,1.0577155008344372,4.952830188679245,3.595323583763093,0.33314829650977473,0.49117188783334054,0.06251324279995998,0.0,0.49117188783334054,0.002308535634019143,0,1,0,0,0,0.0,0.2169811320754717,0.1919857998153993,0.3648480177851354,0.9102746400141676,0.41204092698850603,0.009433962264150943,0.32075471698113206,0.013988658583607925
272,105,99.05660377358491,106,0,105,1,0,0.0,0.7527806569284319,0.7351484677389977,0.21049057086907397,0.5696143273928068,0.35899658489555,1.0577864962276289,4.952830188679245,3.595323583763093,0.3299853030110327,0.509633303976968,0.08110281343190189,1.0,0.49036669602303196,0.0006835200159235888,0,0,0,1,0,0.0,0.1792452830188679,0.18660000457291817,0.3716975511383785,0.9047990451008606,0.41080558765243935,0.0,0.3962264150943396,0.01400364240926571
273,103,97.16981132075472,106,2,102,2,0,0.018867924528301886,0.749471754877932,0.7319369867493253,0.20815159063430783,0.5701779016426548,0.35804457676359897,1.0465931430066044,4.952830188679245,3.595323583763093,0.3321726938766345,0.490912964789273,0.06984286508509213,0.5,0.4300232533887919,0.0020595008694076072,0,2,0,2,0,0.0,0.18867924528301888,0.1883082360885188,0.3785046757065244,0.8914814584189392,0.4111828945220737,0.018867924528301886,0.3584905660377358,0.01399722905797161
274,103,97.16981132075472,106,0,105,1,0,0.0,0.7436241154516292,0.7261440485832855,0.19800267821704734,0.5705639436601365,0.3629943590279911,1.0794837512736264,4.952830188679245,3.595323583763093,0.33287485021482843,0.4922168513698296,0.06043879400079695,0.0,0.4922168513698296,0.0036693532373299753,0,0,0,1,0,0.0,0.24528301886792453,0.186934624575934,0.39638710102841784,0.8957184485071513,0.4080695197879348,0.0,0.32075471698113206,0.013974930590688973
275,103,97.16981132075472,106,0,105,1,0,0.0,0.7463463393089264,0.7284389003122512,0.2108519613808941,0.5710021120942594,0.35945064038628594,1.0757187172388551,4.952830188679245,3.595323583763093,0.3359297618054702,0.6918018862156436,0.08892735681026306,1.0,0.30819811378435635,-0.00014825845088600742,0,0,0,1,0,0.0,0.25471698113207547,0.19265601763163,0.3907889539550586,0.8993632030950326,0.41536183440301594,0.0,0.3584905660377358,0.013996418496499772
276,104,98.11320754716981,106,0,105,1,0,0.0,0.7458531154822818,0.7283512773760822,0.1926487930105486,0.5714220066928629,0.3588215098663928,1.066021258013742,4.952830188679245,3.595323583763093,0.33148408084534564,0.29932570257713687,0.0728384055340395,0.0,0.29932570257713687,-0.0017272162122148882,0,0,0,1,0,0.0,0.2358490566037736,0.18404289152745273,0.39905162270932143,0.8921627893667937,0.40830334146462,0.0,0.3962264150943396,0.01400150066213182
277,102,96.22641509433963,106,2,104,0,0,0.018867924528301886,0.7499129945814337,0.7330274296237153,0.19840176948810945,0.5719459854837181,0.35687565109712854,1.0399261884566449,4.952830188679245,3.595323583763093,0.33099869336914467,0.5304267271602715,0.06758910606781374,1.0,0.4695732728397285,0.003137117132099604,0,2,0,0,0,0.0,0.24528301886792453,0.18418467168228467,0.3847982716319844,0.896231836052106,0.40773088886251446,0.018867924528301886,0.3773584905660377,0.014031219424148346
278,104,98.11320754716981,106,0,106,0,0,0.0,0.7540120067588322,0.7371052596768902,0.19174203961071087,0.5725837319718929,0.35397759035054926,1.0592475214816062,4.952830188679245,3.595323583763093,0.3307292833709934,0.0,0.0,0.0,0.0,0.0,0,0,0,0,0,0.0,0.22641509433962265,0.18166044479232382,0.39681627527912,0.8868151302505729,0.4049979068093096,0.0,0.4150943396226415,0.014063179009982323
279,104,98.11320754716981,106,0,106,0,0,0.0,0.7551144558925552,0.7379817269992826,0.19852678962833922,0.5732237588792506,0.3545547567950727,1.075156246960726,4.952830188679245,3.595323583763093,0.3311544034997962,0.0,0.0,0.0,0.0,0.0,0,0,0,0,0,0.0,0.24528301886792453,0.18382072496039012,0.39124384532529727,0.9237578440022235,0.4061624831257002,0.0,0.3773584905660377,0.014080196774822269
280,104,98.11320754716981,106,0,105,1,0,0.0,0.757875527256195,0.7401962556261774,0.21401706979329174,0.5739044703242591,0.35323266954813715,1.0646293560520084,4.952830188679245,3.595323583763093,0.3357097711709893,0.5237235093633114,0.059069600502645606,1.0,0.47627649063668864,0.004819944439533291,0,0,0,1,0,0.0,0.2169811320754717,0.19095498860570748,0.37755026309774425,0.9175934964861375,0.4163568494803129,0.0,0.3773584905660377,0.01410623902120035
281,104,98.11320754716981,106,0,105,1,0,0.0,0.7580413956891672,0.7402248482512402,0.22623086327181136,0.5745615303880613,0.3504761431071874,1.0614372936675753,4.952830188679245,3.595323583763093,0.3404993732723871,0.48367232959524786,0.056401481966525197,0.0,0.48367232959524786,0.0046337494874781615,0,0,0,1,0,0.0,0.22641509433962265,0.1975541601265103,0.3656423940839412,0.9082816130268834,0.42532283040471214,0.0,0.4150943396226415,0.014118880081081895
282,106,100.0,106,0,105,1,0,0.0,0.7616471611496343,0.7438654376320263,0.22379417466262094,0.5752996797913067,0.3528372557728759,1.0724758999865471,4.952830188679245,3.595323583763093,0.3381104072143659,0.4009297509280964,0.07200058096753316,0.0,0.4009297509280964,0.0008608164153557918,0,0,0,1,0,0.0,0.22641509433962265,0.19487429647527083,0.3731036450887842,0.9082816130268834,0.420884348460163,0.0,0.4150943396226415,0.014150178338173374
283,105,99.05660377358491,106,1,104,1,0,0.009433962264150943,0.7646079425295914,0.7478309932539459,0.22488530811050514,0.5760944546289081,0.36041659592193953,1.086724875743353,4.952830188679245,3.595323583763093,0.33761210488834426,0.5172250160482736,0.07746401914605891,0.5,0.3444246540822511,0.0030251447756318856,0,1,1,0,0,0.0,0.22641509433962265,0.1941927922211772,0.3716843246049065,0.8993242140351606,0.41855048762951547,0.009433962264150943,0.3773584905660377,0.014179269608660209
284,105,99.05660377358491,106,0,103,3,0,0.0,0.7603372529113783,0.7437530419475159,0.20286551172737977,0.576774257654559,0.3652916015948917,1.0829198692721724,4.952830188679245,3.595323583763093,0.3326273187753812,0.4857358100820594,0.07506017698851448,0.3333333333333333,0.26955384869430793,0.0024516840359803302,0,0,0,3,0,0.0,0.22641509433962265,0.1854593228717879,0.392303591192009,0.8841028639805202,0.40919307741695354,0.0,0.4150943396226415,0.014170136719821326
285,104,98.11320754716981,106,1,103,2,0,0.009433962264150943,0.7649059094527774,0.7470326589222726,0.22634338133613374,0.5775537096728599,0.36351541232591766,1.0832732034735222,4.952830188679245,3.595323583763093,0.3376800339935224,0.5885204492585057,0.072549967437099,0.3333333333333333,0.3085063787690723,0.005773063093720489,0,1,0,2,0,0.0,0.2169811320754717,0.19492157537973706,0.36472571752830946,0.8886088189702476,0.4177688274459991,0.009433962264150943,0.4150943396226415,0.014206991913647365
286,103,97.16981132075472,106,1,105,0,0,0.009433962264150943,0.7543751941022252,0.7366768970778083,0.21199905203272051,0.5779970013977825,0.3709122853433413,1.0977181635544968,4.952830188679245,3.595323583763093,0.33186389509720193,0.46214001047569453,0.07790947768568962,0.0,0.46214001047569453,0.004677290569601311,0,1,0,0,0,0.0,0.2169811320754717,0.18793792443000276,0.3479794581408789,0.8969451258610697,0.41419741424351625,0.009433962264150943,0.3773584905660377,0.014162307222860111
287,103,97.16981132075472,106,0,106,0,0,0.0,0.7497978478024926,0.7322318073034646,0.20509762717501656,0.5782770211777216,0.3712548082782654,1.1100568044656691,4.952830188679245,3.595323583763093,0.32928434890394587,0.0,0.0,0.0,0.0,0.0,0,0,0,0,0,0.0,0.2169811320754717,0.18476585884894162,0.34921904757519695,0.8969451258610697,0.4110719824041572,0.0,0.3773584905660377,0.014144454299955124
288,104,98.11320754716981,106,0,106,0,0,0.0,0.7540194336064282,0.7363477340807051,0.21393350116248236,0.5786653580493634,0.37382165761197444,1.113573964503,4.952830188679245,3.595323583763093,0.3302248487107644,0.0,0.0,0.0,0.0,0.0,0,0,0,0,0,0.0,0.2169811320754717,0.1872435181244476,0.34876878893980057,0.8812258588156321,0.411369028907453,0.0,0.4528301886792453,0.014172543212540092
289,103,97.16981132075472,106,1,104,1,0,0.009433962264150943,0.7580392880620004,0.7418309704852161,0.2285868601452429,0.5791483628554192,0.3638457411601333,1.0780006632220014,4.952830188679245,3.595323583763093,0.33250062578467543,0.557999009299697,0.07413528838140732,0.5,0.3312871228890627,0.003948409220242047,0,1,0,1,0,0.0,0.22641509433962265,0.19203059017135518,0.33149495099921883,0.8740966256970952,0.4164920619840943,0.009433962264150943,0.4716981132075472,0.014201325277669371
290,104,98.11320754716981,106,0,105,1,0,0.0,0.7587971387641106,0.742714565915913,0.21203114980632018,0.5796884987394353,0.3630917470284086,1.0914915954629592,4.952830188679245,3.595323583763093,0.3319673014028435,0.3852500509871153,0.06607819831065566,0.0,0.3852500509871153,-0.0035462177822334073,0,0,0,1,0,0.0,0.2358490566037736,0.1870619247654061,0.3462611113018036,0.8645372355301766,0.412169094087506,0.0,0.4716981132075472,0.014214824347591122
291,103,97.16981132075472,106,2,104,0,0,0.018867924528301886,0.7581075214649565,0.7443267846642393,0.21122678208406634,0.5801936385306242,0.36101781269746275,1.0831897323782638,4.952830188679245,3.595323583763093,0.3328881097974796,0.5348862328872951,0.06816791451323631,1.0,0.4651137671127049,0.007034971737762075,0,2,0,0,0,0.0,0.22641509433962265,0.1873231269135364,0.3527903205008155,0.8826862702067443,0.4169645167910927,0.018867924528301886,0.4339622641509434,0.014220456966117144
292,102,96.22641509433963,106,1,104,1,0,0.009433962264150943,0.755598129310221,0.7412257700163716,0.20433313188078508,0.5806698398429727,0.36980612482489084,1.087767472339621,4.952830188679245,3.595323583763093,0.32918879796539646,0.3513761177949485,0.07736471456425048,0.5,0.3179326197786645,-0.0010900110628404847,0,1,0,1,0,0.0,0.22641509433962265,0.18326421324732667,0.35227428303137487,0.8774036426387017,0.41529928512435443,0.009433962264150943,0.4528301886792453,0.014216470494387994
293,101,95.28301886792453,106,1,104,1,0,0.009433962264150943,0.7654654948704191,0.7533340270646809,0.23534392660807688,0.5813824000207674,0.3601087592250248,1.0698039735599731,4.952830188679245,3.595323583763093,0.3370763735418285,0.6120521439254213,0.08625685175700826,0.5,0.11919794860460922,-0.003413494346410778,0,1,0,1,0,0.5,0.2169811320754717,0.19489833836603523,0.33199417514241125,0.9025889311670219,0.43111898488917016,0.009433962264150943,0.39622641509433965,0.014278616744249363
294,101,95.28301886792453,106,2,92,5,7,0.018867924528301886,0.7677008727027532,0.7526604631358521,0.23094343190657332,0.5822122365875715,0.35890259161922666,1.0496863050176473,4.952830188679245,3.595323583763093,0.3363182510754914,0.6792493274425949,0.0888952534675045,0.8571428571428571,0.2862211785821146,0.0064432141631790485,1,8,1,4,0,0.2857142857142857,0.2169811320754717,0.19388350630985388,0.3187422728806372,0.892023547835326,0.43164482931471326,0.018867924528301886,0.4339622641509434,0.014304711288307532
295,100,94.33962264150944,106,1,105,0,0,0.009433962264150943,0.7734057172865785,0.7572173783978158,0.24308874158938987,0.5830850132428794,0.35868427311520007,1.0710820858943326,4.952830188679245,3.595323583763093,0.34214789631898723,0.3882724490333594,0.08402712774185682,0.0,0.3882724490333594,0.0011986474660784507,0,1,0,0,0,0.0,0.20754716981132076,0.20062247361902485,0.32413477187367645,0.8764016086588116,0.43673005793448133,0.009433962264150943,0.4528301886792453,0.01434892508368759
296,101,95.28301886792453,106,0,104,2,0,0.0,0.7725528241055157,0.7564605142623774,0.2382881616433736,0.5838789828652746,0.3636753267935552,1.074154254050892,4.952830188679245,3.595323583763093,0.33851170992760693,0.3331049280826328,0.07427999771876273,0.0,0.3331049280826328,-0.0125104020786935,0,0,0,2,0,0.0,0.2169811320754717,0.19694142095120587,0.31885574765593117,0.8688645328549376,0.4335312395117118,0.0,0.4528301886792453,0.014358933506323222
297,101,95.28301886792453,106,1,104,0,1,0.009433962264150943,0.7688536011341911,0.7518683887362425,0.22680407155603588,0.5845497183633289,0.36201778533759804,1.0801057810504213,4.952830188679245,3.595323583763093,0.3353811580735233,0.6482450579531409,0.08739342856326707,0.5,0.16546063184366644,-0.0051852750272465,0,2,0,0,0,0.5,0.20754716981132076,0.1927865315456689,0.34458386405516483,0.8824509549188824,0.4190874595239073,0.009433962264150943,0.41509433962264153,0.014352494947239707
298,101,95.28301886792453,106,1,105,0,0,0.009433962264150943,0.7716024748978325,0.7542553597409436,0.23529722039464102,0.5852335005045028,0.374224119095523,1.0779100340314869,4.952830188679245,3.595323583763093,0.3347618244799553,0.9244625326395608,0.09409313318078345,1.0,0.0755374673604392,0.0021986823292266533,0,1,0,0,0,0.0,0.22641509433962265,0.1943756723712872,0.3530489432303062,0.8976207561806024,0.4151237693623034,0.009433962264150943,0.41509433962264153,0.014378531406349508
299,103,97.16981132075472,106,0,105,1,0,0.0,0.7724798088478663,0.7548206384144726,0.24720091517925352,0.5859030579832035,0.3744511007174066,1.1466024402630761,4.952830188679245,3.595323583763093,0.33849091874401416,0.6413357693630055,0.10216777094513962,1.0,0.3586642306369945,9.840464187799158e-05,0,0,0,1,0,0.0,0.2358490566037736,0.20015178618028528,0.3434837765866001,0.8880980421407527,0.42136792615093355,0.0,0.4528301886792453,0.014394954455068965
300,103,97.16981132075472,106,1,105,0,0,0.009433962264150943,0.7751597685987885,0.7563046978905309,0.24220901599430428,0.5866199619282892,0.3765659343632983,1.1612795552085005,4.952830188679245,3.595323583763093,0.33868904370655417,0.8429502891677784,0.10719241180624398,1.0,0.15704971083222163,0.0022161995208511698,0,1,0,0,0,0.0,0.2169811320754717,0.19904995036994824,0.3541724183719102,0.8941094493462629,0.41822661335627176,0.009433962264150943,0.4339622641509434,0.014421241762128872
301,102,96.22641509433963,106,1,104,1,0,0.009433962264150943,0.7786326311699142,0.7593331926620482,0.25788546151529507,0.587376948520795,0.3733781532113763,1.1635620029323808,4.952830188679245,3.595323583763093,0.34122744388264437,0.5023953505290606,0.07353384803884108,0.5,0.47766830078927586,-0.0022331360981176496,0,1,0,1,0,0.0,0.2169811320754717,0.20385907443127613,0.3399909058404643,0.9004555231775138,0.43061268110475487,0.009433962264150943,0.39622641509433965,0.014452214133727643
302,103,97.16981132075472,106,0,104,2,0,0.0,0.7651520901009714,0.7466249794137053,0.23498454189702322,0.5877337137387408,0.3812024655107717,1.172295168176786,4.952830188679245,3.595323583763093,0.33768818514463805,0.3596800292763565,0.07952648957129738,0.0,0.3596800292763565,-0.005637070776269876,0,0,0,2,0,0.0,0.20754716981132076,0.19704124185891359,0.3407720478965805,0.8992037502112615,0.42931762400348655,0.0,0.39622641509433965,0.014391224860392664
303,102,96.22641509433963,106,2,104,0,0,0.018867924528301886,0.7585718204129698,0.740383911248696,0.20707288168680185,0.5879079240694144,0.39242208054147487,1.1863696819335838,4.952830188679245,3.595323583763093,0.3319466303197218,0.6190934893704054,0.08916514766135211,0.5,0.12102554948173089,-0.0030881898822042453,0,2,0,0,0,0.5,0.2169811320754717,0.18663102492509984,0.36259570391969703,0.9021814076053911,0.42371970826669064,0.018867924528301886,0.339622641509434,0.014361455224504686
304,102,96.22641509433963,106,0,103,3,0,0.0,0.7588596591353953,0.7409861582628736,0.1950286220130577,0.5880834119048911,0.39819044118761787,1.1894775183382227,4.952830188679245,3.595323583763093,0.3276387915523946,0.40913475019266965,0.08346297276839738,0.0,0.40913475019266965,-0.002019114146923869,0,0,0,3,0,0.0,0.22641509433962265,0.18056984189635297,0.3823922834575578,0.9021814076053911,0.41602958094508524,0.0,0.339622641509434,0.014366049095884577
305,103,97.16981132075472,106,0,104,2,0,0.0,0.7616194296077733,0.7436684780219033,0.20282774542170343,0.5883297408447425,0.39203245295932837,1.1814617722450567,4.952830188679245,3.595323583763093,0.32999818386160573,0.4835183585195639,0.08470838620629137,0.5,0.4303643194309325,-0.002760627446480368,0,0,1,1,0,0.0,0.19811320754716982,0.18424869428918483,0.37944338306553815,0.9088329576307745,0.4186851576814679,0.0,0.339622641509434,0.014384276109480523
306,104,98.11320754716981,106,1,103,2,0,0.009433962264150943,0.7719455395834035,0.753193436464813,0.20973572781456076,0.5888570941902909,0.38351419410266596,1.1543728244320466,4.952830188679245,3.595323583763093,0.32982680793470687,0.39153984650224843,0.07656222246662168,0.0,0.39153984650224843,-0.006182746438535354,0,1,0,2,0,0.0,0.19811320754716982,0.18453318524481513,0.37156587978794675,0.9027573637408121,0.4182503778269242,0.009433962264150943,0.3962264150943396,0.014445386688959807
307,102,96.22641509433963,106,2,102,2,0,0.018867924528301886,0.769035950121416,0.7486691266749843,0.1856931004238825,0.5892732038523298,0.3932804624997657,1.1727749418363378,4.952830188679245,3.595323583763093,0.3257781124448984,0.5761634536027036,0.08793107207578527,0.5,0.21320613785393358,-0.004196334536203286,0,2,0,2,0,0.25,0.20754716981132076,0.17589253828333545,0.4016738044813163,0.895333949815349,0.40395185131653405,0.018867924528301886,0.39622641509433965,0.01443831898605667
308,103,97.16981132075472,106,1,105,0,0,0.009433962264150943,0.7816090984270836,0.7592391514869433,0.19031964397736967,0.5899684788886668,0.38579966930564596,1.1664894888696098,4.952830188679245,3.595323583763093,0.32872401440853904,0.7549602054007378,0.10298576899508985,1.0,0.24503979459926217,-0.004974254528116062,0,1,0,0,0,0.0,0.2169811320754717,0.17751500216192875,0.40111529536975016,0.8939095783753275,0.40898423950218193,0.009433962264150943,0.39622641509433965,0.014513683421261728
309,103,97.16981132075472,106,0,106,0,0,0.0,0.7775090836263819,0.7557258156216775,0.17776518457271592,0.59049383381252,0.39091697848573626,1.1644970666198835,4.952830188679245,3.595323583763093,0.3250934735138047,0.0,0.0,0.0,0.0,0.0,0,0,0,0,0,0.0,0.20754716981132076,0.1721100436369545,0.40865839651494107,0.8883181353464791,0.4052767642303859,0.0,0.4339622641509434,0.014502627451996097
310,102,96.22641509433963,106,1,104,1,0,0.009433962264150943,0.7745969534911937,0.754490553243235,0.17087402548573868,0.5909274420667748,0.39624072598678817,1.180441273898,4.952830188679245,3.595323583763093,0.3219714197639034,0.3255221165710863,0.0770125588888359,0.0,0.3255221165710863,-0.006473287145562723,0,1,0,1,0,0.0,0.19811320754716982,0.168129742978762,0.40882855917533517,0.8978905452641249,0.4001632620517912,0.009433962264150943,0.39622641509433965,0.01449586161123334
311,102,96.22641509433963,106,0,104,2,0,0.0,0.7644344033598565,0.7444928787579213,0.16628789563685734,0.5910952308187563,0.40015500780643554,1.19234352510377,4.952830188679245,3.595323583763093,0.32129799868763254,0.29605131542723473,0.06519543063954956,0.0,0.29605131542723473,-0.003850699448794126,0,0,0,2,0,0.0,0.20754716981132076,0.16741711239675083,0.41133005090977554,0.8998605986101822,0.39788105071200525,0.0,0.39622641509433965,0.0144480651348621
312,102,96.22641509433963,106,2,103,1,0,0.018867924528301886,0.7621077831564649,0.7435405372264404,0.15146192765334163,0.5912109200531032,0.41056335126550625,1.2050725953351675,4.952830188679245,3.595323583763093,0.31349720404707426,0.408677842331085,0.07121375573767076,0.3333333333333333,0.3379036473331694,-0.0011957703066156806,0,2,0,1,0,0.0,0.22641509433962265,0.15790065952499324,0.42124784938210924,0.8926542019573782,0.38956528596524564,0.018867924528301886,0.41509433962264153,0.014438511735008316
313,102,96.22641509433963,106,1,104,1,0,0.009433962264150943,0.7531239333772402,0.7340984806412848,0.14289016091309506,0.5910926453206278,0.4101727826284493,1.206492626601433,4.952830188679245,3.595323583763093,0.3125615206606336,0.7065492818019221,0.07987800594518782,1.0,0.29345071819807794,0.003489895136299992,0,1,1,0,0,0.0,0.24528301886792453,0.15609214107069963,0.4210532444803304,0.8621016694328797,0.3868433874076254,0.009433962264150943,0.3584905660377359,0.014391466306437032
314,102,96.22641509433963,106,0,105,1,0,0.0,0.7466399235315921,0.7277866380208625,0.13967444980441374,0.5907739797505186,0.4081824957614054,1.1560561752653997,4.952830188679245,3.595323583763093,0.31153300690293984,0.5032782519263435,0.07461879308942049,1.0,0.49672174807365654,0.0017028493985635773,0,0,0,1,0,0.0,0.20754716981132076,0.15553167942650242,0.42140804875668547,0.8739175056349,0.38598659469868196,0.0,0.4339622641509434,0.014353317728011059
315,103,97.16981132075472,106,0,105,1,0,0.0,0.7547930933325823,0.7355206466710761,0.1434505414399995,0.5906892213483821,0.40090858867326734,1.1845509079643306,4.952830188679245,3.595323583763093,0.31334530120116777,0.47966067944048496,0.08015711156977681,0.0,0.47966067944048496,-0.0038411983369569525,0,0,0,1,0,0.0,0.19811320754716982,0.15687119416525389,0.4117595674256768,0.8724818587540297,0.38747779241770747,0.0,0.4339622641509434,0.014392559907605393
316,102,96.22641509433963,106,1,105,0,0,0.009433962264150943,0.7549057001610274,0.7355216085699001,0.14794186392900083,0.5906082250774319,0.39719781108055874,1.1879164843645682,4.952830188679245,3.595323583763093,0.3162578495893338,0.46851712530561657,0.0778962090498308,0.0,0.46851712530561657,0.0005982112652089255,0,1,0,0,0,0.0,0.1792452830188679,0.15976064417872302,0.40330543419219267,0.882158780580901,0.3862547229299764,0.009433962264150943,0.39622641509433965,0.014391666902731897
317,103,97.16981132075472,106,1,105,0,0,0.009433962264150943,0.7548985394446668,0.7353653442492658,0.14342462526252595,0.5905386105987862,0.39735151026013743,1.1380293221961675,4.952830188679245,3.595323583763093,0.3118575512367525,0.47826736374816736,0.08433561686581659,0.0,0.47826736374816736,0.0036246946748781927,0,1,0,0,0,0.0,0.1792452830188679,0.15488979041493597,0.4048739781622762,0.8739175056349,0.3853013184210171,0.009433962264150943,0.4339622641509434,0.014390379666265862
318,103,97.16981132075472,106,1,105,0,0,0.009433962264150943,0.758352688856878,0.738643205553482,0.14637612140727377,0.5905538063838822,0.3955947340852023,1.1337918379185514,4.952830188679245,3.595323583763093,0.31314369186848734,0.37744097962972667,0.08178085175890104,0.0,0.37744097962972667,-0.00277218437373139,0,1,0,0,0,0.0,0.20754716981132076,0.15616597874550528,0.4022530309756037,0.8606679857793037,0.3880788725331931,0.009433962264150943,0.4339622641509434,0.014407923582149566
319,103,97.16981132075472,106,0,105,1,0,0.0,0.7545981746002796,0.7354328194169824,0.14429997594023186,0.5904744377875379,0.3941933101447222,1.141849092160641,4.952830188679245,3.595323583763093,0.31186844639476075,0.4707897716749561,0.07534904423544658,0.0,0.4707897716749561,0.0024771016738708296,0,0,0,1,0,0.0,0.19811320754716982,0.15460225531143085,0.39520546074835594,0.8833941341727687,0.3894707996098494,0.0,0.39622641509433965,0.01438772423193534
320,103,97.16981132075472,106,1,104,1,0,0.009433962264150943,0.7501430306929889,0.7300022771131724,0.14512401789924703,0.5902790557110772,0.39888069422278255,1.1570053351338359,4.952830188679245,3.595323583763093,0.3116912010550166,0.6919395424072806,0.09176919649061353,0.5,0.2880726111210713,0.0035315255277254265,1,0,0,1,0,0.0,0.20754716981132076,0.1550899496712815,0.3839265333418955,0.8552093784756786,0.3921818563248236,0.009433962264150943,0.4528301886792453,0.014361936203462166
321,103,97.16981132075472,106,1,105,0,0,0.009433962264150943,0.7447868676506711,0.724767643959423,0.14354349055549773,0.5899093528802515,0.39910738947827046,1.1527892753589306,4.952830188679245,3.595323583763093,0.3127598351986449,0.45967804377256694,0.07930287228079982,0.0,0.45967804377256694,-0.0044156824299081965,0,1,0,0,0,0.0,0.2169811320754717,0.15551642996138043,0.3700030149289464,0.8146625798978673,0.3955847483129385,0.009433962264150943,0.4339622641509434,0.01432850938171732
322,104,98.11320754716981,106,0,106,0,0,0.0,0.7457765782913245,0.7257934009114565,0.13693187436614954,0.5895758998432161,0.3990895090717368,1.1476028406416692,4.952830188679245,3.595323583763093,0.3098410760310579,0.0,0.0,0.0,0.0,0.0,0,0,0,0,0,0.0,0.2169811320754717,0.15187199703118687,0.377787283135201,0.8269658563372377,0.3900447616732568,0.0,0.4339622641509434,0.014327463577079935
323,103,97.16981132075472,106,1,104,1,0,0.009433962264150943,0.7502664291940876,0.73174305878309,0.14056131339848837,0.5893759919090517,0.39746465133641257,1.1484953638986672,4.952830188679245,3.595323583763093,0.31192551695814674,0.4340079104032818,0.0745450237601051,0.0,0.4340079104032818,-0.0009214841005432683,0,1,0,1,0,0.0,0.20754716981132076,0.15382326733498336,0.376132561488776,0.8447545563807618,0.3900739624285648,0.009433962264150943,0.39622641509433965,0.014346319163042335
324,103,97.16981132075472,106,0,104,2,0,0.0,0.7519646242782109,0.7333687681093635,0.13856174555077042,0.589279602095539,0.40029342998440975,1.143300135141026,4.952830188679245,3.595323583763093,0.31068105315462424,0.48804528337557285,0.0770244700098853,0.5,0.47286730025583346,0.0037604802484522415,0,0,1,1,0,0.0,0.19811320754716982,0.1523941053708712,0.3915141921549585,0.8321822222183228,0.3856921568151211,0.0,0.4339622641509434,0.014353077375614167
325,104,98.11320754716981,106,1,104,1,0,0.009433962264150943,0.7542780612518017,0.7356266455000595,0.13654160968980714,0.5892522885796906,0.3950274875323923,1.1310496737681948,4.952830188679245,3.595323583763093,0.31008437003907896,0.5362154179886225,0.08659604581294209,0.5,0.43360198143171047,0.0009278014858856432,0,1,0,1,0,0.0,0.20754716981132076,0.15145676912752892,0.39621883391560253,0.831153800471883,0.38374061505073886,0.009433962264150943,0.4528301886792453,0.014364153555843697
326,104,98.11320754716981,106,0,105,1,0,0.0,0.7601170709078893,0.7413982400425709,0.1377578778217009,0.5893912946996054,0.39493956587745155,1.0879242139910552,4.952830188679245,3.595323583763093,0.3098466669296689,0.4708218016483713,0.08237160998491469,0.0,0.4708218016483713,7.250541586517611e-05,0,0,0,1,0,0.0,0.20754716981132076,0.15119613961076103,0.397913512400939,0.8661820310810656,0.38361174905320483,0.0,0.41509433962264153,0.014395847464030219
327,104,98.11320754716981,106,0,105,1,0,0.0,0.7633399816526244,0.7445584523667599,0.1403860039365198,0.5896161989868987,0.3959453619727368,1.1706296491519639,4.952830188679245,3.595323583763093,0.3099065591920962,0.47220000270317164,0.07220091412075726,0.0,0.47220000270317164,0.0069429735976475615,0,0,0,1,0,0.0,0.22641509433962265,0.15191618987567762,0.38928799918581086,0.8790939955786035,0.3854484347066141,0.0,0.41509433962264153,0.014416005036194869
328,105,99.05660377358491,106,0,106,0,0,0.0,0.7665574413720119,0.7472982981563101,0.14604800143993205,0.5899118222947743,0.39263438707563697,1.1665430100144096,4.952830188679245,3.595323583763093,0.3144066050069514,0.0,0.0,0.0,0.0,0.0,0,0,0,0,0,0.0,0.2169811320754717,0.15625943270709045,0.38423519801282924,0.8589178920623972,0.38866146534897805,0.0,0.4528301886792453,0.014437406642045384
329,105,99.05660377358491,106,0,105,1,0,0.0,0.7658119934036516,0.7464377284470755,0.15229449319693258,0.5901720647755743,0.38592606780197053,1.1175629887361613,4.952830188679245,3.595323583763093,0.3182704037482238,0.6378075701029029,0.08437182652712075,1.0,0.3621924298970971,0.001587709840188467,0,0,0,1,0,0.0,0.2169811320754717,0.16093308764828723,0.363126574565543,0.8769636693532796,0.39655512605077214,0.0,0.41509433962264153,0.014438357681847168
330,106,100.0,106,0,104,2,0,0.0,0.7689735974241947,0.7492289502091342,0.16454522069347213,0.5905032334605161,0.38612452379822787,1.1167491352216488,4.952830188679245,3.595323583763093,0.32118813723766104,0.5541832615890934,0.08471360100896697,0.5,0.4224211547740362,0.001463059986380827,0,0,0,2,0,0.0,0.2169811320754717,0.16632220390955993,0.34353503025369087,0.8678897241626282,0.40416383522730404,0.0,0.41509433962264153,0.01446011899486576
331,105,99.05660377358491,106,1,103,2,0,0.009433962264150943,0.7703667135597181,0.75002215837398,0.16950281817372592,0.5908635593879203,0.3854374472461796,1.1120503996615092,4.952830188679245,3.595323583763093,0.32070425757665455,0.43486812394598195,0.076037431179456,0.3333333333333333,0.4191435160000631,-0.0006163273001617934,0,1,0,2,0,0.0,0.2169811320754717,0.16731445515378213,0.3441663426999226,0.8839625099213557,0.40108146371697606,0.009433962264150943,0.41509433962264153,0.014473562017066564
332,103,97.16981132075472,106,2,103,1,0,0.018867924528301886,0.7677135243296235,0.7521467513093982,0.16518787470404783,0.5911277717098419,0.38828732070095295,1.1207028330364202,4.952830188679245,3.595323583763093,0.3207428117030058,0.5029116913065464,0.07829601680126112,0.6666666666666666,0.3323300910527496,-0.0042111159184196984,0,2,0,1,0,0.0,0.2169811320754717,0.16617496632369003,0.3676456003240438,0.8899694598171588,0.39460091602020525,0.018867924528301886,0.39622641509433965,0.014465045714876718
333,103,97.16981132075472,106,0,105,1,0,0.0,0.7666906612181807,0.751177231240465,0.1643275536206345,0.5914806172439026,0.38940950885238124,1.1286053253953587,4.952830188679245,3.595323583763093,0.32039109814487454,0.6328778036326614,0.08924536804742515,1.0,0.36712219636733856,-0.002282589284884784,0,0,0,1,0,0.0,0.19811320754716982,0.16563045782604208,0.3675630600684592,0.8790269445049543,0.394380931864548,0.0,0.3584905660377359,0.014466274368669674
334,102,96.22641509433963,106,1,102,2,1,0.009433962264150943,0.7619979531053992,0.7461712637011848,0.15584327770939171,0.5916956957950703,0.3872155835975667,1.1152857379310734,4.952830188679245,3.595323583763093,0.3206200158074617,0.5339476512517393,0.08609589963603127,0.75,0.34664325538280233,0.004857302715899445,0,2,0,2,0,0.0,0.20754716981132076,0.16364922139733296,0.37628653239115056,0.8804338434510188,0.39680565489782477,0.009433962264150943,0.339622641509434,0.01444667721304264
335,102,96.22641509433963,106,0,105,1,0,0.0,0.7697859843237288,0.7537398065285448,0.15981951924462773,0.592101828919504,0.37677555419027775,1.095610573291368,4.952830188679245,3.595323583763093,0.32370115980799463,0.526104447818393,0.0876216954178964,1.0,0.47389555218160695,0.00441520940683382,0,0,0,1,0,0.0,0.22641509433962265,0.16593235335412676,0.37926541345477865,0.8849351578737521,0.40347744185432977,0.0,0.339622641509434,0.014492918269136408
336,102,96.22641509433963,106,1,104,1,0,0.009433962264150943,0.778688667828394,0.7611389123519022,0.16747746138641806,0.592738883720507,0.36918855299203224,1.0736143022451787,4.952830188679245,3.595323583763093,0.32833804011954193,0.44341636069921814,0.0734211085181877,0.5,0.3946234380843601,0.005404298474571634,0,1,0,1,0,0.0,0.2169811320754717,0.1701685264325503,0.3715614982650961,0.8629415805995375,0.4103083214709403,0.009433962264150943,0.4339622641509434,0.014548883777410712
337,104,98.11320754716981,106,0,106,0,0,0.0,0.7858385951084936,0.7678563741279826,0.17656200375973322,0.5935135398907306,0.37040670913381096,1.0776614101710706,4.952830188679245,3.595323583763093,0.33179183958790115,0.0,0.0,0.0,0.0,0.0,0,0,0,0,0,0.0,0.20754716981132076,0.1743687319438094,0.37162468060866133,0.8569459418386329,0.4115672767893869,0.0,0.4339622641509434,0.014598559111801773
338,104,98.11320754716981,106,1,105,0,0,0.009433962264150943,0.7859380728510923,0.7674292871426681,0.1829180257628015,0.5942597353756703,0.36788545500655356,1.080513992281695,4.952830188679245,3.595323583763093,0.33481511865028724,0.48650456522591934,0.0844611072403896,0.0,0.48650456522591934,0.009328340827329196,0,1,0,0,0,0.0,0.18867924528301888,0.17834863687888847,0.3607952636025454,0.867294959494072,0.41960119271031937,0.009433962264150943,0.4339622641509434,0.014612470571640272
339,104,98.11320754716981,106,1,105,0,0,0.009433962264150943,0.7894790074153075,0.7709736093369794,0.18148227571457387,0.5950755288962325,0.3665842688735482,1.0735245019547504,4.952830188679245,3.595323583763093,0.3327887676317809,0.43146177347034725,0.0738254691768148,0.0,0.43146177347034725,0.003846835903375534,0,1,0,0,0,0.0,0.19811320754716982,0.17583007740895196,0.35677973034345367,0.8923736797462655,0.41633074882297755,0.009433962264150943,0.39622641509433965,0.01464484045288114
340,104,98.11320754716981,106,0,106,0,0,0.0,0.7889991026179165,0.7706348740404666,0.18755504412742652,0.5958460919614872,0.3545510948950627,1.0524631942684122,4.952830188679245,3.595323583763093,0.3347114024425182,0.0,0.0,0.0,0.0,0.0,0,0,0,0,0,0.0,0.18867924528301888,0.17825666458605838,0.3300541781793348,0.8752667605242885,0.42598154092621504,0.0,0.4339622641509434,0.01465629304670062
341,104,98.11320754716981,106,0,106,0,0,0.0,0.7819776148694995,0.7643871387925953,0.17355750684630364,0.5964092497520748,0.36790156733719603,1.0819153322277693,4.952830188679245,3.595323583763093,0.3250497889001822,0.0,0.0,0.0,0.0,0.0,0,0,0,0,0,0.0,0.1792452830188679,0.1686369395113291,0.33735144664330596,0.8872475200682609,0.41284420156544493,0.0,0.39622641509433965,0.014631309280387932
342,104,98.11320754716981,106,0,106,0,0,0.0,0.7799743539518552,0.7625382046681382,0.16437842018310392,0.5968989800661039,0.36722201076590927,1.0818133070875722,4.952830188679245,3.595323583763093,0.3227257199647948,0.0,0.0,0.0,0.0,0.0,0,0,0,0,0,0.0,0.1792452830188679,0.16470137021639356,0.3498960665376575,0.8892405359831665,0.4112402628984204,0.0,0.4339622641509434,0.014630096670538275
343,105,99.05660377358491,106,0,106,0,0,0.0,0.7742735686493207,0.7570164603560317,0.1570483745364535,0.5972122833302649,0.37479165448580315,1.09134551925344,4.952830188679245,3.595323583763093,0.3187126687009103,0.0,0.0,0.0,0.0,0.0,0,0,0,0,0,0.0,0.19811320754716982,0.16072742099795473,0.35919264834923165,0.8755851525716905,0.4058079391857454,0.0,0.4339622641509434,0.014607224877098141
344,106,100.0,106,0,106,0,0,0.0,0.7752460987889832,0.7577945624335987,0.16172458615294302,0.5975367025582814,0.3751844833921894,1.0933563266328068,4.952830188679245,3.595323583763093,0.3200761218702133,0.0,0.0,0.0,0.0,0.0,0,0,0,0,0,0.0,0.22641509433962265,0.1630277505386015,0.35835476496300156,0.8872118704776836,0.4052457267520819,0.0,0.4339622641509434,0.014617919488304024
345,106,100.0,106,0,105,1,0,0.0,0.777192433192922,0.7595564449734028,0.16755758821088887,0.5979001341680604,0.36790944390742814,1.0835544415652585,4.952830188679245,3.595323583763093,0.32407604317043437,0.39420686338747146,0.07674401703559214,0.0,0.39420686338747146,0.0027537874658432604,0,0,0,1,0,0.0,0.2169811320754717,0.16696562543356736,0.36131987266827675,0.8773462644339669,0.4100594840469962,0.0,0.4339622641509434,0.014634184431512336
346,105,99.05660377358491,106,1,104,1,0,0.009433962264150943,0.7795921817825575,0.762447251402891,0.1702235735064204,0.5983211374505742,0.3615257855284004,1.0671976479408691,4.952830188679245,3.595323583763093,0.3279188099389583,0.4091470132734355,0.06773331357324311,0.0,0.4091470132734355,0.004541239349237211,0,1,0,1,0,0.0,0.2358490566037736,0.16960029387516765,0.35850629334928946,0.8586741260797135,0.415896291415636,0.009433962264150943,0.4528301886792453,0.014653751389612831
347,105,99.05660377358491,106,0,105,1,0,0.0,0.7811236854355657,0.7641190007447246,0.17304275831259672,0.5987875970026059,0.35603359503076903,1.05834121621493,4.952830188679245,3.595323583763093,0.3283969910378923,0.35108303767900134,0.05375997264147112,0.0,0.35108303767900134,0.006204033816971655,0,0,0,1,0,0.0,0.22641509433962265,0.17024199970261242,0.3510541113508,0.8690849237005117,0.41771024178995786,0.0,0.4528301886792453,0.014669794273019326
348,105,99.05660377358491,106,0,105,1,0,0.0,0.7895605475446374,0.7724215814382197,0.18301742869184656,0.5994760895377425,0.34666797404118366,1.0350889974437731,4.952830188679245,3.595323583763093,0.3307961672736537,0.4136175141497621,0.074418168938366,0.0,0.4136175141497621,0.0027798303862546225,0,0,0,1,0,0.0,0.2358490566037736,0.17337996771632236,0.34091844074541955,0.8608426254454074,0.42281319034960607,0.0,0.41509433962264153,0.014724355350808793
349,105,99.05660377358491,106,0,105,1,0,0.0,0.7924353963573896,0.7750224976573267,0.1787146120254446,0.600214637621766,0.35319109810223703,1.0449349641007568,4.952830188679245,3.595323583763093,0.3288409131802772,0.3979492984439761,0.06773393417111352,0.0,0.3979492984439761,0.004176216603149763,0,0,0,1,0,0.0,0.2169811320754717,0.1710699859396363,0.3535534788485118,0.8664530440983753,0.4194335626398417,0.0,0.41509433962264153,0.014752006191593716
350,105,99.05660377358491,106,0,104,2,0,0.0,0.7945226698336326,0.7766189717240548,0.1908358766531248,0.6009725512392512,0.34813850712211825,1.0434914948468221,4.952830188679245,3.595323583763093,0.3345750534898808,0.46290266127736823,0.06210854253023335,0.5,0.3906916148252798,0.007758816540151231,0,0,0,2,0,0.0,0.22641509433962265,0.17818136854930672,0.3425336161986056,0.8684915631225626,0.42738796350724584,0.0,0.4528301886792453,0.014776067282491931
351,106,100.0,106,0,105,1,0,0.0,0.7924289465593186,0.7745672412242104,0.18905528526375517,0.6016442023292735,0.350070443357397,1.0472160633762733,4.952830188679245,3.595323583763093,0.33534819371221736,0.5405029575588212,0.06594981940467383,1.0,0.45949704244117884,0.013098405914327205,0,0,0,1,0,0.0,0.2358490566037736,0.17824655156574348,0.32824066998187656,0.8352891779196727,0.430980012774366,0.0,0.4528301886792453,0.014777672681140448
352,105,99.05660377358491,106,1,105,0,0,0.009433962264150943,0.7866125374942536,0.7687364691845486,0.17830586137290744,0.6021362524426352,0.3580549273712804,1.0413630368297992,4.952830188679245,3.595323583763093,0.33075879875847325,0.5319498330339635,0.06775108161209178,1.0,0.4680501669660365,0.012522502749307718,0,1,0,0,0,0.0,0.22641509433962265,0.17319017547594984,0.3369447599573966,0.8304572972546936,0.4207031449713713,0.009433962264150943,0.4716981132075472,0.014757436032699937
353,105,99.05660377358491,106,0,106,0,0,0.0,0.7863143129749054,0.7686115947969143,0.1776718045369011,0.6025947649003947,0.36095872701014636,1.0457953425049373,4.952830188679245,3.595323583763093,0.3293420886474512,0.0,0.0,0.0,0.0,0.0,0,0,0,0,0,0.0,0.25471698113207547,0.17198485353626228,0.3265966503058055,0.820263935007169,0.4225570229125637,0.0,0.4716981132075472,0.014764187413367354
354,105,99.05660377358491,106,0,105,1,0,0.0,0.7885670234515443,0.7710687642276717,0.17640423923924084,0.6031074669052556,0.35924629510710127,1.0084993600375765,4.952830188679245,3.595323583763093,0.3279558646520402,0.36122004468920804,0.07156351814726045,0.0,0.36122004468920804,0.0019843946065305484,0,0,0,1,0,0.0,0.2358490566037736,0.16992487616831753,0.31889344578809725,0.8041259387962223,0.42257984817304145,0.0,0.5094339622641509,0.014784667613798144
355,104,98.11320754716981,106,1,103,2,0,0.009433962264150943,0.7920908302113527,0.7763155168642717,0.17898209853301958,0.603701234057082,0.3594223911390086,0.9931830775701455,4.952830188679245,3.595323583763093,0.32815695214149176,0.40802197926202116,0.07141027849592324,0.0,0.40802197926202116,0.0021568845788961233,0,1,0,2,0,0.0,0.22641509433962265,0.17008339150722424,0.32006754081534616,0.809276518506018,0.4194988797595086,0.009433962264150943,0.5094339622641509,0.014812960572818314
356,104,98.11320754716981,106,0,106,0,0,0.0,0.7912011033529195,0.7754639865448075,0.17872873747985912,0.6043005728870268,0.36033317935058184,0.994688974197836,4.952830188679245,3.595323583763093,0.32820960891357154,0.0,0.0,0.0,0.0,0.0,0,0,0,0,0,0.0,0.24528301886792453,0.17012144953102215,0.30502418167234435,0.8041259387962223,0.42198300344833806,0.0,0.5094339622641509,0.014819286023675975
357,105,99.05660377358491,106,0,106,0,0,0.0,0.7903363175030433,0.7744030258954346,0.18434869010749125,0.6048478475719188,0.35522050008621237,0.9965176755231259,4.952830188679245,3.595323583763093,0.3331839058055417,0.0,0.0,0.0,0.0,0.0,0,0,0,0,0,0.0,0.24528301886792453,0.1752385386809539,0.30807556565481276,0.8290631813310364,0.42503544060404763,0.0,0.4716981132075472,0.014824800242333538
358,105,99.05660377358491,106,0,105,1,0,0.0,0.791673390307806,0.7755164055509775,0.18838871391764522,0.6054074696420632,0.3567264948106791,1.0059981009854153,4.952830188679245,3.595323583763093,0.33394441985776724,0.655904692184299,0.053393493632545114,1.0,0.34409530781570097,0.010035779999063354,0,0,0,1,0,0.0,0.2358490566037736,0.17700312074470584,0.3046184273814889,0.813038301994939,0.4249753615035145,0.0,0.5094339622641509,0.014841545718491271
359,104,98.11320754716981,106,1,104,1,0,0.009433962264150943,0.7951980552107266,0.7783011723317946,0.19387803675999443,0.606047384746376,0.35992836255704064,0.9848315434714603,4.952830188679245,3.595323583763093,0.3349976547419491,0.4842121330813507,0.06694021425811905,0.5,0.4059050402784523,0.004482992228542176,0,1,0,1,0,0.0,0.2358490566037736,0.1789733058920599,0.3003462443352612,0.8277464840403046,0.4285742341854254,0.009433962264150943,0.5094339622641509,0.014870672552336586
360,105,99.05660377358491,106,0,104,2,0,0.0,0.797240618134045,0.7804169321547899,0.1977918522785064,0.6067048314045632,0.3555349070184242,0.9744332393223541,4.952830188679245,3.595323583763093,0.3359167209224676,0.32401620606364395,0.06319273649488591,0.0,0.32401620606364395,-0.00281209680139774,0,0,0,2,0,0.0,0.2358490566037736,0.18031723594818705,0.2979596931501507,0.8266092170943469,0.43135872881613485,0.0,0.4716981132075472,0.014892704034329412
361,105,99.05660377358491,106,0,104,2,0,0.0,0.7982613026183083,0.7811845415067762,0.19698126370985736,0.6073607191600486,0.3595281907917012,0.9772542495414192,4.952830188679245,3.595323583763093,0.3349657035084479,0.38120254411490934,0.07837715226402003,0.0,0.38120254411490934,-0.004825307532836942,0,0,0,2,0,0.0,0.2358490566037736,0.17932043919837168,0.2987759364458895,0.8378097441369489,0.4293301763536612,0.0,0.4716981132075472,0.014909598100328719
362,104,98.11320754716981,106,1,105,0,0,0.009433962264150943,0.8011987516378571,0.7848562190438683,0.1975111317104602,0.608083760342054,0.3649354631383338,0.9870244133286135,4.952830188679245,3.595323583763093,0.3336243892619837,0.46892666005892886,0.07037018886719945,0.0,0.46892666005892886,0.004198304801448505,0,1,0,0,0,0.0,0.2358490566037736,0.17797542014515738,0.30147643776429045,0.8302870915279559,0.43075709152004094,0.009433962264150943,0.49056603773584906,0.014937283180494944
363,103,97.16981132075472,106,1,105,0,0,0.009433962264150943,0.7950345455902736,0.7798972824116638,0.19593413607684734,0.6086359599116935,0.36607140130217536,1.0155003124980142,4.952830188679245,3.595323583763093,0.33321265216788243,0.2600712106357669,0.05632553492753123,0.0,0.2600712106357669,0.003603661740578079,0,1,0,0,0,0.0,0.2358490566037736,0.17711996398982455,0.28381621238134286,0.8209875930549466,0.43508835792064493,0.009433962264150943,0.49056603773584906,0.014916388830935368
364,104,98.11320754716981,106,0,106,0,0,0.0,0.7989891545493621,0.7837949658914398,0.19714327599972464,0.6092974999113598,0.3729572334879615,1.0281179882276843,4.952830188679245,3.595323583763093,0.33284589331134007,0.0,0.0,0.0,0.0,0.0,0,0,0,0,0,0.0,0.24528301886792453,0.17655109623394358,0.2805602965166786,0.8209875930549466,0.43931417776393766,0.0,0.49056603773584906,0.014948054127542826
365,104,98.11320754716981,106,0,106,0,0,0.0,0.8019504771752475,0.7863576397314177,0.2054833765948407,0.6100089645409571,0.36826613055035784,1.0232737890732193,4.952830188679245,3.595323583763093,0.33653308182139985,0.0,0.0,0.0,0.0,0.0,0,0,0,0,0,0.0,0.24528301886792453,0.18121637707624233,0.28173682477365786,0.8220779169550381,0.4437534109748371,0.0,0.49056603773584906,0.014975650468481275
366,104,98.11320754716981,106,0,106,0,0,0.0,0.8079611868948392,0.7921433082994687,0.211779856826378,0.6108612605201406,0.3677489211891998,1.0166567969490834,4.952830188679245,3.595323583763093,0.33829419630303215,0.0,0.0,0.0,0.0,0.0,0,0,0,0,0,0.0,0.25471698113207547,0.1832047472954604,0.27962182433836713,0.8432148306011025,0.44661858322908177,0.0,0.4528301886792453,0.015021025416250756
367,105,99.05660377358491,106,0,106,0,0,0.0,0.8106429711672397,0.7951306249547804,0.20971328254393012,0.611768836661165,0.36534952453933,0.9988595148976244,4.952830188679245,3.595323583763093,0.3361388806754022,0.0,0.0,0.0,0.0,0.0,0,0,0,0,0,0.0,0.20754716981132076,0.18056929388848847,0.2844147837428694,0.8403680892043559,0.4421596160344036,0.0,0.49056603773584906,0.015050749487132187
368,106,100.0,106,0,106,0,0,0.0,0.8119556841966366,0.7966648751115006,0.20510834382925167,0.6126879115093256,0.37290481202131714,1.0368445569681886,4.952830188679245,3.595323583763093,0.33250069872763843,0.0,0.0,0.0,0.0,0.0,0,0,0,0,0,0.0,0.19811320754716982,0.17701027700211053,0.2931570325662174,0.8351612111338297,0.4350651083967086,0.0,0.4528301886792453,0.01507383490966335
369,105,99.05660377358491,106,1,104,1,0,0.009433962264150943,0.8098032129487973,0.7949258830396557,0.19725664086619163,0.613524979817313,0.3785379306511149,1.0505146064278346,4.952830188679245,3.595323583763093,0.3290266178311212,0.6127995653017049,0.07580066490055701,1.0,0.3872004346982951,0.0031463831042633783,0,1,0,1,0,0.0,0.19811320754716982,0.17256126511089917,0.30072655770842993,0.8462066287516906,0.4287588441487333,0.009433962264150943,0.4528301886792453,0.015078120210568792
370,105,99.05660377358491,106,0,106,0,0,0.0,0.808712567436184,0.7938577121989806,0.20077600676744678,0.6143001743642331,0.3738089235613028,1.0343655372143683,4.952830188679245,3.595323583763093,0.3310934529042713,0.0,0.0,0.0,0.0,0.0,0,0,0,0,0,0.0,0.18867924528301888,0.17496200518265134,0.2963819094756607,0.8452724220791004,0.43521787019846814,0.0,0.4528301886792453,0.015086602359188458
371,105,99.05660377358491,106,0,106,0,0,0.0,0.818261383053469,0.8032733442809374,0.21013669757199946,0.61531831611143,0.3596349941639849,1.015730234090053,4.952830188679245,3.595323583763093,0.3334467297503576,0.0,0.0,0.0,0.0,0.0,0,0,0,0,0,0.0,0.19811320754716982,0.1777017698067145,0.28293566506593454,0.8462066287516906,0.4464023600642271,0.0,0.4528301886792453,0.015152649182451437
372,104,98.11320754716981,106,1,105,0,0,0.009433962264150943,0.8233280943240574,0.8071126587184256,0.2176212602634269,0.6164389831491104,0.36229775441845136,0.9917009071828312,4.952830188679245,3.595323583763093,0.336225980430531,0.48292896084391246,0.08394781911804777,0.0,0.48292896084391246,0.007900296145748109,0,1,0,0,0,0.0,0.19811320754716982,0.18090508135758085,0.274826212638991,0.8475088555253683,0.45083468952528194,0.009433962264150943,0.41509433962264153,0.01519812854195497
373,103,97.16981132075472,106,1,105,0,0,0.009433962264150943,0.8218313895226717,0.8048842450761393,0.2218227344437108,0.6174511661454175,0.3614142470427301,0.9911839605477295,4.952830188679245,3.595323583763093,0.3391643859454285,0.14802271172435874,0.07663578949433314,0.0,0.14802271172435874,-0.01929068622599628,0,1,0,0,0,0.0,0.20754716981132076,0.18457597628237865,0.2986394154339281,0.8436574117266908,0.44779506220003606,0.009433962264150943,0.4528301886792453,0.015208840644936576
374,104,98.11320754716981,106,0,104,2,0,0.0,0.8204496400442517,0.8039320923608816,0.22061965268744735,0.618374966842044,0.3649615786460958,0.9934011639809172,4.952830188679245,3.595323583763093,0.33754016969472134,0.42221132023362073,0.07620329528368724,0.5,0.3418363029429643,-0.015312487169249628,0,0,0,2,0,0.0,0.20754716981132076,0.18278626548941115,0.29259656782312565,0.8397546210103229,0.448098246742607,0.0,0.41509433962264153,0.015218538709700864
375,104,98.11320754716981,106,0,103,3,0,0.0,0.8245229042137135,0.8078129855844952,0.22755156467999055,0.6193771784498208,0.36347514432655387,0.9951088747221861,4.952830188679245,3.595323583763093,0.3397344204228985,0.527657008295014,0.07903940734414204,0.6666666666666666,0.30475627719887993,-0.004623790776625891,0,0,0,3,0,0.0,0.19811320754716982,0.18563800605013428,0.2890372064179937,0.8194627835518247,0.4520867728110159,0.0,0.4528301886792453,0.01525692140569498
376,103,97.16981132075472,106,1,104,1,0,0.009433962264150943,0.8323119551022164,0.8172358024345793,0.23754968035561155,0.6205551240982237,0.3626461006922684,0.9831772780745115,4.952830188679245,3.595323583763093,0.3436055772612556,0.6385069280731368,0.08567928449165968,1.0,0.3614930719268632,-0.0046065903778439166,0,1,0,1,0,0.0,0.20754716981132076,0.18969545513111327,0.29309193707892106,0.8451004842240515,0.4573308788257218,0.009433962264150943,0.4339622641509434,0.015317042138987963
377,103,97.16981132075472,106,1,103,2,0,0.009433962264150943,0.8368330070709108,0.8233129420977251,0.23799877986501314,0.6218782002641137,0.36262360499824553,0.9863823351104507,4.952830188679245,3.595323583763093,0.343199951385589,0.611845184744686,0.08044075201333421,0.6666666666666666,0.31480137813392023,-0.005133207002351666,0,1,0,2,0,0.0,0.18867924528301888,0.18907159451521027,0.2958590622907069,0.842429415635767,0.45393415321163777,0.009433962264150943,0.4528301886792453,0.015363431833543132
378,102,96.22641509433963,106,2,103,0,1,0.018867924528301886,0.8410065213657154,0.8258253469144062,0.2444465350888985,0.6233177872586582,0.3556265351049075,0.9638326074103065,4.952830188679245,3.595323583763093,0.34797241588790984,0.4025277858499822,0.07782792309430574,0.3333333333333333,0.3015852372077566,-0.010347476237202002,0,3,0,0,0,0.0,0.20754716981132076,0.19363706857701096,0.2753641030848812,0.824770265314551,0.4603891696105186,0.018867924528301886,0.4716981132075472,0.015410178310378976
379,101,95.28301886792453,106,1,103,2,0,0.009433962264150943,0.840924431062671,0.8249194791655534,0.2410849610720271,0.6246541075619526,0.3545456864628039,0.9646034633302586,4.952830188679245,3.595323583763093,0.34838627083480556,0.3351427668846571,0.07847733859875342,0.3333333333333333,0.3217961580586672,-0.00812710933653558,1,0,0,2,0,0.0,0.19811320754716982,0.19342958874634497,0.2783675909907103,0.8201039963126856,0.45801297937703567,0.009433962264150943,0.4528301886792453,0.015433790378373235
380,101,95.28301886792453,106,1,104,1,0,0.009433962264150943,0.8473473736391838,0.8308616240003242,0.24216469149806033,0.6260972111285887,0.355336511404876,1.0099345328696852,4.952830188679245,3.595323583763093,0.348350982907754,0.5353087606837679,0.08657347367421413,0.5,0.15559469635087164,-0.003066413518695993,0,1,0,1,0,0.0,0.19811320754716982,0.19298029787610377,0.2841479928408673,0.8303660544563185,0.46157027258845673,0.009433962264150943,0.4528301886792453,0.015491847212690497
381,100,94.33962264150944,106,2,104,0,0,0.018867924528301886,0.8493748281142831,0.8321712470786068,0.23923861509945626,0.6275474443778886,0.3621370560283969,1.015110081384575,4.952830188679245,3.595323583763093,0.3471672944426474,0.38243804504144907,0.08493227864815796,0.5,0.31793443255045417,-0.004254388455473296,0,2,0,0,0,0.0,0.18867924528301888,0.1912211009469573,0.29840782883120004,0.8283576501945351,0.44925970343471894,0.018867924528301886,0.4339622641509434,0.015528054774081819
382,101,95.28301886792453,106,0,106,0,0,0.0,0.8585844746161924,0.8411113783406956,0.2610837007918026,0.6291776237118262,0.3527464601147184,0.9417433324540303,4.952830188679245,3.595323583763093,0.3525148167037966,0.0,0.0,0.0,0.0,0.0,0,0,0,0,0,0.0,0.18867924528301888,0.19875102189953792,0.28225964893810673,0.8283576501945351,0.4609061902080473,0.0,0.4339622641509434,0.01560340811761671
383,101,95.28301886792453,106,1,104,1,0,0.009433962264150943,0.8568385771094699,0.8384773123199599,0.25400308752607736,0.6307004834780624,0.3612649538790008,0.9642572036477649,4.952830188679245,3.595323583763093,0.35035539683871253,0.46497469101234756,0.06717650418051485,0.5,0.39216434156655766,0.005195278595552327,0,1,0,1,0,0.0,0.20754716981132076,0.19625322804401582,0.29220679585513987,0.8407265609897361,0.4556052213823227,0.009433962264150943,0.41509433962264153,0.015622054498244664
384,102,96.22641509433963,106,0,105,1,0,0.0,0.8574782223775236,0.8393562639758813,0.2582272405165919,0.632166819221082,0.35624915542850233,0.96103774596165,4.952830188679245,3.595323583763093,0.349298951290006,0.5243495583047744,0.07357973997462616,1.0,0.47565044169522563,0.0029120853891507203,0,0,0,1,0,0.0,0.2169811320754717,0.1962144745106953,0.2894761441425628,0.8537231600408904,0.45232828716337203,0.0,0.41509433962264153,0.015651612481977897
385,103,97.16981132075472,106,0,106,0,0,0.0,0.8606170622151118,0.8425790936009577,0.2613299788866864,0.6336731323721754,0.35510018062137527,0.9646942960794458,4.952830188679245,3.595323583763093,0.35075762066783156,0.0,0.0,0.0,0.0,0.0,0,0,0,0,0,0.0,0.2358490566037736,0.19769029678099428,0.29018797176716654,0.8410503755615151,0.4543441952205011,0.0,0.41509433962264153,0.01569438509714913
386,105,99.05660377358491,106,0,106,0,0,0.0,0.8674171707133803,0.8487411977647489,0.2658295532018732,0.6353025267587078,0.34900001539901615,0.960715418678307,4.952830188679245,3.595323583763093,0.3531009536872045,0.0,0.0,0.0,0.0,0.0,0,0,0,0,0,0.0,0.18867924528301888,0.19959060058053107,0.29084949970299706,0.8334163538015884,0.4552687942348931,0.0,0.41509433962264153,0.015757676639966228
387,104,98.11320754716981,106,1,105,0,0,0.009433962264150943,0.8688536260360569,0.8511196103366204,0.2705473275406742,0.6369129355161484,0.3481206560103319,0.9654936809215111,4.952830188679245,3.595323583763093,0.3536388541062898,0.5864168755228945,0.07587700936042763,1.0,0.41358312447710555,0.003021039105535306,1,0,0,0,0,0.0,0.22641509433962265,0.20076462752329208,0.28902343310859757,0.8315405124545849,0.45712476694918136,0.009433962264150943,0.39622641509433965,0.015793808619505235
388,105,99.05660377358491,106,0,106,0,0,0.0,0.8686570971997001,0.8509647523904489,0.2614316113685265,0.6384898036832624,0.3540550916820684,0.9627182539972047,4.952830188679245,3.595323583763093,0.3498013189071725,0.0,0.0,0.0,0.0,0.0,0,0,0,0,0,0.0,0.2169811320754717,0.19615775789749923,0.29663713746223086,0.8534970973810488,0.45253227048452316,0.0,0.39622641509433965,0.015821172731872002
389,105,99.05660377358491,106,0,106,0,0,0.0,0.8701786524641134,0.8523366953490426,0.26168161500039483,0.6400494389682764,0.35558568560512827,0.9440566416618379,4.952830188679245,3.595323583763093,0.34867905726221604,0.0,0.0,0.0,0.0,0.0,0,0,0,0,0,0.0,0.2169811320754717,0.1947212399603484,0.2959726592479206,0.8369792418133639,0.45121450609587965,0.0,0.39622641509433965,0.01585681747580547
390,105,99.05660377358491,106,0,106,0,0,0.0,0.8671187787049788,0.8493848222554466,0.2494836909493235,0.64146809680647,0.3660777112640177,0.9608875860805118,4.952830188679245,3.595323583763093,0.34279366594676897,0.0,0.0,0.0,0.0,0.0,0,0,0,0,0,0.0,0.18867924528301888,0.18824316685121492,0.30506698064415433,0.832588463351557,0.4420793114008711,0.0,0.39622641509433965,0.015867020776924538
391,105,99.05660377358491,106,0,106,0,0,0.0,0.8717931617098482,0.8537663456065548,0.2546550428748358,0.6429617732587305,0.361275539678801,0.9898821725238758,4.952830188679245,3.595323583763093,0.3427518800599749,0.0,0.0,0.0,0.0,0.0,0,0,0,0,0,0.0,0.18867924528301888,0.18915832352838,0.3094888300772931,0.8251716973782506,0.44106942420762324,0.0,0.4339622641509434,0.015917243942825503
392,106,100.0,106,0,106,0,0,0.0,0.8784790434106324,0.8601617097227029,0.2518063627423813,0.6445856944367061,0.3606780047022552,0.9928985554032815,4.952830188679245,3.595323583763093,0.34269915977968224,0.0,0.0,0.0,0.0,0.0,0,0,0,0,0,0.0,0.19811320754716982,0.18799251947053508,0.3223776720977014,0.8251716973782506,0.43993144651199767,0.0,0.4339622641509434,0.015979865961876165
393,106,100.0,106,0,106,0,0,0.0,0.8718867494289076,0.8534063173427013,0.2402415467439905,0.6459569278212571,0.37331598203288957,1.0107496833278096,4.952830188679245,3.595323583763093,0.3414086611323133,0.0,0.0,0.0,0.0,0.0,0,0,0,0,0,0.0,0.2169811320754717,0.18554201729581518,0.32443878690504246,0.8354861301108992,0.4325312658939559,0.0,0.4339622641509434,0.015971554630599138
394,105,99.05660377358491,106,1,105,0,0,0.009433962264150943,0.8772845152455438,0.8587868755733343,0.25246085790593625,0.6474242278595602,0.37375429507888364,1.009838677664475,4.952830188679245,3.595323583763093,0.34504976745023397,0.3428659447704375,0.06955233643016936,0.0,0.3428659447704375,0.0031942859056113826,0,1,0,0,0,0.0,0.19811320754716982,0.19017883492399118,0.3250509156219088,0.816987665112133,0.43800047284400867,0.009433962264150943,0.4339622641509434,0.016024920551843156
395,105,99.05660377358491,106,0,105,1,0,0.0,0.8780598504571179,0.8600166518153327,0.25011481752679604,0.6488835371139344,0.3697035173156338,0.9922399648535969,4.952830188679245,3.595323583763093,0.3432052044655507,0.6922421464806576,0.09096567248554097,1.0,0.3077578535193424,0.003297135262735562,0,0,0,1,0,0.0,0.20754716981132076,0.18760051118175575,0.3095490253147016,0.8358881432570203,0.4399737943257573,0.0,0.4339622641509434,0.016055030672792302
396,105,99.05660377358491,106,0,105,1,0,0.0,0.8861331000704882,0.8677993726795256,0.26010569912499376,0.650514230677477,0.36431376290740786,0.9534222703456371,4.952830188679245,3.595323583763093,0.3461569834336331,0.6661462802693848,0.09624440414977423,1.0,0.3338537197306152,0.0037085351012237644,0,0,0,1,0,0.0,0.2169811320754717,0.19105096514182068,0.3075952331937676,0.8361574220272292,0.4473401056250895,0.0,0.4339622641509434,0.01612471127599363
397,103,97.16981132075472,106,2,104,0,0,0.018867924528301886,0.8876473571904483,0.8710693789686793,0.2620736151500285,0.652128107717728,0.36283571739272885,0.9822015238864876,4.952830188679245,3.595323583763093,0.34585197256937095,0.5169063638488927,0.0695787682627676,0.5,0.3536846552609998,0.003615874752103662,0,2,0,0,0,0.0,0.20754716981132076,0.19101976204748874,0.31683064975399017,0.8406209977738073,0.43828245921988085,0.018867924528301886,0.4339622641509434,0.016161294612513973
398,103,97.16981132075472,106,0,106,0,0,0.0,0.8821406228159873,0.8658901261463157,0.24332219775158878,0.6535872335964561,0.37418028872304854,0.9547893570687628,4.952830188679245,3.595323583763093,0.3411773277480388,0.0,0.0,0.0,0.0,0.0,0,0,0,0,0,0.0,0.2169811320754717,0.18418157834118662,0.32862177657966474,0.8359605326734026,0.43260408344445717,0.0,0.4339622641509434,0.01615999108905902
399,103,97.16981132075472,106,1,105,0,0,0.009433962264150943,0.8915192714881788,0.8772454003507942,0.2601601180518882,0.6552579471067304,0.36442844656273515,0.9475990997565985,4.952830188679245,3.595323583763093,0.34668703343164364,0.695123713529163,0.0846031959867859,1.0,0.304876286470837,0.009454586973985935,0,1,0,0,0,0.0,0.22641509433962265,0.19084499937960647,0.3347231546472083,0.8502732339084105,0.44073778746120285,0.009433962264150943,0.41509433962264153,0.01623691811084598
400,102,96.22641509433963,106,1,99,2,4,0.009433962264150943,0.8887863320765947,0.8738744216032294,0.2413054240347982,0.656851041323005,0.3831443252812307,1.0172673893203645,4.952830188679245,3.595323583763093,0.34139691852408993,0.6314558661798712,0.10168552601151301,0.7142857142857143,0.31416749944908073,-0.0010928378262843002,1,4,0,2,0,0.14285714285714285,0.24528301886792453,0.18395469326717853,0.37723871080055127,0.8348685227337548,0.42199126668734566,0.009433962264150943,0.4528301886792453,0.016251891859822704
401,100,94.33962264150944,106,2,103,1,0,0.018867924528301886,0.8937520701062105,0.8800549471242984,0.24819110218829013,0.6585118360345817,0.37709757786555315,1.008704392812427,4.952830188679245,3.595323583763093,0.3445621693137919,0.5512695493538319,0.08184101386256683,0.6666666666666666,0.3112278446077902,-0.0003584867374134548,0,2,0,1,0,0.0,0.2358490566037736,0.187132988638077,0.3790735094673805,0.8293984429575358,0.4289574532462718,0.018867924528301886,0.49056603773584906,0.01630657602194239
402,102,96.22641509433963,106,0,106,0,0,0.0,0.8991463204392351,0.8854909444686954,0.2587254038141554,0.6603052164986147,0.372458429587755,0.9999814047946332,4.952830188679245,3.595323583763093,0.3490683953586269,0.0,0.0,0.0,0.0,0.0,0,0,0,0,0,0.0,0.24528301886792453,0.1918336430251845,0.3720996639511765,0.8404485948447856,0.4372773615751039,0.0,0.4528301886792453,0.0163657861889925
403,100,94.33962264150944,106,2,103,1,0,0.018867924528301886,0.8946824157462353,0.8801254333959847,0.2531727211316889,0.6619226343762497,0.3734392236035661,0.9640660015790546,4.952830188679245,3.595323583763093,0.3477834193351337,0.4260650639236457,0.07743925605665936,0.3333333333333333,0.3429239688746552,0.0008168809675822749,0,2,0,1,0,0.0,0.24528301886792453,0.1905428847936776,0.368822468809344,0.8425047392936797,0.443241184422602,0.018867924528301886,0.5094339622641509,0.016372542368728805
404,101,95.28301886792453,106,0,106,0,0,0.0,0.8866409961252082,0.8719737544708787,0.24554685464827522,0.6632045962272272,0.37668386519309804,0.9843948898981634,4.952830188679245,3.595323583763093,0.347517845748351,0.0,0.0,0.0,0.0,0.0,0,0,0,0,0,0.0,0.25471698113207547,0.1902194409344598,0.37793743860886914,0.8308339125615283,0.43748776868268796,0.0,0.5094339622641509,0.01635538060900519
405,102,96.22641509433963,106,0,106,0,0,0.0,0.8912177346461052,0.8765910402036675,0.2443191240669542,0.6645732724917462,0.3751806062977924,1.006675311773756,4.952830188679245,3.595323583763093,0.34714825437460983,0.0,0.0,0.0,0.0,0.0,0,0,0,0,0,0.0,0.25471698113207547,0.18938547814737042,0.3816470267679741,0.8427346122631192,0.43908662710748014,0.0,0.5094339622641509,0.016402868471871484
406,104,98.11320754716981,106,0,106,0,0,0.0,0.8924275442066478,0.8777876596703232,0.24834717962442757,0.6659271582892557,0.3734901764669425,0.9683376885529958,4.952830188679245,3.595323583763093,0.3483815346114971,0.0,0.0,0.0,0.0,0.0,0,0,0,0,0,0.0,0.25471698113207547,0.19118993625824451,0.3881171331389383,0.8427346122631192,0.43993093112477055,0.0,0.5094339622641509,0.016433255807361737
407,102,96.22641509433963,106,2,104,0,0,0.018867924528301886,0.8959699948530361,0.8836424455748184,0.2691595978135557,0.6673289554358098,0.36638904604786593,0.9523298446956551,4.952830188679245,3.595323583763093,0.35442505050511786,0.7094632762048433,0.0830361697074181,1.0,0.2905367237951567,0.011952235667607225,0,2,0,0,0,0.0,0.2641509433962264,0.19875542354051018,0.3621474392765363,0.8148977213733595,0.4484296976923779,0.018867924528301886,0.5283018867924528,0.016476167632296968
408,103,97.16981132075472,106,1,92,2,11,0.009433962264150943,0.8951767560191837,0.8809581739186723,0.27155450540167797,0.6687367597421051,0.3692916306885982,0.9515317326914368,4.952830188679245,3.595323583763093,0.3567719733752561,0.877290469607977,0.09382218537906994,1.0,0.12270953039202297,0.011115624138795997,1,11,0,2,0,0.6428571428571429,0.27358490566037735,0.20161719823043597,0.3663857924891065,0.8333475032186428,0.4556589670108826,0.009433962264150943,0.5094339622641509,0.016497508998246438
409,102,96.22641509433963,106,1,104,1,0,0.009433962264150943,0.9010600505346053,0.8865732331804752,0.2970094761685433,0.6701928460057016,0.36257539882782963,0.9487621401613191,4.952830188679245,3.595323583763093,0.3616109558682392,0.7592027399027843,0.0756651805940538,1.0,0.24079726009721564,0.014909190157131616,0,1,0,1,0,0.5,0.2641509433962264,0.20950412553401224,0.3393646219232035,0.8427872215951575,0.4650931749405371,0.009433962264150943,0.4716981132075472,0.016553100977241057
410,102,96.22641509433963,106,0,104,2,0,0.0,0.9000481536913273,0.8857393894840538,0.30064491468252813,0.6715734022852052,0.3567936694609585,0.9427864766898937,4.952830188679245,3.595323583763093,0.363125270485847,0.5455542703317817,0.08879692106133172,1.0,0.4544457296682183,0.005678177154846004,0,0,0,2,0,0.0,0.2641509433962264,0.21120971421805268,0.3369069352777859,0.8359430033778052,0.4703167414526457,0.0,0.4716981132075472,0.016572859225776723
411,100,94.33962264150944,106,2,104,0,0,0.018867924528301886,0.8997038409123773,0.8870527387313591,0.2915026025024574,0.6728903032478967,0.3622289460366794,0.9527994004529008,4.952830188679245,3.595323583763093,0.360681150256724,0.562339323532185,0.08677610880041578,1.0,0.4376606764678151,0.007132143911882494,0,2,0,0,0,0.0,0.25471698113207547,0.2079767332680622,0.3480244652892475,0.8330825675407176,0.4632153117635328,0.018867924528301886,0.49056603773584906,0.016594811087325197
412,101,95.28301886792453,106,1,96,3,6,0.009433962264150943,0.8950704005312453,0.8794916649739614,0.2919297751082815,0.6740817635838393,0.37005063293157703,1.0182161468800601,4.952830188679245,3.595323583763093,0.3613105515782895,0.6332257878825952,0.10563441381458885,0.7,0.30101101090141186,-0.0016250573202616636,1,6,0,3,0,0.0,0.27358490566037735,0.2107746862730429,0.38563095097199596,0.8134163481618782,0.45122888911450953,0.009433962264150943,0.5471698113207547,0.016593062312644204
413,99,93.39622641509433,106,3,102,1,0,0.02830188679245283,0.9039601750737839,0.8863002613306722,0.2994358090940846,0.6753934904192448,0.3676493564715533,1.016221551919569,4.952830188679245,3.595323583763093,0.3641791491536104,0.49556876620826873,0.06943362089043187,0.5,0.4454544020888151,0.0010824838126740274,1,2,0,1,0,0.0,0.2641509433962264,0.21406061678451294,0.3894764757352807,0.8129052620652798,0.4567850247818778,0.02830188679245283,0.5471698113207547,0.016661091597490837
414,99,93.39622641509433,106,1,104,1,0,0.009433962264150943,0.9053319965922696,0.8874105081573022,0.28922244146622067,0.676646380428627,0.36287624271486735,1.0080439913089725,4.952830188679245,3.595323583763093,0.365179376188826,0.522920900728585,0.08752356234041363,0.5,0.47002059836477517,-0.005534245879011829,0,1,0,1,0,0.0,0.27358490566037735,0.21280856329110376,0.4033199411994327,0.8131235847617203,0.46078443162417415,0.009433962264150943,0.5660377358490566,0.01669047343007623
415,98,92.45283018867924,106,1,105,0,0,0.009433962264150943,0.9055711377956897,0.8866564951380728,0.2892602030061753,0.6778585225008126,0.36652578042855755,1.0136638903410187,4.952830188679245,3.595323583763093,0.3644425031460814,0.5733519924935954,0.10758565757287133,1.0,0.42664800750640464,-0.0019303201099517553,0,1,0,0,0,0.0,0.25471698113207547,0.21219047609323186,0.39592517550663203,0.8055916983610433,0.459716692290754,0.009433962264150943,0.6037735849056604,0.016713459350988332
416,100,94.33962264150944,106,0,105,1,0,0.0,0.9182788181306638,0.8993595178152857,0.3008196294603593,0.6793552230542576,0.36156968770520603,0.998663896857636,4.952830188679245,3.595323583763093,0.3667164000836085,0.7506953481547778,0.09238073580064969,1.0,0.2493046518452222,0.003098287589424764,0,0,0,1,0,0.0,0.2641509433962264,0.21443935947261608,0.3847491098955839,0.8228777211429912,0.4669997579887128,0.0,0.5660377358490566,0.016803903366651364
417,99,93.39622641509433,106,2,104,0,0,0.018867924528301886,0.9173116687418793,0.8956745967482873,0.29315809337311144,0.6807678327124572,0.37572926761445163,1.0223231542379156,4.952830188679245,3.595323583763093,0.36475187673736564,0.7960526779144785,0.10261777497788499,1.0,0.20394732208552147,0.00251052081165945,0,2,0,0,0,0.5,0.2641509433962264,0.21194989653646712,0.3897434991120829,0.8243423638212775,0.456164464981768,0.018867924528301886,0.5660377358490566,0.016824461563801324
418,102,96.22641509433963,106,0,106,0,0,0.0,0.9093419449599006,0.8878988461861801,0.2848530930700637,0.6818302955657869,0.3813281905453052,1.0296882498889701,4.952830188679245,3.595323583763093,0.362018419634075,0.0,0.0,0.0,0.0,0.0,0,0,0,0,0,0.0,0.27358490566037735,0.2091672537745393,0.38581882552080743,0.8111521787107399,0.4539105506412928,0.0,0.6037735849056604,0.01680371243365867
419,103,97.16981132075472,106,0,106,0,0,0.0,0.9099781977097025,0.8883410425605665,0.2916287589310065,0.6828672781540103,0.3778596259804201,1.0161999732804359,4.952830188679245,3.595323583763093,0.36590869218751076,0.0,0.0,0.0,0.0,0.0,0,0,0,0,0,0.0,0.25471698113207547,0.21342470582393525,0.38909337417340467,0.8083353357041422,0.4588535875127882,0.0,0.6037735849056604,0.016825535137184638
420,102,96.22641509433963,106,2,104,0,0,0.018867924528301886,0.9021977524900066,0.8845175539243243,0.27830017562354425,0.6836529820383829,0.38518801898425375,1.0176350320889485,4.952830188679245,3.595323583763093,0.3620105295330738,0.5010173060839154,0.06401985445077252,0.5,0.41031560748814144,0.011307721539946636,0,2,0,0,0,0.0,0.27358490566037735,0.2085015668985588,0.4047822891570013,0.8107897109436107,0.4483344548929868,0.018867924528301886,0.6037735849056604,0.016800757209612854
421,101,95.28301886792453,106,1,103,2,0,0.009433962264150943,0.9057574422862545,0.8855564383403276,0.2683807100407343,0.6846144829117939,0.3915167261853431,1.0660211586164188,4.952830188679245,3.595323583763093,0.35881817415222117,0.6063071706861101,0.09157829967028926,1.0,0.39369282931388994,0.0020326929666662865,0,1,0,2,0,0.0,0.2641509433962264,0.20438497036609957,0.41630133579123435,0.7948371450332224,0.44169359755959237,0.009433962264150943,0.6226415094339622,0.016835840192424012
422,103,97.16981132075472,106,0,106,0,0,0.0,0.911466271590614,0.8909780865146318,0.28206361835180505,0.6856272131663057,0.3882667482415802,1.0452030640516126,4.952830188679245,3.595323583763093,0.3630639709236947,0.0,0.0,0.0,0.0,0.0,0,0,0,0,0,0.0,0.2641509433962264,0.20955021884859398,0.4013775176883817,0.7952534251418348,0.4499738244200748,0.0,0.6226415094339622,0.016882589803785993
423,103,97.16981132075472,106,0,106,0,0,0.0,0.9092312233562904,0.8886802754818115,0.28456354141007456,0.6865374414975587,0.388945135316927,1.047041869085924,4.952830188679245,3.595323583763093,0.3629762759279742,0.0,0.0,0.0,0.0,0.0,0,0,0,0,0,0.0,0.27358490566037735,0.20994842732742494,0.38842567239989,0.7952534251418348,0.45188633085770863,0.0,0.6226415094339622,0.016887777389544188
424,103,97.16981132075472,106,0,106,0,0,0.0,0.9051234928575758,0.8845771066549324,0.28124745305624316,0.6872969264177404,0.3903542893936233,1.0596334273570178,4.952830188679245,3.595323583763093,0.36131805146414253,0.0,0.0,0.0,0.0,0.0,0,0,0,0,0,0.0,0.25471698113207547,0.2080724335655427,0.38007047595081284,0.793100107797881,0.45268624955848996,0.0,0.6226415094339622,0.016880891707275827
425,105,99.05660377358491,106,0,105,1,0,0.0,0.896084696180722,0.8753991131994563,0.27512760659709545,0.6877651225468949,0.3925426950688511,1.0277050731054331,4.952830188679245,3.595323583763093,0.36022184167020543,0.5345363368458904,0.08003801133498215,1.0,0.4654636631541096,0.005593078097230253,0,0,0,1,0,0.0,0.2641509433962264,0.20714644751479228,0.37866177351719443,0.7887042268145297,0.4528200021737979,0.0,0.6226415094339622,0.016844114306816437
426,106,100.0,106,0,105,1,0,0.0,0.8896762459575981,0.8695829522636259,0.2598807581545339,0.6880491976655632,0.40511675878525855,1.0916941372322932,4.952830188679245,3.595323583763093,0.3555624317540147,0.5434035944164,0.08064815706884487,1.0,0.45659640558360004,0.006374888373091359,0,0,0,1,0,0.0,0.2641509433962264,0.20120405043453263,0.3886464196780568,0.7952534251418348,0.44542755160002195,0.0,0.6226415094339622,0.016817178765569357
427,105,99.05660377358491,106,1,105,0,0,0.009433962264150943,0.8894536478339239,0.8683571638430785,0.25634298443549497,0.6883203397433246,0.41172703680030664,1.106201833202494,4.952830188679245,3.595323583763093,0.35348991517166084,0.5851857697453607,0.08403909559144637,1.0,0.41481423025463926,0.006050575801724856,0,1,0,0,0,0.0,0.25471698113207547,0.19908686550709,0.3938453272188301,0.7933268042416708,0.4438041912133152,0.009433962264150943,0.6226415094339622,0.01682093999248462
428,105,99.05660377358491,106,0,105,1,0,0.0,0.8872944471586803,0.8667661266837339,0.2503780483404925,0.6885034338116788,0.4117739281521186,1.1124884393381962,4.952830188679245,3.595323583763093,0.35007969125104976,0.42454902555992113,0.07796038641889366,0.0,0.42454902555992113,0.0005258096918948629,0,0,0,1,0,0.0,0.25471698113207547,0.195327156125589,0.38767696906736715,0.7958525471811255,0.4425293852160437,0.0,0.6226415094339622,0.016813435401218404
429,104,98.11320754716981,106,1,105,0,0,0.009433962264150943,0.8884822101644164,0.8677213897986964,0.2611093181108478,0.6887019167875471,0.4011056466608163,1.1037146481896278,4.952830188679245,3.595323583763093,0.35637828269818783,0.6712109263891728,0.09584183970752769,1.0,0.3287890736108272,-0.00026076936440266874,0,1,0,0,0,0.0,0.25471698113207547,0.2024645555280648,0.38952044809258435,0.8013047513193078,0.44924441573214474,0.009433962264150943,0.6226415094339622,0.016822942268867658
430,104,98.11320754716981,106,0,106,0,0,0.0,0.8881616620827015,0.8673818709395004,0.25954607244853695,0.6888890023251948,0.4031698865883749,1.1082889611258675,4.952830188679245,3.595323583763093,0.356431559873593,0.0,0.0,0.0,0.0,0.0,0,0,0,0,0,0.0,0.2641509433962264,0.20215100124899815,0.3917226819297101,0.8013047513193078,0.4497875367412631,0.0,0.6226415094339622,0.016824702693687514
431,104,98.11320754716981,106,0,106,0,0,0.0,0.8899719459844835,0.8692918084559511,0.25744069258016766,0.6891242962795566,0.3988428652699411,1.1012601688340147,4.952830188679245,3.595323583763093,0.35393795779618675,0.0,0.0,0.0,0.0,0.0,0,0,0,0,0,0.0,0.2830188679245283,0.1993669104148858,0.3911373370934366,0.8013047513193078,0.44755964651199154,0.0,0.6226415094339622,0.016837983902712593
432,105,99.05660377358491,106,0,106,0,0,0.0,0.8887676167431837,0.8683798676050658,0.2569852086067055,0.6893249008753007,0.39483830874355236,1.0914130577006984,4.952830188679245,3.595323583763093,0.35253471434332484,0.0,0.0,0.0,0.0,0.0,0,0,0,0,0,0.0,0.2830188679245283,0.1980806375223819,0.3857039992780877,0.7994609130856198,0.44839470757672995,0.0,0.6226415094339622,0.016835568448676546
433,105,99.05660377358491,106,0,106,0,0,0.0,0.8952888592359993,0.87469283746303,0.2576412150472963,0.6896998704420154,0.3960896278979672,1.0840283079344044,4.952830188679245,3.595323583763093,0.3514095603648977,0.0,0.0,0.0,0.0,0.0,0,0,0,0,0,0.0,0.27358490566037735,0.19713700476016174,0.3970651339916692,0.8019860611133593,0.4472118034538039,0.0,0.6226415094339622,0.016874915345772637
434,105,99.05660377358491,106,1,104,1,0,0.009433962264150943,0.8976238268277611,0.8766064781397946,0.27045109673251977,0.6901197129877162,0.39455967358009497,1.073495953243754,4.952830188679245,3.595323583763093,0.3525982049486236,0.5738654656004939,0.07440466051667782,1.0,0.4261345343995061,0.0038020126391080655,0,1,0,1,0,0.0,0.2830188679245283,0.20053361746067574,0.3882383449962673,0.8148253729460926,0.4506646000485591,0.009433962264150943,0.5849056603773586,0.01689413753276157
435,105,99.05660377358491,106,0,106,0,0,0.0,0.9061086515418465,0.8848662836814684,0.2824844965928557,0.6907587211360451,0.3936392846479492,1.0710843730550865,4.952830188679245,3.595323583763093,0.35381597990333247,0.0,0.0,0.0,0.0,0.0,0,0,0,0,0,0.0,0.2641509433962264,0.20328384220096837,0.3808379244689624,0.8015440597088501,0.4527128835025006,0.0,0.6226415094339622,0.016948048861661517
436,105,99.05660377358491,106,0,105,1,0,0.0,0.9104476375268662,0.8893791550552043,0.2928170536173887,0.6915045567367586,0.3879216607390284,1.057778056574302,4.952830188679245,3.595323583763093,0.35682794520884786,0.40357476308215,0.05918956102105109,0.0,0.40357476308215,0.0015764179380281795,0,0,0,1,0,0.0,0.27358490566037735,0.20667322990001935,0.3636581786432899,0.851968219851744,0.4626291230087443,0.0,0.5094339622641509,0.01698315139321089
437,105,99.05660377358491,106,0,106,0,0,0.0,0.9067460698237221,0.8864145598862647,0.2797297680394643,0.692138307702806,0.39532621979829713,1.0725375484273925,4.952830188679245,3.595323583763093,0.3534915121721691,0.0,0.0,0.0,0.0,0.0,0,0,0,0,0,0.0,0.2641509433962264,0.20141328692544627,0.3670971469916614,0.8347889206876747,0.4585054699024744,0.0,0.5094339622641509,0.016976036253667486
438,105,99.05660377358491,106,0,106,0,0,0.0,0.9082631233079078,0.8876677602855922,0.27700392973691346,0.6927853185585159,0.3993616799538557,1.0843156467683572,4.952830188679245,3.595323583763093,0.35323484571532626,0.0,0.0,0.0,0.0,0.0,0,0,0,0,0,0.0,0.27358490566037735,0.20056223453840907,0.3698361629882294,0.8502038821308633,0.4573131378809553,0.0,0.5094339622641509,0.016995252588030835
439,106,100.0,106,0,106,0,0,0.0,0.9097900056539495,0.8889475875905833,0.28287899276878004,0.693445878426683,0.3925134397404112,1.0637841395038299,4.952830188679245,3.595323583763093,0.3547247167012375,0.0,0.0,0.0,0.0,0.0,0,0,0,0,0,0.0,0.2830188679245283,0.2026826805885887,0.37097230061994885,0.8502038821308633,0.45847170803659776,0.0,0.5094339622641509,0.01701476163212359
440,106,100.0,106,0,106,0,0,0.0,0.9159016816365423,0.8951613046721781,0.2808326918532684,0.6942614116186556,0.3951638519057244,1.0608917183678501,4.952830188679245,3.595323583763093,0.35421658082346985,0.0,0.0,0.0,0.0,0.0,0,0,0,0,0,0.0,0.2830188679245283,0.20107408852477407,0.37801919450346083,0.8576695195240291,0.45605476021510805,0.0,0.5094339622641509,0.017059980540628756
441,106,100.0,106,0,106,0,0,0.0,0.9203954303883801,0.8996428074396097,0.28370144925652363,0.6951765233741672,0.3969870738338111,1.0710190204685002,4.952830188679245,3.595323583763093,0.351677920492641,0.0,0.0,0.0,0.0,0.0,0,0,0,0,0,0.0,0.27358490566037735,0.1988373973760848,0.36413076068323325,0.8475455860873062,0.4526654339232601,0.0,0.5471698113207548,0.017098899898769795
442,106,100.0,106,0,106,0,0,0.0,0.9241687109788582,0.9026337286988111,0.30270769182248236,0.6961447605388383,0.3986363953338151,1.0692858701459809,4.952830188679245,3.595323583763093,0.35595056856623764,0.0,0.0,0.0,0.0,0.0,0,0,0,0,0,0.0,0.29245283018867924,0.20573694436831363,0.3630235692789668,0.8446160167034868,0.4566351604549632,0.0,0.5471698113207548,0.017135171931286275
443,106,100.0,106,0,105,1,0,0.0,0.927198376112294,0.90541120329883,0.30922452453621874,0.6971580738038431,0.3967967014551871,1.0645290286851714,4.952830188679245,3.595323583763093,0.35952096394630173,0.3318207617676527,0.06710093288989986,0.0,0.3318207617676527,0.002124352610223479,0,0,1,0,0,0.0,0.2830188679245283,0.20969609786171015,0.3640735745747237,0.8446160167034868,0.460529411002683,0.0,0.5471698113207548,0.01716853620235051
444,106,100.0,106,0,106,0,0,0.0,0.9163877223457922,0.8955032174163848,0.2889324653230265,0.697849975855568,0.40246123754294016,1.0831473468565858,4.952830188679245,3.595323583763093,0.3561469441598897,0.0,0.0,0.0,0.0,0.0,0,0,0,0,0,0.0,0.2830188679245283,0.20404317643601017,0.3620518734168957,0.8441610955037507,0.4580078361279392,0.0,0.5471698113207547,0.017126920992339104
445,106,100.0,106,0,105,1,0,0.0,0.9099787008304565,0.889489975628198,0.28067847006779695,0.698344045389523,0.4015856098981762,1.0895447720341513,4.952830188679245,3.595323583763093,0.3536912506633163,0.3617409841671526,0.06748703115476343,0.0,0.3617409841671526,0.0028000127948487052,0,0,0,1,0,0.0,0.29245283018867924,0.20102608945407016,0.364757589391836,0.8526673208592528,0.4590535643654073,0.0,0.5094339622641509,0.017103757583999662
446,106,100.0,106,0,106,0,0,0.0,0.9134968149401523,0.8927849111858849,0.2917388684175951,0.6989151224011438,0.39735728283809374,1.0930310501491807,4.952830188679245,3.595323583763093,0.35449217424644996,0.0,0.0,0.0,0.0,0.0,0,0,0,0,0,0.0,0.2830188679245283,0.2031953304894928,0.3503498035096394,0.8532520161014211,0.4585062592281862,0.0,0.5094339622641509,0.017131614187788267
447,105,99.05660377358491,106,1,105,0,0,0.009433962264150943,0.9137699492282138,0.891488706177656,0.2958227544557352,0.6994655746251569,0.39447303445888693,1.0755636927296797,4.952830188679245,3.595323583763093,0.3549222566770389,0.6102830644257596,0.09635064156403628,1.0,0.38971693557424036,0.0070681909832339684,0,1,0,0,0,0.0,0.2641509433962264,0.20430051550817266,0.339809830442009,0.8587591438561855,0.45674445005842174,0.009433962264150943,0.4716981132075472,0.01714287512854222
448,104,98.11320754716981,106,1,104,1,0,0.009433962264150943,0.9143160884162304,0.8913405571951621,0.2917599935191957,0.6999693780700667,0.4030216417141181,1.089724564772436,4.952830188679245,3.595323583763093,0.35098406568075013,0.450138595832447,0.0688077202402771,0.5,0.4006039938671119,0.001480969015463976,0,1,0,1,0,0.0,0.27358490566037735,0.2006678428411434,0.34087184646039126,0.8587591438561855,0.45087864172391046,0.009433962264150943,0.4716981132075472,0.017154662506517628
449,102,96.22641509433963,106,2,104,0,0,0.018867924528301886,0.9166217018079463,0.8937556793854529,0.3035932227606969,0.7004960564613305,0.39461551176503923,1.070005947074755,4.952830188679245,3.595323583763093,0.3558915951858752,0.5537081496062594,0.06686854637807085,0.5,0.2516550329945987,0.007526551077253862,0,2,0,0,0,0.0,0.2830188679245283,0.20681157237089953,0.35135882897722165,0.8259990823710296,0.45066592133854133,0.018867924528301886,0.5283018867924528,0.017175658469682057
450,101,95.28301886792453,106,1,105,0,0,0.009433962264150943,0.91512527399467,0.8907707531788819,0.30325837787890975,0.7009721132065746,0.39494793425672114,1.0773904132245262,4.952830188679245,3.595323583763093,0.35565802138784397,0.99270193292278,0.10822050380519517,1.0,0.007298067077220027,0.005884838442802354,0,1,0,0,0,1.0,0.29245283018867924,0.20702983979609552,0.34496718990053094,0.8201590354599329,0.45199184230047956,0.009433962264150943,0.5471698113207547,0.0171767342208326
451,101,95.28301886792453,106,0,105,1,0,0.0,0.9117181767193716,0.8875758080289131,0.29863012807649186,0.7012988753847277,0.3968281283279096,1.0825270630322419,4.952830188679245,3.595323583763093,0.3546590104575864,0.36687048907773373,0.06677768082294222,0.0,0.36687048907773373,-2.9821587545053596e-05,0,0,0,1,0,0.0,0.3113207547169811,0.20599376022564408,0.3511824984108711,0.8179357014699417,0.45059419016926716,0.0,0.5471698113207547,0.017165572813283087
452,101,95.28301886792453,106,1,105,0,0,0.009433962264150943,0.9086019364434502,0.8865412774163778,0.30494621376106906,0.7015291881916291,0.39740781627324223,1.0882979972540805,4.952830188679245,3.595323583763093,0.3577312586202748,0.9246580195910791,0.09635118230520792,1.0,0.07534198040892093,0.004252588935910573,0,1,0,0,0,0.0,0.25471698113207547,0.20969944829479786,0.3466194977963803,0.8210745175201809,0.45652944407244844,0.009433962264150943,0.5660377358490566,0.017154131857234956
453,101,95.28301886792453,106,1,103,2,0,0.009433962264150943,0.908987219870478,0.8853325502997148,0.31002435409202206,0.7018056426462682,0.41016797231167085,1.1046242764480259,4.952830188679245,3.595323583763093,0.3589248478441962,0.4396144457199163,0.10281412681808377,0.6666666666666666,0.32646239055874493,-0.01630326558695259,0,1,2,0,0,0.0,0.2641509433962264,0.212623390675255,0.35123391444352875,0.812557605352325,0.4536997031442143,0.009433962264150943,0.5471698113207547,0.017161027990473098
454,103,97.16981132075472,106,0,106,0,0,0.0,0.9116702106609643,0.8884357332959714,0.30800863108252363,0.7021271704206419,0.40184792287541343,1.1002731025468437,4.952830188679245,3.595323583763093,0.3570411883582667,0.0,0.0,0.0,0.0,0.0,0,0,0,0,0,0.0,0.29245283018867924,0.20985066666185107,0.34426881955930705,0.7954439248304349,0.45273932574475734,0.0,0.5849056603773585,0.01718022292637573
455,104,98.11320754716981,106,0,106,0,0,0.0,0.9113746755552271,0.8876298630180662,0.3241795683819538,0.7024139593157901,0.3937614810359377,1.085556512121992,4.952830188679245,3.595323583763093,0.36094471988248444,0.0,0.0,0.0,0.0,0.0,0,0,0,0,0,0.0,0.2830188679245283,0.21634024840697982,0.3372943507210627,0.8027252066608641,0.45614781841479535,0.0,0.5849056603773585,0.017183900745238484
456,104,98.11320754716981,106,0,106,0,0,0.0,0.9060270081474519,0.8823634971151697,0.32480832178943136,0.7025389629059041,0.3950829527579203,1.0936057714785488,4.952830188679245,3.595323583763093,0.3608665192202807,0.0,0.0,0.0,0.0,0.0,0,0,0,0,0,0.0,0.2830188679245283,0.21728235033577054,0.34147805991436286,0.801157898321371,0.45167926020489824,0.0,0.5849056603773585,0.017159409549977567
457,105,99.05660377358491,106,0,106,0,0,0.0,0.913087535778231,0.8891780067779289,0.3410644059706812,0.7028554751508808,0.39195805320864285,1.0911367230172124,4.952830188679245,3.595323583763093,0.3620162062830896,0.0,0.0,0.0,0.0,0.0,0,0,0,0,0,0.0,0.2830188679245283,0.22096737016783133,0.34298651585825646,0.819744587600495,0.45404391381014825,0.0,0.5471698113207548,0.017200402007826035
458,106,100.0,106,0,106,0,0,0.0,0.9197125246923836,0.8961367018833537,0.3376724614345014,0.703360757841466,0.37930915822160954,1.069281909557244,4.952830188679245,3.595323583763093,0.36401929594517646,0.0,0.0,0.0,0.0,0.0,0,0,0,0,0,0.0,0.27358490566037735,0.2205253550779116,0.344831541351172,0.819744587600495,0.4606877616009897,0.0,0.5471698113207548,0.01724261022626644
459,106,100.0,106,0,105,1,0,0.0,0.9181835531203412,0.8944949313433121,0.3315188092809043,0.7038006524135784,0.3809047218401491,1.0764253928938698,4.952830188679245,3.595323583763093,0.36440721564979883,0.5509001931537839,0.08121799479034121,1.0,0.4490998068462161,0.006040035322186388,0,0,0,1,0,0.0,0.2641509433962264,0.22002817961222654,0.35881399032858985,0.7989696760030561,0.45712111276877404,0.0,0.5471698113207548,0.017242873185053655
460,106,100.0,106,0,106,0,0,0.0,0.9076532821982546,0.8846656248674685,0.3126337424427612,0.7039420150533187,0.3837501042404201,1.078710713475434,4.952830188679245,3.595323583763093,0.36049029670040755,0.0,0.0,0.0,0.0,0.0,0,0,0,0,0,0.0,0.25471698113207547,0.2140712092688741,0.35267911673669855,0.7809067275204674,0.4568789384096768,0.0,0.5849056603773585,0.01719276305260583
461,105,99.05660377358491,106,1,105,0,0,0.009433962264150943,0.9075349372521834,0.8845076990485398,0.31162447408195587,0.7040833255605419,0.3936259700031435,1.0958305781279423,4.952830188679245,3.595323583763093,0.35607609321248757,0.9650859005730349,0.09731936298905433,1.0,0.034914099426965106,0.006084589914542526,0,1,0,0,0,1.0,0.2641509433962264,0.2107939186586081,0.3437132749507617,0.7877418015183111,0.45105972010109824,0.009433962264150943,0.5849056603773585,0.017194711612871737
462,105,99.05660377358491,106,0,106,0,0,0.0,0.9093245222243397,0.8863779483147091,0.3151434588101397,0.7042637760409476,0.3844066863129441,1.0813760193365962,4.952830188679245,3.595323583763093,0.35853786275386823,0.0,0.0,0.0,0.0,0.0,0,0,0,0,0,0.0,0.27358490566037735,0.21291336743874445,0.3401118596570809,0.7809067275204674,0.4553890568020944,0.0,0.5849056603773585,0.01720690342707204
463,105,99.05660377358491,106,0,106,0,0,0.0,0.9117909846666605,0.8889044857591,0.31858148633667416,0.7045104084999468,0.3868601524417353,1.0812853251702457,4.952830188679245,3.595323583763093,0.35659014026941094,0.0,0.0,0.0,0.0,0.0,0,0,0,0,0,0.0,0.25471698113207547,0.21176127613775603,0.3272215721899453,0.7711733633500247,0.45701737348489146,0.0,0.6226415094339622,0.017223669356765448
464,105,99.05660377358491,106,0,105,1,0,0.0,0.9146964749032843,0.8921137019874784,0.31555707456068577,0.704840479090313,0.3865251324526973,1.0749189237809562,4.952830188679245,3.595323583763093,0.3566762400778749,0.8067138232895297,0.08570815662117248,1.0,0.19328617671047033,0.010523445707162349,0,0,0,1,0,0.0,0.2641509433962264,0.2109692833328232,0.33161032647521516,0.7855301995627898,0.4590530566683002,0.0,0.5849056603773586,0.01724413036083782
465,104,98.11320754716981,106,1,105,0,0,0.009433962264150943,0.916816199117612,0.8938959219042212,0.3225066459753852,0.7052144239922891,0.38415801843940656,1.07374389423339,4.952830188679245,3.595323583763093,0.3594825434049407,0.7973932667318961,0.10260852903232141,1.0,0.20260673326810386,0.00686056919168232,0,1,0,0,0,0.0,0.2830188679245283,0.21418622183474834,0.32892231693273755,0.7855301995627898,0.46857349604280757,0.009433962264150943,0.5849056603773586,0.01726145124653497
466,104,98.11320754716981,106,1,105,0,0,0.009433962264150943,0.915311497445586,0.8907901874860883,0.31351150069103,0.705526446731443,0.3952728457749567,1.1021874795998303,4.952830188679245,3.595323583763093,0.3576497354335575,0.7922892757566959,0.08087331328270148,1.0,0.20771072424330406,0.010794488909708022,0,1,0,0,0,0.0,0.2830188679245283,0.21159763686571836,0.3327581308142582,0.7982626913716059,0.46216189474334685,0.009433962264150943,0.5471698113207547,0.017259536851738595
467,104,98.11320754716981,106,0,105,1,0,0.0,0.9183897768179778,0.8937600285115213,0.3143180028634493,0.7058673400722797,0.3965081596201892,1.0952261961941785,4.952830188679245,3.595323583763093,0.35899866730873553,0.5523593284458961,0.09367314633017018,1.0,0.4476406715541039,0.002200176523920183,0,0,0,1,0,0.0,0.2641509433962264,0.21184300098948508,0.3378170531879476,0.7944326617003553,0.4639628097387539,0.0,0.5471698113207547,0.01728105635793984
468,104,98.11320754716981,106,0,105,1,0,0.0,0.9151046547159207,0.8904388216655575,0.3097833828365746,0.7061004506880391,0.39331574656456547,1.0944677544588153,4.952830188679245,3.595323583763093,0.3596528295351149,0.5353179864815079,0.08759749142605996,1.0,0.46468201351849214,0.0020395515831160838,0,0,0,1,0,0.0,0.25471698113207547,0.21213908416326982,0.34831686677547546,0.7809067275204674,0.46389370181668,0.0,0.5849056603773585,0.017268821287901883
469,104,98.11320754716981,106,0,105,1,0,0.0,0.9144571786964955,0.8894517630038274,0.3164237948648867,0.7062967898605731,0.3895602885302129,1.091327536977565,4.952830188679245,3.595323583763093,0.3612912961354149,0.48920640077010263,0.05138863951679229,0.0,0.48920640077010263,0.00720016424487574,0,0,0,1,0,0.0,0.2641509433962264,0.21504003233955574,0.34383514702472734,0.7930720952824575,0.4652367793997641,0.0,0.5471698113207547,0.017269113422091895
470,105,99.05660377358491,106,0,105,1,0,0.0,0.9187311441839007,0.893514909211941,0.32871392389754994,0.7066029366076232,0.3809100553664355,1.076833877932901,4.952830188679245,3.595323583763093,0.36449074432679707,0.594675527475705,0.08796584441845864,1.0,0.40532447252429504,0.003232307685782254,0,0,1,0,0,0.0,0.2641509433962264,0.21933553957578722,0.3323473702609499,0.7930720952824575,0.4734892639412966,0.0,0.5471698113207547,0.01729598673262773
471,106,100.0,106,0,105,1,0,0.0,0.9256755820958588,0.899651636228216,0.33709652483085417,0.7070745845434258,0.3849109198586855,1.0914436320172487,4.952830188679245,3.595323583763093,0.3650229658924855,0.5066007946203641,0.08680386323218858,1.0,0.4933992053796359,0.0012290953347194322,0,0,1,0,0,0.0,0.24528301886792453,0.22089021131415204,0.33821641066263863,0.8281462529063426,0.47123245886584897,0.0,0.5471698113207548,0.01733918755692164
472,106,100.0,106,0,105,1,0,0.0,0.9260825202747502,0.899935862851815,0.3312641641332108,0.7075374503032235,0.39447248148570996,1.1118593991198615,4.952830188679245,3.595323583763093,0.3625587200945577,0.4019261299617765,0.0848382578254448,0.0,0.4019261299617765,0.0035601410647246867,0,0,1,0,0,0.0,0.2641509433962264,0.2179355567992469,0.3409638953357286,0.8056765668143139,0.46538959024018434,0.0,0.5471698113207548,0.017349543008727687
473,106,100.0,106,0,105,1,0,0.0,0.9254107421244766,0.899100965934892,0.33881209255207534,0.7079596607445948,0.3957751141243061,1.102640083036205,4.952830188679245,3.595323583763093,0.36075560981455235,0.5886481074555732,0.08877163156351692,1.0,0.41135189254442683,0.003458809469821078,0,0,0,1,0,0.0,0.2641509433962264,0.2184907111734471,0.33733468329072197,0.7758880252000796,0.46143490873270465,0.0,0.5849056603773585,0.017353774033762183
474,105,99.05660377358491,106,1,104,1,0,0.009433962264150943,0.9271196049025833,0.9021325019315246,0.3470675079513205,0.7084109840641134,0.3924105724245658,1.1130086277912714,4.952830188679245,3.595323583763093,0.3627305940956014,0.4643024663704537,0.08650464169355454,0.5,0.42492190203297786,0.003092007536772856,0,1,0,1,0,0.0,0.2641509433962264,0.22163766579483668,0.33413266346043263,0.7751214941815471,0.46082745684358767,0.009433962264150943,0.6037735849056605,0.017370431614525554
475,105,99.05660377358491,106,0,106,0,0,0.0,0.9239561120797581,0.8989574609039132,0.35732667686826125,0.7087976605639892,0.39922120740065165,1.1180667236844586,4.952830188679245,3.595323583763093,0.36542008545859694,0.0,0.0,0.0,0.0,0.0,0,0,0,0,0,0.0,0.2641509433962264,0.22644406968474456,0.33852546423128765,0.7739288950837322,0.4633781463156029,0.0,0.6037735849056605,0.01736156528610788
476,105,99.05660377358491,106,0,105,1,0,0.0,0.92511417502612,0.9004310533971567,0.3508253307645177,0.7092128191272224,0.40137746819226877,1.1225873161558746,4.952830188679245,3.595323583763093,0.3623012722027572,0.4937244920342524,0.0899612713614883,0.0,0.4937244920342524,0.003326013077903922,0,0,0,1,0,0.0,0.2641509433962264,0.2222213303722542,0.33076188466535617,0.7715359835819839,0.46044105407006014,0.0,0.6037735849056605,0.01737481874770666
477,105,99.05660377358491,106,0,105,1,0,0.0,0.9299280324828022,0.9048804023693938,0.34951920310348206,0.7097410261910602,0.4006061300003202,1.1239548929313365,4.952830188679245,3.595323583763093,0.3635994848812787,0.35488469626280694,0.06986672634363768,0.0,0.35488469626280694,-0.0007373617657034925,0,0,0,1,0,0.0,0.24528301886792453,0.22207566424420602,0.33476286112994236,0.7742333510926274,0.45840873273801225,0.0,0.6037735849056605,0.0174083834115587
478,105,99.05660377358491,106,0,105,1,0,0.0,0.9359018881093727,0.9110123019675883,0.34574820033540826,0.7104266118076698,0.40152278598831603,1.1273556476774613,4.952830188679245,3.595323583763093,0.3616955006978799,0.5207395616913817,0.08832196935039273,1.0,0.4792604383086183,0.0014616740837399278,0,0,0,1,0,0.0,0.24528301886792453,0.2187006035729965,0.32751698223490566,0.7742333510926274,0.45762964716598414,0.0,0.6037735849056605,0.017450577200371978
479,104,98.11320754716981,106,2,104,0,0,0.018867924528301886,0.9350693800126761,0.9108248167357338,0.3555795433373308,0.7110614520118271,0.40238153396362214,1.1298423653795195,4.952830188679245,3.595323583763093,0.36148356330984033,0.6997084176598969,0.08749853173150261,1.0,0.30029158234010317,0.00687773928492541,2,0,0,0,0,0.0,0.22641509433962265,0.22068862199535125,0.3244729146795643,0.7729191776565909,0.45319121677577784,0.018867924528301886,0.6037735849056605,0.017457826939678137
480,104,98.11320754716981,106,0,105,1,0,0.0,0.9426518424441034,0.9178316859910299,0.3866515287663535,0.7118957071851465,0.38565373257652646,1.1139014281597135,4.952830188679245,3.595323583763093,0.36655848263609925,0.6848363047352528,0.1030321651635896,1.0,0.3151636952647472,0.0037216630678466034,0,0,0,1,0,0.0,0.20754716981132076,0.22933258235548773,0.311913575017713,0.7907509995678679,0.4598859456883182,0.0,0.5660377358490566,0.01751073633833283
481,104,98.11320754716981,106,0,105,1,0,0.0,0.9382165952359177,0.9139725451013675,0.36974804692796304,0.7125889693034413,0.3856312572571919,1.115586486281833,4.952830188679245,3.595323583763093,0.3609691369704422,0.7586499867039969,0.11079336636955828,1.0,0.24135001329600314,-0.0035239782061543545,0,0,0,1,0,0.0,0.2169811320754717,0.222414183842951,0.31078813636618635,0.804391384377793,0.45501211548765785,0.0,0.5283018867924528,0.017501022610510075
482,104,98.11320754716981,106,1,105,0,0,0.009433962264150943,0.9283506669578425,0.9035612399568448,0.3477556901445798,0.7129931518100581,0.3975023736922943,1.1293299888334976,4.952830188679245,3.595323583763093,0.35852747851133415,0.9098618284792892,0.09691237202264255,1.0,0.0901381715207108,0.005964078447340038,0,1,0,0,0,0.0,0.20754716981132076,0.21807570839536422,0.311777957962005,0.7947913893601739,0.4553968691721583,0.009433962264150943,0.5471698113207547,0.01745895880361062
483,103,97.16981132075472,106,1,104,1,0,0.009433962264150943,0.9164460047140679,0.8931150425956624,0.3296221776155453,0.7130095073020473,0.4096770255075373,1.1452627666785622,4.952830188679245,3.595323583763093,0.3555259806091269,0.36856337446518306,0.07417960131106818,0.0,0.36856337446518306,0.001970152012079812,1,0,0,1,0,0.0,0.2169811320754717,0.213536240325219,0.32089099000930604,0.7747775419423457,0.44941682316762205,0.009433962264150943,0.5471698113207547,0.01739972950882211
484,104,98.11320754716981,106,0,106,0,0,0.0,0.9102035285759206,0.8874306183379762,0.3131987998871676,0.7128993101800557,0.41399358063769687,1.1489939667928815,4.952830188679245,3.595323583763093,0.3529647672799312,0.0,0.0,0.0,0.0,0.0,0,0,0,0,0,0.0,0.24528301886792453,0.20866707460360684,0.31766537625017494,0.7736640636802412,0.4526021550942631,0.0,0.5849056603773585,0.017366536156573575
485,104,98.11320754716981,106,1,104,1,0,0.009433962264150943,0.9038917093643237,0.8809763928093628,0.3021788453985264,0.7126188776522745,0.4219371121538855,1.1593283700775028,4.952830188679245,3.595323583763093,0.3515062462980434,0.853636532268511,0.09858588188998191,1.0,0.146363467731489,0.011897672497663825,0,1,0,1,0,0.5,0.24528301886792453,0.20623308743464777,0.3126869794280513,0.8129748894187292,0.45287929042703684,0.009433962264150943,0.5471698113207547,0.017329935832111662
486,104,98.11320754716981,106,0,105,1,0,0.0,0.9105307174048742,0.8873037907416061,0.2990626512215674,0.7125190770402201,0.4236498699935321,1.1590047553160996,4.952830188679245,3.595323583763093,0.35224128165935453,0.7198444837465008,0.11213089768201344,1.0,0.2801555162534992,0.0019299411799417188,0,0,0,1,0,0.0,0.2641509433962264,0.2056560913176557,0.32965606122937097,0.7971917097894328,0.4513330264477758,0.0,0.5094339622641509,0.01736133679484345
487,104,98.11320754716981,106,0,106,0,0,0.0,0.917241212381105,0.8938388199581537,0.31271606550434977,0.7126108289404098,0.41822372738343455,1.1473197592141837,4.952830188679245,3.595323583763093,0.3531798156745696,0.0,0.0,0.0,0.0,0.0,0,0,0,0,0,0.0,0.22641509433962265,0.2078404151267194,0.31895116132273826,0.8025665908769246,0.4539111142951856,0.0,0.4716981132075472,0.01739653865857764
488,105,99.05660377358491,106,0,106,0,0,0.0,0.9151228749840983,0.8916231780762721,0.31431735907345076,0.7126355544668052,0.41935567947259317,1.1451672816624991,4.952830188679245,3.595323583763093,0.35426560782197747,0.0,0.0,0.0,0.0,0.0,0,0,0,0,0,0.0,0.24528301886792453,0.20898028755967962,0.3206066616158926,0.7793125154371413,0.4550872576683403,0.0,0.5471698113207547,0.017386391452933456
489,103,97.16981132075472,106,2,104,0,0,0.018867924528301886,0.9226334540721759,0.900094893114347,0.3217914236363423,0.712878309465192,0.4152980619500757,1.1366880448626884,4.952830188679245,3.595323583763093,0.3549916526572767,0.40012754682307605,0.07686711221320969,0.0,0.40012754682307605,0.0013706548113863737,0,2,0,0,0,0.0,0.24528301886792453,0.2092021524787755,0.30900139837976287,0.7956773062686161,0.45522244931729744,0.018867924528301886,0.5094339622641509,0.01742830826222773
490,103,97.16981132075472,106,1,105,0,0,0.009433962264150943,0.931513520403146,0.910902429129646,0.3336770073837,0.7133814935420759,0.41307549720341646,1.1902381405653326,4.952830188679245,3.595323583763093,0.35413595752507243,0.2803966322633261,0.0700149596407938,0.0,0.2803966322633261,0.0014448945072487729,0,1,0,0,0,0.0,0.25471698113207547,0.2098620010153378,0.303438997317301,0.7637639435402389,0.45394238600471065,0.009433962264150943,0.5849056603773585,0.017481754141775552
491,102,96.22641509433963,106,1,105,0,0,0.009433962264150943,0.9253472423542259,0.9059231925187482,0.3188638033101101,0.7137667174668031,0.42736318327435974,1.2039385969795189,4.952830188679245,3.595323583763093,0.3495227818518145,0.6071006231323752,0.09958939284286537,1.0,0.39289937686762477,0.004242737319281431,0,1,0,0,0,0.0,0.2358490566037736,0.20427594796129045,0.30871967491582525,0.795514599384995,0.4441063012646451,0.009433962264150943,0.49056603773584906,0.017457847774838955
492,102,96.22641509433963,106,0,106,0,0,0.0,0.9296119297255226,0.9103340705865892,0.31992108374318734,0.7142880587653315,0.42700482661384476,1.201617371445897,4.952830188679245,3.595323583763093,0.3510751276196198,0.0,0.0,0.0,0.0,0.0,0,0,0,0,0,0.0,0.22641509433962265,0.20469874096810578,0.30699952780094486,0.768290944763149,0.4496809727687084,0.0,0.5283018867924528,0.017488543165024385
493,102,96.22641509433963,106,0,106,0,0,0.0,0.9301852164861916,0.9105651813266715,0.33089084882025516,0.7147973035003564,0.4250663393355163,1.2098589911174897,4.952830188679245,3.595323583763093,0.35494114282335465,0.0,0.0,0.0,0.0,0.0,0,0,0,0,0,0.0,0.2169811320754717,0.20952881373242654,0.30148479811194123,0.7453670382843296,0.45224588613093486,0.0,0.5660377358490566,0.017500564096856443
494,102,96.22641509433963,106,2,104,0,0,0.018867924528301886,0.9332194833103357,0.9146401819925455,0.3420704835762085,0.7153749806231726,0.42785812271346474,1.2161271532211047,4.952830188679245,3.595323583763093,0.35611295287167555,0.7580967849727543,0.08372800679264458,1.0,0.24190321502724565,0.009283781080998282,0,2,0,0,0,0.5,0.2169811320754717,0.2124240986259656,0.29521919111301864,0.7629966859368655,0.45328647767450514,0.018867924528301886,0.5283018867924528,0.01752612011189447
495,102,96.22641509433963,106,1,105,0,0,0.009433962264150943,0.9337298957901504,0.9141180136023298,0.35518803374846714,0.7159759647822699,0.42721389518864034,1.220673686624765,4.952830188679245,3.595323583763093,0.3568529294423446,0.5090556315166841,0.11065656726295578,1.0,0.4909443684833159,0.0033513420083342016,1,0,0,0,0,0.0,0.19811320754716982,0.2152655412797079,0.2785912115276869,0.7656424942742539,0.45382044650763054,0.009433962264150943,0.49056603773584906,0.017539475836896894
496,102,96.22641509433963,106,1,104,1,0,0.009433962264150943,0.9412069268545719,0.9204871000265884,0.3572426801351002,0.7167336642687318,0.42539622057248305,1.21049147697572,4.952830188679245,3.595323583763093,0.3598407753855535,0.26336865053004876,0.05129213257552995,0.0,0.26336865053004876,0.000571264757198986,0,1,0,1,0,0.0,0.2169811320754717,0.21674469239237498,0.2802370684587297,0.7784399473421115,0.4602379684459208,0.009433962264150943,0.49056603773584906,0.01759048186638441
497,102,96.22641509433963,106,0,106,0,0,0.0,0.932051743461035,0.9118410125651412,0.3277332538886842,0.7171916777814515,0.43135191806535056,1.2139952962202467,4.952830188679245,3.595323583763093,0.3556911289728619,0.0,0.0,0.0,0.0,0.0,0,0,0,0,0,0.0,0.25471698113207547,0.20905086128665828,0.2946917223323926,0.7390920065248432,0.4569669043975616,0.0,0.5660377358490566,0.017552939483336544
498,101,95.28301886792453,106,1,105,0,0,0.009433962264150943,0.9237395609281859,0.9040924529442886,0.3083376901485579,0.7174046502246507,0.4459636150162255,1.2330011892404789,4.952830188679245,3.595323583763093,0.35150736035328944,0.44074459685253986,0.0658231009645529,0.0,0.44074459685253986,0.004618136604317868,0,1,0,0,0,0.0,0.22641509433962265,0.20309663354989058,0.30118447857948927,0.7474998890153643,0.4481572563528541,0.009433962264150943,0.5660377358490566,0.017515207094910928
499,103,97.16981132075472,106,0,106,0,0,0.0,0.9239694113431131,0.9040600083455513,0.3145440568300171,0.7176147377972453,0.45086268627842,1.2443575138533463,4.952830188679245,3.595323583763093,0.3541540587066281,0.0,0.0,0.0,0.0,0.0,0,0,0,0,0,0.0,0.2358490566037736,0.2064113039196305,0.30783221637685837,0.7312254783775773,0.44727712745031895,0.0,0.5660377358490566,0.017520133011007587
500,103,97.16981132075472,106,1,105,0,0,0.009433962264150943,0.9292860008556759,0.9110062905049316,0.30682104028741536,0.7179728433613858,0.45513488942595637,1.248852380670092,4.952830188679245,3.595323583763093,0.34939029386936427,0.47551424993771096,0.0925500845881145,0.0,0.47551424993771096,0.0028981549621365232,0,1,0,0,0,0.0,0.20754716981132076,0.20060448510823323,0.3149495255069682,0.7441809116785564,0.44029267630713753,0.009433962264150943,0.5849056603773585,0.017553153485471557
501,104,98.11320754716981,106,0,105,1,0,0.0,0.9268357988822841,0.9091859457627112,0.2793542750260529,0.7183099377816125,0.4623974870087758,1.2580608616299618,4.952830188679245,3.595323583763093,0.3396382534495006,0.3924125859507535,0.07425623815743676,0.0,0.3924125859507535,0.0022766479663207106,0,0,0,1,0,0.0,0.2169811320754717,0.1878063347867156,0.31301241537599556,0.7550369949569542,0.43068743574866086,0.0,0.5849056603773585,0.017546962293199575
502,104,98.11320754716981,106,0,106,0,0,0.0,0.9237894296025357,0.9066127101211762,0.26173666189894595,0.7185608996483404,0.47065702858256164,1.2733474595445589,4.952830188679245,3.595323583763093,0.334957154425106,0.0,0.0,0.0,0.0,0.0,0,0,0,0,0,0.0,0.19811320754716982,0.18116138562404807,0.32598389319272014,0.7623231863500182,0.42377357374365815,0.0,0.5471698113207547,0.017536241892391197
503,103,97.16981132075472,106,2,104,0,0,0.018867924528301886,0.9332030008138215,0.914602014063436,0.26735091098892794,0.7190567202191667,0.4799087094659523,1.2778288895893193,4.952830188679245,3.595323583763093,0.3351458530538691,0.42192366865339365,0.07179734713736594,0.0,0.42192366865339365,0.005989403800353482,0,2,0,0,0,0.0,0.16981132075471697,0.18218436761004658,0.3311393285949797,0.7691264123092206,0.42692264317308504,0.018867924528301886,0.5471698113207547,0.01759222292540566
504,103,97.16981132075472,106,0,105,1,0,0.0,0.9418766114899351,0.9230555114523605,0.2784627592167953,0.7197537703720709,0.468049761286605,1.263997347180659,4.952830188679245,3.595323583763093,0.3399947510694665,0.32333424053124343,0.07620294804541956,0.0,0.32333424053124343,0.0028145069600634676,0,0,0,1,0,0.0,0.1792452830188679,0.1865682290922586,0.3302765595830382,0.7739565267442593,0.43611214648778696,0.0,0.5471698113207547,0.017648121583055235
505,104,98.11320754716981,106,0,105,1,0,0.0,0.9490870340778835,0.9296431901353092,0.28947174516027524,0.7206152380086857,0.4594162781716089,1.2583902756050753,4.952830188679245,3.595323583763093,0.34450169497699545,0.39957375291501784,0.0718657125975099,0.0,0.39957375291501784,0.003038880922970999,0,0,0,1,0,0.0,0.18867924528301888,0.19120567618353376,0.33644126690470244,0.7608471215455318,0.4382321019193124,0.0,0.5849056603773585,0.01769965997054783
506,101,95.28301886792453,106,3,103,0,0,0.02830188679245283,0.944607293788844,0.9260541271675563,0.2779889434364233,0.7213183120888856,0.464892733168789,1.2643660131037673,4.952830188679245,3.595323583763093,0.3429163980676184,0.562473232077955,0.08253250124197638,0.6666666666666666,0.3774230206732309,0.004494932669268981,0,3,0,0,0,0.0,0.20754716981132076,0.18835296015417247,0.35713472155399467,0.7986399190658877,0.4352658113220388,0.02830188679245283,0.5660377358490566,0.01768990016321101
507,99,93.39622641509433,106,2,104,0,0,0.018867924528301886,0.9468675423372801,0.9278191092214055,0.28643596598947835,0.7220818718649832,0.4651359108019894,1.2658248727400427,4.952830188679245,3.595323583763093,0.34567800015881955,0.6183209964821237,0.09496994781533842,1.0,0.3816790035178763,0.004793138698049593,0,2,0,0,0,0.0,0.22641509433962265,0.19176887803030432,0.3465112606094478,0.7943382463281012,0.4398313566544581,0.018867924528301886,0.5849056603773585,0.01771492762830627
508,101,95.28301886792453,106,0,105,1,0,0.0,0.9536421286799719,0.9346401375478914,0.2941340103310026,0.7230033618626037,0.4549220990548575,1.2522266755483322,4.952830188679245,3.595323583763093,0.347784651445761,0.48943383371309535,0.08615376872528058,0.0,0.48943383371309535,0.0018113627592826753,0,0,0,1,0,0.0,0.22641509433962265,0.19355254256559307,0.34502093927580063,0.7905782251241452,0.4459213925916488,0.0,0.5849056603773585,0.017765365833622964
509,100,94.33962264150944,106,1,103,2,0,0.009433962264150943,0.9493997960027134,0.9302045293009872,0.293806086390558,0.723773265297975,0.4544039958954383,1.2500261393151881,4.952830188679245,3.595323583763093,0.34914883057851354,0.5223810540577777,0.07394122843796765,0.6666666666666666,0.4737763390487994,0.006160943622113058,0,1,0,2,0,0.0,0.2358490566037736,0.19499322932454963,0.34538836490729574,0.8050096665094657,0.45104983114240066,0.009433962264150943,0.5849056603773585,0.017757994430128723
510,100,94.33962264150944,106,0,105,1,0,0.0,0.9419828054373263,0.9228774523798775,0.2870057053852316,0.7242956189534613,0.46483846327487144,1.263411444510028,4.952830188679245,3.595323583763093,0.347706961312479,0.4366576449930748,0.08475579794202939,0.0,0.4366576449930748,0.0014710530998473526,0,0,0,1,0,0.0,0.25471698113207547,0.19344433649920906,0.34678966067565137,0.7813419511788438,0.446363813266548,0.0,0.6226415094339622,0.017730299629384962
511,102,96.22641509433963,106,1,104,1,0,0.009433962264150943,0.9384235345622618,0.9202434594456719,0.272428015194928,0.7247150654245466,0.47204584863380933,1.2732814981287843,4.952830188679245,3.595323583763093,0.34079347523428116,0.5059320632059783,0.08282740561083904,0.5,0.49143909575115347,0.005608407839433505,0,1,0,1,0,0.0,0.2358490566037736,0.18553247994211622,0.33773637964281306,0.7674812400871581,0.4397531311550663,0.009433962264150943,0.6226415094339622,0.017720043503957734
512,103,97.16981132075472,106,1,104,1,0,0.009433962264150943,0.9377940640100166,0.9191643274222172,0.2783731977280137,0.7251143756219353,0.47660170492819137,1.278367963452554,4.952830188679245,3.595323583763093,0.3413598467281924,0.5505351021282097,0.07182754794939737,0.5,0.4094333592064998,0.008789664470121139,0,1,0,1,0,0.0,0.22641509433962265,0.1866638616455781,0.31866786774137723,0.7929008870101136,0.44201087098391084,0.009433962264150943,0.5849056603773585,0.017724074398046054
513,100,94.33962264150944,106,3,103,0,0,0.02830188679245283,0.9483251128230856,0.9303995878222215,0.2942443367241508,0.7257745060768703,0.4687490137509269,1.2594943845585738,4.952830188679245,3.595323583763093,0.34515870955604977,0.5645858970414719,0.07923011326736949,0.6666666666666666,0.32509473342138867,0.005398008816731803,0,3,0,0,0,0.0,0.2169811320754717,0.19133127369942202,0.31450483161617876,0.7857102722116567,0.4483723699018699,0.02830188679245283,0.6226415094339622,0.01778859655507634
514,99,93.39622641509433,106,2,102,2,0,0.018867924528301886,0.9500518307697067,0.9355763183471847,0.29285608575614563,0.7265098845827763,0.46842351419218764,1.2972621040966132,4.952830188679245,3.595323583763093,0.3441862406992642,0.5554702124141897,0.09281481836275027,0.5,0.28450361780305206,-0.005993981377476629,0,2,1,1,0,0.25,0.2169811320754717,0.1897638782992837,0.3427304742302242,0.8050107959336233,0.4454761300408225,0.018867924528301886,0.5660377358490566,0.017810449763235824
515,97,91.50943396226415,106,2,104,0,0,0.018867924528301886,0.9564686573477412,0.9430406581255991,0.2954950458380501,0.7274959670034017,0.4652669605324988,1.2903811673115644,4.952830188679245,3.595323583763093,0.3421289024634404,0.44249557373669574,0.07914614438768225,0.5,0.3769366863712678,0.001602351336201957,0,2,0,0,0,0.0,0.20754716981132076,0.18745592026970656,0.3285180984229149,0.8032114719725101,0.4437277644920363,0.018867924528301886,0.5660377358490566,0.01786026032303804
516,98,92.45283018867924,106,0,106,0,0,0.0,0.9601798499925023,0.9463211096653559,0.3113822728808172,0.7285587777579446,0.46798644588458727,1.2967655854433233,4.952830188679245,3.595323583763093,0.34582361859875976,0.0,0.0,0.0,0.0,0.0,0,0,0,0,0,0.0,0.20754716981132076,0.1927217125911907,0.3258675809840801,0.7878362032007291,0.449218397183659,0.0,0.6037735849056604,0.017897922029116275
517,99,93.39622641509433,106,0,106,0,0,0.0,0.9672273567547388,0.952724929196869,0.33015753557021776,0.7297675674538814,0.4699838388807975,1.3007104885515786,4.952830188679245,3.595323583763093,0.3509126639163356,0.0,0.0,0.0,0.0,0.0,0,0,0,0,0,0.0,0.20754716981132076,0.19937982417071687,0.333468429380118,0.7894974832819663,0.4516177283790952,0.0,0.6037735849056604,0.01795488951343551
518,102,96.22641509433963,106,0,106,0,0,0.0,0.9673209922045649,0.9528728232778878,0.3267856430425943,0.7309371510654208,0.47460767667945253,1.3101889821098873,4.952830188679245,3.595323583763093,0.3489976948617082,0.0,0.0,0.0,0.0,0.0,0,0,0,0,0,0.0,0.20754716981132076,0.19758814337018227,0.3349477635918036,0.7912312437544426,0.4483571832024066,0.0,0.6037735849056604,0.017976382848393393
519,104,98.11320754716981,106,0,105,1,0,0.0,0.9756274721756812,0.9608764317679581,0.32859159478790717,0.7322948888604196,0.47640405269545294,1.3121083560739029,4.952830188679245,3.595323583763093,0.3491981503632726,0.5672848020197094,0.08095309528087634,1.0,0.43271519798029057,0.0026201106801446716,0,0,0,1,0,0.0,0.19811320754716982,0.19739809578761408,0.3499151832468591,0.7949000943999234,0.4432810467978281,0.0,0.5660377358490566,0.018042322781823605
520,106,100.0,106,0,106,0,0,0.0,0.974955683689964,0.9603488080839248,0.3250603245025195,0.7335886357652724,0.4716592360755491,1.3051779386425855,4.952830188679245,3.595323583763093,0.3494166336143334,0.0,0.0,0.0,0.0,0.0,0,0,0,0,0,0.0,0.20754716981132076,0.19689891234851925,0.3517152914430631,0.8060694973810596,0.444731213076634,0.0,0.5283018867924528,0.018062221033187206
521,105,99.05660377358491,106,1,105,0,0,0.009433962264150943,0.9757112415305174,0.9616435391059951,0.3238743884862314,0.7348564995346113,0.47270957546681086,1.3106043248685457,4.952830188679245,3.595323583763093,0.3500894936234633,0.44175996819713226,0.09063577786348467,0.0,0.44175996819713226,0.003379203297743605,0,1,0,0,0,0.0,0.2169811320754717,0.1971509295726958,0.35990363962123856,0.7990105852493672,0.43970468747173497,0.009433962264150943,0.5283018867924528,0.018088790724944487
522,105,99.05660377358491,106,0,106,0,0,0.0,0.9722255604597686,0.9586080740514378,0.3254948785164078,0.7360080802298105,0.4757061095666043,1.3115308701736401,4.952830188679245,3.595323583763093,0.3489635847117747,0.0,0.0,0.0,0.0,0.0,0,0,0,0,0,0.0,0.2169811320754717,0.19624484181971,0.3375941082073343,0.8030806051548223,0.4454881292265879,0.0,0.5283018867924528,0.018092063845751023
523,104,98.11320754716981,106,1,105,0,0,0.009433962264150943,0.9718635550495609,0.9572711231721381,0.3336562827399646,0.7370988516177233,0.4814533175021604,1.3172916142178317,4.952830188679245,3.595323583763093,0.35142329046005094,0.8428223904612901,0.11464987225809248,1.0,0.15717760953870985,0.006903872567029845,0,1,0,0,0,0.0,0.2169811320754717,0.19971212915050612,0.3416196072817885,0.7962689567121459,0.44428141197501153,0.009433962264150943,0.49056603773584906,0.01810986219917727
524,104,98.11320754716981,106,0,106,0,0,0.0,0.9668998465323033,0.9526721182258673,0.3150118882938519,0.7379990790438723,0.4870748101844052,1.3264187104243481,4.952830188679245,3.595323583763093,0.3474526759508938,0.0,0.0,0.0,0.0,0.0,0,0,0,0,0,0.0,0.2169811320754717,0.19430866148724377,0.3481510686909412,0.8109794696320727,0.4400502590402381,0.0,0.49056603773584906,0.0181012267010709
525,104,98.11320754716981,106,0,106,0,0,0.0,0.9617546609984559,0.947791473836269,0.3146871736600131,0.7387265604140385,0.48612701688136195,1.3250014049119434,4.952830188679245,3.595323583763093,0.3460964794004371,0.0,0.0,0.0,0.0,0.0,0,0,0,0,0,0.0,0.2169811320754717,0.1935986128885647,0.3413231573210867,0.7939452866433643,0.4398550678632086,0.0,0.5283018867924528,0.018088578428036198
526,104,98.11320754716981,106,1,105,0,0,0.009433962264150943,0.9697675322367723,0.9551177360822113,0.30407589565474347,0.739665140819408,0.49050169194664145,1.3281583699542647,4.952830188679245,3.595323583763093,0.3413474692549585,0.8342267340497211,0.09122700281234775,1.0,0.16577326595027886,0.0033988694824336196,0,1,0,0,0,0.0,0.18867924528301888,0.1874001746297769,0.3543448750183053,0.8030806051548223,0.4332745112306711,0.009433962264150943,0.5283018867924528,0.018145515285561194
527,102,96.22641509433963,106,2,104,0,0,0.018867924528301886,0.9722731644912869,0.9572107482327344,0.3009219427440236,0.740619647970791,0.4994182007236318,1.3441422053972676,4.952830188679245,3.595323583763093,0.33966468783495896,0.7051174935978344,0.09177234319773062,1.0,0.2948825064021656,0.0012547599471610382,0,2,0,0,0,0.0,0.2169811320754717,0.18537191126776006,0.3538918606141319,0.7999167340514161,0.4266990217081784,0.018867924528301886,0.5283018867924528,0.018175202257194958
528,103,97.16981132075472,106,0,106,0,0,0.0,0.9774417839678289,0.9625726081886393,0.3139698770189143,0.7416780550957537,0.493720167894321,1.3338708626923816,4.952830188679245,3.595323583763093,0.3426085875806779,0.0,0.0,0.0,0.0,0.0,0,0,0,0,0,0.0,0.18867924528301888,0.18918815940009945,0.34496644507969965,0.8082000356947165,0.4338018374280427,0.0,0.5283018867924528,0.018220071935065675
529,103,97.16981132075472,106,0,106,0,0,0.0,0.976060511857322,0.9613636329016579,0.3192693883455018,0.7426636358008487,0.4882545951088625,1.326399209424582,4.952830188679245,3.595323583763093,0.3431366971580112,0.0,0.0,0.0,0.0,0.0,0,0,0,0,0,0.0,0.20754716981132076,0.1900056297215901,0.32593667864946047,0.8066405638950274,0.43636076850713473,0.0,0.49056603773584906,0.01823088298227679
530,103,97.16981132075472,106,0,106,0,0,0.0,0.9795222321999183,0.9649336020483678,0.3228070108468391,0.7437164632445481,0.4837237134373017,1.3218210880977073,4.952830188679245,3.595323583763093,0.34068295918748404,0.0,0.0,0.0,0.0,0.0,0,0,0,0,0,0.0,0.20754716981132076,0.18818963491587948,0.31824630658924385,0.7939452866433643,0.4358774941279506,0.0,0.5283018867924528,0.018267117860679596
531,103,97.16981132075472,106,1,104,1,0,0.009433962264150943,0.99147008155738,0.9738323975296022,0.33065769513481746,0.7450574294527305,0.4875819657511529,1.3241589012855588,4.952830188679245,3.595323583763093,0.34250778915526237,0.53886528623313,0.08431173925074703,1.0,0.46113471376687,0.012810784975289258,0,1,0,1,0,0.0,0.19811320754716982,0.18994449875719321,0.3284820549311996,0.8020996176758555,0.4284767360883724,0.009433962264150943,0.5471698113207547,0.018350963144633442
532,105,99.05660377358491,106,0,105,1,0,0.0,0.9866711632373601,0.9694487205528062,0.3174582227745539,0.746154058765057,0.4805439399919245,1.3174195801644466,4.952830188679245,3.595323583763093,0.3371653948893305,0.5260963842327315,0.0874959869285392,1.0,0.47390361576726847,0.0025627428140427844,0,0,0,1,0,0.0,0.20754716981132076,0.18368959319867886,0.31640717029693743,0.8020996176758555,0.4291917450703342,0.0,0.5471698113207547,0.018346682239179613
533,105,99.05660377358491,106,0,104,2,0,0.0,1.0041199930501885,0.986431406516757,0.34298238963748684,0.7476997267159857,0.46121577056316737,1.289947275387063,4.952830188679245,3.595323583763093,0.34240385733934664,0.5250235546969704,0.07169477571672889,1.0,0.4749764453030296,0.009793751411831836,0,0,0,2,0,0.0,0.19811320754716982,0.18976129803134206,0.30560925789078036,0.8158480117516362,0.43908149959688386,0.0,0.5094339622641509,0.018461712270426957
534,104,98.11320754716981,106,1,103,2,0,0.009433962264150943,1.0061975838841208,0.9877877195956726,0.3480228521531418,0.7492470832740755,0.46561801864404806,1.291506203054985,4.952830188679245,3.595323583763093,0.34132809132962816,0.5881820985121449,0.08284496400174324,1.0,0.41181790148785513,0.009305912772436503,0,1,0,2,0,0.0,0.1792452830188679,0.18965581674128804,0.2940704590344503,0.822756254820778,0.4370447949441996,0.009433962264150943,0.4716981132075472,0.018499916462225575
535,104,98.11320754716981,106,0,105,1,0,0.0,1.0086095602648117,0.9904217745467114,0.3675775283873632,0.7507963202996679,0.45283615094857044,1.2735764876679136,4.952830188679245,3.595323583763093,0.34604146705113914,0.501585624589872,0.06892970223851638,1.0,0.498414375410128,0.006204273929127813,0,0,0,1,0,0.0,0.20754716981132076,0.19544702948004683,0.27968809791874133,0.8302403954149848,0.4511927020145158,0.0,0.4716981132075472,0.018539826386203783
536,105,99.05660377358491,106,0,104,2,0,0.0,1.0072859806912229,0.9891255914627239,0.36066468817215414,0.7522525756602247,0.45070747366184505,1.2711189648394365,4.952830188679245,3.595323583763093,0.3477084564659405,0.5913938513284214,0.08681304337880441,1.0,0.40860614867157863,0.009183848419022256,0,0,0,2,0,0.0,0.19811320754716982,0.1957184903440367,0.2892082395960377,0.8280207582333221,0.44871472916317073,0.0,0.5094339622641509,0.018559387034544798
537,104,98.11320754716981,106,1,104,1,0,0.009433962264150943,1.0097577108112046,0.9921743400992841,0.37758283624332517,0.7537158654004963,0.4472184638711502,1.2700111421970188,4.952830188679245,3.595323583763093,0.35095059033093845,0.49730923301599755,0.08335038559951327,0.5,0.46317471821853035,0.0006379478772834679,0,1,1,0,0,0.0,0.18867924528301888,0.20074015581488877,0.29643915605420407,0.7690892410390882,0.45196861381357867,0.009433962264150943,0.6226415094339622,0.01859805068571009
538,103,97.16981132075472,106,2,103,1,0,0.018867924528301886,1.0148845095668653,0.9968964164722722,0.3919080139511752,0.7552997359430571,0.44735651806070104,1.2672997740398508,4.952830188679245,3.595323583763093,0.3508510095287827,0.6608080897948652,0.09228605372013966,1.0,0.33919191020513484,0.008793578062806803,0,2,0,1,0,0.0,0.19811320754716982,0.20221547679291793,0.28400129408383773,0.779734830978883,0.4557091799765967,0.018867924528301886,0.6226415094339622,0.018652157315064876
539,102,96.22641509433963,106,2,104,0,0,0.018867924528301886,1.0173618355976046,1.0006381616139755,0.4047943249075451,0.7568847329620354,0.4496073738258563,1.2556433277634511,4.952830188679245,3.595323583763093,0.3537541108394031,0.8701212247192527,0.09910089627651662,1.0,0.12987877528074732,0.005280223674164836,0,2,0,0,0,0.0,0.18867924528301888,0.20634484074928996,0.29490262451224114,0.8039039556787985,0.45518055037526417,0.018867924528301886,0.5660377358490566,0.018693036831031205
540,102,96.22641509433963,106,0,106,0,0,0.0,1.012616349058546,0.9961298422900349,0.39242248849548905,0.7583235505717536,0.4567206787456574,1.2626537423337654,4.952830188679245,3.595323583763093,0.3509898225850454,0.0,0.0,0.0,0.0,0.0,0,0,0,0,0,0.0,0.1792452830188679,0.20253650149346175,0.29975333752130245,0.7993028743418725,0.4505773240677149,0.0,0.5660377358490566,0.01869517447276068
541,102,96.22641509433963,106,0,106,0,0,0.0,1.0210062959949908,1.0040756249838332,0.3973346820498191,0.7599391793119059,0.4640928836847016,1.2738557098931225,4.952830188679245,3.595323583763093,0.35262472276214285,0.0,0.0,0.0,0.0,0.0,0,0,0,0,0,0.0,0.18867924528301888,0.203790795140184,0.3034853630099522,0.793512122018759,0.44965360881350913,0.0,0.5660377358490566,0.01876616774800328
542,101,95.28301886792453,106,1,105,0,0,0.009433962264150943,1.015136972108737,0.9993903059825429,0.38785005670055234,0.7613423229332645,0.4555053154816969,1.2609238631471236,4.952830188679245,3.595323583763093,0.3503044093422236,0.6174578596898133,0.09012293341654623,1.0,0.38254214031018674,-0.0001421182036507318,1,0,0,0,0,0.0,0.19811320754716982,0.2006520547782283,0.30525693635121554,0.7899491106594317,0.44813704808703875,0.009433962264150943,0.5660377358490566,0.0187620449053384
543,103,97.16981132075472,106,0,106,0,0,0.0,1.010850785000819,0.9954469555839641,0.3778952620664002,0.7626012341700447,0.4529257224580802,1.255570536706921,4.952830188679245,3.595323583763093,0.34715798922272945,0.0,0.0,0.0,0.0,0.0,0,0,0,0,0,0.0,0.19811320754716982,0.1972350512457896,0.3039304284565571,0.7804277809579956,0.4460104342584872,0.0,0.5283018867924528,0.01876324493609611
544,105,99.05660377358491,106,1,105,0,0,0.009433962264150943,1.0159272654587113,0.9995206345505889,0.40145129756407033,0.7639607382305467,0.45745632389503504,1.2582954125964663,4.952830188679245,3.595323583763093,0.34958827958661165,0.9983805766510522,0.08955865956534796,1.0,0.0016194233489478238,0.014923524482468531,0,1,0,0,0,1.0,0.19811320754716982,0.20204358397724373,0.2888887536173976,0.8211379474040668,0.4548505408126125,0.009433962264150943,0.49056603773584906,0.018813066623440292
545,104,98.11320754716981,106,1,105,0,0,0.009433962264150943,1.0265873735349735,1.0123895184979623,0.433476034225352,0.7655446925043721,0.4423284823322871,1.239331147105308,4.952830188679245,3.595323583763093,0.35291694981321475,0.7615281402157157,0.05958087723342114,1.0,0.2384718597842843,0.015426465831094499,0,1,0,0,0,0.0,0.1792452830188679,0.20839134668846168,0.27396305966049195,0.8012407570475362,0.4641341204392888,0.009433962264150943,0.5471698113207547,0.01889484130460304
546,104,98.11320754716981,106,0,105,1,0,0.0,1.021333472880171,1.0073598099899548,0.42251478034366063,0.7669951594880516,0.4401169287387777,1.2355680089334697,4.952830188679245,3.595323583763093,0.35001507714458535,0.5675701057897908,0.07782019812768162,1.0,0.43242989421020916,0.015648007867165248,0,0,0,1,0,0.0,0.18867924528301888,0.2049588761353401,0.26968463822606337,0.8047503465946191,0.4587146274767144,0.0,0.5849056603773585,0.018894646292098492
547,104,98.11320754716981,106,0,103,3,0,0.0,1.0298838593704764,1.015631531872505,0.4428083257376551,0.7686313936242936,0.4382220737888536,1.237271526720954,4.952830188679245,3.595323583763093,0.35163237134825986,0.5141514346086639,0.09736958758072152,0.6666666666666666,0.43714498537429103,0.00569733597968856,0,0,0,3,0,0.0,0.20754716981132076,0.20836674460164886,0.2681476346815626,0.7982884830959203,0.4617722181367037,0.0,0.5471698113207547,0.018966812180442962
548,103,97.16981132075472,106,1,104,1,0,0.009433962264150943,1.0362038663803659,1.0207478346113725,0.4445447599572937,0.770393331722184,0.4370637407798838,1.2304971101181585,4.952830188679245,3.595323583763093,0.35342761291931524,0.5103037165428839,0.09951819929946877,0.5,0.4062562264692702,0.004718173539577514,0,1,1,0,0,0.0,0.20754716981132076,0.20948950425616047,0.2620226790893202,0.7845911661123512,0.4647718326070355,0.009433962264150943,0.5660377358490566,0.01903008590347479
549,104,98.11320754716981,106,0,106,0,0,0.0,1.0383260996346846,1.0226881102742016,0.4422513896885544,0.7721103560326618,0.4402856183343944,1.2339913790936718,4.952830188679245,3.595323583763093,0.3527825567811451,0.0,0.0,0.0,0.0,0.0,0,0,0,0,0,0.0,0.2169811320754717,0.20820479350137494,0.2663931356467256,0.782825795634368,0.4609529367793644,0.0,0.6037735849056604,0.01907156335973316
550,105,99.05660377358491,106,0,104,2,0,0.0,1.0385841220491798,1.0226250795722258,0.447179844699225,0.7737638348370114,0.44034505004135954,1.2370001959345416,4.952830188679245,3.595323583763093,0.3532798169785476,0.5032343107837149,0.0862993895188196,0.5,0.41005511220281593,0.010047827472091542,0,0,0,2,0,0.0,0.18867924528301888,0.20926511233211714,0.2642533358848727,0.7680055337265161,0.46087428472066466,0.0,0.5660377358490566,0.019102577428508287
551,103,97.16981132075472,106,2,103,1,0,0.018867924528301886,1.0333409006028382,1.015954425042509,0.41958788208013253,0.7752122307639926,0.4618334245612385,1.267231756994992,4.952830188679245,3.595323583763093,0.3481211622733038,0.659130167900716,0.09294393850264604,0.6666666666666666,0.267653358597401,0.009394573705603315,1,1,0,1,0,0.3333333333333333,0.20754716981132076,0.2023224318945077,0.26206106420018943,0.7893016991506798,0.4567482588219169,0.018867924528301886,0.5471698113207547,0.01910239858145109
552,103,97.16981132075472,106,0,106,0,0,0.0,1.0375029397940831,1.0196895477521695,0.445613071186705,0.7766697536403194,0.4648915818240925,1.2853772959857626,4.952830188679245,3.595323583763093,0.34949671356168,0.0,0.0,0.0,0.0,0.0,0,0,0,0,0,0.0,0.19811320754716982,0.20662362850230329,0.24048619537185514,0.7893016991506798,0.459802906580533,0.0,0.5471698113207547,0.019149410109262976
553,103,97.16981132075472,106,1,105,0,0,0.009433962264150943,1.0385285755189455,1.0220448034911793,0.4554724725686204,0.7781019967522677,0.4715155385232458,1.2944452213816418,4.952830188679245,3.595323583763093,0.35243392545052044,0.5612062039703205,0.10579100658582957,1.0,0.4387937960296795,0.010909052438924038,0,1,0,0,0,0.0,0.20754716981132076,0.21004494520578462,0.24778159324105156,0.8015787976181399,0.4640608867121377,0.009433962264150943,0.5471698113207547,0.019180285175077635
554,102,96.22641509433963,106,1,101,2,2,0.009433962264150943,1.0221864587668692,1.006125214563922,0.41531676787906335,0.7790649552297672,0.48720589327656494,1.3078173427453892,4.952830188679245,3.595323583763093,0.3462561746218604,0.7211643835580452,0.11106622929822504,1.0,0.27883561644195487,-0.006174720956947777,0,3,0,2,0,0.0,0.19811320754716982,0.2017696791287819,0.25405840000754454,0.7826160558971351,0.4559290432652244,0.009433962264150943,0.5471698113207547,0.019115885327938946
555,102,96.22641509433963,106,0,106,0,0,0.0,1.0159165008061728,0.9999467829109369,0.39858571052362624,0.7798161071704198,0.4885207047664385,1.3070511388802017,4.952830188679245,3.595323583763093,0.34705120813778767,0.0,0.0,0.0,0.0,0.0,0,0,0,0,0,0.0,0.22641509433962265,0.20104267925164035,0.2661231618117622,0.8138469489886033,0.45540222113368367,0.0,0.5471698113207547,0.019098038709571555
556,104,98.11320754716981,106,0,106,0,0,0.0,1.022499855614025,1.0062372717533143,0.43366784898937866,0.7807211835113075,0.4732287769116083,1.286306711192743,4.952830188679245,3.595323583763093,0.35231405646822234,0.0,0.0,0.0,0.0,0.0,0,0,0,0,0,0.0,0.2358490566037736,0.20927821474638933,0.24460475545699872,0.8044009536142577,0.46682636824943424,0.0,0.5849056603773585,0.019147225695178315
557,103,97.16981132075472,106,1,105,0,0,0.009433962264150943,1.0187139936560248,1.0016772961883258,0.4300127406890841,0.7814866987605023,0.47971730122286366,1.318998086758117,4.952830188679245,3.595323583763093,0.35218819379829847,0.9997155496998422,0.10498733105177413,1.0,0.00028445030015777917,0.011047759942763191,0,1,0,0,0,1.0,0.25471698113207547,0.20881507850841863,0.24555540126032596,0.817790719768696,0.4632925949848519,0.009433962264150943,0.5471698113207547,0.019142057760534112
558,104,98.11320754716981,106,0,105,1,0,0.0,1.016454445920083,0.9994170781904383,0.4245520260420388,0.7821355455058637,0.484276760225322,1.3160385068975242,4.952830188679245,3.595323583763093,0.349571793198175,0.23646091111270634,0.11478145748311908,0.0,0.23646091111270634,-0.027564699672587678,0,0,0,1,0,0.0,0.2358490566037736,0.2063986169790225,0.2492238231313141,0.8060608724888814,0.4571342443764995,0.0,0.5849056603773585,0.019142424091883634
559,104,98.11320754716981,106,1,104,1,0,0.009433962264150943,1.027026546509767,1.0121167846925248,0.43716479473473585,0.7830558869435528,0.47468262162226077,1.2849559455405108,4.952830188679245,3.595323583763093,0.351654137629003,0.515850038991755,0.0794067233949795,0.5,0.4183214691687469,0.003036777231360588,0,1,0,1,0,0.0,0.2169811320754717,0.20858520094894414,0.25768370783318356,0.8118278300408855,0.4640313895118425,0.009433962264150943,0.5849056603773585,0.019211829221212243
560,103,97.16981132075472,106,1,105,0,0,0.009433962264150943,1.0369562094427502,1.023397365371489,0.4607321343441333,0.7843062357357391,0.47308061399678125,1.2818262169100632,4.952830188679245,3.595323583763093,0.35366565774687464,0.5579051821929168,0.07330785741320697,1.0,0.44209481780708315,0.0035419547406350116,0,1,0,0,0,0.0,0.20754716981132076,0.21192911369919432,0.2550723844560066,0.8255115576369867,0.4648451819724025,0.009433962264150943,0.5094339622641509,0.019283954578379545
561,103,97.16981132075472,106,0,106,0,0,0.0,1.037067439393744,1.023804392083571,0.4375513098628448,0.7855551532815539,0.4774413128221314,1.2878527586112638,4.952830188679245,3.595323583763093,0.3511630100136922,0.0,0.0,0.0,0.0,0.0,0,0,0,0,0,0.0,0.2358490566037736,0.20632144316939585,0.2710863772907382,0.8149169657818709,0.46016781176871385,0.0,0.5471698113207547,0.019306962041667732
562,104,98.11320754716981,106,0,106,0,0,0.0,1.042910793639089,1.0299389710371414,0.4328057499715292,0.7869356145714079,0.4820167768004037,1.2969075224161357,4.952830188679245,3.595323583763093,0.3492646137966411,0.0,0.0,0.0,0.0,0.0,0,0,0,0,0,0.0,0.22641509433962265,0.20313117378176385,0.2756864565773825,0.8104499557504383,0.4555474599955232,0.0,0.5471698113207547,0.019360994838053876
563,103,97.16981132075472,106,1,105,0,0,0.009433962264150943,1.0409880500684008,1.0283152081246227,0.4338724975287886,0.788209354756024,0.48687716408840465,1.265012708905611,4.952830188679245,3.595323583763093,0.34521576321984804,0.42049553281791174,0.09604815264291644,0.0,0.42049553281791174,-0.021163130416869513,0,1,0,0,0,0.0,0.2169811320754717,0.20072123355257432,0.2674381689110834,0.8305476355311293,0.4482021767899368,0.009433962264150943,0.5660377358490566,0.019374278660827124
564,103,97.16981132075472,106,1,105,0,0,0.009433962264150943,1.0428747711847473,1.0318778098076777,0.44012701848959657,0.7895013860178652,0.49784068613176274,1.2749708358609058,4.952830188679245,3.595323583763093,0.3426882566236642,0.5481925648357961,0.09147731190737873,1.0,0.45180743516420385,0.0054124402214162926,0,1,0,0,0,0.0,0.20754716981132076,0.19902810330800416,0.25209961723027063,0.820708167872672,0.44489499623160444,0.009433962264150943,0.5660377358490566,0.01940693861874214
565,103,97.16981132075472,106,1,105,0,0,0.009433962264150943,1.0538307013271817,1.0413320350182833,0.44332565537129115,0.791097833190183,0.5068041403767573,1.3169952300725718,4.952830188679245,3.595323583763093,0.3410904102784884,0.9999109826431494,0.1145937416109434,1.0,8.901735685062917e-05,0.008258795845579758,0,1,0,0,0,1.0,0.18867924528301888,0.19777683455504363,0.2719143163214252,0.8072734799513488,0.43896175418953803,0.009433962264150943,0.6037735849056604,0.019490416990298638
566,103,97.16981132075472,106,0,106,0,0,0.0,1.0506626959254122,1.0382443057272606,0.4327895616546718,0.7925179001275694,0.5047303432720603,1.2894978230317258,4.952830188679245,3.595323583763093,0.3417065391721672,0.0,0.0,0.0,0.0,0.0,0,0,0,0,0,0.0,0.16981132075471697,0.19697394419628383,0.28682758323269825,0.7938078704056544,0.43613222417342895,0.0,0.6415094339622641,0.01950010496404233
567,103,97.16981132075472,106,0,105,1,0,0.0,1.064025176186778,1.0512670223713316,0.4419389136590928,0.7942614781056513,0.5028921256768007,1.275916465506898,4.952830188679245,3.595323583763093,0.34259061600836427,0.44023071404998937,0.10303684516880465,0.0,0.44023071404998937,-0.027292038170064203,0,0,1,0,0,0.0,0.16981132075471697,0.19757171203179913,0.29467111334296203,0.7833198057413652,0.43569731656825045,0.0,0.6415094339622641,0.019598261000472798
568,104,98.11320754716981,106,0,105,1,0,0.0,1.0628646073472985,1.0500660456023614,0.4302609123341886,0.7959078256126775,0.49718846236666536,1.2999606175973213,4.952830188679245,3.595323583763093,0.34181814566230373,0.43555217911524313,0.10249613961286894,0.0,0.43555217911524313,-0.025861852620422177,0,0,0,1,0,0.0,0.16037735849056603,0.19551544907032598,0.30254227766507585,0.7812103703677226,0.43372208703747045,0.0,0.6415094339622641,0.019622053916370806
569,104,98.11320754716981,106,1,105,0,0,0.009433962264150943,1.0613341772132479,1.048780459584844,0.43669041688547866,0.7974576415714641,0.4994366144600555,1.3130691648895092,4.952830188679245,3.595323583763093,0.33852519249955804,0.4396473288292484,0.10432972988547086,0.0,0.4396473288292484,-0.02338699716875603,0,1,0,0,0,0.0,0.16037735849056603,0.19404673392466468,0.28748704931719893,0.7626638588725694,0.4331338572653971,0.009433962264150943,0.6415094339622641,0.019642262215036142
570,105,99.05660377358491,106,0,106,0,0,0.0,1.0807665647634401,1.0677416920408695,0.5023733858977403,0.7994974740076174,0.4851877898576804,1.2855236179250025,4.952830188679245,3.595323583763093,0.34560629320648895,0.0,0.0,0.0,0.0,0.0,0,0,0,0,0,0.0,0.1509433962264151,0.20563263931771258,0.26604171335441895,0.751967900302108,0.4499034442793273,0.0,0.6415094339622641,0.019776093441110237
571,103,97.16981132075472,106,2,103,1,0,0.018867924528301886,1.0876556486927356,1.077494713513039,0.5236788700061872,0.8016466952932059,0.4856278671675903,1.2846088225548626,4.952830188679245,3.595323583763093,0.3485063036343252,0.8768559339235414,0.09790095616549037,1.0,0.12314406607645852,0.012061727142797185,0,2,0,1,0,0.6666666666666666,0.1509433962264151,0.2102563578369917,0.28022658139819684,0.7628836164442909,0.45538394378821523,0.018867924528301886,0.6037735849056604,0.019849174590630722
572,101,95.28301886792453,106,2,97,1,6,0.018867924528301886,1.0876849732938698,1.0705421612128068,0.48936910610887263,0.8038211304988576,0.504924388880958,1.3160151494745609,4.952830188679245,3.595323583763093,0.3492544115081915,0.9058677543424535,0.11689569718536726,1.0,0.09413224565754663,0.00745432518499591,1,7,0,1,0,0.5555555555555556,0.16037735849056603,0.21146745500637762,0.4136777707279203,0.7992371170650577,0.41501467721332164,0.018867924528301886,0.5283018867924528,0.019888410204517617
573,101,95.28301886792453,106,1,104,1,0,0.009433962264150943,1.0893684062289337,1.070225274521283,0.505432522944913,0.8057593263548674,0.5150466454672146,1.3352981744878434,4.952830188679245,3.595323583763093,0.3492188534668563,0.6008560151721141,0.11510624828302515,0.5,0.10088570792880662,-0.008473588917853048,1,0,0,1,0,0.5,0.16981132075471697,0.21388134813627824,0.4029220007870652,0.7803357910119056,0.4150357405770576,0.009433962264150943,0.5849056603773585,0.019931669575548254
574,101,95.28301886792453,106,1,104,1,0,0.009433962264150943,1.089800242807969,1.0687985254647017,0.5037836769035812,0.8075917650816002,0.5210318846857194,1.3359556524297176,4.952830188679245,3.595323583763093,0.3463548007060717,0.48642212273127894,0.10815111347553341,0.5,0.4454891357407019,-0.008273495099186123,0,1,0,1,0,0.0,0.1792452830188679,0.2114780735335417,0.3896298366093732,0.7702057880810493,0.4155412703789785,0.009433962264150943,0.6226415094339622,0.01996676980929355
575,100,94.33962264150944,106,2,104,0,0,0.018867924528301886,1.0877357366931233,1.0672498406739328,0.48762480554740667,0.809241863797999,0.5169795257510779,1.3291700435139417,4.952830188679245,3.595323583763093,0.3451227238255776,0.6279647936769741,0.11002858379732162,0.5,0.25396988918145547,-0.0036842478938617917,0,2,0,0,0,0.0,0.18867924528301888,0.20843776765762798,0.40333260634415985,0.7982434867609813,0.42157587698509286,0.018867924528301886,0.5849056603773585,0.019986110472872347
576,99,93.39622641509433,106,2,104,0,0,0.018867924528301886,1.090466743261453,1.0762443594853326,0.5159466337198313,0.8109235899762962,0.5134149524430174,1.3145764923220946,4.952830188679245,3.595323583763093,0.34784309087590803,0.5993601898351717,0.0832234927948613,0.5,0.267913344681001,0.005988484456684651,0,2,0,0,0,0.0,0.16037735849056603,0.21257506057255343,0.3932290247050527,0.8042019917016573,0.41708661863110386,0.018867924528301886,0.6226415094339622,0.020029997254665317
577,98,92.45283018867924,106,2,97,1,6,0.018867924528301886,1.0838014767480524,1.0691669068429903,0.5204309285123615,0.8125273858086945,0.5314916280590983,1.3467667232612783,4.952830188679245,3.595323583763093,0.3505948728744097,0.8595282432388287,0.09714206986805343,1.0,0.14047175676117124,0.011874308003806419,1,7,0,1,0,0.5555555555555556,0.1792452830188679,0.216964944864542,0.4034891317312246,0.8190508528656594,0.41702691321836394,0.018867924528301886,0.5849056603773585,0.020025501746997125
578,99,93.39622641509433,106,0,106,0,0,0.0,1.0770599655732331,1.0626363977035334,0.4912751428864467,0.8138785706952093,0.5322606846894538,1.3275521830194947,4.952830188679245,3.595323583763093,0.34631626515865443,0.0,0.0,0.0,0.0,0.0,0,0,0,0,0,0.0,0.18867924528301888,0.21132969167619212,0.4254135960351261,0.8360684889238388,0.40780999653808514,0.0,0.5471698113207547,0.020016083925565586
579,100,94.33962264150944,106,0,106,0,0,0.0,1.0719826656866531,1.0576133157821694,0.4803539966306055,0.8150366992736786,0.5436901821602639,1.363859804690423,4.952830188679245,3.595323583763093,0.3452496360116166,0.0,0.0,0.0,0.0,0.0,0,0,0,0,0,0.0,0.19811320754716982,0.21030564685859587,0.43983560131753074,0.8417279025316596,0.40109084972338194,0.0,0.5471698113207547,0.02001151666108869
580,102,96.22641509433963,106,0,106,0,0,0.0,1.0736155631626336,1.059227465742499,0.48932160427629784,0.8161996165135967,0.5461472232342959,1.3417234865659624,4.952830188679245,3.595323583763093,0.3439337829261413,0.0,0.0,0.0,0.0,0.0,0,0,0,0,0,0.0,0.18867924528301888,0.21045232362585756,0.42888517628960676,0.7836711544226147,0.40075364087389465,0.0,0.5471698113207547,0.0200405864673618
581,102,96.22641509433963,106,2,103,0,1,0.018867924528301886,1.077042145226542,1.0615138050574737,0.49793627478845187,0.8174208822452588,0.5435594494439643,1.331421805363409,4.952830188679245,3.595323583763093,0.34425069202148206,0.4694329814747658,0.11510878790407218,0.6666666666666666,0.45564978234212977,-0.004934586301618822,0,3,0,0,0,0.0,0.19811320754716982,0.21158903394655468,0.4231039513445801,0.8347629978943976,0.40897825258437304,0.018867924528301886,0.5094339622641509,0.020079673605116775
582,103,97.16981132075472,106,1,103,2,0,0.009433962264150943,1.0761076363381665,1.0597864239585335,0.5271814829469246,0.8185342578416729,0.5373948151919875,1.28048288010791,4.952830188679245,3.595323583763093,0.3479237028694002,0.5595385907057745,0.11495125929315231,0.3333333333333333,0.22913459716919019,-0.00894990629584704,0,1,0,2,0,0.3333333333333333,0.20754716981132076,0.2175679715994286,0.40107863132504695,0.795575482517489,0.4116676968497338,0.009433962264150943,0.5471698113207547,0.020095015788371768
583,101,95.28301886792453,106,2,104,0,0,0.018867924528301886,1.0704625129790069,1.0549960117110366,0.4999840429233205,0.819427265204039,0.5498792093208966,1.3513328753496348,4.952830188679245,3.595323583763093,0.34399591937505125,0.6711426828856248,0.1074897158289835,0.5,0.3268037992183993,-0.005121962862572493,0,2,0,0,0,0.0,0.2169811320754717,0.2114628794454627,0.4192612074446465,0.8020772473895974,0.4003623363484081,0.018867924528301886,0.5094339622641509,0.020082843423727913
584,101,95.28301886792453,106,0,106,0,0,0.0,1.071970732772665,1.0564057378390905,0.5329558108295027,0.8203511671925775,0.552631733329254,1.3590584037980944,4.952830188679245,3.595323583763093,0.34389351864937123,0.0,0.0,0.0,0.0,0.0,0,0,0,0,0,0.0,0.20754716981132076,0.21535036550889752,0.39640458717131904,0.800542329584532,0.3996117337885695,0.0,0.5094339622641509,0.020106993155738596
585,101,95.28301886792453,106,0,106,0,0,0.0,1.0807507354631758,1.0650361078624038,0.566273331639875,0.8214900836980825,0.5463645385330766,1.354718751140483,4.952830188679245,3.595323583763093,0.34596191582879543,0.0,0.0,0.0,0.0,0.0,0,0,0,0,0,0.0,0.20754716981132076,0.2196620209023836,0.379626812450037,0.7971173332274791,0.40590833235768875,0.0,0.5094339622641509,0.020171367036052046
586,103,97.16981132075472,106,0,105,1,0,0.0,1.0874743562399634,1.0716321389011447,0.5936783444502011,0.8227777713974885,0.5352634329589927,1.336912030451029,4.952830188679245,3.595323583763093,0.3467418918598284,0.5059342628677046,0.07574037808491674,1.0,0.4940657371322954,0.0018969670942068917,0,0,1,0,0,0.0,0.20754716981132076,0.2218061992744098,0.3617516755466286,0.802854397405095,0.4109284207303566,0.0,0.5094339622641509,0.020228133409706965
587,104,98.11320754716981,106,0,105,1,0,0.0,1.0840112867748712,1.068286644215523,0.6045985873648273,0.8239229374698119,0.5301443564407539,1.3233503034324912,4.952830188679245,3.595323583763093,0.3458461528331369,0.4431443078837968,0.07332802419983314,0.0,0.4431443078837968,-0.001256110610189043,0,0,0,1,0,0.0,0.22641509433962265,0.22205314004120935,0.3399983845547502,0.8046864654883641,0.4182299848553507,0.0,0.4716981132075472,0.02023140427531725
588,105,99.05660377358491,106,1,105,0,0,0.009433962264150943,1.0864012654134707,1.0685219768424652,0.6006346888590153,0.8250969676063848,0.5249631158998189,1.321713510857611,4.952830188679245,3.595323583763093,0.3473123628876993,0.9734058869126159,0.11443676341082823,1.0,0.02659411308738413,-7.861172314915787e-05,0,1,0,0,0,1.0,0.2358490566037736,0.22248996140250182,0.3418965144195965,0.7818277100243004,0.4168348428739897,0.009433962264150943,0.5283018867924528,0.020264459259700593
589,105,99.05660377358491,106,0,106,0,0,0.0,1.0947673096969956,1.076848875704405,0.5804579850155879,0.8264050230128691,0.5359433989825183,1.3374531489458923,4.952830188679245,3.595323583763093,0.34557957431532604,0.0,0.0,0.0,0.0,0.0,0,0,0,0,0,0.0,0.2169811320754717,0.21798705053734843,0.35324663440978554,0.7794917264706784,0.4131641121925617,0.0,0.5283018867924528,0.020329803893377227
590,104,98.11320754716981,106,1,104,1,0,0.009433962264150943,1.1014863567684106,1.083564072761651,0.6386036914984501,0.8278527716330293,0.5347799531504027,1.338468686122464,4.952830188679245,3.595323583763093,0.3498963400908224,0.7496799751300071,0.09888702377973273,1.0,0.25032002486999294,0.002339729925968176,0,1,0,1,0,0.5,0.2358490566037736,0.22697455160421504,0.3214884767597407,0.8092702482816503,0.42653676957517794,0.009433962264150943,0.5283018867924528,0.020389424752521413
591,102,96.22641509433963,106,2,104,0,0,0.018867924528301886,1.1003381035384596,1.0836520147325783,0.6223568991356441,0.8292226087688129,0.5416804243069895,1.3731132908190824,4.952830188679245,3.595323583763093,0.34970236083849837,0.7418717039764431,0.09959112137988767,1.0,0.25812829602355697,0.002785231910170216,0,2,0,0,0,0.0,0.24528301886792453,0.2257711363061052,0.3399513410508379,0.8025619563145338,0.42326804051856093,0.018867924528301886,0.5471698113207547,0.020408308525172645
592,102,96.22641509433963,106,0,105,1,0,0.0,1.1055430691975494,1.088605998595909,0.6267343835625082,0.830720499315275,0.5353238708310497,1.3469108951289643,4.952830188679245,3.595323583763093,0.3480188459887128,0.5276948179686454,0.10318448685776915,1.0,0.47230518203135463,0.01195196630908546,0,0,0,1,0,0.0,0.24528301886792453,0.22403993894719074,0.3405502283582982,0.8025619563145338,0.41852307036816694,0.0,0.5471698113207547,0.020461260359506052
593,102,96.22641509433963,106,1,105,0,0,0.009433962264150943,1.108454646489508,1.0911158880953888,0.6088258457035164,0.8322513642412099,0.5390520859304184,1.3706446475223864,4.952830188679245,3.595323583763093,0.34901178274453404,0.5009998522884987,0.10722878021390284,1.0,0.49900014771150125,-0.000506775744402943,0,1,0,0,0,0.0,0.25471698113207547,0.22173113488257307,0.3421041264504676,0.8010183801671077,0.41946546742001645,0.009433962264150943,0.5471698113207547,0.02050333801982469
594,102,96.22641509433963,106,0,106,0,0,0.0,1.0984661357250123,1.0814091620376691,0.5538910436290084,0.8334333615782278,0.5523356048276571,1.3919260764783439,4.952830188679245,3.595323583763093,0.3454841733062288,0.0,0.0,0.0,0.0,0.0,0,0,0,0,0,0.0,0.25471698113207547,0.2143177256341501,0.3616311866526756,0.8098450237816968,0.4147842435857538,0.0,0.5094339622641509,0.02047464378051084
595,103,97.16981132075472,106,0,105,1,0,0.0,1.0999381364961032,1.0827073985314517,0.5515456591918277,0.8346102029284955,0.5489411109734206,1.3820882930121456,4.952830188679245,3.595323583763093,0.3458495380548956,0.4836206176305442,0.09197265936167101,0.0,0.4836206176305442,0.0021449212488749425,0,0,0,1,0,0.0,0.25471698113207547,0.2135071785783807,0.35264289927650133,0.787210564930603,0.41617848899875426,0.0,0.5471698113207547,0.02050315941167112
596,105,99.05660377358491,106,0,105,1,0,0.0,1.1153403812553226,1.0976784283507706,0.5858713902592362,0.8361753385968146,0.5501820866336695,1.3915575036184633,4.952830188679245,3.595323583763093,0.3481293994780299,0.619091899052373,0.10973565800195263,1.0,0.38090810094762695,0.004687315358114952,0,0,0,1,0,0.0,0.22641509433962265,0.21687617936069709,0.3376111699454205,0.7980748196092646,0.4186557253832556,0.0,0.5094339622641509,0.0206083064813677
597,104,98.11320754716981,106,1,105,0,0,0.009433962264150943,1.128801461065312,1.1132977665523844,0.6498239332599279,0.8380568748071143,0.5524491000553962,1.3924124922498617,4.952830188679245,3.595323583763093,0.35142843775210997,0.5943681042613349,0.1043602972416345,1.0,0.4056318957386651,0.0013093674983309933,0,1,0,0,0,0.0,0.2169811320754717,0.22443823959757503,0.31874395910624653,0.8027791564365774,0.41973152717851997,0.009433962264150943,0.5094339622641509,0.02070943553797062
598,104,98.11320754716981,106,1,104,1,0,0.009433962264150943,1.1257084921897953,1.1093527357800825,0.6331363427743785,0.8398520874635226,0.5516602620685593,1.3652317642177043,4.952830188679245,3.595323583763093,0.3539035156413344,0.5716277047631907,0.10174835484686091,1.0,0.4283722952368093,0.001373447832428154,0,1,0,1,0,0.0,0.2169811320754717,0.22608240998697776,0.3227193254431629,0.8096493565042227,0.423847110838006,0.009433962264150943,0.5660377358490566,0.02072624254560031
599,102,96.22641509433963,106,2,102,2,0,0.018867924528301886,1.131140728159993,1.1169537272962058,0.660072907747605,0.8417228060023401,0.5532859334080007,1.359049524861269,4.952830188679245,3.595323583763093,0.3532920267743218,0.4598747402226674,0.09635996139730643,0.75,0.40576872520363116,-0.0020752688893642263,0,2,0,2,0,0.0,0.2358490566037736,0.22724301854953413,0.31139424451315084,0.8134717632989759,0.42299047341913554,0.018867924528301886,0.5471698113207548,0.020787032917857266
600,101,95.28301886792453,106,1,103,1,1,0.009433962264150943,1.128324505651322,1.1133826150224357,0.6254032541858798,0.8435085502556697,0.5585598076634763,1.3641583965977753,4.952830188679245,3.595323583763093,0.3546666110744776,0.7610061586455193,0.0985293510903204,0.6666666666666666,0.2149122150330475,0.009521633721912134,0,2,0,1,0,0.3333333333333333,0.24528301886792453,0.2257493407626735,0.321942262473285,0.8317801772400554,0.4270940624909797,0.009433962264150943,0.5471698113207548,0.02080505344745674
601,99,93.39622641509433,106,3,103,0,0,0.02830188679245283,1.135371749820884,1.1199236616186767,0.6221447013199799,0.8454093409153098,0.5638427447403256,1.384531924714833,4.952830188679245,3.595323583763093,0.35518310889859395,0.7832417009911484,0.10006856168132072,1.0,0.21675829900885155,0.0059638833168743815,1,2,0,0,0,0.3333333333333333,0.22641509433962265,0.22558795487351765,0.3247333766895274,0.8211264378512791,0.4214150310637068,0.02830188679245283,0.5849056603773586,0.02087445945573655
602,100,94.33962264150944,106,0,105,1,0,0.0,1.1453787918147265,1.1293815181272822,0.6698405217878011,0.8474980755595591,0.5580738617929469,1.3745853686983918,4.952830188679245,3.595323583763093,0.3630839985937968,0.5777893407073058,0.09585719767126435,1.0,0.4222106592926942,0.0034892384924083975,0,0,0,1,0,0.0,0.2169811320754717,0.2363267661891894,0.3362964743786985,0.8096127546600544,0.42587602442973466,0.0,0.6226415094339623,0.020962043050339225
603,101,95.28301886792453,106,0,105,1,0,0.0,1.1482430269582278,1.1320446467159835,0.6912229741588031,0.8495883119067138,0.5620524373630892,1.4008341831218791,4.952830188679245,3.595323583763093,0.3650334948994789,0.5787160604992381,0.09450586192698018,1.0,0.42128393950076193,0.004173408892508335,0,0,0,1,0,0.0,0.20754716981132076,0.23996471760790997,0.32537674012826195,0.8228107636146005,0.4319079543721889,0.0,0.6226415094339623,0.021013939606229555
604,102,96.22641509433963,106,0,105,1,0,0.0,1.1637520447353003,1.147211909562167,0.7196063736453165,0.8520396472360189,0.5460517141245753,1.3755142025986822,4.952830188679245,3.595323583763093,0.3675834428232141,0.44372923294023126,0.09001150265380964,0.0,0.44372923294023126,0.0025516553098449135,0,0,0,1,0,0.0,0.1792452830188679,0.243368857641039,0.31584455402548817,0.8123448526783892,0.4390705071005937,0.0,0.5849056603773586,0.021135551413720727
605,102,96.22641509433963,106,1,105,0,0,0.009433962264150943,1.1688841486039716,1.153408042486418,0.7527241558773544,0.8545451320852416,0.5397887729222574,1.3441528932965057,4.952830188679245,3.595323583763093,0.3720207889003464,0.48851485554004154,0.09170603861923415,0.0,0.48851485554004154,0.0036224140911353953,0,1,0,0,0,0.0,0.1792452830188679,0.24975562403979468,0.309572786871811,0.827348750495208,0.4495322064129673,0.009433962264150943,0.6226415094339623,0.02120625207689994
606,103,97.16981132075472,106,2,104,0,0,0.018867924528301886,1.1589225127626186,1.1412304149801624,0.6742242672466336,0.8567187406245862,0.5541126511114376,1.380319451408795,4.952830188679245,3.595323583763093,0.3666896889632485,0.6328135875513212,0.09587575799799096,0.5,0.14937330936166132,-0.00034968771267837595,0,2,0,0,0,0.5,0.19811320754716982,0.2392337754552746,0.3206205916362029,0.811326718038481,0.44155446173024876,0.018867924528301886,0.6226415094339623,0.021195518027910046
607,103,97.16981132075472,106,0,106,0,0,0.0,1.1580001734477259,1.1401955694477086,0.6798435672671164,0.8587119058638926,0.5631479271976686,1.3936674336551453,4.952830188679245,3.595323583763093,0.36523326321396277,0.0,0.0,0.0,0.0,0.0,0,0,0,0,0,0.0,0.1792452830188679,0.23879503414626668,0.3130270954164995,0.8083077626450264,0.43900910602153065,0.0,0.5849056603773586,0.02122673670129166
608,101,95.28301886792453,106,2,103,1,0,0.018867924528301886,1.1732258458132472,1.1557042894474958,0.757479559764229,0.8610532512874254,0.5563885365077234,1.394460504156334,4.952830188679245,3.595323583763093,0.37136276772717847,0.7332720418249679,0.1185192494163857,0.6666666666666666,0.24337235032036078,0.006424179366545231,0,2,0,1,0,0.0,0.19811320754716982,0.2498565695498838,0.3109026951945217,0.8034209889279154,0.4358437916383513,0.018867924528301886,0.5849056603773586,0.02134495453521408
609,98,92.45283018867924,106,3,101,1,1,0.02830188679245283,1.1687735058404132,1.148952008416547,0.6942861801906737,0.8632159605436185,0.5631432609874178,1.3911145750251162,4.952830188679245,3.595323583763093,0.3670528798302395,0.7204021346062326,0.10471823952756945,1.0,0.2795978653937674,0.000713049866512816,0,4,0,1,0,0.0,0.2169811320754717,0.24113475232592047,0.31700852419216213,0.7982742878662754,0.4409574401500525,0.02830188679245283,0.6037735849056605,0.02136157103331798
610,96,90.56603773584905,106,4,101,1,0,0.03773584905660377,1.1619024696526927,1.14660777249723,0.6320195122008981,0.8650460852943821,0.5771328376161462,1.39781095851136,4.952830188679245,3.595323583763093,0.3608524593644573,0.5865927280730141,0.1014697535438579,0.4,0.38042167032695956,0.005285521595152743,1,3,0,1,0,0.2,0.19811320754716982,0.22946330707567544,0.3446579593127684,0.8075441765607285,0.4283219876069347,0.03773584905660377,0.5849056603773586,0.021360115305767622
611,96,90.56603773584905,106,2,103,1,0,0.018867924528301886,1.1589348385854006,1.143884554186204,0.6767460977145215,0.8668381165691178,0.5719394263634745,1.3773540181376205,4.952830188679245,3.595323583763093,0.3636083290662131,0.7435021207446217,0.10960126226842763,1.0,0.2564978792553783,0.0029994232590041894,0,2,0,1,0,0.3333333333333333,0.20754716981132076,0.23712256829178396,0.33614832962721225,0.804267932537291,0.4282819745349089,0.018867924528301886,0.6037735849056605,0.021377491811955654
612,95,89.62264150943396,106,1,104,1,0,0.009433962264150943,1.1657952209356606,1.1517279797272906,0.6585533616959734,0.8687724193228972,0.5764390643138538,1.3784260297492952,4.952830188679245,3.595323583763093,0.3594518659338999,0.6305285254082353,0.09582675340138744,1.0,0.3694714745917647,-0.010002179171597347,0,1,0,1,0,0.0,0.1792452830188679,0.23155163756953628,0.3430381362450117,0.8136987501095814,0.4189235518029494,0.009433962264150943,0.5660377358490567,0.021446565945250958
613,95,89.62264150943396,106,2,103,1,0,0.018867924528301886,1.1627885607156003,1.1474541429185583,0.628054082174923,0.870587453432723,0.5873794765212681,1.3886063991438664,4.952830188679245,3.595323583763093,0.35665514675572685,0.819245530775864,0.11671705149768119,0.6666666666666666,0.16251197991709002,-0.004305420067265031,1,1,0,1,0,0.6666666666666666,0.18867924528301888,0.22700939348085822,0.35336976928446456,0.8171455459494785,0.4212825294964395,0.018867924528301886,0.5471698113207548,0.021464160818852614
614,97,91.50943396226415,106,2,103,1,0,0.018867924528301886,1.1668658995565235,1.1506599971786444,0.6298312679386889,0.8723994963149133,0.5959308102051538,1.402095349703338,4.952830188679245,3.595323583763093,0.3600509873049409,0.5185349348150404,0.10245776552662948,0.6666666666666666,0.3833198767823578,0.004876890704022326,0,2,0,1,0,0.0,0.18867924528301888,0.2293040900893868,0.36345942874694387,0.8193724009823614,0.4203908891917981,0.018867924528301886,0.5283018867924528,0.02151712191560288
615,100,94.33962264150944,106,0,106,0,0,0.0,1.1631243843838894,1.1473992014842789,0.6116611023145925,0.8740360827519718,0.6005336566004915,1.36830039101174,4.952830188679245,3.595323583763093,0.35826551629626024,0.0,0.0,0.0,0.0,0.0,0,0,0,0,0,0.0,0.18867924528301888,0.22529043136068214,0.3490050911990434,0.8306283250457154,0.4188980397066504,0.0,0.5283018867924528,0.02152783462880982
616,101,95.28301886792453,106,0,106,0,0,0.0,1.1686641229882702,1.152799456743548,0.6240880921371362,0.8757691539316258,0.6020880984866536,1.4054385622614998,4.952830188679245,3.595323583763093,0.35844709501856875,0.0,0.0,0.0,0.0,0.0,0,0,0,0,0,0.0,0.16981132075471697,0.2261718743558164,0.3438168060886468,0.807712102059918,0.4195570802547225,0.0,0.5283018867924528,0.021586688080254473
617,102,96.22641509433963,106,0,106,0,0,0.0,1.1642476685639416,1.1487841450134941,0.5559679873111812,0.8773244248347607,0.6084621080316548,1.4178383306641202,4.952830188679245,3.595323583763093,0.3501591131226347,0.0,0.0,0.0,0.0,0.0,0,0,0,0,0,0.0,0.16981132075471697,0.21244783552084262,0.3747774992523293,0.8241784450164895,0.40973762175250306,0.0,0.49056603773584906,0.02159256431891874
618,104,98.11320754716981,106,0,105,1,0,0.0,1.1764771878313447,1.160643630220728,0.5709469551686848,0.8791648882111787,0.6094978647676745,1.4181008597888711,4.952830188679245,3.595323583763093,0.35053712738009946,0.8798891492088363,0.1091165367814905,1.0,0.12011085079116368,0.0008359089132055075,0,0,0,1,0,0.0,0.16037735849056603,0.21336457798025354,0.3719858640093359,0.8319888904285083,0.4110997234379029,0.0,0.5283018867924528,0.021686797222167195
619,104,98.11320754716981,106,2,104,0,0,0.018867924528301886,1.176630232745136,1.1615718364006067,0.5888863844987191,0.8809452780271015,0.6038615706069534,1.4102929143025764,4.952830188679245,3.595323583763093,0.3540782778741034,0.9113615619670725,0.11014153147410294,1.0,0.08863843803292748,0.002690443258034192,0,2,0,0,0,0.5,0.16981132075471697,0.21759004465660428,0.35610382458045264,0.8347993371621333,0.4172892768039312,0.018867924528301886,0.5660377358490567,0.021719567834203545
620,103,97.16981132075472,106,1,105,0,0,0.009433962264150943,1.167792313902808,1.1514323923489533,0.5627599101319536,0.8824295324934641,0.6272006151587308,1.469121110581788,4.952830188679245,3.595323583763093,0.35253842369697397,0.49420563852774,0.13419572234783272,0.0,0.49420563852774,-0.03793212346985919,0,1,0,0,0,0.0,0.1792452830188679,0.21483519123706823,0.3693987307428705,0.8224966066890891,0.40875676145992534,0.009433962264150943,0.5660377358490566,0.021702060115428
621,103,97.16981132075472,106,0,105,1,0,0.0,1.1795511945510382,1.1625782084578027,0.6093231095681519,0.8841420942083352,0.6149475680637234,1.4221928097587395,4.952830188679245,3.595323583763093,0.35598698246517935,0.7689207390117145,0.1245464598870224,1.0,0.23107926098828546,0.007011548417086955,0,0,1,0,0,0.0,0.16037735849056603,0.22160911927771035,0.35387635087624947,0.817603594083385,0.41504442168114414,0.0,0.5660377358490567,0.02179164058627978
622,103,97.16981132075472,106,1,105,0,0,0.009433962264150943,1.1782852790952774,1.1625138023879087,0.5941504044803506,0.8857757637459717,0.6183186416457123,1.4261098765447402,4.952830188679245,3.595323583763093,0.34680165718855016,0.9566284775450058,0.1243101282180509,1.0,0.043371522454994205,0.0022965843582738454,0,1,0,0,0,1.0,0.16981132075471697,0.21203781545915315,0.3360341581053093,0.8262802234655697,0.4054211139184665,0.009433962264150943,0.5660377358490567,0.021814678862084675
623,103,97.16981132075472,106,0,106,0,0,0.0,1.1756589796961916,1.1601046170921852,0.6070478937961694,0.887296870728467,0.6126541395753541,1.4253611612196995,4.952830188679245,3.595323583763093,0.3462097714896888,0.0,0.0,0.0,0.0,0.0,0,0,0,0,0,0.0,0.16037735849056603,0.21291878799406166,0.32496465585421214,0.8148174018798278,0.4062604797922002,0.0,0.6037735849056605,0.02182889172412721
624,102,96.22641509433963,106,3,103,0,0,0.02830188679245283,1.166822369938431,1.1479933670755702,0.5636261883057749,0.8885154315047717,0.625417915286641,1.4596321191776884,4.952830188679245,3.595323583763093,0.34173366194106936,0.6799183795080688,0.12080844242779072,1.0,0.3200816204919312,0.005348487298406701,0,3,0,0,0,0.0,0.16037735849056603,0.20640490772052,0.3356739791306788,0.8099320763660603,0.3994450531721851,0.02830188679245283,0.5849056603773586,0.02180661427682489
625,103,97.16981132075472,106,0,105,1,0,0.0,1.1734865316539707,1.1546085645541986,0.5849588959993369,0.8897799578677588,0.6155913553343381,1.4392470350590376,4.952830188679245,3.595323583763093,0.34452480076740466,0.5094586732461297,0.09924213467750145,1.0,0.4905413267538703,0.0036665304596110726,0,0,0,1,0,0.0,0.16037735849056603,0.21010104707983185,0.32449745152107085,0.7992590560355274,0.40638557135537123,0.0,0.5849056603773586,0.021862666992678276
626,101,95.28301886792453,106,2,104,0,0,0.018867924528301886,1.191168716290799,1.1713778106970696,0.6957433402524541,0.891487850273212,0.6046115348597175,1.4224121312683506,4.952830188679245,3.595323583763093,0.353876580413802,0.5605056499011157,0.11099511318027261,1.0,0.43949435009888427,0.007086443362479433,0,2,0,0,0,0.0,0.16981132075471697,0.2272752920883035,0.2902428037878629,0.8208682062204271,0.4253126590314855,0.018867924528301886,0.5471698113207548,0.021981780045081695
627,100,94.33962264150944,106,3,102,1,0,0.02830188679245283,1.1947960961821507,1.173787885855454,0.7245360394180413,0.8932233102467035,0.6046055151234454,1.454346186948013,4.952830188679245,3.595323583763093,0.3554284876082292,0.6790731467889076,0.11679604137069649,1.0,0.3209268532110925,-0.00024325720501573722,0,3,1,0,0,0.0,0.19811320754716982,0.23082849142530087,0.2855957826819613,0.8132415149186017,0.42492737914146783,0.02830188679245283,0.5660377358490567,0.022031114645395308
628,97,91.50943396226415,106,3,101,1,1,0.02830188679245283,1.1928069620334483,1.1779558462165725,0.6852068323174275,0.8948161471692492,0.6094344766610773,1.4385169429623892,4.952830188679245,3.595323583763093,0.35427684456052266,0.8008530775551825,0.11205058058986554,0.8,0.19252366590130837,0.006103314067277344,1,3,0,1,0,0.4,0.1792452830188679,0.22491033712238423,0.30534056905473556,0.799287472666163,0.4240610889716288,0.02830188679245283,0.6415094339622642,0.022049802795415383
629,95,89.62264150943396,106,3,101,2,0,0.02830188679245283,1.1966041313345608,1.177749364867242,0.6541856419998833,0.8966391054226501,0.6116649228315799,1.4352002956586587,4.952830188679245,3.595323583763093,0.35170423912027493,0.7489492939344639,0.11405179223160085,0.8,0.23288498371791988,0.008431907485782075,0,3,0,2,0,0.4,0.18867924528301888,0.2204233669632597,0.3114438585247937,0.8226880775436657,0.42237777734177934,0.02830188679245283,0.6226415094339623,0.022101559265924286
630,94,88.67924528301887,106,2,103,1,0,0.018867924528301886,1.1973598607981795,1.1805882186173622,0.6691093098689949,0.8983021829677186,0.6178020503142727,1.4443518990515325,4.952830188679245,3.595323583763093,0.3522544315091347,0.7510178659561687,0.12267067518323244,1.0,0.24898213404383127,0.008801365702938399,0,2,0,1,0,0.0,0.20754716981132076,0.22165461754756674,0.3052543432327393,0.8598489442020377,0.42977334200363937,0.018867924528301886,0.5283018867924529,0.022135234422839434
631,95,89.62264150943396,106,1,105,0,0,0.009433962264150943,1.210683022587077,1.1927864367754997,0.7231773044912235,0.9003376342755067,0.6096537657069843,1.4303759760636707,4.952830188679245,3.595323583763093,0.3548991770088499,0.9728446029507366,0.11825118706730645,1.0,0.027155397049263397,0.004951650254734319,0,1,0,0,0,1.0,0.1792452830188679,0.2275302183487055,0.28642264586434635,0.8660210086330191,0.43533570038719077,0.009433962264150943,0.5283018867924529,0.022238440762236387
632,96,90.56603773584905,106,1,105,0,0,0.009433962264150943,1.2100925873451485,1.1949646650200199,0.6895449460197024,0.9022887340068995,0.6093143532102715,1.4126979927668768,4.952830188679245,3.595323583763093,0.35069633570342296,0.460059925151872,0.06934984024211993,0.0,0.460059925151872,0.004642431605701602,0,1,0,0,0,0.0,0.18867924528301888,0.22070879587505485,0.29298026849103664,0.8582013054513029,0.4328691841976539,0.009433962264150943,0.49056603773584906,0.022270562760419492
633,99,93.39622641509433,106,0,104,2,0,0.0,1.2118291554976253,1.1964660768555901,0.7229052049096517,0.9042619959858431,0.6021110111484773,1.40599949047722,4.952830188679245,3.595323583763093,0.3544912169986394,0.5116089231444951,0.09546014880648772,0.5,0.4499562341606938,0.005135785716720076,0,0,0,2,0,0.0,0.20754716981132076,0.22697865843572618,0.27589543696826474,0.862525106854284,0.44099363848368717,0.0,0.49056603773584906,0.022314718177831074
634,99,93.39622641509433,106,3,103,0,0,0.02830188679245283,1.2151306481522492,1.1984611908285292,0.7063212951922716,0.9062572168013272,0.6173420929517733,1.4282777382646978,4.952830188679245,3.595323583763093,0.35264957271895137,0.6570163230957126,0.11084205585680972,0.6666666666666666,0.3036798986013484,0.002335840520019339,0,3,0,0,0,0.3333333333333333,0.1792452830188679,0.2237506145322552,0.27388483547552156,0.8707748358682909,0.43680074755271314,0.02830188679245283,0.49056603773584906,0.022367092963367814
635,101,95.28301886792453,106,1,105,0,0,0.009433962264150943,1.218520932143636,1.1997757411775793,0.6879945527847823,0.9082463491067174,0.6178506290664012,1.4191703183078923,4.952830188679245,3.595323583763093,0.35179065413678523,0.9733253927198915,0.1165631798418802,1.0,0.02667460728010851,0.008085193436123572,0,1,0,0,0,1.0,0.19811320754716982,0.22167100929734235,0.2899442399411414,0.8703783578421698,0.43317582192403753,0.009433962264150943,0.49056603773584906,0.022419802254768723
636,101,95.28301886792453,106,2,103,0,1,0.018867924528301886,1.2187291816721548,1.1978177653744193,0.6878331970153985,0.9101078983086137,0.6172355076810255,1.4080585245512325,4.952830188679245,3.595323583763093,0.35469254291066155,0.7252032601030862,0.09691708752389923,1.0,0.2747967398969137,0.008734832883310673,1,2,0,0,0,0.3333333333333333,0.18867924528301888,0.2237732777260051,0.28586311692395683,0.881714421386697,0.4433201968683833,0.018867924528301886,0.4528301886792453,0.022454307861150883
637,101,95.28301886792453,106,0,105,1,0,0.0,1.2225516939122343,1.2014880165875548,0.6907552948820466,0.9119444800162013,0.6204923630945518,1.4574055831782704,4.952830188679245,3.595323583763093,0.3550097155724654,0.41546743096628114,0.069973354426765,0.0,0.41546743096628114,0.001208639968212466,0,0,0,1,0,0.0,0.1792452830188679,0.22411481970418382,0.2855910946644327,0.8611776351376199,0.4448672243307606,0.0,0.49056603773584906,0.022506435949985266
638,101,95.28301886792453,106,0,106,0,0,0.0,1.2249429623291002,1.2037236293109443,0.7329853181711184,0.9137793326777096,0.6192263333594304,1.4694347530887715,4.952830188679245,3.595323583763093,0.3578574231330849,0.0,0.0,0.0,0.0,0.0,0,0,0,0,0,0.0,0.1792452830188679,0.23071983353545233,0.2883241110149963,0.8768166776306838,0.44969856486587384,0.0,0.4528301886792453,0.022551376737302852
639,103,97.16981132075472,106,0,106,0,0,0.0,1.226228672639309,1.2047159275732438,0.7467592648042009,0.9155767575155077,0.6209362368780018,1.467926720514325,4.952830188679245,3.595323583763093,0.35908593142921186,0.0,0.0,0.0,0.0,0.0,0,0,0,0,0,0.0,0.16981132075471697,0.23366045561008064,0.3059770475583088,0.8808740997568616,0.44718854483649834,0.0,0.4528301886792453,0.022590116908400782
640,104,98.11320754716981,106,0,106,0,0,0.0,1.2272104913671278,1.2054660861722377,0.7771168996860536,0.9173311356174323,0.617144456172309,1.4620371423033998,4.952830188679245,3.595323583763093,0.3626225950696016,0.0,0.0,0.0,0.0,0.0,0,0,0,0,0,0.0,0.18867924528301888,0.23926690982132856,0.2966579267307878,0.8610118027518954,0.45178814034015347,0.0,0.5283018867924528,0.02262656378686331
641,104,98.11320754716981,106,2,104,0,0,0.018867924528301886,1.2364127433952736,1.2173465448994467,0.8678394227654679,0.9192646786640665,0.6092173535415475,1.4526589717970788,4.952830188679245,3.595323583763093,0.3709051152979288,0.787381211470024,0.0896906641915231,1.0,0.2126187885299759,0.01199931957641609,0,2,0,0,0,0.5,0.19811320754716982,0.25327547681164836,0.26887340478442034,0.8673586901299467,0.46642523306991923,0.018867924528301886,0.5283018867924528,0.022707333611582968
642,104,98.11320754716981,106,0,106,0,0,0.0,1.2357227496448155,1.2165047343039899,0.8908278653094609,0.921203964162874,0.6096991342847626,1.4592845802571077,4.952830188679245,3.595323583763093,0.373456551846741,0.0,0.0,0.0,0.0,0.0,0,0,0,0,0,0.0,0.18867924528301888,0.25779591957353487,0.2641707818626426,0.8799810827391427,0.46815714654859814,0.0,0.49056603773584906,0.02273874543727824
643,104,98.11320754716981,106,0,105,1,0,0.0,1.235591162012927,1.2162414985367251,0.9394847601831068,0.9230659547306892,0.611574289749408,1.4625897755245527,4.952830188679245,3.595323583763093,0.37443990169825114,0.5454966241364042,0.09239119150657449,1.0,0.4545033758635958,0.005432751749274045,0,0,0,1,0,0.0,0.19811320754716982,0.2626168740002402,0.24206482831217072,0.8744195807971991,0.4694279586001087,0.0,0.49056603773584906,0.02277155979212485
644,101,95.28301886792453,106,3,103,0,0,0.02830188679245283,1.2325670055777738,1.210358214847647,0.9083556696771085,0.9247865481688187,0.613992519145019,1.458025917327424,4.952830188679245,3.595323583763093,0.3726947695793472,0.7595528031268354,0.10519590315142631,1.0,0.24044719687316465,0.01130827494169262,0,3,0,0,0,0.3333333333333333,0.18867924528301888,0.25907960346272163,0.24583045510459123,0.8720294959326763,0.46840867808277636,0.02830188679245283,0.5094339622641509,0.022787369460779958
645,101,95.28301886792453,106,0,106,0,0,0.0,1.2253082614922217,1.203079452625865,0.8913498166187874,0.926141158736369,0.6296884177835971,1.479819424661424,4.952830188679245,3.595323583763093,0.36965467335509095,0.0,0.0,0.0,0.0,0.0,0,0,0,0,0,0.0,0.19811320754716982,0.25655733085922894,0.2458799986128797,0.8692059725074462,0.46400398107848223,0.0,0.5094339622641509,0.02277542705695384
646,103,97.16981132075472,106,0,106,0,0,0.0,1.2193026016544313,1.1976935332337149,0.8422945415005154,0.9272921536866294,0.6284847909201396,1.446565523741508,4.952830188679245,3.595323583763093,0.3665660987581112,0.0,0.0,0.0,0.0,0.0,0,0,0,0,0,0.0,0.2169811320754717,0.24972400294568375,0.2479181020888227,0.87340693774531,0.4592902791948593,0.0,0.5094339622641509,0.022766089754212203
647,103,97.16981132075472,106,0,106,0,0,0.0,1.2101471505947776,1.1893145636073361,0.7573946965713728,0.9281607657871521,0.6320000302354094,1.460126529065812,4.952830188679245,3.595323583763093,0.35982475016385007,0.0,0.0,0.0,0.0,0.0,0,0,0,0,0,0.0,0.20754716981132076,0.23675312702824347,0.25785068505218656,0.8720294959326763,0.4526049584135187,0.0,0.5094339622641509,0.02273592720676469
648,103,97.16981132075472,106,1,105,0,0,0.009433962264150943,1.2095623145835326,1.1876947327617375,0.7643635126444824,0.9289829034705115,0.6397739574580812,1.4713273064786678,4.952830188679245,3.595323583763093,0.36090745678139724,0.7419055712487651,0.12655820036866366,1.0,0.2580944287512349,0.008543414538268457,0,1,0,0,0,0.0,0.20754716981132076,0.23801456190095108,0.25763331341021156,0.8860835156820167,0.4515949457845908,0.009433962264150943,0.4716981132075472,0.02274778228171888
649,105,99.05660377358491,106,0,106,0,0,0.0,1.2173066723909327,1.1952643125223372,0.7959841734011766,0.9299618578260445,0.6355849643031317,1.466063791810919,4.952830188679245,3.595323583763093,0.3623171883345626,0.0,0.0,0.0,0.0,0.0,0,0,0,0,0,0.0,0.20754716981132076,0.24128609419617028,0.2578803566694729,0.8730690687787827,0.4527047672270781,0.0,0.5094339622641509,0.022804102359165253
650,104,98.11320754716981,106,1,105,0,0,0.009433962264150943,1.226305272773909,1.2052678212232661,0.8028427190405435,0.9311536803877011,0.624735814159767,1.4489071652288459,4.952830188679245,3.595323583763093,0.36563701496814827,0.49416008993123794,0.11281706421750606,0.0,0.49416008993123794,0.0030156818363875626,0,1,0,0,0,0.0,0.19811320754716982,0.2436430501650577,0.2706002990394574,0.8807859724326592,0.45984991579952694,0.009433962264150943,0.49056603773584906,0.02287052029989806
651,103,97.16981132075472,106,1,104,1,0,0.009433962264150943,1.2359034807427551,1.213352987669768,0.8683807277825022,0.9326041371267533,0.6186744178947869,1.4259807969938205,4.952830188679245,3.595323583763093,0.36763997182717345,0.6935584230386513,0.09500900121729122,1.0,0.30644157696134866,0.0066476815426956826,0,1,0,1,0,0.0,0.20754716981132076,0.25071462838414454,0.248687559886951,0.8697347577731279,0.46413913907889187,0.009433962264150943,0.5283018867924529,0.022944585646348003
652,103,97.16981132075472,106,0,105,1,0,0.0,1.2321037847491565,1.2091821930394884,0.8622260021563506,0.9338532106870949,0.6140258523706953,1.4392682953380334,4.952830188679245,3.595323583763093,0.37001479624364486,0.5108528681398834,0.10461808701841761,1.0,0.4891471318601166,0.011906006053841733,0,0,0,1,0,0.0,0.22641509433962265,0.2530034030135812,0.2624283272442318,0.8918521930210368,0.4634982608915027,0.0,0.49056603773584906,0.022948041284526766
653,103,97.16981132075472,106,1,104,1,0,0.009433962264150943,1.2433784883060937,1.22040986976299,0.8492767422341325,0.9353774752708882,0.6181763887609732,1.446823503826611,4.952830188679245,3.595323583763093,0.3686014346856401,0.43713489429261876,0.11874025109350324,0.5,0.13835186806330035,-0.013531684207095274,0,1,0,1,0,0.0,0.22641509433962265,0.24910809082928687,0.28110607993977743,0.8795219467419584,0.455395270352258,0.009433962264150943,0.5283018867924528,0.02303181592434149
654,103,97.16981132075472,106,0,106,0,0,0.0,1.2458611009858211,1.2228829808848456,0.8456729269701957,0.9369209084761285,0.6194899642047969,1.4460856809580327,4.952830188679245,3.595323583763093,0.3693383413348521,0.0,0.0,0.0,0.0,0.0,0,0,0,0,0,0.0,0.2169811320754717,0.24847797078288783,0.2811500071589763,0.8603747833288546,0.45878472012921373,0.0,0.5660377358490567,0.02307197469675394
655,103,97.16981132075472,106,2,104,0,0,0.018867924528301886,1.2505523899372113,1.228042860497347,0.882361476464479,0.9385259224244703,0.61223754486742,1.4400882091317602,4.952830188679245,3.595323583763093,0.3770513494990253,0.5729030221545732,0.12517160897979807,0.5,0.15836119597127513,-0.010703399859484597,0,2,0,0,0,0.0,0.20754716981132076,0.25777819544571773,0.2643616967863695,0.8582808148837129,0.47282033980026056,0.018867924528301886,0.5660377358490566,0.023124283864014605
656,103,97.16981132075472,106,1,105,0,0,0.009433962264150943,1.2450834322578557,1.2263020993599487,0.8571146053517984,0.9399624182535427,0.6044337009574886,1.447256090607682,4.952830188679245,3.595323583763093,0.37415298785856654,0.9998353144429015,0.1108161962082849,1.0,0.0001646855570984762,0.01404365263491908,0,1,0,0,0,1.0,0.20754716981132076,0.2533668550450476,0.26399582903636243,0.8591876544364566,0.4690246393094031,0.009433962264150943,0.5660377358490567,0.02312276241227903
657,103,97.16981132075472,106,0,105,1,0,0.0,1.258637070900638,1.2392772597150874,0.942617315059851,0.9418125498209626,0.5981138663099835,1.4357407568565024,4.952830188679245,3.595323583763093,0.38005372868160614,0.20252115839420326,0.10817278971146874,0.0,0.20252115839420326,-0.019506992589195526,0,0,0,1,0,0.0,0.22641509433962265,0.26494108741762173,0.2500695662999743,0.8709438037755723,0.4804911820253791,0.0,0.5283018867924528,0.02322378971377999
658,103,97.16981132075472,106,0,106,0,0,0.0,1.2542585452969117,1.2352343084166957,0.9236494243704673,0.9434798774265998,0.6003285662200464,1.4403782385030721,4.952830188679245,3.595323583763093,0.3795392573882954,0.0,0.0,0.0,0.0,0.0,0,0,0,0,0,0.0,0.2358490566037736,0.26353119467462116,0.2612308455836183,0.8725593423043854,0.478047106578639,0.0,0.5283018867924528,0.02323186999707339
659,103,97.16981132075472,106,0,106,0,0,0.0,1.2419754550424749,1.2233706033274114,0.8734339825513738,0.9447460283400264,0.6073612728485241,1.4456656793181895,4.952830188679245,3.595323583763093,0.37543706737495186,0.0,0.0,0.0,0.0,0.0,0,0,0,0,0,0.0,0.25471698113207547,0.25651721690885504,0.2698355390495103,0.864076598867376,0.4751545348235215,0.0,0.5283018867924528,0.023193215656999437
660,105,99.05660377358491,106,1,105,0,0,0.009433962264150943,1.2448180254868169,1.2241828738684466,0.8835667077027595,0.946050437442666,0.6062431850174326,1.4448031374085408,4.952830188679245,3.595323583763093,0.37712728667168216,0.9954517120165558,0.12392802981710567,1.0,0.004548287983444199,0.011683236167860711,0,1,0,0,0,1.0,0.24528301886792453,0.2586448326633876,0.258683406783234,0.855788122110481,0.47923446534931585,0.009433962264150943,0.5660377358490567,0.023230877373269124
661,104,98.11320754716981,106,1,105,0,0,0.009433962264150943,1.2525956318950817,1.2309574122220348,0.9133701463765884,0.9474724451760672,0.5910814983244054,1.4254322939872088,4.952830188679245,3.595323583763093,0.38005981619765583,0.8960815657636063,0.1332875332833225,1.0,0.10391843423639369,0.012342722201483913,0,1,0,0,0,0.0,0.2641509433962264,0.2630493198744026,0.2530102134105349,0.8580571429757048,0.48642596316216097,0.009433962264150943,0.5283018867924529,0.0232953282950114
662,104,98.11320754716981,106,0,106,0,0,0.0,1.268539533914084,1.2467079599141504,0.9161478085285707,0.9492662931477513,0.5860560267516822,1.4242539560665624,4.952830188679245,3.595323583763093,0.3788506388354007,0.0,0.0,0.0,0.0,0.0,0,0,0,0,0,0.0,0.2169811320754717,0.2602039515227314,0.2672501536152035,0.8668656848348943,0.48278006950260793,0.0,0.5283018867924529,0.023407295124697823
663,104,98.11320754716981,106,0,106,0,0,0.0,1.2717746010256197,1.248722146876108,0.9448494133157322,0.9510535797113442,0.5942131785184702,1.4309423398307106,4.952830188679245,3.595323583763093,0.38291887674751734,0.0,0.0,0.0,0.0,0.0,0,0,0,0,0,0.0,0.22641509433962265,0.266187846824804,0.26626970096156355,0.8512844755170398,0.48390143144285114,0.0,0.5283018867924528,0.023455599827920642
664,104,98.11320754716981,106,0,106,0,0,0.0,1.2560537220834198,1.2333690910282362,0.8757403236858851,0.9523350139094252,0.5978132794781256,1.4265037380984893,4.952830188679245,3.595323583763093,0.3806137545734669,0.0,0.0,0.0,0.0,0.0,0,0,0,0,0,0.0,0.25471698113207547,0.259979174268885,0.28129841186570553,0.8415064307444527,0.47887408819815724,0.0,0.5283018867924528,0.023400031286176647
665,105,99.05660377358491,106,0,106,0,0,0.0,1.2660850734814149,1.2427138880031405,0.9506828385676293,0.9538391569531671,0.5857635388808757,1.4148368519360923,4.952830188679245,3.595323583763093,0.3881248519960052,0.0,0.0,0.0,0.0,0.0,0,0,0,0,0,0.0,0.25471698113207547,0.27218605061996504,0.281922983237124,0.8552159507484248,0.4833304050961573,0.0,0.49056603773584906,0.023477227447959215
666,106,100.0,106,0,106,0,0,0.0,1.258158698662725,1.2349141865575153,0.9441517857142515,0.9550648815828935,0.5885338699691676,1.4299615856986243,4.952830188679245,3.595323583763093,0.38938647312505936,0.0,0.0,0.0,0.0,0.0,0,0,0,0,0,0.0,0.2641509433962264,0.2744820883749632,0.28774681577864925,0.8641509207442866,0.4814400171879266,0.0,0.49056603773584906,0.023459629957208038
667,106,100.0,106,0,106,0,0,0.0,1.2611677098289193,1.2380751277076343,0.9607107807107323,0.9563374542960469,0.5876778650347411,1.432141442336829,4.952830188679245,3.595323583763093,0.3890893767511596,0.0,0.0,0.0,0.0,0.0,0,0,0,0,0,0.0,0.2641509433962264,0.27494949057535534,0.2715241637803917,0.8598488874565897,0.48326510854692406,0.0,0.49056603773584906,0.02349755156647728
668,106,100.0,106,0,106,0,0,0.0,1.260636164869536,1.237735037259213,0.9723314490837779,0.9575544920206451,0.5854357581010053,1.412173517820938,4.952830188679245,3.595323583763093,0.38940806596670097,0.0,0.0,0.0,0.0,0.0,0,0,0,0,0,0.0,0.25471698113207547,0.2762429154719687,0.26005728231587555,0.8770538582490187,0.48757664188756467,0.0,0.4528301886792453,0.023516772063848248
669,105,99.05660377358491,106,1,104,1,0,0.009433962264150943,1.271473204182863,1.2442549555767382,1.048505807147377,0.9590093205532939,0.586115862650734,1.4221941951883772,4.952830188679245,3.595323583763093,0.3943388351415218,0.7636078493748248,0.11480469917591493,1.0,0.23639215062517516,0.009503867011215916,0,1,0,1,0,0.5,0.24528301886792453,0.28638678186773914,0.25757096825483833,0.8610593920951366,0.4928410623168341,0.009433962264150943,0.4716981132075472,0.0235971101570837
670,104,98.11320754716981,106,1,105,0,0,0.009433962264150943,1.2826574606181143,1.2529446660673962,1.1233866191138955,0.9606160433126559,0.5729227129075575,1.4129056995657034,4.952830188679245,3.595323583763093,0.4023357251001003,0.5288348206501685,0.10522967274759877,1.0,0.4711651793498315,0.011748506668076142,1,0,0,0,0,0.0,0.27358490566037735,0.2995673329149379,0.25151264396365314,0.866565707495042,0.5109898282059854,0.009433962264150943,0.4716981132075472,0.023681914880406475
671,104,98.11320754716981,106,0,105,1,0,0.0,1.2961382409664355,1.2662730655149512,1.1494314057231212,0.9625000794854633,0.5653836637663558,1.4021607084411443,4.952830188679245,3.595323583763093,0.40248114824181624,0.589337601628432,0.09702782498003548,1.0,0.41066239837156804,0.003827540254127182,0,0,0,1,0,0.0,0.27358490566037735,0.2993960655420446,0.2521792917520535,0.8654458449975359,0.5089436302801427,0.0,0.4716981132075472,0.02378318738057187
672,104,98.11320754716981,106,0,104,2,0,0.0,1.316073119522179,1.2852428095274389,1.1958208003468558,0.9648619974056314,0.551869403260278,1.3585979161028905,4.952830188679245,3.595323583763093,0.40806327198833303,0.33524374214678554,0.09476136777893418,0.5,0.23277236349924144,-0.00811234975296038,0,0,0,2,0,0.0,0.2641509433962264,0.3060823971508429,0.2740540060246845,0.8438426399674169,0.5150873054036992,0.0,0.5471698113207548,0.02392532106935705
673,102,96.22641509433963,106,2,104,0,0,0.018867924528301886,1.31543258682221,1.2895482444805122,1.2062654235234669,0.9671178019914111,0.5619455701229967,1.3708806250430785,4.952830188679245,3.595323583763093,0.407065447582591,0.8194132225108368,0.0967305201171336,1.0,0.18058677748916319,0.008198956767069415,0,2,0,0,0,0.5,0.24528301886792453,0.3058291374952029,0.2819067215572874,0.8438426399674169,0.5005923380678308,0.018867924528301886,0.5471698113207548,0.023962670142995277
674,103,97.16981132075472,106,0,106,0,0,0.0,1.3186875980509143,1.2920051566466015,1.2537281005500585,0.9695082004539229,0.5695294304166111,1.4091391010107557,4.952830188679245,3.595323583763093,0.40933352251154953,0.0,0.0,0.0,0.0,0.0,0,0,0,0,0,0.0,0.22641509433962265,0.3114028386921128,0.28502368835841513,0.847854621195863,0.49863317618186953,0.0,0.5471698113207547,0.0240219164789731
675,102,96.22641509433963,106,2,103,1,0,0.018867924528301886,1.3294179142106886,1.3042686519911595,1.2605989599358742,0.9721260608024522,0.5739398465577273,1.4002326773764406,4.952830188679245,3.595323583763093,0.40930423137667993,0.8053736129897789,0.11341994133450213,1.0,0.19462638701022097,0.01227699551559728,2,0,0,1,0,0.3333333333333333,0.22641509433962265,0.30984399644839233,0.283085214169469,0.8589474894750956,0.5027427348448306,0.018867924528301886,0.49056603773584906,0.024122628335022298
676,101,95.28301886792453,106,2,104,0,0,0.018867924528301886,1.3331925355714833,1.3075643014141267,1.2854078909317794,0.9747948976785573,0.5894200519298147,1.4363405857701255,4.952830188679245,3.595323583763093,0.4082118618051893,0.5791177448324021,0.09366399350666155,1.0,0.42088225516759786,0.011899362334434782,0,2,0,0,0,0.0,0.2358490566037736,0.3094458160722396,0.2694976594141612,0.8617992736725695,0.4983216054477407,0.018867924528301886,0.4716981132075472,0.024189478102635657
677,100,94.33962264150944,106,1,104,1,0,0.009433962264150943,1.3432371382869297,1.3210144959793944,1.2879697843269462,0.977650047147736,0.5974548738095776,1.440030514505015,4.952830188679245,3.595323583763093,0.4052308000287106,0.45195394280697154,0.1114480136020553,0.5,0.10501455596277608,-0.01204427696842511,0,1,0,1,0,0.0,0.22641509433962265,0.30508164913540325,0.2667717352899602,0.8566361436358721,0.4866843177389348,0.009433962264150943,0.5094339622641509,0.024291027047321424
678,100,94.33962264150944,106,3,102,1,0,0.02830188679245283,1.3453463612387446,1.3169214655406505,1.3530670583455524,0.9805421362031793,0.6175814710413462,1.4646061790397666,4.952830188679245,3.595323583763093,0.40985351594932484,0.7352316721073393,0.1274291269720751,0.75,0.11341496574034873,0.0006639007216498738,0,3,0,1,0,0.5,0.2358490566037736,0.31430530040843996,0.2656823910885346,0.8515673127097363,0.4869597275073785,0.02830188679245283,0.5283018867924528,0.02435356314201739
679,100,94.33962264150944,106,0,106,0,0,0.0,1.3466857255435591,1.317934768205557,1.3412769262277193,0.9831956891634581,0.6322545703919518,1.4796283381868751,4.952830188679245,3.595323583763093,0.4074415164673584,0.0,0.0,0.0,0.0,0.0,0,0,0,0,0,0.0,0.2358490566037736,0.31053519991242196,0.27236669021052673,0.8471844243751356,0.4816077374772728,0.0,0.5283018867924528,0.024407961871235735
680,101,95.28301886792453,106,0,106,0,0,0.0,1.3574096165776293,1.3283481297671353,1.408076086407715,0.9860533535436175,0.6165051904033054,1.4622845012739585,4.952830188679245,3.595323583763093,0.4125269734646215,0.0,0.0,0.0,0.0,0.0,0,0,0,0,0,0.0,0.2169811320754717,0.31920808940925294,0.2750296247689038,0.8392303821657727,0.4899332013286895,0.0,0.5660377358490566,0.02451295246710842
681,101,95.28301886792453,106,1,105,0,0,0.009433962264150943,1.3536748093962696,1.3265692879319546,1.422275910079589,0.9887062119579237,0.6197853499214516,1.4693014354207115,4.952830188679245,3.595323583763093,0.4131538799092107,0.5250499709281584,0.11212151491757913,1.0,0.4749500290718416,0.005461324945292612,1,0,0,0,0,0.0,0.2358490566037736,0.32153311781827504,0.27174919745435816,0.8392303821657727,0.49141383400420613,0.009433962264150943,0.5660377358490566,0.024541967853308325
682,102,96.22641509433963,106,1,105,0,0,0.009433962264150943,1.3606701731257391,1.3322273187430762,1.5087947122092522,0.9914950746059992,0.6130426842560318,1.445133183461788,4.952830188679245,3.595323583763093,0.41911020465772,0.5591821252129422,0.1098474503620178,1.0,0.4408178747870578,0.008677220274614372,0,1,0,0,0,0.0,0.2358490566037736,0.3327038569864378,0.2659583731961777,0.8543308237226701,0.50349572168792,0.009433962264150943,0.5283018867924528,0.02462707899020818
683,104,98.11320754716981,106,0,106,0,0,0.0,1.357657977125151,1.329273267369296,1.4187114450050746,0.9940809585763495,0.6182089480987638,1.4472944842562845,4.952830188679245,3.595323583763093,0.4154003571766691,0.0,0.0,0.0,0.0,0.0,0,0,0,0,0,0.0,0.2358490566037736,0.32309529891506084,0.2785173982599194,0.8653914691141767,0.4951312618131034,0.0,0.49056603773584906,0.024658503458322614
684,104,98.11320754716981,106,0,106,0,0,0.0,1.3483991224890122,1.3206551863953322,1.3758219488032875,0.9963259933322852,0.6244633480713531,1.4734451983475354,4.952830188679245,3.595323583763093,0.4133235249045031,0.0,0.0,0.0,0.0,0.0,0,0,0,0,0,0.0,0.2641509433962264,0.31860410502982933,0.28721886684330106,0.8543308237226701,0.48769310932496784,0.0,0.5283018867924528,0.024652567317163837
685,104,98.11320754716981,106,0,106,0,0,0.0,1.3432350189333973,1.3160443128110075,1.363374738536961,0.9983576911638611,0.622975177173523,1.4715977489436378,4.952830188679245,3.595323583763093,0.4117790006216857,0.0,0.0,0.0,0.0,0.0,0,0,0,0,0,0.0,0.25471698113207547,0.31721680623587956,0.28870687231721653,0.8561967598755309,0.48857966980662804,0.0,0.5283018867924528,0.02466326985503049
686,104,98.11320754716981,106,1,105,0,0,0.009433962264150943,1.359671018871987,1.3359789417921928,1.4198191485101113,1.0007791940942234,0.6197324395530031,1.4394206005118597,4.952830188679245,3.595323583763093,0.415765668678834,0.9999999999417923,0.10934821596569255,1.0,5.820766091346741e-11,0.01287983355282224,0,1,0,0,0,1.0,0.27358490566037735,0.32180108721625733,0.28310627364468915,0.866178598741251,0.49747090753296075,0.009433962264150943,0.49056603773584906,0.02478898028769185
687,104,98.11320754716981,106,1,105,0,0,0.009433962264150943,1.3629978635309046,1.3370247219906486,1.4896832004788059,1.0033241844061211,0.6245365762824556,1.4802093592849506,4.952830188679245,3.595323583763093,0.4186959026522665,0.8414041592981679,0.12087687145711677,1.0,0.15859584070183208,0.02379081513306991,0,1,0,0,0,0.0,0.25471698113207547,0.32931190942146066,0.27622085846198763,0.8299369675063316,0.49801312741100656,0.009433962264150943,0.5849056603773585,0.02485136482943051
688,104,98.11320754716981,106,0,106,0,0,0.0,1.353656294568642,1.3276620352633477,1.5066748007330972,1.005438430395763,0.6302515141759024,1.5114694932119737,4.952830188679245,3.595323583763093,0.4168749499292981,0.0,0.0,0.0,0.0,0.0,0,0,0,0,0,0.0,0.27358490566037735,0.3288697972883324,0.2678289208139168,0.8337637372376812,0.4977184979103918,0.0,0.5849056603773586,0.02484266397696138
689,104,98.11320754716981,106,0,105,1,0,0.0,1.3746092251684336,1.3476827675345047,1.5738026749226557,1.00805251048791,0.6341934306011641,1.5065360641569865,4.952830188679245,3.595323583763093,0.42005180213218174,0.836034403517177,0.12446940004951476,1.0,0.16396559648282305,0.017234891428930532,0,0,0,1,0,0.0,0.2358490566037736,0.33215156464997486,0.2671013081067974,0.8338461410260445,0.5013892719500473,0.0,0.5471698113207547,0.024994420948986042
690,102,96.22641509433963,106,2,104,0,0,0.018867924528301886,1.391108881596457,1.3662336019362222,1.5774972455462333,1.0110361277625097,0.631282587170084,1.5097538980491623,4.952830188679245,3.595323583763093,0.4211673525371795,0.6362468427156258,0.10615758995639794,0.5,0.3329903604196207,0.01103820513580639,0,2,0,0,0,0.0,0.22641509433962265,0.3318600617106661,0.27989126001453285,0.8338461410260445,0.4946985095634751,0.018867924528301886,0.5471698113207547,0.025130554578887618
691,103,97.16981132075472,106,0,105,1,0,0.0,1.387266962730117,1.3629350462893377,1.6293331540771128,1.0138876475411893,0.6205467042975625,1.4997351729009796,4.952830188679245,3.595323583763093,0.4230331840392807,0.40739431964595363,0.12726981153673228,0.0,0.40739431964595363,-0.037425431649521945,0,0,0,1,0,0.0,0.2358490566037736,0.3366823608637093,0.26612263993410684,0.831969666423054,0.5035953055182455,0.0,0.5849056603773586,0.02516260566610519
692,103,97.16981132075472,106,1,105,0,0,0.009433962264150943,1.376963189068106,1.3515894629451954,1.5747074464285642,1.016353980719057,0.6333488187508612,1.5153341926311958,4.952830188679245,3.595323583763093,0.4208061383026296,0.9995752429865126,0.12759865471719906,1.0,0.0004247570134874312,0.006372735266765517,0,1,0,0,0,1.0,0.25471698113207547,0.3319645567835531,0.26012255776642645,0.8433611968128402,0.5013365793675535,0.009433962264150943,0.5849056603773585,0.025155423126994158
693,103,97.16981132075472,106,0,106,0,0,0.0,1.357828578143829,1.3333337656073567,1.3606022044914363,1.0181628970158758,0.6378646830511764,1.5185633070201865,4.952830188679245,3.595323583763093,0.41385844310666364,0.0,0.0,0.0,0.0,0.0,0,0,0,0,0,0.0,0.27358490566037735,0.31398788914395476,0.275785651586834,0.8379943325980276,0.4934164108203556,0.0,0.5849056603773585,0.025092268269487805
694,103,97.16981132075472,106,1,105,0,0,0.009433962264150943,1.352922995221031,1.3281539443644914,1.3487600850263413,1.0197726841026815,0.6444326603379681,1.5236350220820483,4.952830188679245,3.595323583763093,0.4125623405387562,0.9925375081300084,0.14296941461031337,1.0,0.007462491869991594,0.010687007146593763,0,1,0,0,0,1.0,0.22641509433962265,0.3129482643683512,0.2749068787883377,0.8240355249784516,0.49364657237597853,0.009433962264150943,0.6226415094339623,0.02509667888226396
695,104,98.11320754716981,106,0,106,0,0,0.0,1.3493199054637124,1.32483066378896,1.3456572662820507,1.0212141157304675,0.6422598946362557,1.5257557873309788,4.952830188679245,3.595323583763093,0.4143835211431084,0.0,0.0,0.0,0.0,0.0,0,0,0,0,0,0.0,0.2641509433962264,0.3159012480758153,0.2822563900014577,0.8438212911404586,0.4985996591437189,0.0,0.5849056603773586,0.025104575499106174
696,103,97.16981132075472,106,1,105,0,0,0.009433962264150943,1.3390752248181457,1.3169408942313356,1.2789094669824954,1.0223237347118423,0.6521040234174863,1.5310452316974568,4.952830188679245,3.595323583763093,0.4086387867126464,0.7026809203456783,0.09984794685452722,1.0,0.2973190796543217,0.003246397906969123,0,1,0,0,0,0.0,0.2641509433962264,0.3063535846690016,0.28559987239228063,0.8480189879593674,0.4903027270565949,0.009433962264150943,0.5660377358490566,0.025073299292341984
697,104,98.11320754716981,106,0,106,0,0,0.0,1.3313371479174239,1.3092243451977996,1.2091276772694144,1.0232245696931512,0.65979740251965,1.5383792530760576,4.952830188679245,3.595323583763093,0.405569220989352,0.0,0.0,0.0,0.0,0.0,0,0,0,0,0,0.0,0.2641509433962264,0.2989828717924234,0.29037432613509184,0.8635062396558986,0.48178923236956606,0.0,0.5283018867924528,0.025050802874105264
698,103,97.16981132075472,106,1,105,0,0,0.009433962264150943,1.333735215077773,1.3098202119287417,1.231368339790985,1.0241614295397294,0.6598309218033782,1.5439441070718907,4.952830188679245,3.595323583763093,0.40623135697203105,0.5852874687785368,0.13152475893221785,1.0,0.41471253122146323,0.005889646578245089,0,1,0,0,0,0.0,0.24528301886792453,0.30135253351221214,0.288634178232998,0.8529900685770266,0.4768572493293076,0.009433962264150943,0.5471698113207547,0.02507963478141243
699,104,98.11320754716981,106,0,106,0,0,0.0,1.333017234782749,1.3098244121868525,1.171512203346263,1.0250134529254746,0.6513756007024355,1.5136544885921432,4.952830188679245,3.595323583763093,0.4021274005483162,0.0,0.0,0.0,0.0,0.0,0,0,0,0,0,0.0,0.2358490566037736,0.2927444593995344,0.2936229841788898,0.8307506526615764,0.4723308434206347,0.0,0.5849056603773585,0.025091361378800744
700,103,97.16981132075472,106,1,105,0,0,0.009433962264150943,1.3313816573022184,1.311021033513985,1.1391374251399191,1.0257758290830392,0.6488323891233196,1.5103028858252074,4.952830188679245,3.595323583763093,0.4016631742323131,0.49361681833459475,0.08942598488606572,0.0,0.49361681833459475,0.0034743076664824346,0,1,0,0,0,0.0,0.24528301886792453,0.29011181710012574,0.304700695769159,0.8345624367452604,0.4696631809112411,0.009433962264150943,0.5849056603773585,0.025096888436293045
701,104,98.11320754716981,106,0,106,0,0,0.0,1.3346430347548344,1.3144900023024022,1.100684188087297,1.0267040040306643,0.6417681462568454,1.4996693456225547,4.952830188679245,3.595323583763093,0.4002427613929034,0.0,0.0,0.0,0.0,0.0,0,0,0,0,0,0.0,0.22641509433962265,0.2851258776611454,0.3177055547760704,0.8508962410569192,0.4694710143472124,0.0,0.5471698113207547,0.025129880769951398
702,103,97.16981132075472,106,1,104,1,0,0.009433962264150943,1.3491273402608885,1.330185223663138,1.1379202785232605,1.0280097397017662,0.6270275157930598,1.4832532928821298,4.952830188679245,3.595323583763093,0.40355402328550505,0.7365466696753427,0.12121227457761187,1.0,0.2634533303246573,0.009229679665286566,0,1,0,1,0,0.0,0.2169811320754717,0.2886949634682511,0.3315588384670299,0.834340099452695,0.4676318490586155,0.009433962264150943,0.5849056603773585,0.025225775008744032
703,104,98.11320754716981,106,0,106,0,0,0.0,1.3501673736852704,1.3315858092040629,1.15159771136877,1.029349317995972,0.6273732787154316,1.4932774233352706,4.952830188679245,3.595323583763093,0.403986442622396,0.0,0.0,0.0,0.0,0.0,0,0,0,0,0,0.0,0.2169811320754717,0.2903925194333347,0.3391254411981138,0.8597837234086776,0.4669680108894572,0.0,0.5471698113207547,0.02525505626303322
704,104,98.11320754716981,106,0,106,0,0,0.0,1.3575591046259856,1.3382189090624044,1.1844982446717727,1.0308315192386766,0.6251052268622291,1.4615622216562654,4.952830188679245,3.595323583763093,0.4047557933854258,0.0,0.0,0.0,0.0,0.0,0,0,0,0,0,0.0,0.22641509433962265,0.2921980397664374,0.33529844194123753,0.8505184481365244,0.46737024128693316,0.0,0.5471698113207547,0.025318659883155688
705,105,99.05660377358491,106,0,105,1,0,0.0,1.3603476975023836,1.3414791874014975,1.1636094750884314,1.0323542045953606,0.6166013398634221,1.4484672932366582,4.952830188679245,3.595323583763093,0.40447340883203053,0.4960143127133757,0.10081204836661053,0.0,0.4960143127133757,-0.00022470357848014544,0,0,0,1,0,0.0,0.2169811320754717,0.29061530285449333,0.3441793994591769,0.8719196304250163,0.4678832481231306,0.0,0.5094339622641509,0.025359975580405366
706,104,98.11320754716981,106,1,105,0,0,0.009433962264150943,1.3631881745978984,1.3424291359446163,1.1736427241015983,1.0339082863480487,0.614656419983185,1.4334691657356144,4.952830188679245,3.595323583763093,0.40480484975980047,0.800377112750869,0.09530502152143902,1.0,0.19962288724913102,0.007790160063627316,0,1,0,0,0,0.0,0.20754716981132076,0.2911880696459197,0.34094767385352587,0.8714549359786219,0.4645972102189985,0.009433962264150943,0.5094339622641509,0.025402115099765615
707,105,99.05660377358491,106,0,106,0,0,0.0,1.3635667697640639,1.343137806570458,1.1640790036144946,1.0353680581521492,0.6106808390972562,1.4172715865513748,4.952830188679245,3.595323583763093,0.40448066516413217,0.0,0.0,0.0,0.0,0.0,0,0,0,0,0,0.0,0.20754716981132076,0.29013440225978177,0.34002058097615395,0.8723968463504174,0.46779427975898524,0.0,0.5094339622641509,0.025430249835567416
708,105,99.05660377358491,106,0,105,1,0,0.0,1.3597360230310709,1.339656425959208,1.1609286367907372,1.036675212917782,0.6235930431004936,1.4263553734992458,4.952830188679245,3.595323583763093,0.4021721715826836,0.4997481740265747,0.07241266789638359,0.0,0.4997481740265747,0.005542132914188702,0,0,0,1,0,0.0,0.20754716981132076,0.2879402281049682,0.32394164864588104,0.8714208014008653,0.4683180760989348,0.0,0.5094339622641509,0.025434594323684993
709,104,98.11320754716981,106,1,105,0,0,0.009433962264150943,1.353967918065008,1.3375485796698798,1.1632418106455715,1.0377798147238162,0.6307503934123067,1.4381924822263887,4.952830188679245,3.595323583763093,0.3982566553885325,0.4410622028792368,0.07023968319148259,0.0,0.4410622028792368,0.0015618231960399798,1,0,0,0,0,0.0,0.19811320754716982,0.28464851396977564,0.3118624660211934,0.887781946586237,0.4668640471695494,0.009433962264150943,0.4716981132075472,0.025425610803474188
710,104,98.11320754716981,106,0,106,0,0,0.0,1.3735896147622828,1.3564109550464354,1.2456910378646513,1.0394821626651425,0.621336469834712,1.4266034823520528,4.952830188679245,3.595323583763093,0.4038248395458388,0.0,0.0,0.0,0.0,0.0,0,0,0,0,0,0.0,0.18867924528301888,0.2936175986816025,0.31132660993204064,0.8746521648455989,0.47008664847586423,0.0,0.5094339622641509,0.025554321745466665
711,104,98.11320754716981,106,1,105,0,0,0.009433962264150943,1.3685256225468148,1.3499355310926253,1.265732581012395,1.0409711920652511,0.6234542742927575,1.4313864031508081,4.952830188679245,3.595323583763093,0.4062639993287269,0.9717365497836565,0.09702923397945046,1.0,0.028263450216343466,0.015794224062559314,0,1,0,0,0,1.0,0.18867924528301888,0.2983838379436495,0.3135539207445161,0.8723259805799022,0.47467878509764105,0.009433962264150943,0.5094339622641509,0.02555576949698496
712,103,97.16981132075472,106,1,105,0,0,0.009433962264150943,1.3651085908574205,1.3440046768749758,1.2740396615965057,1.0422703632495494,0.6333385076635772,1.4681989969456786,4.952830188679245,3.595323583763093,0.40621439832410644,0.9533640918095736,0.08772019259046891,1.0,0.0466359081904264,0.011982243264561987,0,1,0,0,0,1.0,0.19811320754716982,0.29924956126501584,0.29751444149895845,0.8843554060498837,0.4816090350666403,0.009433962264150943,0.4716981132075472,0.025562039042529253
713,103,97.16981132075472,106,0,104,2,0,0.0,1.356883642107722,1.3358490612699692,1.2756075938766473,1.0432198481477188,0.6354216340919316,1.4614715177868771,4.952830188679245,3.595323583763093,0.40666218281919164,0.47868442860320726,0.07100126858883594,0.5,0.4188298542844746,0.004119893566524341,0,0,0,2,0,0.0,0.2169811320754717,0.30154631857049796,0.29235121660303515,0.8613410970344265,0.485695507535146,0.0,0.5094339622641509,0.02553798282601484
714,103,97.16981132075472,106,1,103,1,1,0.009433962264150943,1.348432078055001,1.3286138618135346,1.342334504924562,1.0438872618947632,0.6403435260302706,1.4788148705201392,4.952830188679245,3.595323583763093,0.4101789466143897,0.5174075503571834,0.07413828148290602,0.6666666666666666,0.46001033333298386,0.0038919157764513526,0,2,0,1,0,0.0,0.2641509433962264,0.31105627416269926,0.2839058629973484,0.8788698099549228,0.4888870712317305,0.009433962264150943,0.4716981132075472,0.025507722847675617
715,101,95.28301886792453,106,2,104,0,0,0.018867924528301886,1.362205792276048,1.35200324675556,1.4241475426355423,1.0449650741565448,0.6224306331039137,1.4454980467657894,4.952830188679245,3.595323583763093,0.4145575438902953,0.8698049133683067,0.12435425221718889,1.0,0.13019508663169332,0.008089409402986414,0,2,0,0,0,0.5,0.25471698113207547,0.3182700486738163,0.2742604622826339,0.8625165723536556,0.49155260317571475,0.018867924528301886,0.5283018867924529,0.025595966837999116
716,99,93.39622641509433,106,3,96,0,7,0.02830188679245283,1.3659823123413068,1.3506563274143562,1.46291156617446,1.0463870330433582,0.6254236343419974,1.4537687075501726,4.952830188679245,3.595323583763093,0.41793539066764707,0.8400540046724554,0.14880627417101963,1.0,0.15994599532754453,0.0008026639119901313,1,9,0,0,0,0.6,0.2358490566037736,0.32644264847833904,0.311175436288652,0.8875536752320673,0.4981337579891275,0.02830188679245283,0.4528301886792453,0.02564041144992992
717,99,93.39622641509433,106,1,101,1,3,0.009433962264150943,1.3712851948584603,1.3538056719094675,1.4364295485659977,1.0477566448926317,0.6364862880931672,1.4930164608219587,4.952830188679245,3.595323583763093,0.4180428382161301,0.8149252322498335,0.1214686028508631,1.0,0.18507476775016646,-0.005688770397763654,1,3,0,1,0,0.4,0.27358490566037735,0.32535852626833334,0.3345280539684483,0.8626464465808594,0.49178299507117995,0.009433962264150943,0.47169811320754723,0.025691546851427157
718,97,91.50943396226415,106,2,103,1,0,0.018867924528301886,1.3749874784734364,1.3539265149318518,1.4503977325661435,1.04912612177959,0.631991252631823,1.4882440914731774,4.952830188679245,3.595323583763093,0.4222924927119589,0.6252221451739447,0.11124734436567041,0.6666666666666666,0.36543152138808405,-0.014817413009402461,0,2,0,1,0,0.0,0.25471698113207547,0.3308221014892142,0.33554455380385706,0.892045086359299,0.49942510428833803,0.018867924528301886,0.45283018867924535,0.025734676832247533
719,95,89.62264150943396,106,3,103,0,0,0.02830188679245283,1.401759439749766,1.3720718395026283,1.541651737804501,1.051096835860726,0.6345649743484783,1.490262300221013,4.952830188679245,3.595323583763093,0.4273750737271178,0.6823088744656429,0.11159190956434673,1.0,0.31769112553435713,0.010008778756561068,0,3,0,0,0,0.0,0.27358490566037735,0.33892770301679975,0.33148049066930607,0.8520077452117237,0.4964664072572341,0.02830188679245283,0.5471698113207548,0.025903963412692996
720,97,91.50943396226415,106,0,106,0,0,0.0,1.4187380143254207,1.3882530425768076,1.7302588105256786,1.0532362546664957,0.6304941220008001,1.5008286290756658,4.952830188679245,3.595323583763093,0.43206655347739154,0.0,0.0,0.0,0.0,0.0,0,0,0,0,0,0.0,0.2641509433962264,0.352950722353823,0.3046816557477128,0.8614986968797264,0.5014364663890118,0.0,0.5471698113207548,0.026027315800010917
721,100,94.33962264150944,106,0,106,0,0,0.0,1.4190474462106448,1.3884511854714225,1.713936622455547,1.0553044535459621,0.6242278849109552,1.48854044681075,4.952830188679245,3.595323583763093,0.43296418264927516,0.0,0.0,0.0,0.0,0.0,0,0,0,0,0,0.0,0.27358490566037735,0.3528978118965794,0.3114853273084946,0.8645154978632467,0.5025730383838479,0.0,0.5471698113207548,0.02606604218047333
722,100,94.33962264150944,106,1,105,0,0,0.009433962264150943,1.427901707117621,1.40115069700917,1.6925223220645778,1.0575540229090814,0.6250013557457821,1.497029979766783,4.952830188679245,3.595323583763093,0.43180735321961694,0.5815054666556366,0.09169123426285669,1.0,0.4184945333443634,-0.0008503682770541476,0,1,0,0,0,0.0,0.2641509433962264,0.3482502760995041,0.31856258024900236,0.8592299381744309,0.49635807724738584,0.009433962264150943,0.5660377358490567,0.02615075313393088
723,102,96.22641509433963,106,0,104,2,0,0.0,1.4288361258889362,1.4019911243457917,1.7467660543127677,1.0598564277410918,0.6155271609743974,1.495512100005237,4.952830188679245,3.595323583763093,0.4316684466048104,0.5773831274708773,0.10524779333319442,1.0,0.4226168725291227,0.006017131301374323,0,0,1,1,0,0.0,0.2641509433962264,0.3513457886869244,0.30810947792130006,0.8721715670430991,0.4970324810851364,0.0,0.5283018867924529,0.026196814679746938
724,103,97.16981132075472,106,2,103,1,0,0.018867924528301886,1.4178585972955653,1.3934820092705973,1.7478942994024202,1.0617568069449332,0.6385553764989412,1.516107722754229,4.952830188679245,3.595323583763093,0.4308066373249866,0.7118554505443101,0.10975677675442784,1.0,0.28814454945568985,0.010063186270174829,1,1,1,0,0,0.0,0.27358490566037735,0.3528060541661098,0.31623555453067237,0.8693039614132889,0.4899474544363102,0.018867924528301886,0.5471698113207548,0.026176089427628405
725,103,97.16981132075472,106,0,106,0,0,0.0,1.4167055036621838,1.3920933320068285,1.7718837890122716,1.06362342196154,0.6464984655650933,1.521585879850327,4.952830188679245,3.595323583763093,0.43261375669762536,0.0,0.0,0.0,0.0,0.0,0,0,0,0,0,0.0,0.2641509433962264,0.35576671766907697,0.31027931669704434,0.8688637918880723,0.4862536274112123,0.0,0.5471698113207548,0.02620387938441656
726,103,97.16981132075472,106,0,106,0,0,0.0,1.4232059535097992,1.3989723390221471,1.779402987851913,1.0656207841774772,0.6254169966001558,1.4986988544536708,4.952830188679245,3.595323583763093,0.4377766397982612,0.0,0.0,0.0,0.0,0.0,0,0,0,0,0,0.0,0.27358490566037735,0.3612625242286654,0.3131596407205682,0.8660227227730883,0.4929814400723783,0.0,0.5471698113207548,0.02627228745105602
727,104,98.11320754716981,106,0,106,0,0,0.0,1.408512327564458,1.385086681683838,1.5596272094309724,1.0671469473081754,0.6322345530699708,1.502384741399815,4.952830188679245,3.595323583763093,0.4314775809968916,0.0,0.0,0.0,0.0,0.0,0,0,0,0,0,0.0,0.2641509433962264,0.34243404192844523,0.33771691286802386,0.8660227227730883,0.48159877489874536,0.0,0.5471698113207548,0.02622625457281166
728,103,97.16981132075472,106,1,105,0,0,0.009433962264150943,1.3971892081020132,1.3771019492267293,1.4202527147110358,1.0683184652494155,0.6531020942832273,1.5333086855782643,4.952830188679245,3.595323583763093,0.4207670804728927,0.9644514877942395,0.1037382220095033,1.0,0.035548512205760496,0.002695632649978519,0,1,0,0,0,1.0,0.25471698113207547,0.32344061004994573,0.3463381936235188,0.856478693844257,0.47001650835505765,0.009433962264150943,0.5660377358490567,0.026190698905914148
729,105,99.05660377358491,106,0,106,0,0,0.0,1.3935801185317211,1.373329100131142,1.4046774921246206,1.0694094595343644,0.6649816331174174,1.547226259838443,4.952830188679245,3.595323583763093,0.4188556360840452,0.0,0.0,0.0,0.0,0.0,0,0,0,0,0,0.0,0.22641509433962265,0.3205387991516834,0.3451123054298722,0.8595579660457209,0.46745082652688075,0.0,0.5660377358490567,0.02619226584547482
730,105,99.05660377358491,106,0,106,0,0,0.0,1.3736609914071207,1.354652464914318,1.2713554705159034,1.069924040668006,0.6733554990262596,1.5545549228680164,4.952830188679245,3.595323583763093,0.411466486812349,0.0,0.0,0.0,0.0,0.0,0,0,0,0,0,0.0,0.2358490566037736,0.306097550918626,0.35060681631347057,0.8476897774326908,0.46189090727738014,0.0,0.5660377358490567,0.026101920638279527
731,105,99.05660377358491,106,0,106,0,0,0.0,1.3593739562332516,1.3409843106726917,1.214763297309719,1.0700269894464607,0.6758570295559503,1.5629361721213013,4.952830188679245,3.595323583763093,0.40946544359693604,0.0,0.0,0.0,0.0,0.0,0,0,0,0,0,0.0,0.20754716981132076,0.30173728607288736,0.3559891819860845,0.8174622171791086,0.45660942489901307,0.0,0.6037735849056605,0.02603233613326567
732,105,99.05660377358491,106,0,105,1,0,0.0,1.3604438795592662,1.3425527989093802,1.2144509873881266,1.0701713506651902,0.6655241921494802,1.5488174931403624,4.952830188679245,3.595323583763093,0.4112484417914186,0.16522325174301822,0.13766608338576702,0.0,0.16522325174301822,-0.0339928308703803,0,0,0,1,0,0.0,0.22641509433962265,0.3029586521115755,0.35784301915817973,0.8225238470438212,0.46266770047645145,0.0,0.6037735849056605,0.026040280876367138
733,105,99.05660377358491,106,1,104,1,0,0.009433962264150943,1.3385055782353679,1.3209947413709744,1.0761601629642117,1.0697034101939646,0.6784079139132272,1.5556772092382973,4.952830188679245,3.595323583763093,0.4043158807348546,0.5432403672387627,0.12508000583578877,0.5,0.21216625352569052,-0.017270684271429138,0,1,0,1,0,0.0,0.25471698113207547,0.28855279290316804,0.37503093679600763,0.8343889796435822,0.45462651762528666,0.009433962264150943,0.5849056603773586,0.02592217738268767
734,105,99.05660377358491,106,0,106,0,0,0.0,1.3392396546674106,1.3212619118518505,1.1340890166092978,1.0692470241070136,0.6695013234755441,1.5606323417505168,4.952830188679245,3.595323583763093,0.4065305305546758,0.0,0.0,0.0,0.0,0.0,0,0,0,0,0,0.0,0.24528301886792453,0.29471311420349305,0.3603297699336184,0.8415421340485572,0.4604531603877841,0.0,0.5471698113207548,0.025917643486539306
735,105,99.05660377358491,106,0,106,0,0,0.0,1.3371663281879311,1.3198460793877622,1.0677234111746328,1.0687663235698899,0.656003310463314,1.5440511102852723,4.952830188679245,3.595323583763093,0.402877184759461,0.0,0.0,0.0,0.0,0.0,0,0,0,0,0,0.0,0.2358490566037736,0.2858941837118007,0.370682737076115,0.8393514568526323,0.45819108007725445,0.0,0.5849056603773586,0.025898635484252665
736,104,98.11320754716981,106,1,105,0,0,0.009433962264150943,1.3532141515252154,1.3381893325408376,1.1359742623142237,1.068758731931654,0.6503705598115118,1.5391773017952213,4.952830188679245,3.595323583763093,0.40420084257342004,0.9245822820785682,0.11036819992719932,1.0,0.07541771792143181,0.0021117627130867733,1,0,0,0,0,0.0,0.22641509433962265,0.29012084862003334,0.3633385511416384,0.8576495127558718,0.46427732148793377,0.009433962264150943,0.5283018867924529,0.025978738128959143
737,104,98.11320754716981,106,0,106,0,0,0.0,1.3552106138531215,1.34012228110938,1.1582366795754653,1.0688787831281796,0.6558380168824198,1.5442894865304173,4.952830188679245,3.595323583763093,0.4063553788343748,0.0,0.0,0.0,0.0,0.0,0,0,0,0,0,0.0,0.2358490566037736,0.2931055142825514,0.3568342673516762,0.876891456673893,0.4677009946655562,0.0,0.49056603773584906,0.02599087855508931
738,105,99.05660377358491,106,0,106,0,0,0.0,1.3574478378901582,1.3424843550188093,1.1531449002803529,1.069062457455989,0.6526597477923115,1.5332081690762462,4.952830188679245,3.595323583763093,0.4051200805616264,0.0,0.0,0.0,0.0,0.0,0,0,0,0,0,0.0,0.22641509433962265,0.2913860919464058,0.35596191308457076,0.8608836108232947,0.4722964178162402,0.0,0.4905660377358491,0.02600536651848702
739,104,98.11320754716981,106,1,105,0,0,0.009433962264150943,1.3771585662818782,1.3591918577986732,1.3501244440989024,1.0697605825811056,0.6452059453122319,1.5273513175897733,4.952830188679245,3.595323583763093,0.41512273634800123,0.9485786428485885,0.13474138101495647,1.0,0.051421357151411495,0.005768861768084221,0,1,0,0,0,0.0,0.22641509433962265,0.3127700177720547,0.32509053829481965,0.85886815740821,0.4825315826253723,0.009433962264150943,0.4339622641509434,0.026116470089079365
740,104,98.11320754716981,106,0,106,0,0,0.0,1.3788698270747186,1.3609076131015296,1.2982927032050955,1.0704424539594188,0.6327426676192804,1.5182508843523113,4.952830188679245,3.595323583763093,0.41462006134587703,0.0,0.0,0.0,0.0,0.0,0,0,0,0,0,0.0,0.20754716981132076,0.30903276326351037,0.3419756942072112,0.8544478069982999,0.4793628017176424,0.0,0.4716981132075472,0.026137284134281277
741,104,98.11320754716981,106,1,105,0,0,0.009433962264150943,1.3843773805623065,1.365072837147711,1.3119076172307844,1.0712599330941457,0.6275874991797857,1.5108671181267512,4.952830188679245,3.595323583763093,0.4154515866039632,0.6215103079050243,0.12929596172766653,1.0,0.37848969209497574,-0.0054675129368861874,0,1,0,0,0,0.0,0.22641509433962265,0.30990119099389085,0.34516129402645623,0.8457559388048306,0.4785635236742061,0.009433962264150943,0.4339622641509434,0.026179517411780807
742,104,98.11320754716981,106,0,106,0,0,0.0,1.3855005265746676,1.3668348148849156,1.3045907878717495,1.072058379636721,0.6268493406823202,1.516161939591763,4.952830188679245,3.595323583763093,0.41369018271603974,0.0,0.0,0.0,0.0,0.0,0,0,0,0,0,0.0,0.22641509433962265,0.3066063543900143,0.3375738678519318,0.8322579526618938,0.4789667651361791,0.0,0.4716981132075472,0.02619948651026709
743,103,97.16981132075472,106,1,105,0,0,0.009433962264150943,1.3999097966408862,1.3842645240490619,1.4190623832688325,1.0732349162936459,0.6142654156509962,1.4991054600685552,4.952830188679245,3.595323583763093,0.415604460503052,0.9212732616941812,0.08580335837553735,1.0,0.07872673830581878,0.011493222366708689,0,1,0,0,0,0.0,0.22641509433962265,0.31374539951329733,0.30986107765201565,0.8411882423747183,0.48786071931656905,0.009433962264150943,0.4716981132075472,0.026292683010547203
744,103,97.16981132075472,106,1,105,0,0,0.009433962264150943,1.3784930346343773,1.3621876059080757,1.3071528471991691,1.0738623094227289,0.6255346616675845,1.5109981897192726,4.952830188679245,3.595323583763093,0.41020742458124815,0.648642821863193,0.11876449692402283,1.0,0.351357178136807,0.0021321398051332707,1,0,0,0,0,0.0,0.2169811320754717,0.30412326203426754,0.32739967702723677,0.8720665833574972,0.48287530070797596,0.009433962264150943,0.4150943396226415,0.026196877607081073
745,103,97.16981132075472,106,0,106,0,0,0.0,1.3827912948251495,1.3659638849336972,1.2923642132323767,1.074542141915477,0.6162685990623408,1.481873707470756,4.952830188679245,3.595323583763093,0.4111227594023914,0.0,0.0,0.0,0.0,0.0,0,0,0,0,0,0.0,0.24528301886792453,0.30397786319707354,0.34288396189292525,0.8469936719689446,0.48162447434456473,0.0,0.4150943396226415,0.026230589997005862
746,103,97.16981132075472,106,1,104,1,0,0.009433962264150943,1.3704926830710507,1.3544359015782388,1.1977021036070798,1.0748439922138393,0.6368859088883924,1.5125810962601545,4.952830188679245,3.595323583763093,0.40653856303537816,0.6479310224193606,0.11929047061167909,1.0,0.3520689775806393,0.011787758315011665,0,1,0,1,0,0.0,0.24528301886792453,0.2950329249012642,0.36855076181828295,0.8518227256064034,0.4727670836284551,0.009433962264150943,0.39622641509433953,0.026174523185717707
747,102,96.22641509433963,106,1,104,1,0,0.009433962264150943,1.3721866399567568,1.3543659007062507,1.1492534247366417,1.0752181286258828,0.6314747113167313,1.5033305571982447,4.952830188679245,3.595323583763093,0.40271607056841563,0.7453846255971617,0.11017905338879012,1.0,0.2546153744028383,0.01689653402398672,0,1,0,1,0,0.0,0.2358490566037736,0.28744289990766,0.37109181134263775,0.8333068878805211,0.47004259898735506,0.009433962264150943,0.4528301886792452,0.026189718677475063
748,102,96.22641509433963,106,1,105,0,0,0.009433962264150943,1.391336538219336,1.370670893878609,1.1905075878587261,1.0760501424409568,0.6248203565485104,1.479184624561284,4.952830188679245,3.595323583763093,0.404136119375222,0.9556784156296354,0.10825535378086762,1.0,0.0443215843703646,0.014454707894791419,0,1,0,0,0,1.0,0.2358490566037736,0.28935658392952146,0.36660371397031627,0.8444537459144411,0.4717004659947382,0.009433962264150943,0.4528301886792452,0.026300424963244716
749,103,97.16981132075472,106,0,106,0,0,0.0,1.3863224344442702,1.3658367944925704,1.1416366431352873,1.0766476598071448,0.6277503531888111,1.4874516554555284,4.952830188679245,3.595323583763093,0.40186625289308675,0.0,0.0,0.0,0.0,0.0,0,0,0,0,0,0.0,0.2358490566037736,0.2842171839956651,0.36872213989172964,0.8366371001752334,0.46836129670044396,0.0,0.49056603773584895,0.02628609578576121
750,103,97.16981132075472,106,0,106,0,0,0.0,1.3717173617820995,1.3519567808194775,1.047455653013243,1.0768244693665348,0.6473058310610831,1.5049363007666994,4.952830188679245,3.595323583763093,0.3968433464559662,0.0,0.0,0.0,0.0,0.0,0,0,0,0,0,0.0,0.25471698113207547,0.27347622009371525,0.3824967991355076,0.8441796450360617,0.46065146901069626,0.0,0.4528301886792452,0.0262162488603439
751,103,97.16981132075472,106,1,105,0,0,0.009433962264150943,1.369272284183195,1.3500060473340967,1.0069632755901734,1.076945638271605,0.6525104547726,1.5167395036992093,4.952830188679245,3.595323583763093,0.39459318084746076,0.544844566441869,0.11750934760072956,1.0,0.45515543355813104,0.00621925987439742,0,1,0,0,0,0.0,0.22641509433962265,0.268902525595831,0.3877387790296391,0.8491908914366506,0.45924572402661995,0.009433962264150943,0.4716981132075472,0.026206201679459466
752,103,97.16981132075472,106,1,105,0,0,0.009433962264150943,1.3772141799670483,1.3565355299977544,1.0796605141132147,1.0772735623180485,0.6299912190956661,1.4873469994622834,4.952830188679245,3.595323583763093,0.39878871335806876,0.9926235253574549,0.09431566634178298,1.0,0.0073764746425450944,0.011913544706357804,0,1,0,0,0,1.0,0.22641509433962265,0.27757739333675086,0.3750724680034124,0.8572367799610419,0.46864184960463223,0.009433962264150943,0.4716981132075472,0.02625180612366804
753,104,98.11320754716981,106,0,104,2,0,0.0,1.3792074838034853,1.3591038748311925,1.058158002375986,1.0776334375820984,0.6285691877536739,1.4688425186269949,4.952830188679245,3.595323583763093,0.39743409219502346,0.6274510037090923,0.11380241652664902,1.0,0.3725489962909077,-0.009440910940331865,0,0,0,2,0,0.0,0.2169811320754717,0.273933792382535,0.3733622332242255,0.8553823345456775,0.46742696760561875,0.0,0.4716981132075472,0.026268241982970484
754,102,96.22641509433963,106,2,103,1,0,0.018867924528301886,1.3799995984325892,1.3575588206344795,1.0205675516880244,1.0779877539902278,0.6378929817896349,1.468192746210584,4.952830188679245,3.595323583763093,0.39648735265598445,0.7194552237321727,0.10459976213632642,1.0,0.2805447762678272,0.018130813340238194,0,2,0,1,0,0.0,0.19811320754716982,0.2704482129183702,0.39610193278636774,0.8030507483960095,0.4627802001497715,0.018867924528301886,0.43396226415094336,0.026278571966807315
755,101,95.28301886792453,106,1,105,0,0,0.009433962264150943,1.3878369992497948,1.3642227723404494,1.0256832212522804,1.0784863243689775,0.6237537113690044,1.4529652670926494,4.952830188679245,3.595323583763093,0.4016992843897078,0.8009502389374568,0.1422457165739886,1.0,0.19904976106254324,0.017640176413664332,1,0,0,0,0,0.0,0.24528301886792453,0.2755446628068541,0.415455611270522,0.854592327901001,0.4622093753973064,0.009433962264150943,0.39622641509433965,0.026326721580097762
756,101,95.28301886792453,106,1,105,0,0,0.009433962264150943,1.3884185438621615,1.3653271023470497,0.990685281345908,1.0789867371427728,0.6229249680208379,1.4550415578496425,4.952830188679245,3.595323583763093,0.3995832438772535,0.548153293823682,0.14593119699090162,1.0,0.45184670617631795,-0.015159156801155982,0,1,0,0,0,0.0,0.22641509433962265,0.2703275056946524,0.42584600802011785,0.8621472485293057,0.4610952584935462,0.009433962264150943,0.3584905660377359,0.026338625032395813
757,102,96.22641509433963,106,0,105,1,0,0.0,1.371296558228816,1.3483714983605224,0.9475817561059017,1.0789763272984394,0.6310523851301567,1.4643397601400767,4.952830188679245,3.595323583763093,0.3959635678721183,0.48235669581569907,0.09588734439136504,0.0,0.48235669581569907,0.002216008523059698,0,0,0,1,0,0.0,0.2169811320754717,0.2657062890213204,0.42709715287751676,0.8630637888651003,0.4584127677702678,0.0,0.3584905660377359,0.026252827970434905
758,101,95.28301886792453,106,1,105,0,0,0.009433962264150943,1.3688868857165284,1.3486976152009846,0.9853401686168555,1.0788990969442898,0.6271391680886543,1.454970935249337,4.952830188679245,3.595323583763093,0.39659055106330965,0.6468717469916037,0.10077408190703935,1.0,0.35312825300839634,0.003161736696471018,0,1,0,0,0,0.0,0.2358490566037736,0.2687211621776764,0.40733386167904956,0.8829641545425283,0.46448893408956693,0.009433962264150943,0.39622641509433965,0.026239391267305186
759,103,97.16981132075472,106,0,106,0,0,0.0,1.3711151370197743,1.3510344546973703,0.9461022700660783,1.0789684315664443,0.6320638960559003,1.4523856475780672,4.952830188679245,3.595323583763093,0.3947699067397099,0.0,0.0,0.0,0.0,0.0,0,0,0,0,0,0.0,0.25471698113207547,0.26406050461841746,0.42417310364999006,0.8666212282463326,0.46399186665531406,0.0,0.39622641509433965,0.02625177892583243
760,104,98.11320754716981,106,0,106,0,0,0.0,1.3764153589630994,1.3562892737915162,0.9973029401615436,1.0791864155847175,0.6171830110245967,1.432832503636941,4.952830188679245,3.595323583763093,0.3971426816168475,0.0,0.0,0.0,0.0,0.0,0,0,0,0,0,0.0,0.2641509433962264,0.26899780526537564,0.3996321331828142,0.8773267950057851,0.4706595409879835,0.0,0.39622641509433965,0.02628219865095796
761,105,99.05660377358491,106,0,106,0,0,0.0,1.379568427096574,1.3593022025851251,0.9928085531826127,1.079483222003756,0.6203833228657151,1.43378440244775,4.952830188679245,3.595323583763093,0.39562366780509306,0.0,0.0,0.0,0.0,0.0,0,0,0,0,0,0.0,0.27358490566037735,0.2667804632201263,0.39765903379554374,0.863173486306418,0.4688346952124248,0.0,0.3584905660377359,0.02630329956721624
762,104,98.11320754716981,106,1,105,0,0,0.009433962264150943,1.3957143868109019,1.3735640567148373,1.0314031676857498,1.080226879022044,0.5980246973891118,1.411619060647107,4.952830188679245,3.595323583763093,0.3979968710968409,0.9889931653262366,0.1201419496998402,1.0,0.0110068346737634,0.010336286250148485,0,1,0,0,0,1.0,0.2641509433962264,0.27004075963442414,0.39134544781263514,0.8969599326475327,0.47383496768543365,0.009433962264150943,0.39622641509433965,0.02639739780386829
763,104,98.11320754716981,106,1,105,0,0,0.009433962264150943,1.3933653497682483,1.3704254147507389,0.9866628546147698,1.0808392376811435,0.6018144406198495,1.4112149400708554,4.952830188679245,3.595323583763093,0.3955281867481306,0.5321212190133613,0.11153946474758283,1.0,0.4678787809866387,0.001873562849045718,0,1,0,0,0,0.0,0.2830188679245283,0.26504377452375805,0.3978676753840394,0.8847545910147371,0.47177952164374976,0.009433962264150943,0.43396226415094336,0.026396660756298932
764,103,97.16981132075472,106,1,105,0,0,0.009433962264150943,1.3943826965451,1.3750725732685085,0.9929274018673967,1.0814312437112938,0.6035709447664597,1.4010841960119829,4.952830188679245,3.595323583763093,0.3929577392507799,0.9906000661859994,0.10855887050600609,1.0,0.009399933814000616,0.004905845266224951,0,1,0,0,0,1.0,0.25471698113207547,0.26269266515773215,0.38607621601507386,0.8865335537377536,0.47008068584126467,0.009433962264150943,0.45283018867924524,0.026412389756392842
765,101,95.28301886792453,106,2,104,0,0,0.018867924528301886,1.413988360452999,1.3968646008222478,1.0605816811597084,1.0826409942824595,0.6033985896458608,1.4075476050523417,4.952830188679245,3.595323583763093,0.39459797709909594,0.989599497466762,0.10846452715134858,1.0,0.010400502533237987,0.0163450361181664,0,2,0,0,0,1.0,0.2830188679245283,0.2665774794658775,0.3915123041891932,0.8915459763090889,0.4697176603556816,0.018867924528301886,0.4528301886792453,0.026532165299727246
766,99,93.39622641509433,106,2,101,1,2,0.018867924528301886,1.409350534920015,1.392048989076231,1.01442817475568,1.0837670143684839,0.6298348545933408,1.467662165644776,4.952830188679245,3.595323583763093,0.39147404962800136,0.8585679093493394,0.11704791816209051,1.0,0.1414320906506605,0.006039439547426584,1,3,0,1,0,0.4,0.27358490566037735,0.2613174655193568,0.40091073790453363,0.8905016185460406,0.46379240017730367,0.018867924528301886,0.4150943396226415,0.0265292182049177
767,99,93.39622641509433,106,1,105,0,0,0.009433962264150943,1.4055730059908995,1.385902892557836,0.9538013880915793,1.084742023379372,0.6539886667876957,1.4235745214542814,4.952830188679245,3.595323583763093,0.3863026015760118,0.928656163132492,0.147298787696635,1.0,0.071343836867508,-0.004081536531264973,0,1,0,0,0,0.0,0.2641509433962264,0.25245244404045597,0.40856394624732434,0.8932368789146521,0.457702728127813,0.009433962264150943,0.4150943396226415,0.02652785792472826
768,99,93.39622641509433,106,1,104,1,0,0.009433962264150943,1.4166141765992901,1.3942261514310208,0.9610558064380598,1.0859127998871148,0.6599447349230504,1.4362272204224202,4.952830188679245,3.595323583763093,0.38499748618583185,0.6917629881014107,0.10514068389832974,1.0,0.3082370118985893,0.0015124256555003879,0,1,0,1,0,0.0,0.24528301886792453,0.25129778850170537,0.4190990959710728,0.8914428647188575,0.4541869036451241,0.009433962264150943,0.4150943396226415,0.02660411037971823
769,99,93.39622641509433,106,1,105,0,0,0.009433962264150943,1.4234266659809627,1.3991475296136926,0.9528807880284466,1.0871560231865087,0.6652814842989314,1.4549943190976176,4.952830188679245,3.595323583763093,0.3870366672577641,0.5480746074101772,0.12927195341397357,1.0,0.4519253925898228,0.008974837973074967,0,1,0,0,0,0.0,0.2358490566037736,0.2521080073244349,0.43747457137410334,0.8949663588830319,0.44691005595938527,0.009433962264150943,0.43396226415094336,0.026660521776867566
770,100,94.33962264150944,106,1,105,0,0,0.009433962264150943,1.4188216399090134,1.3926811697757773,0.9550286787675154,1.0881776205916562,0.6721569569224133,1.4590648465047862,4.952830188679245,3.595323583763093,0.38704764888913634,0.5747466370833902,0.12267263841189031,1.0,0.42525336291660976,0.00477683232363435,0,1,0,0,0,0.0,0.22641509433962265,0.25352247907601316,0.4436857780074243,0.8933347628255583,0.44331343916417004,0.009433962264150943,0.45283018867924535,0.02665586151272701
771,102,96.22641509433963,106,0,106,0,0,0.0,1.4239822025967435,1.397754605561584,0.9816661373390367,1.0892571547468046,0.6648918682402792,1.4489592537937737,4.952830188679245,3.595323583763093,0.3895265406149482,0.0,0.0,0.0,0.0,0.0,0,0,0,0,0,0.0,0.22641509433962265,0.2571823715857813,0.43729721993539206,0.8871238531240663,0.44884579699543903,0.0,0.4528301886792453,0.026701070699203074
772,103,97.16981132075472,106,0,106,0,0,0.0,1.4205299562678648,1.3944612905153693,1.033420293142284,1.090203151889843,0.6581959749700468,1.4379013943178107,4.952830188679245,3.595323583763093,0.39140404178932786,0.0,0.0,0.0,0.0,0.0,0,0,0,0,0,0.0,0.22641509433962265,0.2631932277871906,0.42140906479842294,0.8933347628255583,0.4547127136876395,0.0,0.45283018867924535,0.026700815296751376
773,104,98.11320754716981,106,0,106,0,0,0.0,1.4223318903278612,1.3955688666141124,1.1074731070757693,1.091146994130245,0.6477154050461643,1.4511031421360348,4.952830188679245,3.595323583763093,0.3953467417813574,0.0,0.0,0.0,0.0,0.0,0,0,0,0,0,0.0,0.22641509433962265,0.2721955419988404,0.4072824972802732,0.8873998453647232,0.45785295566648826,0.0,0.45283018867924535,0.0267267920583827
774,105,99.05660377358491,106,0,106,0,0,0.0,1.420911293876641,1.393674051690632,1.1105927892620566,1.0920024024057342,0.6475783869706654,1.443228544100738,4.952830188679245,3.595323583763093,0.3978917546904237,0.0,0.0,0.0,0.0,0.0,0,0,0,0,0,0.0,0.22641509433962265,0.27539004957182106,0.42010643535129605,0.8790318599217244,0.45635122591266736,0.0,0.45283018867924535,0.026735066423859664
775,105,99.05660377358491,106,1,105,0,0,0.009433962264150943,1.4108312254885336,1.3832210206521547,1.0992193547758342,1.0925570637092756,0.641954893503963,1.3776923608691112,4.952830188679245,3.595323583763093,0.3970918616562924,0.9573506383520195,0.09497385075375515,1.0,0.0426493616479805,0.015275680512800704,0,1,0,0,0,1.0,0.2641509433962264,0.27472840987297686,0.40351393760878135,0.8671968145465629,0.4608197230961327,0.009433962264150943,0.4528301886792453,0.02669463701624724
776,103,97.16981132075472,106,2,104,0,0,0.018867924528301886,1.4261168678413456,1.403151585797932,1.1464831710495913,1.0935030687823346,0.6298053990305911,1.3527270630243764,4.952830188679245,3.595323583763093,0.40089151382666355,0.6821816594251098,0.1055260084747893,1.0,0.3178183405748903,0.011484026783180667,0,2,0,0,0,0.0,0.24528301886792453,0.2794511696622181,0.39885185636269854,0.8611166056998082,0.45712922988934496,0.018867924528301886,0.509433962264151,0.026788071199758942
777,101,95.28301886792453,106,2,104,0,0,0.018867924528301886,1.4095904863435706,1.3876841659998134,1.0641385921009283,1.0940948975455702,0.6571140860398277,1.3879356218787466,4.952830188679245,3.595323583763093,0.3933610604933684,0.8265309954269677,0.12780311456475452,1.0,0.17346900457303233,-0.0004883289551035341,1,1,0,0,0,0.5,0.2358490566037736,0.26847331893475024,0.4043022866214906,0.8596311230697224,0.4433900650632472,0.018867924528301886,0.5283018867924529,0.02671607837182012
778,100,94.33962264150944,106,1,105,0,0,0.009433962264150943,1.398928916551941,1.3804944881156604,1.0961444914504785,1.0943727947716746,0.6561725633318113,1.434363694116398,4.952830188679245,3.595323583763093,0.3958295630614632,0.9383358124734174,0.10226268640101449,1.0,0.06166418752658265,-0.0036857394026761914,0,1,0,0,0,0.0,0.2358490566037736,0.2734423907857523,0.3920766963406145,0.8498717830014259,0.45041415475915914,0.009433962264150943,0.5094339622641509,0.026667766175116348
779,99,93.39622641509433,106,1,105,0,0,0.009433962264150943,1.4031205222216445,1.3853094423297485,1.0767437213244189,1.0948501929080383,0.6550965973122247,1.4311830785932433,4.952830188679245,3.595323583763093,0.39613597724684557,0.49028820796809647,0.10512864556627327,0.0,0.49028820796809647,-0.011853253074205372,0,1,0,0,0,0.0,0.2358490566037736,0.2715914745132241,0.37672555297348426,0.8558400881019618,0.454763326842037,0.009433962264150943,0.5094339622641509,0.026697306207357434
780,98,92.45283018867924,106,2,104,0,0,0.018867924528301886,1.4088895350487152,1.3967576523765448,1.1428919808857505,1.09549781179635,0.6612511178446322,1.4370599122324192,4.952830188679245,3.595323583763093,0.398103468952415,0.8808059140635515,0.12327085213982757,1.0,0.11919408593644854,0.00655954341874071,0,2,0,0,0,0.5,0.2358490566037736,0.27714551413335387,0.3627560558293948,0.8527111948209937,0.4565249602405927,0.018867924528301886,0.5094339622641509,0.026737793268804974
781,100,94.33962264150944,106,0,106,0,0,0.0,1.4289069922688409,1.4162402664425944,1.209429083854218,1.0968458568509554,0.6387921563458946,1.4082663724416509,4.952830188679245,3.595323583763093,0.40261862275425586,0.0,0.0,0.0,0.0,0.0,0,0,0,0,0,0.0,0.2169811320754717,0.2837878754500197,0.36243781322699997,0.8590252441063942,0.4623425111858705,0.0,0.4716981132075472,0.02686211384578959
782,102,96.22641509433963,106,0,106,0,0,0.0,1.4450813581866517,1.4326385781114088,1.214632572160106,1.0986170932172068,0.6336941613477362,1.399151260785478,4.952830188679245,3.595323583763093,0.40227036870539146,0.0,0.0,0.0,0.0,0.0,0,0,0,0,0,0.0,0.22641509433962265,0.28193374200134436,0.3691262615739325,0.8645217509788808,0.46099708763447594,0.0,0.4716981132075472,0.02697482651477866
783,103,97.16981132075472,106,0,106,0,0,0.0,1.4446387456646061,1.4321260493466095,1.2543253929556928,1.1003099062506148,0.6297406376013062,1.4077171348506377,4.952830188679245,3.595323583763093,0.4031172005139281,0.0,0.0,0.0,0.0,0.0,0,0,0,0,0,0.0,0.22641509433962265,0.2848881623533634,0.35243744830967316,0.8526174768056772,0.46538068520414844,0.0,0.4716981132075472,0.027003044505277997
784,103,97.16981132075472,106,1,105,0,0,0.009433962264150943,1.4441331507482458,1.433420895304103,1.2197566138647211,1.1019233332053424,0.635675265227316,1.4228718161939176,4.952830188679245,3.595323583763093,0.4023324960509447,0.881026162339452,0.11916728568123189,1.0,0.11897383766054803,0.004359191111415028,0,1,0,0,0,0.0,0.2358490566037736,0.28190222174927254,0.34687264305630405,0.8770689843524215,0.4625495177227311,0.009433962264150943,0.4528301886792453,0.027029520490601252
785,105,99.05660377358491,106,0,106,0,0,0.0,1.4458674348737035,1.435522766668308,1.1989106229248834,1.1035949745958735,0.638446072377131,1.4223970594425759,4.952830188679245,3.595323583763093,0.4006687564028075,0.0,0.0,0.0,0.0,0.0,0,0,0,0,0,0.0,0.24528301886792453,0.27885038587448624,0.3516047190236279,0.8601463903371118,0.45961379110453654,0.0,0.4528301886792453,0.027068242369803396
786,105,99.05660377358491,106,0,106,0,0,0.0,1.4351794192034815,1.424691160322073,1.188227859752469,1.104894970031282,0.6516789976408814,1.4520865736115962,4.952830188679245,3.595323583763093,0.39913832834473806,0.0,0.0,0.0,0.0,0.0,0,0,0,0,0,0.0,0.2358490566037736,0.27751474734386483,0.3427945221381648,0.8669344387582052,0.45972485540425584,0.0,0.41509433962264153,0.027038171812690828
787,104,98.11320754716981,106,1,105,0,0,0.009433962264150943,1.451602527120385,1.4414112179643823,1.3043953322025887,1.1066025205962116,0.636538548658072,1.4388186090732522,4.952830188679245,3.595323583763093,0.4047740079191402,0.6290735166754351,0.13001794091967467,1.0,0.3709264833245649,0.003563536732925532,0,1,0,0,0,0.0,0.2169811320754717,0.2883362255841261,0.32102839185977156,0.8815204470457461,0.47149525631471245,0.009433962264150943,0.4528301886792453,0.02715098333635814
788,104,98.11320754716981,106,1,105,0,0,0.009433962264150943,1.4624020528225294,1.4502872095645425,1.353453660889681,1.1085851218893894,0.6453887851978314,1.4579449621504754,4.952830188679245,3.595323583763093,0.40646151167066136,0.9695110366806375,0.1418523209340357,1.0,0.03048896331936246,0.004404815596191991,0,1,0,0,0,1.0,0.2358490566037736,0.2912977309125289,0.31068548974225607,0.8832647034897257,0.4735513599128947,0.009433962264150943,0.4716981132075472,0.02724062143080167
789,104,98.11320754716981,106,0,106,0,0,0.0,1.451758630663339,1.4396537484525553,1.307965628871539,1.1101360681501267,0.6564405149272782,1.5192165985232484,4.952830188679245,3.595323583763093,0.4036119109105343,0.0,0.0,0.0,0.0,0.0,0,0,0,0,0,0.0,0.25471698113207547,0.2869899474525758,0.31546952443324866,0.8792881833990066,0.47053516882547464,0.0,0.4716981132075472,0.02721528508834761
790,102,96.22641509433963,106,2,104,0,0,0.018867924528301886,1.4521920741137355,1.4371186378088547,1.362927236729414,1.1116390826831077,0.6610178480120144,1.4661405560231309,4.952830188679245,3.595323583763093,0.4042605471451879,0.9948967553884073,0.11257538008971597,1.0,0.005103244611592728,0.014159039224862696,0,2,0,0,0,1.0,0.2358490566037736,0.29093847303761045,0.3094166733569293,0.8886467208122525,0.4761225043717411,0.018867924528301886,0.39622641509433965,0.027244471423585416
791,101,95.28301886792453,106,1,105,0,0,0.009433962264150943,1.4613086204487007,1.452920184028165,1.423913339529149,1.1132621649444419,0.6423626682787343,1.4403889734415394,4.952830188679245,3.595323583763093,0.4082335296247104,0.9432561852713167,0.10077058716323016,1.0,0.056743814728683284,-0.001467347108512651,0,1,0,0,0,0.0,0.2641509433962264,0.2971175832567178,0.30762594414520505,0.8879661445436517,0.48151471811156754,0.009433962264150943,0.41509433962264153,0.027319231684923055
792,101,95.28301886792453,106,1,105,0,0,0.009433962264150943,1.4550057727688177,1.4467758248429274,1.3575890776938433,1.1148569213940764,0.6608829925930367,1.4418794061181448,4.952830188679245,3.595323583763093,0.40705548656874946,0.6730574347260146,0.12095718881234567,1.0,0.32694256527398535,0.008900312303923519,0,1,0,0,0,0.0,0.25471698113207547,0.29276823067544383,0.31050664152059193,0.8780070907939382,0.4783739043612007,0.009433962264150943,0.4528301886792453,0.02731638577389229
793,101,95.28301886792453,106,1,103,2,0,0.009433962264150943,1.4622941523818378,1.4540049312435201,1.4604253742093374,1.11659228191801,0.6599240816966102,1.455891624288496,4.952830188679245,3.595323583763093,0.40919473777328297,0.5777929906483538,0.12861474972256084,0.6666666666666666,0.25802487160035464,-0.008810319943917863,0,1,0,2,0,0.0,0.2641509433962264,0.30051164474431186,0.2921251219296085,0.8780070907939382,0.48138940703097194,0.009433962264150943,0.4528301886792453,0.02738402358504754
794,99,93.39622641509433,106,3,102,1,0,0.02830188679245283,1.4723179219780866,1.4632810763236028,1.6036521364529015,1.1185286645579604,0.6594647817849336,1.4275695905120025,4.952830188679245,3.595323583763093,0.415143360539987,0.6500175817719258,0.12021471255675298,0.75,0.27858835750442723,-0.002333027456757758,0,3,0,1,0,0.0,0.24528301886792453,0.31258796927171517,0.28644090630370306,0.8467316419644917,0.48438861900513064,0.02830188679245283,0.49056603773584906,0.027468952043891798
795,100,94.33962264150944,106,1,105,0,0,0.009433962264150943,1.4752333866481004,1.4646624134945234,1.689766066122905,1.1204880723398578,0.6799550643486485,1.4533462936106643,4.952830188679245,3.595323583763093,0.41488984689402075,0.6961984173255782,0.12380067402630122,1.0,0.3038015826744218,-0.002473765794023808,0,1,0,0,0,0.0,0.25471698113207547,0.31538045194009345,0.2704322369410741,0.8238657147733996,0.48956440279335334,0.009433962264150943,0.49056603773584906,0.027518752892284188
796,101,95.28301886792453,106,0,105,1,0,0.0,1.4770610721566884,1.4666864941665627,1.6557805543175603,1.122388600761481,0.6815926185413013,1.4531788365348595,4.952830188679245,3.595323583763093,0.4136307475959682,0.18995687146454981,0.12342771054884516,0.0,0.18995687146454981,-0.034812278503719374,0,0,0,1,0,0.0,0.25471698113207547,0.31162522550291516,0.28168090511865523,0.8411126544207872,0.48728002037142437,0.0,0.49056603773584906,0.0275620563931065
797,102,96.22641509433963,106,0,106,0,0,0.0,1.473911680016391,1.4643482196135,1.4860431670486176,1.1241535442073785,0.6869609044099553,1.4560461031375524,4.952830188679245,3.595323583763093,0.40554701059884546,0.0,0.0,0.0,0.0,0.0,0,0,0,0,0,0.0,0.25471698113207547,0.29476400777487577,0.29700005734864526,0.8543250522405589,0.47810069258204785,0.0,0.49056603773584906,0.027578037146380227
798,101,95.28301886792453,106,1,104,1,0,0.009433962264150943,1.484916020188054,1.4727265878728613,1.622864775918691,1.12615198230878,0.6981791159651737,1.4731917497255498,4.952830188679245,3.595323583763093,0.40616406647049064,0.49989381305063707,0.13024215351002685,0.5,0.015560023955309307,-0.013648796162215426,0,1,0,1,0,1.0,0.2169811320754717,0.3013060042976483,0.2848692430550325,0.8133061017029499,0.4732521328973201,0.009433962264150943,0.5471698113207547,0.02766898400542184
799,103,97.16981132075472,106,1,105,0,0,0.009433962264150943,1.494188150354629,1.482827894903215,1.7420256491610946,1.1282827301569474,0.6826087563741225,1.4743420533088882,4.952830188679245,3.595323583763093,0.4064261076046958,0.40227488495038,0.13497123009054093,0.0,0.40227488495038,-0.0388453634616146,0,1,0,0,0,0.0,0.2358490566037736,0.30604187418166434,0.2617168154634359,0.8305574003947438,0.4859004956374177,0.009433962264150943,0.5094339622641509,0.02775364829620256
800,102,96.22641509433963,106,2,103,1,0,0.018867924528301886,1.504062707330694,1.4919751389675926,1.9031163173415266,1.1306433329111814,0.6876781668928561,1.48112765086851,4.952830188679245,3.595323583763093,0.4072078836774653,0.6477429547261665,0.12121829676804192,1.0,0.35225704527383345,0.01399669134155986,0,2,0,1,0,0.0,0.24528301886792453,0.3124040738389457,0.23936013094652656,0.8159043861768389,0.488706606908869,0.018867924528301886,0.5094339622641509,0.027845456734853856
801,101,95.28301886792453,106,1,103,1,1,0.009433962264150943,1.4972662962162844,1.490850666625947,1.9596924016670314,1.132687152001859,0.7014713577132418,1.4801789850611624,4.952830188679245,3.595323583763093,0.4068140985275588,0.663224291056877,0.11616109102130706,0.6666666666666666,0.3041753620881747,0.0004845404743983132,0,2,1,0,0,0.3333333333333333,0.22641509433962265,0.3147770059044018,0.24524391210781168,0.8072700569671624,0.4844183286464512,0.009433962264150943,0.5660377358490567,0.0278482156341701
802,99,93.39622641509433,106,2,101,1,2,0.018867924528301886,1.4962412705273884,1.488655462066442,1.8732995033246882,1.1348315652139231,0.7032936904045016,1.4181177651995733,4.952830188679245,3.595323583763093,0.4042264625609764,0.8711047214967511,0.14869109786931087,1.0,0.12889527850324894,-0.0021925307589734542,0,4,1,0,0,0.0,0.24528301886792453,0.30930340871066025,0.25354407344853613,0.8292777734579582,0.48311150844658335,0.018867924528301886,0.49056603773584906,0.027881639802698952
803,98,92.45283018867924,106,2,104,0,0,0.018867924528301886,1.4958156102106532,1.4832270912854373,2.06738173538776,1.1368295295868596,0.7053628553131882,1.4158245574871169,4.952830188679245,3.595323583763093,0.40882595254016385,0.668181826962732,0.11831230249311091,0.5,0.19346113860188174,-0.0073583751112026585,0,2,0,0,0,0.5,0.2358490566037736,0.3237515769620129,0.23419920239981104,0.8193296705115063,0.4872257574976015,0.018867924528301886,0.45283018867924524,0.027915428143262963
804,99,93.39622641509433,106,0,106,0,0,0.0,1.473976499449219,1.4615832684686054,2.0547267992356377,1.13799574776051,0.732177659066666,1.4792908570400067,4.952830188679245,3.595323583763093,0.4063974398456014,0.0,0.0,0.0,0.0,0.0,0,0,0,0,0,0.0,0.22641509433962265,0.3232513249530617,0.22337314907088499,0.8200030117873272,0.4809188830497051,0.0,0.49056603773584906,0.027827197247973483
805,101,95.28301886792453,106,0,106,0,0,0.0,1.474320597709385,1.4624792387672387,2.0151014770925317,1.1391458070422853,0.7274369433048992,1.4819551599626397,4.952830188679245,3.595323583763093,0.40541883336060613,0.0,0.0,0.0,0.0,0.0,0,0,0,0,0,0.0,0.20754716981132076,0.3202275695930408,0.22540128020839184,0.8354235606248755,0.4839408170887229,0.0,0.49056603773584906,0.027849591915566775
806,100,94.33962264150944,106,2,104,0,0,0.018867924528301886,1.4798262481352766,1.4686160861716455,2.0286682231711506,1.1404006387755485,0.733789095110414,1.4928760142090862,4.952830188679245,3.595323583763093,0.4050909552258388,0.7140512881465421,0.13626314501256984,0.5,0.2144097844388514,-0.02659432628000502,1,1,0,0,0,0.5,0.20754716981132076,0.3195907210866424,0.21985430201969414,0.8301717307455183,0.49212240658830375,0.018867924528301886,0.5094339622641509,0.027899677798317514
807,102,96.22641509433963,106,0,105,1,0,0.0,1.462900661247019,1.4521135903899411,1.7915651398822403,1.1411660915629214,0.7461689268071192,1.540887425984721,4.952830188679245,3.595323583763093,0.4004155296929608,0.02907364486675725,0.13655349790378413,0.0,0.02907364486675725,-0.0339913782106388,0,0,0,1,0,1.0,0.2169811320754717,0.30584266901215945,0.23914879628132954,0.840153943276371,0.48056753113086265,0.0,0.4716981132075472,0.02782881011616972
808,104,98.11320754716981,106,0,106,0,0,0.0,1.4576185137812727,1.4470393553797198,1.711606448018198,1.1417580757112922,0.7509339677444153,1.5439428509821447,4.952830188679245,3.595323583763093,0.3994274226908394,0.0,0.0,0.0,0.0,0.0,0,0,0,0,0,0.0,0.2358490566037736,0.301482418278046,0.24484393162647727,0.828051149987155,0.47732339720246886,0.0,0.4716981132075472,0.02781304125169024
809,104,98.11320754716981,106,0,105,1,0,0.0,1.4451398965690079,1.4350294199749396,1.7520997242353986,1.1419833392819627,0.7534134974615342,1.5013747776470747,4.952830188679245,3.595323583763093,0.3999106214392789,0.3121187991644321,0.14530491968234965,0.0,0.3121187991644321,-0.040545309098323656,0,0,1,0,0,0.0,0.25471698113207547,0.304264207238094,0.23593224560337625,0.8228040855443823,0.47698342066094995,0.0,0.43396226415094336,0.02775469764276989
810,104,98.11320754716981,106,0,105,1,0,0.0,1.4448048524754018,1.4341658582862356,1.872924299616651,1.142175665628708,0.756636440720665,1.5077179764566953,4.952830188679245,3.595323583763093,0.4026073915904447,0.09318111289204653,0.16326621314316553,0.0,0.09318111289204653,-0.060524974115493624,0,0,1,0,0,0.0,0.2641509433962264,0.3127182597254042,0.231284888265572,0.8166164209889121,0.4756017649581312,0.0,0.5094339622641509,0.02775647979955302
811,106,100.0,106,0,105,1,0,0.0,1.4422425033097455,1.4313164078280458,2.0674573127214364,1.1422791196494857,0.7595352163299216,1.5525634547883054,4.952830188679245,3.595323583763093,0.4036819865484893,0.7023121105650426,0.15144365372538898,1.0,0.2976878894349574,0.009658675202793399,0,0,0,1,0,0.0,0.2641509433962264,0.32284619370290624,0.21340456675925326,0.799545209538569,0.47204434153519387,0.0,0.5471698113207548,0.027745527807128426
812,106,100.0,106,0,105,1,0,0.0,1.4494456860078995,1.43858020056727,2.1673591433321517,1.1425877796461996,0.7475809464855353,1.5485685888676828,4.952830188679245,3.595323583763093,0.40726063733038753,0.21642762720576927,0.14644676322736164,0.0,0.21642762720576927,-0.03672586770695385,0,0,1,0,0,0.0,0.2358490566037736,0.3292919545488591,0.20585785100743453,0.8098586578920137,0.4790360585157002,0.0,0.5471698113207548,0.027787092383446947
813,105,99.05660377358491,106,1,104,1,0,0.009433962264150943,1.4495620467520922,1.4372057272685237,2.0337445876409883,1.1428927243313065,0.7492458947242625,1.5205344234151408,4.952830188679245,3.595323583763093,0.40680400418005025,0.540679056544329,0.14930162240750935,0.5,0.33034202788596456,-0.01715163223420374,0,1,0,1,0,0.0,0.2358490566037736,0.3232989012789161,0.22183426098226258,0.8171498155113128,0.4716725515527187,0.009433962264150943,0.5660377358490567,0.02779315606125845
814,104,98.11320754716981,106,1,105,0,0,0.009433962264150943,1.4573283497499692,1.446029636471795,2.1846215114376246,1.143360229225595,0.7393173439783536,1.538862280041719,4.952830188679245,3.595323583763093,0.4114829093411674,0.8412389032170555,0.06514329719658435,1.0,0.15876109678294448,0.0369390200707328,0,1,0,0,0,0.0,0.25471698113207547,0.3342044797664366,0.2095935804939405,0.8166003293361408,0.48348319910385995,0.009433962264150943,0.5849056603773586,0.027840391733107636
815,104,98.11320754716981,106,0,106,0,0,0.0,1.4433792641459808,1.4321369869190137,2.179217554583922,1.1434446963308744,0.7536482499627295,1.5632313519609267,4.952830188679245,3.595323583763093,0.4080263688264121,0.0,0.0,0.0,0.0,0.0,0,0,0,0,0,0.0,0.2358490566037736,0.33201669377210824,0.2034936451781219,0.8256427779830036,0.48101979514618404,0.0,0.5471698113207548,0.02777216473796601
816,103,97.16981132075472,106,1,105,0,0,0.009433962264150943,1.453293434651114,1.4450117140278884,2.458473371395259,1.1438219171105555,0.753366186200275,1.5571171990725765,4.952830188679245,3.595323583763093,0.4131086018660932,0.7324948968590952,0.14249470863273875,1.0,0.2675051031409048,-0.004119384948063631,0,1,0,0,0,0.0,0.24528301886792453,0.34781125624642295,0.18477433829748785,0.8427033295525458,0.4869727518172027,0.009433962264150943,0.5283018867924529,0.02782851674431904
817,102,96.22641509433963,106,1,105,0,0,0.009433962264150943,1.4682733951889926,1.4579231140394737,2.3807570372147224,1.1446941217161064,0.7380729597938241,1.502060844234273,4.952830188679245,3.595323583763093,0.4147103662087015,0.10851153381981435,0.16544880759536468,0.0,0.10851153381981435,-0.06453147579531637,0,1,0,0,0,0.0,0.2641509433962264,0.3455721042064739,0.19723216895979384,0.8390568873866797,0.48459057822501256,0.009433962264150943,0.5660377358490567,0.02791909583594945
818,103,97.16981132075472,106,0,105,1,0,0.0,1.4729472804935397,1.4632837030670631,2.3668183096271895,1.1456264912550829,0.7279332616093293,1.4773300717498077,4.952830188679245,3.595323583763093,0.41472090788824034,0.09063729741662907,0.11161710756000373,0.0,0.09063729741662907,-0.029206631517284976,0,0,0,1,0,0.0,0.27358490566037735,0.34425342167606776,0.19684959520336767,0.8506951986471262,0.48864352506383335,0.0,0.5283018867924529,0.02795922611343351
819,103,97.16981132075472,106,2,103,1,0,0.018867924528301886,1.4796555354928784,1.4662082093436035,2.1945165848121357,1.1467347383862674,0.7374538944570628,1.482161986062246,4.952830188679245,3.595323583763093,0.4083606911627726,0.6302287917630282,0.14052499048304443,0.6666666666666666,0.16124625536413786,-0.013557927112366622,0,2,0,1,0,0.0,0.27358490566037735,0.3301771408068549,0.20371404887354078,0.8254909310036562,0.4791584614471602,0.018867924528301886,0.5849056603773586,0.02801268992366713
820,102,96.22641509433963,106,1,105,0,0,0.009433962264150943,1.4778488780204502,1.4666627284660587,2.1984722688217317,1.1476326532917824,0.7409191297721534,1.4950780669181745,4.952830188679245,3.595323583763093,0.41022169534363795,0.9931084038281359,0.11295930870810726,1.0,0.006891596171864078,0.0036104624623443105,0,1,0,0,0,1.0,0.29245283018867924,0.3320378674422901,0.20161506828526163,0.8343382317504252,0.48173429927254646,0.009433962264150943,0.5283018867924528,0.028019798109485045
821,102,96.22641509433963,106,0,106,0,0,0.0,1.473351778405077,1.4625408198602732,2.053657010726626,1.148438005867896,0.7537509616271396,1.5119267366315756,4.952830188679245,3.595323583763093,0.4060292818645257,0.0,0.0,0.0,0.0,0.0,0,0,0,0,0,0.0,0.2830188679245283,0.32215840313368144,0.21141903032576204,0.8308361362396972,0.4731653529435421,0.0,0.5660377358490567,0.028011790126958903
822,103,97.16981132075472,106,0,106,0,0,0.0,1.488683682693547,1.4768792199720548,2.2549787301237454,1.1496268129175102,0.7472073599539067,1.5409564056922227,4.952830188679245,3.595323583763093,0.41085996981169903,0.0,0.0,0.0,0.0,0.0,0,0,0,0,0,0.0,0.2830188679245283,0.3340430512328003,0.19122287968828108,0.8228937427101148,0.48281374767180735,0.0,0.5660377358490567,0.028109820378511365
823,103,97.16981132075472,106,0,105,1,0,0.0,1.5066585846758354,1.4950363893623329,2.14381840219712,1.1512951257014905,0.7376100684262187,1.5260780589202017,4.952830188679245,3.595323583763093,0.4066046685901288,0.6160797625314289,0.0588875556051308,1.0,0.38392023746857107,0.03144032512810807,0,0,0,1,0,0.0,0.2641509433962264,0.3222854577489839,0.20057391295865254,0.8311155588468228,0.48009174722775366,0.0,0.5283018867924529,0.028229685509909494
824,104,98.11320754716981,106,1,105,0,0,0.009433962264150943,1.4903301408093006,1.4780164686652837,2.145850430145279,1.1524312647648847,0.7571348234419123,1.5388653346909018,4.952830188679245,3.595323583763093,0.40258584134047615,0.7264535665128888,0.1397973835810733,1.0,0.27354643348711116,0.005540347249129773,0,1,0,0,0,0.0,0.2641509433962264,0.3206443404223572,0.1937969862621356,0.853892702998741,0.4784748918228288,0.009433962264150943,0.49056603773584906,0.028168467228422096
825,105,99.05660377358491,106,0,106,0,0,0.0,1.4845739714653885,1.4733500233782306,1.966874438185138,1.1533749924056507,0.763600150009257,1.5501030332156658,4.952830188679245,3.595323583763093,0.39721292697392685,0.0,0.0,0.0,0.0,0.0,0,0,0,0,0,0.0,0.27358490566037735,0.30780972529818634,0.20167844371208035,0.8481074276791221,0.47290216939842245,0.0,0.49056603773584906,0.028156651412920015
826,104,98.11320754716981,106,1,105,0,0,0.009433962264150943,1.4792618288412227,1.4665681511494622,1.8381742953569706,1.1541520227870066,0.766471705107316,1.5485978725004639,4.952830188679245,3.595323583763093,0.3915070110513479,0.9999999999417788,0.1311877696945758,1.0,5.822120563436783e-11,0.0022593561233855697,0,1,0,0,0,1.0,0.27358490566037735,0.2967988543678135,0.20754829849332856,0.8513227447777499,0.4718237508844124,0.009433962264150943,0.49056603773584906,0.02814405907807613
827,103,97.16981132075472,106,1,103,2,0,0.009433962264150943,1.485178666550116,1.475052182796437,1.7130663928348342,1.155012705587068,0.7678860461161188,1.5563684584562505,4.952830188679245,3.595323583763093,0.38946568189790787,0.6224413807437327,0.08789205983431887,0.6666666666666666,0.3493664166777975,0.005172808463663229,0,1,0,2,0,0.0,0.25471698113207547,0.28796669739747827,0.2270949507838767,0.861753002048413,0.4661311725802121,0.009433962264150943,0.49056603773584906,0.028189115432466598
828,102,96.22641509433963,106,1,105,0,0,0.009433962264150943,1.4952327083440475,1.4836783481887477,1.665562499373314,1.1561957005278292,0.77124392357636,1.5625502550410977,4.952830188679245,3.595323583763093,0.38725264626024924,0.6533434421088745,0.14889313699653023,1.0,0.3466565578911255,0.010394420794703985,0,1,0,0,0,0.0,0.24528301886792453,0.28255302161729806,0.23838396881478266,0.8522206906642932,0.4628076658678387,0.009433962264150943,0.49056603773584906,0.02826065188948621
829,103,97.16981132075472,106,0,106,0,0,0.0,1.4956216522598218,1.4843413473498202,1.6316126256080055,1.1573202234521494,0.7753224590043342,1.56936337639603,4.952830188679245,3.595323583763093,0.383876559615298,0.0,0.0,0.0,0.0,0.0,0,0,0,0,0,0.0,0.2358490566037736,0.27730912852924927,0.23650003251624044,0.8576325382805764,0.4596069874226863,0.0,0.49056603773584906,0.028282811728016534
830,103,97.16981132075472,106,1,105,0,0,0.009433962264150943,1.4999093029493753,1.4885722484146409,1.7347768848254652,1.1585314650384424,0.7716491871753175,1.5193799156027628,4.952830188679245,3.595323583763093,0.3846550623995857,0.5634096516099314,0.1241814545867578,1.0,0.4365903483900686,0.002883363381810944,0,1,0,0,0,0.0,0.2358490566037736,0.2824524440000236,0.22226560961512523,0.8656956655379104,0.4651648440863101,0.009433962264150943,0.4528301886792453,0.028326024008668474
831,103,97.16981132075472,106,1,105,0,0,0.009433962264150943,1.4912187166137763,1.4796876413195281,1.579949552006091,1.1594680694710509,0.7823289406135193,1.5421843280733698,4.952830188679245,3.595323583763093,0.3823391322162346,0.9995574915460614,0.13014937953284225,1.0,0.00044250845393856153,0.018784925129981866,0,1,0,0,0,1.0,0.25471698113207547,0.2728601253346552,0.24092323754203762,0.8741078391739839,0.45969362458407026,0.009433962264150943,0.4716981132075472,0.02829940805701655
832,104,98.11320754716981,106,0,106,0,0,0.0,1.499366559119527,1.4885711938502226,1.5210156933314865,1.1605966014780367,0.777438552920242,1.51132734814972,4.952830188679245,3.595323583763093,0.378056105740358,0.0,0.0,0.0,0.0,0.0,0,0,0,0,0,0.0,0.2641509433962264,0.265163731943235,0.24972107854830283,0.8587434043006638,0.4564083776376094,0.0,0.4716981132075472,0.02836043445824404
833,102,96.22641509433963,106,2,104,0,0,0.018867924528301886,1.5048189401916003,1.4935423265403704,1.46495102506886,1.161847204879028,0.7812112914725511,1.5081346095457366,4.952830188679245,3.595323583763093,0.3779184409505434,0.9172852851288541,0.13653512332179324,1.0,0.0827147148711459,0.01546715421071182,0,2,0,0,0,0.5,0.2358490566037736,0.26225271016867285,0.2652575182824679,0.8509154201754741,0.45330288072199704,0.018867924528301886,0.509433962264151,0.028410177983112
834,102,96.22641509433963,106,0,106,0,0,0.0,1.5164004721482962,1.5048004178025416,1.497072805080916,1.1633569937625763,0.7770265084600538,1.5034827643455637,4.952830188679245,3.595323583763093,0.38016276563914686,0.0,0.0,0.0,0.0,0.0,0,0,0,0,0,0.0,0.24528301886792453,0.26486383242460787,0.2693589129844673,0.8411574564345865,0.4553391674205346,0.0,0.5471698113207548,0.028495226540793103
835,103,97.16981132075472,106,0,106,0,0,0.0,1.5253554141094965,1.5137731179439449,1.677863577280684,1.1650705789337565,0.7865848620466782,1.4977715017196156,4.952830188679245,3.595323583763093,0.3843451163288978,0.0,0.0,0.0,0.0,0.0,0,0,0,0,0,0.0,0.24528301886792453,0.27668187581143583,0.24524966585937416,0.8455333703755972,0.4583369777952157,0.0,0.5094339622641509,0.02857080571649276
836,102,96.22641509433963,106,2,104,0,0,0.018867924528301886,1.5318885399972983,1.5204683199770637,1.6372085747449714,1.1669142243216646,0.7716169126846447,1.4463721937347251,4.952830188679245,3.595323583763093,0.39090570328341867,0.8566350062901434,0.11989140514365323,1.0,0.14336499370985656,0.010856955420782466,1,1,0,0,0,0.5,0.2358490566037736,0.28050459514254106,0.25323496466792894,0.8476217636680238,0.46716402468931156,0.018867924528301886,0.5094339622641509,0.028636613854647976
837,102,96.22641509433963,106,0,106,0,0,0.0,1.5265248469424553,1.5158260188799624,1.4954480798877259,1.1685589622888284,0.7763719690413333,1.475386347389954,4.952830188679245,3.595323583763093,0.38753511397033,0.0,0.0,0.0,0.0,0.0,0,0,0,0,0,0.0,0.2169811320754717,0.2707846157736185,0.2652192309938602,0.8585627607978941,0.4616793447408703,0.0,0.4716981132075471,0.028639362215386037
838,104,98.11320754716981,106,0,106,0,0,0.0,1.5247834787788175,1.5139233740958016,1.5042837598351304,1.1700898416146555,0.7925019340420917,1.499243438170565,4.952830188679245,3.595323583763093,0.38605260539845454,0.0,0.0,0.0,0.0,0.0,0,0,0,0,0,0.0,0.24528301886792453,0.27019004048459744,0.2670944084371086,0.8382062184024931,0.4622453223987305,0.0,0.5094339622641509,0.02865817540728805
839,103,97.16981132075472,106,1,105,0,0,0.009433962264150943,1.5171027855023385,1.5057511168732431,1.4387445171620261,1.1713714229149226,0.7907899350178599,1.5308439859045986,4.952830188679245,3.595323583763093,0.3870145432088492,0.4688677003853112,0.1122123088360231,0.0,0.4688677003853112,-0.008641242189608822,0,1,0,0,0,0.0,0.2358490566037736,0.2688205406239022,0.2709205574102159,0.841645717822741,0.4595544474635311,0.009433962264150943,0.5283018867924527,0.028642810438272458
840,103,97.16981132075472,106,1,105,0,0,0.009433962264150943,1.5108256851094328,1.5021638573432374,1.2435230907311208,1.1724112486602403,0.7817238694705053,1.470037541640856,4.952830188679245,3.595323583763093,0.3827815255522635,0.9686465734155691,0.1415311742787569,1.0,0.031353426584430855,0.003989266475321829,0,1,0,0,0,1.0,0.25471698113207547,0.255445803847238,0.2948421539654522,0.8577673424093296,0.4588111059548617,0.009433962264150943,0.4716981132075471,0.028630117486433654
841,104,98.11320754716981,106,0,106,0,0,0.0,1.5175594485975183,1.508207337182199,1.4052165071563882,1.1736392178070731,0.7860884389937992,1.5007225712621384,4.952830188679245,3.595323583763093,0.3871679780860544,0.0,0.0,0.0,0.0,0.0,0,0,0,0,0,0.0,0.2358490566037736,0.26736124261613675,0.26718441410856636,0.860820027540209,0.4662151458438175,0.0,0.4716981132075471,0.02868586103604279
842,103,97.16981132075472,106,1,105,0,0,0.009433962264150943,1.4971773908269899,1.4860893070999632,1.3037520104036355,1.1742505046343246,0.7962698421692964,1.482664082344906,4.952830188679245,3.595323583763093,0.38409757904829633,0.5610320162364639,0.16050225536261326,1.0,0.4389679837635361,0.005695746212982966,0,1,0,0,0,0.0,0.2358490566037736,0.26157009132905246,0.26844823993127714,0.8604659161309386,0.46810290374098296,0.009433962264150943,0.4716981132075471,0.02859493961692245
843,103,97.16981132075472,106,0,106,0,0,0.0,1.507422074525616,1.494791279968582,1.478426655999875,1.175026466042145,0.8039161140191082,1.6163350263847478,4.952830188679245,3.595323583763093,0.38700649872232096,0.0,0.0,0.0,0.0,0.0,0,0,0,0,0,0.0,0.22641509433962265,0.27308466965322636,0.2537529738065868,0.8675112942881457,0.47385639183682016,0.0,0.43396226415094336,0.028660112197163717
844,104,98.11320754716981,106,0,106,0,0,0.0,1.5184217236751036,1.5050860586932329,1.6286511565096493,1.1760706336123763,0.8030461280105746,1.6189945597924205,4.952830188679245,3.595323583763093,0.3875444019145391,0.0,0.0,0.0,0.0,0.0,0,0,0,0,0,0.0,0.24528301886792453,0.2799391297131818,0.2423902975366401,0.8650086587735594,0.47213125434484154,0.0,0.4339622641509434,0.028733881044364418
845,105,99.05660377358491,106,0,106,0,0,0.0,1.5299792526711344,1.5163322533604893,1.7852303248027508,1.1774007296510194,0.8017241309918945,1.6130146348040186,4.952830188679245,3.595323583763093,0.39066901453144154,0.0,0.0,0.0,0.0,0.0,0,0,0,0,0,0.0,0.20754716981132076,0.28924263870104755,0.22535942780606236,0.8596036960163094,0.4779502473887069,0.0,0.4339622641509434,0.028815579317626593
846,104,98.11320754716981,106,1,105,0,0,0.009433962264150943,1.5473674748602608,1.530737916603849,2.070601558477225,1.1791547777005003,0.8021905512344036,1.606918645495314,4.952830188679245,3.595323583763093,0.3977670973440006,0.4574212788392411,0.1645134485936948,0.0,0.4574212788392411,-0.040560209531471436,0,1,0,0,0,0.0,0.22641509433962265,0.3073512260686262,0.20449921147229103,0.8447917021870323,0.4820508295952157,0.009433962264150943,0.47169811320754723,0.028934052280168984
847,105,99.05660377358491,106,0,106,0,0,0.0,1.553956009719718,1.5384188818053952,1.9327079076647837,1.1810092573884559,0.799452228660637,1.5944398815009053,4.952830188679245,3.595323583763093,0.398076174177874,0.0,0.0,0.0,0.0,0.0,0,0,0,0,0,0.0,0.22641509433962265,0.3009510560798524,0.21749284943510128,0.8511740995242786,0.485247508932123,0.0,0.47169811320754723,0.02900033222725485
848,105,99.05660377358491,106,0,106,0,0,0.0,1.5435903328617797,1.52809152838621,1.9483700824875063,1.1825000211123877,0.8066171811539696,1.6107946101199095,4.952830188679245,3.595323583763093,0.39735497354090676,0.0,0.0,0.0,0.0,0.0,0,0,0,0,0,0.0,0.22641509433962265,0.3023423390425594,0.20888290252381542,0.8434531630590983,0.4830830789704451,0.0,0.4716981132075472,0.028975302732837514
849,105,99.05660377358491,106,0,105,1,0,0.0,1.5238879101466478,1.509038943828388,1.7358661144167091,1.1833891854038356,0.8106833344182128,1.6310072022726014,4.952830188679245,3.595323583763093,0.3916045075293737,0.6666039097217273,0.15323350315894008,1.0,0.33339609027827266,0.00019563716051707036,0,0,0,1,0,0.0,0.2358490566037736,0.28924999812080116,0.21640540638130146,0.8362115969490982,0.47964420646809286,0.0,0.509433962264151,0.028892774785996268
850,104,98.11320754716981,106,1,103,2,0,0.009433962264150943,1.5397122287728233,1.5291861244176226,1.8553058283414061,1.184700830697654,0.7961871354264615,1.5220553038307114,4.952830188679245,3.595323583763093,0.398446812154742,0.59809103568567,0.10886386967830429,1.0,0.40190896431432993,0.017106602960112127,0,1,0,2,0,0.0,0.24528301886792453,0.2996019069782764,0.21474887864352163,0.8603025267431545,0.4934624904670422,0.009433962264150943,0.45283018867924524,0.02899547532541913
851,103,97.16981132075472,106,2,103,1,0,0.018867924528301886,1.5362774274315578,1.5247973688612984,1.6853834634922913,1.1860302956889486,0.7994744233136543,1.5812924362101521,4.952830188679245,3.595323583763093,0.39505721014492745,0.664129801093547,0.13927605642903648,1.0,0.335870198906453,-0.010866965587192504,1,1,0,1,0,0.0,0.25471698113207547,0.28825965674640164,0.22493770991732615,0.8415781551571473,0.4925700889699462,0.018867924528301886,0.509433962264151,0.029002200602897748
852,101,95.28301886792453,106,3,102,0,1,0.02830188679245283,1.5237139104719866,1.5159808642324373,1.5445779431125226,1.186917816282061,0.8110007331684982,1.6353414563823014,4.952830188679245,3.595323583763093,0.3893581215302464,0.5608232185722746,0.12699417276958297,0.75,0.40804664881933084,-0.007145296203742824,0,4,0,0,0,0.0,0.2358490566037736,0.2759451111204667,0.24524464502425838,0.816058503983632,0.48208510478291855,0.02830188679245283,0.5471698113207548,0.028955337636697356
853,101,95.28301886792453,106,0,106,0,0,0.0,1.51250882746093,1.5051540922844027,1.4604996054142545,1.1875364081548874,0.8128416961507151,1.6075472656157612,4.952830188679245,3.595323583763093,0.3835879521289709,0.0,0.0,0.0,0.0,0.0,0,0,0,0,0,0.0,0.24528301886792453,0.2674450200296113,0.24992448053491448,0.8301728958088029,0.47369856540415806,0.0,0.509433962264151,0.028910432411387556
854,101,95.28301886792453,106,0,106,0,0,0.0,1.5254720713076906,1.5173899007380032,1.6580832099007186,1.1884846931738198,0.800054067538308,1.6317482254336795,4.952830188679245,3.595323583763093,0.3890288398191104,0.0,0.0,0.0,0.0,0.0,0,0,0,0,0,0.0,0.25471698113207547,0.28124241493852015,0.2364949093831927,0.8264785204530031,0.4771696006802639,0.0,0.5471698113207548,0.02899229558808484
855,102,96.22641509433963,106,0,106,0,0,0.0,1.5296057053066405,1.5221380099504453,1.5308719442536474,1.1895354521900636,0.7947398839581638,1.6039426267491228,4.952830188679245,3.595323583763093,0.3861342471655491,0.0,0.0,0.0,0.0,0.0,0,0,0,0,0,0.0,0.2358490566037736,0.27167222067757835,0.252288120514241,0.825214858120006,0.47234624335952274,0.0,0.5471698113207548,0.029031852851439357
856,103,97.16981132075472,106,0,106,0,0,0.0,1.5439939404772867,1.5363105137804263,1.690960109573172,1.190956070917675,0.7843162178020254,1.5478403478626641,4.952830188679245,3.595323583763093,0.3907240441596922,0.0,0.0,0.0,0.0,0.0,0,0,0,0,0,0.0,0.22641509433962265,0.2821184878418798,0.23057426475567247,0.8301728958088029,0.4831753755205599,0.0,0.509433962264151,0.029129331947367172
857,105,99.05660377358491,106,1,104,1,0,0.009433962264150943,1.550027211565229,1.540858859229133,1.6658688646663524,1.1924949425764708,0.7828632114112609,1.5054849500777838,4.952830188679245,3.595323583763093,0.3928433301813039,0.7007075082158534,0.14583205763121526,0.5,0.22677902066196126,-0.0046105787974838885,1,0,0,1,0,0.5,0.24528301886792453,0.2825139475581922,0.23589873625303526,0.8361741807470104,0.4869209493679589,0.009433962264150943,0.509433962264151,0.02918716201064315
858,103,97.16981132075472,106,2,104,0,0,0.018867924528301886,1.5544804102427594,1.5423539022408665,1.6222131254858985,1.1940783435924947,0.7988078596456573,1.5087717895847639,4.952830188679245,3.595323583763093,0.3921597877468672,0.8162900100596806,0.13994537031154713,1.0,0.18370998994031945,0.009804554765593276,0,2,0,0,0,0.0,0.25471698113207547,0.279306884699204,0.24995385451055913,0.8515062546715131,0.47954356793145825,0.018867924528301886,0.509433962264151,0.029237892199108127
859,101,95.28301886792453,106,2,104,0,0,0.018867924528301886,1.5651401500159006,1.5495458521681476,1.8353397904456084,1.1958077140398882,0.7923036620176822,1.5132597940191812,4.952830188679245,3.595323583763093,0.3967055377141955,0.7746487668951996,0.13565848940921685,1.0,0.22535123310480043,0.0001536992705511997,0,2,0,0,0,0.5,0.24528301886792453,0.292705155170447,0.21824220563110522,0.8494552039401955,0.48535769059031575,0.018867924528301886,0.49056603773584906,0.029322279129746717
860,99,93.39622641509433,106,2,104,0,0,0.018867924528301886,1.579092386254472,1.560012368064245,2.1544698401518705,1.1977497955617344,0.7897180235232493,1.4937917602126534,4.952830188679245,3.595323583763093,0.4053620137249856,0.9844344735198222,0.12002981802289132,1.0,0.015565526480177838,0.0011576117249235407,0,2,0,0,0,1.0,0.25471698113207547,0.3130835112733617,0.19544702625046065,0.8438177514935652,0.4956428229976483,0.018867924528301886,0.5471698113207548,0.02942695236842499
861,98,92.45283018867924,106,1,104,1,0,0.009433962264150943,1.5902370075687344,1.5672104721702402,2.2063248348517286,1.1998560791865789,0.7979110533151759,1.5952753306609961,4.952830188679245,3.595323583763093,0.40567983018499,0.8806098967249937,0.11889072753138841,1.0,0.11939010327500632,0.016467472003466432,0,1,0,1,0,0.5,0.2641509433962264,0.3143880586931892,0.19922644064140207,0.8227988384926972,0.4897788147127769,0.009433962264150943,0.6037735849056605,0.029520539330948795
862,98,92.45283018867924,106,1,105,0,0,0.009433962264150943,1.6014283122702413,1.5767397556483171,2.438452421592943,1.202103626807922,0.8052499328645697,1.6491141179867153,4.952830188679245,3.595323583763093,0.40655955605576843,0.9770662265328867,0.11918482286366584,1.0,0.02293377346711334,0.00041300383426179366,0,1,0,0,0,1.0,0.2641509433962264,0.3229700972824735,0.1829701426531701,0.8297340138179364,0.4872452511493262,0.009433962264150943,0.5849056603773586,0.029616899159299555
863,99,93.39622641509433,106,1,104,1,0,0.009433962264150943,1.6011455099523955,1.580925692733722,2.358744496425783,1.2042272172287476,0.8048361298949928,1.6543965532061196,4.952830188679245,3.595323583763093,0.4056229697722662,0.7196214344923367,0.12189915325893808,1.0,0.28037856550766327,0.0009408625168058071,0,1,0,1,0,0.0,0.24528301886792453,0.31828448033298695,0.18751449556624186,0.8132352179941338,0.48641427156062733,0.009433962264150943,0.6226415094339623,0.029653660121321562
864,100,94.33962264150944,106,1,104,1,0,0.009433962264150943,1.6146223276760712,1.5979374987514041,2.5572530319997444,1.2067830216091282,0.7931972422339754,1.6094103349121487,4.952830188679245,3.595323583763093,0.4072252096567823,0.7065598829031032,0.15315581449394258,0.5,0.2267451278597465,-0.021891998066694174,0,1,0,1,0,0.5,0.24528301886792453,0.324563315832236,0.18048963388011435,0.7979131230967467,0.4824433809256505,0.009433962264150943,0.6603773584905661,0.02976698892876128
865,101,95.28301886792453,106,2,97,0,7,0.018867924528301886,1.61006294973393,1.5904814292402172,2.462505063353672,1.2092306821646563,0.7923751297121397,1.5996796803922972,4.952830188679245,3.595323583763093,0.4063352028832381,0.7856208015420564,0.1729894015258614,0.7777777777777778,0.17118735448076655,-0.013342014237986151,1,8,0,0,0,0.4444444444444444,0.25471698113207547,0.3221925381688451,0.21979664272382138,0.8028347726888534,0.4865236645856813,0.018867924528301886,0.6415094339622642,0.02978819269765226
866,98,92.45283018867924,106,4,102,0,0,0.03773584905660377,1.6214215756057562,1.5971819097393394,2.673483813936095,1.2118313249718877,0.8112937356012648,1.6675485768947171,4.952830188679245,3.595323583763093,0.40583992212213604,0.7882766152849393,0.14496749308278867,0.75,0.19248377201093375,-0.01229598222699288,0,4,0,0,0,0.5,0.25471698113207547,0.3290563089529648,0.19323219203027983,0.8037323345380557,0.4864476645389222,0.03773584905660377,0.6037735849056605,0.029891736589100305
867,96,90.56603773584905,106,2,103,1,0,0.018867924528301886,1.6308419183889744,1.609954770702245,2.412290537648049,1.2145002830655511,0.7973637248778267,1.6061296735707193,4.952830188679245,3.595323583763093,0.4017636240625715,0.5951712113805273,0.10533523345475075,0.6666666666666666,0.3280170394832032,0.0038239208814832004,0,2,1,0,0,0.0,0.25471698113207547,0.3132424850707286,0.20245284265516708,0.8070862698573562,0.48743039245433273,0.018867924528301886,0.5849056603773586,0.02998681714290751
868,96,90.56603773584905,106,2,103,0,1,0.018867924528301886,1.6314682136744663,1.6074623311210996,2.3064901642094924,1.2171662481630323,0.8107873279452915,1.6386367598962257,4.952830188679245,3.595323583763093,0.39957104888466377,0.560787080389572,0.1058522093566799,0.6666666666666666,0.43444884620154767,0.0030345405616715912,0,3,0,0,0,0.0,0.2169811320754717,0.307356479023869,0.20704892160474034,0.8015191838806872,0.48088042637284834,0.018867924528301886,0.5849056603773586,0.030037873655277287
869,97,91.50943396226415,106,1,105,0,0,0.009433962264150943,1.6359846389704529,1.6124427220885804,2.487097783967236,1.2197663121353237,0.8137253450513261,1.6555748633095762,4.952830188679245,3.595323583763093,0.40309196851944384,0.5227440826412117,0.12741003459988048,1.0,0.47725591735878825,-0.03644246292658415,1,0,0,0,0,0.0,0.2169811320754717,0.31709926207398287,0.1856992644109205,0.8022575615244568,0.487066110559796,0.009433962264150943,0.5471698113207548,0.030107196138351583
870,98,92.45283018867924,106,1,104,1,0,0.009433962264150943,1.6195981658446081,1.5993905176301293,2.388299114311493,1.2218355429915124,0.8216833732775589,1.676834797101783,4.952830188679245,3.595323583763093,0.40035671997068034,0.6901089267210044,0.08680073271562068,1.0,0.30989107327899557,0.005345463957452334,0,1,0,1,0,0.0,0.2169811320754717,0.3119189820259721,0.18715776869806894,0.8040607192728473,0.48564300818097905,0.009433962264150943,0.5471698113207548,0.030062461545209886
871,100,94.33962264150944,106,1,104,1,0,0.009433962264150943,1.6119413758850787,1.5949735975454626,2.2725983074056133,1.2236928382709371,0.8297040626743817,1.7128616563451093,4.952830188679245,3.595323583763093,0.39793201945056156,0.4431707398360045,0.09026203627072127,0.5,0.4050504962956586,0.001873309499578174,1,0,0,1,0,0.0,0.2358490566037736,0.3060601530912503,0.1934220927378631,0.8161523978594122,0.4819787647470471,0.009433962264150943,0.5471698113207548,0.030057565483012878
872,99,93.39622641509433,106,2,104,0,0,0.018867924528301886,1.609503771425285,1.590558153937303,2.225712351644886,1.2254834606453886,0.8241485944487094,1.669746953091972,4.952830188679245,3.595323583763093,0.400689270562709,0.981468138578327,0.130489625731604,1.0,0.018531861421672957,0.006479420622646226,0,2,0,0,0,1.0,0.22641509433962265,0.30824017694616135,0.19735949577859052,0.819993552525926,0.4847431423501223,0.018867924528301886,0.5283018867924529,0.030077566794976304
873,100,94.33962264150944,106,1,105,0,0,0.009433962264150943,1.6147345026719908,1.5960517665270202,2.282688898455241,1.2273217207679548,0.836353593923292,1.6663242269619336,4.952830188679245,3.595323583763093,0.3977163052526429,0.9745826851942789,0.1547968538709954,1.0,0.02541731480572107,0.0011894153222616888,0,1,0,0,0,1.0,0.2169811320754717,0.3073851799574265,0.19501935811029586,0.7992990315608027,0.4795992296534685,0.009433962264150943,0.5471698113207548,0.030136766151068597
874,100,94.33962264150944,106,1,105,0,0,0.009433962264150943,1.6047975644768981,1.5855647418570376,2.2941421521623213,1.228815943062888,0.8567266667602148,1.736326558038101,4.952830188679245,3.595323583763093,0.3970359192194499,0.5554834037615337,0.1251479808708624,1.0,0.4445165962384663,-0.0003036827331710512,0,1,0,0,0,0.0,0.2169811320754717,0.3082559798792724,0.19276341447843034,0.78259073602102,0.47378092526419247,0.009433962264150943,0.5471698113207548,0.030113942523374928
875,101,95.28301886792453,106,0,105,1,0,0.0,1.6025293824896754,1.582810403880743,2.172034473208609,1.2301617582504913,0.8534371344974804,1.7185232343806711,4.952830188679245,3.595323583763093,0.39560232543266194,0.539427695016663,0.12040453539205025,1.0,0.460572304983337,-0.0011714310357634483,0,0,0,1,0,0.0,0.20754716981132076,0.30228732719793266,0.20313596907136794,0.7854938514544371,0.4724202834482468,0.0,0.5471698113207548,0.030126794818855697
876,101,95.28301886792453,106,1,105,0,0,0.009433962264150943,1.6096542275281378,1.5873822975288792,2.42142815930543,1.2316311818801193,0.85363754235966,1.7230655845491505,4.952830188679245,3.595323583763093,0.40071515206462616,0.5190460836042019,0.10928330210368796,1.0,0.4809539163957981,0.006200126788953542,0,1,0,0,0,0.0,0.2358490566037736,0.31696344557662365,0.19306142752562172,0.806055798601063,0.4780730106868813,0.009433962264150943,0.5660377358490567,0.03018883431119871
877,102,96.22641509433963,106,1,105,0,0,0.009433962264150943,1.6158154119107853,1.5943505165110627,2.345773616343763,1.2332073313440928,0.8452614096939911,1.693281957989003,4.952830188679245,3.595323583763093,0.40005316226781606,0.571711976099678,0.12423753703730872,1.0,0.42828802390032195,-0.0006904201294437584,0,1,0,0,0,0.0,0.19811320754716982,0.31246945213884986,0.19684027670631243,0.8112738123076884,0.4789891141753571,0.009433962264150943,0.5471698113207548,0.030247974069808746
878,102,96.22641509433963,106,1,104,1,0,0.009433962264150943,1.6076198543918332,1.5861675159585298,2.1830035641256806,1.234504555877611,0.8512790673524275,1.6960001532781814,4.952830188679245,3.595323583763093,0.3971978108521663,0.8603473396217576,0.10094461500788865,1.0,0.13965266037824242,0.015905275660123813,0,1,0,1,0,0.5,0.20754716981132076,0.30393944163411174,0.21144304606786463,0.8107272591910475,0.4775235051577427,0.009433962264150943,0.5471698113207548,0.03023031599200796
879,103,97.16981132075472,106,0,105,1,0,0.0,1.610005606372344,1.5875558574736777,2.3874848913193283,1.2357823385568445,0.8492568383072279,1.712081868276095,4.952830188679245,3.595323583763093,0.3965845654892788,0.7095766501240588,0.1037188075287516,1.0,0.2904233498759412,0.018865557834205127,0,0,0,1,0,0.0,0.2169811320754717,0.31122800966072856,0.1875797312558165,0.7989868668572083,0.47763811943314743,0.0,0.5849056603773586,0.03026521496291837
880,103,97.16981132075472,106,0,105,1,0,0.0,1.6242255981248623,1.6007895795550247,2.4922299725038446,1.2373948169188624,0.8583994723442194,1.7288510500626846,4.952830188679245,3.595323583763093,0.3962366631485281,0.5883467727430591,0.13077101706729843,1.0,0.41165322725694087,0.019981903318022298,0,0,0,1,0,0.0,0.2169811320754717,0.3136478271176411,0.182388822676719,0.8067078075898401,0.476132510686406,0.0,0.5849056603773586,0.030365301829097316
881,104,98.11320754716981,106,0,104,2,0,0.0,1.6414732611633835,1.6164882755171406,2.8600504493736456,1.239400856600663,0.8569623224305272,1.7194336285016807,4.952830188679245,3.595323583763093,0.40174953250309775,0.6141593051262821,0.1301223424642949,1.0,0.38584069487371786,0.007380166406188882,0,0,0,2,0,0.0,0.2169811320754717,0.3309443060798226,0.17186904140755901,0.7905041234201988,0.4812034048156667,0.0,0.5849056603773586,0.030487601953179632
882,104,98.11320754716981,106,1,104,1,0,0.009433962264150943,1.6318250512031371,1.6067748022977093,2.509434287332017,1.2410653539429035,0.8461111194555405,1.6892305568108807,4.952830188679245,3.595323583763093,0.3993098809754527,0.6344085836133014,0.11652919825854419,1.0,0.36559141638669856,0.013685523971043612,0,1,0,1,0,0.0,0.20754716981132076,0.31670915965175944,0.1957343620227206,0.7904563210142097,0.47786127479159446,0.009433962264150943,0.6226415094339623,0.03046928293612674
883,103,97.16981132075472,106,2,103,1,0,0.018867924528301886,1.635897353056917,1.6146399642754847,2.3258607812310417,1.242801384190476,0.8444398136187259,1.6759815951770312,4.952830188679245,3.595323583763093,0.39581528731324434,0.6674581185884526,0.12713409585819757,0.6666666666666666,0.2864728769800767,0.007806473610863655,1,1,0,1,0,0.3333333333333333,0.19811320754716982,0.30544807301487104,0.19754690163666078,0.7984590080387298,0.48766449620982993,0.018867924528301886,0.5849056603773586,0.030520852397851756
884,102,96.22641509433963,106,1,103,2,0,0.009433962264150943,1.6325955012327298,1.6100136312104327,2.212478947838304,1.2444775080360306,0.8409054835747729,1.6708897787443864,4.952830188679245,3.595323583763093,0.3970877450970114,0.7370555120952934,0.14265882120390302,1.0,0.2629444879047067,0.002072249200775126,0,1,0,2,0,0.3333333333333333,0.18867924528301888,0.30292915949908733,0.20317676624211126,0.8114627648831964,0.4924862209599171,0.009433962264150943,0.5849056603773586,0.030534474176686976
885,101,95.28301886792453,106,1,105,0,0,0.009433962264150943,1.636330817361351,1.6142032405442768,2.2460328272388383,1.2461514739717672,0.8260677605561587,1.6561907007122534,4.952830188679245,3.595323583763093,0.404290251809285,0.6506918527282426,0.10124013686661007,1.0,0.3493081472717574,0.011871827847300953,1,0,0,0,0,0.0,0.19811320754716982,0.3117155448935853,0.19315092224834726,0.8120238351306104,0.505934847386357,0.009433962264150943,0.5849056603773586,0.03058324300336593
886,100,94.33962264150944,106,1,105,0,0,0.009433962264150943,1.6299677719111327,1.6147932986660674,2.1669497015770007,1.247599872925189,0.827046086245547,1.669361159513315,4.952830188679245,3.595323583763093,0.4054027101693891,0.9999999774747612,0.11686118959084027,1.0,2.2525238785320312e-08,0.01230224840266747,0,1,0,0,0,1.0,0.24528301886792453,0.3109148325421088,0.2129546659994476,0.8242519769365201,0.5014788046380027,0.009433962264150943,0.5660377358490567,0.030577465090694513
887,98,92.45283018867924,106,3,102,0,1,0.02830188679245283,1.6363309256992504,1.6157138823547703,2.031895583603987,1.2493581222905816,0.8400442233731398,1.6876495066295432,4.952830188679245,3.595323583763093,0.4047751263722028,0.8828401737332117,0.1376883309559883,1.0,0.11715982626678831,-0.011576925609493624,0,4,0,0,0,0.25,0.2358490566037736,0.30518949672463574,0.2673143941145755,0.7986792656934761,0.4834834231899287,0.02830188679245283,0.5660377358490567,0.030640888236682765
888,97,91.50943396226415,106,3,102,1,0,0.02830188679245283,1.6339488786549226,1.6145046610619382,2.1616103589114304,1.2508147120926272,0.8548202535432479,1.7376769656707127,4.952830188679245,3.595323583763093,0.4068207792173808,0.8375366293529936,0.1199958077543591,1.0,0.1624633706470065,-0.0018575747501845263,0,3,0,1,0,0.25,0.24528301886792453,0.31355564836437555,0.25177850011128344,0.826424961342513,0.4824416518466263,0.02830188679245283,0.5283018867924528,0.030655162559796938
889,97,91.50943396226415,106,1,105,0,0,0.009433962264150943,1.636165443866153,1.6206134074945293,2.14249504424576,1.2523415423040747,0.8606621101633036,1.7368733411742412,4.952830188679245,3.595323583763093,0.4039649347668395,0.890992171798048,0.12428145337886828,1.0,0.10900782820195198,0.004278138049188751,0,1,0,0,0,0.0,0.2358490566037736,0.3093948197213182,0.258330544515148,0.8031359573162525,0.4781128519488777,0.009433962264150943,0.5849056603773586,0.030693692629191187
890,98,92.45283018867924,106,0,106,0,0,0.0,1.643022494083635,1.6268348974124578,2.2084389538354996,1.2541077944728005,0.8506492003765063,1.7391943125303122,4.952830188679245,3.595323583763093,0.4070967772221923,0.0,0.0,0.0,0.0,0.0,0,0,0,0,0,0.0,0.2358490566037736,0.3151053036588096,0.2634481662609272,0.805833219453373,0.4779839492038405,0.0,0.5849056603773586,0.03075972912066406
891,99,93.39622641509433,106,0,106,0,0,0.0,1.6492835982081746,1.6328747813236069,2.32678135209558,1.2559842668573067,0.8557501426416962,1.7414132606770327,4.952830188679245,3.595323583763093,0.4090586647765848,0.0,0.0,0.0,0.0,0.0,0,0,0,0,0,0.0,0.24528301886792453,0.3211040326799324,0.25433306669389955,0.7994536361298443,0.4798461714128073,0.0,0.5849056603773586,0.030824767268378236
892,102,96.22641509433963,106,0,105,1,0,0.0,1.6384633541067204,1.622313255055927,2.1761329576715456,1.2574894971518644,0.8605938712529186,1.745527041947547,4.952830188679245,3.595323583763093,0.40493969399457974,0.5780545495022029,0.11843711564950235,1.0,0.4219454504977971,0.01094694261103113,0,0,0,1,0,0.0,0.2641509433962264,0.31248607261527966,0.2671178399001085,0.8166032993627623,0.474457299168066,0.0,0.5471698113207548,0.030797724997756057
893,103,97.16981132075472,106,2,104,0,0,0.018867924528301886,1.6348480795198292,1.6174881103585232,2.115107462502025,1.2588260917662448,0.8664711966442106,1.7571448754123977,4.952830188679245,3.595323583763093,0.40643254091665826,0.5921879297751417,0.1304226061200605,1.0,0.4078120702248583,0.003914227899668332,0,2,0,0,0,0.0,0.25471698113207547,0.3120286959385355,0.27038320517484626,0.7852749235317024,0.4737074506578698,0.018867924528301886,0.6037735849056605,0.030803676075516664
894,104,98.11320754716981,106,1,104,1,0,0.009433962264150943,1.6408833717950342,1.6221521076341612,1.974081369700379,1.260283190778324,0.852108106597778,1.7437237222807962,4.952830188679245,3.595323583763093,0.4038382255592765,0.6066718567649327,0.12914387178491882,1.0,0.3933281432350673,0.011894755221450337,0,1,0,1,0,0.0,0.24528301886792453,0.30352190741567886,0.28688533231879054,0.7902457510650591,0.4761548592942876,0.009433962264150943,0.6037735849056605,0.03086004624910272
895,104,98.11320754716981,106,1,104,1,0,0.009433962264150943,1.6516525982080932,1.633309958358561,2.122454316181605,1.2619338610382937,0.839999457231245,1.7225589028720092,4.952830188679245,3.595323583763093,0.40551967188939053,0.5519926143723497,0.11669093268921364,1.0,0.4480073856276503,0.019656024259858906,0,1,0,1,0,0.0,0.22641509433962265,0.31074262771220623,0.2733401328591522,0.8021535648439964,0.4829038086811567,0.009433962264150943,0.5849056603773586,0.030943565849741443
896,103,97.16981132075472,106,1,104,1,0,0.009433962264150943,1.6463845173968497,1.6266233152501548,1.9585418049227346,1.2634025549926022,0.8367711265929326,1.7190976379608989,4.952830188679245,3.595323583763093,0.4030360518336633,0.9338005794815546,0.1350148152959304,1.0,0.0661994205184454,-0.0056860735927679595,0,1,0,1,0,0.5,0.2358490566037736,0.30168066962000806,0.30253103763155836,0.8029847065689529,0.47150024128208085,0.009433962264150943,0.5849056603773586,0.030943627595741503
897,102,96.22641509433963,106,1,105,0,0,0.009433962264150943,1.6687655337833434,1.6461923016320512,2.0998754971050193,1.2653772470750113,0.8282161220094442,1.7100828676322368,4.952830188679245,3.595323583763093,0.40944848404912015,0.9817296420302984,0.1300307932639172,1.0,0.018270357969701556,0.008081544530747387,0,1,0,0,0,1.0,0.2358490566037736,0.31221705028760094,0.2950564916014372,0.7940706084506295,0.48179344386212714,0.009433962264150943,0.5471698113207547,0.03109103096274675
898,103,97.16981132075472,106,0,105,1,0,0.0,1.6715593726605038,1.649908432997149,2.004926213870361,1.267338478088985,0.8216754865193143,1.691585743002737,4.952830188679245,3.595323583763093,0.40779924884889995,0.5880036391922345,0.11859058086238562,1.0,0.41199636080776547,0.007293877476494015,0,0,0,1,0,0.0,0.2358490566037736,0.30610762508516326,0.3049987622114914,0.7852161592410629,0.4848586706963654,0.0,0.5849056603773586,0.031140256457721283
899,103,97.16981132075472,106,0,106,0,0,0.0,1.6773566499528851,1.6554396670257723,2.0878597926444273,1.269388289110985,0.8202541517209411,1.6881731634449764,4.952830188679245,3.595323583763093,0.41107791387493053,0.0,0.0,0.0,0.0,0.0,0,0,0,0,0,0.0,0.2641509433962264,0.31209797993978594,0.29763057323199504,0.7895245707079386,0.4886231852260646,0.0,0.5849056603773586,0.031206091513731462
900,103,97.16981132075472,106,1,105,0,0,0.009433962264150943,1.677153805790026,1.655924849011707,2.090416032792306,1.271338936976199,0.8193370367041573,1.692861185417651,4.952830188679245,3.595323583763093,0.41281917535434154,0.6054506258226875,0.1327102554220685,1.0,0.3945493741773125,0.0016576486890738096,1,0,0,0,0,0.0,0.25471698113207547,0.31423766640242634,0.3014125127281764,0.7834653598557031,0.4910740475100579,0.009433962264150943,0.5471698113207547,0.031240143344284273
901,103,97.16981132075472,106,1,105,0,0,0.009433962264150943,1.6685232276854356,1.645850778364276,2.156441121030088,1.2730065575778382,0.8151903812778789,1.7000856600298615,4.952830188679245,3.595323583763093,0.4164078330341845,0.9999999992117881,0.1690223473175591,1.0,7.882119401614318e-10,0.004511449718319183,0,1,0,0,0,1.0,0.2641509433962264,0.32207904354896844,0.2904317935406284,0.7601696011661355,0.49652014314789217,0.009433962264150943,0.6415094339622642,0.031226968632150534
902,103,97.16981132075472,106,1,105,0,0,0.009433962264150943,1.689322455221831,1.6678761808488127,2.3791260077609637,1.2751630299088481,0.8132225954538997,1.7059937219905452,4.952830188679245,3.595323583763093,0.4231387321410831,0.6078949159191571,0.1572549939147656,1.0,0.3921050840808429,0.009065555991494278,0,1,0,0,0,0.0,0.2641509433962264,0.33555379055857554,0.2835200038006975,0.7668871707907337,0.5064171418709658,0.009433962264150943,0.6226415094339623,0.03136973084897958
903,103,97.16981132075472,106,0,105,1,0,0.0,1.6819631529728558,1.660561829454807,2.3611190884016877,1.2770788496249927,0.8212467026742909,1.7134813186882174,4.952830188679245,3.595323583763093,0.4224932596409403,0.617720388463565,0.11966644045678168,1.0,0.38227961153643497,0.01019339862497004,0,0,0,1,0,0.0,0.25471698113207547,0.33464147433741986,0.27936786448842343,0.7538359493488664,0.507745042856356,0.0,0.6226415094339623,0.031367374296773165
904,103,97.16981132075472,106,0,105,1,0,0.0,1.6783737763204287,1.6570527253183596,2.229342774730387,1.278824858504183,0.8260134666123616,1.7176789012569003,4.952830188679245,3.595323583763093,0.41974787732204666,0.7313886250260317,0.12071279442667768,1.0,0.26861137497396825,0.005212715104280785,0,0,0,1,0,0.0,0.24528301886792453,0.32678331893839263,0.29425392805131956,0.7599987662534573,0.5034851451198598,0.0,0.5849056603773586,0.031380814748015094
905,104,98.11320754716981,106,0,105,1,0,0.0,1.669407732419736,1.648954119617048,2.224750092589948,1.2802751558497771,0.8222600995359274,1.7237268809450814,4.952830188679245,3.595323583763093,0.418592672603717,0.7456937526653419,0.12113435773325738,1.0,0.2543062473346581,0.004727348164012657,0,0,0,1,0,0.0,0.25471698113207547,0.3260472992093849,0.28667106114806884,0.7658520554281729,0.5039879276075279,0.0,0.5849056603773586,0.03136205596976205
906,105,99.05660377358491,106,0,105,1,0,0.0,1.6581186505602248,1.638132974863766,2.2162019011868876,1.2813620661773917,0.8349937858887367,1.7543644563081886,4.952830188679245,3.595323583763093,0.4211009518993418,0.7033203063531278,0.12163149362845899,1.0,0.2966796936468722,0.007925184380068395,0,0,1,0,0,0.0,0.25471698113207547,0.32907085440924133,0.2935167180631688,0.7779449493369803,0.502565824490025,0.0,0.5849056603773586,0.03132514953213603
907,104,98.11320754716981,106,2,104,0,0,0.018867924528301886,1.6480324784714422,1.6304349846971136,2.2749117082848396,1.2821163884488298,0.8311059868852496,1.7257951236068458,4.952830188679245,3.595323583763093,0.424235874156063,0.7727463377384068,0.12714924240779418,1.0,0.22725366226159316,0.0022476863765992783,0,2,0,0,0,0.5,0.27358490566037735,0.3365172955233211,0.2872214008303186,0.7763637149979832,0.508676885771622,0.018867924528301886,0.6226415094339623,0.031288278834953415
908,103,97.16981132075472,106,1,105,0,0,0.009433962264150943,1.662765149780895,1.6420502124466088,2.3588639479961375,1.283324505943559,0.8346734826752055,1.7276751249934066,4.952830188679245,3.595323583763093,0.42554203288578596,0.9418179405385618,0.12296738512237311,1.0,0.058182059461438174,0.04865603288452913,0,1,0,0,0,0.0,0.27358490566037735,0.34081683941871777,0.28357752768742617,0.7946954697845547,0.5086763192629038,0.009433962264150943,0.6037735849056605,0.03138366005810446
909,103,97.16981132075472,106,0,106,0,0,0.0,1.6556346351698823,1.6345446381751167,2.285845252296705,1.284198572415915,0.8469206698091686,1.7482621486212893,4.952830188679245,3.595323583763093,0.42427791877693877,0.0,0.0,0.0,0.0,0.0,0,0,0,0,0,0.0,0.27358490566037735,0.33771660170141543,0.2898568756680113,0.7874062879062811,0.5047368537202205,0.0,0.6037735849056605,0.03136372024405859
910,103,97.16981132075472,106,1,105,0,0,0.009433962264150943,1.6594703410732543,1.637038733582741,2.4790019032402077,1.2851241898667707,0.8506886599060279,1.7615606387374927,4.952830188679245,3.595323583763093,0.42400737631607255,0.8334116655003895,0.1306960209882544,1.0,0.16658833449961052,0.008729350085595056,1,0,0,0,0,0.0,0.2358490566037736,0.34546370074774696,0.2664300311438108,0.800498071467453,0.5084275471591388,0.009433962264150943,0.6037735849056605,0.03139953824482847
911,101,95.28301886792453,106,2,103,1,0,0.018867924528301886,1.6596663022361327,1.6410477516283348,2.475599925856936,1.286019721675184,0.8417380827677857,1.7433944616435784,4.952830188679245,3.595323583763093,0.4239574392377021,0.6370873641630315,0.12561343131221495,1.0,0.36291263583696853,0.014389508934328185,0,2,0,1,0,0.0,0.24528301886792453,0.3455115694790914,0.27137892742117764,0.7997203615522708,0.5118179675086088,0.018867924528301886,0.5849056603773584,0.031416616683796854
912,102,96.22641509433963,106,0,106,0,0,0.0,1.6525020833764756,1.6340109636048532,2.5567790230565115,1.2867815365585593,0.8372513208407618,1.7390976730641121,4.952830188679245,3.595323583763093,0.4254358851921245,0.0,0.0,0.0,0.0,0.0,0,0,0,0,0,0.0,0.24528301886792453,0.35114191722545707,0.25883736486845826,0.8157447700779157,0.5149463894935626,0.0,0.5849056603773584,0.031394490444581875
913,103,97.16981132075472,106,0,105,1,0,0.0,1.6473061674447642,1.6292298713990176,2.4499985097553365,1.2873784451432582,0.8415559943475935,1.735298802559053,4.952830188679245,3.595323583763093,0.4246383236343023,0.5949288010625693,0.12639781037284392,1.0,0.4050711989374307,0.00608722095007086,0,0,0,1,0,0.0,0.2641509433962264,0.34672144313735226,0.2748993282997423,0.8115314702410692,0.5142292819764299,0.0,0.5849056603773584,0.031379241262482906
914,101,95.28301886792453,106,2,103,1,0,0.018867924528301886,1.658834332669446,1.6343006379478051,2.4607750044352863,1.288269808023695,0.8152083716570941,1.6997598912019447,4.952830188679245,3.595323583763093,0.43038142565782334,0.8661546098667268,0.14510766751427825,1.0,0.13384539013327326,0.011250690759689985,0,2,0,1,0,0.6666666666666666,0.2830188679245283,0.35258819246028134,0.27382865094150194,0.7960451443174477,0.5253458667911614,0.018867924528301886,0.5849056603773586,0.03145290577853494
915,102,96.22641509433963,106,0,105,1,0,0.0,1.6744181703996912,1.648790069427542,2.5894112035972556,1.2893758103636177,0.8001543390342158,1.6788987382515308,4.952830188679245,3.595323583763093,0.4358043473171582,0.5947638252388975,0.15270169608218104,1.0,0.4052361747611025,0.02211747548363796,0,0,1,0,0,0.0,0.2830188679245283,0.36176529462421225,0.27233629553793653,0.7907479037485005,0.530336879486511,0.0,0.5849056603773586,0.031550707148668276
916,102,96.22641509433963,106,2,104,0,0,0.018867924528301886,1.6969308748802714,1.6740455532465577,2.8020599905505845,1.2910505078831302,0.7958519932154335,1.6466807234189063,4.952830188679245,3.595323583763093,0.4378497216274002,0.732304536547534,0.11532765241496036,1.0,0.2676954634524659,0.005222733889753112,0,2,0,0,0,0.0,0.27358490566037735,0.3699040574612725,0.26269898580988565,0.780199447272282,0.5284256868239577,0.018867924528301886,0.6226415094339623,0.03169337606850904
917,100,94.33962264150944,106,2,104,0,0,0.018867924528301886,1.703134163716595,1.680447955635212,2.9183197403467287,1.2929536991512542,0.8003288785333723,1.6767891456609938,4.952830188679245,3.595323583763093,0.43971760550613936,0.7279375347560881,0.143195012249383,1.0,0.2720624652439119,0.008662131229604797,0,2,0,0,0,0.0,0.27358490566037735,0.3758292434855176,0.25264465006859926,0.7509927339264856,0.5336493286510496,0.018867924528301886,0.6603773584905661,0.03175860545494415
918,100,94.33962264150944,106,0,106,0,0,0.0,1.7105522021811568,1.688320271949899,2.830388153882877,1.2950282914040263,0.8024450375874556,1.6757410090252336,4.952830188679245,3.595323583763093,0.4392126156646827,0.0,0.0,0.0,0.0,0.0,0,0,0,0,0,0.0,0.2830188679245283,0.3707602180255933,0.26711722880385064,0.7628335696209719,0.5313045997238747,0.0,0.6603773584905661,0.03183298979953238
919,102,96.22641509433963,106,1,105,0,0,0.009433962264150943,1.7356304143599146,1.709470181685962,3.2113070707566633,1.2976976328826875,0.7968983228211837,1.6724755299929115,4.952830188679245,3.595323583763093,0.44518830281589516,0.7525701114181838,0.10646856401618557,1.0,0.24742988858181625,0.046662673680316735,0,1,0,0,0,0.0,0.29245283018867924,0.3887715397400607,0.24974558221648455,0.7552639279821801,0.5390750688195962,0.009433962264150943,0.6415094339622642,0.032006366592282905
920,102,96.22641509433963,106,0,106,0,0,0.0,1.747494141942967,1.7212386145038474,3.3132851290688463,1.300548482113796,0.799308997248244,1.6141497158731402,4.952830188679245,3.595323583763093,0.448644360754453,0.0,0.0,0.0,0.0,0.0,0,0,0,0,0,0.0,0.3018867924528302,0.3943631765510011,0.24223559717810014,0.7662589026488058,0.549358296635109,0.0,0.6415094339622642,0.03211693385756996
921,103,97.16981132075472,106,1,104,0,1,0.009433962264150943,1.7557324316690321,1.7264459370775633,3.2541996582033024,1.303525779743364,0.8007104284130457,1.6118608157042307,4.952830188679245,3.595323583763093,0.4471621960648262,0.8350236332410532,0.15928471420428142,1.0,0.16497636675894684,-0.0005954156295864266,1,1,0,0,0,0.5,0.3018867924528302,0.3897388549992861,0.2436910587405848,0.7388204993147867,0.5533254412542399,0.009433962264150943,0.6603773584905661,0.03221164704811762
922,103,97.16981132075472,106,1,105,0,0,0.009433962264150943,1.7621465414731383,1.7285285714694734,3.1350746497385433,1.3064921375865235,0.8034987344688078,1.6174672902655274,4.952830188679245,3.595323583763093,0.4457865460708341,0.9987702964555886,0.12992160914800296,1.0,0.0012297035444114313,0.01395969270491626,0,1,0,0,0,1.0,0.2830188679245283,0.38361377145821174,0.25064470266743283,0.7475193061362857,0.5460562601889576,0.009433962264150943,0.6226415094339623,0.03229704267869511
923,103,97.16981132075472,106,0,105,1,0,0.0,1.7521458869873274,1.7187726139209893,3.0514792024786104,1.308955867355515,0.7979926884544655,1.6236652684645523,4.952830188679245,3.595323583763093,0.4438579550832873,0.6235749728094522,0.10552006697207936,1.0,0.3764250271905478,-0.0104747135368225,0,0,0,1,0,0.0,0.3018867924528302,0.3789021578766076,0.24509822923426547,0.7750215735600909,0.5485997854298892,0.0,0.6226415094339623,0.03229132893497843
924,102,96.22641509433963,106,2,104,0,0,0.018867924528301886,1.7585218845504023,1.7224973409496651,3.396101630188006,1.3114653504000715,0.8129558626777911,1.6913095171697217,4.952830188679245,3.595323583763093,0.4464557786519241,0.7734191393618678,0.13635864553645652,1.0,0.2265808606381322,0.008799820016288623,0,2,0,0,0,0.5,0.2830188679245283,0.3929515930383239,0.23367428731337309,0.7596240528009215,0.5501198006022286,0.018867924528301886,0.6226415094339623,0.03236832094065954
925,101,95.28301886792453,106,1,103,1,1,0.009433962264150943,1.7644798728079638,1.7333927956677548,3.294809286881024,1.3140579127922418,0.838613898294393,1.7128654178500862,4.952830188679245,3.595323583763093,0.4440695567155857,0.8647266639432377,0.07999796576126425,1.0,0.1352733360567623,0.006806135973434639,0,2,0,1,0,0.3333333333333333,0.2830188679245283,0.38521414486064665,0.24234942518624727,0.7693968440134606,0.5442059245035775,0.009433962264150943,0.5849056603773586,0.03244471638550208
926,101,95.28301886792453,106,1,105,0,0,0.009433962264150943,1.7682134979670756,1.7359003208725898,3.651027650669882,1.3167624830859839,0.8381366300937753,1.7234893183477857,4.952830188679245,3.595323583763093,0.4479597555989876,0.9861968679885342,0.17418695028395365,1.0,0.013803132011465769,-0.004149826278393887,0,1,0,0,0,1.0,0.2641509433962264,0.3996138507456621,0.21127153854102854,0.7594989728346658,0.5549182768568305,0.009433962264150943,0.6037735849056605,0.032512003538102824
927,101,95.28301886792453,106,1,104,0,1,0.009433962264150943,1.7590596841658819,1.7264026896428892,3.359267000463918,1.3191240260612325,0.8543542533689804,1.7243332290348707,4.952830188679245,3.595323583763093,0.4412663428940513,0.8985193555562002,0.14932908006227347,1.0,0.10148064444379978,0.009423092782595621,0,2,0,0,0,0.5,0.2641509433962264,0.3826754500586026,0.21452569398039165,0.7374686626395925,0.5451489663797667,0.009433962264150943,0.6037735849056605,0.03250868702486176
928,101,95.28301886792453,106,1,104,1,0,0.009433962264150943,1.7814128510249265,1.7449878352828734,3.7698999548085825,1.3219616892254913,0.8429360884739764,1.709889990288579,4.952830188679245,3.595323583763093,0.4483902894170899,0.9411287467464851,0.1485555401659769,1.0,0.058871253253514944,-0.0008478830823660521,0,1,0,1,0,0.0,0.2830188679245283,0.40199410203548075,0.1979287911381882,0.7628525055240338,0.563224818272692,0.009433962264150943,0.5849056603773586,0.03267146444564316
929,102,96.22641509433963,106,0,106,0,0,0.0,1.780122853629405,1.744026937009596,3.6762648398167794,1.324595618263244,0.8509858450836169,1.6951074367019277,4.952830188679245,3.595323583763093,0.44888961263238114,0.0,0.0,0.0,0.0,0.0,0,0,0,0,0,0.0,0.3018867924528302,0.3991354975801309,0.20581118647638297,0.7718481340866266,0.5601353850346747,0.0,0.5849056603773586,0.03271236359460251
930,101,95.28301886792453,106,2,104,0,0,0.018867924528301886,1.7786492127598963,1.7458175199874026,3.5988952821307745,1.3271176164067089,0.8472198905228479,1.7327546378398837,4.952830188679245,3.595323583763093,0.4464434650732285,0.6466600296804206,0.1483506246495943,1.0,0.3533399703195795,-0.0009350001189825652,1,1,0,0,0,0.0,0.29245283018867924,0.3938975374422133,0.20674219623465545,0.7640669173526122,0.5596225608616677,0.018867924528301886,0.5660377358490567,0.03275033238727199
931,100,94.33962264150944,106,2,104,0,0,0.018867924528301886,1.7762799699017386,1.7430093471145167,3.8944336636080767,1.3295394858792022,0.863324531682531,1.7288532804782422,4.952830188679245,3.595323583763093,0.4493029930006289,0.954675194792155,0.1434282551011642,1.0,0.04532480520784504,-0.0008977838573586139,0,2,0,0,0,0.5,0.2830188679245283,0.40703867382295433,0.2049764642172016,0.7618499176268115,0.5583771491199598,0.018867924528301886,0.5849056603773586,0.03278202319513746
932,101,95.28301886792453,106,0,105,1,0,0.0,1.7491996767235831,1.7173188225029865,3.3386975844736293,1.3311327740950267,0.859872556636185,1.7202457764604884,4.952830188679245,3.595323583763093,0.4447739795448462,0.5805649056902145,0.1269885948690696,1.0,0.41943509430978554,0.006301637330057952,0,0,0,1,0,0.0,0.29245283018867924,0.38710651197846574,0.23142332191935536,0.761746202739861,0.5571240766019487,0.0,0.5849056603773586,0.03267526366273711
933,100,94.33962264150944,106,2,102,1,1,0.018867924528301886,1.7748235913036219,1.7433596860105307,3.608224151385663,1.3333787432532098,0.8543461384807809,1.7133746910857437,4.952830188679245,3.595323583763093,0.4493558580373658,0.7354766973546922,0.1269607192135792,1.0,0.26452330264530766,0.020155509071849348,1,2,0,1,0,0.25,0.2830188679245283,0.3982637621735168,0.22238805051835747,0.7816798398213978,0.5635173055549597,0.018867924528301886,0.5849056603773586,0.032843758165051404
934,98,92.45283018867924,106,2,104,0,0,0.018867924528301886,1.771054133532289,1.747130003294664,3.5932525150439085,1.3354817407028932,0.8555559071530446,1.7254389844116045,4.952830188679245,3.595323583763093,0.4517400704640506,0.5865524437153522,0.14811596158424545,1.0,0.41344755628464785,-0.0030823929689947627,1,1,0,0,0,0.0,0.29245283018867924,0.4003563652682581,0.2336378740082938,0.7832477490835685,0.5581050426170503,0.018867924528301886,0.5849056603773586,0.03286271565783194
935,99,93.39622641509433,106,1,105,0,0,0.009433962264150943,1.7809607116329556,1.7543921349752174,3.9769025836669054,1.3379705437128149,0.8721817567995114,1.7480328812037258,4.952830188679245,3.595323583763093,0.4550582668892955,0.8018485855236503,0.14093423896133597,1.0,0.19815141447634965,0.04668925677967117,0,1,0,0,0,0.0,0.29245283018867924,0.41530862546801345,0.21788545145744292,0.7782781773182258,0.5570804045863617,0.009433962264150943,0.5849056603773586,0.03295698880911983
936,101,95.28301886792453,106,0,105,1,0,0.0,1.8017120627985694,1.7736399608605793,4.489050637619396,1.340880649853998,0.873547284937183,1.733271215058581,4.952830188679245,3.595323583763093,0.4609836481693097,0.6276642932787906,0.1525050419379851,1.0,0.3723357067212094,0.0026198577373178766,0,0,0,1,0,0.0,0.29245283018867924,0.4344552196600568,0.19778475236749396,0.7896662668755416,0.5645245840980407,0.0,0.5849056603773586,0.03311305943115116
937,100,94.33962264150944,106,1,105,0,0,0.009433962264150943,1.774930741021003,1.7444575328908547,3.965079846924239,1.3429589671890012,0.8856534478969413,1.7357737031769052,4.952830188679245,3.595323583763093,0.4538020668938594,0.7598684297745781,0.1675926021716966,1.0,0.24013157022542186,-0.004732189303535472,0,1,0,0,0,0.0,0.3113207547169811,0.4138219338259617,0.20720110167706504,0.7857853603200583,0.5505971445556785,0.009433962264150943,0.5849056603773586,0.033016513938908726
938,102,96.22641509433963,106,0,106,0,0,0.0,1.7762124239666965,1.7460482581912609,3.885506986475197,1.344896114569902,0.8762298311710248,1.774426040703053,4.952830188679245,3.595323583763093,0.45536390374144475,0.0,0.0,0.0,0.0,0.0,0,0,0,0,0,0.0,0.2641509433962264,0.4141899535597084,0.2227406946871804,0.7908373664353886,0.5505380267434381,0.0,0.5849056603773586,0.033057745711956084
939,104,98.11320754716981,106,0,106,0,0,0.0,1.7738032569509208,1.7426444159049563,4.036709175623007,1.346665711918586,0.8715027033256524,1.7695363040570269,4.952830188679245,3.595323583763093,0.4574224295359024,0.0,0.0,0.0,0.0,0.0,0,0,0,0,0,0.0,0.29245283018867924,0.4219024202528435,0.21463205877241556,0.7908373664353886,0.5568387728382399,0.0,0.5849056603773586,0.03307751125228464
940,105,99.05660377358491,106,0,106,0,0,0.0,1.782047309402076,1.7511087220201313,4.165848162986517,1.3486151418716237,0.8618946827781233,1.7530459861775847,4.952830188679245,3.595323583763093,0.459303704909805,0.0,0.0,0.0,0.0,0.0,0,0,0,0,0,0.0,0.27358490566037735,0.42680666333871026,0.20304124785625952,0.7857853603200583,0.562021050058381,0.0,0.5849056603773586,0.033153775671965674
941,104,98.11320754716981,106,1,105,0,0,0.009433962264150943,1.7902557418701448,1.7564355961548948,4.464195954863922,1.3507120387505251,0.8582525037005584,1.7433929649450761,4.952830188679245,3.595323583763093,0.4625003768238427,0.879457845900812,0.10691899903797882,1.0,0.120542154099188,0.05794244664991727,0,1,0,0,0,0.0,0.3018867924528302,0.4388623847129855,0.19622917585630076,0.8004271243637339,0.5632894486067559,0.009433962264150943,0.5660377358490567,0.033232512948313184
942,103,97.16981132075472,106,2,104,0,0,0.018867924528301886,1.790125909097357,1.7546952902841964,4.44144612476501,1.352650688277785,0.8710410590146618,1.7429804443270676,4.952830188679245,3.595323583763093,0.46419130755668236,0.9498735725397017,0.13184074931952275,1.0,0.05012642746029827,0.007364178250017839,0,2,0,0,0,0.5,0.3113207547169811,0.44005842659165095,0.19876360642615212,0.8018737565503844,0.5680768364461372,0.018867924528301886,0.5283018867924529,0.03326671414627928
943,103,97.16981132075472,106,0,105,1,0,0.0,1.7896144569405752,1.7543909853496193,4.4946426820913095,1.3544793453543504,0.8691747400693827,1.7432969269080447,4.952830188679245,3.595323583763093,0.4634263463414512,0.5035865984798603,0.16118401650210334,1.0,0.4964134015201397,-0.02150717827275961,0,0,0,1,0,0.0,0.3018867924528302,0.439927571254976,0.19478594845140323,0.7975531782767367,0.5653958498789079,0.0,0.5660377358490567,0.03329702995506533
944,102,96.22641509433963,106,1,105,0,0,0.009433962264150943,1.7941523988361245,1.7600636162321384,4.4581629305552,1.356390127804265,0.862882678002465,1.7285210214068463,4.952830188679245,3.595323583763093,0.4630181177312389,0.5054017354708944,0.16066223333631918,1.0,0.4945982645291056,-0.0178958141068688,0,1,0,0,0,0.0,0.29245283018867924,0.4380251078779046,0.19431855731017364,0.7874889765005487,0.5703911988789577,0.009433962264150943,0.5660377358490567,0.03335406907057117
945,102,96.22641509433963,106,0,106,0,0,0.0,1.8145622878600922,1.7799336922362383,4.966132945758287,1.3588190143013354,0.8589595354427038,1.7414134961126477,4.952830188679245,3.595323583763093,0.46849226047418857,0.0,0.0,0.0,0.0,0.0,0,0,0,0,0,0.0,0.3018867924528302,0.4562482088732195,0.18264378232980125,0.7827861357894996,0.5755236386245208,0.0,0.5660377358490567,0.033499781680217014
946,103,97.16981132075472,106,0,106,0,0,0.0,1.8229423844330925,1.7881668599210214,4.995114967799668,1.3613973816849236,0.8531744815060309,1.7322181218837667,4.952830188679245,3.595323583763093,0.47000918631187316,0.0,0.0,0.0,0.0,0.0,0,0,0,0,0,0.0,0.32075471698113206,0.4568522206122664,0.18301106260204672,0.7857580150201511,0.5799325685482426,0.0,0.5660377358490567,0.03358803248839112
947,105,99.05660377358491,106,0,106,0,0,0.0,1.8303422084328789,1.7942190084186647,4.989925411826739,1.3640571238757015,0.8333871258811973,1.7135917611437927,4.952830188679245,3.595323583763093,0.47520524180065693,0.0,0.0,0.0,0.0,0.0,0,0,0,0,0,0.0,0.33962264150943394,0.4631184980760023,0.19182627208996217,0.7946914639158464,0.5894747047807241,0.0,0.5660377358490567,0.03367284477751622
948,103,97.16981132075472,106,2,104,0,0,0.018867924528301886,1.8280995689209993,1.797717431575354,4.510323543852055,1.3666110348057874,0.8290877510976914,1.703411572106281,4.952830188679245,3.595323583763093,0.47167452315986735,0.9116205574194663,0.15125818725339055,1.0,0.08837944258053365,-0.002907682985257898,1,1,0,0,0,0.5,0.33962264150943394,0.444849045190801,0.20418293478549387,0.7821931711676228,0.5811777297186675,0.018867924528301886,0.5660377358490566,0.03370754226094566
949,103,97.16981132075472,106,1,105,0,0,0.009433962264150943,1.827945010078794,1.792368579135836,4.553682117974577,1.369166915154976,0.8272546666300747,1.680835562149936,4.952830188679245,3.595323583763093,0.4730719330777262,0.9860963166164504,0.17500202526753422,1.0,0.013903683383549637,0.0005112299878287097,0,1,0,0,0,1.0,0.3490566037735849,0.4473549120425601,0.1940780614343936,0.7755077253732466,0.5894938572984757,0.009433962264150943,0.5660377358490566,0.033752715551218206
950,102,96.22641509433963,106,1,105,0,0,0.009433962264150943,1.8138509469971094,1.7797744777924716,4.452078739945982,1.3711141247765262,0.8350425536029398,1.6512574878505748,4.952830188679245,3.595323583763093,0.46808372518767394,0.5687438850559905,0.14806878089263537,1.0,0.4312561149440095,0.010288361641298316,1,0,0,0,0,0.0,0.33962264150943394,0.4411286442794971,0.18742891090474703,0.787649745040895,0.5860985442415154,0.009433962264150943,0.5849056603773585,0.03371724947918423
951,102,96.22641509433963,106,1,105,0,0,0.009433962264150943,1.81813236766967,1.785285358964501,4.633282421784625,1.3731109897862241,0.8325177988529151,1.6636648320639564,4.952830188679245,3.595323583763093,0.46906869709735544,0.8836316823711543,0.10251375871304771,1.0,0.1163683176288457,0.053800763177355715,0,1,0,0,0,0.0,0.3584905660377358,0.4467819337834956,0.18657124342796888,0.8253215551468709,0.5874768730644879,0.009433962264150943,0.5283018867924528,0.033774553461861825
952,102,96.22641509433963,106,1,105,0,0,0.009433962264150943,1.820259272015004,1.7860057927756818,4.446929685474979,1.3751728585588412,0.8386652421966944,1.668196845340716,4.952830188679245,3.595323583763093,0.4670560002666615,0.6939498655190189,0.14471055757347506,1.0,0.30605013448098106,0.0022504806681342693,1,0,0,0,0,0.0,0.3584905660377358,0.43905451624633207,0.19442185530685546,0.7961046886849092,0.5855679367105259,0.009433962264150943,0.5660377358490567,0.03382225341071257
953,103,97.16981132075472,106,0,106,0,0,0.0,1.8267207430270591,1.7927650028372442,4.6067641770514784,1.3772955068163328,0.8236671716049744,1.6811853402510888,4.952830188679245,3.595323583763093,0.47048397577382617,0.0,0.0,0.0,0.0,0.0,0,0,0,0,0,0.0,0.36792452830188677,0.4470362777888831,0.1837144824488902,0.812018930107069,0.5882537381660172,0.0,0.5283018867924528,0.03389271880247381
954,102,96.22641509433963,106,1,104,0,1,0.009433962264150943,1.8281353925410844,1.7918813461564052,4.745032988256528,1.3793571638356643,0.8288876276539756,1.6531322077158352,4.952830188679245,3.595323583763093,0.4687665477997631,0.9989385424812909,0.1351031096607589,1.0,0.0010614575187091746,0.0016478567178339065,1,1,0,0,0,1.0,0.36792452830188677,0.4482344806077401,0.17581209897548003,0.7991513258260001,0.5906106301224413,0.009433962264150943,0.5849056603773586,0.0339368536705601
955,101,95.28301886792453,106,2,103,0,1,0.018867924528301886,1.8515681269996982,1.8127394692151733,4.937899889259742,1.3819536610545573,0.8311862672665696,1.6608111647598491,4.952830188679245,3.595323583763093,0.4707441559757253,0.8893339666310065,0.15551995669623198,1.0,0.11066603336899343,0.007063970013330478,0,3,0,0,0,0.3333333333333333,0.3584905660377358,0.45434023620003916,0.17815927426086442,0.7995971469453749,0.5827382839421721,0.018867924528301886,0.5849056603773586,0.03410069358128448
956,101,95.28301886792453,106,1,105,0,0,0.009433962264150943,1.8496026499106475,1.809699240625268,5.050459422470351,1.3843396492898683,0.8366734652116073,1.6497395442808982,4.952830188679245,3.595323583763093,0.4712155269401124,0.70255346245425,0.09637067556864981,1.0,0.29744653754575,0.0005207534327015262,0,1,0,0,0,0.0,0.37735849056603776,0.45807017074397943,0.16927432723570449,0.7882416019410705,0.5914191601201454,0.009433962264150943,0.6037735849056605,0.0341337581947042
957,102,96.22641509433963,106,1,105,0,0,0.009433962264150943,1.8515915451347404,1.8090466533539802,5.096567505110965,1.3866724537835442,0.8452934619189008,1.6563251625407445,4.952830188679245,3.595323583763093,0.4715063644039519,0.9997655183992504,0.13957158323534746,1.0,0.0002344816007495698,0.0022178364858208566,0,1,0,0,0,1.0,0.3867924528301887,0.45936451088695046,0.16883190941514417,0.7913372085917323,0.5876321405493622,0.009433962264150943,0.6226415094339623,0.034185638605886776
958,102,96.22641509433963,106,0,106,0,0,0.0,1.8284906052531926,1.7869644935406437,4.7363126145078684,1.3882148167189097,0.8577002865236264,1.6883018883049954,4.952830188679245,3.595323583763093,0.4677993784004686,0.0,0.0,0.0,0.0,0.0,0,0,0,0,0,0.0,0.39622641509433965,0.4478673420120435,0.177103360784265,0.7862624820393478,0.5846772049110887,0.0,0.6226415094339623,0.03409786037566025
959,102,96.22641509433963,106,1,105,0,0,0.009433962264150943,1.8465343846680213,1.8044487588625402,4.815027823444227,1.39020941956957,0.848584212843891,1.6972303696842541,4.952830188679245,3.595323583763093,0.466669457105527,0.9600966965747915,0.16963986993597335,1.0,0.039903303425208536,-0.0012357147923152123,0,1,0,0,0,1.0,0.36792452830188677,0.44686874270884175,0.17497103921220197,0.778982593209897,0.5760811299992139,0.009433962264150943,0.6226415094339623,0.034223935486080485
960,104,98.11320754716981,106,0,106,0,0,0.0,1.8624133244433065,1.820253073061276,4.981698430916142,1.3925820828600448,0.8410752939857433,1.6612479103718594,4.952830188679245,3.595323583763093,0.4696781283180955,0.0,0.0,0.0,0.0,0.0,0,0,0,0,0,0.0,0.37735849056603776,0.45208515192862614,0.1654976048043138,0.778982593209897,0.5846482380359725,0.0,0.6226415094339623,0.03434598264637978
961,103,97.16981132075472,106,2,104,0,0,0.018867924528301886,1.8466350860958987,1.8116430563816996,4.638236448646838,1.3944542318608744,0.8593380468200849,1.6544439954162062,4.952830188679245,3.595323583763093,0.4634265701544147,0.7643410703454759,0.12568698297823266,1.0,0.23565892965452406,-0.0020295966495617046,1,1,0,0,0,0.5,0.36792452830188677,0.4349348846385579,0.17204277962869488,0.8127274390606383,0.5769336273103987,0.018867924528301886,0.5660377358490567,0.034300746361917746
962,103,97.16981132075472,106,0,105,1,0,0.0,1.86830898414335,1.8324142747846857,4.9948527152057665,1.397024068056858,0.848128575587554,1.6412239761962955,4.952830188679245,3.595323583763093,0.46868259661997724,0.4385681817211817,0.1667532452254918,0.0,0.4385681817211817,-0.04171814573140953,0,0,0,1,0,0.0,0.37735849056603776,0.44766627986522345,0.16847085574938764,0.8014761726379943,0.5808195453290343,0.0,0.6037735849056605,0.03445531281556414
963,102,96.22641509433963,106,2,104,0,0,0.018867924528301886,1.8701322485223673,1.8345938348974156,5.0199184398014385,1.3995618229742497,0.8509064694517717,1.6575073971201544,4.952830188679245,3.595323583763093,0.46933831425820394,0.7070820342235082,0.16844119404160737,0.5,0.2218093273181578,-0.021663791013860623,1,1,0,0,0,0.5,0.3867924528301887,0.448967107411394,0.1698436275104177,0.7994381999659919,0.582486370832734,0.018867924528301886,0.5849056603773586,0.034510049387980773
964,103,97.16981132075472,106,0,106,0,0,0.0,1.863929184205033,1.8294292507361802,4.59069215316184,1.4018621677234944,0.8370024615526835,1.628971928850292,4.952830188679245,3.595323583763093,0.4655223276861711,0.0,0.0,0.0,0.0,0.0,0,0,0,0,0,0.0,0.36792452830188677,0.433253743329147,0.1803443894536293,0.8110714012654953,0.5818410754695922,0.0,0.5471698113207547,0.034520386485032827
965,103,97.16981132075472,106,0,106,0,0,0.0,1.8603913151377007,1.8253361746892438,4.581886460747645,1.4039620801727282,0.8553927948763149,1.6401663222466258,4.952830188679245,3.595323583763093,0.4628208213981546,0.0,0.0,0.0,0.0,0.0,0,0,0,0,0,0.0,0.36792452830188677,0.4291984386509669,0.18754109052943058,0.8335919113199437,0.5731473294655587,0.0,0.5471698113207548,0.034540446463459
966,104,98.11320754716981,106,0,106,0,0,0.0,1.853445606056314,1.8184281297668137,4.665214271600342,1.405787800719818,0.8693697661207077,1.649836005663188,4.952830188679245,3.595323583763093,0.46236460002079594,0.0,0.0,0.0,0.0,0.0,0,0,0,0,0,0.0,0.3584905660377358,0.4315128364407417,0.18320098577937108,0.8335919113199437,0.5732076573346773,0.0,0.5471698113207548,0.03453853819875363
967,103,97.16981132075472,106,1,105,0,0,0.009433962264150943,1.8403477454452644,1.804458273070309,4.4035133644597515,1.4071963373334748,0.8669351538368633,1.6429845767814297,4.952830188679245,3.595323583763093,0.4600560988983251,0.99999507045053,0.12177779167444093,1.0,4.929549469956385e-06,0.0005171729890345311,0,1,0,0,0,1.0,0.3584905660377358,0.42317515224572355,0.18486232536888828,0.8347617185790207,0.5739587069981265,0.009433962264150943,0.5471698113207548,0.03449836962022676
968,103,97.16981132075472,106,2,103,1,0,0.018867924528301886,1.8489898852484052,1.8141274646038879,4.408994358057612,1.4087501183347866,0.8715931725540828,1.6593797023036077,4.952830188679245,3.595323583763093,0.4619847894307374,0.7494447108143035,0.09966582603803599,1.0,0.25055528918569653,0.00039195892084583256,0,2,0,1,0,0.3333333333333333,0.3490566037735849,0.4245299730091515,0.18588407803208176,0.826548822717209,0.5756467195620896,0.018867924528301886,0.5471698113207548,0.034569512046632556
969,103,97.16981132075472,106,0,106,0,0,0.0,1.8472300884066704,1.8125795718256703,4.391650552575083,1.4102354737502616,0.8639158822055487,1.6470076735548342,4.952830188679245,3.595323583763093,0.4617978688106519,0.0,0.0,0.0,0.0,0.0,0,0,0,0,0,0.0,0.3584905660377358,0.4249460055012137,0.19113589215360985,0.8347981621618228,0.5751437996221624,0.0,0.5471698113207548,0.03458741472920152
970,102,96.22641509433963,106,1,104,1,0,0.009433962264150943,1.8486270684633912,1.8131805667201342,4.572454103563378,1.4117160176024512,0.8671670228894626,1.6623849250302332,4.952830188679245,3.595323583763093,0.4614670093157025,0.9801724314042763,0.12161688679087032,1.0,0.0198275685957236,0.014047703938572492,0,1,0,1,0,1.0,0.33962264150943394,0.4301300684048925,0.1779614131483727,0.8342938994502695,0.5748283641591032,0.009433962264150943,0.5094339622641509,0.034621014800627986
971,101,95.28301886792453,106,1,105,0,0,0.009433962264150943,1.8686123487316164,1.8360714642353357,4.843146281154195,1.4136683451958085,0.8600440662318358,1.6600673348200619,4.952830188679245,3.595323583763093,0.46232997500162676,0.9999999999416069,0.1414238391578831,1.0,5.839306815857981e-11,-0.003699306035661265,1,0,0,0,0,1.0,0.330188679245283,0.4344979150408461,0.17663011489071834,0.8273085252603669,0.5771908518259145,0.009433962264150943,0.5471698113207548,0.03475603744916726
972,102,96.22641509433963,106,0,106,0,0,0.0,1.8706242919733143,1.8385425037218732,4.879470254425252,1.415723635571847,0.8668766481302692,1.665323862676145,4.952830188679245,3.595323583763093,0.46080308372523016,0.0,0.0,0.0,0.0,0.0,0,0,0,0,0,0.0,0.3113207547169811,0.4338975080849704,0.1695276435017434,0.8349055532049878,0.5766485858395768,0.0,0.5471698113207548,0.034803044335178016
973,103,97.16981132075472,106,1,105,0,0,0.009433962264150943,1.8835839971573276,1.8543846172741811,4.79582889016111,1.4180659193240421,0.8656057813203848,1.655151418133563,4.952830188679245,3.595323583763093,0.4597871000355822,0.9939128313066854,0.08850257764373579,1.0,0.006087168693314604,0.023579261976786114,0,1,0,0,0,1.0,0.330188679245283,0.42953603999879086,0.18123209335668156,0.8352950959985838,0.5716649078754907,0.009433962264150943,0.5471698113207548,0.03490994920116874
974,103,97.16981132075472,106,0,106,0,0,0.0,1.9025198301680242,1.872681129693533,5.067254228440271,1.4209450179369203,0.861392103707754,1.652472037604999,4.952830188679245,3.595323583763093,0.46253010232159264,0.0,0.0,0.0,0.0,0.0,0,0,0,0,0,0.0,0.32075471698113206,0.43733015269790515,0.17865015419650718,0.8298918852500876,0.5740188836857003,0.0,0.5471698113207548,0.03505638482193653
975,104,98.11320754716981,106,0,106,0,0,0.0,1.9309411492432897,1.9009251397822262,5.422936164993556,1.4245329744829447,0.8404789522922854,1.63323317966814,4.952830188679245,3.595323583763093,0.46829146150207746,0.0,0.0,0.0,0.0,0.0,0,0,0,0,0,0.0,0.32075471698113206,0.4503454909850042,0.1768824012397366,0.8155419878380527,0.583255991295351,0.0,0.5849056603773586,0.03526299074125004
976,104,98.11320754716981,106,1,105,0,0,0.009433962264150943,1.9399695763645115,1.9113897034374063,5.455734666578635,1.428260021965324,0.8438161538105968,1.627120190774838,4.952830188679245,3.595323583763093,0.4672832570120493,0.6247757887893688,0.10586055818045104,1.0,0.3752242112106312,0.032277949328002764,1,0,0,0,0,0.0,0.3113207547169811,0.4490698708910171,0.17529506204187567,0.8197911779575594,0.5914916617379623,0.009433962264150943,0.5849056603773586,0.03537513258541217
977,102,96.22641509433963,106,2,103,0,1,0.018867924528301886,1.9107994254821816,1.879014340441861,4.595030406751861,1.4310869365443086,0.8766858703094782,1.6481248957170478,4.952830188679245,3.595323583763093,0.4547080641267842,0.9050342585383689,0.14248275691919274,1.0,0.0949657414616311,0.019795606941073147,1,2,0,0,0,0.6666666666666666,0.3018867924528302,0.4147649649626963,0.1910175969021422,0.8325245134249067,0.5788965069660902,0.018867924528301886,0.5283018867924529,0.035280100194276055
978,102,96.22641509433963,106,1,104,1,0,0.009433962264150943,1.9138463773626715,1.882315513424383,4.133916749017998,1.433793949414103,0.877640531867041,1.6531364553693995,4.952830188679245,3.595323583763093,0.45322771181560983,0.627920850629283,0.14301070907964628,1.0,0.37207914937071696,0.0014444103542810005,0,1,0,1,0,0.0,0.32075471698113206,0.39946875950661553,0.21486617912010228,0.8217424893705836,0.5745723527769786,0.009433962264150943,0.5660377358490567,0.03534399788974012
979,101,95.28301886792453,106,1,105,0,0,0.009433962264150943,1.9110830624004822,1.8773220664784973,3.90697738673095,1.4363127764152273,0.882869485496292,1.710291838406911,4.952830188679245,3.595323583763093,0.4526410903009921,0.7240082704822357,0.12257909015223756,1.0,0.2759917295177643,0.024140433509083792,0,1,0,0,0,0.0,0.3113207547169811,0.3931407528080024,0.23107895928151378,0.820196751387991,0.5694667390761448,0.009433962264150943,0.5660377358490567,0.03537546130553197
980,101,95.28301886792453,106,0,106,0,0,0.0,1.9092808808586226,1.8752320641257383,4.005982606894085,1.438609212949608,0.8873834437829218,1.721489370137798,4.952830188679245,3.595323583763093,0.45502801706351814,0.0,0.0,0.0,0.0,0.0,0,0,0,0,0,0.0,0.3113207547169811,0.3986980659116058,0.23625349979525026,0.826399908651868,0.5668833995871093,0.0,0.5660377358490567,0.03540773255997605
981,102,96.22641509433963,106,0,105,1,0,0.0,1.9039230010089854,1.8707785538875086,3.823207525246216,1.4406949906765616,0.8815254381567719,1.7078491264072775,4.952830188679245,3.595323583763093,0.45170940053489606,0.6479354824237491,0.1604586301699814,1.0,0.3520645175762509,0.012440527935056789,0,0,0,1,0,0.0,0.3113207547169811,0.3899077960154254,0.23431399815530266,0.8160271867106776,0.567302770263396,0.0,0.5660377358490567,0.035418438389988885
982,103,97.16981132075472,106,1,104,0,1,0.009433962264150943,1.8851465110068184,1.8519645727475453,3.686122521578411,1.4421622375180154,0.8905938795322418,1.7362276822276406,4.952830188679245,3.595323583763093,0.4495573794152701,0.8350155618835549,0.1562785203949217,1.0,0.1649844381164451,0.009063242729223986,0,2,0,0,0,0.5,0.3113207547169811,0.38574878637067506,0.2434260618129024,0.804999733890983,0.555113759296013,0.009433962264150943,0.5660377358490567,0.035350932075839454
983,103,97.16981132075472,106,1,105,0,0,0.009433962264150943,1.8600458256909889,1.8252295230069855,3.273238235532196,1.4428940312896588,0.9008244961135213,1.7499294899636253,4.952830188679245,3.595323583763093,0.44413972957830317,0.9998499595050698,0.13694526072035856,1.0,0.00015004049493017035,0.021388108868402145,0,1,0,0,0,1.0,0.3113207547169811,0.3700224921551662,0.24491375758294276,0.8408761087412444,0.5570393776516964,0.009433962264150943,0.5283018867924529,0.03523858382628851
984,103,97.16981132075472,106,1,105,0,0,0.009433962264150943,1.8680345388765203,1.8305779609093804,3.4195442910799785,1.4437298887493306,0.9045140266057065,1.7522839116699682,4.952830188679245,3.595323583763093,0.4463186179119092,0.9760259459061988,0.16978292060964914,1.0,0.023974054093801156,0.0027758912828494964,0,1,0,0,0,1.0,0.32075471698113206,0.3774464624226107,0.24188757769021516,0.8213146945583799,0.5566286317076906,0.009433962264150943,0.5660377358490567,0.03529355328240327
985,103,97.16981132075472,106,0,106,0,0,0.0,1.8636353400653902,1.8268540695502213,3.2169366326830864,1.4443681797360697,0.9044551150461879,1.7476263991894867,4.952830188679245,3.595323583763093,0.444493866348344,0.0,0.0,0.0,0.0,0.0,0,0,0,0,0,0.0,0.3018867924528302,0.36859039647960684,0.2514325945866217,0.8213146945583799,0.5571771724150888,0.0,0.5660377358490567,0.03528303160153726
986,102,96.22641509433963,106,1,105,0,0,0.009433962264150943,1.887538441666008,1.848803075569749,3.691600706444416,1.445631049925525,0.8898201752688313,1.7276695160917435,4.952830188679245,3.595323583763093,0.4531070534240935,0.9590677268167092,0.1330202184260856,1.0,0.040932273183290846,0.006864345614803424,0,1,0,0,0,1.0,0.330188679245283,0.39065539505953534,0.2342450792859224,0.8188876583212842,0.568983397326954,0.009433962264150943,0.5849056603773586,0.03542524924441724
987,103,97.16981132075472,106,0,106,0,0,0.0,1.8845152746345573,1.8454104161666647,3.774328118236275,1.446734716581079,0.8988948505089035,1.723465901139789,4.952830188679245,3.595323583763093,0.45219802611625415,0.0,0.0,0.0,0.0,0.0,0,0,0,0,0,0.0,0.32075471698113206,0.39347173111270406,0.23186521509511962,0.8363217084602319,0.5690012641285036,0.0,0.5471698113207548,0.035429973603036624
988,104,98.11320754716981,106,0,105,1,0,0.0,1.8931003430003432,1.8536047414194403,3.81853437616203,1.4480343928557546,0.9014452196024435,1.7448399554448475,4.952830188679245,3.595323583763093,0.4550029007009406,0.6028071336531481,0.17431524995964026,1.0,0.3971928663468519,-0.017527435963475613,0,0,1,0,0,0.0,0.3113207547169811,0.3973209432972967,0.24356389332218678,0.8413528038300269,0.565941115024018,0.0,0.5471698113207548,0.035496262728673546
989,105,99.05660377358491,106,0,105,1,0,0.0,1.8786484089902398,1.8398075059410919,3.7387321812141634,1.4488904973539656,0.9244023998407729,1.7676869458793045,4.952830188679245,3.595323583763093,0.4492044520002074,0.5815690860172149,0.17400848927296297,1.0,0.4184309139827851,-0.021260511213797573,0,0,0,1,0,0.0,0.32075471698113206,0.38947072192942844,0.23628625007033824,0.8413528038300269,0.5619572233459789,0.0,0.5471698113207548,0.03543939292208595
990,104,98.11320754716981,106,1,104,1,0,0.009433962264150943,1.8731323664243444,1.8325789699615385,3.5350736270395293,1.4495876734434099,0.9215942743666695,1.7570614834473033,4.952830188679245,3.595323583763093,0.44626588753294616,0.5722571552517712,0.15493651647374368,1.0,0.42774284474822877,-0.01759514116047678,0,1,0,1,0,0.0,0.3113207547169811,0.38053914467386957,0.23789129630244665,0.8486047899273167,0.5613260094425936,0.009433962264150943,0.5283018867924529,0.035424345577438544
991,102,96.22641509433963,106,3,103,0,0,0.02830188679245283,1.8839371940583822,1.8400741937499678,3.5676264037741614,1.4504848959540593,0.9445183898841373,1.7800915799321655,4.952830188679245,3.595323583763093,0.4460140132339234,0.9428573107054828,0.14965730638360106,1.0,0.05714268929451719,0.01314663340142049,1,2,0,0,0,0.6666666666666666,0.3113207547169811,0.3806030427212891,0.2415658853909876,0.7939209109184017,0.5514493739887524,0.02830188679245283,0.6037735849056605,0.03549449874187084
992,101,95.28301886792453,106,1,103,1,1,0.009433962264150943,1.887460019094055,1.8429089824786782,3.4416974225988173,1.4513668705381955,0.9377612281632977,1.7607133008848388,4.952830188679245,3.595323583763093,0.44475315271070803,0.8882620710246917,0.1276691836583773,1.0,0.11173792897530828,0.051383678153536505,0,2,0,1,0,0.6666666666666666,0.3113207547169811,0.3741001390899506,0.244160640558301,0.8107373204408207,0.5523823502808871,0.009433962264150943,0.5849056603773586,0.03552796778716232
993,101,95.28301886792453,106,0,106,0,0,0.0,1.8939005157370419,1.8486448094585246,3.6365235607889628,1.4523573454063907,0.9272903334973159,1.7108348963000841,4.952830188679245,3.595323583763093,0.44885724440108876,0.0,0.0,0.0,0.0,0.0,0,0,0,0,0,0.0,0.3113207547169811,0.38385747780077917,0.23520512592917178,0.8185673076256048,0.5584904698912629,0.0,0.5849056603773586,0.035577975658640994
994,100,94.33962264150944,106,1,105,0,0,0.009433962264150943,1.8952455153510255,1.8505072839902241,3.621691352290582,1.453350155004476,0.9224724514379944,1.7142732245365064,4.952830188679245,3.595323583763093,0.4490616665212006,0.9420830334958333,0.15595266420777065,1.0,0.05791696650416667,0.007378547299484617,1,0,0,0,0,0.0,0.3018867924528302,0.38289216896694933,0.23393731222788997,0.8079814531014401,0.5544211686028541,0.009433962264150943,0.5849056603773586,0.035602548015521825
995,100,94.33962264150944,106,2,103,1,0,0.018867924528301886,1.8905676240458522,1.8434581259061578,3.3209170948378137,1.4541967176186805,0.9422502339679999,1.7282769236502826,4.952830188679245,3.595323583763093,0.44584148150516656,0.7382861536677344,0.1319802807264295,0.6666666666666666,0.21351942818512606,-0.003080654770261241,1,1,0,1,0,0.3333333333333333,0.29245283018867924,0.369797795877584,0.2538789223735381,0.7900977243913367,0.5540285197141729,0.018867924528301886,0.5849056603773586,0.035594376891655864
996,100,94.33962264150944,106,2,104,0,0,0.018867924528301886,1.9096000116584602,1.8636716892046028,3.418561218615348,1.4554523258910779,0.9247819764108769,1.7096116569355748,4.952830188679245,3.595323583763093,0.44939152014624084,0.7890561113453499,0.1114877139178233,1.0,0.21094388865465008,0.009084143286374358,0,2,0,0,0,0.5,0.2830188679245283,0.3746291388481313,0.25473412920803123,0.8115185016987352,0.5564953459877016,0.018867924528301886,0.5849056603773586,0.0357121104198875
997,101,95.28301886792453,106,1,105,0,0,0.009433962264150943,1.890398421320995,1.8450646369152142,3.1664258287586335,1.456206914915491,0.93409669894475,1.762093823696035,4.952830188679245,3.595323583763093,0.44379024846527027,0.9999999999417923,0.15333564514271966,1.0,5.820766091346741e-11,0.018495373223004985,0,1,0,0,0,1.0,0.2830188679245283,0.3622109400510343,0.2608659298873874,0.8399402795425763,0.5472382108997527,0.009433962264150943,0.5283018867924529,0.03562966742677778
998,101,95.28301886792453,106,0,106,0,0,0.0,1.8824411561587169,1.8379536347979017,3.0237431621454083,1.4567158686675612,0.9267175290525731,1.7534847718360247,4.952830188679245,3.595323583763093,0.44189426014655186,0.0,0.0,0.0,0.0,0.0,0,0,0,0,0,0.0,0.2830188679245283,0.35643772580943395,0.2740907641079532,0.8540956905032703,0.5443694274206102,0.0,0.49056603773584906,0.0355990303681057
999,101,95.28301886792453,106,1,105,0,0,0.009433962264150943,1.8975102006271354,1.856318328734287,3.20708288303837,1.457623881036717,0.909561271703074,1.7419086686653333,4.952830188679245,3.595323583763093,0.4460023283627603,0.9760439705735526,0.14235110052056046,1.0,0.023956029426447367,0.008574445367206973,1,0,0,0,0,1.0,0.27358490566037735,0.365233348169548,0.2671578356287841,0.8456781899739482,0.5482332603367321,0.009433962264150943,0.5094339622641509,0.03569069858187367
1000,102,96.22641509433963,106,0,105,1,0,0.0,1.9022058342573518,1.8608749071087356,3.20371285011578,1.4587411653989288,0.9253489853657263,1.762085190764294,4.952830188679245,3.595323583763093,0.44507251048907137,0.7725907363965251,0.17785264000481274,1.0,0.2274092636034749,-0.0023844403327142327,0,0,0,1,0,0.0,0.27358490566037735,0.3643611571885763,0.2808305160274826,0.8251440914504798,0.5421439731489524,0.0,0.5471698113207548,0.0357342617441109
1001,102,96.22641509433963,106,2,103,1,0,0.018867924528301886,1.9047159797412465,1.8610879874267336,3.3610039586879905,1.4598904165417126,0.9367873579893783,1.7746694589297767,4.952830188679245,3.595323583763093,0.4458063311267524,0.9338450052066372,0.16578373848348685,1.0,0.0661549947933628,-0.004090256598315929,1,1,1,0,0,0.6666666666666666,0.24528301886792453,0.36993648587026573,0.26553171229902167,0.8438474736077446,0.5399345238706162,0.018867924528301886,0.509433962264151,0.035767472120216956
1002,102,96.22641509433963,106,1,105,0,0,0.009433962264150943,1.905166916501678,1.8616979922266208,3.332480437230539,1.4609403997311317,0.9390796469854534,1.7674794175830062,4.952830188679245,3.595323583763093,0.445165548803077,0.6744962114536477,0.1504492198480597,1.0,0.3255037885463523,-0.002880076204414772,0,1,0,0,0,0.0,0.24528301886792453,0.3679905269991651,0.2686570625059745,0.8438474736077446,0.5435830991951567,0.009433962264150943,0.509433962264151,0.03578860195063648
1003,102,96.22641509433963,106,0,106,0,0,0.0,1.9350548381672006,1.8902563585172674,3.708929608270884,1.4627835311159576,0.917716654393549,1.7287015714633194,4.952830188679245,3.595323583763093,0.4514380130794988,0.0,0.0,0.0,0.0,0.0,0,0,0,0,0,0.0,0.27358490566037735,0.38273061956689514,0.25130921475676954,0.8438474736077446,0.5537442811675779,0.0,0.509433962264151,0.03597117482764328
1004,103,97.16981132075472,106,0,106,0,0,0.0,1.9194121266899993,1.8753867108240752,3.4398320802915183,1.4641327064031564,0.9162414929356828,1.7328919860113041,4.952830188679245,3.595323583763093,0.44665392649613844,0.0,0.0,0.0,0.0,0.0,0,0,0,0,0,0.0,0.29245283018867924,0.37153019100492435,0.25844381302806757,0.8451431287010387,0.5477766616769132,0.0,0.509433962264151,0.03591721487890076
1005,103,97.16981132075472,106,0,105,1,0,0.0,1.9155554957779473,1.8721867674401738,3.389914858207754,1.4653413358177496,0.9095970493853457,1.7311343862828914,4.952830188679245,3.595323583763093,0.4455678445479232,0.4643500505886654,0.09564465850524945,0.0,0.4643500505886654,-0.005582348673005999,0,0,0,1,0,0.0,0.32075471698113206,0.36916189719157205,0.2513668610370478,0.8396285229889175,0.5492381439545491,0.0,0.509433962264151,0.03591965879353208
1006,105,99.05660377358491,106,0,104,2,0,0.0,1.9081395552498752,1.865363130402683,3.495608482347603,1.466310245628616,0.9052420446424332,1.7214347437362787,4.952830188679245,3.595323583763093,0.4437674808563197,0.517064458146191,0.09137316664592715,0.5,0.35104454359831944,0.0031793309312169726,0,0,0,2,0,0.0,0.2641509433962264,0.37052498890008756,0.23991393894634275,0.8503662284647902,0.5472911676356594,0.0,0.509433962264151,0.03589999681235946
1007,103,97.16981132075472,106,3,102,1,0,0.02830188679245283,1.9041050054539939,1.8666161976321411,3.251700865307127,1.4671455394481263,0.9185941027886055,1.7401274460062788,4.952830188679245,3.595323583763093,0.44153994252533413,0.8618318874442208,0.1318722831713599,1.0,0.13816811255577932,0.004096006141944025,1,2,0,1,0,0.25,0.2641509433962264,0.36103106194697204,0.2609748402807866,0.8584520691992624,0.534111111190109,0.02830188679245283,0.4528301886792453,0.03589483982122334
1008,101,95.28301886792453,106,2,103,0,1,0.018867924528301886,1.915773124054417,1.8797819163044214,3.085736287555997,1.4684444058251538,0.9294771079572249,1.7486937475302522,4.952830188679245,3.595323583763093,0.4388400214612258,0.875082715799479,0.16531343599493917,1.0,0.12491728420052099,0.008845144219177073,0,3,0,0,0,0.3333333333333333,0.2641509433962264,0.351925640666789,0.27334451778496544,0.8432935131682255,0.5323671778422608,0.018867924528301886,0.5094339622641509,0.03597652963881287
1009,101,95.28301886792453,106,0,106,0,0,0.0,1.907622237943175,1.8710563352380025,3.217663014726606,1.4694655015371165,0.9350041415753597,1.7594803450134542,4.952830188679245,3.595323583763093,0.44128369724107386,0.0,0.0,0.0,0.0,0.0,0,0,0,0,0,0.0,0.25471698113207547,0.35918735629189985,0.26924559581739416,0.8526510217639257,0.5366419483930885,0.0,0.4716981132075472,0.03595413105572916
1010,101,95.28301886792453,106,0,106,0,0,0.0,1.909292724514718,1.8725569295538302,3.113466580205854,1.470493046531201,0.950041387875428,1.7696046574955409,4.952830188679245,3.595323583763093,0.4387512160941407,0.0,0.0,0.0,0.0,0.0,0,0,0,0,0,0.0,0.25471698113207547,0.3523539774381336,0.282330126519625,0.8562966335065951,0.5291208579550063,0.0,0.4339622641509434,0.035980955272339916
1011,100,94.33962264150944,106,1,105,0,0,0.009433962264150943,1.9082150559628381,1.8697641100521456,3.098559306135738,1.4714518127528184,0.9508141388204535,1.784241360435836,4.952830188679245,3.595323583763093,0.4384623980426039,0.9897153308123396,0.15281467069292587,1.0,0.010284669187660356,0.026345039559034555,0,1,0,0,0,1.0,0.24528301886792453,0.351774522271037,0.29094212514823653,0.8524239259596427,0.5237960103950314,0.009433962264150943,0.4339622641509434,0.03599280230362
1012,102,96.22641509433963,106,2,104,0,0,0.018867924528301886,1.9047607465622913,1.8627724289182876,3.180044421498778,1.472214243626627,0.9783675601954829,1.8055239567627936,4.952830188679245,3.595323583763093,0.4373983135048871,0.9809241802024681,0.16205858456017747,1.0,0.019075819797531923,0.008517289607711753,1,1,0,0,0,1.0,0.2641509433962264,0.3536005763498464,0.2858424015360809,0.8342039675184574,0.5151987029276232,0.018867924528301886,0.49056603773584906,0.035989236685125235
1013,103,97.16981132075472,106,0,106,0,0,0.0,1.9206985075952414,1.877636182987709,3.202760488847407,1.473289054925381,0.9607080617480624,1.7016546278893923,4.952830188679245,3.595323583763093,0.4430500780538593,0.0,0.0,0.0,0.0,0.0,0,0,0,0,0,0.0,0.25471698113207547,0.3595544406972884,0.29920946769587436,0.8309634362003203,0.5176458065921059,0.0,0.4528301886792453,0.036088246962342516
1014,103,97.16981132075472,106,0,105,1,0,0.0,1.9329926727948041,1.889861993134412,3.330671412821796,1.4746768692284375,0.9524331731295999,1.6870625802940127,4.952830188679245,3.595323583763093,0.4441771332775579,0.42951158111920196,0.0967244380511744,0.0,0.42951158111920196,-0.010613970812320517,0,0,0,1,0,0.0,0.29245283018867924,0.36265520640542587,0.29614513592237074,0.8438195412615074,0.5219416531753985,0.0,0.4528301886792453,0.03617466599580864
1015,103,97.16981132075472,106,0,106,0,0,0.0,1.9226561942242621,1.8804186382767685,3.0927835348164785,1.4757431717851215,0.9619522656215616,1.767087811603827,4.952830188679245,3.595323583763093,0.4407295636390949,0.0,0.0,0.0,0.0,0.0,0,0,0,0,0,0.0,0.27358490566037735,0.3530138844765884,0.3189372779146033,0.8438195412615074,0.5139905897642973,0.0,0.4528301886792453,0.03614215211660329
1016,102,96.22641509433963,106,2,103,1,0,0.018867924528301886,1.9105551504357743,1.8671212562239428,2.9569647909226795,1.4764561250956172,0.9851962497389647,1.7868044527153124,4.952830188679245,3.595323583763093,0.43587678964588794,0.758464827993186,0.12128166251120791,0.6666666666666666,0.10771094699438193,0.0064204520417923865,0,2,0,1,0,0.6666666666666666,0.29245283018867924,0.34457864050216164,0.31452657739456924,0.8193173161379503,0.5148278379007989,0.018867924528301886,0.4339622641509434,0.036094463386917595
1017,103,97.16981132075472,106,1,105,0,0,0.009433962264150943,1.9074154396271734,1.8691021438357476,2.7817588403373947,1.4769909501168788,0.9937782657367996,1.7852752438045265,4.952830188679245,3.595323583763093,0.4327612905988709,0.6211101948975684,0.1031159056187739,1.0,0.37888980510243164,-0.00012881664575314922,0,1,0,0,0,0.0,0.2641509433962264,0.33599672340274556,0.3377882166542113,0.8338339994967661,0.5106035860091985,0.009433962264150943,0.4339622641509434,0.036088379177935226
1018,101,95.28301886792453,106,2,104,0,0,0.018867924528301886,1.886507792352327,1.8521218232639536,2.6739935547675997,1.4770691559083893,0.994793436034925,1.7912318265559062,4.952830188679245,3.595323583763093,0.4310082149065668,0.9628188872197359,0.1459578325012148,1.0,0.03718111278026415,0.018276053670346182,0,2,0,0,0,0.5,0.25471698113207547,0.3317232214831928,0.34499884929373,0.842114350048466,0.5109132737988378,0.018867924528301886,0.4528301886792453,0.03598524681719402
1019,101,95.28301886792453,106,0,106,0,0,0.0,1.8858754204118326,1.851364573932718,2.6975304285881982,1.4772137779159549,0.993492390401236,1.7781976754484905,4.952830188679245,3.595323583763093,0.4302289732271569,0.0,0.0,0.0,0.0,0.0,0,0,0,0,0,0.0,0.24528301886792453,0.3315777027479844,0.3422835298999861,0.8423187129188362,0.5085086940018434,0.0,0.4528301886792453,0.03598468477206421
1020,101,95.28301886792453,106,0,106,0,0,0.0,1.8766595095061813,1.8416163494659605,2.8102198250290003,1.4770728161237745,1.0063978890966856,1.7860622461533673,4.952830188679245,3.595323583763093,0.4335019945062215,0.0,0.0,0.0,0.0,0.0,0,0,0,0,0,0.0,0.2358490566037736,0.34020542484236765,0.3377557313648511,0.8423187129188362,0.5064785335130562,0.0,0.4528301886792453,0.035936071201256775
1021,103,97.16981132075472,106,0,106,0,0,0.0,1.8658417627411599,1.8314130875104857,2.6557487930073527,1.4766434501374337,0.9843700444236135,1.7634766986052497,4.952830188679245,3.595323583763093,0.43159759516063034,0.0,0.0,0.0,0.0,0.0,0,0,0,0,0,0.0,0.2641509433962264,0.3346959468045893,0.3412833888227213,0.8475079786705036,0.510696142722189,0.0,0.4150943396226415,0.03587426391914788
1022,104,98.11320754716981,106,0,106,0,0,0.0,1.8716198074501105,1.8365502312423791,2.5266454683424264,1.4763772787997593,0.9758689664642364,1.707924217004818,4.952830188679245,3.595323583763093,0.43239198249728017,0.0,0.0,0.0,0.0,0.0,0,0,0,0,0,0.0,0.25471698113207547,0.33044291490656036,0.3591182703222313,0.842114350048466,0.5082760699942256,0.0,0.4528301886792453,0.035898369282254323
1023,106,100.0,106,0,106,0,0,0.0,1.8799389051167126,1.8452512078600762,2.4942679648931656,1.476370939794445,0.9772379767413819,1.7530034207808372,4.952830188679245,3.595323583763093,0.42736300111540015,0.0,0.0,0.0,0.0,0.0,0,0,0,0,0,0.0,0.24528301886792453,0.32321498272303045,0.3569625091979155,0.8239804891269432,0.5030558711110162,0.0,0.490566037735849,0.035939850816710806
1024,106,100.0,106,0,106,0,0,0.0,1.8938560759151908,1.8581760029816692,2.5826417859813717,1.4767365792626117,0.9701557372208445,1.7050177496308856,4.952830188679245,3.595323583763093,0.4305327713395013,0.0,0.0,0.0,0.0,0.0,0,0,0,0,0,0.0,0.25471698113207547,0.32874371277704706,0.35927853568661494,0.8212228710707759,0.5045538165928712,0.0,0.490566037735849,0.03601600963171847
1025,105,99.05660377358491,106,1,104,1,0,0.009433962264150943,1.8983887857429287,1.8702270043960318,2.6012268812297843,1.477219163792489,0.9807757582764973,1.7310590275728752,4.952830188679245,3.595323583763093,0.428637446858819,0.5087721413652553,0.10037455692192923,0.5,0.3023134067775549,-0.0048240989806436485,0,1,0,1,0,0.0,0.22641509433962265,0.32670337428858276,0.36773554931769104,0.8177690069961492,0.5018593699930055,0.009433962264150943,0.4716981132075472,0.0360473484185643
1026,105,99.05660377358491,106,0,106,0,0,0.0,1.911408568829683,1.8827380963563713,2.6487925759777573,1.4782607762518245,0.9612945343779287,1.6937956266180545,4.952830188679245,3.595323583763093,0.4328881303846501,0.0,0.0,0.0,0.0,0.0,0,0,0,0,0,0.0,0.24528301886792453,0.33201293737911536,0.3628013072655337,0.8140704174017032,0.5093431385745808,0.0,0.509433962264151,0.03613117200319902
1027,105,99.05660377358491,106,0,106,0,0,0.0,1.9016095054457278,1.8732317724347047,2.733889822221303,1.4789915128880338,0.9806759862810216,1.7287427816392598,4.952830188679245,3.595323583763093,0.4312536297647853,0.0,0.0,0.0,0.0,0.0,0,0,0,0,0,0.0,0.24528301886792453,0.3342888517556468,0.35999569006803817,0.8167046812188996,0.5037050488278697,0.0,0.509433962264151,0.03609531285958766
1028,103,97.16981132075472,106,2,104,0,0,0.018867924528301886,1.9127698875812669,1.8868341881227284,2.9173880316072065,1.4800080007605696,0.9852861789882134,1.7519146258506852,4.952830188679245,3.595323583763093,0.4338670218178349,0.9139831393945015,0.14677495963639642,1.0,0.08601686060549857,0.005719312824107425,0,2,0,0,0,0.5,0.25471698113207547,0.34173837404708163,0.3570111113912682,0.8374190810823343,0.49785829063232784,0.018867924528301886,0.4528301886792453,0.03616938778436904
1029,103,97.16981132075472,106,0,106,0,0,0.0,1.9147816455322502,1.8885850153652708,2.9475587925121873,1.481117518033119,0.9958340520975176,1.7919654312851065,4.952830188679245,3.595323583763093,0.4355971148035942,0.0,0.0,0.0,0.0,0.0,0,0,0,0,0,0.0,0.27358490566037735,0.343970047625758,0.35708401255035654,0.8420063116484674,0.49740243952777086,0.0,0.4528301886792453,0.03619939194220691
1030,103,97.16981132075472,106,1,105,0,0,0.009433962264150943,1.892461670302211,1.8694582931802723,2.879189384040716,1.4815693341223712,1.000998586608401,1.8011366848552128,4.952830188679245,3.595323583763093,0.43172771642610086,0.9999999999417923,0.15541538324968196,1.0,5.820766091346741e-11,0.0024775304611309723,0,1,0,0,0,1.0,0.25471698113207547,0.33993954539169124,0.3570314234296369,0.8299911586702338,0.4918202865493436,0.009433962264150943,0.4528301886792453,0.036095914191262776
1031,101,95.28301886792453,106,2,104,0,0,0.018867924528301886,1.8836904698154688,1.866999484421374,2.923945013448959,1.4818329218151243,0.9978785666252787,1.8114887021648682,4.952830188679245,3.595323583763093,0.43131828381473003,0.5950227373281258,0.15402180710255853,0.5,0.3233097714801116,-0.013202848077143503,0,2,0,0,0,0.0,0.24528301886792453,0.34053577647658323,0.3574800027116181,0.8569547663022513,0.4885301017369255,0.018867924528301886,0.39622641509433965,0.03605679660406978
1032,101,95.28301886792453,106,1,105,0,0,0.009433962264150943,1.910808274721362,1.8890217594033363,3.2425920757475755,1.4830294815283842,0.9916904154230302,1.8133893854884464,4.952830188679245,3.595323583763093,0.43708455688212466,0.8998684721468797,0.1715916961166387,1.0,0.1001315278531203,-0.009916161308143767,1,0,0,0,0,0.0,0.2358490566037736,0.35584313365555764,0.3386367474446783,0.8333273676256401,0.49228927330144306,0.009433962264150943,0.4528301886792453,0.03621389572538157
1033,103,97.16981132075472,106,0,106,0,0,0.0,1.9129274714826745,1.890905772747001,3.1721751878652573,1.4840971177802833,0.9858617750274826,1.8095478058377845,4.952830188679245,3.595323583763093,0.43539839358346066,0.0,0.0,0.0,0.0,0.0,0,0,0,0,0,0.0,0.22641509433962265,0.35200675991584046,0.3389188536404195,0.8333273676256401,0.4918787077668493,0.0,0.4528301886792453,0.036243684198164795
1034,103,97.16981132075472,106,0,106,0,0,0.0,1.9021807123517442,1.8804228612092033,3.0731275150752233,1.4848248533816024,0.9755806840310876,1.8030187002893634,4.952830188679245,3.595323583763093,0.43524679763363383,0.0,0.0,0.0,0.0,0.0,0,0,0,0,0,0.0,0.25471698113207547,0.3497119192148855,0.3401979466661238,0.8231927747578995,0.49314486793079665,0.0,0.4528301886792453,0.03620303262736098
1035,104,98.11320754716981,106,0,106,0,0,0.0,1.8753653901859924,1.854161275442633,2.8347883313992313,1.484771073343991,0.9872064761827545,1.8130330277554079,4.952830188679245,3.595323583763093,0.428038595403454,0.0,0.0,0.0,0.0,0.0,0,0,0,0,0,0.0,0.25471698113207547,0.3370729822708521,0.3417931820907905,0.8319832888897225,0.48612951898016027,0.0,0.4528301886792453,0.03606798923334442
1036,104,98.11320754716981,106,1,105,0,0,0.009433962264150943,1.875637075807591,1.8503965394900448,2.7071573130819635,1.4847349775387497,0.9983409550593524,1.8295076139238597,4.952830188679245,3.595323583763093,0.4254578017120674,0.9999999999409948,0.17583913140350646,1.0,5.900524513435812e-11,-0.0007727659399561215,1,0,0,0,0,1.0,0.2358490566037736,0.33049991285978997,0.35182938490978494,0.8311580633773379,0.47951672142476726,0.009433962264150943,0.4716981132075472,0.036068698780953125
1037,104,98.11320754716981,106,1,105,0,0,0.009433962264150943,1.893997182234271,1.8696895552593136,2.794677022568679,1.4850944064199316,0.991223302800442,1.8086081038117883,4.952830188679245,3.595323583763093,0.42468094356245323,0.7688656100850494,0.14857249802737427,1.0,0.2311343899149506,0.0003795447694721066,0,1,0,0,0,0.0,0.22641509433962265,0.3311781369832278,0.33906119284155417,0.8516038150884904,0.4821038520258398,0.009433962264150943,0.4339622641509434,0.03616696062875251
1038,104,98.11320754716981,106,0,106,0,0,0.0,1.8981497882558986,1.8741209304685946,2.7451549562279247,1.4856050264258716,0.9981370950914102,1.8181529187195407,4.952830188679245,3.595323583763093,0.4222031165392268,0.0,0.0,0.0,0.0,0.0,0,0,0,0,0,0.0,0.22641509433962265,0.3263156274326856,0.346381289335785,0.8528320491431767,0.4786050112707583,0.0,0.4339622641509434,0.03619690287960914
1039,104,98.11320754716981,106,0,106,0,0,0.0,1.902230429733571,1.8785077957645324,2.77626190465232,1.4862234655923723,0.9868240245352651,1.790521204224961,4.952830188679245,3.595323583763093,0.4267894868742095,0.0,0.0,0.0,0.0,0.0,0,0,0,0,0,0.0,0.2169811320754717,0.33217994782824467,0.3477272953562032,0.8516038150884904,0.4853734586190499,0.0,0.4339622641509434,0.03622842353159972
1040,104,98.11320754716981,106,0,105,1,0,0.0,1.9130523183947263,1.8900160946608335,2.8272581365109275,1.4871506783371164,0.9606899541471635,1.694368635592692,4.952830188679245,3.595323583763093,0.4300807678791785,0.5362810765292664,0.13000783132526122,1.0,0.4637189234707336,0.007923708772862859,0,0,0,1,0,0.0,0.2169811320754717,0.3361772776412498,0.3405428780217395,0.848123616478931,0.49102342994420256,0.0,0.4339622641509434,0.03629920112414721
1041,103,97.16981132075472,106,2,103,1,0,0.018867924528301886,1.9159514184646966,1.8909226086053696,2.7668761344401056,1.4881338709011862,0.9714894611047602,1.7948738924244492,4.952830188679245,3.595323583763093,0.42912638516643553,0.8545889976069755,0.15311550581002145,1.0,0.14541100239302449,0.01638532970365129,1,1,0,1,0,0.3333333333333333,0.2358490566037736,0.33301053824971266,0.34809101220557953,0.8603727351986765,0.48682905122199077,0.018867924528301886,0.4339622641509434,0.03633137110156197
1042,103,97.16981132075472,106,1,105,0,0,0.009433962264150943,1.9004147933179654,1.8801592121267414,2.7230543210785947,1.4886040462754953,0.9786204154921017,1.802017163001081,4.952830188679245,3.595323583763093,0.42772822644695485,0.5788873009774436,0.12118875362484963,1.0,0.42111269902255644,0.008346353391520012,0,1,0,0,0,0.0,0.2358490566037736,0.33075619745005536,0.34896596736554775,0.8518235940765353,0.48372913117568406,0.009433962264150943,0.4528301886792453,0.0362621401388871
1043,103,97.16981132075472,106,0,106,0,0,0.0,1.8965573071677095,1.8765534462279945,2.700190317599641,1.489058448822224,0.9830779271706719,1.7875608667043845,4.952830188679245,3.595323583763093,0.4262990981997308,0.0,0.0,0.0,0.0,0.0,0,0,0,0,0,0.0,0.2358490566037736,0.32882931396869813,0.34724515075140217,0.838326886763797,0.48593514899192175,0.0,0.4528301886792453,0.0362510213290997
1044,103,97.16981132075472,106,1,105,0,0,0.009433962264150943,1.8858308310427032,1.8644512018468884,2.636376639017116,1.489200542207373,0.9858895530839581,1.7872533090249478,4.952830188679245,3.595323583763093,0.4255634464826379,0.5696869444515433,0.13274741049898753,1.0,0.43031305554845667,0.016516263978626156,0,1,0,0,0,0.0,0.2641509433962264,0.3266940436727134,0.34546526407418515,0.8440447286202005,0.4903307776119702,0.009433962264150943,0.4528301886792453,0.03619994330696828
1045,100,94.33962264150944,106,3,103,0,0,0.02830188679245283,1.8693505094031133,1.8470473937912293,2.3697149243239455,1.4888437024535908,1.0072989495559719,1.7626015103885104,4.952830188679245,3.595323583763093,0.4191160310437807,0.9149921974064771,0.14059958921422802,1.0,0.08500780259352292,0.011902214369394834,0,3,0,0,0,0.0,0.25471698113207547,0.31274381750771174,0.34902737826057073,0.8426987188302733,0.4860941344958423,0.02830188679245283,0.4528301886792453,0.03611112692685835
1046,101,95.28301886792453,106,1,104,1,0,0.009433962264150943,1.866801711057236,1.8433257538816443,2.449299209722445,1.4883443132777547,1.0122414334540988,1.8333476986092991,4.952830188679245,3.595323583763093,0.42042561934813927,0.7829865721067304,0.12037590796105,1.0,0.21701342789326955,0.0016186186339853248,1,0,0,1,0,0.5,0.2641509433962264,0.317527815212239,0.342259877266366,0.8390829861560617,0.487442010030283,0.009433962264150943,0.4528301886792453,0.036089405606722164
1047,100,94.33962264150944,106,1,105,0,0,0.009433962264150943,1.8639384674614674,1.8386194152230304,2.3689543760082046,1.4877875573024435,1.0121597510394145,1.7845889517388438,4.952830188679245,3.595323583763093,0.41858901480907007,0.7220360543007707,0.15525801787613247,1.0,0.27796394569922933,0.01748506457332366,0,1,0,0,0,0.0,0.25471698113207547,0.31276520067215996,0.33677154811946464,0.8164648713121563,0.48124697729119936,0.009433962264150943,0.4716981132075472,0.03606508079930113
1048,99,93.39622641509433,106,1,105,0,0,0.009433962264150943,1.8728628552141837,1.8499256096856114,2.4851770505730273,1.4874208890662108,1.0073721634906458,1.7849096374365947,4.952830188679245,3.595323583763093,0.4212651550595765,0.7387473085579401,0.11604572476129468,1.0,0.26125269144205987,0.00023834268251488044,0,1,0,0,0,0.0,0.24528301886792453,0.3187362783956237,0.3389352296961975,0.796410659483687,0.47990632916943904,0.009433962264150943,0.4716981132075472,0.03610311128327899
1049,100,94.33962264150944,106,0,106,0,0,0.0,1.8584767570408243,1.8353678976762087,2.328320277409375,1.4867332269509703,1.0136031836706916,1.7909139188533174,4.952830188679245,3.595323583763093,0.41968074091410834,0.0,0.0,0.0,0.0,0.0,0,0,0,0,0,0.0,0.22641509433962265,0.3124813585212609,0.36163163874053983,0.8049150911017579,0.47225062079467145,0.0,0.4716981132075472,0.03601881895330927
1050,103,97.16981132075472,106,0,106,0,0,0.0,1.854765801262568,1.8316898272719406,2.38452021952767,1.4859644976877984,1.0085130491722492,1.784413489631601,4.952830188679245,3.595323583763093,0.42143165309358954,0.0,0.0,0.0,0.0,0.0,0,0,0,0,0,0.0,0.25471698113207547,0.3169446755345239,0.3526327406845582,0.8049150911017579,0.47866646701602594,0.0,0.4716981132075472,0.03598644502217094
1051,104,98.11320754716981,106,0,106,0,0,0.0,1.8495554656026967,1.825690349484604,2.45909773097703,1.4850508462172873,1.0353722272925086,1.8198996075737064,4.952830188679245,3.595323583763093,0.42145252011654355,0.0,0.0,0.0,0.0,0.0,0,0,0,0,0,0.0,0.2641509433962264,0.3199817495868988,0.359240452068272,0.8191701417867714,0.47365384044451353,0.0,0.43396226415094336,0.035943968980475235
1052,105,99.05660377358491,106,0,106,0,0,0.0,1.8524309925411109,1.8284472075073712,2.57736193651333,1.4842493378469002,1.0330485297444347,1.8151038232866195,4.952830188679245,3.595323583763093,0.4246525624831228,0.0,0.0,0.0,0.0,0.0,0,0,0,0,0,0.0,0.2641509433962264,0.32737330295098976,0.3516682926045603,0.7528666457882812,0.47580025323106473,0.0,0.47169811320754723,0.03594393820543413
1053,105,99.05660377358491,106,1,105,0,0,0.009433962264150943,1.8786753023555318,1.8528047629722142,2.9699953528917056,1.4842020475904179,1.0231274878727885,1.8013308109569959,4.952830188679245,3.595323583763093,0.4299096392647306,0.9957517882157095,0.17066733382191762,1.0,0.004248211784290468,-0.011613616372412316,0,1,0,0,0,1.0,0.29245283018867924,0.3432309394897449,0.3186788943909987,0.8023759925146243,0.4879156622881138,0.009433962264150943,0.509433962264151,0.03607430963563417
1054,105,99.05660377358491,106,0,106,0,0,0.0,1.884169364903706,1.8583242607223704,2.9505129956571277,1.484290397669539,1.0329251431141644,1.8087755475813012,4.952830188679245,3.595323583763093,0.4291623096147892,0.0,0.0,0.0,0.0,0.0,0,0,0,0,0,0.0,0.24528301886792453,0.34179108600387625,0.3211247148932262,0.810641937764452,0.4883214990054246,0.0,0.509433962264151,0.0361033681839905
1055,105,99.05660377358491,106,0,106,0,0,0.0,1.883362736531433,1.8577832448859208,2.7402052466947833,1.4843600102614611,1.0288959418942467,1.8019079662728554,4.952830188679245,3.595323583763093,0.42618010613691215,0.0,0.0,0.0,0.0,0.0,0,0,0,0,0,0.0,0.2358490566037736,0.33133647469449307,0.3370396530947646,0.8103377802013522,0.4823914290174006,0.0,0.47169811320754723,0.036100586441096455
1056,104,98.11320754716981,106,1,105,0,0,0.009433962264150943,1.8746559058353256,1.846555056098166,2.553778966926861,1.484189594482376,1.0342353332916225,1.8103609344572493,4.952830188679245,3.595323583763093,0.42195069421551845,0.9934824209407038,0.17385574975431606,1.0,0.006517579059296175,-0.009775449930516267,0,1,0,0,0,1.0,0.22641509433962265,0.32234951733412087,0.3413190246500356,0.8278407227864439,0.48848566297293416,0.009433962264150943,0.4905660377358491,0.03605398878826797
1057,104,98.11320754716981,106,0,106,0,0,0.0,1.8773656638203315,1.8492555902387136,2.5719836938235625,1.4840175538521214,1.0440781996931623,1.8184083415151997,4.952830188679245,3.595323583763093,0.42098139333335194,0.0,0.0,0.0,0.0,0.0,0,0,0,0,0,0.0,0.2358490566037736,0.32199115309874776,0.3371086085302607,0.8111131391809814,0.4902338674483967,0.0,0.5283018867924529,0.0360644448695164
1058,105,99.05660377358491,106,0,106,0,0,0.0,1.8798786091986064,1.852330393839579,2.42473036514293,1.483940137950433,1.0310688518321984,1.7952435281717558,4.952830188679245,3.595323583763093,0.4201532597068538,0.0,0.0,0.0,0.0,0.0,0,0,0,0,0,0.0,0.2358490566037736,0.31570594377376887,0.35293621770499534,0.8099341061277763,0.48746432473580587,0.0,0.5283018867924529,0.03607561792032228
1059,105,99.05660377358491,106,0,106,0,0,0.0,1.8850785402264822,1.8573579580603308,2.3087322395490055,1.4840101111626094,1.026571769128688,1.7984072828100297,4.952830188679245,3.595323583763093,0.4174953637967156,0.0,0.0,0.0,0.0,0.0,0,0,0,0,0,0.0,0.2358490566037736,0.3083960736805148,0.3655204100537621,0.8220605822408987,0.48269346354213116,0.0,0.5283018867924528,0.0361028754571615
1060,105,99.05660377358491,106,0,106,0,0,0.0,1.8847528405045773,1.8571050546850032,2.384170240377831,1.4840702944556283,1.0140156144918817,1.7836464156648977,4.952830188679245,3.595323583763093,0.4183431768332724,0.0,0.0,0.0,0.0,0.0,0,0,0,0,0,0.0,0.2358490566037736,0.3121307387230198,0.3585563210820079,0.8039564253178072,0.4883701486408238,0.0,0.5283018867924529,0.03610232885061568
1061,106,100.0,106,0,106,0,0,0.0,1.860658593480742,1.833937826393612,2.3212270769675,1.4834619645065483,1.0025228661759114,1.7676560553922915,4.952830188679245,3.595323583763093,0.4164705836714193,0.0,0.0,0.0,0.0,0.0,0,0,0,0,0,0.0,0.25471698113207547,0.31036917717716145,0.35620971491943293,0.7757976869530011,0.4907768586580101,0.0,0.5660377358490567,0.035970921900433314
1062,106,100.0,106,0,106,0,0,0.0,1.8485069391545546,1.8214021598290466,2.3991810740034873,1.482514947766492,0.9964225942917768,1.7558774494720488,4.952830188679245,3.595323583763093,0.41829783860551384,0.0,0.0,0.0,0.0,0.0,0,0,0,0,0,0.0,0.2358490566037736,0.31665245776010603,0.34247448193574503,0.7996475935893433,0.4959796208672853,0.0,0.5283018867924529,0.03589313947070367
1063,106,100.0,106,0,106,0,0,0.0,1.87467732553346,1.8467404911857181,2.5960915505993087,1.4823307753450323,0.9755536221484883,1.7452327817375608,4.952830188679245,3.595323583763093,0.42412532277788184,0.0,0.0,0.0,0.0,0.0,0,0,0,0,0,0.0,0.25471698113207547,0.32724362143519975,0.3334232626478918,0.8127338035521338,0.5062087495788998,0.0,0.5283018867924529,0.03602068060534643
1064,106,100.0,106,0,106,0,0,0.0,1.8598560511122189,1.8322914379525816,2.3405227763606766,1.481737632343259,0.9789581739484239,1.74015267786264,4.952830188679245,3.595323583763093,0.4171285783262819,0.0,0.0,0.0,0.0,0.0,0,0,0,0,0,0.0,0.2830188679245283,0.312101460008851,0.34739814786639234,0.8141447180686442,0.4990716648203074,0.0,0.49056603773584906,0.03593591152812613
1065,106,100.0,106,0,106,0,0,0.0,1.8628711386674026,1.8347840986099606,2.4505153932970525,1.4812375101248962,0.9951319468502655,1.7560863394973796,4.952830188679245,3.595323583763093,0.4179050725547675,0.0,0.0,0.0,0.0,0.0,0,0,0,0,0,0.0,0.27358490566037735,0.3178364629887806,0.34530874881384543,0.810934650522521,0.49944379215933604,0.0,0.5283018867924528,0.03594199645986983
1066,106,100.0,106,0,105,1,0,0.0,1.872111205911916,1.8444989978786963,2.5216683649638716,1.4810347945702358,0.9863995435865796,1.7567445129298525,4.952830188679245,3.595323583763093,0.4186913563717116,0.5496847306761155,0.13621190316313614,1.0,0.45031526932388455,0.012188544376161015,0,0,0,1,0,0.0,0.27358490566037735,0.3200458735081594,0.3355433256311579,0.8303859499298182,0.5029966187447649,0.0,0.49056603773584906,0.03598455265602006
1067,105,99.05660377358491,106,1,105,0,0,0.009433962264150943,1.8607749305898476,1.8344599523138676,2.440269939734611,1.4805406167626847,0.9863017982170714,1.7553709848111818,4.952830188679245,3.595323583763093,0.4167314871824901,0.5883731352523233,0.13389283664477603,1.0,0.41162686474767674,0.007765281492700726,0,1,0,0,0,0.0,0.25471698113207547,0.3155693718887174,0.32521591617867707,0.8405868610012248,0.5013024207773489,0.009433962264150943,0.4528301886792453,0.03591898763377942
1068,105,99.05660377358491,106,0,106,0,0,0.0,1.8478590270208028,1.8222661472007415,2.3214859236618532,1.4797234824404155,0.9894099510229153,1.7542804769354752,4.952830188679245,3.595323583763093,0.41549793025141435,0.0,0.0,0.0,0.0,0.0,0,0,0,0,0,0.0,0.24528301886792453,0.31053894131281656,0.32714986363890664,0.8309181565507292,0.49996461148407656,0.0,0.4528301886792453,0.03583971880443441
1069,104,98.11320754716981,106,1,105,0,0,0.009433962264150943,1.8574319394247851,1.8350484512925436,2.263404183461348,1.4792014244834826,0.9818835604239471,1.7510686293865854,4.952830188679245,3.595323583763093,0.41352637899146294,0.9673957712346628,0.1323348807933165,1.0,0.032604228765337195,0.016664052525232842,0,1,0,0,0,1.0,0.27358490566037735,0.3052575138925458,0.34098668912010904,0.8505401314089561,0.5019533896607273,0.009433962264150943,0.47169811320754723,0.03587819853003106
1070,103,97.16981132075472,106,2,104,0,0,0.018867924528301886,1.852285604949212,1.8322491169461357,2.1732969076739166,1.4786638976088364,0.9998983574241972,1.7577867231855817,4.952830188679245,3.595323583763093,0.4069229834241075,0.7966935083172135,0.17195301744954525,1.0,0.20330649168278642,0.004827616476289209,2,0,0,0,0,0.5,0.27358490566037735,0.2958267725679321,0.3429646447053985,0.8461584211194355,0.4913168406763713,0.018867924528301886,0.4716981132075472,0.03584280394240658
1071,102,96.22641509433963,106,1,102,0,3,0.009433962264150943,1.845105054175101,1.8237684074275395,2.046160451033794,1.478005807900006,1.00900189172376,1.7614551627805204,4.952830188679245,3.595323583763093,0.40143181671663575,0.8220893400988718,0.17064890365002003,1.0,0.17791065990112823,0.019543737196780486,1,3,0,0,0,0.25,0.2641509433962264,0.2861836777722938,0.3475081221903541,0.8173113156037541,0.4879616562949329,0.009433962264150943,0.509433962264151,0.035795070961284085
1072,102,96.22641509433963,106,0,106,0,0,0.0,1.8534638377624568,1.8316967717657728,2.127357292513945,1.4775510573338464,1.0069072785884061,1.7655573941540093,4.952830188679245,3.595323583763093,0.40402618154625003,0.0,0.0,0.0,0.0,0.0,0,0,0,0,0,0.0,0.24528301886792453,0.2908398745044188,0.34585790943344535,0.8370678561499716,0.48420141699141817,0.0,0.509433962264151,0.035828690002044646
1073,101,95.28301886792453,106,1,105,0,0,0.009433962264150943,1.8538907261212776,1.8314692741645933,2.176218092976583,1.4770925531087582,1.0207308031654505,1.7787752683150726,4.952830188679245,3.595323583763093,0.4043490837687165,0.9832743333354468,0.1423789705720363,1.0,0.016725666664553218,0.02012236450841598,1,0,0,0,0,1.0,0.24528301886792453,0.29289197883100393,0.34767287218089504,0.8460174150305677,0.48039968742926825,0.009433962264150943,0.4905660377358491,0.03582258208857018
1074,102,96.22641509433963,106,1,105,0,0,0.009433962264150943,1.8595720597899865,1.8363241389322966,2.230851779885732,1.4768096086347113,1.0210728223727696,1.781270932037519,4.952830188679245,3.595323583763093,0.40515396586145935,0.5760450088992477,0.16702459970990974,1.0,0.4239549911007523,0.00555910713758534,0,1,0,0,0,0.0,0.24528301886792453,0.2945618890498759,0.3428764359724518,0.8460174150305677,0.4776144293504392,0.009433962264150943,0.4905660377358491,0.03584590237221154
1075,103,97.16981132075472,106,0,106,0,0,0.0,1.8717762558106052,1.8487524514994775,2.4184253826349815,1.4768884308035155,0.9919737432443104,1.7463264894030475,4.952830188679245,3.595323583763093,0.40968398047997123,0.0,0.0,0.0,0.0,0.0,0,0,0,0,0,0.0,0.25471698113207547,0.3032662813192155,0.3115394014375587,0.8460174150305677,0.4916507006931435,0.0,0.4905660377358491,0.03590834030832676
1076,104,98.11320754716981,106,1,105,0,0,0.009433962264150943,1.8638086878487097,1.840984731545459,2.347996087955222,1.4767285034842756,1.0092814652375541,1.7614157242564286,4.952830188679245,3.595323583763093,0.4084247839212416,0.5987430955370306,0.1621188290008469,1.0,0.40125690446296935,0.023483169460726705,0,1,0,0,0,0.0,0.24528301886792453,0.3005173084218317,0.3207444928361241,0.8441859806712082,0.4813208603950892,0.009433962264150943,0.4905660377358491,0.03586562751620452
1077,104,98.11320754716981,106,0,106,0,0,0.0,1.8725512293793656,1.8489601401892917,2.446999893214585,1.4768162153100373,0.993754868836533,1.7484113682877707,4.952830188679245,3.595323583763093,0.41192097646646,0.0,0.0,0.0,0.0,0.0,0,0,0,0,0,0.0,0.24528301886792453,0.30657229580595313,0.3175445630318952,0.8279488679675475,0.4853146830771426,0.0,0.5283018867924529,0.03591091698583648
1078,105,99.05660377358491,106,0,105,1,0,0.0,1.8768971386776732,1.8530438078147433,2.5392797626777246,1.4770182304640183,0.9978350302076242,1.7498679298734872,4.952830188679245,3.595323583763093,0.4130905833692198,0.5985200297810952,0.13716941023912077,1.0,0.4014799702189048,0.024598885298460216,0,0,0,1,0,0.0,0.24528301886792453,0.3115724605550857,0.3100239621990073,0.8236507423198627,0.48920295596602553,0.0,0.5283018867924529,0.03593627808156495
1079,105,99.05660377358491,106,1,105,0,0,0.009433962264150943,1.8697088924008536,1.8445073905929679,2.4374451561506643,1.4770273554542641,0.9936012595387298,1.7439375090414844,4.952830188679245,3.595323583763093,0.41272133202088246,0.5957847943797967,0.13676854636037228,1.0,0.4042152056202033,0.012590480520437652,1,0,0,0,0,0.0,0.25471698113207547,0.3083706081824324,0.32168255756470104,0.8279488679675475,0.49044815020898846,0.009433962264150943,0.5283018867924529,0.03590050088664401
1080,103,97.16981132075472,106,2,104,0,0,0.018867924528301886,1.8749238031705602,1.8532850271349939,2.240107052881349,1.477150111941274,1.0106685493250276,1.7621110701875784,4.952830188679245,3.595323583763093,0.4073975830834442,0.9597834613575486,0.1423052664781454,1.0,0.04021653864245145,0.007072316458299199,1,1,0,0,0,0.5,0.24528301886792453,0.2960744717808123,0.343873834668973,0.867529348024258,0.4805910145279557,0.018867924528301886,0.47169811320754723,0.035928782186956575
1081,102,96.22641509433963,106,2,104,0,0,0.018867924528301886,1.8559402603569946,1.8333204916751253,2.0772223778356715,1.4768407419606735,1.0320666242458012,1.7920552442271096,4.952830188679245,3.595323583763093,0.40133418426855694,0.7310849910254005,0.1525842212546084,1.0,0.2689150089745995,-0.000715543530353524,0,2,0,0,0,0.0,0.24528301886792453,0.2845623712000753,0.34574956560502257,0.8591364179637675,0.4681204411043925,0.018867924528301886,0.47169811320754723,0.03582830304695194
1082,102,96.22641509433963,106,0,106,0,0,0.0,1.8711200720772234,1.848646687315566,2.3145378730867963,1.476915402733949,1.0017604931455433,1.764668042229694,4.952830188679245,3.595323583763093,0.40934033278192494,0.0,0.0,0.0,0.0,0.0,0,0,0,0,0,0.0,0.24528301886792453,0.29946411142162715,0.31779363111288794,0.8570882997102822,0.4831289019785794,0.0,0.47169811320754723,0.035905544253747784
1083,102,96.22641509433963,106,0,106,0,0,0.0,1.876335595270038,1.8545698855242143,2.2061037769912564,1.4771577457245217,0.9992050273935326,1.762828588611305,4.952830188679245,3.595323583763093,0.40708455265987054,0.0,0.0,0.0,0.0,0.0,0,0,0,0,0,0.0,0.25471698113207547,0.2921616873294162,0.32416921096756585,0.869643032603278,0.4845194960735386,0.0,0.4339622641509434,0.03593597837705868
1084,102,96.22641509433963,106,0,106,0,0,0.0,1.8570299416599076,1.836369687760858,2.0261882908081836,1.4768678908984192,0.9947768488127899,1.7545565724999497,4.952830188679245,3.595323583763093,0.4030681170496109,0.0,0.0,0.0,0.0,0.0,0,0,0,0,0,0.0,0.2641509433962264,0.2823894041938394,0.32489324555541865,0.8766502154932334,0.4824168909964448,0.0,0.4339622641509434,0.03583423949954726
1085,104,98.11320754716981,106,0,106,0,0,0.0,1.8427033449184733,1.8228466435971953,1.7963570790768182,1.4761994995343908,1.0027850666793838,1.7595871398502785,4.952830188679245,3.595323583763093,0.39452074007354954,0.0,0.0,0.0,0.0,0.0,0,0,0,0,0,0.0,0.25471698113207547,0.2668597831328404,0.35212089391038853,0.8793914479223159,0.4676574846907948,0.0,0.4339622641509434,0.035750591099668716
1086,105,99.05660377358491,106,1,105,0,0,0.009433962264150943,1.8496523520570056,1.8288844690442458,1.7879394541201121,1.4757506533034097,0.9953851936423951,1.7511529414752416,4.952830188679245,3.595323583763093,0.39401597892634044,0.8498227840744959,0.1272297986448691,1.0,0.15017721592550415,0.01664560841630558,0,1,0,0,0,0.0,0.2641509433962264,0.26586645390092856,0.34912808765283604,0.865432025608059,0.4685339373796376,0.009433962264150943,0.4339622641509434,0.03577726739816273
1087,105,99.05660377358491,106,0,106,0,0,0.0,1.8563945817689311,1.8352400279392136,1.844930570544504,1.4754788960621816,0.9948945602744587,1.7445563566307318,4.952830188679245,3.595323583763093,0.3956001237897999,0.0,0.0,0.0,0.0,0.0,0,0,0,0,0,0.0,0.2641509433962264,0.26907231566919465,0.3421046613906623,0.8651296047694539,0.47247561087596,0.0,0.4339622641509434,0.03580609327063013
1088,105,99.05660377358491,106,0,106,0,0,0.0,1.8606124844216778,1.8399854135858258,1.8609360923178964,1.4753533989485723,0.9803862336425128,1.7333487363980882,4.952830188679245,3.595323583763093,0.3952849188765839,0.0,0.0,0.0,0.0,0.0,0,0,0,0,0,0.0,0.25471698113207547,0.2681402354252052,0.33264049320500444,0.8560452649036134,0.4772602950339655,0.0,0.47169811320754723,0.03582492677023259
1089,105,99.05660377358491,106,0,106,0,0,0.0,1.8475523063843835,1.8276633700893608,1.753905819567463,1.4748779999936217,0.9680581023568408,1.7247565278479495,4.952830188679245,3.595323583763093,0.39386775516330474,0.0,0.0,0.0,0.0,0.0,0,0,0,0,0,0.0,0.25471698113207547,0.26291670541442785,0.3445268412029512,0.873587055753573,0.47151969866710586,0.0,0.39622641509433953,0.03575107981467397
1090,105,99.05660377358491,106,0,106,0,0,0.0,1.8488988668727784,1.8282617174242304,1.8409504813273962,1.4744369031876898,0.9700882852795517,1.7359454577536066,4.952830188679245,3.595323583763093,0.3947102685717061,0.0,0.0,0.0,0.0,0.0,0,0,0,0,0,0.0,0.24528301886792453,0.26762670424370283,0.3370170815768785,0.8727088525458208,0.4760188749546786,0.0,0.4339622641509434,0.035749883188370496
1091,106,100.0,106,0,106,0,0,0.0,1.86931252647799,1.8481814826400995,1.971934236435987,1.474584609252558,0.9590968011844411,1.7260188936776462,4.952830188679245,3.595323583763093,0.3982248357831204,0.0,0.0,0.0,0.0,0.0,0,0,0,0,0,0.0,0.25471698113207547,0.27508192317616653,0.3292815187418957,0.8782272736613888,0.48221175810674105,0.0,0.4339622641509434,0.035854606741888985
1092,106,100.0,106,0,106,0,0,0.0,1.8952005227697404,1.8735501164333306,2.0188724584996023,1.475456672385359,0.951387375557101,1.7180839179521823,4.952830188679245,3.595323583763093,0.40038769895156534,0.0,0.0,0.0,0.0,0.0,0,0,0,0,0,0.0,0.2641509433962264,0.27653026583203033,0.3256728131855934,0.857564299168497,0.4825201431778897,0.0,0.4339622641509434,0.03599972346908718
1093,105,99.05660377358491,106,1,104,1,0,0.009433962264150943,1.902756344575162,1.8779434639424024,2.10618289027999,1.476495007781532,0.953766034350828,1.7223287267381528,4.952830188679245,3.595323583763093,0.40194597397641774,0.7519676327313889,0.12630596825156293,1.0,0.2480323672686111,0.006566142261178187,0,1,1,0,0,0.5,0.25471698113207547,0.28134024226044146,0.3242134053436479,0.8694381333972404,0.48291253501196213,0.009433962264150943,0.39622641509433953,0.03605616833680288
1094,104,98.11320754716981,106,1,105,0,0,0.009433962264150943,1.901831056371301,1.8758541099238584,2.062400476553748,1.4773867693006963,0.9562414654229378,1.7298075113807978,4.952830188679245,3.595323583763093,0.4019200447617546,0.5446987958694874,0.10566468671946758,1.0,0.45530120413051256,0.005919925815704996,0,1,0,0,0,0.0,0.24528301886792453,0.2799001147956665,0.33993126722250183,0.856952722302321,0.4780914819912156,0.009433962264150943,0.47169811320754723,0.036067572751888294
1095,103,97.16981132075472,106,1,103,0,2,0.009433962264150943,1.892934370807161,1.8701086582807127,2.030378719640033,1.47797484241819,0.9634678106491346,1.7406426734495106,4.952830188679245,3.595323583763093,0.4009638312665573,0.97137072079061,0.10625719943735538,1.0,0.028629279209389995,0.005164318934572846,0,3,0,0,0,0.6666666666666666,0.25471698113207547,0.2787258807651341,0.33823103625130335,0.8621502698050991,0.4784697112976327,0.009433962264150943,0.47169811320754723,0.036033660889809103
1096,103,97.16981132075472,106,0,106,0,0,0.0,1.8887109017057482,1.8656444464231807,2.0724081027759405,1.4784976281637787,0.9525563834171806,1.737927967988338,4.952830188679245,3.595323583763093,0.40450751517511807,0.0,0.0,0.0,0.0,0.0,0,0,0,0,0,0.0,0.2641509433962264,0.28383660831956403,0.3352604290702591,0.8606644062461059,0.48427943522917816,0.0,0.47169811320754723,0.03602194146390389
1097,102,96.22641509433963,106,1,105,0,0,0.009433962264150943,1.904762652433662,1.8807398810397866,2.186540482014635,1.4794698414869207,0.9396415036165803,1.7282319270439974,4.952830188679245,3.595323583763093,0.40679001257640945,0.5945669219361569,0.13071470318877018,1.0,0.4054330780638431,3.795728063904491e-05,0,1,0,0,0,0.0,0.27358490566037735,0.28844107363962884,0.3068140620147711,0.8410045790348029,0.49445008661067014,0.009433962264150943,0.4905660377358491,0.03611967732498916
1098,103,97.16981132075472,106,0,106,0,0,0.0,1.8940259403156812,1.8700447972699774,2.2195786513235745,1.480065442659825,0.9388966938369073,1.7242129514566167,4.952830188679245,3.595323583763093,0.4076129551419838,0.0,0.0,0.0,0.0,0.0,0,0,0,0,0,0.0,0.2641509433962264,0.291510621118553,0.2974291479922714,0.85556032161072,0.49733305989043824,0.0,0.4528301886792453,0.036076700659116556
1099,104,98.11320754716981,106,0,106,0,0,0.0,1.8791498241576665,1.8562651471115827,2.086482244521715,1.4802432916337702,0.9488626022308568,1.7313691934992097,4.952830188679245,3.595323583763093,0.4019864643921889,0.0,0.0,0.0,0.0,0.0,0,0,0,0,0,0.0,0.2830188679245283,0.28200929551901593,0.30057373206311555,0.8528823256746434,0.4921190093746366,0.0,0.4528301886792453,0.03600551720137835
1100,104,98.11320754716981,106,1,104,1,0,0.009433962264150943,1.8899698252878352,1.8672381979604789,2.0071442870842104,1.4807408717719133,0.9540213339858501,1.7147892297774678,4.952830188679245,3.595323583763093,0.39922111037620023,0.5493376220368089,0.07696602370087131,0.5,0.37999983904148277,0.009651302259233496,0,1,0,1,0,0.0,0.2641509433962264,0.2754166853128745,0.3237685492769269,0.8521147153345133,0.48971070974212555,0.009433962264150943,0.4339622641509434,0.036068562015056586
1101,103,97.16981132075472,106,1,104,0,1,0.009433962264150943,1.894854145108237,1.8709873834530828,2.026674778259039,1.4813593800917793,0.9362815112501823,1.7131408169003213,4.952830188679245,3.595323583763093,0.4024088050177148,0.9688093837058513,0.11981672080163658,1.0,0.031190616294148654,0.008596973537395025,1,1,0,0,0,1.0,0.25471698113207547,0.2782663925952421,0.32393638893191123,0.8588723667370557,0.49314237219700907,0.009433962264150943,0.47169811320754723,0.03610410230190443
1102,104,98.11320754716981,106,0,106,0,0,0.0,1.892292851423482,1.8688742117786654,1.9895554878261916,1.4818533771686084,0.9455193740744905,1.7202287137259002,4.952830188679245,3.595323583763093,0.4013884770286291,0.0,0.0,0.0,0.0,0.0,0,0,0,0,0,0.0,0.27358490566037735,0.27583495010958253,0.3252578341174295,0.8500367178112042,0.49132648318881395,0.0,0.47169811320754723,0.03610017623018383
1103,103,97.16981132075472,106,1,105,0,0,0.009433962264150943,1.9173655670608427,1.8972846554209426,2.1212166102600483,1.4830335926706084,0.9356962620615026,1.7116288279137264,4.952830188679245,3.595323583763093,0.4034685286403934,0.9999999999401517,0.10755553386392627,1.0,5.984834849925846e-11,0.006195109920196895,0,1,0,0,0,1.0,0.2830188679245283,0.28090988773309367,0.3146519093753152,0.8563026209969418,0.4925861423574186,0.009433962264150943,0.4339622641509434,0.03624675609151195
1104,101,95.28301886792453,106,2,104,0,0,0.018867924528301886,1.9189612293456786,1.9041852563791364,2.1210788313432536,1.484333353173632,0.9358363217019272,1.7145651718671904,4.952830188679245,3.595323583763093,0.4028527208692587,0.739036475749162,0.14964020356906782,1.0,0.260963524250838,0.005040590203205575,0,2,0,0,0,0.0,0.2830188679245283,0.2801542704934266,0.3257870361631,0.8646323694112125,0.4830776190105887,0.018867924528301886,0.45283018867924535,0.03627809970088495
1105,100,94.33962264150944,106,2,102,0,2,0.018867924528301886,1.9106121606494102,1.8896151265103998,1.9728519302152083,1.485497750483742,0.9586994114852863,1.7743438354149805,4.952830188679245,3.595323583763093,0.4003129878416878,0.8105813366051111,0.1668099761896689,1.0,0.189418663394889,0.009441236033194578,0,4,0,0,0,0.25,0.27358490566037735,0.27368004133450885,0.3571749700563048,0.8452954387462646,0.4766964400195602,0.018867924528301886,0.4905660377358491,0.036257286282953154
1106,100,94.33962264150944,106,1,105,0,0,0.009433962264150943,1.8947937268551303,1.873045009964446,1.8832519118456956,1.4859999082611623,0.9774615237816154,1.8026224861581146,4.952830188679245,3.595323583763093,0.39847249630539494,0.9996238350989048,0.12560908735551973,1.0,0.0003761649010951551,0.01894263788739181,0,1,0,0,0,1.0,0.2830188679245283,0.270024384794757,0.37503107936485836,0.815083140801575,0.46831720180451997,0.009433962264150943,0.5471698113207548,0.0361872212124814
1107,99,93.39622641509433,106,1,103,2,0,0.009433962264150943,1.8925981228665316,1.8683664927335486,1.8690517072863324,1.4863792485458096,0.9821855945513003,1.8076302255114987,4.952830188679245,3.595323583763093,0.3996307007292459,0.7653816246055368,0.11700747224540264,0.6666666666666666,0.190572961891319,-0.0010837044626384278,0,1,1,1,0,0.3333333333333333,0.2830188679245283,0.2707344567117848,0.37832739637162377,0.8308574613665212,0.47098498950390416,0.009433962264150943,0.5283018867924529,0.03618306244789672
1108,100,94.33962264150944,106,0,106,0,0,0.0,1.8965413539585743,1.8716114184903814,1.975214584214531,1.4867714942589916,0.9760255682816675,1.8031150639948237,4.952830188679245,3.595323583763093,0.4039320652870426,0.0,0.0,0.0,0.0,0.0,0,0,0,0,0,0.0,0.2830188679245283,0.27869213812006,0.3756988975134265,0.821296258464395,0.4737236140097595,0.0,0.5283018867924529,0.03620982985467311
1109,102,96.22641509433963,106,0,106,0,0,0.0,1.9085052077312463,1.883200537425007,1.9880432836126551,1.4874829705305066,0.968009393433858,1.7854392286350862,4.952830188679245,3.595323583763093,0.4058550420720053,0.0,0.0,0.0,0.0,0.0,0,0,0,0,0,0.0,0.2641509433962264,0.2802503811403768,0.38072993786605736,0.8338157643359372,0.47713831990665184,0.0,0.4905660377358491,0.036282439060627794
1110,104,98.11320754716981,106,0,106,0,0,0.0,1.9186303249105916,1.893231645618982,1.9904573725798225,1.488457387566728,0.9652539383839446,1.7952391090103927,4.952830188679245,3.595323583763093,0.40662486713506385,0.0,0.0,0.0,0.0,0.0,0,0,0,0,0,0.0,0.24528301886792453,0.2800763952475984,0.3862259798660254,0.8459133938164731,0.4793507144378025,0.0,0.4905660377358491,0.036350581369278254
1111,104,98.11320754716981,106,1,105,0,0,0.009433962264150943,1.9070860051409884,1.881302084851328,1.8929698628380494,1.4890755390750878,0.9724386917118031,1.770256853933483,4.952830188679245,3.595323583763093,0.4031192399019101,0.8945075680554656,0.1326129465934953,1.0,0.10549243194453439,0.020583757536121516,0,1,0,0,0,0.0,0.24528301886792453,0.27378983148292413,0.385686458096446,0.8490600627246913,0.48332134149763617,0.009433962264150943,0.4905660377358491,0.03630397204391196
1112,105,99.05660377358491,106,0,105,1,0,0.0,1.903509648038716,1.8777644614984594,1.8879553410189893,1.4895478218640945,0.9616552964501801,1.784646946957365,4.952830188679245,3.595323583763093,0.405056860321072,0.5280504063802283,0.07212376250600858,1.0,0.47194959361977173,0.009817252913832786,0,0,0,1,0,0.0,0.25471698113207547,0.27534996410912516,0.39027482793597595,0.8294072087540729,0.4859815751171829,0.0,0.5283018867924529,0.03629458030564821
1113,104,98.11320754716981,106,1,104,1,0,0.009433962264150943,1.9017729667756422,1.8740920627517372,1.8787110232944033,1.4899660397723908,0.9635751751740215,1.785471215649392,4.952830188679245,3.595323583763093,0.40533821397146585,0.732431548340837,0.09710217106612594,0.5,0.2649729754539587,0.013483788028419763,0,1,0,1,0,0.5,0.24528301886792453,0.2750127334158792,0.38168578112683726,0.8490600627246913,0.4855803260462114,0.009433962264150943,0.4905660377358491,0.036293415042877086
1114,103,97.16981132075472,106,1,104,1,0,0.009433962264150943,1.9077560354355179,1.8822248390989182,1.9193634401066608,1.4904736170274202,0.9542275549928528,1.776617954284784,4.952830188679245,3.595323583763093,0.4062588271675729,0.547425261935418,0.09434398099260123,0.5,0.4176512830196698,0.0035312672295518543,1,0,1,0,0,0.0,0.27358490566037735,0.27680111644949096,0.37741461495208356,0.8232509519713245,0.48665265186847767,0.009433962264150943,0.509433962264151,0.03633245490855441
1115,101,95.28301886792453,106,2,104,0,0,0.018867924528301886,1.8924930373858708,1.8704494667637463,1.7471553189198883,1.4906076498279834,0.975131579237502,1.7940021682960132,4.952830188679245,3.595323583763093,0.39948690379649254,0.9678569547682125,0.12814692798711053,1.0,0.032143045231787404,0.017789341637671346,1,1,0,0,0,0.5,0.29245283018867924,0.26517264218599457,0.3987413114874392,0.8474811745501233,0.47440763864279195,0.018867924528301886,0.509433962264151,0.03625854937475049
1116,102,96.22641509433963,106,0,106,0,0,0.0,1.9098564330604422,1.8874520165579738,1.7808137603811836,1.4913034874391575,0.9715356804219224,1.7878776238544998,4.952830188679245,3.595323583763093,0.39986981240628006,0.0,0.0,0.0,0.0,0.0,0,0,0,0,0,0.0,0.2830188679245283,0.26514149168172035,0.40227630086175953,0.8461598485039307,0.47641100434758565,0.0,0.509433962264151,0.03635787515999296
1117,101,95.28301886792453,106,1,105,0,0,0.009433962264150943,1.9164775258534776,1.8906119340968284,1.8015789269342743,1.4921697555245834,0.9747361966015508,1.7959161161431256,4.952830188679245,3.595323583763093,0.39984354812746337,0.9673209008527275,0.17035552992635603,1.0,0.03267909914727252,-0.008667368061993308,0,1,0,0,0,1.0,0.2830188679245283,0.2652789305003033,0.3924181813310102,0.8503893687008102,0.48267623498075235,0.009433962264150943,0.49056603773584906,0.036406553194345104
1118,102,96.22641509433963,106,0,106,0,0,0.0,1.9144848202904114,1.888623494351921,1.7188495260945509,1.492843125115168,0.9715306313610947,1.7890139939306449,4.952830188679245,3.595323583763093,0.3994543028968962,0.0,0.0,0.0,0.0,0.0,0,0,0,0,0,0.0,0.2830188679245283,0.26164710665936053,0.4077944259977727,0.8232231415479879,0.48061115863547876,0.0,0.4905660377358491,0.03640869457437786
1119,103,97.16981132075472,106,0,105,1,0,0.0,1.921173201310915,1.8950437535534583,1.7362698598433868,1.4936769481646262,0.9782535857742976,1.7870748163557988,4.952830188679245,3.595323583763093,0.40157199396067567,0.7518918085581738,0.12224692667495844,1.0,0.24810819144182616,-0.0024094118594850666,0,0,0,1,0,0.0,0.27358490566037735,0.2641833969667485,0.4154531599627534,0.8515486975047293,0.4843041797426747,0.0,0.4905660377358491,0.036457125797852395
1120,105,99.05660377358491,106,0,106,0,0,0.0,1.900977856284218,1.8751938281778018,1.6088925270501506,1.4939098573386274,0.9967401266194078,1.8001274928616962,4.952830188679245,3.595323583763093,0.3977734407885083,0.0,0.0,0.0,0.0,0.0,0,0,0,0,0,0.0,0.27358490566037735,0.2575623278745499,0.43110152697898524,0.8243186945137332,0.4777682163045785,0.0,0.4528301886792453,0.03636033599194971
1121,105,99.05660377358491,106,0,106,0,0,0.0,1.907927684436993,1.8815439682923987,1.6468733388968013,1.494317039142281,0.9861657324967428,1.7867291249005512,4.952830188679245,3.595323583763093,0.4007379961794528,0.0,0.0,0.0,0.0,0.0,0,0,0,0,0,0.0,0.27358490566037735,0.2614501081267275,0.434367092105464,0.8113093644731652,0.4806507721338494,0.0,0.4528301886792453,0.03640240488442137
1122,106,100.0,106,0,106,0,0,0.0,1.9121055341436175,1.8858753409417857,1.6896334673135995,1.4948341629324107,0.9927338337818775,1.7761838465118787,4.952830188679245,3.595323583763093,0.40144387324694875,0.0,0.0,0.0,0.0,0.0,0,0,0,0,0,0.0,0.27358490566037735,0.26315723357388526,0.42972046673990705,0.8072734764110323,0.4772304854495242,0.0,0.4905660377358491,0.03643259026974638
1123,106,100.0,106,0,106,0,0,0.0,1.8829774479685752,1.8580428652001917,1.6165260873037544,1.4945321603975301,0.9884534512767873,1.7774109331463177,4.952830188679245,3.595323583763093,0.39765342249343116,0.0,0.0,0.0,0.0,0.0,0,0,0,0,0,0.0,0.2830188679245283,0.2584716634197793,0.4195663405741036,0.7977255151908527,0.47419636270784044,0.0,0.5283018867924529,0.03628152085469111
1124,105,99.05660377358491,106,1,105,0,0,0.009433962264150943,1.8760875058426547,1.8544246041747932,1.619914240643463,1.4940499393517055,0.9971508565768277,1.814440564307178,4.952830188679245,3.595323583763093,0.396659819019908,0.9188842727502602,0.12642737188628989,1.0,0.08111572724973981,-0.0031678892849343887,0,1,0,0,0,0.0,0.3018867924528302,0.25784663919780737,0.4180267097843749,0.8168145368506353,0.47405276461364704,0.009433962264150943,0.49056603773584906,0.0362384024405683
1125,105,99.05660377358491,106,0,106,0,0,0.0,1.8924948029502255,1.8697439972056664,1.783767562219598,1.4941126870390196,0.9740739395092208,1.7952294727027605,4.952830188679245,3.595323583763093,0.40145609653017744,0.0,0.0,0.0,0.0,0.0,0,0,0,0,0,0.0,0.27358490566037735,0.26723079399226296,0.39132677511357195,0.8081476976721266,0.4864171120086422,0.0,0.5283018867924529,0.03632156691730629
1126,105,99.05660377358491,106,0,106,0,0,0.0,1.8912989066400818,1.8684615651870304,1.8230276129079073,1.4941362926792838,0.9670960475225951,1.78765051215626,4.952830188679245,3.595323583763093,0.4017950490730362,0.0,0.0,0.0,0.0,0.0,0,0,0,0,0,0.0,0.27358490566037735,0.2691326715291969,0.37591943264250505,0.8139994093015668,0.48963587299211636,0.0,0.4905660377358491,0.03631601178533133
1127,104,98.11320754716981,106,1,105,0,0,0.009433962264150943,1.9062752566135623,1.881449862312547,1.947997163061782,1.49458345670122,0.9521110510638902,1.7753105676533754,4.952830188679245,3.595323583763093,0.4041910810713314,0.9835091485520735,0.11526099937514138,1.0,0.016490851447926502,0.01688469957669486,0,1,0,0,0,1.0,0.2641509433962264,0.27515102817720866,0.3618029951608931,0.8162625616506594,0.49496685705945936,0.009433962264150943,0.5283018867924529,0.03639893203196812
1128,102,96.22641509433963,106,2,104,0,0,0.018867924528301886,1.9219903217573686,1.8981345623554908,2.048682047738636,1.4954201710900241,0.9538133905739246,1.7766531779920502,4.952830188679245,3.595323583763093,0.4067915343604831,0.9737226535092194,0.15041405911874545,1.0,0.026277346490780673,-0.0006289041895562453,0,2,0,0,0,1.0,0.27358490566037735,0.27992351249467623,0.34852603826712886,0.800295903256939,0.5009537594455269,0.018867924528301886,0.509433962264151,0.03649254865256186
1129,103,97.16981132075472,106,0,105,1,0,0.0,1.9245322274479835,1.901214259643023,1.9203475054223185,1.496338820726324,0.9588411993244884,1.7788165313385647,4.952830188679245,3.595323583763093,0.40336391781532055,0.5455252345768923,0.09513700354771298,1.0,0.4544747654231077,0.00857095108828737,0,0,0,1,0,0.0,0.27358490566037735,0.27174849156245595,0.36538985499006393,0.800295903256939,0.49542621807343384,0.0,0.509433962264151,0.03652177239452795
1130,103,97.16981132075472,106,1,105,0,0,0.009433962264150943,1.93003302315631,1.9056745791199337,1.9346858994907912,1.497383951897996,0.9601424445343766,1.7786720072278492,4.952830188679245,3.595323583763093,0.4047319694527607,0.999999999941763,0.10011285357657085,1.0,5.823697080131751e-11,0.024153628399064875,0,1,0,0,0,1.0,0.27358490566037735,0.27304063798550815,0.35643141390156524,0.8176705980729054,0.49880317075174907,0.009433962264150943,0.509433962264151,0.036568064296817776
1131,103,97.16981132075472,106,0,106,0,0,0.0,1.9395700264814102,1.914358204553724,1.9948271674808085,1.4986100511407423,0.9631420369141294,1.791508023922135,4.952830188679245,3.595323583763093,0.4079809858491865,0.0,0.0,0.0,0.0,0.0,0,0,0,0,0,0.0,0.2830188679245283,0.27808953308609796,0.36694871901894965,0.8203470538162426,0.501606014606245,0.0,0.509433962264151,0.03663779043106068
1132,104,98.11320754716981,106,0,106,0,0,0.0,1.9472654697230176,1.9213409713914873,2.0736247637039296,1.4999929105985879,0.948892639922186,1.7816073223070756,4.952830188679245,3.595323583763093,0.4113942556312624,0.0,0.0,0.0,0.0,0.0,0,0,0,0,0,0.0,0.29245283018867924,0.28352134508579097,0.3629881789845412,0.8434592068768851,0.5055587169294835,0.0,0.509433962264151,0.03670112678337782
1133,104,98.11320754716981,106,1,105,0,0,0.009433962264150943,1.9517028160322296,1.9240286207850437,2.149223363298384,1.501443906422935,0.9392031955248892,1.7752566879756688,4.952830188679245,3.595323583763093,0.416044694947886,0.9771251352571897,0.16592553392524606,1.0,0.022874864742810308,0.004521449453114723,0,1,0,0,0,1.0,0.2830188679245283,0.2900228712349453,0.3608992178960669,0.8434176024131417,0.5140596365789336,0.009433962264150943,0.5094339622641508,0.03674939751245997
1134,103,97.16981132075472,106,1,105,0,0,0.009433962264150943,1.9561251477927895,1.9355186633775192,2.0618877807956295,1.5029383158855372,0.9318338169158172,1.767626034446212,4.952830188679245,3.595323583763093,0.4142464836999413,0.8836018225672988,0.10331890262077881,1.0,0.1163981774327012,0.009557638872702778,1,0,0,0,0,0.0,0.2830188679245283,0.2845939455914509,0.3838435258875525,0.8717952575624411,0.5069617203845339,0.009433962264150943,0.4716981132075472,0.03679837359918623
1135,104,98.11320754716981,106,0,106,0,0,0.0,1.9449661365785829,1.9251878228877064,2.034546211910896,1.5042762056275065,0.9290628343947579,1.7544493383691209,4.952830188679245,3.595323583763093,0.41352676616996953,0.0,0.0,0.0,0.0,0.0,0,0,0,0,0,0.0,0.2830188679245283,0.2833927653585334,0.3885092131739263,0.868509969483307,0.5085168786838786,0.0,0.4716981132075472,0.03676662927582409
1136,104,98.11320754716981,106,0,106,0,0,0.0,1.932243650772015,1.9128548689380351,1.9665553238956712,1.505211266222516,0.9391699930656567,1.7685741724197517,4.952830188679245,3.595323583763093,0.41154146455114504,0.0,0.0,0.0,0.0,0.0,0,0,0,0,0,0.0,0.29245283018867924,0.2797598620017811,0.38543440792381256,0.868509969483307,0.5070292595529653,0.0,0.4716981132075472,0.036719826073838675
1137,104,98.11320754716981,106,0,106,0,0,0.0,1.9378432610759555,1.918232692893829,1.9452908000402283,1.5062673885018114,0.9377125325056017,1.7713515139491287,4.952830188679245,3.595323583763093,0.4107844325550549,0.0,0.0,0.0,0.0,0.0,0,0,0,0,0,0.0,0.2830188679245283,0.27784403986138845,0.38824224312108147,0.8534731533129823,0.5064211649712715,0.0,0.4716981132075472,0.036766809632048814
1138,103,97.16981132075472,106,2,104,0,0,0.018867924528301886,1.9274486777890023,1.9066886347725782,1.9122338738288651,1.5070064967394745,0.9528903749113276,1.783094733163805,4.952830188679245,3.595323583763093,0.4094477261803191,0.9835134984196023,0.15130675205710106,1.0,0.01648650158039766,0.012051477498934315,1,1,0,0,0,1.0,0.2830188679245283,0.2759094716949798,0.3754503545515978,0.858178530863063,0.5000001001128304,0.018867924528301886,0.4339622641509434,0.03672812338200317
1139,104,98.11320754716981,106,0,106,0,0,0.0,1.931443496701328,1.9105980248436654,1.9510936923859408,1.507778481855851,0.9436334236644244,1.7738307868806158,4.952830188679245,3.595323583763093,0.413001911402864,0.0,0.0,0.0,0.0,0.0,0,0,0,0,0,0.0,0.29245283018867924,0.2805411193104898,0.3756761646960908,0.8454586917422042,0.5043755317312393,0.0,0.4339622641509434,0.03676197515804091
1140,103,97.16981132075472,106,1,105,0,0,0.009433962264150943,1.9498362774809883,1.926932060495689,1.9765605163849174,1.509046934244595,0.9462295351070094,1.7715127738753853,4.952830188679245,3.595323583763093,0.41404210948729836,0.7422040770775375,0.1560077628634582,1.0,0.25779592292246245,0.013071139127325937,0,1,0,0,0,0.0,0.3018867924528302,0.28135264132933585,0.3758487206482519,0.8410406298898249,0.5077055404328443,0.009433962264150943,0.4339622641509434,0.03687674154587987
1141,102,96.22641509433963,106,2,104,0,0,0.018867924528301886,1.9553612772352358,1.9287036211873496,1.9513816877689671,1.5103905743955288,0.9270749113377297,1.7451677530288099,4.952830188679245,3.595323583763093,0.41244389298155015,0.8793942426520042,0.14286061731540806,1.0,0.12060575734799583,0.02271471807814579,1,1,0,0,0,0.5,0.3113207547169811,0.27841316754421525,0.3685767727482157,0.8450903405271186,0.5106187097118102,0.018867924528301886,0.4528301886792453,0.03692852065026483
1142,102,96.22641509433963,106,1,105,0,0,0.009433962264150943,1.9470148078272669,1.9192886712746395,1.9266685581027403,1.511326465351835,0.9375586920485413,1.7642123548765338,4.952830188679245,3.595323583763093,0.41096086461239634,0.8916091351787299,0.16821895071065485,1.0,0.10839086482127014,0.010745543542291847,1,0,0,0,0,0.0,0.3113207547169811,0.2763667352693556,0.3667893120183627,0.8440547863421538,0.5088670016808128,0.009433962264150943,0.41509433962264153,0.03690361245736017
1143,102,96.22641509433963,106,1,105,0,0,0.009433962264150943,1.9514377846466249,1.922011713134855,1.926917478489401,1.5123016092690442,0.9440224672055575,1.7671502574644617,4.952830188679245,3.595323583763093,0.40976218242025064,0.9834389840802304,0.16950311681213315,1.0,0.01656101591976955,0.010922134239552017,0,1,0,0,0,1.0,0.29245283018867924,0.2751856331661243,0.3802095443419341,0.836339185875,0.501229981000302,0.009433962264150943,0.4528301886792453,0.03694325713107249
1144,102,96.22641509433963,106,0,106,0,0,0.0,1.9409927288339666,1.9120025615027778,1.8464374113659945,1.5129236160660566,0.9519247935333222,1.7613071055114953,4.952830188679245,3.595323583763093,0.40590076711072776,0.0,0.0,0.0,0.0,0.0,0,0,0,0,0,0.0,0.3018867924528302,0.2691527387613406,0.3851795782112223,0.849134151066907,0.4962874261825358,0.0,0.4528301886792453,0.036902213430541994
1145,103,97.16981132075472,106,0,106,0,0,0.0,1.9388230859046485,1.911126747038589,1.8450557263263676,1.5134980690148185,0.9450571296675084,1.7528502662749978,4.952830188679245,3.595323583763093,0.405105007403862,0.0,0.0,0.0,0.0,0.0,0,0,0,0,0,0.0,0.3018867924528302,0.26780883526166077,0.3797460576694622,0.8470275447467738,0.4956695027803654,0.0,0.49056603773584906,0.03690169193706763
1146,104,98.11320754716981,106,0,106,0,0,0.0,1.9406638429338625,1.91245613117915,1.8394284600351358,1.5140901050504556,0.9558100328646262,1.7606006738928872,4.952830188679245,3.595323583763093,0.40394229055342956,0.0,0.0,0.0,0.0,0.0,0,0,0,0,0,0.0,0.29245283018867924,0.2666312379242334,0.386022120879345,0.8400389726413386,0.49252726226975074,0.0,0.49056603773584906,0.03692153852782053
1147,105,99.05660377358491,106,0,106,0,0,0.0,1.9297129410457476,1.9021132490348949,1.7740641782929256,1.5143633674101005,0.9449382076931105,1.7505667695564797,4.952830188679245,3.595323583763093,0.40120721303664775,0.0,0.0,0.0,0.0,0.0,0,0,0,0,0,0.0,0.29245283018867924,0.2623271062989299,0.38928521342994576,0.8412161638433581,0.4899062345147514,0.0,0.4905660377358491,0.03687169635141088
1148,105,99.05660377358491,106,1,105,0,0,0.009433962264150943,1.9334896103972656,1.9025123265712767,1.6915965214425353,1.5147390906259237,0.9490426441352547,1.7633754359129052,4.952830188679245,3.595323583763093,0.3985826973689146,0.999248058789437,0.17615091770570593,1.0,0.0007519412105629897,0.025706053244282767,0,1,0,0,0,1.0,0.2830188679245283,0.2573161318144696,0.4047505334876188,0.8325243699714661,0.4830277647364722,0.009433962264150943,0.509433962264151,0.03689733393086255
1149,103,97.16981132075472,106,2,104,0,0,0.018867924528301886,1.918170017684261,1.8908668545111011,1.6319897820590823,1.5145688192938538,0.9507287092581308,1.7770034683301315,4.952830188679245,3.595323583763093,0.3964397102126844,0.7271361388638355,0.14019860584728294,1.0,0.2728638611361644,-0.004460207785948744,1,1,0,0,0,0.0,0.2830188679245283,0.2537431995305625,0.40775719077387784,0.8195169236339692,0.48210768349235045,0.018867924528301886,0.5471698113207548,0.03681767506461838
1150,102,96.22641509433963,106,1,104,1,0,0.009433962264150943,1.944426680275638,1.9127549589374624,1.8339776678148771,1.515201515111721,0.9319880360185695,1.7568435130586424,4.952830188679245,3.595323583763093,0.40404660725810837,0.8426742359519985,0.156448941102518,1.0,0.15732576404800147,0.01876971189190979,0,1,0,1,0,0.0,0.2830188679245283,0.2667813157162216,0.38615717645775377,0.8343848335719162,0.49142738917250006,0.009433962264150943,0.5471698113207548,0.036960332108551895
1151,101,95.28301886792453,106,1,105,0,0,0.009433962264150943,1.9410395769912236,1.9140533915768605,1.7650715026807864,1.5156517943578325,0.9472311917866713,1.7731972125252735,4.952830188679245,3.595323583763093,0.40078935228152246,0.8389726398676182,0.14646718698674288,1.0,0.16102736013238184,0.011376384028256359,0,1,0,0,0,0.0,0.2830188679245283,0.26126376665818213,0.3977167780790732,0.8396323890043556,0.4822128245936249,0.009433962264150943,0.5283018867924529,0.03695149109009394
1152,101,95.28301886792453,106,0,106,0,0,0.0,1.943978804812997,1.9162105255601427,1.9425118784150426,1.5162743830995686,0.932371559099128,1.7759997785520047,4.952830188679245,3.595323583763093,0.4066627767708726,0.0,0.0,0.0,0.0,0.0,0,0,0,0,0,0.0,0.27358490566037735,0.27295854460780183,0.3858718901972524,0.8481362650284403,0.48837979414056965,0.0,0.4905660377358491,0.03697737926913355
1153,101,95.28301886792453,106,2,104,0,0,0.018867924528301886,1.9403062300887686,1.9152864536185406,1.8655880948197652,1.5167784866728609,0.9335054767909746,1.7664915872277822,4.952830188679245,3.595323583763093,0.40598320082680983,0.9918771464927357,0.16416645231753835,1.0,0.008122853507264272,0.015625730426918005,0,2,0,0,0,1.0,0.2830188679245283,0.26991297190710767,0.4032621518660133,0.8307138801624928,0.4893020970242656,0.018867924528301886,0.5471698113207548,0.036968078472841
1154,101,95.28301886792453,106,2,99,0,5,0.018867924528301886,1.9632155481160591,1.933702611805633,1.9623301653647525,1.5179717391930245,0.9341446437239217,1.7717700705510364,4.952830188679245,3.595323583763093,0.4097667508009135,0.7957661061955447,0.1621459151215889,0.8571428571428571,0.1833734449734968,-0.010666436955461085,1,6,0,0,0,0.2857142857142857,0.29245283018867924,0.27564060310859206,0.4007024158159027,0.8335599957530747,0.4967053007957642,0.018867924528301886,0.5471698113207548,0.03710407570761309
1155,100,94.33962264150944,106,1,105,0,0,0.009433962264150943,1.9664265751815047,1.9430084593291133,2.0027153289717288,1.5191198277168505,0.9380403366779717,1.7650642642170045,4.952830188679245,3.595323583763093,0.410562134773258,0.7876147302084033,0.12533414085675784,1.0,0.21238526979159666,0.014407297971338995,0,1,0,0,0,0.0,0.2830188679245283,0.277755078970616,0.3990209595653193,0.8433973749068574,0.4977475052883178,0.009433962264150943,0.5283018867924529,0.03714076959167012
1156,100,94.33962264150944,106,1,105,0,0,0.009433962264150943,1.9796738247488348,1.9520973377546844,2.1878268226384847,1.5207512686222693,0.9383004088772339,1.7811249945590228,4.952830188679245,3.595323583763093,0.41655016940089484,0.9990861993753534,0.14662924511929898,1.0,0.0009138006246466324,0.032800678911639736,0,1,0,0,0,1.0,0.3018867924528302,0.2889224966133688,0.3810112985635279,0.8451241006037528,0.5073042968376766,0.009433962264150943,0.509433962264151,0.03723633362932061
1157,100,94.33962264150944,106,1,105,0,0,0.009433962264150943,1.9808418651096578,1.9504199516278653,2.334143729768277,1.5222449502319757,0.935255263977909,1.7948966966833506,4.952830188679245,3.595323583763093,0.41893952119002886,0.8888059209144024,0.1687094778603165,1.0,0.11119407908559764,0.003792019874996333,0,1,0,0,0,0.0,0.3018867924528302,0.29588248627375663,0.35713184921411756,0.814859182785369,0.5115403492818611,0.009433962264150943,0.5471698113207548,0.03726902517471478
1158,101,95.28301886792453,106,1,105,0,0,0.009433962264150943,1.9748078226187176,1.9438645500698142,2.3429834757671517,1.5234538705028997,0.9230010150985459,1.7888452706180082,4.952830188679245,3.595323583763093,0.42069290907086976,0.9999775582550492,0.11309591934539395,1.0,2.244174495080742e-05,0.008467268021094876,0,1,0,0,0,1.0,0.3018867924528302,0.2985904185822535,0.34945535525084587,0.8268888657996858,0.5163441648728044,0.009433962264150943,0.49056603773584906,0.03726058726006479
1159,103,97.16981132075472,106,0,106,0,0,0.0,1.9876540903322037,1.956067080935886,2.47735065667107,1.5249423270690485,0.8914461856903183,1.754282423824922,4.952830188679245,3.595323583763093,0.42445866026470935,0.0,0.0,0.0,0.0,0.0,0,0,0,0,0,0.0,0.3113207547169811,0.30561169483252343,0.33784345820356915,0.8345440738353982,0.5287641569418059,0.0,0.49056603773584906,0.03735157601361063
1160,102,96.22641509433963,106,1,105,0,0,0.009433962264150943,2.006191971747748,1.9742331387679142,2.4976374817961764,1.5268931327145168,0.8841267188830619,1.7341978418326756,4.952830188679245,3.595323583763093,0.425112020264121,0.953762953276489,0.14039103106322534,1.0,0.04623704672351103,-0.022809999061123687,0,1,0,0,0,1.0,0.29245283018867924,0.30567134397641993,0.33837358583380583,0.8277618267223662,0.5323856217168649,0.009433962264150943,0.49056603773584906,0.0374793343084108
1161,101,95.28301886792453,106,3,103,0,0,0.02830188679245283,2.029693132233495,2.0063025417037,2.6793152616433917,1.529419481664248,0.8793699956370975,1.7395389190033999,4.952830188679245,3.595323583763093,0.4303072426886039,0.873708473676058,0.1232493520737762,1.0,0.12629152632394205,0.011380906149303946,0,3,0,0,0,0.6666666666666666,0.2641509433962264,0.3154511540252833,0.33994116677220776,0.842822417168867,0.5383272030924668,0.02830188679245283,0.49056603773584906,0.03764225532063845
1162,100,94.33962264150944,106,2,104,0,0,0.018867924528301886,2.015999672435189,1.990127272727228,2.4746804247733993,1.531761469030542,0.8921286840805233,1.767837834623699,4.952830188679245,3.595323583763093,0.42648682636029833,0.9549667559618298,0.15486596870360214,1.0,0.04503324403817016,0.029852744571916445,0,2,0,0,0,0.5,0.3018867924528302,0.306726874173077,0.3483375632664632,0.8539260873423418,0.5261802071483517,0.018867924528301886,0.4528301886792453,0.03761588903370149
1163,101,95.28301886792453,106,0,106,0,0,0.0,2.009439865929643,1.9838452363461865,2.4312258928798753,1.5337502122056632,0.9060524917108077,1.7716718671663212,4.952830188679245,3.595323583763093,0.42403276942775747,0.0,0.0,0.0,0.0,0.0,0,0,0,0,0,0.0,0.27358490566037735,0.30329745003496594,0.34659212024216124,0.8473275564965856,0.526302974451213,0.0,0.4528301886792453,0.037618840877371565
1164,101,95.28301886792453,106,0,106,0,0,0.0,1.998964488195098,1.973057284787895,2.552983499763858,1.5353571642151245,0.9157513251752376,1.796733877927393,4.952830188679245,3.595323583763093,0.42768227818359805,0.0,0.0,0.0,0.0,0.0,0,0,0,0,0,0.0,0.2830188679245283,0.31186244625639664,0.33613320925853013,0.8383193772837356,0.5289713270050489,0.0,0.49056603773584906,0.0375953515509868
1165,99,93.39622641509433,106,2,103,1,0,0.018867924528301886,1.993858317869705,1.9714392118038075,2.4643633771976026,1.5367991813943824,0.927837121128356,1.799747935840362,4.952830188679245,3.595323583763093,0.4263450925243846,0.797678885693408,0.13610749542917785,1.0,0.20232111430659194,0.021774851378441113,0,2,0,1,0,0.3333333333333333,0.2830188679245283,0.3072065948865588,0.34226818820702853,0.8394706556878602,0.5191074946093922,0.018867924528301886,0.5283018867924529,0.03759574329122372
1166,102,96.22641509433963,106,0,105,1,0,0.0,2.0058699166541065,1.982805211001524,2.5071711072015015,1.538576888687609,0.9174186087553282,1.787591829264098,4.952830188679245,3.595323583763093,0.4278361094861156,0.6433509538905628,0.10743907550078834,1.0,0.35664904610943715,0.020722154906565593,0,0,1,0,0,0.0,0.27358490566037735,0.3089079422084233,0.3426985121428505,0.8483250256735628,0.5213464794635784,0.0,0.4905660377358491,0.037687758449927555
1167,103,97.16981132075472,106,2,104,0,0,0.018867924528301886,2.014108368246442,1.9920163850476182,2.5894575582692796,1.5405096753550749,0.9069417851318768,1.7693560870498806,4.952830188679245,3.595323583763093,0.4307718820255657,0.6994160726207377,0.1391660666514385,1.0,0.3005839273792624,0.007762905217894522,0,2,0,0,0,0.0,0.27358490566037735,0.3145018548335969,0.34486388795831996,0.8388447542558164,0.5307662400817845,0.018867924528301886,0.5094339622641509,0.03776369567532884
1168,100,94.33962264150944,106,3,103,0,0,0.02830188679245283,2.0045435677201007,1.9810683015191206,2.5519372912446143,1.5421465819802778,0.9370618254217978,1.8142863462635965,4.952830188679245,3.595323583763093,0.4290320591399739,0.9507698929997194,0.1540448555377574,1.0,0.04923010700028063,0.017796299796062492,0,3,0,0,0,0.3333333333333333,0.29245283018867924,0.3127105644946626,0.343465053104901,0.8273093551358406,0.5238155338211471,0.02830188679245283,0.4528301886792453,0.03774529771766719
1169,100,94.33962264150944,106,0,106,0,0,0.0,1.9905021406875352,1.967631722605905,2.429402811967615,1.543295604113708,0.9514115075274979,1.831646932041471,4.952830188679245,3.595323583763093,0.42250017488795955,0.0,0.0,0.0,0.0,0.0,0,0,0,0,0,0.0,0.29245283018867924,0.3032367676487122,0.33486396449986183,0.8292654910756916,0.5205449777634591,0.0,0.4528301886792453,0.037695746114377295
1170,101,95.28301886792453,106,0,106,0,0,0.0,1.9809125777108547,1.9576648217234431,2.508504756012972,1.5441166413129939,0.9437295917943781,1.8293441326243827,4.952830188679245,3.595323583763093,0.42449717724417724,0.0,0.0,0.0,0.0,0.0,0,0,0,0,0,0.0,0.29245283018867924,0.3084589888359055,0.3218779476384226,0.799370816448212,0.527421982691543,0.0,0.49056603773584906,0.037662557771522595
1171,101,95.28301886792453,106,1,105,0,0,0.009433962264150943,2.0030313863884963,1.9789995658920698,2.4826361513775774,1.5455692841916782,0.9393403108545959,1.8200395040213362,4.952830188679245,3.595323583763093,0.4212916896242709,0.7968008168331798,0.13225083014033173,1.0,0.20319918316682017,0.025837234415072574,0,1,0,0,0,0.0,0.2641509433962264,0.30259162102225406,0.32240909432290626,0.8057103156631426,0.5285923900338625,0.009433962264150943,0.49056603773584906,0.0377992654209134
1172,102,96.22641509433963,106,0,106,0,0,0.0,2.0102147395803542,1.986159665036196,2.522313870113467,1.5471281606923255,0.9380814981191026,1.81520973952087,4.952830188679245,3.595323583763093,0.4237971853711573,0.0,0.0,0.0,0.0,0.0,0,0,0,0,0,0.0,0.2830188679245283,0.3057483718343374,0.3102127748597827,0.8185873054999285,0.5337378717038253,0.0,0.49056603773584906,0.03786320551410744
1173,104,98.11320754716981,106,1,105,0,0,0.009433962264150943,2.0161674025510665,2.000647898869716,2.6104483387593707,1.5487920767835484,0.9094416918894404,1.7890322143263606,4.952830188679245,3.595323583763093,0.425044626262955,0.9877649200217402,0.11465726042531924,1.0,0.012235079978259789,0.012732391374005891,0,1,0,0,0,1.0,0.2830188679245283,0.3084746315088791,0.31280895001474107,0.8340049854280911,0.533159694056014,0.009433962264150943,0.4339622641509434,0.037922880412781884
1174,103,97.16981132075472,106,1,105,0,0,0.009433962264150943,1.990773884056736,1.9737074462414068,2.363081708428218,1.5499351321740091,0.9462405380982506,1.8239250632843056,4.952830188679245,3.595323583763093,0.41774751622379824,0.998685294375612,0.1768928818220735,1.0,0.0013147056243879574,0.033745671275412725,0,1,0,0,0,1.0,0.27358490566037735,0.29546617873848025,0.33414348185127535,0.8437110977800198,0.5125645263433883,0.009433962264150943,0.509433962264151,0.03781646109032459
1175,103,97.16981132075472,106,0,106,0,0,0.0,2.00240102725407,1.9853361813272425,2.4871545242687287,1.5513133567893194,0.9210237677119676,1.796752730448538,4.952830188679245,3.595323583763093,0.4188182341852049,0.0,0.0,0.0,0.0,0.0,0,0,0,0,0,0.0,0.27358490566037735,0.29934736917250215,0.3142345045423414,0.8485648759563184,0.5186578891644827,0.0,0.4716981132075472,0.037899372623627
1176,104,98.11320754716981,106,0,106,0,0,0.0,2.0007328303934817,1.9839561537670405,2.3900081893809237,1.5526023366049306,0.9275873749272315,1.793643788783132,4.952830188679245,3.595323583763093,0.4179935256058789,0.0,0.0,0.0,0.0,0.0,0,0,0,0,0,0.0,0.25471698113207547,0.29593800306794993,0.3241204433440244,0.8485648759563184,0.5173210776770911,0.0,0.4716981132075472,0.03791420313697436
1177,104,98.11320754716981,106,0,106,0,0,0.0,2.0147761054294175,1.9976824730585587,2.4570041098981914,1.5542397779009773,0.9195753307414489,1.7869957703687138,4.952830188679245,3.595323583763093,0.4226126001263619,0.0,0.0,0.0,0.0,0.0,0,0,0,0,0,0.0,0.27358490566037735,0.3018020955516446,0.32161325277260594,0.8158023356932192,0.5241882468033767,0.0,0.509433962264151,0.03801385516869757
1178,104,98.11320754716981,106,1,105,0,0,0.009433962264150943,1.9990238144668755,1.9814498015233974,2.2524524651562765,1.5553845868249496,0.9435682229469057,1.805797806345582,4.952830188679245,3.595323583763093,0.4157254710502838,0.9884085888030274,0.1477792887288083,1.0,0.0115914111969726,-0.013365761859566727,0,1,0,0,0,1.0,0.25471698113207547,0.28993527062397817,0.3389415634198589,0.8070053963597329,0.5102248045868341,0.009433962264150943,0.5471698113207548,0.037955673506501156
1179,103,97.16981132075472,106,3,103,0,0,0.02830188679245283,1.9913473328688318,1.9700523692777434,2.298034920614684,1.5562545279408158,0.9401663005286026,1.7996270780803498,4.952830188679245,3.595323583763093,0.4141951248584428,0.9825469637225724,0.15723713956066868,1.0,0.017453036277427707,0.015885253233662005,1,2,0,0,0,1.0,0.2641509433962264,0.28910673319649277,0.3263567410191001,0.8684452632127091,0.5124476860944709,0.02830188679245283,0.4905660377358491,0.03793292969756273
1180,103,97.16981132075472,106,0,106,0,0,0.0,1.9896866708475094,1.9680807630313062,2.3790813313161125,1.556909239330994,0.9317958853507764,1.7946692441027157,4.952830188679245,3.595323583763093,0.4165997246799622,0.0,0.0,0.0,0.0,0.0,0,0,0,0,0,0.0,0.27358490566037735,0.29353843041909433,0.31617657305611835,0.864409797007996,0.5139252754193692,0.0,0.4905660377358491,0.03793639588396445
1181,103,97.16981132075472,106,1,105,0,0,0.009433962264150943,1.9704863427363053,1.9465966022932621,2.2839889084707394,1.5569815467595032,0.9475706134892259,1.8132460108830464,4.952830188679245,3.595323583763093,0.41363532436210537,0.9942208125449694,0.1686077954290101,1.0,0.005779187455030588,0.02238738679072272,0,1,0,0,0,1.0,0.24528301886792453,0.28953944625828604,0.31153225587412703,0.8488715366714976,0.5102328811520318,0.009433962264150943,0.5471698113207548,0.03784169408642343
1182,103,97.16981132075472,106,0,106,0,0,0.0,1.9730065103998955,1.94917112592706,2.3210806697240023,1.5570662293567041,0.951901246168789,1.8152287337680884,4.952830188679245,3.595323583763093,0.41307804400156933,0.0,0.0,0.0,0.0,0.0,0,0,0,0,0,0.0,0.25471698113207547,0.28968222832450535,0.2998434785712861,0.8386071177034481,0.5146437132620907,0.0,0.5471698113207548,0.037855817231435634
1183,103,97.16981132075472,106,0,106,0,0,0.0,2.000240873927747,1.9762850905827714,2.569535365476778,1.5579277351531249,0.9421971785167094,1.8166175950785766,4.952830188679245,3.595323583763093,0.4174781754912793,0.0,0.0,0.0,0.0,0.0,0,0,0,0,0,0.0,0.2641509433962264,0.30000642889149887,0.2838114262625066,0.8467643949256491,0.524734349781046,0.0,0.5094339622641509,0.03800747600961199
1184,105,99.05660377358491,106,0,106,0,0,0.0,1.9945698295461012,1.970949795106652,2.5089664224557735,1.5586048101192582,0.9428374827627152,1.813575780864682,4.952830188679245,3.595323583763093,0.4111904600631957,0.0,0.0,0.0,0.0,0.0,0,0,0,0,0,0.0,0.24528301886792453,0.2920466424992194,0.28191957352429653,0.8554926648602946,0.5175703302519086,0.0,0.509433962264151,0.03799129230567234
1185,105,99.05660377358491,106,0,106,0,0,0.0,1.9991893853005216,1.9750270767239133,2.399192571489249,1.5593748152235039,0.9590449899281105,1.8264834890695507,4.952830188679245,3.595323583763093,0.4116360965990584,0.0,0.0,0.0,0.0,0.0,0,0,0,0,0,0.0,0.24528301886792453,0.28916790638129636,0.30400450585151695,0.8407944080062316,0.5165658880054064,0.0,0.509433962264151,0.038028232171999
1186,106,100.0,106,0,106,0,0,0.0,1.9861381476944269,1.961816529050625,2.211720738372422,1.559737166603807,0.9797261653295464,1.8454355870658237,4.952830188679245,3.595323583763093,0.40638141405337347,0.0,0.0,0.0,0.0,0.0,0,0,0,0,0,0.0,0.24528301886792453,0.278945839695023,0.31635893126932263,0.8407944080062316,0.5077212136130571,0.0,0.509433962264151,0.03796948983628459
1187,105,99.05660377358491,106,1,105,0,0,0.009433962264150943,1.9923568809296446,1.9653526387564917,2.046630467854636,1.5602557873956349,0.9884861345395589,1.8448974069055035,4.952830188679245,3.595323583763093,0.40375969568410897,0.7028366414779932,0.1718717395013325,1.0,0.2971633585220068,-0.011582525359637996,0,1,0,0,0,0.0,0.22641509433962265,0.2705676815682985,0.3363537503247361,0.8525467174464143,0.49988717846341796,0.009433962264150943,0.4716981132075472,0.03800990655028012
1188,104,98.11320754716981,106,1,105,0,0,0.009433962264150943,1.993350633662486,1.969944235934958,2.100040854160277,1.5607084405637714,0.9815350567987592,1.8400208491934942,4.952830188679245,3.595323583763093,0.40503992102622877,0.8536058020581685,0.14034988268803172,1.0,0.1463941979418315,0.01147807820614788,1,0,0,0,0,0.0,0.2358490566037736,0.27306821487554617,0.3370704284725788,0.8302500317955919,0.4962804277989121,0.009433962264150943,0.4905660377358491,0.038023012486997666
1189,103,97.16981132075472,106,1,105,0,0,0.009433962264150943,1.9904434929683876,1.966579718769682,2.0503119143950252,1.5611779166194795,0.9836139103510185,1.8482385740264318,4.952830188679245,3.595323583763093,0.40223245048259093,0.9999999999417921,0.140401038076148,1.0,5.820788295807233e-11,0.025793370795993975,1,0,0,0,0,1.0,0.22641509433962265,0.2690484393355278,0.33269490018829173,0.8178662245784205,0.4873992265936576,0.009433962264150943,0.5660377358490567,0.03801691637520267
1190,102,96.22641509433963,106,1,105,0,0,0.009433962264150943,1.9855248326633939,1.9603038040719418,2.1610014281492473,1.5614625609556056,0.9790507675307525,1.855342989792057,4.952830188679245,3.595323583763093,0.4052977616126181,0.9928400331947655,0.15592838555440974,1.0,0.007159966805234452,0.024154711270794382,0,1,0,0,0,1.0,0.2169811320754717,0.27567372819984765,0.31324471207249505,0.807068285918924,0.49353129918741057,0.009433962264150943,0.5660377358490567,0.037997440016151
1191,102,96.22641509433963,106,0,106,0,0,0.0,2.0189967771089354,1.9929122671028532,2.224720809622958,1.5626442450442226,0.9807638459240762,1.8545387753545246,4.952830188679245,3.595323583763093,0.41055879798462724,0.0,0.0,0.0,0.0,0.0,0,0,0,0,0,0.0,0.22641509433962265,0.2810889410084103,0.32854900713077234,0.807068285918924,0.4984529118502717,0.0,0.5660377358490567,0.038186042421740514
1192,103,97.16981132075472,106,0,106,0,0,0.0,2.014107784360309,1.9881654400161786,2.1812053396487974,1.5636469127311345,0.9734458772788467,1.8392592011111497,4.952830188679245,3.595323583763093,0.4090946272480649,0.0,0.0,0.0,0.0,0.0,0,0,0,0,0,0.0,0.24528301886792453,0.27896772690747024,0.32900188291691523,0.8210899550636845,0.49788140164437716,0.0,0.4905660377358491,0.03817962203190454
1193,103,97.16981132075472,106,1,105,0,0,0.009433962264150943,2.004200991289708,1.976526635753214,2.269931344664045,1.5643206903675742,0.9675849857127178,1.8304745220895213,4.952830188679245,3.595323583763093,0.41219980835444336,0.9395896395332645,0.14302165603372757,1.0,0.060410360466735535,0.041245540553498716,0,1,0,0,0,0.0,0.24528301886792453,0.2853608073666794,0.319979891513267,0.817667095026917,0.49909575564906444,0.009433962264150943,0.4905660377358491,0.03814220030968405
1194,103,97.16981132075472,106,1,105,0,0,0.009433962264150943,2.0178041390761603,1.990389657712694,2.2799516245476976,1.5653126526596026,0.9604458352613635,1.8322348434203948,4.952830188679245,3.595323583763093,0.4117667370968996,0.9422223270493533,0.1649233898890221,1.0,0.05777767295064673,0.02470980078499707,0,1,0,0,0,0.0,0.22641509433962265,0.2845683667480504,0.3270050298373079,0.8167074061244086,0.49677337399722754,0.009433962264150943,0.4528301886792453,0.03822804817572999
1195,104,98.11320754716981,106,0,106,0,0,0.0,2.029723932201775,2.0015493430961517,2.3747973779779947,1.5666043381572974,0.9532625299171944,1.8400773986067982,4.952830188679245,3.595323583763093,0.4144256035494256,0.0,0.0,0.0,0.0,0.0,0,0,0,0,0,0.0,0.22641509433962265,0.2894658070637787,0.32522343851949204,0.8309275523960402,0.49816410361574875,0.0,0.49056603773584906,0.03831086727802139
1196,103,97.16981132075472,106,1,105,0,0,0.009433962264150943,2.0607882007875835,2.0328201920550972,2.55090927834415,1.5686934670073422,0.9297040477599608,1.8101448283807204,4.952830188679245,3.595323583763093,0.42070263407541764,0.8945030689980631,0.1829565441793881,1.0,0.10549693100193691,0.015355248618849737,0,1,0,0,0,0.0,0.2169811320754717,0.2996381223874648,0.32738319687911177,0.8122699143144928,0.5010096749914466,0.009433962264150943,0.49056603773584906,0.038503744092070864
1197,102,96.22641509433963,106,1,99,2,4,0.009433962264150943,2.050309528084281,2.0179771788426857,2.404692540109373,1.5704777116760718,0.9457967690343428,1.7923286088392265,4.952830188679245,3.595323583763093,0.41765716893383353,0.8705860426341357,0.1760886294011113,1.0,0.12941395736586428,-0.03340532574431825,1,4,0,2,0,0.42857142857142855,0.24528301886792453,0.29342089000869764,0.34573567118446613,0.7868049657524382,0.495459869830064,0.009433962264150943,0.5471698113207548,0.038483425413237786
1198,103,97.16981132075472,106,1,105,0,0,0.009433962264150943,2.0445413753520056,2.013169040376814,2.3691243280239798,1.5718996379918049,0.955046887713669,1.9001899231855823,4.952830188679245,3.595323583763093,0.41559562585690335,0.9836878617028469,0.16193628270349875,1.0,0.016312138297153056,0.013566618793935503,0,1,0,0,0,1.0,0.2358490566037736,0.29074796614340875,0.34405572123867134,0.8148894754918332,0.48871777094940694,0.009433962264150943,0.49056603773584906,0.03848014607566305
1199,103,97.16981132075472,106,0,106,0,0,0.0,2.0461022115710286,2.014859513453131,2.317205686688004,1.5733373350074986,0.9645675353206096,1.9053189570329145,4.952830188679245,3.595323583763093,0.4147870446665378,0.0,0.0,0.0,0.0,0.0,0,0,0,0,0,0.0,0.24528301886792453,0.2883196536224069,0.34832886456697854,0.8263271172573299,0.48785707753653884,0.0,0.49056603773584906,0.03851379518669231
1200,102,96.22641509433963,106,1,105,0,0,0.009433962264150943,2.0598675429777495,2.0260034211867306,2.5739743203355583,1.5751186720263395,0.9555548476946059,1.9040245169953653,4.952830188679245,3.595323583763093,0.41722228205037215,0.99053759015491,0.1800664084734581,1.0,0.009462409845089947,-0.010852081131357272,0,1,0,0,0,1.0,0.27358490566037735,0.2973347667850352,0.3130539587882205,0.8318129438781872,0.4958486342254962,0.009433962264150943,0.49056603773584906,0.03861464425869826
1201,103,97.16981132075472,106,1,105,0,0,0.009433962264150943,2.055637646798906,2.0198293828288554,2.419965028827978,1.5766621796878284,0.9782708628209802,1.9205798075832328,4.952830188679245,3.595323583763093,0.4153987729973365,0.8964681263166425,0.17200978073537138,1.0,0.10353187368335748,0.029318409056429573,0,1,0,0,0,0.0,0.24528301886792453,0.2914607131473439,0.32933728624962777,0.8490148911422765,0.4956810257519706,0.009433962264150943,0.4716981132075472,0.03862124182528939
1202,104,98.11320754716981,106,0,105,1,0,0.0,2.0520665475755124,2.017312835855556,2.3055958407750685,1.5779992118218746,0.9884739905394273,1.9253375870543141,4.952830188679245,3.595323583763093,0.4112947167274321,0.669734118197336,0.17634907694502214,1.0,0.33026588180266403,0.0037818707105614635,0,0,0,1,0,0.0,0.25471698113207547,0.28434018933514577,0.33940020196113,0.8505172596675202,0.492128751704331,0.0,0.4716981132075472,0.038627421644991354
1203,105,99.05660377358491,106,0,106,0,0,0.0,2.047583188250851,2.013331019637323,2.176120496449982,1.579173645982238,1.0041011709110699,1.9267827369888566,4.952830188679245,3.595323583763093,0.40704458063564086,0.0,0.0,0.0,0.0,0.0,0,0,0,0,0,0.0,0.2358490566037736,0.27647989925916766,0.34936432489771846,0.8508606493554621,0.48719924523304353,0.0,0.4716981132075472,0.0386261172025397
1204,105,99.05660377358491,106,0,106,0,0,0.0,2.03356401824494,2.0002029313342904,2.0965618880472268,1.5799282576303728,0.9997701265866378,1.9051940422984193,4.952830188679245,3.595323583763093,0.40403335595462075,0.0,0.0,0.0,0.0,0.0,0,0,0,0,0,0.0,0.24528301886792453,0.2715659416237899,0.3553753069337412,0.8508606493554621,0.48397383490241347,0.0,0.4716981132075472,0.03856958671778576
1205,105,99.05660377358491,106,0,106,0,0,0.0,2.0292386941246514,1.9960031575479376,2.1787878844998483,1.5805349421820325,1.0058277619450269,1.924156576123777,4.952830188679245,3.595323583763093,0.40529250306200115,0.0,0.0,0.0,0.0,0.0,0,0,0,0,0,0.0,0.2358490566037736,0.27610657785940884,0.3394208866290806,0.8447291079160476,0.48309134267789544,0.0,0.5094339622641509,0.038558866233566746
1206,105,99.05660377358491,106,1,105,0,0,0.009433962264150943,2.0239689932067626,1.9892887644099346,2.1816079430906288,1.5809799582293569,1.0028304250585154,1.9164099373996752,4.952830188679245,3.595323583763093,0.4071120182270853,0.7372599265966238,0.17998108090418757,1.0,0.26274007340337624,0.0008149813904987369,0,1,0,0,0,0.0,0.2358490566037736,0.2782322850572776,0.337572153030952,0.8657791153380956,0.4856198840461887,0.009433962264150943,0.4339622641509434,0.03854051761242779
1207,105,99.05660377358491,106,0,106,0,0,0.0,2.018444393259296,1.983654848867315,2.126326937464308,1.581193661417998,1.005788000381618,1.9242949524959643,4.952830188679245,3.595323583763093,0.40473610930791537,0.0,0.0,0.0,0.0,0.0,0,0,0,0,0,0.0,0.2358490566037736,0.2741206144766613,0.33326659756335214,0.8779873006364574,0.483035522535605,0.0,0.4339622641509434,0.038516736273260695
1208,104,98.11320754716981,106,1,105,0,0,0.009433962264150943,2.0314650892966863,2.0007510279291774,2.153943473659663,1.5817709941102764,1.0090362774797041,1.9253642911987094,4.952830188679245,3.595323583763093,0.40614541947303207,0.9999999999227835,0.16357592309507035,1.0,7.721645545188949e-11,-0.00886936955165174,0,1,0,0,0,1.0,0.2358490566037736,0.27549043897409536,0.3520883031062687,0.8731180591069903,0.48337972777981525,0.009433962264150943,0.4528301886792453,0.03859221824266878
1209,104,98.11320754716981,106,0,105,1,0,0.0,2.034006007078486,2.0041240486858674,2.0406800105295666,1.5825450041741225,1.009576492508848,1.9256535861174098,4.952830188679245,3.595323583763093,0.40173380675867376,0.7524317012439523,0.14691024503369893,1.0,0.2475682987560477,0.020843824758250307,0,0,0,1,0,0.0,0.24528301886792453,0.2676038707244542,0.37301843709791066,0.8734342740748514,0.4745753839580087,0.0,0.4528301886792453,0.038618836914760854
1210,104,98.11320754716981,106,0,106,0,0,0.0,2.042432904282882,2.0113027092999016,2.04078694162899,1.5834976629340458,1.0154944199950198,1.9428663588828075,4.952830188679245,3.595323583763093,0.40270480813419196,0.0,0.0,0.0,0.0,0.0,0,0,0,0,0,0.0,0.2358490566037736,0.26837920188760367,0.3935158852346087,0.8379558864198018,0.47116105603687236,0.0,0.4905660377358491,0.03867809698331699
1211,105,99.05660377358491,106,0,106,0,0,0.0,2.0608040421086873,2.0289845606281927,2.1472772987738242,1.5849246463455828,1.0143420335144626,1.946078415812332,4.952830188679245,3.595323583763093,0.4046030624137118,0.0,0.0,0.0,0.0,0.0,0,0,0,0,0,0.0,0.2169811320754717,0.27265719159006185,0.3858672035670641,0.8484415529214366,0.47229928556929396,0.0,0.4905660377358491,0.038795605008011706
1212,105,99.05660377358491,106,0,106,0,0,0.0,2.0798917279811238,2.0470738108999025,2.298717718292875,1.5868206187509037,1.0019348288176166,1.8755137180202726,4.952830188679245,3.595323583763093,0.40783507060263147,0.0,0.0,0.0,0.0,0.0,0,0,0,0,0,0.0,0.20754716981132076,0.27898906176472293,0.37363112540009574,0.8734342740748514,0.4764869828070218,0.0,0.4528301886792453,0.03892512660888896
1213,106,100.0,106,0,106,0,0,0.0,2.1008280490333604,2.067731475802398,2.3518309461257774,1.5892425927316702,0.9991562931489115,1.8889875103175688,4.952830188679245,3.595323583763093,0.4083263108418276,0.0,0.0,0.0,0.0,0.0,0,0,0,0,0,0.0,0.19811320754716982,0.27967789449256,0.3599053883391988,0.8571629588736185,0.47778976659329064,0.0,0.4905660377358491,0.03907334711501169
1214,105,99.05660377358491,106,1,105,0,0,0.009433962264150943,2.0676572376287967,2.0327560832941636,2.1706353657939714,1.5906390023568031,1.025477961759315,1.9453924563776053,4.952830188679245,3.595323583763093,0.40411935160209134,0.9999999999417923,0.162511252498994,1.0,5.820766091346741e-11,0.01824701305231824,0,1,0,0,0,1.0,0.2169811320754717,0.2722670497542385,0.37235789853885654,0.8556345736483468,0.4691207591117641,0.009433962264150943,0.4905660377358491,0.038932595780278044
1215,105,99.05660377358491,106,0,106,0,0,0.0,2.074174464125015,2.0392905705060946,2.2379280813506517,1.5921056590308247,1.014705547224394,1.9408104438442728,4.952830188679245,3.595323583763093,0.4051139665932071,0.0,0.0,0.0,0.0,0.0,0,0,0,0,0,0.0,0.2169811320754717,0.2743763038783417,0.36627484442735686,0.8561077576971983,0.47066104253330293,0.0,0.4528301886792453,0.0389915474394061
1216,105,99.05660377358491,106,0,106,0,0,0.0,2.077385643276266,2.04204896405409,2.341975709995366,1.593598923190564,1.0199496887313284,1.9456105892260198,4.952830188679245,3.595323583763093,0.4086457044602503,0.0,0.0,0.0,0.0,0.0,0,0,0,0,0,0.0,0.2358490566037736,0.280520391285155,0.3489056493772787,0.8521707694387115,0.4767681468030654,0.0,0.4905660377358491,0.03903444717441386
1217,104,98.11320754716981,106,1,105,0,0,0.009433962264150943,2.0653800022059112,2.030070636921162,2.2062989106502604,1.5947188461135908,1.0329741272357855,1.9512362687340818,4.952830188679245,3.595323583763093,0.4029393186443315,0.9675322789843339,0.16273661487592372,1.0,0.032467721015666084,-0.004601053578014991,1,0,0,0,0,1.0,0.22641509433962265,0.2714779701028322,0.35309049304703327,0.8717753468114524,0.4712102680862623,0.009433962264150943,0.4528301886792453,0.038994551395547854
1218,104,98.11320754716981,106,0,106,0,0,0.0,2.049637501664501,2.014516142713344,2.0717219017901902,1.5953262425267043,1.0496687908837796,1.9651000646275247,4.952830188679245,3.595323583763093,0.39911759143614267,0.0,0.0,0.0,0.0,0.0,0,0,0,0,0,0.0,0.2358490566037736,0.2651140404772201,0.36698190785115187,0.8596334377669985,0.4671841789908807,0.0,0.4905660377358491,0.0389267578260846
1219,105,99.05660377358491,106,0,106,0,0,0.0,2.071200262352507,2.0366529039146464,2.1446301524994706,1.5965485116302514,1.0305367179161162,1.9535908621065072,4.952830188679245,3.595323583763093,0.3993897387430245,0.0,0.0,0.0,0.0,0.0,0,0,0,0,0,0.0,0.24528301886792453,0.26551909154477277,0.3493169847040811,0.8564507655462009,0.47062175433396075,0.0,0.4905660377358491,0.03905654389419307
1220,105,99.05660377358491,106,0,106,0,0,0.0,2.082453771405676,2.0473822775184765,2.161486589375726,1.5980354407641162,1.0248647539703046,1.9354572003523631,4.952830188679245,3.595323583763093,0.4004749823163716,0.0,0.0,0.0,0.0,0.0,0,0,0,0,0,0.0,0.24528301886792453,0.26647006676467117,0.35366805865620043,0.8601406166467842,0.4718926001617086,0.0,0.4905660377358491,0.03913954139637076
1221,103,97.16981132075472,106,2,104,0,0,0.018867924528301886,2.068448416926898,2.0289932490947997,2.075689583325085,1.5990685970072662,1.048500224663276,1.9635766115099849,4.952830188679245,3.595323583763093,0.3994453735042516,0.9999948939891032,0.14253739391027906,1.0,5.106010896760438e-06,0.013955905626461651,1,1,0,0,0,1.0,0.24528301886792453,0.2635390139636094,0.34998221322757606,0.8644572948377832,0.4629698799808588,0.018867924528301886,0.509433962264151,0.03908808727901042
1222,104,98.11320754716981,106,0,106,0,0,0.0,2.072266590172123,2.0325680651031477,2.0876743981668215,1.600038825819067,1.0352758522082945,1.9390482225827455,4.952830188679245,3.595323583763093,0.4001217461128803,0.0,0.0,0.0,0.0,0.0,0,0,0,0,0,0.0,0.2358490566037736,0.26459238623146203,0.34846604525844876,0.8669589222933606,0.46509829434910605,0.0,0.4716981132075472,0.03912461957788011
1223,103,97.16981132075472,106,1,105,0,0,0.009433962264150943,2.071868225623744,2.033980453484192,2.070419383077051,1.6009220501212478,1.054926595331397,1.9688440244101444,4.952830188679245,3.595323583763093,0.40133158804914215,0.7119549182993493,0.11156286943876659,1.0,0.2880450817006507,0.010376018585104951,0,1,0,0,0,0.0,0.2358490566037736,0.26596840626390633,0.36170809484217653,0.8638829242722428,0.46097147312002895,0.009433962264150943,0.509433962264151,0.039138505140955133
1224,103,97.16981132075472,106,0,106,0,0,0.0,2.086985823018941,2.047591743773227,2.1841817509811308,1.6022577611860267,1.0462260619976549,1.9633398379595595,4.952830188679245,3.595323583763093,0.4050787172434158,0.0,0.0,0.0,0.0,0.0,0,0,0,0,0,0.0,0.2358490566037736,0.27256590602198155,0.35945790326347343,0.8638829242722428,0.46446710470728636,0.0,0.509433962264151,0.03923810469539258
1225,103,97.16981132075472,106,0,106,0,0,0.0,2.094903732111363,2.054495656645524,2.2491447987989552,1.6037440235220428,1.0319296593263845,1.9294116132508494,4.952830188679245,3.595323583763093,0.40895863145155786,0.0,0.0,0.0,0.0,0.0,0,0,0,0,0,0.0,0.22641509433962265,0.2778941269410779,0.3574987561503905,0.8516710854434386,0.46753909942929245,0.0,0.5094339622641509,0.039304412210996384
1226,105,99.05660377358491,106,0,106,0,0,0.0,2.094833761383956,2.05459005693905,2.285055393950523,1.6051795651145888,1.0402764592604015,1.9472607130420634,4.952830188679245,3.595323583763093,0.4091109078366464,0.0,0.0,0.0,0.0,0.0,0,0,0,0,0,0.0,0.2358490566037736,0.2791227806309742,0.3528297723912827,0.8421984125426095,0.4692009212845773,0.0,0.5094339622641509,0.039329868540075114
1227,105,99.05660377358491,106,0,106,0,0,0.0,2.080451019880636,2.040622923594528,2.3268385393507427,1.6061617634304142,1.0430738806033173,1.9486808806730938,4.952830188679245,3.595323583763093,0.4060202865842921,0.0,0.0,0.0,0.0,0.0,0,0,0,0,0,0.0,0.25471698113207547,0.27838600367857813,0.32652266907567623,0.8595448823803508,0.47104995325930804,0.0,0.5094339622641509,0.03927561143640261
1228,105,99.05660377358491,106,1,105,0,0,0.009433962264150943,2.104429546058403,2.0678296256819486,2.487650706649253,1.6077811633305414,1.0230960836796277,1.9321805094444262,4.952830188679245,3.595323583763093,0.41044595246682825,0.6373569169557757,0.13916099014070699,1.0,0.3626430830442243,0.009752056669677045,0,1,0,0,0,0.0,0.24528301886792453,0.2856410602151081,0.3188003124415313,0.8655478540421332,0.4795077347808349,0.009433962264150943,0.4716981132075472,0.0394246154005538
1229,104,98.11320754716981,106,1,105,0,0,0.009433962264150943,2.108545095474047,2.0712336967775347,2.3889515347967842,1.60957859312068,1.0332521609875809,1.9376032664338851,4.952830188679245,3.595323583763093,0.40913758370241604,0.9964967403858658,0.1439531632340681,1.0,0.0035032596141342243,0.011152029893940818,0,1,0,0,0,1.0,0.27358490566037735,0.28127342492216356,0.3348233020933014,0.8565978783351627,0.4761903614612635,0.009433962264150943,0.5094339622641509,0.039477504856205235
1230,104,98.11320754716981,106,0,106,0,0,0.0,2.1149512917036137,2.07882169544991,2.2619628616399994,1.6115013277077261,1.029716753053957,1.9154681151157906,4.952830188679245,3.595323583763093,0.4076270199809693,0.0,0.0,0.0,0.0,0.0,0,0,0,0,0,0.0,0.2830188679245283,0.27484121249744675,0.35129747084314933,0.8607214343236171,0.4746983948936219,0.0,0.5094339622641509,0.03954410010238369
1231,104,98.11320754716981,106,0,106,0,0,0.0,2.1172861273528554,2.0817085338314825,2.255900923968337,1.6134379667096366,1.0149047853126332,1.8931707208646003,4.952830188679245,3.595323583763093,0.4059745163765327,0.0,0.0,0.0,0.0,0.0,0,0,0,0,0,0.0,0.2830188679245283,0.27250999204837567,0.34450713452687765,0.8607214343236171,0.478865607379317,0.0,0.5094339622641509,0.039590588500013915
1232,104,98.11320754716981,106,0,106,0,0,0.0,2.1327404816186566,2.0977473290844446,2.3199497510117015,1.615766294543404,1.0083184491073092,1.895990941873327,4.952830188679245,3.595323583763093,0.40556692979945264,0.0,0.0,0.0,0.0,0.0,0,0,0,0,0,0.0,0.29245283018867924,0.27281381520368153,0.33754478704715163,0.859690925566885,0.47795935520825905,0.0,0.4716981132075472,0.03970971573120031
1233,105,99.05660377358491,106,0,106,0,0,0.0,2.138004415893973,2.1033693177584714,2.2594595057661384,1.6181726144051956,1.0147417985305,1.904306234958798,4.952830188679245,3.595323583763093,0.40301127056921127,0.0,0.0,0.0,0.0,0.0,0,0,0,0,0,0.0,0.2830188679245283,0.26820264864187726,0.3413587827552212,0.859690925566885,0.4760370411699262,0.0,0.4716981132075472,0.03977929289532277
1234,106,100.0,106,0,106,0,0,0.0,2.1348892685214316,2.100781264095495,2.2755410430024625,1.620417980158531,0.9991836663884847,1.8871485982533145,4.952830188679245,3.595323583763093,0.4048191410888555,0.0,0.0,0.0,0.0,0.0,0,0,0,0,0,0.0,0.27358490566037735,0.2705100600797387,0.33822320016083157,0.8607022993976556,0.48005893460737675,0.0,0.4716981132075472,0.039804081240695774
1235,105,99.05660377358491,106,1,105,0,0,0.009433962264150943,2.1394082981689984,2.108103775276821,2.3289666876726645,1.622702670866471,1.0175832515869239,1.902334342009235,4.952830188679245,3.595323583763093,0.40508742928126673,0.9777857707075615,0.17369013980637454,1.0,0.022214229292438548,0.0010611818543346807,0,1,0,0,0,1.0,0.2641509433962264,0.2725316511041334,0.3389911998676187,0.8607022993976556,0.4846355202053559,0.009433962264150943,0.4716981132075472,0.03986774740085291
1236,105,99.05660377358491,106,0,105,1,0,0.0,2.1564643869757503,2.124743712651802,2.3465080893606904,1.6254743884828502,1.0131940292713426,1.8479509662499602,4.952830188679245,3.595323583763093,0.4054187494340229,0.1703363088226934,0.1379177984811768,0.0,0.1703363088226934,-0.03432749896641474,0,0,1,0,0,0.0,0.25471698113207547,0.27247743666613633,0.3451444853832377,0.8719680746207273,0.48226655992766765,0.0,0.4716981132075472,0.04000285395345517
1237,105,99.05660377358491,106,0,105,1,0,0.0,2.1674568712953257,2.1356796368757207,2.320731677455746,1.6284609993722723,1.0055897433369332,1.843103597335246,4.952830188679245,3.595323583763093,0.40482614806863104,0.2359442955006698,0.13611123905680458,0.0,0.2359442955006698,-0.03739704771153518,0,0,1,0,0,0.0,0.2358490566037736,0.2700629767915539,0.3540657612618836,0.8726132126575302,0.47956637726514767,0.0,0.4716981132075472,0.040111505537884354
1238,105,99.05660377358491,106,0,106,0,0,0.0,2.1708174633893376,2.1384379259558837,2.349903251255579,1.6314195674702778,1.0149528947778457,1.8526913671921859,4.952830188679245,3.595323583763093,0.4034017396736451,0.0,0.0,0.0,0.0,0.0,0,0,0,0,0,0.0,0.2169811320754717,0.26950933212549627,0.3504803081660648,0.8719680746207273,0.47582674568156486,0.0,0.4716981132075472,0.04018149354663906
1239,104,98.11320754716981,106,1,105,0,0,0.009433962264150943,2.1585192732204015,2.1234589069689562,2.2859908195945304,1.6339280748668374,1.0194004853460537,1.8503241315976287,4.952830188679245,3.595323583763093,0.40216799055606023,0.996150051638101,0.12455701412979207,1.0,0.0038499483618990027,0.01801660760732171,0,1,0,0,0,1.0,0.22641509433962265,0.2676574127669543,0.3549344734169577,0.8619038585439163,0.47568497742566174,0.009433962264150943,0.4716981132075472,0.04016509707480885
1240,104,98.11320754716981,106,1,105,0,0,0.009433962264150943,2.15344615985663,2.121409879813811,2.3110456111331756,1.636127828143743,1.0325965795669998,1.8564271070440928,4.952830188679245,3.595323583763093,0.40431012124749865,0.9337608853275907,0.11709851618353813,1.0,0.06623911467240928,0.005535114205302838,0,1,0,0,0,0.0,0.2358490566037736,0.27029512991833676,0.3467011170100111,0.8633973503496705,0.478947995062105,0.009433962264150943,0.49056603773584906,0.040179275632164585
1241,103,97.16981132075472,106,1,105,0,0,0.009433962264150943,2.1429851340726307,2.117380957607566,2.360132129151944,1.6380504354031749,1.0325270493818066,1.8480610866178355,4.952830188679245,3.595323583763093,0.4058151572932793,0.9535312745587913,0.1393626326220564,1.0,0.046468725441208725,0.047248709222214136,0,1,0,0,0,1.0,0.25471698113207547,0.27330767992964033,0.3399100938413446,0.8708450277057735,0.4848659437825118,0.009433962264150943,0.4716981132075472,0.04016153247935534
1242,102,96.22641509433963,106,1,100,0,5,0.009433962264150943,2.1362720040083536,2.109144643132057,2.404325123995392,1.639849237582517,1.0559618656549474,1.873814835258934,4.952830188679245,3.595323583763093,0.40794024435444864,0.9045311398548086,0.17697446170731868,1.0,0.09546886014519124,-0.04538253074012092,1,5,0,0,0,0.5,0.24528301886792453,0.27776710946505334,0.3316830486058884,0.8697386791605608,0.4816462676611226,0.009433962264150943,0.47169811320754707,0.040160303208523526
1243,100,94.33962264150944,106,2,104,0,0,0.018867924528301886,2.1243751429635256,2.0937559746659753,2.313333006189793,1.6412305882818439,1.0688922169310333,1.9087844398125668,4.952830188679245,3.595323583763093,0.40387046218426836,0.9772695493605839,0.1600355155374731,1.0,0.0227304506394162,-0.010652177106285465,1,1,0,0,0,1.0,0.2641509433962264,0.2724293192183922,0.33700027150702855,0.8628929926504194,0.4787704214248405,0.018867924528301886,0.49056603773584906,0.04012565091703307
1244,100,94.33962264150944,106,1,105,0,0,0.009433962264150943,2.1213507371174654,2.0889374950208466,2.2126601127884085,1.6423706828512972,1.073238024909681,1.9096024014246908,4.952830188679245,3.595323583763093,0.40173813022483085,0.992760807151581,0.16551365403033033,1.0,0.007239192848419007,-0.0009636285900278541,0,1,0,0,0,1.0,0.27358490566037735,0.26759083526443067,0.345701325537333,0.8467505972687654,0.4763936199244663,0.009433962264150943,0.5283018867924527,0.040131023932269146
1245,101,95.28301886792453,106,0,106,0,0,0.0,2.0975085712099197,2.066385913438331,2.045683156266226,1.642756750419859,1.0779870635902111,1.9147435243629982,4.952830188679245,3.595323583763093,0.396829492515683,0.0,0.0,0.0,0.0,0.0,0,0,0,0,0,0.0,0.24528301886792453,0.2590100726473146,0.3626040151017345,0.8392227378950885,0.4684619938834321,0.0,0.49056603773584906,0.0400187532919023
1246,102,96.22641509433963,106,0,106,0,0,0.0,2.089317658828134,2.058013693331217,1.9822119168278012,1.642888130886883,1.0685517560722708,1.9084940323429505,4.952830188679245,3.595323583763093,0.3969580869057443,0.0,0.0,0.0,0.0,0.0,0,0,0,0,0,0.0,0.25471698113207547,0.25750261058360485,0.3802848630004043,0.8329456456261428,0.4668735221580172,0.0,0.5283018867924528,0.03998016050645106
1247,102,96.22641509433963,106,1,105,0,0,0.009433962264150943,2.073819828590781,2.041571094231926,1.871660929946189,1.6425960040754972,1.0810809727001838,1.9269945285248569,4.952830188679245,3.595323583763093,0.3906666684545139,0.9173050412111547,0.17350765004521712,1.0,0.08269495878884525,0.010897445646930626,0,1,0,0,0,0.0,0.22641509433962265,0.24890785623920925,0.3763169201710026,0.8482689055075805,0.45793316347926993,0.009433962264150943,0.49056603773584906,0.03989741990319217
1248,104,98.11320754716981,106,1,105,0,0,0.009433962264150943,2.0712147847077236,2.0386106793279914,1.7701394482978723,1.642195806876981,1.1012697237614477,1.9397994278290966,4.952830188679245,3.595323583763093,0.3877053067237819,0.9954797679139413,0.1664654876658835,1.0,0.004520232086058673,0.0012337218311408993,0,1,0,0,0,1.0,0.2641509433962264,0.24297794502730893,0.40302851362109604,0.8519295676791003,0.4463152167077205,0.009433962264150943,0.49056603773584906,0.039877200491646975
1249,104,98.11320754716981,106,0,106,0,0,0.0,2.0733535477714544,2.0416017681415988,1.7447510996003008,1.6418753056259796,1.1126598047430438,1.9536319424521609,4.952830188679245,3.595323583763093,0.38550261727080337,0.0,0.0,0.0,0.0,0.0,0,0,0,0,0,0.0,0.24528301886792453,0.24034410059097566,0.4016942897689048,0.8414337689289766,0.446751232169846,0.0,0.49056603773584906,0.039882132778433874
1250,104,98.11320754716981,106,0,106,0,0,0.0,2.07817872889112,2.0461785576408467,1.7880133317521543,1.6416979677458385,1.1075878926241838,1.9570008186610408,4.952830188679245,3.595323583763093,0.386929129012606,0.0,0.0,0.0,0.0,0.0,0,0,0,0,0,0.0,0.2169811320754717,0.24270115618888383,0.39752636702769634,0.8437030640688897,0.4509898482881595,0.0,0.49056603773584906,0.03990307074871838
1251,104,98.11320754716981,106,0,106,0,0,0.0,2.099452680160987,2.066825283047954,1.8956336538202874,1.6421208590065939,1.0854378929686863,1.9338421927813154,4.952830188679245,3.595323583763093,0.3902754748846735,0.0,0.0,0.0,0.0,0.0,0,0,0,0,0,0.0,0.22641509433962265,0.247555298307753,0.3860735585083278,0.8471632500549602,0.4563997271247537,0.0,0.4528301886792453,0.04001704265968351
1252,105,99.05660377358491,106,0,106,0,0,0.0,2.090549298404626,2.0587563011878602,1.8336854756460752,1.6422964611518895,1.0903439212775432,1.940770248235124,4.952830188679245,3.595323583763093,0.3885635635036975,0.0,0.0,0.0,0.0,0.0,0,0,0,0,0,0.0,0.2641509433962264,0.2443451229978974,0.39757423891702254,0.8568559584268785,0.4538140783049846,0.0,0.49056603773584906,0.039975682483573416
1253,105,99.05660377358491,106,1,105,0,0,0.009433962264150943,2.088339089227827,2.0548987046677616,1.8191787335850733,1.6424162979809704,1.08976224037935,1.944427895816527,4.952830188679245,3.595323583763093,0.3885113188070084,0.9964977125777894,0.167623764668511,1.0,0.0035022874222105926,0.019940945230260132,1,0,0,0,0,1.0,0.24528301886792453,0.24392840620180342,0.39578455938757606,0.8428008579390351,0.4570204852670684,0.009433962264150943,0.5094339622641509,0.03996678569857841
1254,105,99.05660377358491,106,0,106,0,0,0.0,2.082077177725937,2.0495342282943607,1.7584641682620956,1.6423160274498232,1.0963632783069328,1.942779010327415,4.952830188679245,3.595323583763093,0.3839354378460107,0.0,0.0,0.0,0.0,0.0,0,0,0,0,0,0.0,0.24528301886792453,0.23803308357716038,0.3986369034338078,0.8445182129186077,0.45119976221893926,0.0,0.5471698113207547,0.03993367361604201
1255,104,98.11320754716981,106,1,105,0,0,0.009433962264150943,2.091969269656888,2.0553064257002984,1.7935314138918035,1.6424783206439242,1.0972300670700412,1.9423856021718249,4.952830188679245,3.595323583763093,0.38683064590942773,0.9999999999417923,0.19094927932182942,1.0,5.820766091346741e-11,-0.0023523690062299263,0,1,0,0,0,1.0,0.24528301886792453,0.24196181565342076,0.40939147346988475,0.8308737021730217,0.44425716215043665,0.009433962264150943,0.5283018867924528,0.03998605155843794
1256,104,98.11320754716981,106,0,106,0,0,0.0,2.0920169222189977,2.0557779407345844,1.7732832802709926,1.6425554055300409,1.1012176363281612,1.9523959456655429,4.952830188679245,3.595323583763093,0.3846633478423416,0.0,0.0,0.0,0.0,0.0,0,0,0,0,0,0.0,0.2641509433962264,0.23925918477044736,0.4077693981677746,0.8313536731145612,0.44146269550161527,0.0,0.5283018867924528,0.03998767554679353
1257,104,98.11320754716981,106,0,106,0,0,0.0,2.0796260355614984,2.0432811201836,1.7137092127571754,1.6422702780558758,1.1081297053469765,1.9253872471961204,4.952830188679245,3.595323583763093,0.38289909130939925,0.0,0.0,0.0,0.0,0.0,0,0,0,0,0,0.0,0.2641509433962264,0.2365450084288446,0.4268827028040615,0.8351107557611422,0.4349337491283999,0.0,0.49056603773584906,0.039920595485844805
1258,103,97.16981132075472,106,2,104,0,0,0.018867924528301886,2.0814821261436487,2.047237007034071,1.6685045263827936,1.6420459074594587,1.111740830227695,1.9110497850339125,4.952830188679245,3.595323583763093,0.3843106091672208,0.8278479321473178,0.15768473619352305,1.0,0.17215206785268228,0.021801242192783454,0,2,0,0,0,0.5,0.2641509433962264,0.23655325577089123,0.4401961065076365,0.8308354292736981,0.436483696542776,0.018867924528301886,0.49056603773584906,0.039925842514271545
1259,101,95.28301886792453,106,2,104,0,0,0.018867924528301886,2.081311320107303,2.046805019224695,1.6941970871390315,1.6418836197009572,1.1240211553409665,1.9229141769524192,4.952830188679245,3.595323583763093,0.3821184942821394,0.8843946198999512,0.16732607569865138,1.0,0.11560538010004884,0.007837596631587895,0,2,0,0,0,0.0,0.29245283018867924,0.23517190418030837,0.43252818225455014,0.8534319893345254,0.4369237064388093,0.018867924528301886,0.4716981132075472,0.03992207109906234
1260,102,96.22641509433963,106,0,106,0,0,0.0,2.082707770377194,2.0481293107272247,1.6988424877031973,1.6417620916115376,1.1253734241117193,1.958524092751802,4.952830188679245,3.595323583763093,0.38202100385740057,0.0,0.0,0.0,0.0,0.0,0,0,0,0,0,0.0,0.25471698113207547,0.23565033971548402,0.4350862212173651,0.8543521215499419,0.43990817129080517,0.0,0.4716981132075472,0.0399268686863819
1261,102,96.22641509433963,106,0,106,0,0,0.0,2.085887015233211,2.0507933263497633,1.7114681731027042,1.6417215568357404,1.1251163574284788,1.974727951019075,4.952830188679245,3.595323583763093,0.3838646675018691,0.0,0.0,0.0,0.0,0.0,0,0,0,0,0,0.0,0.27358490566037735,0.23785759919445562,0.4463659102863428,0.8214862849811597,0.4430882348370697,0.0,0.4716981132075472,0.039942036232485045
1262,101,95.28301886792453,106,1,105,0,0,0.009433962264150943,2.079423543301933,2.0420904105604776,1.687975119758138,1.6414882273870641,1.1200887362072718,1.9742779122612575,4.952830188679245,3.595323583763093,0.38524889598638934,0.6619208457528237,0.1558074599313451,1.0,0.3380791542471763,-0.0006943198806386164,0,1,0,0,0,0.0,0.2830188679245283,0.23855641890029838,0.45555145668575686,0.8520606121521961,0.44501171639297726,0.009433962264150943,0.4716981132075472,0.039905524398480594
1263,103,97.16981132075472,106,1,105,0,0,0.009433962264150943,2.0792193176245726,2.0405068729856444,1.7014238743350616,1.6411761558450118,1.1342888112945986,1.986760056184108,4.952830188679245,3.595323583763093,0.3851067427460946,0.6950606343831033,0.16121010304037647,1.0,0.3049393656168967,0.012245390094460573,0,1,0,0,0,0.0,0.2830188679245283,0.23887920408513472,0.46197321128681135,0.851139040032564,0.4366760139263053,0.009433962264150943,0.4716981132075472,0.039898893279218986
1264,105,99.05660377358491,106,0,106,0,0,0.0,2.0716420997867537,2.0335313753751754,1.6920431337118165,1.640660188960488,1.1335328947530452,1.954378832814777,4.952830188679245,3.595323583763093,0.3859358623127931,0.0,0.0,0.0,0.0,0.0,0,0,0,0,0,0.0,0.2830188679245283,0.23948527914982645,0.4590524202810228,0.8491389102660893,0.43974689159478164,0.0,0.4716981132075472,0.03985173185048804
1265,105,99.05660377358491,106,0,106,0,0,0.0,2.078904361354651,2.041363297929392,1.7203381654306107,1.6403880391219712,1.1196130944692735,1.954350774706307,4.952830188679245,3.595323583763093,0.3842189339580844,0.0,0.0,0.0,0.0,0.0,0,0,0,0,0,0.0,0.2830188679245283,0.23791866078729676,0.43593635957357435,0.8537986379499118,0.4414576339691323,0.0,0.4716981132075472,0.03988315082466384
1266,104,98.11320754716981,106,1,105,0,0,0.009433962264150943,2.094098404886013,2.060624487581624,1.7923818442351815,1.640542741997912,1.0992807644492326,1.9115280564373232,4.952830188679245,3.595323583763093,0.38727694251877653,0.8008639810089119,0.17491632798068246,1.0,0.19913601899108813,0.0015396069794979539,1,0,0,0,0,0.0,0.2830188679245283,0.24225495604117875,0.43409606047868077,0.8882801264221609,0.4508924269424209,0.009433962264150943,0.41509433962264153,0.03996190207681238
1267,104,98.11320754716981,106,0,106,0,0,0.0,2.096037304231408,2.062399614291681,1.9052622900689846,1.6408798736724017,1.0883713899726524,1.9351971628250402,4.952830188679245,3.595323583763093,0.39118666513891265,0.0,0.0,0.0,0.0,0.0,0,0,0,0,0,0.0,0.2641509433962264,0.24934106946037893,0.4113295343264386,0.8608787605386007,0.45812224103615024,0.0,0.4528301886792453,0.03997765706083999
1268,105,99.05660377358491,106,0,106,0,0,0.0,2.12199971485302,2.0872882851613475,1.995502658801187,1.6419207469750599,1.0698067764746229,1.9226198151321303,4.952830188679245,3.595323583763093,0.39557206359043273,0.0,0.0,0.0,0.0,0.0,0,0,0,0,0,0.0,0.2641509433962264,0.25506413105697195,0.41328631330575394,0.8592761382291808,0.462832161197661,0.0,0.4528301886792453,0.040126180495611834
1269,105,99.05660377358491,106,0,106,0,0,0.0,2.1242961497468325,2.0889637257816434,2.05020982311753,1.6429723875237934,1.0592705732136272,1.940108704853813,4.952830188679245,3.595323583763093,0.39772389042867307,0.0,0.0,0.0,0.0,0.0,0,0,0,0,0,0.0,0.25471698113207547,0.2588385296633766,0.4104569020145928,0.8667420941313486,0.4656118148417947,0.0,0.49056603773584906,0.04015656761041341
1270,104,98.11320754716981,106,1,104,0,1,0.009433962264150943,2.126823690658733,2.0898422438775355,1.977677415174851,1.6440579054486861,1.0554083915159733,1.9360580734991533,4.952830188679245,3.595323583763093,0.39550456106297927,0.9118897867225895,0.1731477962356302,1.0,0.08811021327741053,0.007175140678530645,1,1,0,0,0,0.5,0.27358490566037735,0.25465630158916597,0.4197747094957148,0.8432523780310113,0.45825324447845617,0.009433962264150943,0.5283018867924528,0.040188719255952736
1271,105,99.05660377358491,106,0,106,0,0,0.0,2.132953125766593,2.094683884666417,2.060285292162927,1.6451972348119255,1.055285276034264,1.9358213964421807,4.952830188679245,3.595323583763093,0.39714912286122095,0.0,0.0,0.0,0.0,0.0,0,0,0,0,0,0.0,0.27358490566037735,0.2584879225883857,0.40853283027505677,0.8651701476036745,0.46170393521261854,0.0,0.4528301886792453,0.04023984772013868
1272,103,97.16981132075472,106,2,104,0,0,0.018867924528301886,2.1271901108055475,2.086848292107995,1.978689553690549,1.6461542570885974,1.083023204059096,1.9688778245236969,4.952830188679245,3.595323583763093,0.3959057859529145,0.9999307891020804,0.16139109310241512,1.0,6.921089791955826e-05,-0.004862600794652283,0,2,0,0,0,1.0,0.2641509433962264,0.25521567156748476,0.4160605312985075,0.8465093093884619,0.4501318312813111,0.018867924528301886,0.509433962264151,0.04022823666914098
1273,103,97.16981132075472,106,0,106,0,0,0.0,2.1201310811921674,2.0802422623479133,1.938222598648591,1.6468028373844519,1.098020086660968,1.9786169566804344,4.952830188679245,3.595323583763093,0.3950476800522751,0.0,0.0,0.0,0.0,0.0,0,0,0,0,0,0.0,0.27358490566037735,0.25381169852112184,0.43120384071711365,0.8401996109044184,0.4481212955833353,0.0,0.4716981132075472,0.04020460080124232
1274,103,97.16981132075472,106,0,106,0,0,0.0,2.12047271714857,2.0804884248246736,2.0242179694074722,1.647435179390035,1.0981493033144125,1.9818345577957217,4.952830188679245,3.595323583763093,0.39750785328768123,0.0,0.0,0.0,0.0,0.0,0,0,0,0,0,0.0,0.2641509433962264,0.2589185355097995,0.4204423451899399,0.8532358038393569,0.4506636828597105,0.0,0.4716981132075472,0.04021767635165273
1275,104,98.11320754716981,106,0,106,0,0,0.0,2.1193191773289386,2.079496039286238,2.052056303295124,1.6480162430773175,1.0845797738192677,1.957030401016459,4.952830188679245,3.595323583763093,0.3976715255495724,0.0,0.0,0.0,0.0,0.0,0,0,0,0,0,0.0,0.2641509433962264,0.2598754848316115,0.421471731302187,0.8428760793372592,0.45291012632182914,0.0,0.4716981132075472,0.040222354212447346
1276,104,98.11320754716981,106,0,106,0,0,0.0,2.1221354814557256,2.081860887981608,2.0433305432684072,1.6486444348151061,1.081687162201957,1.9601390162280021,4.952830188679245,3.595323583763093,0.3970520537957858,0.0,0.0,0.0,0.0,0.0,0,0,0,0,0,0.0,0.25471698113207547,0.2589414604625208,0.41462660244036587,0.843084221336188,0.45493902766923927,0.0,0.509433962264151,0.04024772849593126
1277,106,100.0,106,0,106,0,0,0.0,2.1204130830342067,2.0805377908201486,1.9734030912260923,1.6492119853277694,1.0865271893531045,1.9651238888281146,4.952830188679245,3.595323583763093,0.39433173336176597,0.0,0.0,0.0,0.0,0.0,0,0,0,0,0,0.0,0.27358490566037735,0.2543253212251279,0.42337798320435244,0.8580186505840337,0.44850775148819066,0.0,0.4339622641509434,0.040249319142539444
1278,106,100.0,106,0,106,0,0,0.0,2.1343561092070797,2.093896897350656,2.0136270173946826,1.6501433730491377,1.0682393220294704,1.935597542065855,4.952830188679245,3.595323583763093,0.3963175514958768,0.0,0.0,0.0,0.0,0.0,0,0,0,0,0,0.0,0.2641509433962264,0.25623046585717585,0.41886690668462384,0.8712041265928219,0.4504612833027369,0.0,0.4339622641509434,0.04033577747460512
1279,106,100.0,106,0,106,0,0,0.0,2.108927418017793,2.0696217849762983,1.9393485082678594,1.6503430592959598,1.0908105513610342,1.9647435419958725,4.952830188679245,3.595323583763093,0.3937586677844702,0.0,0.0,0.0,0.0,0.0,0,0,0,0,0,0.0,0.2641509433962264,0.25292859660088046,0.4114319360994235,0.8444686389166518,0.44732073031348785,0.0,0.4716981132075472,0.040212223702021446
1280,106,100.0,106,0,106,0,0,0.0,2.1097464154158994,2.070576466804039,1.9155452098565213,1.650563025296778,1.083186613531706,1.9440285768208325,4.952830188679245,3.595323583763093,0.3936291887739072,0.0,0.0,0.0,0.0,0.0,0,0,0,0,0,0.0,0.2641509433962264,0.251553801260304,0.4153635813885631,0.8605731919023918,0.4485444840478679,0.0,0.4716981132075472,0.04022027293376382
1281,106,100.0,106,0,106,0,0,0.0,2.124143804305856,2.083595103103206,2.0086202044653128,1.6511495324890115,1.0798717491576186,1.9241496451538058,4.952830188679245,3.595323583763093,0.39762830512423797,0.0,0.0,0.0,0.0,0.0,0,0,0,0,0,0.0,0.25471698113207547,0.2577836702330329,0.4181516843728653,0.8383114323389933,0.4520543855161722,0.0,0.4716981132075472,0.04030280329391502
1282,106,100.0,106,0,106,0,0,0.0,2.1327546506542574,2.091733830246164,2.15772660454963,1.651949043710953,1.073006582038396,1.946235083066761,4.952830188679245,3.595323583763093,0.40267861284778195,0.0,0.0,0.0,0.0,0.0,0,0,0,0,0,0.0,0.2641509433962264,0.2663783637928626,0.4028368408667541,0.830667725984723,0.4599621994685143,0.0,0.4716981132075472,0.04036023003341568
1283,106,100.0,106,0,105,1,0,0.0,2.126573348514014,2.0855782221707795,2.1459235780755046,1.652542758694291,1.066739680411078,1.9405110438316366,4.952830188679245,3.595323583763093,0.40297520708080103,0.2968545035632844,0.1758032151539726,0.0,0.2968545035632844,-0.051464911910956035,0,0,0,1,0,0.0,0.2641509433962264,0.2666441387973118,0.40495192378807304,0.8350244957407054,0.4586050031813622,0.0,0.4716981132075472,0.0403399965101226
1284,106,100.0,106,0,106,0,0,0.0,2.1081384791145705,2.0681824359791148,2.126544574517626,1.6526147798599884,1.0679150352238151,1.9522429101601504,4.952830188679245,3.595323583763093,0.40087718390290994,0.0,0.0,0.0,0.0,0.0,0,0,0,0,0,0.0,0.27358490566037735,0.2645645186949896,0.3895716317771169,0.8322774651260432,0.4570286095864651,0.0,0.4716981132075472,0.0402491168601032
1285,106,100.0,106,0,106,0,0,0.0,2.1086666154460447,2.0679052463329706,2.2522296515684586,1.6526762389399545,1.0657963418018641,1.9548577109335934,4.952830188679245,3.595323583763093,0.4044365224555835,0.0,0.0,0.0,0.0,0.0,0,0,0,0,0,0.0,0.2830188679245283,0.27224135402212424,0.3898079386859407,0.8533004226511243,0.46100606113049414,0.0,0.4716981132075472,0.04025286236815876
1286,105,99.05660377358491,106,1,105,0,0,0.009433962264150943,2.1088670745296447,2.0668703757076266,2.251733651215631,1.6527323802725893,1.0654477515032978,1.9636804220934923,4.952830188679245,3.595323583763093,0.4064874708937307,0.9591158485689595,0.18898920966443744,1.0,0.040884151431040516,-0.06612593305104064,0,1,0,0,0,1.0,0.2641509433962264,0.27491809064381406,0.4080806206387846,0.8622369552402391,0.4529040034969928,0.009433962264150943,0.4339622641509434,0.040254873894862986
1287,105,99.05660377358491,106,0,106,0,0,0.0,2.094306298877844,2.0528190403583273,2.168207607312514,1.6523556929001455,1.075220074550003,1.9912589715767888,4.952830188679245,3.595323583763093,0.39997067329295666,0.0,0.0,0.0,0.0,0.0,0,0,0,0,0,0.0,0.27358490566037735,0.2671833923623336,0.4098568645216982,0.8606612270259129,0.4476896467427181,0.0,0.4339622641509434,0.040175298451634714
1288,105,99.05660377358491,106,0,106,0,0,0.0,2.0796539796140863,2.038698086111163,2.132695130748368,1.6515863934589996,1.0817064062846244,2.011714691369613,4.952830188679245,3.595323583763093,0.3988027909510139,0.0,0.0,0.0,0.0,0.0,0,0,0,0,0,0.0,0.25471698113207547,0.26559950018251766,0.40506833149261284,0.8744360500140009,0.4456563917826373,0.0,0.4339622641509434,0.04008820745319729
1289,105,99.05660377358491,106,0,106,0,0,0.0,2.0962575022747925,2.0550257141095885,2.221031495958294,1.6513143776701682,1.0841688125510889,2.0031485070138784,4.952830188679245,3.595323583763093,0.3990932268522216,0.0,0.0,0.0,0.0,0.0,0,0,0,0,0,0.0,0.2641509433962264,0.26789833881193115,0.3849002325030179,0.8535164775804032,0.45169245599565877,0.0,0.4339622641509434,0.04016633514259711
1290,105,99.05660377358491,106,0,106,0,0,0.0,2.1122633480462873,2.0703457212269827,2.3028136189915007,1.6514927847922851,1.0577025678910266,1.9714743335300706,4.952830188679245,3.595323583763093,0.40056961413082526,0.0,0.0,0.0,0.0,0.0,0,0,0,0,0,0.0,0.2641509433962264,0.2708996792146949,0.3837803588325325,0.8763834414739409,0.45383321785884245,0.0,0.39622641509433965,0.04024957152812288
1291,106,100.0,106,0,106,0,0,0.0,2.1258057263636547,2.0835186358577147,2.3209767056072788,1.6520436647261754,1.0761699030087872,2.010440841180775,4.952830188679245,3.595323583763093,0.3994182296211046,0.0,0.0,0.0,0.0,0.0,0,0,0,0,0,0.0,0.24528301886792453,0.27012168893472455,0.3881664491291776,0.8479074577882613,0.45169090018704317,0.0,0.4339622641509434,0.0403271863778004
1292,106,100.0,106,0,106,0,0,0.0,2.145080593821777,2.10200660130403,2.421655165795481,1.6531065004893637,1.0617661596001955,1.9863084710654912,4.952830188679245,3.595323583763093,0.40045123196551824,0.0,0.0,0.0,0.0,0.0,0,0,0,0,0,0.0,0.24528301886792453,0.2727995179020357,0.39117398615545657,0.8561572633119334,0.4543421878019783,0.0,0.39622641509433965,0.04044266690751631
1293,106,100.0,106,0,106,0,0,0.0,2.1587174625796273,2.114386519332985,2.47121377686384,1.6544872023577377,1.071087809106857,1.9908042291016323,4.952830188679245,3.595323583763093,0.40378022568038796,0.0,0.0,0.0,0.0,0.0,0,0,0,0,0,0.0,0.25471698113207547,0.276892451974523,0.403328729982163,0.8506209200643884,0.4563606903895554,0.0,0.4716981132075472,0.04053567160125311
1294,105,99.05660377358491,106,1,103,0,2,0.009433962264150943,2.160441807451064,2.112694419133791,2.463551613630621,1.6558851447109812,1.0779885589536036,1.997245316835811,4.952830188679245,3.595323583763093,0.405033455851574,0.9634447610201867,0.17338643611510693,1.0,0.03655523897981342,0.0072700636072392895,0,3,0,0,0,0.6666666666666666,0.24528301886792453,0.27798601751032215,0.39670925830789555,0.8519445438180757,0.46486638654942875,0.009433962264150943,0.4528301886792453,0.04056942360116708
1295,104,98.11320754716981,106,1,105,0,0,0.009433962264150943,2.161480161229262,2.111606955392527,2.476295591842875,1.6571392876173316,1.0899207352937248,2.014332964699873,4.952830188679245,3.595323583763093,0.4035126062506049,0.958997663472924,0.13823076856812755,1.0,0.04100233652707597,0.0006404257619082587,1,0,0,0,0,1.0,0.2358490566037736,0.27687027724927615,0.40164056816172045,0.8517920562168937,0.46056134479160055,0.009433962264150943,0.41509433962264153,0.040597160617901126
1296,102,96.22641509433963,106,2,104,0,0,0.018867924528301886,2.1712390094614356,2.1256795832086324,2.4495184728824606,1.6585912290819993,1.0908611762935838,2.0212641479309514,4.952830188679245,3.595323583763093,0.39829578212738714,0.8891328714359593,0.14087509987670715,1.0,0.11086712856404068,0.01413794199372792,0,2,0,0,0,0.5,0.19811320754716982,0.27018055624802395,0.4033248739811152,0.83078621817988,0.4505217300522697,0.018867924528301886,0.4339622641509434,0.040672055856012815
1297,101,95.28301886792453,106,1,105,0,0,0.009433962264150943,2.1695369419145805,2.1307107052524055,2.313641833516911,1.6600841335000107,1.1129377846235382,2.0279509040580717,4.952830188679245,3.595323583763093,0.39475307602584353,0.9767137000337627,0.15721333892095524,1.0,0.023286299966237323,0.00980176042580816,0,1,0,0,0,1.0,0.19811320754716982,0.2630424511585532,0.41245160452476737,0.8552254386848575,0.4460662158000663,0.009433962264150943,0.4528301886792453,0.04069038289059044
1298,101,95.28301886792453,106,0,105,1,0,0.0,2.1659150466270662,2.126677870530012,2.371099606153317,1.6615674979618447,1.1037313776830953,2.0191954541254566,4.952830188679245,3.595323583763093,0.3963308727383985,0.6124836744360526,0.1718142533051875,1.0,0.38751632556394744,0.014642096489290157,0,0,0,1,0,0.0,0.20754716981132076,0.26633598489609683,0.41636061517445333,0.8308302415132726,0.4450113377468473,0.0,0.4528301886792453,0.04069893929031761
1299,102,96.22641509433963,106,0,106,0,0,0.0,2.151792585616507,2.1129793166587008,2.2373210837588005,1.6626035248009736,1.1198947414298224,1.9801787455756508,4.952830188679245,3.595323583763093,0.3933856760080201,0.0,0.0,0.0,0.0,0.0,0,0,0,0,0,0.0,0.22641509433962265,0.2604503088668157,0.4276009912065863,0.842332840825643,0.44030776673865574,0.0,0.4528301886792453,0.04064695124390547
1300,103,97.16981132075472,106,0,106,0,0,0.0,2.1414602965726672,2.1030049009713263,2.1930063760564824,1.6633154131071801,1.1413876889135435,2.059822240330621,4.952830188679245,3.595323583763093,0.389231809133187,0.0,0.0,0.0,0.0,0.0,0,0,0,0,0,0.0,0.2169811320754717,0.2563432948937949,0.42599155773696895,0.8484909204056477,0.4361739018217435,0.0,0.4528301886792453,0.04060808714276782
1301,105,99.05660377358491,106,0,106,0,0,0.0,2.1668350690134086,2.1268954961103392,2.406890216838933,1.6646888620862914,1.1042087809370664,2.0292793774551603,4.952830188679245,3.595323583763093,0.3962535865392267,0.0,0.0,0.0,0.0,0.0,0,0,0,0,0,0.0,0.22641509433962265,0.2679968835719746,0.4223732512363027,0.8507580912110452,0.4469698277685264,0.0,0.4528301886792453,0.0407596509725
1302,106,100.0,106,0,106,0,0,0.0,2.1406073713584783,2.101760645434395,2.248346693720971,1.6652899877590688,1.124109278524871,2.0513438562077235,4.952830188679245,3.595323583763093,0.393415018141019,0.0,0.0,0.0,0.0,0.0,0,0,0,0,0,0.0,0.20754716981132076,0.26183467746989925,0.4216553618045357,0.8410120386591954,0.44320395806457497,0.0,0.4528301886792453,0.040639318690766056
1303,105,99.05660377358491,106,1,105,0,0,0.009433962264150943,2.163956096653408,2.1229987329839917,2.3950517031455156,1.666518314855225,1.1196052598868966,2.0435214070772534,4.952830188679245,3.595323583763093,0.398201943801606,0.9991826385760421,0.19001084741554014,1.0,0.0008173614239579408,0.014667498008116953,0,1,0,0,0,1.0,0.2641509433962264,0.26925990286280427,0.4158521918597603,0.8692454568706343,0.4473487551954809,0.009433962264150943,0.4528301886792453,0.04077814348412763
1304,103,97.16981132075472,106,2,104,0,0,0.018867924528301886,2.1578174548210534,2.1222434170370454,2.540015069631491,1.6674757377793712,1.122696603500494,2.047774076102298,4.952830188679245,3.595323583763093,0.400141848511933,0.8671844964719706,0.17510824552263826,1.0,0.13281550352802945,0.01382091085282311,1,1,0,0,0,0.5,0.24528301886792453,0.275602321621493,0.38939922918669584,0.8605056815532797,0.45159110112228845,0.018867924528301886,0.4716981132075472,0.04076466150105995
1305,101,95.28301886792453,106,2,104,0,0,0.018867924528301886,2.156874528502416,2.1133898307987122,2.3447128733865257,1.6685479290594298,1.1355900757170625,2.056228525703999,4.952830188679245,3.595323583763093,0.3975049494879268,0.8017458236629555,0.18257934156500166,1.0,0.1982541763370444,-0.007842344731809892,0,2,0,0,0,0.5,0.24528301886792453,0.26861772681590806,0.4241409229590616,0.8303671469159573,0.4459950517465834,0.018867924528301886,0.49056603773584906,0.040779221242444263
1306,101,95.28301886792453,106,1,105,0,0,0.009433962264150943,2.142531352021556,2.101615906460263,2.2718668898619696,1.668953863340092,1.139838291660471,2.057772894065523,4.952830188679245,3.595323583763093,0.3955651929515349,0.8176699571913878,0.1607177939059887,1.0,0.1823300428086122,-0.002978104488740696,0,1,0,0,0,0.0,0.2641509433962264,0.26514165716611005,0.4072167891219793,0.8610497426490069,0.4493768074871675,0.009433962264150943,0.4339622641509434,0.04071480268550358
1307,101,95.28301886792453,106,0,106,0,0,0.0,2.154438471508971,2.111826079623032,2.4113639939602667,1.6696911563602974,1.130368402904925,2.053560337902077,4.952830188679245,3.595323583763093,0.40146599746287914,0.0,0.0,0.0,0.0,0.0,0,0,0,0,0,0.0,0.2641509433962264,0.27428694488725763,0.413463804417997,0.8480322392189829,0.45394611309479266,0.0,0.4716981132075472,0.04078759231785909
1308,102,96.22641509433963,106,0,106,0,0,0.0,2.1727082711027346,2.128989255897765,2.6289400210525664,1.6708955986901286,1.1226097881146584,2.06026214305168,4.952830188679245,3.595323583763093,0.4044637826513573,0.0,0.0,0.0,0.0,0.0,0,0,0,0,0,0.0,0.25471698113207547,0.28248572797050814,0.3978914761075665,0.8532770404326966,0.4577570497445243,0.0,0.4339622641509434,0.04090059311539653
1309,104,98.11320754716981,106,0,106,0,0,0.0,2.193024274939334,2.148896284223107,2.7463170004316577,1.6726293150881886,1.120742287863374,2.0618663349146833,4.952830188679245,3.595323583763093,0.4058351165491405,0.0,0.0,0.0,0.0,0.0,0,0,0,0,0,0.0,0.25471698113207547,0.2858693400352121,0.38879299165774445,0.8575144320112286,0.4550488362217714,0.0,0.4716981132075472,0.04103333949184704
1310,103,97.16981132075472,106,2,104,0,0,0.018867924528301886,2.1910693090388285,2.1459275773606215,2.6082175761191917,1.6742612315807108,1.1257269767327265,2.0663670931144953,4.952830188679245,3.595323583763093,0.4045795750253849,0.9957084866108216,0.14708182136320472,1.0,0.004291513389178436,-0.001714305995938692,0,2,0,0,0,1.0,0.25471698113207547,0.28056494050810965,0.3989305629750591,0.8487060308006825,0.45435186989010157,0.018867924528301886,0.4716981132075472,0.041052901001605996
1311,104,98.11320754716981,106,0,105,1,0,0.0,2.1798296517566498,2.1351798877474533,2.532644186977771,1.6754794235158474,1.1085569324921085,2.0516406629838677,4.952830188679245,3.595323583763093,0.40139093898388456,0.6465894793128821,0.1746606194593413,1.0,0.35341052068711787,0.024245959584688448,0,0,0,1,0,0.0,0.25471698113207547,0.2758675247308775,0.3939789707401204,0.8556136006906546,0.45734437937897293,0.0,0.4716981132075472,0.041018601686164835
1312,103,97.16981132075472,106,2,103,1,0,0.018867924528301886,2.189386680248288,2.140648934853685,2.527663885323443,1.6769196686065115,1.1137231388194413,2.0476138172957907,4.952830188679245,3.595323583763093,0.4025337370594779,0.83706091309364,0.1516207390971608,1.0,0.16293908690636008,0.006885255196769413,0,2,0,1,0,0.3333333333333333,0.25471698113207547,0.2762425913928781,0.3879864210111117,0.844360457485114,0.45995679517635746,0.018867924528301886,0.5094339622641509,0.041092277564327345
1313,102,96.22641509433963,106,1,103,1,1,0.009433962264150943,2.196151180397014,2.148691602615787,2.5972087772391994,1.6783858421066653,1.1139418270766155,2.0530711281739733,4.952830188679245,3.595323583763093,0.40397293342034857,0.8194425718178916,0.1289148770733419,1.0,0.1805574281821084,0.0025364831100166594,0,2,0,1,0,0.3333333333333333,0.2641509433962264,0.2793051911313756,0.3874755424881777,0.844360457485114,0.45869862051231025,0.009433962264150943,0.5094339622641509,0.04115245690588594
1314,101,95.28301886792453,106,1,105,0,0,0.009433962264150943,2.1719767860552412,2.1254725950256854,2.3372980625506066,1.6791913861848942,1.126688259212213,2.06327468621409,4.952830188679245,3.595323583763093,0.39761239258331194,0.6470616556972671,0.17130125448185213,1.0,0.35293834430273285,-0.007108428874146311,0,1,0,0,0,0.0,0.25471698113207547,0.2667633818082454,0.41032613390745726,0.8582072604621158,0.450630578906215,0.009433962264150943,0.5094339622641509,0.04104606589228815
1315,102,96.22641509433963,106,0,106,0,0,0.0,2.1512971447968803,2.1058358327283644,2.204405366304607,1.6793883121244035,1.1405836106776575,2.0707895420723452,4.952830188679245,3.595323583763093,0.3926157551325933,0.0,0.0,0.0,0.0,0.0,0,0,0,0,0,0.0,0.25471698113207547,0.25908127077424786,0.4095337390777482,0.8655182311127376,0.4455551416105883,0.0,0.4716981132075472,0.04094620774836921
1316,102,96.22641509433963,106,0,106,0,0,0.0,2.1485045814618053,2.103380599420398,2.2144692694712655,1.6795075390734413,1.1403155920026065,2.071250953911886,4.952830188679245,3.595323583763093,0.3926077824670158,0.0,0.0,0.0,0.0,0.0,0,0,0,0,0,0.0,0.25471698113207547,0.25926417281772557,0.4082188703567475,0.8611132598877218,0.44707232863111257,0.0,0.4716981132075472,0.04093438822900232
1317,104,98.11320754716981,106,0,106,0,0,0.0,2.1325539505912467,2.0881828120231694,2.291639274252605,1.6791853517202597,1.1211749277887562,2.0151169655256904,4.952830188679245,3.595323583763093,0.3931034553507975,0.0,0.0,0.0,0.0,0.0,0,0,0,0,0,0.0,0.22641509433962265,0.26237353175268036,0.38013766833837814,0.8730722663604247,0.45033047875716076,0.0,0.4339622641509434,0.040848843235703106
1318,104,98.11320754716981,106,1,105,0,0,0.009433962264150943,2.14251146093964,2.1006939514094554,2.2112391882839004,1.6791527103540231,1.1329824455672397,2.014760707476754,4.952830188679245,3.595323583763093,0.38986188140213596,0.67423776746219,0.1608126600753067,1.0,0.32576223253781,0.005345687793401277,0,1,0,0,0,0.0,0.2358490566037736,0.2569155955586305,0.39843551788163273,0.8646127984161209,0.44330721524994543,0.009433962264150943,0.4716981132075472,0.040898044006075884
1319,104,98.11320754716981,106,1,105,0,0,0.009433962264150943,2.1383225011997222,2.0958494814407107,2.152716775025633,1.6790913956486608,1.1455613665093014,2.0164779159686668,4.952830188679245,3.595323583763093,0.38796178449209817,0.9738990955181236,0.1679025222895132,1.0,0.026100904481876408,-0.0017547530054289329,0,1,0,0,0,1.0,0.22641509433962265,0.2535299546196244,0.39929544864853234,0.8619110896489429,0.44331436047538497,0.009433962264150943,0.4716981132075472,0.0408759969763452
1320,104,98.11320754716981,106,0,106,0,0,0.0,2.136983926597955,2.094155449259952,2.2149520861128087,1.6789559585062899,1.117933093792343,2.0309190537574033,4.952830188679245,3.595323583763093,0.389897047789185,0.0,0.0,0.0,0.0,0.0,0,0,0,0,0,0.0,0.25471698113207547,0.25676795510557976,0.3849660595554123,0.860796857690426,0.44976222726600057,0.0,0.4716981132075472,0.04086686940157594
1321,103,97.16981132075472,106,1,105,0,0,0.009433962264150943,2.140858518361823,2.0982714904986155,2.1185966186572496,1.6789538371726649,1.1226357074845226,2.0416095535926844,4.952830188679245,3.595323583763093,0.38992154721663796,0.7531554107777864,0.14310386472613496,1.0,0.24684458922221364,0.000569948540774301,1,0,0,0,0,0.0,0.25471698113207547,0.2536090364971318,0.4049658278470002,0.8585202492920017,0.4447185946957333,0.009433962264150943,0.4716981132075472,0.04088620422599123
1322,103,97.16981132075472,106,0,106,0,0,0.0,2.149306415315283,2.106835120012366,2.113630047788792,1.6791880458569473,1.1210081214466696,2.042583052268638,4.952830188679245,3.595323583763093,0.3896144702738904,0.0,0.0,0.0,0.0,0.0,0,0,0,0,0,0.0,0.24528301886792453,0.25283861791005297,0.41381844733766604,0.8654003665351108,0.44100758898349224,0.0,0.4339622641509434,0.04093265399078914
1323,104,98.11320754716981,106,0,106,0,0,0.0,2.1476313719403537,2.105639425010339,2.019202771417625,1.6793794426976498,1.1008996719788013,2.024656486011892,4.952830188679245,3.595323583763093,0.38542660179100285,0.0,0.0,0.0,0.0,0.0,0,0,0,0,0,0.0,0.24528301886792453,0.24597830427628764,0.42540741579130337,0.8702102830578159,0.4380678386443139,0.0,0.4339622641509434,0.04092771944179067
1324,103,97.16981132075472,106,2,104,0,0,0.018867924528301886,2.1236650697347432,2.0767710954207184,1.838452410229411,1.6789097539663986,1.1388256672613404,2.063457016426438,4.952830188679245,3.595323583763093,0.3810045966569555,0.9094948066330547,0.14853028727416073,1.0,0.09050519336694529,0.016904146886075777,0,2,0,0,0,0.5,0.2641509433962264,0.23854962991562895,0.44873148526153683,0.846643067591792,0.4244558276746979,0.018867924528301886,0.4339622641509434,0.040799444515900146
1325,101,95.28301886792453,106,2,104,0,0,0.018867924528301886,2.1069280337102505,2.0727906242877125,1.7777736069685541,1.677829067721164,1.1580300955078426,2.0840780055443524,4.952830188679245,3.595323583763093,0.3781701881482773,0.9999926207995338,0.12270718071203267,1.0,7.3792004662287525e-06,0.007401040230200107,1,1,0,0,0,1.0,0.25471698113207547,0.23463262676149083,0.4556327656141073,0.8499203173353319,0.42043781538626696,0.018867924528301886,0.41509433962264153,0.040696332252056974
1326,101,95.28301886792453,106,1,105,0,0,0.009433962264150943,2.114301834206359,2.0783213882359086,1.7495809702384677,1.6773409439887892,1.1683520465259984,2.088630415377662,4.952830188679245,3.595323583763093,0.3792740018595351,0.7956414768950393,0.15852199462118807,1.0,0.20435852310496072,0.0014285228649225656,0,1,0,0,0,0.0,0.24528301886792453,0.23426398290124714,0.46926804182561854,0.8595558598516055,0.41823551396544095,0.009433962264150943,0.41509433962264153,0.04072442644070351
1327,99,93.39622641509433,106,2,104,0,0,0.018867924528301886,2.1367101353868354,2.104091817831654,1.8452371304303292,1.677431728506292,1.1551853799215823,2.0825484473066673,4.952830188679245,3.595323583763093,0.382824387160994,0.8111541027179429,0.15835877422631917,1.0,0.18884589728205714,0.003382528405887042,0,2,0,0,0,0.5,0.2169811320754717,0.23920633285869736,0.4681434188157762,0.8682532561700437,0.41849934799831534,0.018867924528301886,0.39622641509433965,0.040838099945189985
1328,99,93.39622641509433,106,0,106,0,0,0.0,2.127446669771775,2.0958712229992726,1.7990040824707878,1.6774053118624177,1.1402664779252103,2.0700170011637566,4.952830188679245,3.595323583763093,0.38072318006888217,0.0,0.0,0.0,0.0,0.0,0,0,0,0,0,0.0,0.20754716981132076,0.23610176540216962,0.4613525887458664,0.8609803577349291,0.4189722640930877,0.0,0.4339622641509434,0.04079130773520105
1329,101,95.28301886792453,106,1,105,0,0,0.009433962264150943,2.105398702330115,2.0753259698041817,1.7041723423648583,1.6767828308235273,1.1446836370717648,2.072412445584681,4.952830188679245,3.595323583763093,0.37582273562144963,0.9703392929834629,0.15804522649733643,1.0,0.029660707016537113,0.008700266403211643,1,0,0,0,0,1.0,0.2169811320754717,0.22923589768498492,0.4630206617193792,0.8529174303701963,0.422663326814475,0.009433962264150943,0.39622641509433965,0.04066987779419492
1330,103,97.16981132075472,106,0,106,0,0,0.0,2.08136268862817,2.0514612495746603,1.6360050654574947,1.6755023983526134,1.1369326292373152,2.0653820253564388,4.952830188679245,3.595323583763093,0.37245294909083904,0.0,0.0,0.0,0.0,0.0,0,0,0,0,0,0.0,0.2169811320754717,0.22517399825011122,0.4607435617988097,0.8459628974183914,0.41989496327986175,0.0,0.3584905660377359,0.040526679880384726
1331,103,97.16981132075472,106,1,105,0,0,0.009433962264150943,2.081742472876887,2.0560292755404674,1.5491676409625736,1.6743102280358821,1.1508882300139631,2.061381619540156,4.952830188679245,3.595323583763093,0.36894579218922496,0.5803306623287536,0.1290563037410335,1.0,0.41966933767124637,-0.0005504224672460145,0,1,0,0,0,0.0,0.22641509433962265,0.21932652084826426,0.4868398345045853,0.8551116098003558,0.4060524048294544,0.009433962264150943,0.39622641509433965,0.04050714761135028
1332,104,98.11320754716981,106,0,106,0,0,0.0,2.082691884335487,2.0578732053856577,1.5274630031517447,1.6733031180836881,1.160862311809102,2.062809623003906,4.952830188679245,3.595323583763093,0.3673702874630702,0.0,0.0,0.0,0.0,0.0,0,0,0,0,0,0.0,0.22641509433962265,0.21723941896080254,0.47732192596684214,0.8771894768999564,0.410514709171982,0.0,0.39622641509433965,0.04049379023783045
1333,103,97.16981132075472,106,1,105,0,0,0.009433962264150943,2.077599672857686,2.0507694989502596,1.5389936915336242,1.672183961883243,1.1605778699787195,2.0748064702081854,4.952830188679245,3.595323583763093,0.36722292604202034,0.9840592500100311,0.16018433889016886,1.0,0.01594074998996886,0.008901188161141604,0,1,0,0,0,1.0,0.24528301886792453,0.21786183758812327,0.47262783224128346,0.8716949431620273,0.4154664515896093,0.009433962264150943,0.39622641509433965,0.040448210537034575
1334,104,98.11320754716981,106,0,106,0,0,0.0,2.083886630388312,2.0575233084715894,1.5077469707291082,1.6712432341384722,1.156765062610835,2.0649406819578178,4.952830188679245,3.595323583763093,0.36503719658045175,0.0,0.0,0.0,0.0,0.0,0,0,0,0,0,0.0,0.22641509433962265,0.21497664167104344,0.47917295173566016,0.8531010773548848,0.41372304710702723,0.0,0.3584905660377358,0.04046273422145433
1335,104,98.11320754716981,106,0,106,0,0,0.0,2.0805660437113853,2.054443224553155,1.4866900951119788,1.6702477374133526,1.1709765670271326,2.0838362260411163,4.952830188679245,3.595323583763093,0.3618718264045373,0.0,0.0,0.0,0.0,0.0,0,0,0,0,0,0.0,0.20754716981132076,0.21197676650146904,0.47337289074231587,0.8726380482490506,0.4104166682030146,0.0,0.3584905660377358,0.04042823562380279
1336,105,99.05660377358491,106,0,106,0,0,0.0,2.0803208744624797,2.053796672588255,1.5091072105655208,1.6692694355085467,1.174277100790834,2.0969397530762315,4.952830188679245,3.595323583763093,0.36504826148538627,0.0,0.0,0.0,0.0,0.0,0,0,0,0,0,0.0,0.19811320754716982,0.21539294020859753,0.4809476423395684,0.8669860358112197,0.4116889658512726,0.0,0.39622641509433965,0.040409423218006314
1337,105,99.05660377358491,106,0,106,0,0,0.0,2.1004453246146975,2.0738849834794864,1.5764866019996189,1.6689040985460863,1.1887976880372415,2.1031723774426934,4.952830188679245,3.595323583763093,0.3660098497333275,0.0,0.0,0.0,0.0,0.0,0,0,0,0,0,0.0,0.19811320754716982,0.2179419512080238,0.474165647785428,0.8668760878065773,0.41023609820744517,0.0,0.3584905660377358,0.04050347794578164
1338,106,100.0,106,0,106,0,0,0.0,2.1152618950004087,2.0893134692320987,1.544148769200035,1.6689956598191025,1.1861545272359426,2.0940705933865686,4.952830188679245,3.595323583763093,0.36605447727262796,0.0,0.0,0.0,0.0,0.0,0,0,0,0,0,0.0,0.22641509433962265,0.2159349661023029,0.49492490396070365,0.8702793935902323,0.41058441978147875,0.0,0.3584905660377358,0.04057920675973136
1339,105,99.05660377358491,106,1,105,0,0,0.009433962264150943,2.11693448660867,2.0902661616411273,1.5534686647611697,1.6691379940481352,1.1745861319352449,2.0855682277980128,4.952830188679245,3.595323583763093,0.36849502202435525,0.9972544727698904,0.18715005799952328,1.0,0.002745527230109568,0.0046376470950852955,0,1,0,0,0,1.0,0.22641509433962265,0.21818373240222202,0.49608400223047927,0.8629714007605471,0.4195961097983599,0.009433962264150943,0.339622641509434,0.04059012840582476
1340,105,99.05660377358491,106,0,106,0,0,0.0,2.111159994938117,2.0849005184645604,1.5508918597831902,1.6690942181332569,1.1685874553800724,2.0860822506235412,4.952830188679245,3.595323583763093,0.3698923444183826,0.0,0.0,0.0,0.0,0.0,0,0,0,0,0,0.0,0.2641509433962264,0.21923142037372326,0.506065052676901,0.8631603912203119,0.42019060260895513,0.0,0.339622641509434,0.04056046900457618
1341,105,99.05660377358491,106,0,106,0,0,0.0,2.114809885373758,2.0884167610140216,1.5602212167207754,1.6691531523422842,1.168585129101494,2.0789265155847962,4.952830188679245,3.595323583763093,0.37126019004655286,0.0,0.0,0.0,0.0,0.0,0,0,0,0,0,0.0,0.25471698113207547,0.22079498086470975,0.5091418806424802,0.8825993762022172,0.420820049115934,0.0,0.339622641509434,0.04057977789451242
1342,105,99.05660377358491,106,0,106,0,0,0.0,2.0934633365824475,2.0684333571162794,1.4889100108926636,1.6686351932492567,1.1595122532046056,2.080635259128727,4.952830188679245,3.595323583763093,0.367927999985584,0.0,0.0,0.0,0.0,0.0,0,0,0,0,0,0.0,0.22641509433962265,0.21574923940003563,0.5045365771336848,0.8639021481667846,0.4172518124536646,0.0,0.37735849056603776,0.040463733997842935
1343,104,98.11320754716981,106,2,104,0,0,0.018867924528301886,2.097992204845909,2.067089038322356,1.4717583882586291,1.6682785793593735,1.1417702275635842,2.05806016307118,4.952830188679245,3.595323583763093,0.36581167045240304,0.841138328283693,0.16018832919412168,1.0,0.15886167171630705,0.019752372726224765,0,2,0,0,0,0.5,0.20754716981132076,0.21291169547865474,0.5016113251294257,0.8891292949165932,0.4077197649466794,0.018867924528301886,0.37735849056603776,0.040479967627517266
1344,104,98.11320754716981,106,0,106,0,0,0.0,2.1077504428454126,2.0761384473844697,1.4910924601466657,1.6680136823371072,1.1447533476750458,2.0294202119617113,4.952830188679245,3.595323583763093,0.3676807329028362,0.0,0.0,0.0,0.0,0.0,0,0,0,0,0,0.0,0.2358490566037736,0.2152106156436551,0.5124732649225736,0.885147942881272,0.4100172788095612,0.0,0.37735849056603776,0.040523996864957675
1345,103,97.16981132075472,106,1,105,0,0,0.009433962264150943,2.123807844999234,2.090060380696307,1.544144519878252,1.668223140887091,1.1377191163548126,2.042653450743556,4.952830188679245,3.595323583763093,0.37072677602408355,0.598675138618067,0.17027820558304907,1.0,0.401324861381933,-0.046805725692139255,0,1,0,0,0,0.0,0.2358490566037736,0.218981778737003,0.5167823150801641,0.8704780525357795,0.4147141658804724,0.009433962264150943,0.39622641509433965,0.040608049232049664
1346,102,96.22641509433963,106,1,104,0,1,0.009433962264150943,2.1319746459381754,2.096688058755907,1.566338885338286,1.668594821922227,1.1601321759589862,2.0696520593498113,4.952830188679245,3.595323583763093,0.3706331194044703,0.9963797366557801,0.18361839195446578,1.0,0.0036202633442199983,0.001754869286823002,0,2,0,0,0,1.0,0.22641509433962265,0.2196594894295932,0.5150991696833341,0.8697655162134386,0.4187064563678393,0.009433962264150943,0.41509433962264153,0.040655564804700686
1347,102,96.22641509433963,106,0,106,0,0,0.0,2.1355293302639615,2.099972589686781,1.591513348128796,1.669004086587863,1.144301766046,2.0567810419465458,4.952830188679245,3.595323583763093,0.37300087048325725,0.0,0.0,0.0,0.0,0.0,0,0,0,0,0,0.0,0.2641509433962264,0.22272216043346543,0.5135592112120171,0.8656069757642121,0.4238252485672485,0.0,0.41509433962264153,0.040680695420851426
1348,103,97.16981132075472,106,1,105,0,0,0.009433962264150943,2.133926317229122,2.0992153318640745,1.541892144031872,1.6693537796773439,1.1397438216038387,2.043252617792577,4.952830188679245,3.595323583763093,0.36931875507070844,0.937151630980005,0.15987727507686655,1.0,0.06284836901999502,-0.019968611194903785,0,1,0,0,0,0.0,0.24528301886792453,0.21783295555355509,0.5202047688714729,0.8621804352278588,0.4172299298556408,0.009433962264150943,0.41509433962264153,0.04067896665473567
1349,103,97.16981132075472,106,0,106,0,0,0.0,2.1420879086102316,2.1075067219782277,1.5432497014686963,1.6699524585039045,1.1260276962912084,2.031066767191828,4.952830188679245,3.595323583763093,0.3693127124388551,0.0,0.0,0.0,0.0,0.0,0,0,0,0,0,0.0,0.25471698113207547,0.21722347664489586,0.5208305698160367,0.8621804352278588,0.42046169729941046,0.0,0.41509433962264153,0.04073053683216239
1350,104,98.11320754716981,106,1,105,0,0,0.009433962264150943,2.1246638667252227,2.086918142981053,1.5338418965842904,1.6700199508306695,1.1384865857947428,2.0349343599069187,4.952830188679245,3.595323583763093,0.36754554223899794,0.9896473770475391,0.17481527798574378,1.0,0.010352622952460866,0.012265925963261592,0,1,0,0,0,1.0,0.25471698113207547,0.21643728928016787,0.5186863043779519,0.8660582738906046,0.4109834134383974,0.009433962264150943,0.3773584905660377,0.04064462990650805
1351,104,98.11320754716981,106,1,105,0,0,0.009433962264150943,2.116573863810802,2.0777110224137547,1.4607452788691586,1.669781906179888,1.1552042891276584,2.0577353216626393,4.952830188679245,3.595323583763093,0.36444792559977746,0.9978482190003868,0.1800240454747,1.0,0.0021517809996132176,-0.0017332346588785352,1,0,0,0,0,1.0,0.25471698113207547,0.21192723464189342,0.525876608340048,0.8380767707389151,0.41479128057226755,0.009433962264150943,0.4339622641509434,0.04059990065420123
1352,103,97.16981132075472,106,1,105,0,0,0.009433962264150943,2.1200166517881223,2.080365634590116,1.5292668217614012,1.6696110638041557,1.1394063539323587,2.0403921124813773,4.952830188679245,3.595323583763093,0.36565461718934045,0.9918439796412187,0.1920663564201582,1.0,0.008156020358781269,0.010227154642326486,0,1,0,0,0,1.0,0.2641509433962264,0.21442821379043173,0.51140437529966,0.8509455907799937,0.41517138017412475,0.009433962264150943,0.41509433962264153,0.04061404342597495
1353,102,96.22641509433963,106,1,105,0,0,0.009433962264150943,2.134369494345354,2.0917754518882163,1.5976012777804662,1.669818504207986,1.1376915717211147,2.031041202474848,4.952830188679245,3.595323583763093,0.36768490331371617,0.7147243231872429,0.1543379906959424,1.0,0.2852756768127571,-0.001088137020509694,0,1,0,0,0,0.0,0.27358490566037735,0.21765994050527002,0.5069031714798647,0.8518358699041211,0.4188835873323763,0.009433962264150943,0.41509433962264153,0.04068953671564169
1354,102,96.22641509433963,106,0,106,0,0,0.0,2.125743438229703,2.0836637726001728,1.5867182350974678,1.6697146897382538,1.128467080899209,1.9776800358138227,4.952830188679245,3.595323583763093,0.3673386649297403,0.0,0.0,0.0,0.0,0.0,0,0,0,0,0,0.0,0.25471698113207547,0.217302088525397,0.5133284027217214,0.8636589241072798,0.41753205807451627,0.0,0.41509433962264153,0.04064454020200661
1355,102,96.22641509433963,106,1,105,0,0,0.009433962264150943,2.1228088525452558,2.084783585499965,1.6169241860828185,1.669516719103729,1.1501415697576463,1.9911533366894976,4.952830188679245,3.595323583763093,0.369176172545135,0.8102428133700942,0.16882664182835233,1.0,0.18975718662990582,0.004167204713102279,0,1,0,0,0,0.0,0.27358490566037735,0.22005971751056946,0.5158464948673773,0.847788597656026,0.41530770023458047,0.009433962264150943,0.4528301886792453,0.04062630843112838
1356,103,97.16981132075472,106,1,105,0,0,0.009433962264150943,2.1382691338764936,2.098000551496217,1.7389315862742443,1.6698770101237737,1.1349650567646323,1.9782237527862432,4.952830188679245,3.595323583763093,0.37392590183189856,0.6048148440106003,0.16701661956393205,1.0,0.39518515598939974,-0.0032615019024897496,0,1,0,0,0,0.0,0.25471698113207547,0.22748811236436672,0.49917395817154436,0.8545844123812302,0.4242325917073086,0.009433962264150943,0.4528301886792453,0.040710086651791495
1357,104,98.11320754716981,106,0,106,0,0,0.0,2.138564127404884,2.0985041556512023,1.7244793143052302,1.6701979400104565,1.1204808537934083,1.9584553502809594,4.952830188679245,3.595323583763093,0.3720982576726457,0.0,0.0,0.0,0.0,0.0,0,0,0,0,0,0.0,0.25471698113207547,0.22521013173119717,0.48798114866057535,0.8486722614405107,0.425607702325024,0.0,0.4528301886792453,0.04071733085338507
1358,103,97.16981132075472,106,2,104,0,0,0.018867924528301886,2.1299734727278268,2.088235266664489,1.6434123518644628,1.6702649976606405,1.1474066512819967,2.012020056149529,4.952830188679245,3.595323583763093,0.37072247970895056,0.9309054078934083,0.15023455282091627,1.0,0.06909459210659175,0.005957145808626607,1,1,0,0,0,0.5,0.25471698113207547,0.2223864563084063,0.5000372195052103,0.8459485395358379,0.42207499810492705,0.018867924528301886,0.4716981132075472,0.04067558304975567
1359,103,97.16981132075472,106,0,105,1,0,0.0,2.1417438489980505,2.1002859410706947,1.6946768602429343,1.670623226901028,1.1398077795853214,1.9896399717050957,4.952830188679245,3.595323583763093,0.3720549750060871,0.9072344018443459,0.1687495541780034,1.0,0.0927655981556541,0.03380764708709627,0,0,0,1,0,0.0,0.25471698113207547,0.22489652514633982,0.49237087579728145,0.8440319140760776,0.42437513132694166,0.0,0.4716981132075472,0.040740874681288584
1360,102,96.22641509433963,106,1,105,0,0,0.009433962264150943,2.1465247616440477,2.1013795363486314,1.778583866147091,1.671118385331488,1.1255374859078504,1.981115856247899,4.952830188679245,3.595323583763093,0.37549050342986345,0.999999999941785,0.16470839689747047,1.0,5.821498838542993e-11,0.008121478015047146,0,1,0,0,0,1.0,0.25471698113207547,0.23015838787438167,0.4794558188983532,0.8661140884961174,0.4330938389973605,0.009433962264150943,0.4339622641509434,0.040773680518432234
1361,103,97.16981132075472,106,1,104,1,0,0.009433962264150943,2.134021055999478,2.0884178820637613,1.703480033975724,1.6711295704419828,1.128798290594662,1.9772077022850834,4.952830188679245,3.595323583763093,0.3734436595246613,0.9015518496862694,0.14418620093752466,1.0,0.09844815031373055,0.026546728038524592,0,1,0,1,0,0.5,0.24528301886792453,0.22646233225862553,0.4964895281794627,0.8616694850950555,0.42758505175972683,0.009433962264150943,0.4528301886792453,0.04071136306066713
1362,103,97.16981132075472,106,1,105,0,0,0.009433962264150943,2.115093065280014,2.06842581268341,1.6200995470269852,1.6705976715688236,1.1422550652243926,1.9870208711646322,4.952830188679245,3.595323583763093,0.3710642978740353,0.9365966799775572,0.12506584540408572,1.0,0.06340332002244276,0.00874794794761069,0,1,0,0,0,0.0,0.2641509433962264,0.22219021831413927,0.49620673052582676,0.8712757217588594,0.42590814676400424,0.009433962264150943,0.41509433962264153,0.04060716136425558
1363,103,97.16981132075472,106,0,106,0,0,0.0,2.119369518891804,2.072260764922846,1.64169725462293,1.6701378634917847,1.141028858053701,1.9660854469535383,4.952830188679245,3.595323583763093,0.3721793106049105,0.0,0.0,0.0,0.0,0.0,0,0,0,0,0,0.0,0.24528301886792453,0.22369027113079873,0.4959239861441867,0.8607948407482849,0.42596349564411384,0.0,0.4528301886792453,0.04062027783819762
1364,103,97.16981132075472,106,0,106,0,0,0.0,2.1234055404194057,2.0766903679588893,1.6991244291565888,1.6698219938530774,1.1423658135239443,1.9784799104909911,4.952830188679245,3.595323583763093,0.3718971819260495,0.0,0.0,0.0,0.0,0.0,0,0,0,0,0,0.0,0.24528301886792453,0.22483832831455774,0.48535266235102437,0.8709224457521226,0.43007601388615563,0.0,0.41509433962264153,0.04063477967802843
1365,104,98.11320754716981,106,0,106,0,0,0.0,2.1287839946626432,2.082048384903769,1.7380348887696075,1.6696715911874578,1.1400964290958473,1.9721776908062458,4.952830188679245,3.595323583763093,0.37256068340675896,0.0,0.0,0.0,0.0,0.0,0,0,0,0,0,0.0,0.2641509433962264,0.22652405355993258,0.47828172430116256,0.8777893493103909,0.43220331296592757,0.0,0.41509433962264153,0.040658968217990796
1366,105,99.05660377358491,106,0,106,0,0,0.0,2.1212707549016,2.074922122951554,1.7657871354241341,1.6693216262430586,1.1364630766404118,1.9878149220141488,4.952830188679245,3.595323583763093,0.3747119725890735,0.0,0.0,0.0,0.0,0.0,0,0,0,0,0,0.0,0.2641509433962264,0.22964603668686934,0.4846518486808459,0.8790091316593444,0.4326711278546733,0.0,0.41509433962264153,0.04061511083309514
1367,106,100.0,106,0,105,1,0,0.0,2.134750681362172,2.087991681961709,1.8615273634951879,1.6693601580207493,1.115465917443646,1.9512201579567767,4.952830188679245,3.595323583763093,0.37809294201243704,0.6316438012774847,0.16565270958355588,1.0,0.36835619872251535,0.004665144063735749,0,0,0,1,0,0.0,0.25471698113207547,0.23493072511829666,0.47086762153208833,0.8812804325325407,0.44357306416746833,0.0,0.41509433962264153,0.040683203136443274
1368,105,99.05660377358491,106,1,105,0,0,0.009433962264150943,2.1236146618118896,2.077015678614443,1.7497153778845183,1.6691023300722605,1.1324235736117112,1.97130665747207,4.952830188679245,3.595323583763093,0.3734313241513936,0.6328805888329624,0.15970103285993908,1.0,0.3671194111670376,-0.004969494896434279,0,1,0,0,0,0.0,0.2641509433962264,0.22759907621243533,0.4792923849425148,0.8758660216398689,0.43657918875007573,0.009433962264150943,0.41509433962264153,0.040622888164173095
1369,105,99.05660377358491,106,0,105,1,0,0.0,2.1131821903489776,2.0675781335149948,1.7004608102789442,1.6685615997596281,1.1385295693227617,1.9780447935794772,4.952830188679245,3.595323583763093,0.3716723231593102,0.6536965176112167,0.16224799648705435,1.0,0.3463034823887833,0.00714588034502972,0,0,0,1,0,0.0,0.25471698113207547,0.2249928165963159,0.4844560733450259,0.8900016789719014,0.43393798902020503,0.0,0.37735849056603776,0.04056100530463121
1370,104,98.11320754716981,106,2,104,0,0,0.018867924528301886,2.116212947374964,2.0666787455982387,1.6470599694681922,1.6681125704251916,1.1646151667188889,2.0003779866842955,4.952830188679245,3.595323583763093,0.3685172174905409,0.8064222158950475,0.15951010443972008,1.0,0.19357778410495252,0.0015336168254164728,0,2,0,0,0,0.0,0.2641509433962264,0.2209935622329129,0.50119093080826,0.8694178533626431,0.4275668940943796,0.018867924528301886,0.41509433962264153,0.04056808706098164
1371,104,98.11320754716981,106,0,106,0,0,0.0,2.1275618202584865,2.0770708273588174,1.7041739555455429,1.667880459622974,1.1650889742435935,1.998809184655215,4.952830188679245,3.595323583763093,0.3727035456369683,0.0,0.0,0.0,0.0,0.0,0,0,0,0,0,0.0,0.27358490566037735,0.22590546312132465,0.49759426665674883,0.8694178533626431,0.43096421097995924,0.0,0.41509433962264153,0.04062065885819296
1372,103,97.16981132075472,106,1,105,0,0,0.009433962264150943,2.1300693268721447,2.083694250691597,1.7464800137139287,1.6677111745773896,1.1570097191788509,1.9998144497943493,4.952830188679245,3.595323583763093,0.37455705567339925,0.9896422442912494,0.17114731595149152,1.0,0.010357755708750638,0.011773214624050343,0,1,0,0,0,1.0,0.2641509433962264,0.2283705486778168,0.500590358432585,0.8748296345424817,0.43390280280389276,0.009433962264150943,0.39622641509433965,0.04063015321867741
1373,102,96.22641509433963,106,1,105,0,0,0.009433962264150943,2.120800930432945,2.073488967845308,1.6989886873820026,1.6674247197765895,1.1649542844124698,2.0024666081820914,4.952830188679245,3.595323583763093,0.37231494292945766,0.8246870304169638,0.1667243638067591,1.0,0.17531296958303622,-0.00032910198124924683,0,1,0,0,0,0.0,0.24528301886792453,0.2255449672756878,0.5091083385440744,0.8614413780713923,0.4292805963553127,0.009433962264150943,0.4339622641509434,0.04057866174797642
1374,101,95.28301886792453,106,1,105,0,0,0.009433962264150943,2.128049535241426,2.076641577563752,1.7069269674408556,1.667317279675056,1.1619813524046374,1.9863225751880482,4.952830188679245,3.595323583763093,0.3723822730967141,0.9998902562218279,0.1688460524174919,1.0,0.00010974377817207781,0.023103748471650087,0,1,0,0,0,1.0,0.25471698113207547,0.22576676663805456,0.5050793005024928,0.8512442518008989,0.4242550765196584,0.009433962264150943,0.4339622641509434,0.0406129733623644
1375,103,97.16981132075472,106,0,105,1,0,0.0,2.120911779597024,2.0692192685744493,1.773012791498281,1.6668879309930036,1.1582543090062727,1.9932496097352765,4.952830188679245,3.595323583763093,0.37501611301547566,0.8301141815775073,0.1659732573983858,1.0,0.16988581842249273,0.0008442277999065606,0,0,0,1,0,0.0,0.2169811320754717,0.23089365648062743,0.5018580003691966,0.8750031054538606,0.42754518947034953,0.0,0.4339622641509434,0.040569566346931187
1376,103,97.16981132075472,106,0,104,2,0,0.0,2.1199047103542172,2.067907565434257,1.8086969303326703,1.6664362908074948,1.160519259079232,1.9945287201146715,4.952830188679245,3.595323583763093,0.3765649904068755,0.7960006202791547,0.16050836322191386,1.0,0.2039993797208453,-0.006166399783246457,0,0,0,2,0,0.0,0.24528301886792453,0.2336732369788197,0.5074117500113199,0.8731276859085441,0.4323144932931018,0.0,0.39622641509433965,0.040556412037665475
1377,103,97.16981132075472,106,2,104,0,0,0.018867924528301886,2.108062700456889,2.055133855368531,1.8095917305207245,1.6656516942625992,1.170747917262518,2.0131170413136643,4.952830188679245,3.595323583763093,0.376102518034348,0.7678762184960369,0.13487311433499152,1.0,0.23212378150396307,0.008261794596859662,1,1,0,0,0,0.0,0.2358490566037736,0.23410217671264913,0.5006175610332971,0.8764212801055155,0.4303302695118513,0.018867924528301886,0.4339622641509434,0.04048309759587082
1378,102,96.22641509433963,106,1,105,0,0,0.009433962264150943,2.1065097875227248,2.0588288046146292,1.8005619507335613,1.6648641662279262,1.1714368614673427,2.012828737731561,4.952830188679245,3.595323583763093,0.37462279552426536,0.8959809293062888,0.17367606233553823,1.0,0.10401907069371119,0.016533311202487688,0,1,0,0,0,0.0,0.2169811320754717,0.23240233431055468,0.48530869480110633,0.8539519058435763,0.4328087651338861,0.009433962264150943,0.49056603773584906,0.040461175940620334
1379,103,97.16981132075472,106,0,106,0,0,0.0,2.1044411318986747,2.0563514249108215,1.8579883521070273,1.6641529024178066,1.177226466658639,2.017384557280125,4.952830188679245,3.595323583763093,0.3774759036144415,0.0,0.0,0.0,0.0,0.0,0,0,0,0,0,0.0,0.22641509433962265,0.23741048194211847,0.4876375842927221,0.8539519058435763,0.43398701425658975,0.0,0.49056603773584906,0.04043804654474607
1380,103,97.16981132075472,106,0,105,1,0,0.0,2.105791534145331,2.0580993028122783,1.857864826764243,1.6635174843363203,1.171096261309598,2.0061055076769847,4.952830188679245,3.595323583763093,0.37585405399902116,0.7944590756142507,0.17888948693294227,1.0,0.20554092438574934,-0.0018520532471093532,0,0,1,0,0,0.0,0.22641509433962265,0.23542878541226644,0.4791128104759932,0.8456231037546034,0.43602066432876,0.0,0.49056603773584906,0.040433375887909774
1381,102,96.22641509433963,106,2,104,0,0,0.018867924528301886,2.0936074788990306,2.0492164151918466,1.7842514149229056,1.6625896215525349,1.1741225291239425,2.0100813533519015,4.952830188679245,3.595323583763093,0.3726423379099497,0.8252127426562252,0.15500694008924604,1.0,0.17478725734377476,0.002048463988054694,0,2,0,0,0,0.0,0.2169811320754717,0.2304159021694133,0.47271352197900146,0.8491459670126057,0.4333864552591248,0.018867924528301886,0.4716981132075472,0.04035577577693308
1382,102,96.22641509433963,106,1,105,0,0,0.009433962264150943,2.1045874092368533,2.063786197036359,1.77238366727807,1.6620695954562055,1.175554051817081,2.013699742541437,4.952830188679245,3.595323583763093,0.37181186891939255,0.9448473843206059,0.13844679318356684,1.0,0.05515261567939411,0.006484099832167467,0,1,0,0,0,0.0,0.22641509433962265,0.2285087756948865,0.476260066714019,0.8595944532232855,0.4302948972408391,0.009433962264150943,0.4528301886792453,0.04040132711818066
1383,103,97.16981132075472,106,0,106,0,0,0.0,2.102996189043797,2.062309131371921,1.7937096363751885,1.6616301645684644,1.163849992967815,1.9958501159575042,4.952830188679245,3.595323583763093,0.37458424999748874,0.0,0.0,0.0,0.0,0.0,0,0,0,0,0,0.0,0.2169811320754717,0.23153156201592473,0.4768145882659571,0.8595944532232855,0.4357263826492624,0.0,0.4528301886792453,0.04038547153604473
1384,102,96.22641509433963,106,2,104,0,0,0.018867924528301886,2.124795203652273,2.083261621078308,1.8624065878666718,1.6618169297862617,1.1585436676879755,1.985135550511341,4.952830188679245,3.595323583763093,0.37680128301363314,0.9167253036158375,0.1687916208479354,1.0,0.08327469638416252,0.006100386868364671,0,2,0,0,0,0.0,0.2358490566037736,0.23477127336961215,0.46991707997849674,0.8619813873066281,0.44065681143897156,0.018867924528301886,0.4528301886792453,0.04049782401604798
1385,101,95.28301886792453,106,1,104,1,0,0.009433962264150943,2.146882446121298,2.107898815377537,1.9856689818154671,1.6625816381547627,1.1457464013091927,1.9671353473839353,4.952830188679245,3.595323583763093,0.38023643605351354,0.8784910673026144,0.17326390532324404,1.0,0.12150893269738561,-0.006934017785840685,0,1,0,1,0,0.5,0.24528301886792453,0.2400292999149118,0.4532564082905236,0.8514579098967289,0.4483325831341857,0.009433962264150943,0.4528301886792453,0.040622007098552966
1386,102,96.22641509433963,106,0,105,1,0,0.0,2.130544743923995,2.091489780631809,1.8872851288578645,1.66296310868691,1.1613387628788463,1.9780905365750312,4.952830188679245,3.595323583763093,0.3753773060223813,0.7113715999376317,0.18296250969105113,1.0,0.28862840006236834,-0.02840272558939172,0,0,0,1,0,0.0,0.24528301886792453,0.23348022832927873,0.4517247228387292,0.8517506761957099,0.4416614420812932,0.0,0.4528301886792453,0.040547176137570154
1387,102,96.22641509433963,106,1,105,0,0,0.009433962264150943,2.101731295123168,2.063621843444497,1.7765235180651038,1.6625321950647898,1.161943535384304,1.9847113790201587,4.952830188679245,3.595323583763093,0.37209055840305694,0.6784431244501391,0.18339329169376678,1.0,0.3215568755498609,-0.023218801402457245,0,1,0,0,0,0.0,0.24528301886792453,0.22895006023510814,0.4738636611224407,0.8675267326658804,0.4318716608130682,0.009433962264150943,0.41509433962264153,0.04039536252402515
1388,100,94.33962264150944,106,2,104,0,0,0.018867924528301886,2.1035678362709618,2.065536399237606,1.8351028853418254,1.6621592866658896,1.1637319094996943,1.9949498077602097,4.952830188679245,3.595323583763093,0.3725200802121382,0.9657642824759153,0.15340613549917614,1.0,0.03423571752408472,0.02343385423697797,1,1,0,0,0,0.5,0.25471698113207547,0.23063206170720474,0.4598288205109595,0.8777218378217762,0.4337133927776077,0.018867924528301886,0.39622641509433965,0.040397841597958374
1389,102,96.22641509433963,106,0,106,0,0,0.0,2.102814090662597,2.064537696694647,1.8921616447457268,1.6617807303966363,1.1498543955554819,1.9848825341432146,4.952830188679245,3.595323583763093,0.373867404995321,0.0,0.0,0.0,0.0,0.0,0,0,0,0,0,0.0,0.24528301886792453,0.2331300160385505,0.44193001083840827,0.9000691873114299,0.4361191003233826,0.0,0.39622641509433965,0.04038726770850341
1390,103,97.16981132075472,106,0,106,0,0,0.0,2.107840448285857,2.0695189785135804,1.9222205002224255,1.6615590590102167,1.1315954000879367,1.9637119970181611,4.952830188679245,3.595323583763093,0.37739375962033184,0.0,0.0,0.0,0.0,0.0,0,0,0,0,0,0.0,0.29245283018867924,0.23654966559961793,0.43706665420099283,0.8854111654265717,0.441625650119493,0.0,0.39622641509433965,0.04040841459480251
1391,102,96.22641509433963,106,1,105,0,0,0.009433962264150943,2.1080751018617843,2.06832084821773,1.9270818556804927,1.6613524137822264,1.1347450249180453,1.9666242159207847,4.952830188679245,3.595323583763093,0.37916717134811107,0.9463112610040222,0.18964193263297602,1.0,0.053688738995977814,0.01641037268653278,0,1,0,0,0,0.0,0.2830188679245283,0.2380449803015864,0.44791756068117194,0.8815786496890828,0.4406161075814229,0.009433962264150943,0.39622641509433965,0.04040587308037382
1392,103,97.16981132075472,106,0,106,0,0,0.0,2.110614635796294,2.07052249865008,1.9109659706688658,1.6611750056009664,1.1367350672716745,1.9678312148482446,4.952830188679245,3.595323583763093,0.3806177889468776,0.0,0.0,0.0,0.0,0.0,0,0,0,0,0,0.0,0.27358490566037735,0.2390092680839427,0.4552172986086863,0.8815786496890828,0.43970081713462633,0.0,0.39622641509433965,0.040415381550956184
1393,105,99.05660377358491,106,0,106,0,0,0.0,2.0947333578034324,2.055148231906669,1.8045737455394462,1.6605617721074415,1.1513513548178387,1.9804664299876082,4.952830188679245,3.595323583763093,0.3769105204154384,0.0,0.0,0.0,0.0,0.0,0,0,0,0,0,0.0,0.27358490566037735,0.23361531638989805,0.46170336795353556,0.8731076255362611,0.43419547302525624,0.0,0.39622641509433965,0.040324951296783755
1394,105,99.05660377358491,106,0,106,0,0,0.0,2.0881873259710146,2.048922247460317,1.8249402641997061,1.659791510912636,1.140762846986559,1.9711457289789265,4.952830188679245,3.595323583763093,0.3782658809644426,0.0,0.0,0.0,0.0,0.0,0,0,0,0,0,0.0,0.24528301886792453,0.23575518884874694,0.4495947154487673,0.8731076255362611,0.44105422788978904,0.0,0.39622641509433965,0.04027837444642496
1395,105,99.05660377358491,106,0,106,0,0,0.0,2.0489150629837805,2.010517282472341,1.732362599014969,1.657944316889385,1.1466102466189054,1.9803201265027712,4.952830188679245,3.595323583763093,0.3755737099357792,0.0,0.0,0.0,0.0,0.0,0,0,0,0,0,0.0,0.25471698113207547,0.23313100742715304,0.45680993337199277,0.8577050499559071,0.43714179993942703,0.0,0.4339622641509434,0.04004880683031088
1396,105,99.05660377358491,106,1,105,0,0,0.009433962264150943,2.0443132045423544,2.0083255761015635,1.773875202041419,1.65603048891123,1.1457789624787076,1.9825181135850831,4.952830188679245,3.595323583763093,0.37722707509232456,0.7122697403476907,0.13037486005344529,1.0,0.28773025965230925,0.006840113391845204,0,1,0,0,0,0.0,0.27358490566037735,0.23658292741760129,0.46077271921845225,0.8766555612524931,0.4340971929587419,0.009433962264150943,0.41509433962264153,0.03999139338377813
1397,105,99.05660377358491,106,0,106,0,0,0.0,2.0574205690588774,2.0205774337851334,1.762034339705656,1.654607871793155,1.1372949657042182,1.973632030628233,4.952830188679245,3.595323583763093,0.376284062526945,0.0,0.0,0.0,0.0,0.0,0,0,0,0,0,0.0,0.25471698113207547,0.234668349971344,0.4538118801458578,0.8766555612524931,0.4372400663714836,0.0,0.41509433962264153,0.040031356361984335
1398,105,99.05660377358491,106,0,106,0,0,0.0,2.061493731132132,2.0249643838072386,1.6887183075385288,1.6533625824028346,1.1234375228051003,1.9587656279037162,4.952830188679245,3.595323583763093,0.3730770245348918,0.0,0.0,0.0,0.0,0.0,0,0,0,0,0,0.0,0.27358490566037735,0.22863871177512368,0.45452098472037855,0.8588714137281656,0.4371612805956039,0.0,0.41509433962264153,0.04002933608078247
1399,105,99.05660377358491,106,0,106,0,0,0.0,2.072535058037221,2.0361865352704847,1.726060768206585,1.652484843322182,1.1003415997287238,1.9360774750492067,4.952830188679245,3.595323583763093,0.3747311885078939,0.0,0.0,0.0,0.0,0.0,0,0,0,0,0,0.0,0.25471698113207547,0.23040894685630503,0.4525163578866089,0.8587784202175373,0.43886891545020396,0.0,0.41509433962264153,0.04006876393522261
1400,105,99.05660377358491,106,0,106,0,0,0.0,2.0724425168788283,2.0357580779947413,1.7203888689615405,1.6516263382613146,1.0890274176575465,1.920502639396177,4.952830188679245,3.595323583763093,0.3760142415328156,0.0,0.0,0.0,0.0,0.0,0,0,0,0,0,0.0,0.2641509433962264,0.23125558587637057,0.4449960911915283,0.8768295507047908,0.4401123456251329,0.0,0.41509433962264153,0.04005286821197006
1401,106,100.0,106,0,106,0,0,0.0,2.0890514317286093,2.0515386314112534,1.8469213094510222,1.651252588802274,1.0774359667576636,1.9059757334066747,4.952830188679245,3.595323583763093,0.3806255703517123,0.0,0.0,0.0,0.0,0.0,0,0,0,0,0,0.0,0.2830188679245283,0.23843145020912376,0.4327223362775615,0.8766555612524931,0.44563674369488987,0.0,0.41509433962264153,0.04012919403499643
1402,105,99.05660377358491,106,1,105,0,0,0.009433962264150943,2.076444691571379,2.038115767183475,1.8280403915299046,1.6505123702232756,1.0817105524668986,1.9071686288309682,4.952830188679245,3.595323583763093,0.38023848944491734,0.9335226504321128,0.13952905277892652,1.0,0.0664773495678872,0.012470053140044013,0,1,0,0,0,0.0,0.2641509433962264,0.23830031208450528,0.43776538898964773,0.8669759662128392,0.4454353791516509,0.009433962264150943,0.41509433962264153,0.04005285370763921
1403,104,98.11320754716981,106,1,105,0,0,0.009433962264150943,2.0729887812153356,2.0326692598282703,1.8614287876723192,1.6496980566618118,1.0887003066538967,1.9290442081558543,4.952830188679245,3.595323583763093,0.38163084369136246,0.7296447321737838,0.17651354404445013,1.0,0.2703552678262162,0.007650747344868591,0,1,0,0,0,0.0,0.27358490566037735,0.240833790736954,0.43348849153252217,0.8605908892841723,0.4411891933654212,0.009433962264150943,0.39622641509433965,0.04002093555209846
1404,104,98.11320754716981,106,0,106,0,0,0.0,2.082572389151617,2.0410874421761527,1.9589738587201888,1.6490930319087966,1.0852972906488627,1.9326883507092345,4.952830188679245,3.595323583763093,0.38679699647031707,0.0,0.0,0.0,0.0,0.0,0,0,0,0,0,0.0,0.24528301886792453,0.2484899474415718,0.4400224217657822,0.8376153751408445,0.4435069892263505,0.0,0.4339622641509434,0.04005797729296348
1405,104,98.11320754716981,106,0,106,0,0,0.0,2.0697436596109546,2.028816277567553,1.8441962629384683,1.6481568092932748,1.1022686673490778,1.9457098674293594,4.952830188679245,3.595323583763093,0.3829022047155657,0.0,0.0,0.0,0.0,0.0,0,0,0,0,0,0.0,0.25471698113207547,0.24224132217839864,0.45035804739493107,0.8187682292783826,0.4372987979872304,0.0,0.4339622641509434,0.03997700352901398
1406,104,98.11320754716981,106,0,106,0,0,0.0,2.0735476760117706,2.033246609992262,1.8133510123365666,1.6473816747394487,1.0951326987296415,1.8920072107092345,4.952830188679245,3.595323583763093,0.3825008927933178,0.0,0.0,0.0,0.0,0.0,0,0,0,0,0,0.0,0.25471698113207547,0.24056272282774407,0.4598865619368783,0.8504373591064487,0.43635405439752334,0.0,0.39622641509433965,0.03998208931330826
1407,105,99.05660377358491,106,0,106,0,0,0.0,2.05994362857715,2.0199933287258753,1.664908228753397,1.646253210103448,1.1138213195044817,1.904955833857827,4.952830188679245,3.595323583763093,0.3766417906396926,0.0,0.0,0.0,0.0,0.0,0,0,0,0,0,0.0,0.25471698113207547,0.23121786137852163,0.47242911782541497,0.8407459153189168,0.42653724159868495,0.0,0.4339622641509434,0.039893783098538874
1408,105,99.05660377358491,106,1,105,0,0,0.009433962264150943,2.0697759815878563,2.027926217679337,1.6677691025286108,1.6454239983258376,1.112527575212169,1.9399766549426314,4.952830188679245,3.595323583763093,0.37687104689584916,0.6894825565578191,0.15638390548324502,1.0,0.3105174434421809,0.03066286857901479,0,1,0,0,0,0.0,0.24528301886792453,0.23059731979194714,0.4589315492578979,0.845466432039085,0.43163844230652526,0.009433962264150943,0.39622641509433965,0.039928038440292524
1409,104,98.11320754716981,106,1,105,0,0,0.009433962264150943,2.0795478891356955,2.0408804529075515,1.760113169348584,1.64484663756426,1.118904634162813,1.946622276809658,4.952830188679245,3.595323583763093,0.38278881359544226,0.9999999527553047,0.1251306306085448,1.0,4.724469526706798e-08,-0.001178883975806233,0,1,0,0,0,1.0,0.2641509433962264,0.23864287457869243,0.44896686011806985,0.840355449917234,0.43588196824910347,0.009433962264150943,0.41509433962264153,0.039966518984219525
1410,104,98.11320754716981,106,0,105,1,0,0.0,2.094411445868277,2.056164755122229,1.8423855682642665,1.6448496995767252,1.0998511775723843,1.9249902340570888,4.952830188679245,3.595323583763093,0.38568986671335526,0.6266072183066776,0.14927406914614444,1.0,0.37339278169332235,0.0003049931154506247,0,0,0,1,0,0.0,0.27358490566037735,0.2427674349890716,0.4378093700677414,0.8395620438758039,0.4444063472166301,0.0,0.41509433962264153,0.040040891812510575
1411,102,96.22641509433963,106,2,104,0,0,0.018867924528301886,2.0874852106348536,2.0549641078897696,1.8262611817950467,1.6446831834762743,1.1069536442336059,1.929855983188904,4.952830188679245,3.595323583763093,0.3825997605695248,0.6158137915020827,0.12998827852630263,1.0,0.3841862084979173,0.010045958145644684,2,0,0,0,0,0.0,0.24528301886792453,0.2395067816595596,0.43286259702083146,0.8424124091620271,0.4403303598986332,0.018867924528301886,0.4339622641509434,0.040003267240028326
1412,102,96.22641509433963,106,0,106,0,0,0.0,2.094507774836833,2.0622271859823647,1.8144226255215754,1.6448664933972845,1.1129327350999463,1.936294602731701,4.952830188679245,3.595323583763093,0.3811988938117272,0.0,0.0,0.0,0.0,0.0,0,0,0,0,0,0.0,0.24528301886792453,0.2377265641958485,0.43843787689825964,0.8361293616526423,0.4364915719847084,0.0,0.4339622641509434,0.04004167535344895
1413,103,97.16981132075472,106,0,106,0,0,0.0,2.1034772840258307,2.071750186886459,1.8771413208427647,1.6453171188913827,1.0863944377302572,1.9211457143591817,4.952830188679245,3.595323583763093,0.3842921748989825,0.0,0.0,0.0,0.0,0.0,0,0,0,0,0,0.0,0.24528301886792453,0.24180803734123874,0.43835206447692654,0.8430793551640191,0.4434551403483672,0.0,0.4339622641509434,0.04009462362172582
1414,104,98.11320754716981,106,0,106,0,0,0.0,2.096171978731475,2.0641819531314276,1.8359845184423986,1.6455338609463621,1.0919023230731912,1.9238637783963068,4.952830188679245,3.595323583763093,0.38518841882545884,0.0,0.0,0.0,0.0,0.0,0,0,0,0,0,0.0,0.25471698113207547,0.24154664763904893,0.4394694557333552,0.8609281234807227,0.441193127411021,0.0,0.4339622641509434,0.040061993384363344
1415,102,96.22641509433963,106,2,104,0,0,0.018867924528301886,2.109350017537761,2.0777142622393754,1.8901606753711029,1.6460926941742733,1.0799462178650168,1.914551447112314,4.952830188679245,3.595323583763093,0.3858834196625902,0.8803323784091166,0.15246062271604535,1.0,0.1196676215908834,0.0029527874645453034,0,2,0,0,0,0.5,0.25471698113207547,0.24313372470105493,0.4384909097776116,0.8135759756637657,0.4407594728011001,0.018867924528301886,0.4528301886792453,0.04013792950981327
1416,104,98.11320754716981,106,0,105,1,0,0.0,2.1067313172101594,2.0753967706262784,1.8674166186131809,1.6466041189708118,1.0824577728844484,1.9006844947595818,4.952830188679245,3.595323583763093,0.383229567353903,0.6798623545706527,0.15126366635025196,1.0,0.3201376454293473,0.017433307156483502,0,0,0,1,0,0.0,0.25471698113207547,0.24008857022477306,0.4338626357802705,0.8467757018991013,0.4427657419871575,0.0,0.4528301886792453,0.040134029696336844
1417,104,98.11320754716981,106,0,105,1,0,0.0,2.0920071565523175,2.061569234898798,1.8149800125801938,1.646699440668576,1.0889300374085582,1.9148087292110108,4.952830188679245,3.595323583763093,0.38121794183272883,0.6878848326920604,0.13333643817831162,1.0,0.31211516730793964,0.017804468414569508,0,0,0,1,0,0.0,0.2641509433962264,0.23723878169759063,0.4261867906834696,0.8516313379129694,0.4448512341230768,0.0,0.4528301886792453,0.04006212245478771
1418,103,97.16981132075472,106,1,105,0,0,0.009433962264150943,2.0873839475020297,2.0593248991582147,1.7114358646919126,1.6466508827643664,1.1079512294442184,1.9340373505354487,4.952830188679245,3.595323583763093,0.37954843845457553,0.6584609920765427,0.11392624444125155,1.0,0.34153900792345726,0.022676700692992546,0,1,0,0,0,0.0,0.2641509433962264,0.23278003462575872,0.43985398012022076,0.8449414158093055,0.44262839920078456,0.009433962264150943,0.41509433962264153,0.04003813350264536
1419,103,97.16981132075472,106,0,105,1,0,0.0,2.063864185136494,2.03645701125188,1.6211150773163345,1.6460222305930847,1.1184579986406833,1.9400550002900758,4.952830188679245,3.595323583763093,0.37690785546268657,0.6442870059727046,0.13628609638474876,1.0,0.3557129940272954,0.015248276990829535,0,0,0,1,0,0.0,0.2641509433962264,0.22850947812956915,0.4498542493688031,0.8541180586138374,0.4384147371773489,0.0,0.41509433962264153,0.03990923365093072
1420,104,98.11320754716981,106,1,105,0,0,0.009433962264150943,2.075214879450029,2.0540362144528896,1.7143886881770698,1.6457471600923403,1.1045225977625617,1.9236039423227724,4.952830188679245,3.595323583763093,0.38051774656733683,0.6317532241898097,0.15023934717242565,1.0,0.3682467758101903,-0.0047939089246544775,0,1,0,0,0,0.0,0.2641509433962264,0.2339182985907623,0.445330303414405,0.8683895576130042,0.4431836668602271,0.009433962264150943,0.4339622641509434,0.03996104228520578
1421,104,98.11320754716981,106,0,106,0,0,0.0,2.0733288023875436,2.0520610165006317,1.7184070256604562,1.6455998112599937,1.1016370974916745,1.9195566421381565,4.952830188679245,3.595323583763093,0.3784020921482527,0.0,0.0,0.0,0.0,0.0,0,0,0,0,0,0.0,0.25471698113207547,0.23222753598936552,0.4448568771666495,0.857915718638854,0.4420327207582077,0.0,0.4339622641509434,0.03994896306623347
1422,104,98.11320754716981,106,0,106,0,0,0.0,2.075748545092762,2.0543350724341636,1.712675822086614,1.6455231678303959,1.111063538962425,1.9295159678510179,4.952830188679245,3.595323583763093,0.3780377109021502,0.0,0.0,0.0,0.0,0.0,0,0,0,0,0,0.0,0.27358490566037735,0.23155542545482927,0.43445429827301735,0.8589816343125665,0.44360581845217045,0.0,0.4339622641509434,0.03995968399010969
1423,105,99.05660377358491,106,0,106,0,0,0.0,2.054008114851277,2.0326239033654456,1.6521838832333626,1.6448248105546273,1.1142500103190738,1.9315544742927875,4.952830188679245,3.595323583763093,0.37732943127449947,0.0,0.0,0.0,0.0,0.0,0,0,0,0,0,0.0,0.27358490566037735,0.23030224494517768,0.44292317558095273,0.8820308987578871,0.44615298525839747,0.0,0.39622641509433965,0.03983842773698495
1424,104,98.11320754716981,106,1,105,0,0,0.009433962264150943,2.068666126136174,2.043752144253017,1.6853785101740641,1.6445713736645642,1.1176939092999967,1.933902446404991,4.952830188679245,3.595323583763093,0.378711890454855,0.9998488641112961,0.17282703425553442,1.0,0.0001511358887038572,0.017836146215427284,0,1,0,0,0,1.0,0.2830188679245283,0.23197772426396807,0.4465525801651405,0.8821959520303442,0.44854601389688403,0.009433962264150943,0.4339622641509434,0.03990716185527024
1425,104,98.11320754716981,106,1,105,0,0,0.009433962264150943,2.07363350255642,2.04591124358189,1.6368154312638417,1.64436027974325,1.1218221998746944,1.9247705879507604,4.952830188679245,3.595323583763093,0.37881430236116387,0.7722304252645041,0.13582331096413702,1.0,0.22776957473549586,0.017771372745587488,0,1,0,0,0,0.0,0.29245283018867924,0.230575173352053,0.4506743614434353,0.8879579633591316,0.4532124993969167,0.009433962264150943,0.41509433962264153,0.039928203982603015
1426,104,98.11320754716981,106,0,106,0,0,0.0,2.073835527198352,2.046184412787798,1.670653034293202,1.644093767411804,1.1122667258675423,1.8923394957402475,4.952830188679245,3.595323583763093,0.38090168001483504,0.0,0.0,0.0,0.0,0.0,0,0,0,0,0,0.0,0.2830188679245283,0.2336540442589723,0.4438121482776362,0.890974500638771,0.4561352427190439,0.0,0.37735849056603776,0.039924423115459615
1427,103,97.16981132075472,106,1,105,0,0,0.009433962264150943,2.071174018092652,2.0411936171370266,1.6215738657699046,1.6437686674802041,1.1177792868076188,1.896580938018147,4.952830188679245,3.595323583763093,0.37833619304499155,0.9319865028184343,0.15693289585661782,1.0,0.06801349718156569,0.008602249818419172,0,1,0,0,0,0.0,0.2641509433962264,0.22994911098486737,0.44461704431104077,0.878538299876181,0.4491234695437256,0.009433962264150943,0.41509433962264153,0.03990527137267531
1428,102,96.22641509433963,106,1,105,0,0,0.009433962264150943,2.065321196341542,2.0333860740350924,1.6119279682790808,1.6432012873465631,1.1156408294460483,1.9261724148908808,4.952830188679245,3.595323583763093,0.38055439085727083,0.9012084505203906,0.18025743181613074,1.0,0.09879154947960944,0.018838733525382123,0,1,0,0,0,0.0,0.27358490566037735,0.23221839932537916,0.4472864973974948,0.885924871660913,0.44886764658962125,0.009433962264150943,0.41509433962264153,0.03986580768804258
1429,103,97.16981132075472,106,0,106,0,0,0.0,2.0577802662694755,2.0263516731840108,1.5205733218108304,1.6424060036106638,1.1286643622875359,1.9483543369377037,4.952830188679245,3.595323583763093,0.373439095372619,0.0,0.0,0.0,0.0,0.0,0,0,0,0,0,0.0,0.2641509433962264,0.22273489868088328,0.43857136842060007,0.9016619511703572,0.43996644331779866,0.0,0.37735849056603776,0.03981380652582493
1430,104,98.11320754716981,106,0,106,0,0,0.0,2.0630709696860037,2.0315887136408834,1.550148132350875,1.6417899437389887,1.0825124777827848,1.9081692915358375,4.952830188679245,3.595323583763093,0.3753839792816316,0.0,0.0,0.0,0.0,0.0,0,0,0,0,0,0.0,0.2641509433962264,0.22482186331832227,0.42864947620982524,0.8969439042818355,0.4453415340432889,0.0,0.37735849056603776,0.039829185369979356
1431,102,96.22641509433963,106,2,103,1,0,0.018867924528301886,2.061831005279628,2.030105510267623,1.5643652539703068,1.641166331910121,1.0938029833053295,1.9194517223076624,4.952830188679245,3.595323583763093,0.37485213031641873,0.8190512510248658,0.15840874405425845,1.0,0.18094874897513433,0.018120616942011353,0,2,0,1,0,0.3333333333333333,0.2830188679245283,0.22480311608300832,0.4286510155335448,0.9005626086013051,0.44553480631007425,0.018867924528301886,0.37735849056603776,0.03981177511637027
1432,99,93.39622641509433,106,4,101,0,1,0.03773584905660377,2.0448907141536155,2.0168646727477366,1.499652382309986,1.640075953938388,1.1168720201673477,1.9479628202326509,4.952830188679245,3.595323583763093,0.37376825513254053,0.8193703088084636,0.15114148452932336,1.0,0.18062969119153638,0.009137099406329697,1,4,0,0,0,0.2,0.29245283018867924,0.2228258008646068,0.43753218464236615,0.8916159981611917,0.4400851043306586,0.03773584905660377,0.3584905660377358,0.03970747235255527
1433,100,94.33962264150944,106,0,106,0,0,0.0,2.0278776905366955,2.0000412035784683,1.4623531680011856,1.6386362788366022,1.107263215084569,1.9822661396130496,4.952830188679245,3.595323583763093,0.37423039635975974,0.0,0.0,0.0,0.0,0.0,0,0,0,0,0,0.0,0.3018867924528302,0.22251067796192445,0.4225983049249706,0.9060952825418729,0.4414318002724106,0.0,0.32075471698113206,0.039596526745238635
1434,100,94.33962264150944,106,1,105,0,0,0.009433962264150943,2.015276529591347,1.987159810012483,1.4153767580707879,1.6368967147628621,1.1061188183137303,1.9703448074684782,4.952830188679245,3.595323583763093,0.37152421722886486,0.936316690796698,0.1750871110142262,1.0,0.06368330920330201,0.004277708556584381,0,1,0,0,0,0.0,0.29245283018867924,0.21909682718081847,0.42476870299599867,0.9087695857205726,0.43791605186479104,0.009433962264150943,0.37735849056603776,0.039502249461812966
1435,99,93.39622641509433,106,1,105,0,0,0.009433962264150943,2.005094220508857,1.9736404813889095,1.4189967339054013,1.6349104182286045,1.144973166720989,1.9741901908809885,4.952830188679245,3.595323583763093,0.3734020041732038,0.9299539075890424,0.19845564515483222,1.0,0.0700460924109576,0.002447141829030164,0,1,0,0,0,0.0,0.29245283018867924,0.22182042736838184,0.4295848495565813,0.8848987780783935,0.4357724399781026,0.009433962264150943,0.39622641509433965,0.0394156310225307
1436,101,95.28301886792453,106,0,106,0,0,0.0,2.006616752646531,1.9755053732960646,1.4486977665784437,1.6329507468563282,1.1265979131203818,1.9556633503936356,4.952830188679245,3.595323583763093,0.3766399665592839,0.0,0.0,0.0,0.0,0.0,0,0,0,0,0,0.0,0.29245283018867924,0.22567609052554022,0.4226011005555972,0.9039987900624371,0.44149924252097633,0.0,0.3584905660377359,0.03938801541971322
1437,103,97.16981132075472,106,1,105,0,0,0.009433962264150943,2.000688488802548,1.968647334483596,1.4373786256153913,1.6309001709650728,1.119775580095926,1.9496303261770476,4.952830188679245,3.595323583763093,0.37655065976518287,0.9815097435199481,0.1484877097578689,1.0,0.01849025648005187,0.0016459193534990035,0,1,0,0,0,1.0,0.29245283018867924,0.2253025500495508,0.41127996312253906,0.879438363218263,0.44180215400298933,0.009433962264150943,0.3584905660377359,0.03932151168118267
1438,102,96.22641509433963,106,1,105,0,0,0.009433962264150943,2.0080600434960445,1.9782353779642103,1.5163969073028134,1.6290962517184926,1.114418414716477,1.9444684521188187,4.952830188679245,3.595323583763093,0.3813901856268287,0.7319814829847238,0.13775572883248455,1.0,0.26801851701527624,0.0006477884916745724,0,1,0,0,0,0.0,0.3018867924528302,0.23166840764142527,0.41296356841709675,0.8488823152813799,0.4443607790232646,0.009433962264150943,0.37735849056603776,0.03932594108759799
1439,102,96.22641509433963,106,1,105,0,0,0.009433962264150943,2.0092512084983682,1.9794224722399312,1.4955227789214516,1.6274655945987089,1.1046942347262931,1.9057619354695357,4.952830188679245,3.595323583763093,0.3790810742533348,0.9718575087558833,0.13540331403415318,1.0,0.02814249124411672,0.019160644120212345,1,0,0,0,0,1.0,0.2830188679245283,0.22888171987448105,0.41833271817253237,0.8550559671433364,0.44587051694371976,0.009433962264150943,0.39622641509433965,0.03930258321261065
1440,103,97.16981132075472,106,0,106,0,0,0.0,2.022725654795384,1.9924915151153821,1.5396038971952475,1.626262154136409,1.0902422366565017,1.928904731509204,4.952830188679245,3.595323583763093,0.3811127397054326,0.0,0.0,0.0,0.0,0.0,0,0,0,0,0,0.0,0.27358490566037735,0.23175690505125096,0.41698001256010536,0.8550186460687279,0.4470401176347086,0.0,0.39622641509433965,0.039348321654716925
1441,103,97.16981132075472,106,0,106,0,0,0.0,2.0491102089611073,2.018371165788613,1.619459335137733,1.6258463470001066,1.0728573695060069,1.8732071996940194,4.952830188679245,3.595323583763093,0.3860585778842973,0.0,0.0,0.0,0.0,0.0,0,0,0,0,0,0.0,0.27358490566037735,0.2379203402669755,0.42907321361323314,0.8757710725449,0.4504485685129324,0.0,0.39622641509433965,0.03947276961952832
1442,104,98.11320754716981,106,0,106,0,0,0.0,2.043686503721744,2.0126916408475366,1.617216025721961,1.625282131636117,1.060726148223977,1.9073368780544409,4.952830188679245,3.595323583763093,0.38629086789891365,0.0,0.0,0.0,0.0,0.0,0,0,0,0,0,0.0,0.2830188679245283,0.23858806856689252,0.4351730525598281,0.8784152811105685,0.4524890132157125,0.0,0.39622641509433965,0.039435508409309136
1443,105,99.05660377358491,106,0,105,1,0,0.0,2.0428011374400405,2.011410491543434,1.6238643557606882,1.6247013524697131,1.0663611646554547,1.9217595144558635,4.952830188679245,3.595323583763093,0.3858387628773359,0.5833462664313225,0.11469133951072526,1.0,0.4166537335686775,0.01410549370314218,0,0,0,1,0,0.0,0.2830188679245283,0.2385757116398875,0.42745502649073724,0.8708322344768082,0.4525413318118177,0.0,0.39622641509433965,0.03942064113273097
1444,105,99.05660377358491,106,1,105,0,0,0.009433962264150943,2.0306183737204506,1.9995892413903262,1.5618970485037973,1.6237973024396282,1.0868832284531724,1.949713382122145,4.952830188679245,3.595323583763093,0.38354907932951154,0.8645172406728137,0.1743558898729159,1.0,0.13548275932718634,0.0018786048555106127,0,1,0,0,0,0.0,0.2830188679245283,0.23510211400557973,0.44229393322302185,0.8676016664206023,0.4442572003979921,0.009433962264150943,0.37735849056603776,0.039343475552162686
1445,103,97.16981132075472,106,2,104,0,0,0.018867924528301886,2.025865994010626,1.9943903856668463,1.5766474953488145,1.622789604135607,1.107105354746606,1.9645086029142238,4.952830188679245,3.595323583763093,0.3825757169171857,0.6741331627689674,0.12754174616835023,1.0,0.3258668372310326,0.006952526063505382,0,2,0,0,0,0.0,0.27358490566037735,0.23492741231407946,0.4318979175622393,0.8795181708435116,0.44699561426050355,0.018867924528301886,0.39622641509433965,0.039301598646224734
1446,103,97.16981132075472,106,0,106,0,0,0.0,2.0459362953298244,2.014018858588443,1.6138531492224757,1.622373462786677,1.0952642185898622,1.9641030399181922,4.952830188679245,3.595323583763093,0.3838596955067137,0.0,0.0,0.0,0.0,0.0,0,0,0,0,0,0.0,0.29245283018867924,0.23646622954305346,0.4383524253657737,0.8703856732680648,0.4496837904713626,0.0,0.39622641509433965,0.039394469338790795
1447,102,96.22641509433963,106,1,105,0,0,0.009433962264150943,2.0359167738291113,2.0042581325352042,1.6314938397526,1.6216996925174638,1.0938521908357481,1.9169195708448803,4.952830188679245,3.595323583763093,0.38317297170693676,0.8337631068546538,0.13540564587786558,1.0,0.16623689314534618,0.009482608711710583,0,1,0,0,0,0.0,0.3018867924528302,0.2368626533485859,0.43134945472621766,0.8795565171825693,0.45105459604627973,0.009433962264150943,0.39622641509433965,0.03933225962059253
1448,102,96.22641509433963,106,1,105,0,0,0.009433962264150943,2.048147912445255,2.0155874289751274,1.6724126353384283,1.621384437211457,1.0766358282214714,1.9014534904754417,4.952830188679245,3.595323583763093,0.3852991872156115,0.6273065182508363,0.11655489901460858,1.0,0.3726934817491637,0.011082663362640965,0,1,0,0,0,0.0,0.3018867924528302,0.23923724657151263,0.4281544842642805,0.864846673497111,0.4544346756010124,0.009433962264150943,0.3584905660377358,0.03938774808949028
1449,103,97.16981132075472,106,1,105,0,0,0.009433962264150943,2.049321630732875,2.016410100009664,1.694871975941264,1.6211133679364518,1.081126114742078,1.9019416068146482,4.952830188679245,3.595323583763093,0.38419400001234627,0.7789152203904717,0.1705383446901806,1.0,0.22108477960952833,0.0015644716409437542,0,1,0,0,0,0.0,0.3018867924528302,0.23853795026444827,0.41732257067509393,0.8784291917194949,0.4567190952400014,0.009433962264150943,0.37735849056603776,0.03938874377214208
1450,103,97.16981132075472,106,1,105,0,0,0.009433962264150943,2.0665372610814003,2.032593521936199,1.8370254464112994,1.6213112854114051,1.0754990921744396,1.8900655542724774,4.952830188679245,3.595323583763093,0.390372817329939,0.7959538183181641,0.14032263240205078,1.0,0.20404618168183586,0.014011607893396505,0,1,0,0,0,0.0,0.2830188679245283,0.24756137999591826,0.40537166823474896,0.8666452021781608,0.4689982704599094,0.009433962264150943,0.41509433962264153,0.0394783798107114
1451,102,96.22641509433963,106,1,104,0,1,0.009433962264150943,2.0707272017983755,2.0359469750851513,1.8136980860980303,1.62159760425618,1.073675316761057,1.8618706096925015,4.952830188679245,3.595323583763093,0.3887478072983348,0.9259241791687672,0.1700858823142774,1.0,0.07407582083123276,0.018091672023648142,0,2,0,0,0,0.0,0.3018867924528302,0.24498431969925555,0.40292227372987816,0.8422760479538312,0.4643735450199585,0.009433962264150943,0.41509433962264153,0.03950447655877175
1452,99,93.39622641509433,106,3,103,0,0,0.02830188679245283,2.0790679217774306,2.0464123582883773,1.821235281571784,1.622089198531528,1.068714831744837,1.86917699313633,4.952830188679245,3.595323583763093,0.38952546541558997,0.9357902391639046,0.14858676327272743,1.0,0.06420976083609546,0.015351610450373365,0,3,0,0,0,0.6666666666666666,0.3018867924528302,0.24616691003841576,0.4193099768924534,0.828172411340256,0.46581984536933074,0.02830188679245283,0.41509433962264153,0.03955501736112603
1453,100,94.33962264150944,106,0,106,0,0,0.0,2.0891572179244826,2.0568063318700087,1.9040588676072645,1.622928917524694,1.056635362806397,1.7948494942404507,4.952830188679245,3.595323583763093,0.3918666152717629,0.0,0.0,0.0,0.0,0.0,0,0,0,0,0,0.0,0.3018867924528302,0.25044553506062117,0.4193459038784369,0.8499908904806528,0.4693623563156878,0.0,0.41509433962264153,0.039620559149360614
1454,101,95.28301886792453,106,0,106,0,0,0.0,2.0839199310666037,2.0517780781971275,1.8217277836476886,1.6235938203107394,1.0657648390350671,1.7814457281057654,4.952830188679245,3.595323583763093,0.3901082967547316,0.0,0.0,0.0,0.0,0.0,0,0,0,0,0,0.0,0.3113207547169811,0.24598718476828293,0.41901631666871486,0.828172411340256,0.4672574477741002,0.0,0.41509433962264153,0.03960632541840911
1455,101,95.28301886792453,106,1,105,0,0,0.009433962264150943,2.0885614835626964,2.0550957923471396,1.8500850997851246,1.6243646916072287,1.0727883480277765,1.777702834676028,4.952830188679245,3.595323583763093,0.3927644448639238,0.9986607266175497,0.17438973055195778,1.0,0.0013392733824503233,0.013220533136597545,0,1,0,0,0,1.0,0.3113207547169811,0.24903900229350526,0.4139339709456259,0.8499908904806528,0.4743405890442169,0.009433962264150943,0.41509433962264153,0.03964339083965115
1456,102,96.22641509433963,106,0,106,0,0,0.0,2.0843899745437167,2.051861517224627,1.7424112386210644,1.6249803735915025,1.0856823590672406,1.7907904766959692,4.952830188679245,3.595323583763093,0.3858750320637214,0.0,0.0,0.0,0.0,0.0,0,0,0,0,0,0.0,0.29245283018867924,0.2397760747557538,0.4240306904988572,0.8490747912708059,0.46626954877718363,0.0,0.37735849056603776,0.039633601174347034
1457,104,98.11320754716981,106,1,105,0,0,0.009433962264150943,2.105122268026002,2.0718686582113723,1.8735974343688317,1.6261714378397776,1.0756497291720186,1.743681972671705,4.952830188679245,3.595323583763093,0.38880080111158444,0.7799920308435373,0.13006792747844903,1.0,0.2200079691564627,0.015878250992637954,0,1,0,0,0,0.0,0.29245283018867924,0.24547266385967573,0.41132030487865473,0.8697788489413979,0.47827619305499813,0.009433962264150943,0.37735849056603776,0.039758673948666466
1458,103,97.16981132075472,106,1,105,0,0,0.009433962264150943,2.104828966799256,2.0706214965408347,1.8476228970047475,1.6272903710458273,1.0851083277491402,1.751021485165813,4.952830188679245,3.595323583763093,0.3855946544443729,0.9999971996823779,0.1202659228308841,1.0,2.8003176221202963e-06,0.016733659350206653,1,0,0,0,0,1.0,0.29245283018867924,0.24170818910166067,0.4030854662644083,0.8776633958789857,0.47771328489751114,0.009433962264150943,0.37735849056603776,0.03977732207725457
1459,103,97.16981132075472,106,0,106,0,0,0.0,2.1010377349508986,2.06667107381665,1.726461859300326,1.6282268265719029,1.0918661637887528,1.8196400013238632,4.952830188679245,3.595323583763093,0.38186942845808525,0.0,0.0,0.0,0.0,0.0,0,0,0,0,0,0.0,0.29245283018867924,0.23465260158323906,0.43410148029380863,0.871805079372835,0.46569070132383034,0.0,0.41509433962264153,0.039775200221203004
1460,104,98.11320754716981,106,0,106,0,0,0.0,2.085126573504986,2.050595328356595,1.6481598288850454,1.6286672334373649,1.0927203555054792,1.831515788700062,4.952830188679245,3.595323583763093,0.37871239434676696,0.0,0.0,0.0,0.0,0.0,0,0,0,0,0,0.0,0.2830188679245283,0.22975566614725004,0.42668039390369666,0.8554454122883649,0.4612263868882829,0.0,0.41509433962264153,0.03970356143992267
1461,104,98.11320754716981,106,0,106,0,0,0.0,2.1157792580584767,2.0806066876744795,1.7629193189089172,1.6299550106344196,1.0868041872035556,1.8087004446664476,4.952830188679245,3.595323583763093,0.38219252639539847,0.0,0.0,0.0,0.0,0.0,0,0,0,0,0,0.0,0.2641509433962264,0.2353015700477722,0.4325059283575342,0.8458577241018298,0.46137226502945217,0.0,0.4528301886792453,0.039879974741326145
1462,105,99.05660377358491,106,0,105,1,0,0.0,2.125197958884339,2.0903466955422623,1.8738134339663972,1.6314766359141468,1.0798414512179153,1.8460782029847982,4.952830188679245,3.595323583763093,0.3857982556377624,0.69563435154781,0.09422405699357922,1.0,0.30436564845219005,0.009414677651461256,0,0,0,1,0,0.0,0.3018867924528302,0.24124455021059374,0.41568187710793036,0.855072113508105,0.46889656630946713,0.0,0.41509433962264153,0.03995442192172472
1463,106,100.0,106,0,105,1,0,0.0,2.1453124726140804,2.1101696494070548,1.9063558496231336,1.633513713309575,1.075803507726502,1.8472201058207127,4.952830188679245,3.595323583763093,0.3859214742825452,0.6029344053096932,0.14831479944263337,1.0,0.3970655946903068,0.0063904146757183256,0,0,0,1,0,0.0,0.3018867924528302,0.24170082364779732,0.4249316693538897,0.8478765551586241,0.4676592453830529,0.0,0.41509433962264153,0.0400916142523821
1464,103,97.16981132075472,106,3,103,0,0,0.02830188679245283,2.1527718742515414,2.113281930828416,1.9096487392382615,1.6356719288872974,1.0900807898373976,1.8069926743896645,4.952830188679245,3.595323583763093,0.3878876883372657,0.9036450653093099,0.156787849122714,1.0,0.09635493469069016,0.010543543432647592,1,2,0,0,0,0.3333333333333333,0.29245283018867924,0.24299781710794893,0.4197435140902238,0.8486660783576931,0.4643739369786759,0.02830188679245283,0.41509433962264153,0.04016770867739655
1465,102,96.22641509433963,106,1,104,1,0,0.009433962264150943,2.1470694096841845,2.113659307539267,1.8393723253259797,1.637480556605542,1.1057844098043106,1.8192530574900359,4.952830188679245,3.595323583763093,0.3835287835537746,0.7972058682866767,0.1469945427692007,1.0,0.20279413171332333,0.00661747098019505,0,1,1,0,0,0.5,0.25471698113207547,0.23699673532653004,0.41962397050685263,0.857175588980642,0.46226400945878315,0.009433962264150943,0.4528301886792453,0.04017170936400803
1466,101,95.28301886792453,106,1,105,0,0,0.009433962264150943,2.1690091760362193,2.1325398334826517,1.8653342652846168,1.64002565492876,1.0943609128103016,1.7985013794746996,4.952830188679245,3.595323583763093,0.38490862415074667,0.7478738403440006,0.14056417094297524,1.0,0.2521261596559994,0.02141658590483342,0,1,0,0,0,0.0,0.27358490566037735,0.23823342232830058,0.43584217017787913,0.8493022066040831,0.4646072441369327,0.009433962264150943,0.4339622641509434,0.040327160455890514
1467,100,94.33962264150944,106,1,105,0,0,0.009433962264150943,2.200154717926692,2.1597539005389885,1.9831672584724547,1.6432613572959085,1.0962709723228934,1.8449987370928438,4.952830188679245,3.595323583763093,0.3868225518936905,0.6208719348351524,0.15271329257538405,1.0,0.37912806516484765,8.932512642900736e-05,0,1,0,0,0,0.0,0.25471698113207547,0.24198051981944702,0.41778126077344235,0.859174521465093,0.47178972648595563,0.009433962264150943,0.4339622641509434,0.04054105515049611
1468,99,93.39622641509433,106,1,105,0,0,0.009433962264150943,2.203711762435991,2.1603411203572356,1.9648481921240997,1.6464039534156862,1.1127008481756384,1.8733511602747601,4.952830188679245,3.595323583763093,0.38510351403842646,0.7113165919009524,0.14881635416549802,1.0,0.2886834080990476,0.022096289156839477,0,1,0,0,0,0.0,0.24528301886792453,0.23998893743768168,0.42426343258805166,0.8713308619399335,0.465863732900341,0.009433962264150943,0.4339622641509434,0.040615333622761
1469,101,95.28301886792453,106,1,105,0,0,0.009433962264150943,2.2038687946067888,2.1572705858309322,2.0187794090643743,1.649358229360962,1.1051664332276323,1.8551361213159538,4.952830188679245,3.595323583763093,0.3856668783383379,0.9999999999398428,0.16601316707652375,1.0,6.015721254470918e-11,0.00499357208345419,1,0,0,0,0,1.0,0.24528301886792453,0.24223228091058144,0.4091987794977832,0.8680986287587398,0.4648017466953806,0.009433962264150943,0.4716981132075472,0.040669226673509966
1470,102,96.22641509433963,106,0,106,0,0,0.0,2.1989292813974357,2.152470503043249,2.014060189373129,1.6519690876635766,1.1154786500774367,1.8375331430940107,4.952830188679245,3.595323583763093,0.38382423112062924,0.0,0.0,0.0,0.0,0.0,0,0,0,0,0,0.0,0.24528301886792453,0.24052732294716772,0.39783599945003295,0.8724636649552927,0.46819451477614205,0.0,0.4339622641509434,0.04069146350960946
1471,103,97.16981132075472,106,0,106,0,0,0.0,2.1981586803239974,2.1512999333744243,2.014773712158584,1.6544524085480046,1.1188730417347492,1.8363352065454128,4.952830188679245,3.595323583763093,0.3850936674644414,0.0,0.0,0.0,0.0,0.0,0,0,0,0,0,0.0,0.24528301886792453,0.2414843705941972,0.3947182746383851,0.8627966915613291,0.4691843946781444,0.0,0.4339622641509434,0.04073225221495145
1472,104,98.11320754716981,106,0,106,0,0,0.0,2.1905185945609618,2.1440216811709907,1.956867179812295,1.6566371046366493,1.1391561935418895,1.8891421272235274,4.952830188679245,3.595323583763093,0.3829870591649047,0.0,0.0,0.0,0.0,0.0,0,0,0,0,0,0.0,0.25471698113207547,0.23849994024625173,0.3921995816614254,0.8478544694166039,0.46710243759036996,0.0,0.4716981132075472,0.04073332523299057
1473,105,99.05660377358491,106,0,106,0,0,0.0,2.186273539340686,2.140386780292374,1.9380261123954163,1.6586387046727569,1.1304228629905564,1.8498287554452506,4.952830188679245,3.595323583763093,0.382544809788977,0.0,0.0,0.0,0.0,0.0,0,0,0,0,0,0.0,0.24528301886792453,0.23802192438844275,0.395376644494261,0.847368451363481,0.4666476919719068,0.0,0.4339622641509434,0.04074808195596458
1474,105,99.05660377358491,106,1,105,0,0,0.009433962264150943,2.172257771008502,2.129667774981943,1.9127238700397173,1.6602117469551871,1.1398174727333286,1.8845184036961125,4.952830188679245,3.595323583763093,0.37884094138695446,0.9999999999337881,0.11819371623534142,1.0,6.621192483180494e-11,0.008045426294916669,1,0,0,0,0,1.0,0.24528301886792453,0.2346868305540979,0.37635976601457005,0.8374622184149212,0.46872915368391854,0.009433962264150943,0.4528301886792453,0.04070628109438505
1475,104,98.11320754716981,106,1,105,0,0,0.009433962264150943,2.162233894267251,2.1194466610862492,1.9703675272179766,1.6614984347384842,1.1388738436740948,1.8543869938236501,4.952830188679245,3.595323583763093,0.3813166483421835,0.9256095956332788,0.17664304094862143,1.0,0.07439040436672117,0.033414582102222035,0,1,0,0,0,0.0,0.25471698113207547,0.23918708619755907,0.36825950797429535,0.8544984393476946,0.4734405810582187,0.009433962264150943,0.4716981132075472,0.040679292005339936
1476,104,98.11320754716981,106,0,106,0,0,0.0,2.159055490233605,2.116862197213744,1.9392601728509231,1.66264862632023,1.135045505689951,1.8349044642266068,4.952830188679245,3.595323583763093,0.37950181517295634,0.0,0.0,0.0,0.0,0.0,0,0,0,0,0,0.0,0.2358490566037736,0.23671577570989633,0.3653380775613285,0.8424886303885128,0.47186043774940717,0.0,0.39622641509433965,0.040684076539770186
1477,104,98.11320754716981,106,0,106,0,0,0.0,2.1721945188556298,2.1289973643643787,1.8756251237012969,1.6641065036139755,1.1281714681266457,1.8485016196828674,4.952830188679245,3.595323583763093,0.3792801301536821,0.0,0.0,0.0,0.0,0.0,0,0,0,0,0,0.0,0.24528301886792453,0.2339753395703091,0.39023979600538966,0.8264328406583777,0.4635288672182812,0.0,0.39622641509433965,0.040775979385962495
1478,103,97.16981132075472,106,1,105,0,0,0.009433962264150943,2.1841542610078846,2.1409042832045215,1.901958897254779,1.6658455038866251,1.1055212412313804,1.82160585159515,4.952830188679245,3.595323583763093,0.38109222488446437,0.643843172671867,0.13497069078287494,1.0,0.35615682732813303,0.017629894282584213,0,1,0,0,0,0.0,0.22641509433962265,0.2355659524285133,0.3982029378739056,0.8375528337633413,0.46270037321061486,0.009433962264150943,0.39622641509433965,0.04086703944018591
1479,102,96.22641509433963,106,2,104,0,0,0.018867924528301886,2.2229514757858655,2.178881413078579,2.052883804318882,1.668623966379178,1.077713810231808,1.7518772429170806,4.952830188679245,3.595323583763093,0.3858701255277248,0.9985742587406126,0.14131268563933183,1.0,0.0014257412593874363,0.00429135695788313,0,2,0,0,0,1.0,0.2358490566037736,0.24239716822771226,0.39328803616129876,0.8590816605129136,0.46855420196060493,0.018867924528301886,0.39622641509433965,0.041110972872706195
1480,103,97.16981132075472,106,0,106,0,0,0.0,2.215974701195169,2.171905390705988,1.9527190864228243,1.671101156774884,1.0595586860590107,1.7743289413620162,4.952830188679245,3.595323583763093,0.38364905250708725,0.0,0.0,0.0,0.0,0.0,0,0,0,0,0,0.0,0.25471698113207547,0.23822323700233802,0.4108491468027502,0.8339487383106158,0.46504490770354745,0.0,0.4339622641509434,0.041120620505008476
1481,103,97.16981132075472,106,0,105,1,0,0.0,2.234239516339734,2.1896145292048375,2.0462382867983533,1.6739986448264224,1.0535223636554119,1.7722953129022376,4.952830188679245,3.595323583763093,0.38586923171512644,0.9061121154079081,0.15850781005178666,1.0,0.09388788459209185,-0.0007575619547112167,0,0,0,1,0,0.0,0.2358490566037736,0.241535210771831,0.3946528805538892,0.8813296976688771,0.4697552463825686,0.0,0.4339622641509434,0.04126403161635814
1482,101,95.28301886792453,106,2,104,0,0,0.018867924528301886,2.211871906213001,2.1687044854330413,1.9643245351497272,1.6761562620690689,1.0587479026330342,1.7272109164827663,4.952830188679245,3.595323583763093,0.3855520055324102,0.958591206566098,0.14417428198505877,1.0,0.04140879343390208,0.029046503040735916,0,2,0,0,0,0.5,0.24528301886792453,0.24044943511556677,0.4037561175064497,0.8639121218345657,0.4748391659465012,0.018867924528301886,0.37735849056603776,0.041190980226510576
1483,101,95.28301886792453,106,1,105,0,0,0.009433962264150943,2.21354460193806,2.169024248518348,1.9481389696301659,1.6783319440482698,1.0665772312888333,1.7827155148875797,4.952830188679245,3.595323583763093,0.383126405254389,0.9613471128160511,0.18036786666364288,1.0,0.03865288718394888,0.016062909581899376,0,1,0,0,0,1.0,0.24528301886792453,0.23755990683970468,0.4069774340325635,0.8755735407876455,0.4644162067277242,0.009433962264150943,0.4339622641509434,0.04123845510878882
1484,102,96.22641509433963,106,1,105,0,0,0.009433962264150943,2.2236555366610986,2.1775712934368894,1.9356153089057877,1.680668986717983,1.052239376867131,1.7507207057916145,4.952830188679245,3.595323583763093,0.38297422806735226,0.6497282583631574,0.15323912276902996,1.0,0.3502717416368426,0.007524582260432289,0,1,0,0,0,0.0,0.2641509433962264,0.23656529162968923,0.40786743411957216,0.8865607699517453,0.4675684623892671,0.009433962264150943,0.3584905660377359,0.04133102190553742
1485,101,95.28301886792453,106,1,105,0,0,0.009433962264150943,2.239054056496277,2.191406502893701,1.999535244242215,1.6832988280353332,1.0422838690199894,1.7272134903965468,4.952830188679245,3.595323583763093,0.38483088558869927,0.9999573210602117,0.12435441570190235,1.0,4.2678939788265424e-05,0.010146661590719086,0,1,0,0,0,1.0,0.25471698113207547,0.23939970637782637,0.40614187187143436,0.8817392212854382,0.46719327802479427,0.009433962264150943,0.339622641509434,0.041455290157262424
1486,99,93.39622641509433,106,2,103,1,0,0.018867924528301886,2.227790546563243,2.1802876993855276,1.8945312445352962,1.6854932510088232,1.058575185214626,1.7495699256922521,4.952830188679245,3.595323583763093,0.3817514777659148,0.8838409880339908,0.1424368600673232,1.0,0.1161590119660092,0.016152617095408977,0,2,0,1,0,0.6666666666666666,0.2641509433962264,0.23415702099204205,0.4174087301704104,0.8628046530894464,0.4571707699544531,0.018867924528301886,0.39622641509433965,0.04143842091094396
1487,100,94.33962264150944,106,1,105,0,0,0.009433962264150943,2.25242903976764,2.2056439080275085,2.0393069568063247,1.6882785734022747,1.0550873822846674,1.7364069007112652,4.952830188679245,3.595323583763093,0.3876115821153763,0.6030040773366301,0.10946516686855609,1.0,0.3969959226633699,0.020395027985197656,0,1,0,0,0,0.0,0.27358490566037735,0.24257824817501975,0.41222506143970267,0.8661408906531773,0.4654187972620948,0.009433962264150943,0.39622641509433965,0.04161168405341374
1488,99,93.39622641509433,106,2,104,0,0,0.018867924528301886,2.267029216300617,2.219416195396254,2.1191813856561987,1.6913986670602883,1.0481300471693098,1.7453031500226124,4.952830188679245,3.595323583763093,0.3922227433381251,0.5767731516480155,0.14412225678120338,0.5,0.3534486974850191,-0.017350142679420033,0,2,0,0,0,0.0,0.2830188679245283,0.24864292676952468,0.4177445156546116,0.8796869647339995,0.4741174787325508,0.018867924528301886,0.41509433962264153,0.041740773667639654
1489,100,94.33962264150944,106,0,106,0,0,0.0,2.263803742944899,2.2165982482476134,2.0442049951959222,1.6943425155492355,1.0628750827578273,1.7750616785046072,4.952830188679245,3.595323583763093,0.3902907821778536,0.0,0.0,0.0,0.0,0.0,0,0,0,0,0,0.0,0.27358490566037735,0.24491018350561705,0.42221034811676794,0.8746593612887187,0.4681147261708199,0.0,0.41509433962264153,0.041777566740357756
1490,101,95.28301886792453,106,0,105,1,0,0.0,2.25676764999785,2.2103494837036255,2.078399781276223,1.6970007925149149,1.0558782745537556,1.748699540090006,4.952830188679245,3.595323583763093,0.38938096348435325,0.5759015854549594,0.13394734226560528,1.0,0.4240984145450406,0.009006216502825293,0,0,0,1,0,0.0,0.2641509433962264,0.24506438518863216,0.4054908735690418,0.871443530324522,0.47145152599328544,0.0,0.41509433962264153,0.04179017310495691
1491,101,95.28301886792453,106,2,104,0,0,0.018867924528301886,2.2474834301805857,2.197321383750325,2.07954947101472,1.6993019183824314,1.0769495171743293,1.7774244971345634,4.952830188679245,3.595323583763093,0.38889959843106103,0.8386041930728072,0.13279732040043218,1.0,0.1613958069271928,0.007277976514864171,0,2,0,0,0,0.5,0.2830188679245283,0.24477166168128628,0.3959236129714414,0.8885302639522925,0.4703673396724078,0.018867924528301886,0.41509433962264153,0.04178511846637404
1492,102,96.22641509433963,106,0,106,0,0,0.0,2.2589883637552033,2.2094864147220585,2.0816019918769366,1.7017570646703246,1.0794885559620027,1.774267077247609,4.952830188679245,3.595323583763093,0.3867421351650051,0.0,0.0,0.0,0.0,0.0,0,0,0,0,0,0.0,0.24528301886792453,0.24216455093098838,0.38770323179489535,0.8915575499808132,0.4716014811176475,0.0,0.41509433962264153,0.04188677836099938
1493,104,98.11320754716981,106,0,106,0,0,0.0,2.2558662094728152,2.2059619305488556,1.9717088139854984,1.7040225672161646,1.1042927152699444,1.806823812914091,4.952830188679245,3.595323583763093,0.3848298513746369,0.0,0.0,0.0,0.0,0.0,0,0,0,0,0,0.0,0.2641509433962264,0.23856943099686237,0.4070097213697758,0.8794140577447265,0.46436883875070156,0.0,0.37735849056603776,0.041911893663248115
1494,104,98.11320754716981,106,0,106,0,0,0.0,2.2600854650217914,2.2099429094417493,1.981159220896703,1.7063211208730842,1.0838939643008978,1.8098310399548718,4.952830188679245,3.595323583763093,0.38559747132767086,0.0,0.0,0.0,0.0,0.0,0,0,0,0,0,0.0,0.27358490566037735,0.23889103306051038,0.3940208689475084,0.8867668471828147,0.46681822382739335,0.0,0.33962264150943394,0.04197431016184933
1495,104,98.11320754716981,106,0,105,1,0,0.0,2.2649086382486194,2.2146205057586132,2.0010745218454056,1.7086715738671174,1.0877747247642133,1.8138261730190723,4.952830188679245,3.595323583763093,0.38623143603345,0.629581389336198,0.13796788715679037,1.0,0.370418610663802,0.010990123283704412,0,0,0,1,0,0.0,0.2641509433962264,0.23994884350083462,0.3902664525759704,0.8938878169234845,0.464801002976448,0.0,0.37735849056603776,0.04204067922339334
1496,105,99.05660377358491,106,1,104,1,0,0.009433962264150943,2.2595488444546055,2.2065539956896103,2.0514272149648525,1.7107850843966,1.0833838342474555,1.810031655906156,4.952830188679245,3.595323583763093,0.38853353377215005,0.6673478494111698,0.12776532831207182,1.0,0.3326521505888303,0.006209175150596324,0,1,0,1,0,0.0,0.24528301886792453,0.24385895550297182,0.38717290460991394,0.8857852554228328,0.47162750087743927,0.009433962264150943,0.37735849056603776,0.04205187402567917
1497,104,98.11320754716981,106,1,104,1,0,0.009433962264150943,2.255252266104113,2.2047175762231723,2.0578802746852936,1.7126134290395654,1.0788890805665607,1.8069242847073843,4.952830188679245,3.595323583763093,0.38959918212018474,0.6151121726837785,0.12166906432901907,1.0,0.3848878273162215,0.018879805430026653,0,1,0,1,0,0.0,0.2641509433962264,0.24514634681395914,0.3920589825734434,0.8987588872400363,0.47251506369017127,0.009433962264150943,0.33962264150943394,0.042063258586997214
1498,103,97.16981132075472,106,2,104,0,0,0.018867924528301886,2.266682163519042,2.2182200710145055,2.1266371605661796,1.7147757137966648,1.0890354333693248,1.8080660056836995,4.952830188679245,3.595323583763093,0.39016997464210146,0.6789166627058507,0.11318978896305346,1.0,0.32108333729414923,0.019660034851979175,0,2,0,0,0,0.0,0.2830188679245283,0.2469891721577725,0.37579963709028363,0.8815874975303153,0.4760683884985797,0.018867924528301886,0.3773584905660377,0.042159278640981915
1499,102,96.22641509433963,106,1,104,0,1,0.009433962264150943,2.2856640427505064,2.2388665134088828,2.1970427122494214,1.7174740540046678,1.0638184248189078,1.7782158234791245,4.952830188679245,3.595323583763093,0.3913783540149851,0.636521532475016,0.17538008794441218,0.5,0.18679460270519527,-0.01687197966921994,0,2,0,0,0,0.0,0.25471698113207547,0.2487454343257386,0.3588001763717391,0.8899844252442191,0.4771360336573846,0.009433962264150943,0.37735849056603776,0.04230269506807348
1500,101,95.28301886792453,106,1,105,0,0,0.009433962264150943,2.287758760137173,2.2407227861892887,2.219467472797694,1.720172626156216,1.0686427959585623,1.7686868359586292,4.952830188679245,3.595323583763093,0.3916132892801574,0.8444785364255412,0.15887917078615688,1.0,0.15552146357445884,0.002016959557496145,0,1,0,0,0,0.0,0.2641509433962264,0.24969774928795987,0.3606843596736851,0.8877456533261181,0.47588344520376835,0.009433962264150943,0.37735849056603776,0.04236167985550156
1501,101,95.28301886792453,106,0,106,0,0,0.0,2.2919736815999268,2.2451050262933103,2.232296089154065,1.7229018864390437,1.0431698825889706,1.740318175507906,4.952830188679245,3.595323583763093,0.39209982752226,0.0,0.0,0.0,0.0,0.0,0,0,0,0,0,0.0,0.2358490566037736,0.24973612639263296,0.35842769199441904,0.8818431549553855,0.47677575279786377,0.0,0.41509433962264153,0.042431817332120716
1502,102,96.22641509433963,106,0,106,0,0,0.0,2.3071786216926817,2.259813706919208,2.367658969364187,1.7259560807139835,1.0383332643629384,1.7291907662780215,4.952830188679245,3.595323583763093,0.3941822798515142,0.0,0.0,0.0,0.0,0.0,0,0,0,0,0,0.0,0.24528301886792453,0.2539973085999047,0.3334519169018701,0.8679968370192618,0.48366647384252265,0.0,0.41509433962264153,0.042562746116114915
1503,102,96.22641509433963,106,2,104,0,0,0.018867924528301886,2.320461213226378,2.264908646076193,2.4566576653450163,1.7292724716303074,1.0339822484261814,1.729803093275112,4.952830188679245,3.595323583763093,0.3958575738670542,0.993269292949546,0.17349155954397516,1.0,0.006730707050453977,0.024229039015068454,1,1,0,0,0,1.0,0.2358490566037736,0.25745998259506875,0.33736281467149304,0.8709275137666608,0.4888969814827237,0.018867924528301886,0.39622641509433965,0.04268877656615558
1504,99,93.39622641509433,106,4,101,1,0,0.03773584905660377,2.3245617405478876,2.2778908655123926,2.4031458776261263,1.732347743119037,1.04268701647164,1.7406909528269434,4.952830188679245,3.595323583763093,0.3959454852845661,0.7524236402230837,0.1351465433222656,1.0,0.24757635977691628,0.002650385523231669,0,4,0,1,0,0.2,0.22641509433962265,0.25617616289076167,0.36434381540957084,0.8607776125230018,0.47959111590593745,0.03773584905660377,0.41509433962264153,0.04276456218331265
1505,100,94.33962264150944,106,0,105,1,0,0.0,2.3400906948031923,2.292538789885282,2.410404339235844,1.736003586381621,1.0383308899161297,1.730722830125677,4.952830188679245,3.595323583763093,0.39759048490362914,0.6358271940420298,0.13550802594595115,1.0,0.3641728059579702,0.012503037098954617,0,0,0,1,0,0.0,0.22641509433962265,0.25713577919704045,0.3702099481192348,0.85735254199991,0.4814663408635792,0.0,0.4528301886792453,0.04290792665209172
1506,97,91.50943396226415,106,4,102,0,0,0.03773584905660377,2.348943324422213,2.305257397887875,2.3946221511360073,1.7397835220038622,1.0592617433665452,1.7759372702343044,4.952830188679245,3.595323583763093,0.39728397715124975,0.7793924135624375,0.1544849313457625,1.0,0.22060758643756256,-0.0033085350623622,0,4,0,0,0,0.25,0.24528301886792453,0.25606199588246126,0.3857340949789032,0.8471336018451837,0.4768394819629749,0.03773584905660377,0.4339622641509434,0.04302014025862558
1507,96,90.56603773584905,106,2,104,0,0,0.018867924528301886,2.3388403522060246,2.295778280347236,2.316137882202736,1.7432312302601496,1.0963741020288285,1.8246753592406768,4.952830188679245,3.595323583763093,0.3950759449457848,0.9138343177549881,0.18907037709880686,1.0,0.08616568224501187,0.004246822488213509,1,1,0,0,0,0.5,0.22641509433962265,0.25263289060358596,0.3963238287656455,0.8212277131995359,0.465610204570302,0.018867924528301886,0.49056603773584906,0.043031603531563455
1508,96,90.56603773584905,106,2,104,0,0,0.018867924528301886,2.3336608355507362,2.288571131803724,2.2703324474887503,1.746434694133375,1.094730640339232,1.8270899612134581,4.952830188679245,3.595323583763093,0.3936457297791338,0.9417085229467761,0.1182635656030544,1.0,0.058291477053223906,0.019962990173072154,0,2,0,0,0,0.5,0.2358490566037736,0.25064860628124896,0.4020183773006431,0.8402356054160776,0.46064976584370876,0.018867924528301886,0.4528301886792453,0.04306329339435272
1509,98,92.45283018867924,106,1,105,0,0,0.009433962264150943,2.326063413303026,2.2830412550484827,2.2276291405155075,1.74927373520722,1.103855587026691,1.8392924810507925,4.952830188679245,3.595323583763093,0.39183806310827674,0.6166712422497106,0.12141797141613511,1.0,0.3833287577502894,0.013531246871349545,0,1,0,0,0,0.0,0.24528301886792453,0.2481249270745986,0.40140236916741084,0.8363932467190557,0.46083308683889673,0.009433962264150943,0.4339622641509434,0.043076342639754496
1510,97,91.50943396226415,106,1,104,1,0,0.009433962264150943,2.3263839516456635,2.2804299800927215,2.176750883415222,1.7520405664515195,1.1100775928666369,1.8385976706029346,4.952830188679245,3.595323583763093,0.38903369194630155,0.77043201896561,0.12249883325351782,1.0,0.22956798103439008,0.024223753545363047,0,1,0,1,0,0.0,0.2358490566037736,0.24396000807098522,0.40480415745606085,0.8410172666801258,0.4599079493062086,0.009433962264150943,0.4716981132075472,0.0431276835995923
1511,100,94.33962264150944,106,0,106,0,0,0.0,2.3229326783776507,2.277752455820357,2.125634083006202,1.7545630957478733,1.1149369088150023,1.8441719748879022,4.952830188679245,3.595323583763093,0.3865897075003746,0.0,0.0,0.0,0.0,0.0,0,0,0,0,0,0.0,0.24528301886792453,0.2402053036911529,0.3929179178992982,0.8194854630485097,0.4627797794301845,0.0,0.4716981132075472,0.04315577377860181
1512,100,94.33962264150944,106,2,104,0,0,0.018867924528301886,2.3363812738295753,2.2884020551817446,2.1534463448200594,1.7573553294208084,1.1107375462255094,1.8356817176149247,4.952830188679245,3.595323583763093,0.3882398389261661,0.8855944919999406,0.16181949587348518,1.0,0.1144055080000595,0.007801164206125921,0,2,0,0,0,0.5,0.24528301886792453,0.24221864940047344,0.41429804287522903,0.8142696447726784,0.4642436537547184,0.018867924528301886,0.5094339622641509,0.043273211673739834
1513,102,96.22641509433963,106,0,106,0,0,0.0,2.332804229846408,2.2855489376392626,2.1792965236892634,1.7599110227903374,1.1156218402235276,1.8450330400726904,4.952830188679245,3.595323583763093,0.3881201328073349,0.0,0.0,0.0,0.0,0.0,0,0,0,0,0,0.0,0.2358490566037736,0.24281591050523668,0.40539698651306,0.8417367550109486,0.4629818043374165,0.0,0.4716981132075472,0.04330126917704567
1514,102,96.22641509433963,106,1,105,0,0,0.009433962264150943,2.348396960664354,2.311048480638141,2.202969570723132,1.7627925853024367,1.1268931333880683,1.8558897320410148,4.952830188679245,3.595323583763093,0.3896804782595016,0.9884936356936391,0.11472443957174232,1.0,0.011506364306360872,0.010153565915399732,0,1,0,0,0,1.0,0.24528301886792453,0.24473225850560076,0.4332666353840452,0.8285219413612377,0.45684417214675127,0.009433962264150943,0.5283018867924528,0.0434310335794246
1515,103,97.16981132075472,106,0,106,0,0,0.0,2.3293683940181746,2.292061604010753,2.1218080462683746,1.7653401128729331,1.1422047556611634,1.8722633151679757,4.952830188679245,3.595323583763093,0.38502228857450316,0.0,0.0,0.0,0.0,0.0,0,0,0,0,0,0.0,0.20754716981132076,0.2393173478951887,0.42981165764676943,0.8285219413612377,0.45367813102929355,0.0,0.5283018867924528,0.04338168667596616
1516,103,97.16981132075472,106,0,106,0,0,0.0,2.322447021713089,2.2866787819389573,2.1188651983830225,1.7676412246867486,1.1431576198096056,1.8762640546774811,4.952830188679245,3.595323583763093,0.3833314069861504,0.0,0.0,0.0,0.0,0.0,0,0,0,0,0,0.0,0.2169811320754717,0.23789959249125842,0.4241650708914442,0.8375155781954917,0.45420706796957,0.0,0.49056603773584906,0.04338844602230616
1517,105,99.05660377358491,106,0,106,0,0,0.0,2.331721492805861,2.2957104309402756,2.1407818208251337,1.7701193776900714,1.1509853543295836,1.885210499594902,4.952830188679245,3.595323583763093,0.3837210785560643,0.0,0.0,0.0,0.0,0.0,0,0,0,0,0,0.0,0.22641509433962265,0.2380227927553274,0.416773371279269,0.8512618628453994,0.45469624159671257,0.0,0.49056603773584906,0.04347936718745512
1518,105,99.05660377358491,106,0,106,0,0,0.0,2.342768368815371,2.3066742119152654,2.131919106786622,1.7728237797964765,1.1510070882385388,1.888476411214849,4.952830188679245,3.595323583763093,0.3824435711143557,0.0,0.0,0.0,0.0,0.0,0,0,0,0,0,0.0,0.2169811320754717,0.23607903042982623,0.4267937626619456,0.8465484460756817,0.45042556162538483,0.0,0.4528301886792453,0.04358321757086836
1519,104,98.11320754716981,106,2,104,0,0,0.018867924528301886,2.373559026562952,2.3360664321569526,2.2328406638598817,1.7763123931987501,1.1392885919719606,1.8773796070386723,4.952830188679245,3.595323583763093,0.3844233066132339,0.9398902269784727,0.16378468782157396,1.0,0.06010977302152731,-0.002231252950756213,1,1,0,0,0,0.5,0.22641509433962265,0.2392013426723259,0.4381680734831911,0.831935135211292,0.45134900885243884,0.018867924528301886,0.4716981132075472,0.043799884329805396
1520,104,98.11320754716981,106,0,106,0,0,0.0,2.3870194480479574,2.3489969474296832,2.2554847597448267,1.7800114477910207,1.1472908817983742,1.8802649028817873,4.952830188679245,3.595323583763093,0.3844028864483877,0.0,0.0,0.0,0.0,0.0,0,0,0,0,0,0.0,0.2358490566037736,0.23919653435808388,0.42957551892499807,0.8364364496340253,0.45659286448082226,0.0,0.43396226415094336,0.043933682928296504
1521,104,98.11320754716981,106,0,106,0,0,0.0,2.375970465150996,2.3382778031681424,2.34590200454856,1.7832691990638685,1.1528598793936753,1.8828679534076154,4.952830188679245,3.595323583763093,0.3853825793925212,0.0,0.0,0.0,0.0,0.0,0,0,0,0,0,0.0,0.2169811320754717,0.24273334925265785,0.40334156093308215,0.8538975956054731,0.4588509953948245,0.0,0.43396226415094336,0.043937001363718226
1522,104,98.11320754716981,106,0,106,0,0,0.0,2.3594849487954255,2.3219945861469733,2.2603509972627185,1.7859414761634977,1.1635065729811394,1.897724234032594,4.952830188679245,3.595323583763093,0.3827253440235914,0.0,0.0,0.0,0.0,0.0,0,0,0,0,0,0.0,0.2169811320754717,0.23908805519336135,0.40951612168278,0.8690563169428394,0.4532047186496741,0.0,0.4339622641509434,0.0439026122863336
1523,104,98.11320754716981,106,0,106,0,0,0.0,2.3655355024399354,2.3283298172780253,2.276368042063708,1.7886998939014926,1.1551610533381715,1.9036280188181463,4.952830188679245,3.595323583763093,0.38456451235540934,0.0,0.0,0.0,0.0,0.0,0,0,0,0,0,0.0,0.22641509433962265,0.24057052648029642,0.411705954216639,0.8554835175671438,0.4571005950376826,0.0,0.43396226415094336,0.043982452076292575
1524,106,100.0,106,0,106,0,0,0.0,2.3763544442753908,2.338990929862785,2.3404318658501637,1.791665778792056,1.1533998927381843,1.9043925164170963,4.952830188679245,3.595323583763093,0.38709717043999037,0.0,0.0,0.0,0.0,0.0,0,0,0,0,0,0.0,0.20754716981132076,0.24419085968135307,0.4198484070859686,0.853326330645531,0.4588230318672385,0.0,0.43396226415094336,0.0440898633649387
1525,105,99.05660377358491,106,1,105,0,0,0.009433962264150943,2.397944784167919,2.3549988140122027,2.4703219118526234,1.795124026029083,1.14047859343223,1.8838928703647602,4.952830188679245,3.595323583763093,0.3905732097776162,0.9464094453989091,0.16677548066126788,1.0,0.053590554601090856,0.0440788706368489,0,1,0,0,0,0.0,0.2169811320754717,0.24946979335886305,0.4116101563397972,0.8510874930955408,0.4692967061277281,0.009433962264150943,0.45283018867924524,0.044259982653650165
1526,104,98.11320754716981,106,1,105,0,0,0.009433962264150943,2.3967179396137532,2.3518268344165763,2.5357334429832625,1.798274364671254,1.1514359243667363,1.8941576941597076,4.952830188679245,3.595323583763093,0.39163565478521845,0.9443203032023438,0.14352959093788148,1.0,0.055679696797656164,0.009638507189182688,1,0,0,0,0,0.0,0.2169811320754717,0.25224201379309247,0.3979016852449169,0.8705748835018349,0.47118403191655334,0.009433962264150943,0.4150943396226415,0.04431048086496452
1527,102,96.22641509433963,106,2,103,0,1,0.018867924528301886,2.3824874817561383,2.3399432314398094,2.639845335270782,1.8008866528008043,1.159844601856833,1.9072338376544093,4.952830188679245,3.595323583763093,0.39244087711814,0.9524910123638355,0.1274145913995108,1.0,0.04750898763616459,0.005929104940004019,0,3,0,0,0,0.6666666666666666,0.22641509433962265,0.2555166042008595,0.3719068946747705,0.8575650068616532,0.47713335005939067,0.018867924528301886,0.4150943396226415,0.04428628868127524
1528,102,96.22641509433963,106,0,106,0,0,0.0,2.382075410040778,2.33949582097994,2.642544616511343,1.80342890625009,1.1658605239368687,1.8969597160684801,4.952830188679245,3.595323583763093,0.3923804367671102,0.0,0.0,0.0,0.0,0.0,0,0,0,0,0,0.0,0.24528301886792453,0.2552008672585969,0.3726047033149563,0.873044335501474,0.4782618960144023,0.0,0.45283018867924524,0.04432992944160903
1529,101,95.28301886792453,106,1,103,2,0,0.009433962264150943,2.397377920057796,2.354496634977036,2.6416203289739113,1.8062905686818485,1.1565590853801302,1.8793675849515876,4.952830188679245,3.595323583763093,0.3930323893128058,0.7138427039186563,0.1281476457911289,1.0,0.2861572960813437,0.002356800784461155,0,1,0,2,0,0.3333333333333333,0.25471698113207547,0.2554282015704163,0.38712017722013814,0.8785274453953728,0.4786587663651277,0.009433962264150943,0.43396226415094336,0.04445788500384247
1530,102,96.22641509433963,106,0,106,0,0,0.0,2.4088536406027887,2.366664716567258,2.752525363186717,1.8094199816374157,1.1650010926168888,1.884323816380545,4.952830188679245,3.595323583763093,0.39156987956460054,0.0,0.0,0.0,0.0,0.0,0,0,0,0,0,0.0,0.20754716981132076,0.2557550174499126,0.36471490443028337,0.8767160978973734,0.48049972160830806,0.0,0.43396226415094336,0.04457151986757986
1531,103,97.16981132075472,106,0,106,0,0,0.0,2.3972486938700293,2.355499191392849,2.5535671214167395,1.8121157326630803,1.1684057885223393,1.8959067777373373,4.952830188679245,3.595323583763093,0.38854864349030427,0.0,0.0,0.0,0.0,0.0,0,0,0,0,0,0.0,0.2169811320754717,0.24907701404423593,0.38765816481502535,0.879259820925695,0.470738043668895,0.0,0.43396226415094336,0.04456195562010869
1532,105,99.05660377358491,106,0,105,1,0,0.0,2.4067251665762543,2.3644054400210566,2.5408444634804557,1.8149707294822472,1.2028873066255497,1.9261264417035755,4.952830188679245,3.595323583763093,0.38701096131841295,0.6892269064981481,0.18717519448020695,1.0,0.3107730935018519,-0.012911080169378808,0,0,0,1,0,0.0,0.20754716981132076,0.24743678612160652,0.39508840385502964,0.8832943365934084,0.4672455166237396,0.0,0.43396226415094336,0.04466066117061741
1533,105,99.05660377358491,106,0,106,0,0,0.0,2.3944893500101903,2.3522312918915858,2.5869890239354656,1.8173729199124016,1.216019681218698,1.9373196566540545,4.952830188679245,3.595323583763093,0.38907342669598166,0.0,0.0,0.0,0.0,0.0,0,0,0,0,0,0.0,0.22641509433962265,0.25091136892754623,0.3854828681305005,0.8761327624397452,0.46770664384010124,0.0,0.4716981132075471,0.044642665347318214
1534,105,99.05660377358491,106,1,105,0,0,0.009433962264150943,2.3846563970480497,2.3389212667368926,2.5591949127095366,1.8194165461234233,1.2381242786633335,2.0051503265819184,4.952830188679245,3.595323583763093,0.38991605045080036,0.6574992687221501,0.18764418155174756,1.0,0.34250073127784986,-0.010023891148244202,0,1,0,0,0,0.0,0.20754716981132076,0.25148428920746463,0.3853232339053866,0.8794447544476665,0.4637720435525106,0.009433962264150943,0.43396226415094336,0.04463023807007192
1535,105,99.05660377358491,106,0,106,0,0,0.0,2.39617383378716,2.3500328298970423,2.6389321940681563,1.8215956616013307,1.2410722009388506,1.974164122589361,4.952830188679245,3.595323583763093,0.3922878877706293,0.0,0.0,0.0,0.0,0.0,0,0,0,0,0,0.0,0.20754716981132076,0.25525453947325794,0.37736370293972255,0.8735697620102251,0.4665952447206989,0.0,0.4716981132075472,0.04472699838011479
1536,105,99.05660377358491,106,1,105,0,0,0.009433962264150943,2.421535948600552,2.375551563419201,2.737198137006973,1.8244123923924689,1.2247869870667936,1.9727407281350335,4.952830188679245,3.595323583763093,0.39394112386906266,0.8500033238962086,0.19793001866831783,1.0,0.14999667610379142,0.017117454404284915,1,0,0,0,0,0.0,0.2358490566037736,0.2575763547016234,0.37437974295354437,0.8635364134563437,0.47174116702902097,0.009433962264150943,0.49056603773584906,0.044904444247394204
1537,105,99.05660377358491,106,0,106,0,0,0.0,2.3972352590946837,2.3523739050925907,2.6050641878378227,1.826479226414152,1.2272389989073065,1.9412036199177065,4.952830188679245,3.595323583763093,0.39128682150371885,0.0,0.0,0.0,0.0,0.0,0,0,0,0,0,0.0,0.22641509433962265,0.2530979791460762,0.37791101494950013,0.8700517081675831,0.46713469925434364,0.0,0.49056603773584906,0.04482009548537427
1538,105,99.05660377358491,106,0,106,0,0,0.0,2.399763479069525,2.355130536073074,2.6197159891695985,1.8285510389078234,1.2350349669449823,1.9368093235791493,4.952830188679245,3.595323583763093,0.3882933082555067,0.0,0.0,0.0,0.0,0.0,0,0,0,0,0,0.0,0.2358490566037736,0.2503553182937007,0.37057317314347965,0.8728702513983663,0.46427040273454323,0.0,0.45283018867924524,0.04486998076684664
1539,105,99.05660377358491,106,0,106,0,0,0.0,2.40376348579967,2.359025876873102,2.6312944871913433,1.8306604031234597,1.2267646033565107,1.922011404335844,4.952830188679245,3.595323583763093,0.39005843083974034,0.0,0.0,0.0,0.0,0.0,0,0,0,0,0,0.0,0.24528301886792453,0.25212146058399904,0.3812579734718418,0.8746079141219711,0.4639799785811669,0.0,0.45283018867924524,0.04492790003505348
1540,105,99.05660377358491,106,0,106,0,0,0.0,2.3954989749757387,2.3513214383670213,2.7114446613551015,1.8324723292742988,1.2128584352344518,1.9085403968815535,4.952830188679245,3.595323583763093,0.39080369977968354,0.0,0.0,0.0,0.0,0.0,0,0,0,0,0,0.0,0.2358490566037736,0.25469164968901187,0.3666930105664205,0.8735512572435028,0.4655946780701055,0.0,0.4150943396226415,0.04491914978504457
1541,106,100.0,106,0,106,0,0,0.0,2.4012385896042,2.3566558572947236,2.826363474499299,1.8343725425143287,1.2186399783838624,1.9089407044145568,4.952830188679245,3.595323583763093,0.39294069457559466,0.0,0.0,0.0,0.0,0.0,0,0,0,0,0,0.0,0.25471698113207547,0.2589875019716251,0.35363167047329097,0.8773880338133467,0.4704234386164106,0.0,0.45283018867924524,0.04498200726556716
1542,105,99.05660377358491,106,1,105,0,0,0.009433962264150943,2.425573872104638,2.3756726861098914,2.796045237063236,1.8368875348908589,1.2259781845256323,1.9797809294398054,4.952830188679245,3.595323583763093,0.39439464313337425,0.999759292915287,0.20672449171399276,1.0,0.00024070708471302105,0.013234268778573144,0,1,0,0,0,1.0,0.2641509433962264,0.2589146271827431,0.3610167888380879,0.863062805626839,0.4721344561717615,0.009433962264150943,0.5094339622641509,0.04514889473509097
1543,105,99.05660377358491,106,0,106,0,0,0.0,2.4188056120006958,2.3694729496086873,2.853630761638405,1.838997659956258,1.2181828125563947,1.9667301291249437,4.952830188679245,3.595323583763093,0.3937448303945519,0.0,0.0,0.0,0.0,0.0,0,0,0,0,0,0.0,0.25471698113207547,0.2596335960070596,0.34196596634306614,0.8616647882133477,0.47606154572387965,0.0,0.4716981132075472,0.04515298634663286
1544,105,99.05660377358491,106,0,106,0,0,0.0,2.434944563363559,2.3845350864417942,2.9527466621331717,1.8414651452437574,1.2130858642108637,1.9597199774375438,4.952830188679245,3.595323583763093,0.3973938305274529,0.0,0.0,0.0,0.0,0.0,0,0,0,0,0,0.0,0.2641509433962264,0.26419790610449645,0.35060526085129334,0.8526134752566672,0.4754796386498723,0.0,0.5094339622641509,0.04527803814368085
1545,105,99.05660377358491,106,0,106,0,0,0.0,2.44348659853352,2.392301120523578,2.9584735554901513,1.8440672876946813,1.2027718139686459,1.9582913950397969,4.952830188679245,3.595323583763093,0.3988462911449431,0.0,0.0,0.0,0.0,0.0,0,0,0,0,0,0.0,0.24528301886792453,0.26508760809049275,0.3539164192937316,0.8620273513969468,0.47288179479956904,0.0,0.5094339622641509,0.04536752604014124
1546,105,99.05660377358491,106,0,106,0,0,0.0,2.46671790427973,2.4145012735196976,3.0827732098037655,1.8472144085734254,1.187332337814712,1.9405053728568988,4.952830188679245,3.595323583763093,0.40151909663576135,0.0,0.0,0.0,0.0,0.0,0,0,0,0,0,0.0,0.2358490566037736,0.26918939942109826,0.34742362259515397,0.8526265826418691,0.48251368716717385,0.0,0.5094339622641509,0.045540257158453806
1547,105,99.05660377358491,106,1,105,0,0,0.009433962264150943,2.4839310373374697,2.4362050149712946,3.209262956536402,1.8507154472904053,1.1919664093759554,1.8801832220753727,4.952830188679245,3.595323583763093,0.40313839592403244,0.7344926850050066,0.10605564404388737,1.0,0.26550731499499336,0.03054401806490009,1,0,0,0,0,0.0,0.22641509433962265,0.27287330569085494,0.3422477844397139,0.8667226058407709,0.48827868564987387,0.009433962264150943,0.4716981132075472,0.04568925965907662
1548,104,98.11320754716981,106,1,105,0,0,0.009433962264150943,2.51631730662333,2.4763834132984677,3.305815802424741,1.855158589647348,1.1872584533492148,1.860631623145205,4.952830188679245,3.595323583763093,0.404891093613468,0.9098787246871519,0.1737624492137962,1.0,0.09012127531284808,0.002754864090507736,0,1,0,0,0,0.0,0.19811320754716982,0.2747951411496381,0.3559103749959205,0.8735446114540291,0.4791747007632735,0.009433962264150943,0.49056603773584906,0.045931063678015596
1549,104,98.11320754716981,106,0,106,0,0,0.0,2.481226827873919,2.442210070486381,3.1366610830537196,1.8587039190609371,1.1987110150128797,1.8535285722609367,4.952830188679245,3.595323583763093,0.40280482073784296,0.0,0.0,0.0,0.0,0.0,0,0,0,0,0,0.0,0.2169811320754717,0.27084355062030685,0.3600976685710106,0.8735446114540291,0.47762868392644436,0.0,0.49056603773584906,0.04581934431653297
1550,104,98.11320754716981,106,0,106,0,0,0.0,2.5029431019230644,2.463207151611913,3.267397537614201,1.8627257128176842,1.1884880862844132,1.8481189936729399,4.952830188679245,3.595323583763093,0.40426053012828733,0.0,0.0,0.0,0.0,0.0,0,0,0,0,0,0.0,0.22641509433962265,0.2735325432313247,0.34826147917404865,0.8735446114540291,0.48144466157145055,0.0,0.49056603773584906,0.046000223936492016
1551,104,98.11320754716981,106,0,106,0,0,0.0,2.515192807854161,2.4755846000821347,3.183409464737278,1.866958917534139,1.1714806389248733,1.8064197460697105,4.952830188679245,3.595323583763093,0.4040295209411031,0.0,0.0,0.0,0.0,0.0,0,0,0,0,0,0.0,0.22641509433962265,0.2708664540075182,0.3640556001603076,0.8735446114540291,0.47611381479880477,0.0,0.49056603773584906,0.046137571169907333
1552,105,99.05660377358491,106,0,106,0,0,0.0,2.482691850082736,2.4450216046478155,2.9034939539855866,1.8701608539768706,1.1790851722934261,1.8896577143034539,4.952830188679245,3.595323583763093,0.39853787608094504,0.0,0.0,0.0,0.0,0.0,0,0,0,0,0,0.0,0.22641509433962265,0.26095009138831504,0.37389871163288924,0.8584806769756295,0.46859358031066606,0.0,0.5283018867924528,0.04603262636908152
1553,105,99.05660377358491,106,1,105,0,0,0.009433962264150943,2.500561452168331,2.4570067580519988,3.0288790847064,1.873755823706694,1.1794973001063,1.9203973523289828,4.952830188679245,3.595323583763093,0.4001489098854676,0.998870667511398,0.18962282585439483,1.0,0.0011293324886020306,0.008116004540317245,1,0,0,0,0,1.0,0.25471698113207547,0.26443855459597315,0.3621948238511078,0.8556656645448302,0.4662679462184106,0.009433962264150943,0.5283018867924528,0.04618659977677224
1554,104,98.11320754716981,106,1,105,0,0,0.009433962264150943,2.516181548209433,2.4711301956313734,3.0311906267829642,1.87751720483966,1.1825066082694755,1.9098704657880268,4.952830188679245,3.595323583763093,0.40170157961576547,0.8098118836170012,0.16326784852502768,1.0,0.19018811638299882,0.033517286970375704,0,1,0,0,0,0.0,0.25471698113207547,0.26553299460170554,0.37173821881978786,0.8483280469393555,0.47006910536619995,0.009433962264150943,0.5471698113207547,0.04633231716845212
1555,103,97.16981132075472,106,1,104,0,1,0.009433962264150943,2.5561988443457904,2.510521435046631,3.2785894201313024,1.8822533569000617,1.1687518203756744,1.8828479913792653,4.952830188679245,3.595323583763093,0.40607615847100687,0.8011043616923154,0.20847489791369284,1.0,0.19889563830768464,-0.011959906907595075,1,1,0,0,0,0.0,0.22641509433962265,0.272151343044537,0.3353181453198244,0.8597367660124862,0.47856694331768335,0.009433962264150943,0.5471698113207547,0.04661754364512916
1556,103,97.16981132075472,106,0,105,1,0,0.0,2.536168066316646,2.491814868676885,3.088159135914256,1.8862513041630655,1.1788868583345093,1.8994453625658607,4.952830188679245,3.595323583763093,0.4012731761771293,0.7594770163327813,0.09254995301020422,1.0,0.2405229836672187,0.060913779152746594,0,0,0,1,0,0.0,0.2358490566037736,0.2643537624375539,0.34059470848466333,0.8683152396231564,0.468782315984096,0.0,0.5094339622641509,0.046589259325390035
1557,103,97.16981132075472,106,0,105,1,0,0.0,2.55375433109363,2.508815186840621,3.2118498539559837,1.8905944854438608,1.1609107563312813,1.8854273389726384,4.952830188679245,3.595323583763093,0.403357741085441,0.8370878268705567,0.16092722455585554,1.0,0.16291217312944328,0.031342498140226493,0,0,0,1,0,0.0,0.24528301886792453,0.26784826832077635,0.335325880937987,0.8683152396231564,0.47130260072368224,0.0,0.5094339622641509,0.04675526635971196
1558,102,96.22641509433963,106,2,104,0,0,0.018867924528301886,2.563331114901232,2.5265342397532713,3.177503599183019,1.8950521596648995,1.1787846502953232,1.8988534333080465,4.952830188679245,3.595323583763093,0.40510550032349646,0.8763926860922397,0.1249249484467004,1.0,0.12360731390776025,0.0486516879265356,0,2,0,0,0,0.5,0.2358490566037736,0.26899113582380524,0.35787641386677194,0.8628376743683168,0.469336006848814,0.018867924528301886,0.5094339622641509,0.046883284185028136
1559,103,97.16981132075472,106,0,106,0,0,0.0,2.5748183893020116,2.5380268845083425,3.186971324932042,1.8999191257566366,1.176098099862209,1.8948807367626026,4.952830188679245,3.595323583763093,0.4058598170597636,0.0,0.0,0.0,0.0,0.0,0,0,0,0,0,0.0,0.2358490566037736,0.269725120657384,0.3681358199255602,0.8590358457614095,0.46976156424127613,0.0,0.5094339622641509,0.04702821214688703
1560,104,98.11320754716981,106,0,106,0,0,0.0,2.568347436743065,2.531308823956416,3.053712791864638,1.9044178798563476,1.1866459239999332,1.893003856311225,4.952830188679245,3.595323583763093,0.40419193315034097,0.0,0.0,0.0,0.0,0.0,0,0,0,0,0,0.0,0.2358490566037736,0.2659221949989329,0.3818687586526277,0.8605433865137061,0.46685380740480814,0.0,0.5094339622641509,0.0470767297676535
1561,104,98.11320754716981,106,0,106,0,0,0.0,2.600941332725701,2.5632012811530958,3.2968423184011244,1.9096721988169634,1.183650964085831,1.8770604364288488,4.952830188679245,3.595323583763093,0.4105811260907617,0.0,0.0,0.0,0.0,0.0,0,0,0,0,0,0.0,0.2358490566037736,0.2753127024320695,0.36525626225258173,0.8662525377916042,0.47529301583992417,0.0,0.5094339622641509,0.04733415413194526
1562,103,97.16981132075472,106,1,105,0,0,0.009433962264150943,2.588329181686359,2.557639814195929,3.2321078768662104,1.914412697273758,1.1860642362453044,1.8901406541510286,4.952830188679245,3.595323583763093,0.4097415529111157,0.9439403163850696,0.12542060343319467,1.0,0.05605968361493041,0.060493301394060284,0,1,0,0,0,0.0,0.22641509433962265,0.2736789874926566,0.3657879916502179,0.8852287073294395,0.4738881092167308,0.009433962264150943,0.4716981132075472,0.04735631150625108
1563,105,99.05660377358491,106,0,106,0,0,0.0,2.6139346322549173,2.5827634291901087,3.361063839840935,1.9198703282241039,1.1514908311117529,1.8477354722507655,4.952830188679245,3.595323583763093,0.4116877920663644,0.0,0.0,0.0,0.0,0.0,0,0,0,0,0,0.0,0.25471698113207547,0.27660348212351904,0.35576310463238264,0.8883738591988118,0.48219686181296495,0.0,0.4716981132075472,0.04758244850543014
1564,104,98.11320754716981,106,1,105,0,0,0.009433962264150943,2.6466078539968656,2.6215259975226974,3.8012874770998963,1.926049747555766,1.1313465311846882,1.7892517219930475,4.952830188679245,3.595323583763093,0.4201996136465207,0.9933353633346701,0.12056123530294527,1.0,0.006664636665329904,0.034742941339228395,0,1,0,0,0,1.0,0.27358490566037735,0.2919622562202432,0.33607581443369483,0.8740969005198177,0.4936872967483897,0.009433962264150943,0.4339622641509434,0.047856899674425316
1565,104,98.11320754716981,106,0,106,0,0,0.0,2.640776845234125,2.616177122433215,3.6677740241671204,1.9320500532075688,1.161412112268336,1.8224955570005108,4.952830188679245,3.595323583763093,0.4170734451277065,0.0,0.0,0.0,0.0,0.0,0,0,0,0,0,0.0,0.2830188679245283,0.28659360657476585,0.34657312206782565,0.8785623709436088,0.4874098769372073,0.0,0.4716981132075472,0.04793560983271018
1566,104,98.11320754716981,106,0,106,0,0,0.0,2.6373110137364693,2.613516286661361,3.4388507889191966,1.93775809593035,1.1454205297859823,1.798428719660327,4.952830188679245,3.595323583763093,0.4144448390994617,0.0,0.0,0.0,0.0,0.0,0,0,0,0,0,0.0,0.29245283018867924,0.28035565341071955,0.3663033534708168,0.866956874897134,0.4856589334021841,0.0,0.5094339622641509,0.048020891978313614
1567,103,97.16981132075472,106,2,102,2,0,0.018867924528301886,2.6258684757136295,2.6030680143175178,3.434187389822929,1.9429415629666638,1.1660000930148366,1.8160458784486984,4.952830188679245,3.595323583763093,0.41300059217815077,0.7287957712359332,0.13980801814495827,0.75,0.16494301171641068,0.002663360667673753,0,2,0,2,0,0.5,0.2830188679245283,0.2792101136665208,0.3661350688798203,0.8720347839905864,0.4812909114349754,0.018867924528301886,0.5094339622641509,0.048056860494606
1568,102,96.22641509433963,106,1,105,0,0,0.009433962264150943,2.61035636025573,2.5874046512848907,3.3229567145534493,1.9475361376785731,1.1508545496542713,1.8090554429777643,4.952830188679245,3.595323583763093,0.4105612906362941,0.6093993637623251,0.14892791357826593,1.0,0.39060063623767494,-0.04704583803296847,0,1,0,0,0,0.0,0.29245283018867924,0.27546952039886036,0.3833502031613527,0.87011232324222,0.4791515356420742,0.009433962264150943,0.49056603773584906,0.048061894831411954
1569,102,96.22641509433963,106,1,105,0,0,0.009433962264150943,2.6286526403683435,2.6122341921021475,3.2736041730176253,1.9524510395439325,1.1471829053438936,1.7994728443477792,4.952830188679245,3.595323583763093,0.4083761552642995,0.8725448433271885,0.14185711907805554,1.0,0.1274551566728115,0.013406356916128126,1,0,0,0,0,0.0,0.2641509433962264,0.2716144335426822,0.39558103448182935,0.8727409687367984,0.4690724310557905,0.009433962264150943,0.49056603773584906,0.04824172954491706
1570,100,94.33962264150944,106,2,104,0,0,0.018867924528301886,2.6393285004310325,2.611361366715305,3.201668561382242,1.9577346035727519,1.1883908037181274,1.8410079802000905,4.952830188679245,3.595323583763093,0.4079771802382859,0.8855075459120103,0.18343468892039907,1.0,0.11449245408798975,0.037412423951830975,1,1,0,0,0,0.0,0.25471698113207547,0.2700741376455305,0.42353269329091625,0.8514922864496626,0.4610708405742508,0.018867924528301886,0.5094339622641509,0.04839008945702618
1571,100,94.33962264150944,106,0,106,0,0,0.0,2.650870004038595,2.6236538866895427,3.203919089682971,1.9628107872185827,1.1850605917448565,1.8225972695508046,4.952830188679245,3.595323583763093,0.4074343140207488,0.0,0.0,0.0,0.0,0.0,0,0,0,0,0,0.0,0.22641509433962265,0.26876289729802016,0.4276350372744129,0.8514922864496626,0.4581430786972056,0.0,0.5094339622641509,0.04853904958895084
1572,101,95.28301886792453,106,1,104,1,0,0.009433962264150943,2.6326871893444,2.606354313879286,3.0461116696055366,1.9671956572339053,1.207723390996041,1.8404524910026183,4.952830188679245,3.595323583763093,0.40381748291241215,0.7628302470480937,0.15983419050153522,1.0,0.23716975295190634,0.01093370474897254,0,1,1,0,0,0.0,0.2358490566037736,0.2629572663977617,0.4411673959599217,0.8453363956293733,0.4572597292370296,0.009433962264150943,0.5094339622641509,0.04852696064836899
1573,102,96.22641509433963,106,0,105,1,0,0.0,2.617442960541622,2.5913061178358636,2.9626242265018674,1.9710012798162504,1.223135848281099,1.852710263799315,4.952830188679245,3.595323583763093,0.40390413520769197,0.6525766215674775,0.21249017149647992,1.0,0.34742337843252247,-0.03465063237229349,0,0,1,0,0,0.0,0.2358490566037736,0.2624301767476456,0.4601727266201679,0.8514922864496626,0.4533445504655788,0.0,0.5094339622641509,0.04851915172746113
1574,101,95.28301886792453,106,2,104,0,0,0.018867924528301886,2.6159588438172747,2.5834288256500995,2.8647998634814074,1.9746142828721853,1.2334958911422829,1.8781459121946387,4.952830188679245,3.595323583763093,0.4042258010933122,0.8123165493879779,0.19980017174853817,1.0,0.18768345061202207,-0.020982276000514055,1,1,0,0,0,0.5,0.24528301886792453,0.26161633725594097,0.48307319756983635,0.8770302438730584,0.4532752174376348,0.018867924528301886,0.4716981132075472,0.04857668071931545
1575,103,97.16981132075472,106,0,106,0,0,0.0,2.589799369900814,2.557453850445657,2.7271286827609558,1.9771795030148716,1.2503694945856514,1.9624081045926045,4.952830188679245,3.595323583763093,0.4028160573274926,0.0,0.0,0.0,0.0,0.0,0,0,0,0,0,0.0,0.2358490566037736,0.2591543725375699,0.500946325578571,0.8714940186342638,0.45029790143283044,0.0,0.4716981132075472,0.048491997332115865
1576,103,97.16981132075472,106,0,106,0,0,0.0,2.589898700794298,2.5575246754003285,2.8393862183459264,1.9796545323018304,1.2302627045404768,1.9460564130978428,4.952830188679245,3.595323583763093,0.4050895274265529,0.0,0.0,0.0,0.0,0.0,0,0,0,0,0,0.0,0.24528301886792453,0.2635343920814571,0.4904381869686023,0.8703646186626175,0.4541240452978906,0.0,0.4716981132075472,0.04853698664241282
1577,104,98.11320754716981,106,0,106,0,0,0.0,2.58421675147305,2.5507910374348737,2.8243117695961737,1.981846899418077,1.2272577593940919,1.973268726770088,4.952830188679245,3.595323583763093,0.4048428416719494,0.0,0.0,0.0,0.0,0.0,0,0,0,0,0,0.0,0.2358490566037736,0.2638239875764973,0.4997720199183684,0.8713030276452232,0.4508472750914307,0.0,0.4716981132075472,0.04854798824179313
1578,104,98.11320754716981,106,0,106,0,0,0.0,2.5930310727375656,2.5602454097281697,2.837726823580765,1.9842323760637564,1.2160539690402683,1.9596410903997328,4.952830188679245,3.595323583763093,0.4030544160127121,0.0,0.0,0.0,0.0,0.0,0,0,0,0,0,0.0,0.25471698113207547,0.2621048853343245,0.4987985560871694,0.8468256093267001,0.4489702827588052,0.0,0.5094339622641509,0.04863494265032934
1579,106,100.0,106,0,106,0,0,0.0,2.5864027420162214,2.5544014528147914,2.7900790171257204,1.9863639997761031,1.2446309387784464,1.9814098797375146,4.952830188679245,3.595323583763093,0.4024467262911664,0.0,0.0,0.0,0.0,0.0,0,0,0,0,0,0.0,0.2358490566037736,0.26123200775697797,0.5066640589292851,0.8454019109628563,0.443434999287724,0.0,0.5094339622641509,0.04864012038174616
1580,106,100.0,106,0,106,0,0,0.0,2.5898888377661478,2.5589585642369395,2.700974407527087,1.988550059039762,1.24226923155101,1.9761818047260329,4.952830188679245,3.595323583763093,0.4000727689375352,0.0,0.0,0.0,0.0,0.0,0,0,0,0,0,0.0,0.22641509433962265,0.2566739497401272,0.5094624472696487,0.8421801040480181,0.43948735213911716,0.0,0.509433962264151,0.048696848812626474
1581,106,100.0,106,0,106,0,0,0.0,2.5757625431562845,2.5446953077438357,2.6629202929397997,1.9902472742195518,1.2586343687529336,1.990558711067573,4.952830188679245,3.595323583763093,0.4009450281240494,0.0,0.0,0.0,0.0,0.0,0,0,0,0,0,0.0,0.22641509433962265,0.2574007719550807,0.5110000676882377,0.8750659365554906,0.4412212881286135,0.0,0.4716981132075472,0.04865672752839026
1582,106,100.0,106,0,106,0,0,0.0,2.5847761012441977,2.554683724286372,2.755841493657508,1.9921707617381947,1.255639205568763,1.9963096378590852,4.952830188679245,3.595323583763093,0.4018266466085425,0.0,0.0,0.0,0.0,0.0,0,0,0,0,0,0.0,0.24528301886792453,0.2587425693298378,0.4732408221199087,0.8750659365554906,0.4510137040016716,0.0,0.4716981132075472,0.048736373119024075
1583,104,98.11320754716981,106,2,104,0,0,0.018867924528301886,2.596051276379184,2.5628633205059805,2.694885432748954,1.9943733010239824,1.2835752475430322,2.0289675549776955,4.952830188679245,3.595323583763093,0.3987337030760736,0.9451949687280086,0.18626630974806446,1.0,0.05480503127199143,0.01727299788751091,0,2,0,0,0,0.5,0.2169811320754717,0.2548318682346763,0.46676256797161464,0.8789790576657805,0.4443080551038028,0.018867924528301886,0.4716981132075472,0.04883234320189079
1584,104,98.11320754716981,106,0,106,0,0,0.0,2.5932009582486097,2.560438773563482,2.6238465193950358,1.9963139746429865,1.27127170302544,2.00823282682685,4.952830188679245,3.595323583763093,0.39788648526294157,0.0,0.0,0.0,0.0,0.0,0,0,0,0,0,0.0,0.20754716981132076,0.25303776474457984,0.4858963516129641,0.8461239426792072,0.44385784952521623,0.0,0.5094339622641509,0.04885297835939188
1585,104,98.11320754716981,106,0,106,0,0,0.0,2.5730777863606313,2.5405763810577384,2.5875338827027923,1.9976135809400357,1.271119353973554,2.0109520760565647,4.952830188679245,3.595323583763093,0.39731706715134374,0.0,0.0,0.0,0.0,0.0,0,0,0,0,0,0.0,0.2169811320754717,0.2517375463398748,0.49109086771665056,0.851873855265594,0.4442666840328315,0.0,0.5094339622641509,0.048775725025798924
1586,102,96.22641509433963,106,2,104,0,0,0.018867924528301886,2.5820624508074834,2.54999309461886,2.5940624657715956,1.9991227862638772,1.274206705794097,1.9595738045129667,4.952830188679245,3.595323583763093,0.39785708694386224,0.951234199682024,0.12953504713063796,1.0,0.04876580031797595,0.023009377544128462,0,2,0,0,0,0.5,0.24528301886792453,0.25251562844714526,0.4883052015495443,0.8539604177615195,0.444454604939919,0.018867924528301886,0.4716981132075472,0.04884777875550093
1587,98,92.45283018867924,106,4,102,0,0,0.03773584905660377,2.6037304858329557,2.575587756933167,2.695113952865104,2.001205981878138,1.2791593276787525,2.016650716870904,4.952830188679245,3.595323583763093,0.3987834474940828,0.9692594335599962,0.16380321424398786,1.0,0.030740566440003864,0.024873949251932537,2,2,0,0,0,0.75,0.22641509433962265,0.2542043293556113,0.4749461781476242,0.8653970901607909,0.4411264442385774,0.03773584905660377,0.4528301886792453,0.04899356774223601
1588,98,92.45283018867924,106,2,99,0,5,0.018867924528301886,2.632320571563362,2.5990751498975553,2.8689859746359216,2.0041505645272233,1.2761515555851524,2.0082614938337082,4.952830188679245,3.595323583763093,0.4026779989796281,0.951296952645205,0.21239288833572217,1.0,0.04870304735479499,-0.011124438329744349,2,5,0,0,0,0.7142857142857143,0.2358490566037736,0.2598879119984158,0.46633403906100673,0.8582994542827325,0.4369603593596433,0.018867924528301886,0.4716981132075472,0.049189451808101026
1589,96,90.56603773584905,106,2,104,0,0,0.018867924528301886,2.6126421429071622,2.5831803590696074,2.8261578080942327,2.006314883998116,1.2784998318506877,1.9861572185685037,4.952830188679245,3.595323583763093,0.4017861232830886,0.8922829054379997,0.17134142073304487,1.0,0.10771709456200024,0.01555359384401045,1,1,0,0,0,0.0,0.24528301886792453,0.2584768038332838,0.447563368746946,0.8582994542827325,0.4490715037949115,0.018867924528301886,0.4716981132075472,0.049129966809002515
1590,96,90.56603773584905,106,0,106,0,0,0.0,2.604869969081721,2.575148950966138,2.9200329744563245,2.008249321850074,1.2953807187686848,2.0398651558389154,4.952830188679245,3.595323583763093,0.40381583907013674,0.0,0.0,0.0,0.0,0.0,0,0,0,0,0,0.0,0.25471698113207547,0.26243790182251603,0.43656190249726956,0.8553373305995146,0.45004232319018317,0.0,0.5094339622641509,0.04912588059002765
1591,98,92.45283018867924,106,0,106,0,0,0.0,2.632672943514837,2.602156606435811,2.9623278589104425,2.0108910204869446,1.2866493052504149,2.0382793700161126,4.952830188679245,3.595323583763093,0.4066469511369497,0.0,0.0,0.0,0.0,0.0,0,0,0,0,0,0.0,0.24528301886792453,0.26532256949404326,0.45183658440835434,0.8503738991033183,0.4552039473409044,0.0,0.5094339622641509,0.04931238426924491
1592,102,96.22641509433963,106,0,106,0,0,0.0,2.638319524501226,2.607994214410228,2.9508355602658187,2.0136056462266976,1.2801361742099044,1.9743932265752573,4.952830188679245,3.595323583763093,0.40658848878613774,0.0,0.0,0.0,0.0,0.0,0,0,0,0,0,0.0,0.25471698113207547,0.2644448444020343,0.4614393444918976,0.8542610837698477,0.4533854705272291,0.0,0.5094339622641509,0.04938941696389298
1593,103,97.16981132075472,106,1,105,0,0,0.009433962264150943,2.642739552214805,2.609766120214134,2.968799804855019,2.016349496207775,1.2642828805032498,1.9582368222356334,4.952830188679245,3.595323583763093,0.4057497183065153,0.9364712251681074,0.18477947347263102,1.0,0.06352877483189256,0.0021830959533899463,0,1,0,0,0,0.0,0.25471698113207547,0.2638234257556019,0.45861701293134133,0.8598682542572922,0.45327311428424855,0.009433962264150943,0.4716981132075472,0.04946084224519725
1594,103,97.16981132075472,106,2,104,0,0,0.018867924528301886,2.639032997884022,2.6014348356196457,2.9178898678583374,2.0188265453879066,1.2906609120190917,1.947163416511067,4.952830188679245,3.595323583763093,0.40286420445180116,0.8676059661208778,0.17908474416684617,1.0,0.13239403387912219,0.014983117373195909,1,1,0,0,0,0.0,0.25471698113207547,0.25984557863481367,0.45170109083187554,0.8351395633891544,0.45349355173392975,0.018867924528301886,0.4716981132075472,0.04948683844022068
1595,103,97.16981132075472,106,0,106,0,0,0.0,2.6523517983811673,2.614084584940197,3.078072428742492,2.021431038151802,1.276993750429787,1.9997578439012096,4.952830188679245,3.595323583763093,0.4082822093046681,0.0,0.0,0.0,0.0,0.0,0,0,0,0,0,0.0,0.25471698113207547,0.26789234828185926,0.44704141719254364,0.8508499512620118,0.4610591843222703,0.0,0.4339622641509434,0.049600252413995266
1596,102,96.22641509433963,106,2,104,0,0,0.018867924528301886,2.6593068614805566,2.6179227317787546,3.0290457259989707,2.0241745175886545,1.2888629181166567,2.014725200422848,4.952830188679245,3.595323583763093,0.40262513237809583,0.9017044191532841,0.13535865215378654,1.0,0.0982955808467158,0.042835661014397425,0,2,0,0,0,0.5,0.25471698113207547,0.26090780122062734,0.42961064532350673,0.8854628423295233,0.4654101635582185,0.018867924528301886,0.41509433962264153,0.04968434621109664
1597,102,96.22641509433963,106,0,106,0,0,0.0,2.6642651557503116,2.622710983716148,3.063251981877544,2.02683485100646,1.2761098415148382,1.9874268671563302,4.952830188679245,3.595323583763093,0.40264322022635146,0.0,0.0,0.0,0.0,0.0,0,0,0,0,0,0.0,0.2641509433962264,0.26163011059701524,0.43101687244602815,0.8883161575693435,0.4684129050888331,0.0,0.41509433962264153,0.04975696147983396
1598,101,95.28301886792453,106,2,104,0,0,0.018867924528301886,2.657777034880796,2.6246237305788047,3.1151209493726166,2.0292177981168646,1.2618274891099395,1.9623245754107903,4.952830188679245,3.595323583763093,0.40529924244886306,0.9247129589108991,0.13267812103531296,1.0,0.07528704108910089,0.01662060491776518,0,2,0,0,0,0.5,0.2641509433962264,0.26467890212903866,0.42683888874218867,0.8880889796026724,0.4717364719896506,0.018867924528301886,0.41509433962264153,0.04976735820521087
1599,101,95.28301886792453,106,1,105,0,0,0.009433962264150943,2.660333650266635,2.6326805258187447,3.107588678519946,2.0318297477986804,1.266896819743042,1.9252759923438225,4.952830188679245,3.595323583763093,0.4027133362677038,0.9646789075980493,0.18849539216871708,1.0,0.03532109240195069,0.014604057505357648,0,1,0,0,0,1.0,0.25471698113207547,0.2617359137016597,0.41778176446254145,0.88618540900478,0.4732892677485988,0.009433962264150943,0.41509433962264153,0.049827095303593236
1600,101,95.28301886792453,106,0,106,0,0,0.0,2.679127801285029,2.6513437341310113,3.27066572334793,2.0350384029420296,1.2561626643379225,1.9028559070396942,4.952830188679245,3.595323583763093,0.40562711836834087,0.0,0.0,0.0,0.0,0.0,0,0,0,0,0,0.0,0.24528301886792453,0.2664928973448527,0.40765951020558105,0.8804802907542132,0.4767962555895166,0.0,0.41509433962264153,0.04997874682623044
1601,103,97.16981132075472,106,0,106,0,0,0.0,2.69895476293726,2.6707327420340135,3.5034261822457395,2.0386893746093246,1.235282573034949,1.8295763897463708,4.952830188679245,3.595323583763093,0.4102521602045597,0.0,0.0,0.0,0.0,0.0,0,0,0,0,0,0.0,0.27358490566037735,0.2743608943446046,0.39481194296525046,0.8762788132426184,0.48359100047123993,0.0,0.4528301886792453,0.05014351375718698
1602,103,97.16981132075472,106,0,105,1,0,0.0,2.696920208631631,2.669075942173063,3.499005937587967,2.042161428178319,1.2214736886116502,1.8172712769156234,4.952830188679245,3.595323583763093,0.4111918512178696,0.861984090879688,0.15415644244164878,1.0,0.13801590912031203,0.026772979968408994,0,0,1,0,0,0.0,0.27358490566037735,0.2749826701327768,0.3930019840832071,0.8914284906922346,0.48967625880618443,0.0,0.41509433962264153,0.05019575676606231
1603,104,98.11320754716981,106,1,104,1,0,0.009433962264150943,2.697284226826863,2.666233110672541,3.516670961006231,2.045518758440893,1.2201576712146132,1.8164350994729304,4.952830188679245,3.595323583763093,0.4140330910887591,0.7251936641220241,0.16989074624798178,0.5,0.2296292565145136,-0.0152725082972609,0,1,0,1,0,0.5,0.27358490566037735,0.2782900311351947,0.39253613424535505,0.8894908161369914,0.4965660733233902,0.009433962264150943,0.4150943396226415,0.050257930300396034
1604,105,99.05660377358491,106,0,105,1,0,0.0,2.698529035889044,2.6666403587808194,3.4916265705176235,2.0486752198790827,1.227616245010739,1.8270716762397494,4.952830188679245,3.595323583763093,0.41498629320525504,0.4689721595436848,0.21375258426508498,0.0,0.4689721595436848,-0.08490569130429493,0,0,0,1,0,0.0,0.2641509433962264,0.2789765043001634,0.39916725071089054,0.8912423044795955,0.49546084768430826,0.0,0.4150943396226415,0.05032089684695675
1605,105,99.05660377358491,106,0,106,0,0,0.0,2.682131223676007,2.6500438208804615,3.344655331614082,2.051240836921797,1.2346078997572638,1.8790514336053659,4.952830188679245,3.595323583763093,0.4110128568679776,0.0,0.0,0.0,0.0,0.0,0,0,0,0,0,0.0,0.25471698113207547,0.2731537267263578,0.40793399584082296,0.8785954260452692,0.4901077146770072,0.0,0.4150943396226415,0.050285028903194445
1606,104,98.11320754716981,106,1,103,2,0,0.009433962264150943,2.7097437468805428,2.6755261111240927,3.423769821031909,2.054468843639257,1.2306587802122273,1.8555415436836866,4.952830188679245,3.595323583763093,0.41516484964084976,0.8247968807146844,0.18425372791337824,1.0,0.17520311928531554,-0.03208503813494842,0,1,0,2,0,0.6666666666666666,0.27358490566037735,0.27840298293857424,0.4372754618599726,0.8773802313720175,0.4892743145129489,0.009433962264150943,0.4339622641509434,0.05048112016261627
1607,103,97.16981132075472,106,3,103,0,0,0.02830188679245283,2.6989717361776884,2.6637288096535356,3.486497528706416,2.057275183018267,1.2395628944831298,1.8536724230572372,4.952830188679245,3.595323583763093,0.4140843025484118,0.760918048820599,0.1813030834426397,1.0,0.23908195117940104,0.000982350170539455,1,2,0,0,0,0.0,0.27358490566037735,0.2786265037225141,0.4156681365723642,0.8796008593171122,0.4887551150962929,0.02830188679245283,0.4150943396226415,0.050477708599868984
1608,101,95.28301886792453,106,2,104,0,0,0.018867924528301886,2.69483600451291,2.6570290567599373,3.3554168095158237,2.0598215105319806,1.2478063215171722,1.8459173010196903,4.952830188679245,3.595323583763093,0.4091740290249821,0.9193098082063922,0.16237923158761264,1.0,0.08069019179360776,0.01960412808247125,0,2,0,0,0,0.5,0.2830188679245283,0.2716760139153819,0.423495872907246,0.8841684232156043,0.4781042631026115,0.018867924528301886,0.43396226415094336,0.05050280429835529
1609,101,95.28301886792453,106,0,106,0,0,0.0,2.684941693316556,2.646723208419862,3.463010635742444,2.0618908729478,1.2309051064019132,1.8422942573883228,4.952830188679245,3.595323583763093,0.41274493827682357,0.0,0.0,0.0,0.0,0.0,0,0,0,0,0,0.0,0.29245283018867924,0.2774097111802769,0.4158743246587266,0.8745957312026944,0.48137656958957276,0.0,0.43396226415094336,0.05049053287985826
1610,100,94.33962264150944,106,1,105,0,0,0.009433962264150943,2.7130320752742607,2.6731207608230596,3.720373109275137,2.064671129547744,1.229537019047479,1.8386559831412417,4.952830188679245,3.595323583763093,0.41560162351158536,0.9336508478343066,0.18227384685314235,1.0,0.06634915216569337,0.01770752146492649,0,1,0,0,0,0.0,0.27358490566037735,0.2839239583035607,0.3996231000195295,0.8688567511010814,0.4870258425017237,0.009433962264150943,0.4150943396226415,0.05068096440026024
1611,100,94.33962264150944,106,1,105,0,0,0.009433962264150943,2.711425636988031,2.666994714839886,3.821548499142579,2.0673018350568815,1.2497447511379625,1.867285553607222,4.952830188679245,3.595323583763093,0.41508355254652884,0.998121240880109,0.20184440152448646,1.0,0.0018787591198909936,0.03260235630870323,0,1,0,0,0,1.0,0.2830188679245283,0.2848936053952063,0.3800524535065753,0.8688567511010814,0.4873359349699944,0.009433962264150943,0.4150943396226415,0.050720223396623784
1612,103,97.16981132075472,106,0,106,0,0,0.0,2.705456479122625,2.661661989131346,3.809729230053322,2.0695319336057523,1.2649694238031235,1.8762516281055974,4.952830188679245,3.595323583763093,0.41456060709306697,0.0,0.0,0.0,0.0,0.0,0,0,0,0,0,0.0,0.2830188679245283,0.2844537611229514,0.3789397677004123,0.8783516600169592,0.4849332067490502,0.0,0.4150943396226415,0.05073046723683111
1613,103,97.16981132075472,106,1,105,0,0,0.009433962264150943,2.717061976630597,2.6760483188073594,3.955122369189129,2.072019806605464,1.2628727608836137,1.9198031145134087,4.952830188679245,3.595323583763093,0.4138038185212838,0.7445011848301609,0.11579958417680036,1.0,0.2554988151698391,0.04464908323543704,0,1,0,0,0,0.0,0.2830188679245283,0.2855207282541297,0.3671935527277124,0.8712842400360453,0.4804643715657862,0.009433962264150943,0.4528301886792453,0.05083321826671732
1614,102,96.22641509433963,106,1,105,0,0,0.009433962264150943,2.6942257943722,2.6594958106781847,3.894017244513392,2.073840074708947,1.274195393732745,1.9176395153856534,4.952830188679245,3.595323583763093,0.4133992136895206,0.9793658067358244,0.144420179192857,1.0,0.020634193264175593,0.06991180563737165,0,1,0,0,0,1.0,0.2830188679245283,0.2845121564952653,0.3605387388262151,0.8697584836179184,0.4889057075641707,0.009433962264150943,0.4528301886792453,0.050751759619631465
1615,102,96.22641509433963,106,1,104,0,1,0.009433962264150943,2.7066612348128634,2.6694173482996333,3.9633638024483866,2.07611974184376,1.2714282926734186,1.9637504883348447,4.952830188679245,3.595323583763093,0.4146246367909776,0.8820912540052241,0.15560810229706462,1.0,0.11790874599477591,-0.026326093670790862,0,2,0,0,0,0.0,0.2641509433962264,0.2865819435856329,0.3801047264350666,0.8781562055750283,0.4816434063271712,0.009433962264150943,0.43396226415094336,0.050854917526899385
1616,102,96.22641509433963,106,1,105,0,0,0.009433962264150943,2.7406579272747456,2.6959705807248344,3.788387150589201,2.0792350351865814,1.2800068100338922,1.9665614542395102,4.952830188679245,3.595323583763093,0.41094544256165877,0.9865336374345866,0.22679405288857651,1.0,0.013466362565413448,0.021444708685403047,0,1,0,0,0,1.0,0.2641509433962264,0.27919724785038313,0.4028638120706888,0.8796034316009484,0.4819138803680222,0.009433962264150943,0.4150943396226415,0.05108090342733773
1617,100,94.33962264150944,106,2,104,0,0,0.018867924528301886,2.7590211693341247,2.7162490849630343,3.900353556290653,2.0825820563952404,1.264405995523527,1.9007295735016174,4.952830188679245,3.595323583763093,0.4121567595225146,0.9336999386568612,0.19241623276258266,1.0,0.06630006134313876,-0.009027182558805413,1,1,0,0,0,0.5,0.2641509433962264,0.2809782516302825,0.38576119348422716,0.8669797460962847,0.48838233230755823,0.018867924528301886,0.4339622641509434,0.05123288775906886
1618,100,94.33962264150944,106,1,105,0,0,0.009433962264150943,2.756397639481585,2.7158134521141046,4.046495949724954,2.0857640828535042,1.2562929844298947,1.8820817905885006,4.952830188679245,3.595323583763093,0.41557990484521357,0.6569468845541836,0.14975850978028207,1.0,0.3430531154458164,0.01618640009953387,0,1,0,0,0,0.0,0.27358490566037735,0.2869050779792302,0.3774358580271275,0.872037929618842,0.4904161817116597,0.009433962264150943,0.4339622641509434,0.051276972183653936
1619,101,95.28301886792453,106,0,106,0,0,0.0,2.752626144993854,2.711632787141702,3.881944493877581,2.0887676933619383,1.2685424341595295,1.9006980145274106,4.952830188679245,3.595323583763093,0.4136834765294273,0.0,0.0,0.0,0.0,0.0,0,0,0,0,0,0.0,0.2830188679245283,0.28289935359406587,0.39196114117121417,0.8568210565795584,0.4866090263692415,0.0,0.4339622641509434,0.05131210946970234
1620,101,95.28301886792453,106,1,105,0,0,0.009433962264150943,2.7482578248618377,2.7034364071755834,3.7773369281957603,2.091532963079222,1.268520343465113,1.9276377602233647,4.952830188679245,3.595323583763093,0.41181908347324203,0.8082841885586214,0.17105446727865523,1.0,0.19171581144137861,0.044523897657768874,0,1,0,0,0,0.0,0.2830188679245283,0.27979223604751335,0.39629848112951493,0.8695306521458577,0.48440543848523665,0.009433962264150943,0.4528301886792453,0.05133997806619234
1621,102,96.22641509433963,106,0,105,1,0,0.0,2.759814107307704,2.714856729835501,3.893398142677835,2.09442189261398,1.2689249825857714,1.8805406349905145,4.952830188679245,3.595323583763093,0.41185310096104755,0.6249773720239036,0.1723609077470119,1.0,0.3750226279760964,0.008769134281201518,0,0,0,1,0,0.0,0.27358490566037735,0.2812244289665413,0.40229606757251474,0.8565524980947679,0.4813566237868901,0.0,0.49056603773584906,0.05144969266086239
1622,103,97.16981132075472,106,1,104,1,0,0.009433962264150943,2.7788765620209066,2.7316628097125935,3.8437977483687527,2.097743431678733,1.2683686690534468,1.9231006205242278,4.952830188679245,3.595323583763093,0.41065282650910206,0.7921142111675801,0.19074927955853338,1.0,0.20788578883241993,0.005807904793716179,0,1,1,0,0,0.5,0.27358490566037735,0.27843761499527464,0.4038197017390274,0.8632575537657756,0.48509231336458225,0.009433962264150943,0.49056603773584906,0.0516047149730979
1623,103,97.16981132075472,106,1,105,0,0,0.009433962264150943,2.7910906757671103,2.7428495615559108,4.1550093370280035,2.101243138779526,1.2784574030350622,1.8433478621517974,4.952830188679245,3.595323583763093,0.4132095412772083,0.9370275014317062,0.20416415177570996,1.0,0.06297249856829379,0.008337073466454292,1,0,0,0,0,0.0,0.25471698113207547,0.28520540584845017,0.3727288390164241,0.8662973656878523,0.49108674604291486,0.009433962264150943,0.4716981132075472,0.051728698439207625
1624,103,97.16981132075472,106,0,106,0,0,0.0,2.7873490204832763,2.73952120082672,4.442974720920169,2.1044923701111924,1.2632546933867335,1.818489183336179,4.952830188679245,3.595323583763093,0.4133936822483735,0.0,0.0,0.0,0.0,0.0,0,0,0,0,0,0.0,0.27358490566037735,0.2897738732619953,0.34200227458350146,0.8467918958675075,0.49678690922264657,0.0,0.5094339622641509,0.05176840035296767
1625,103,97.16981132075472,106,1,105,0,0,0.009433962264150943,2.7825428355749526,2.7320553222333537,4.446367873372906,2.1074957900081195,1.273515444648226,1.8743059149198698,4.952830188679245,3.595323583763093,0.4125507956752428,0.9885959387354571,0.22161938142088347,1.0,0.011404061264542853,0.01931446575774043,0,1,0,0,0,1.0,0.2641509433962264,0.2887642127580932,0.33713747853411496,0.8350154611299854,0.4861467442752809,0.009433962264150943,0.49056603773584906,0.05179836076036288
1626,102,96.22641509433963,106,1,105,0,0,0.009433962264150943,2.799514720793204,2.746320559631637,4.501385500059053,2.1107667334395788,1.2836288523981247,1.8495931172113005,4.952830188679245,3.595323583763093,0.41412653095202234,0.7682397756342481,0.10913197427378063,1.0,0.23176022436575194,0.04621759890294713,1,0,0,0,0,0.0,0.29245283018867924,0.29062663151533763,0.34973063156185163,0.8427687462035516,0.4843995488033161,0.009433962264150943,0.49056603773584906,0.05194202068675554
1627,103,97.16981132075472,106,0,106,0,0,0.0,2.754262542202173,2.703054176080903,4.270344938028936,2.1126246746936235,1.2925438233810245,1.9046057356302009,4.952830188679245,3.595323583763093,0.41005840948440864,0.0,0.0,0.0,0.0,0.0,0,0,0,0,0,0.0,0.3018867924528302,0.2852356834417959,0.3471976458370767,0.8427687462035516,0.48382477696996157,0.0,0.49056603773584906,0.051749159293839955
1628,104,98.11320754716981,106,0,106,0,0,0.0,2.747753092070525,2.6966272987147106,4.274474625614873,2.114230963317473,1.2666386940887018,1.8366603749313235,4.952830188679245,3.595323583763093,0.4116204786494235,0.0,0.0,0.0,0.0,0.0,0,0,0,0,0,0.0,0.29245283018867924,0.28767020282140504,0.3472453753673497,0.8427687462035516,0.4935596228507609,0.0,0.49056603773584906,0.05174548768003999
1629,103,97.16981132075472,106,1,104,1,0,0.009433962264150943,2.760503351251443,2.706553396427486,4.3543221545183535,2.116150507166514,1.2593374871669727,1.845720160162357,4.952830188679245,3.595323583763093,0.41302891491268756,0.7178847213419943,0.14033134108943174,1.0,0.28211527865800573,-2.8984663529629806e-05,0,1,0,1,0,0.0,0.3018867924528302,0.2899494475735626,0.3403751581275422,0.8708161514932862,0.49074710472227157,0.009433962264150943,0.4716981132075472,0.051843745882297204
1630,104,98.11320754716981,106,1,105,0,0,0.009433962264150943,2.744007103898305,2.688949063144176,4.3391989259497,2.1174457089627903,1.2985870106406374,1.8754387918465847,4.952830188679245,3.595323583763093,0.41166034489010594,0.9362662994667319,0.15929350591520475,1.0,0.0637337005332681,0.04216595754913832,1,0,0,0,0,0.0,0.29245283018867924,0.28870139885790774,0.34635843029405133,0.8507565552996089,0.48593389438799883,0.009433962264150943,0.4716981132075472,0.051784547993350936
1631,104,98.11320754716981,106,1,105,0,0,0.009433962264150943,2.7737731706207693,2.71511890370378,4.4604147667947665,2.119478224012147,1.2820164395408216,1.856331910406691,4.952830188679245,3.595323583763093,0.41461480726761324,0.8409385165929169,0.1900926668908119,1.0,0.15906148340708315,-0.03394770272008163,0,1,0,0,0,0.0,0.29245283018867924,0.2923756139065467,0.3562127746911404,0.8510291351038974,0.48678899094333816,0.009433962264150943,0.4716981132075472,0.05196991607341979
1632,104,98.11320754716981,106,1,105,0,0,0.009433962264150943,2.766552278484135,2.7053175496326296,4.490570712295093,2.121158801584799,1.314556208278573,1.9551658832070093,4.952830188679245,3.595323583763093,0.4134583097164415,0.9984056657458966,0.2140812500037373,1.0,0.00159433425410338,0.019271459849875994,0,1,0,0,0,1.0,0.27358490566037735,0.29208515952647673,0.34231023035390606,0.8480732555148537,0.48673860932183516,0.009433962264150943,0.49056603773584906,0.05196402271364311
1633,104,98.11320754716981,106,0,106,0,0,0.0,2.7545635639995503,2.6935963374138367,4.0524968065829166,2.122371082438689,1.319937939905672,1.8952095085549867,4.952830188679245,3.595323583763093,0.40995187556152146,0.0,0.0,0.0,0.0,0.0,0,0,0,0,0,0.0,0.2641509433962264,0.2823175622861615,0.3808549025648961,0.8486363235583946,0.4756621537105795,0.0,0.49056603773584906,0.05192587185094086
1634,103,97.16981132075472,106,1,105,0,0,0.009433962264150943,2.735899130508525,2.6809707372673413,3.746919744749052,2.123025781026064,1.3351081045582043,1.9062028627919432,4.952830188679245,3.595323583763093,0.4064111069517753,0.8962254775238907,0.12943453383934378,1.0,0.1037745224761093,0.04236168800415574,0,1,0,0,0,0.0,0.25471698113207547,0.2746514181617976,0.3954868190018944,0.8736533142529297,0.4714151836937049,0.009433962264150943,0.4716981132075472,0.05184431894984296
1635,104,98.11320754716981,106,0,106,0,0,0.0,2.745224320383276,2.689799625051232,3.72635107403183,2.124061734651814,1.3209985086883467,1.9038379529930576,4.952830188679245,3.595323583763093,0.4075794488204909,0.0,0.0,0.0,0.0,0.0,0,0,0,0,0,0.0,0.27358490566037735,0.2749950789793821,0.40358988246765837,0.8514405136723663,0.4694293065076641,0.0,0.4716981132075472,0.051909567841728434
1636,104,98.11320754716981,106,0,106,0,0,0.0,2.792367515135317,2.735236676214334,3.9363159175053366,2.126367329605527,1.2973685348190205,1.8857153176795134,4.952830188679245,3.595323583763093,0.41080992584608644,0.0,0.0,0.0,0.0,0.0,0,0,0,0,0,0.0,0.27358490566037735,0.27995367259830656,0.40198153530914926,0.8514405136723663,0.474852775383935,0.0,0.4716981132075472,0.0521867306150471
1637,105,99.05660377358491,106,0,106,0,0,0.0,2.7689867988458916,2.7125924152967302,3.8150138557130755,2.127938723397612,1.3122947552009951,1.8939093233503033,4.952830188679245,3.595323583763093,0.4089390211467314,0.0,0.0,0.0,0.0,0.0,0,0,0,0,0,0.0,0.27358490566037735,0.27685931621736737,0.41491638124018415,0.8530733918115179,0.4705944022688429,0.0,0.5094339622641509,0.052098075379400276
1638,105,99.05660377358491,106,0,106,0,0,0.0,2.7561054248702894,2.7008706833341964,3.6028728018308986,2.129116473143157,1.340198830166517,1.9255766110298052,4.952830188679245,3.595323583763093,0.4039811600021277,0.0,0.0,0.0,0.0,0.0,0,0,0,0,0,0.0,0.29245283018867924,0.2689374271351908,0.40949602784316924,0.8530733918115179,0.468012110892961,0.0,0.5094339622641509,0.052054840466701904
1639,105,99.05660377358491,106,1,105,0,0,0.009433962264150943,2.7647021558332217,2.7153586710943096,3.7537561227024647,2.1304978333372544,1.3178636355333995,1.8823499721406762,4.952830188679245,3.595323583763093,0.4056773453666571,0.9658452407010465,0.11074023443108608,1.0,0.03415475929895351,0.043032801015363165,0,1,0,0,0,1.0,0.3113207547169811,0.27253935334278195,0.4007190238906681,0.8339841270771291,0.479119561307426,0.009433962264150943,0.4716981132075471,0.05212265630593412
1640,104,98.11320754716981,106,1,105,0,0,0.009433962264150943,2.759658986517073,2.7036690394550407,3.702920416433205,2.13185647521689,1.3442897235651183,1.8832942889762674,4.952830188679245,3.595323583763093,0.40640340041481093,0.9650012394856371,0.14554483295659273,1.0,0.0349987605143629,0.06469261574273721,0,1,0,0,0,1.0,0.27358490566037735,0.2731567900907522,0.4022824214075899,0.8486145834724758,0.47321991721731144,0.009433962264150943,0.4150943396226415,0.05212186424531209
1641,104,98.11320754716981,106,0,106,0,0,0.0,2.778130097656899,2.722170069109275,3.6771518556810734,2.1335059945792976,1.3517688467305913,1.8705614021766432,4.952830188679245,3.595323583763093,0.40662089870217644,0.0,0.0,0.0,0.0,0.0,0,0,0,0,0,0.0,0.3018867924528302,0.2721617961555632,0.4139350690262754,0.8486145834724758,0.4699228615767451,0.0,0.4150943396226415,0.052243872580338906
1642,104,98.11320754716981,106,0,106,0,0,0.0,2.775537943407671,2.7204059022046168,3.6434256925597177,2.135045466376025,1.3558495432382827,1.8693991740976073,4.952830188679245,3.595323583763093,0.40552416201250363,0.0,0.0,0.0,0.0,0.0,0,0,0,0,0,0.0,0.3018867924528302,0.2705774155985843,0.4133929846903919,0.8490504582637926,0.46827506777430117,0.0,0.4150943396226415,0.052258586305379336
1643,104,98.11320754716981,106,0,106,0,0,0.0,2.8092384086494393,2.7519860686619104,3.917483827974775,2.137437916518124,1.3188332363007722,1.8378477078730355,4.952830188679245,3.595323583763093,0.41297554481205845,0.0,0.0,0.0,0.0,0.0,0,0,0,0,0,0.0,0.3113207547169811,0.2811030875506645,0.41038694703808243,0.8436518090321021,0.47702614705597335,0.0,0.4150943396226415,0.052470096793682496
1644,105,99.05660377358491,106,0,106,0,0,0.0,2.8018607895000494,2.745565751941526,3.6509460859378025,2.1395596854070744,1.3381432151809463,1.84775330644209,4.952830188679245,3.595323583763093,0.4071320178845719,0.0,0.0,0.0,0.0,0.0,0,0,0,0,0,0.0,0.3018867924528302,0.2713044409348817,0.4250254618660442,0.8392213696242183,0.46813862007355633,0.0,0.4528301886792453,0.05247135092656424
1645,106,100.0,106,0,106,0,0,0.0,2.840403089655912,2.7828229413952927,4.045751086444116,2.1426767830540308,1.3000020479189047,1.8168885960640377,4.952830188679245,3.595323583763093,0.4144096755369906,0.0,0.0,0.0,0.0,0.0,0,0,0,0,0,0.0,0.29245283018867924,0.28314397338323816,0.4116361561104513,0.8490504582637926,0.47784734883612395,0.0,0.4150943396226415,0.05272009730075852
1646,105,99.05660377358491,106,1,105,0,0,0.009433962264150943,2.8450233942166503,2.787509222237108,4.334378056029031,2.1458094596643713,1.2941172215558794,1.8054380609729272,4.952830188679245,3.595323583763093,0.41727873210047695,0.984768588306256,0.16097296917307152,1.0,0.01523141169374398,0.028955560941610226,0,1,0,0,0,1.0,0.3018867924528302,0.29022759796645053,0.4015523871409748,0.8426631229561843,0.48213206074494197,0.009433962264150943,0.4716981132075472,0.05279951375404952
1647,104,98.11320754716981,106,1,105,0,0,0.009433962264150943,2.839348126622282,2.781261216146496,4.106403810567201,2.1486953540694533,1.3014787038344657,1.813658523635684,4.952830188679245,3.595323583763093,0.41500462269473215,0.9640804797630302,0.17338086147216575,1.0,0.03591952023696976,0.009432636785553505,1,0,0,0,0,1.0,0.3018867924528302,0.28462569871013316,0.40415697700032366,0.847236140339652,0.48501292795613216,0.009433962264150943,0.45283018867924524,0.052823016037151886
1648,103,97.16981132075472,106,1,105,0,0,0.009433962264150943,2.841952303350438,2.787183844172695,4.0161808411441635,2.1515209383907092,1.3354401301677334,1.8208103170344871,4.952830188679245,3.595323583763093,0.4114570510954838,0.8146941245631103,0.19197079652303659,1.0,0.1853058754368897,0.03570204711797276,0,1,0,0,0,0.0,0.29245283018867924,0.27966360401164303,0.3997046516135863,0.82290418208163,0.4786823425163973,0.009433962264150943,0.5283018867924528,0.05288683137053328
1649,103,97.16981132075472,106,0,106,0,0,0.0,2.859949408169807,2.8051858732944335,4.282327236460018,2.154851206099903,1.3142147037714769,1.8624962842656947,4.952830188679245,3.595323583763093,0.4147406084796956,0.0,0.0,0.0,0.0,0.0,0,0,0,0,0,0.0,0.2830188679245283,0.28566343740076977,0.38389898927442767,0.8540895753995721,0.4861480558928791,0.0,0.49056603773584906,0.05303668384480567
1650,103,97.16981132075472,106,1,105,0,0,0.009433962264150943,2.8583761987861354,2.8021827090500238,4.107218734624857,2.1580255679205136,1.3253449773971102,1.8811108647988346,4.952830188679245,3.595323583763093,0.4128550719534405,0.9751253464182632,0.1643220441633239,1.0,0.024874653581736794,0.03416519112360983,0,1,0,0,0,1.0,0.29245283018867924,0.2815733086586138,0.3982811623586469,0.8433209434969134,0.4795551777489647,0.009433962264150943,0.4716981132075472,0.0530858820874725
1651,103,97.16981132075472,106,1,104,1,0,0.009433962264150943,2.844968442639115,2.787895604935334,4.123141646560693,2.1606853765482263,1.3183442192622277,1.8712733350351682,4.952830188679245,3.595323583763093,0.4124093986661832,0.6924964458391354,0.17728474781301884,0.5,0.20070162366278793,-0.019561462374282412,0,1,0,1,0,0.5,0.2830188679245283,0.28193147793142126,0.3918579985763614,0.8531486680171668,0.4789602265488252,0.009433962264150943,0.4339622641509434,0.05306665767017496
1652,102,96.22641509433963,106,1,105,0,0,0.009433962264150943,2.876915567587228,2.8223521874746997,4.359611109879956,2.164064242035998,1.2724302350434236,1.8241764481666873,4.952830188679245,3.595323583763093,0.41502798255537976,0.5246955506024293,0.19506387074122278,1.0,0.47530444939757066,-0.0631704465184082,0,1,0,0,0,0.0,0.2830188679245283,0.285999829507433,0.34989516636048734,0.8719646277939486,0.49317210994761657,0.009433962264150943,0.4150943396226415,0.05328713386878827
1653,102,96.22641509433963,106,2,104,0,0,0.018867924528301886,2.8671665543429845,2.816574691102437,4.206086491505624,2.1672247230855906,1.3166547068816656,1.8539591291045692,4.952830188679245,3.595323583763093,0.4109692016847768,0.5930095110173637,0.19667174968886472,0.5,0.22974100775624873,-0.04638708676110903,1,1,0,0,0,0.0,0.27358490566037735,0.28041320673450915,0.39315755713281,0.8387458680748549,0.48987544685920387,0.018867924528301886,0.4528301886792453,0.05329520356283523
1654,102,96.22641509433963,106,0,104,2,0,0.0,2.9048929892873363,2.853692938575721,4.409109669766828,2.1713855776863857,1.2918765388591122,1.8250326472340312,4.952830188679245,3.595323583763093,0.41581105304749455,0.7303354283327395,0.16658521189772751,1.0,0.2696645716672605,-0.027400415305922854,0,0,0,2,0,0.0,0.27358490566037735,0.28684280806207985,0.3947571757656597,0.8408455908193918,0.4949503213821668,0.0,0.49056603773584906,0.053558633830931235
1655,102,96.22641509433963,106,3,102,1,0,0.02830188679245283,2.891564035311477,2.849350670331684,4.433207648122866,2.174985150516985,1.2661846147107045,1.8148018880384724,4.952830188679245,3.595323583763093,0.4159164195669742,0.7864359468530178,0.1687156563488677,0.75,0.18653153729944805,0.0014910756731059405,2,1,0,1,0,0.25,0.2641509433962264,0.28751168861661275,0.35903353845133623,0.8547858365700494,0.5037539395985002,0.02830188679245283,0.49056603773584906,0.05355669720649857
1656,101,95.28301886792453,106,2,104,0,0,0.018867924528301886,2.8800960482798215,2.832681473193329,4.26620764954613,2.17840517208428,1.2839849793995042,1.842037626579624,4.952830188679245,3.595323583763093,0.4128861169234761,0.7096301294184217,0.20272494200479158,1.0,0.2903698705815782,-0.02332464778065002,0,2,0,0,0,0.0,0.27358490566037735,0.28268233002851945,0.40074630651288673,0.827714464736951,0.4943602028261074,0.018867924528301886,0.5283018867924528,0.05356083769232966
1657,101,95.28301886792453,106,1,105,0,0,0.009433962264150943,2.859999336691324,2.8081051048884724,4.155958275906029,2.1809794013881216,1.2750789396790356,1.836324100077625,4.952830188679245,3.595323583763093,0.4117796696489169,0.8480713182548433,0.19819851360871754,1.0,0.15192868174515672,0.0039033586955834476,0,1,0,0,0,0.0,0.2641509433962264,0.281399680835374,0.3978808816168934,0.8596859623817112,0.4937701340326704,0.009433962264150943,0.4528301886792453,0.053506630071017754
1658,100,94.33962264150944,106,1,105,0,0,0.009433962264150943,2.866681069469838,2.8142831387260925,4.240630495286729,2.1835327945640244,1.272905515774814,1.7951740726579697,4.952830188679245,3.595323583763093,0.41254329783532273,0.6361991606130917,0.1504927052224207,1.0,0.3638008393869083,0.02966462269109682,1,0,0,0,0,0.0,0.2641509433962264,0.28315886786172834,0.39922029099186196,0.8517293311281372,0.49085388698333826,0.009433962264150943,0.4716981132075472,0.05358594010843004
1659,100,94.33962264150944,106,0,106,0,0,0.0,2.8347938578643244,2.7835747420399506,3.917760486623314,2.1850905403796506,1.30628811563849,1.9015646899523557,4.952830188679245,3.595323583763093,0.4071537385770929,0.0,0.0,0.0,0.0,0.0,0,0,0,0,0,0.0,0.24528301886792453,0.27414855487696665,0.406504139599697,0.8588606326476075,0.4824835995820635,0.0,0.4339622641509434,0.053454507051744614
1660,102,96.22641509433963,106,1,105,0,0,0.009433962264150943,2.8512092958617616,2.797626253488026,4.054128741904816,2.187020855136606,1.263838881252059,1.866483404521624,4.952830188679245,3.595323583763093,0.40910261126923664,0.8402850571897533,0.19853160434255915,1.0,0.15971494281024667,0.011710173356519027,0,1,0,0,0,0.0,0.25471698113207547,0.27765000561525377,0.3999767871044833,0.8641607669445841,0.4859420677425919,0.009433962264150943,0.41509433962264153,0.05357128477258064
1661,104,98.11320754716981,106,0,106,0,0,0.0,2.862257021266406,2.8078139111815137,4.1116535162919,2.189150375139574,1.2677604413260355,1.8762745814845576,4.952830188679245,3.595323583763093,0.4108335322034069,0.0,0.0,0.0,0.0,0.0,0,0,0,0,0,0.0,0.27358490566037735,0.27980716898111246,0.3991616797206082,0.8641607669445841,0.488051949595194,0.0,0.41509433962264153,0.05366480496704769
1662,104,98.11320754716981,106,0,106,0,0,0.0,2.8514016789657846,2.795982482630948,4.097699325424277,2.1908630294948748,1.247970252438597,1.8710970554746669,4.952830188679245,3.595323583763093,0.4103437144539086,0.0,0.0,0.0,0.0,0.0,0,0,0,0,0,0.0,0.2830188679245283,0.27958660636756205,0.4000831799493345,0.8734728532759467,0.4874989051563879,0.0,0.37735849056603776,0.05364131598851682
1663,105,99.05660377358491,106,0,106,0,0,0.0,2.8454225180435437,2.7895671429103572,3.981581435484517,2.1923295866066685,1.248966506956597,1.8597064132790295,4.952830188679245,3.595323583763093,0.40881963207336547,0.0,0.0,0.0,0.0,0.0,0,0,0,0,0,0.0,0.27358490566037735,0.27666938704681054,0.40909786702493733,0.8611853556075254,0.48506280694938597,0.0,0.41509433962264153,0.05363778392076046
1664,103,97.16981132075472,106,2,104,0,0,0.018867924528301886,2.8850668407582836,2.8342483887388914,4.373815370667705,2.194821999334199,1.2232869448398933,1.8384380659443185,4.952830188679245,3.595323583763093,0.4145684442650803,0.8495042026798768,0.16100958029875082,1.0,0.1504957973201232,0.017355787525338562,1,1,0,0,0,0.0,0.27358490566037735,0.28710468019617447,0.39049976300494255,0.8666653905149613,0.489793648592221,0.018867924528301886,0.39622641509433965,0.05388081068563297
1665,103,97.16981132075472,106,1,105,0,0,0.009433962264150943,2.8961739648831246,2.851163491606941,4.418480598846518,2.197738747507311,1.240819301807094,1.8602458082008186,4.952830188679245,3.595323583763093,0.41496992850345427,0.8056730032662905,0.20944719321804417,1.0,0.19432699673370946,0.044636585556923736,0,1,0,0,0,0.0,0.29245283018867924,0.2878481274363492,0.3882524222512201,0.8892403749054484,0.48860375293537767,0.009433962264150943,0.37735849056603776,0.053988779573730605
1666,100,94.33962264150944,106,3,101,0,2,0.02830188679245283,2.8901277853393132,2.8309307882768557,4.356954723519182,2.200576297885494,1.285981843859194,1.891351302929308,4.952830188679245,3.595323583763093,0.4153812541764541,0.9838002515526331,0.18719833590627039,1.0,0.016199748447367,0.05644554388639036,0,5,0,0,0,0.8,0.2830188679245283,0.2879220945481799,0.40900852863135084,0.8837950658774767,0.48905500790943857,0.02830188679245283,0.39622641509433965,0.05400955823498554
1667,99,93.39622641509433,106,1,105,0,0,0.009433962264150943,2.853176975798059,2.7936235189327965,4.129836285306547,2.2018747900872304,1.328054914071302,1.9348418959880345,4.952830188679245,3.595323583763093,0.4117725763974951,0.9998757872868633,0.19041261456875383,1.0,0.00012421271313667326,-0.038000561306060554,0,1,0,0,0,1.0,0.2830188679245283,0.28272276167967236,0.4106367591967545,0.8715725137018357,0.48603405161518737,0.009433962264150943,0.4528301886792453,0.053848146685460445
1668,98,92.45283018867924,106,1,105,0,0,0.009433962264150943,2.8406455629608782,2.786846285675692,4.059955121497447,2.2027415757665243,1.3429687464145719,1.9453579024814134,4.952830188679245,3.595323583763093,0.40817100962224306,0.6700949961050806,0.21646890935507912,1.0,0.3299050038949194,-0.1017236492235285,0,1,0,0,0,0.0,0.2830188679245283,0.2774513567218643,0.3906916365189448,0.88770629685519,0.4816547546859648,0.009433962264150943,0.3962264150943396,0.0538010714962487
1669,100,94.33962264150944,106,0,106,0,0,0.0,2.884860669573813,2.8295738622712068,4.510883846359461,2.2049317575158214,1.3251111316321487,1.919079733389896,4.952830188679245,3.595323583763093,0.41467535165501035,0.0,0.0,0.0,0.0,0.0,0,0,0,0,0,0.0,0.2830188679245283,0.2893570035402955,0.37930546302854484,0.88770629685519,0.4918385579909526,0.0,0.3962264150943396,0.05406151908979326
1670,100,94.33962264150944,106,1,105,0,0,0.009433962264150943,2.8977421461989525,2.8463263208328504,4.539964920517838,2.207391548747196,1.319081937306779,1.9421178431651394,4.952830188679245,3.595323583763093,0.41679376532240076,0.8499686383837348,0.12212439096928368,1.0,0.15003136161626518,0.025321721425941912,0,1,0,0,0,0.0,0.2641509433962264,0.2910040499424226,0.3875776443422906,0.88770629685519,0.49582211967494494,0.009433962264150943,0.3773584905660377,0.05417014520004543
1671,103,97.16981132075472,106,0,106,0,0,0.0,2.901072535302152,2.8495455384406476,4.529118100824685,2.209988986027995,1.3124090121005185,1.8511564411900012,4.952830188679245,3.595323583763093,0.41768036046926116,0.0,0.0,0.0,0.0,0.0,0,0,0,0,0,0.0,0.2830188679245283,0.29176907744135755,0.3947197542636983,0.885298444749709,0.4970389505220839,0.0,0.3773584905660377,0.054233490283126434
1672,104,98.11320754716981,106,0,105,1,0,0.0,2.885030162069308,2.8341450926285408,4.4945289293486566,2.2120500803454344,1.3081696657751316,1.9187737410293852,4.952830188679245,3.595323583763093,0.4187117685635833,0.9692860215402075,0.14828661798797457,1.0,0.030713978459792513,0.027528430513476088,0,0,1,0,0,1.0,0.3018867924528302,0.29283518105962886,0.3875653604315421,0.8829763426869808,0.5004878181898622,0.0,0.3773584905660377,0.05419032992200147
1673,104,98.11320754716981,106,1,105,0,0,0.009433962264150943,2.9008211941019253,2.8570227918099,4.879035021329023,2.2144588282117836,1.2902264876661829,1.9572691526293675,4.952830188679245,3.595323583763093,0.425385502834134,0.936597906437902,0.18044210099204522,1.0,0.06340209356209803,-0.006592249894447733,0,1,0,0,0,0.0,0.29245283018867924,0.3050640463837122,0.3708611342294418,0.8965384897160115,0.515579079198313,0.009433962264150943,0.3773584905660377,0.054312586222220675
1674,103,97.16981132075472,106,1,105,0,0,0.009433962264150943,2.9156656221137234,2.869544819387326,4.961689062425336,2.2174364923928924,1.3044221507583067,1.9627822579249836,4.952830188679245,3.595323583763093,0.42635137486477315,0.9999920820038808,0.132172313208896,1.0,7.917996119211068e-06,0.00663554073905559,0,1,0,0,0,1.0,0.3018867924528302,0.3066290220460814,0.3697697121487149,0.8952802870067086,0.5134849936997291,0.009433962264150943,0.3773584905660377,0.054440336693554
1675,103,97.16981132075472,106,1,103,0,2,0.009433962264150943,2.9180115555666353,2.880814210934423,4.953293954208528,2.220291978358961,1.2936007770277849,1.9490809707256267,4.952830188679245,3.595323583763093,0.4267351033035214,0.9279217558271581,0.102762901101337,1.0,0.07207824417284203,0.017431437548245776,0,3,0,0,0,0.6666666666666666,0.2830188679245283,0.30690555107216344,0.38296266141568347,0.8916802498443681,0.5075149081030819,0.009433962264150943,0.3773584905660377,0.054503398341003116
1676,103,97.16981132075472,106,0,106,0,0,0.0,2.950758824957344,2.9134543209675137,5.368462711442382,2.2242637854757494,1.2778629036056475,1.9047002020452386,4.952830188679245,3.595323583763093,0.4322458846828625,0.0,0.0,0.0,0.0,0.0,0,0,0,0,0,0.0,0.3018867924528302,0.3174127380401803,0.36132792379845585,0.9003648719248909,0.519491229749132,0.0,0.33962264150943394,0.0547385343469424
1677,103,97.16981132075472,106,0,106,0,0,0.0,2.955944115324314,2.9188040267357764,5.429721005927377,2.228246664661085,1.2838140138444736,1.9161142447758535,4.952830188679245,3.595323583763093,0.43329870346720156,0.0,0.0,0.0,0.0,0.0,0,0,0,0,0,0.0,0.29245283018867924,0.31926422519951464,0.3623865795587799,0.8945080558870415,0.516216647435866,0.0,0.3773584905660377,0.05483605949610883
1678,104,98.11320754716981,106,0,105,1,0,0.0,2.925852879798929,2.888572262015683,5.068979027638776,2.2312168026383414,1.2918907949286411,1.9271254118038852,4.952830188679245,3.595323583763093,0.42810119314265194,0.9758612814378252,0.1776746643971426,1.0,0.024138718562174755,0.007537423274652566,0,0,0,1,0,1.0,0.29245283018867924,0.31030987865611814,0.3687001243667281,0.8962668434311423,0.511595214715081,0.0,0.3773584905660377,0.054738996354065206
1679,104,98.11320754716981,106,1,105,0,0,0.009433962264150943,2.920516431362137,2.8797548602603666,5.061571086461628,2.2339366635685143,1.2818270906587113,1.9149696932766476,4.952830188679245,3.595323583763093,0.42766189560817547,0.9044041406094534,0.17471638196859285,1.0,0.0955958593905466,0.0054379743817771775,0,1,0,0,0,0.0,0.3018867924528302,0.3095726414882359,0.3630995603549961,0.8755026146417199,0.5120760005837762,0.009433962264150943,0.3773584905660377,0.054761208012615276
1680,105,99.05660377358491,106,0,106,0,0,0.0,2.8970157522910234,2.8567939303757637,4.900507410973747,2.2357882005915553,1.323735071002891,1.9795356563061326,4.952830188679245,3.595323583763093,0.4252151353126026,0.0,0.0,0.0,0.0,0.0,0,0,0,0,0,0.0,0.29245283018867924,0.30588270588571603,0.37236179104947975,0.8743260632534444,0.5061718226002438,0.0,0.3773584905660377,0.05467698899088546
1681,105,99.05660377358491,106,0,106,0,0,0.0,2.869857143482142,2.8307432587473915,4.7198091919143454,2.236823884114718,1.3268888352161352,1.9906604666967287,4.952830188679245,3.595323583763093,0.4224200715691504,0.0,0.0,0.0,0.0,0.0,0,0,0,0,0,0.0,0.32075471698113206,0.30103249558315565,0.3645304824377326,0.8671011739379137,0.5022049598377224,0.0,0.3773584905660377,0.054559814033821756
1682,104,98.11320754716981,106,1,105,0,0,0.009433962264150943,2.8745054434476796,2.8341698813278033,4.656512155927933,2.2379719199149695,1.3436620939047714,2.01854102098108,4.952830188679245,3.595323583763093,0.4198959064408234,0.7803836975979699,0.20759722254110594,1.0,0.21961630240203012,0.008928301244864434,0,1,0,0,0,0.0,0.3113207547169811,0.2974261983603875,0.3703967153405952,0.8702353965301957,0.49880510208827733,0.009433962264150943,0.3773584905660377,0.054603693334587686
1683,104,98.11320754716981,106,0,106,0,0,0.0,2.8896702148949793,2.850155341328624,4.625145814522586,2.2394874334088075,1.31686240835849,1.9780830986347073,4.952830188679245,3.595323583763093,0.4195223584942258,0.0,0.0,0.0,0.0,0.0,0,0,0,0,0,0.0,0.32075471698113206,0.29511052036501406,0.37050657319873115,0.8702353965301957,0.5017517378229689,0.0,0.3773584905660377,0.05470676099885372
1684,104,98.11320754716981,106,1,104,1,0,0.009433962264150943,2.908615777523949,2.867312716200168,4.776910938965658,2.2414663028537034,1.3107235090188762,1.9579495579891633,4.952830188679245,3.595323583763093,0.41932431775441703,0.6494154923440099,0.1577164411487042,0.5,0.15252535811744755,-0.007929922930746125,0,1,0,1,0,0.5,0.33962264150943394,0.29651520525275155,0.36180565614633464,0.8585072388741201,0.5066541200194786,0.009433962264150943,0.4150943396226415,0.05483706219192068
1685,103,97.16981132075472,106,1,105,0,0,0.009433962264150943,2.8842413044048616,2.8423396525055633,4.541736023453043,2.2426768754305257,1.340685148269079,1.9967666743533898,4.952830188679245,3.595323583763093,0.4168496860333615,0.9998879453654597,0.14381355029756704,1.0,0.00011205463454033726,0.014997780719519294,0,1,0,0,0,1.0,0.3490566037735849,0.29111755341208634,0.362386219405757,0.8527395840087076,0.5032698625861631,0.009433962264150943,0.3962264150943396,0.05473695182700178
1686,102,96.22641509433963,106,1,104,1,0,0.009433962264150943,2.8925571317634917,2.8459470787819026,4.508838285567954,2.244029684588054,1.3579730979753348,2.020958548936502,4.952830188679245,3.595323583763093,0.41513641861823625,0.9104742449473431,0.195026190530907,1.0,0.08952575505265697,0.013181064194448255,0,1,1,0,0,0.5,0.330188679245283,0.2885776201249387,0.3707781701767847,0.8707796431314634,0.5013873009173186,0.009433962264150943,0.3962264150943396,0.054802849897136886
1687,103,97.16981132075472,106,0,106,0,0,0.0,2.9155475476014097,2.8685093833797213,4.425022973311763,2.245855311601902,1.3674150833872611,2.0299673950213113,4.952830188679245,3.595323583763093,0.4135111926868513,0.0,0.0,0.0,0.0,0.0,0,0,0,0,0,0.0,0.330188679245283,0.2843801445935039,0.3833058132667791,0.8802044024393351,0.49689551039836893,0.0,0.3962264150943396,0.0549506205756167
1688,102,96.22641509433963,106,1,105,0,0,0.009433962264150943,2.9606656268354747,2.921145802020934,4.733864404838859,2.248862928762371,1.338420439537591,2.0041190227527705,4.952830188679245,3.595323583763093,0.41797222641080634,0.9859880701159689,0.1772690934879616,1.0,0.014011929884031105,0.004489412530716441,0,1,0,0,0,1.0,0.330188679245283,0.29177869462165607,0.38452509477169816,0.8708370539424505,0.4975124678135974,0.009433962264150943,0.3962264150943396,0.055230277756326836
1689,102,96.22641509433963,106,1,105,0,0,0.009433962264150943,2.950054235348072,2.915706293411652,4.929241131309289,2.2517203311863465,1.3338096593435549,2.047413735289752,4.952830188679245,3.595323583763093,0.4193496510240047,0.8829014459231856,0.1343858126175943,1.0,0.11709855407681435,0.017653597040168556,0,1,0,0,0,0.0,0.3018867924528302,0.2968998096519414,0.3717989354343277,0.8700713617814567,0.49979099942267147,0.009433962264150943,0.3962264150943396,0.05522858723050593
1690,100,94.33962264150944,106,3,103,0,0,0.02830188679245283,2.9688579640710127,2.9288292069526096,4.844909048247947,2.255171707687141,1.3928919660112093,2.1100416027749023,4.952830188679245,3.595323583763093,0.41577915600370297,0.8832696863882079,0.1949843955823176,1.0,0.1167303136117922,0.013798957618789132,1,2,0,0,0,0.3333333333333333,0.29245283018867924,0.29167598448086246,0.3766729502343165,0.8445616093817876,0.4875179775442081,0.02830188679245283,0.3962264150943396,0.0553846499507694
1691,99,93.39622641509433,106,2,104,0,0,0.018867924528301886,2.98637889981483,2.9506586720649275,4.751065225943336,2.2588341482960277,1.3964969484974221,2.1050106236935817,4.952830188679245,3.595323583763093,0.4171681921782455,0.823762628985978,0.18340878059451554,1.0,0.17623737101402204,0.010451306059880094,0,2,0,0,0,0.0,0.29245283018867924,0.2908336462343233,0.3965948649376772,0.8331281993824174,0.4880408393540583,0.018867924528301886,0.4150943396226415,0.05553809292496479
1692,99,93.39622641509433,106,0,105,1,0,0.0,2.964069258789409,2.9285872435419695,4.492039344850218,2.26185550171476,1.3913875381802616,2.1141948288139183,4.952830188679245,3.595323583763093,0.4136661321405499,0.8076436285575006,0.2133527319572352,1.0,0.1923563714424994,0.040529300733659124,0,0,0,1,0,0.0,0.29245283018867924,0.28420822439284654,0.4056124149132616,0.8514994313430659,0.4825519992445048,0.0,0.4150943396226415,0.055480858435843945
1693,100,94.33962264150944,106,0,106,0,0,0.0,2.979000901271329,2.9432694647261255,4.6007643324766185,2.2651905263901635,1.368419592286792,2.0815813426399132,4.952830188679245,3.595323583763093,0.4143231080251988,0.0,0.0,0.0,0.0,0.0,0,0,0,0,0,0.0,0.27358490566037735,0.2856106420846795,0.39871492084717747,0.8643981244505945,0.48633049586837784,0.0,0.4150943396226415,0.055615469112593095
1694,99,93.39622641509433,106,3,103,0,0,0.02830188679245283,2.9868034001803023,2.9444423202964134,4.540159345671817,2.2686060289813805,1.3730745574932999,2.056120121581494,4.952830188679245,3.595323583763093,0.4157456677775606,0.6937960088648989,0.16587987229156873,0.6666666666666666,0.2313251099253942,0.014839461765800088,0,3,0,0,0,0.0,0.29245283018867924,0.28619398625183556,0.41753488634290353,0.8623198407967483,0.4783930716746955,0.02830188679245283,0.3773584905660377,0.05571588079222099
1695,100,94.33962264150944,106,1,105,0,0,0.009433962264150943,2.9852705236814843,2.9429353144127934,4.647224089667949,2.2716717106673463,1.384899136709994,2.1041085624131126,4.952830188679245,3.595323583763093,0.41773994651421953,0.9870083436508155,0.2179700421644719,1.0,0.012991656349184533,0.01783042716594041,0,1,0,0,0,1.0,0.29245283018867924,0.29002900095955464,0.41057987862690626,0.8475737996076594,0.4807616890863513,0.009433962264150943,0.3773584905660377,0.055763326998056216
1696,102,96.22641509433963,106,0,106,0,0,0.0,3.0121009495980604,2.9694897055031344,4.977311205757255,2.2754079728675456,1.3645383890733078,2.069280550179359,4.952830188679245,3.595323583763093,0.42220697413187347,0.0,0.0,0.0,0.0,0.0,0,0,0,0,0,0.0,0.29245283018867924,0.29856781975676017,0.39667686026087035,0.8521590813137818,0.4829079375643872,0.0,0.3773584905660377,0.0559646444856566
1697,101,95.28301886792453,106,1,105,0,0,0.009433962264150943,3.032001484030934,3.001043705130851,4.9728716728078926,2.2795732644426208,1.3727298509711547,2.1037808751908496,4.952830188679245,3.595323583763093,0.4199799836302751,0.996384408978576,0.18382552438636343,1.0,0.0036155910214239473,0.00820020553675449,1,0,0,0,0,1.0,0.25471698113207547,0.2954349294157156,0.4201492836915268,0.8534726226363818,0.4717638807038531,0.009433962264150943,0.3773584905660377,0.05613902501298655
1698,100,94.33962264150944,106,1,105,0,0,0.009433962264150943,3.040709349077578,3.003950894785875,5.0221118330422385,2.284171926690946,1.3977653691179368,2.0857965127399756,4.952830188679245,3.595323583763093,0.4205099597237647,0.9984613413707755,0.1620761849999376,1.0,0.001538658629224532,0.03125129731717413,0,1,0,0,0,1.0,0.27358490566037735,0.29624835482711365,0.4272709840851627,0.8296571688222569,0.4714772253695336,0.009433962264150943,0.3584905660377358,0.056265232732395594
1699,103,97.16981132075472,106,0,106,0,0,0.0,3.040571193252897,3.00423509004403,4.988862400544294,2.2884581328801623,1.4247655763278408,2.110696354129304,4.952830188679245,3.595323583763093,0.4207666719838081,0.0,0.0,0.0,0.0,0.0,0,0,0,0,0,0.0,0.2830188679245283,0.29619031550757,0.43237261945882594,0.8296571688222569,0.46615904914850737,0.0,0.3584905660377358,0.056341593444256995
1700,103,97.16981132075472,106,1,105,0,0,0.009433962264150943,3.024216137411702,2.9838309444900024,4.863870457097138,2.2921093289816454,1.4559001129354707,2.1366223074680453,4.952830188679245,3.595323583763093,0.4173226716335732,0.9146771878121642,0.18386403358806216,1.0,0.08532281218783577,0.07485477825185383,0,1,0,0,0,0.0,0.2830188679245283,0.29181826648883363,0.43203764421484403,0.8332543868182403,0.4621337974815661,0.009433962264150943,0.3773584905660377,0.05632545432231405
1701,103,97.16981132075472,106,0,106,0,0,0.0,3.0260846016508967,2.9863481948066157,4.540384297946752,2.295595686464067,1.4304393350254234,2.1071482126339083,4.952830188679245,3.595323583763093,0.4105600197969421,0.0,0.0,0.0,0.0,0.0,0,0,0,0,0,0.0,0.2641509433962264,0.27997638990804063,0.4419645412685261,0.8496435810345984,0.456421648645941,0.0,0.3773584905660377,0.05639746955989992
1702,104,98.11320754716981,106,0,106,0,0,0.0,3.0296304394238738,2.9903459716584186,4.174701250739917,2.2990716845248924,1.4458042932510244,2.1263065679728994,4.952830188679245,3.595323583763093,0.4026684588242584,0.0,0.0,0.0,0.0,0.0,0,0,0,0,0,0.0,0.25471698113207547,0.26629333166545477,0.46099513363083616,0.8235429496942144,0.446774718728194,0.0,0.3773584905660377,0.0564776854377908
1703,105,99.05660377358491,106,0,106,0,0,0.0,3.0488918644998955,3.0086809118936313,4.283768140467847,2.3029500695519416,1.4508844139570556,2.1320585417522016,4.952830188679245,3.595323583763093,0.40260195147250233,0.0,0.0,0.0,0.0,0.0,0,0,0,0,0,0.0,0.2358490566037736,0.2668574025976441,0.4533508682354118,0.7972183423497397,0.4485657315971371,0.0,0.3773584905660377,0.05664371280894423
1704,104,98.11320754716981,106,1,105,0,0,0.009433962264150943,3.0435231946709385,2.998086525517307,4.108934295395483,2.3065412363014284,1.5169335430192874,2.194314743958987,4.952830188679245,3.595323583763093,0.39661708935027273,0.9994100326408242,0.19064002195309315,1.0,0.0005899673591758248,0.05102271597451602,1,0,0,0,0,1.0,0.2358490566037736,0.2593354651894761,0.46496822209181077,0.8458073990922899,0.44165313964094044,0.009433962264150943,0.3962264150943396,0.056681426492337726
1705,105,99.05660377358491,106,0,106,0,0,0.0,3.028892155180955,2.983928583487151,3.8184243615623945,2.309439125731272,1.5451907926068311,2.2154241740908702,4.952830188679245,3.595323583763093,0.3894356491508617,0.0,0.0,0.0,0.0,0.0,0,0,0,0,0,0.0,0.2169811320754717,0.24824666113342903,0.47579991954756423,0.8369359830257089,0.4291915951273114,0.0,0.3773584905660377,0.05666036554593908
1706,105,99.05660377358491,106,0,106,0,0,0.0,3.043406136989574,2.998209840949709,3.9492546178937307,2.3126435925931,1.4936036590797426,2.1630992221677268,4.952830188679245,3.595323583763093,0.39220346248723836,0.0,0.0,0.0,0.0,0.0,0,0,0,0,0,0.0,0.2169811320754717,0.25187005245428223,0.4766708859317282,0.8394642168743246,0.43325440925565456,0.0,0.3962264150943396,0.056790540931390764
1707,104,98.11320754716981,106,1,105,0,0,0.009433962264150943,3.048364740259113,3.0127480716680384,3.9218174641199193,2.3158632671030914,1.4930184500349588,2.173443544879842,4.952830188679245,3.595323583763093,0.3916851189245718,0.99921543683127,0.17339749245199862,1.0,0.0007845631687299903,0.010777352797483708,0,1,0,0,0,1.0,0.20754716981132076,0.2508965379684054,0.49098066935137213,0.8573546129843821,0.43060576670183587,0.009433962264150943,0.4150943396226415,0.05687321280622752
1708,103,97.16981132075472,106,1,105,0,0,0.009433962264150943,3.0628859443522978,3.0217880049706984,3.759960021492332,2.319670978489363,1.5262959740557638,2.265469316674222,4.952830188679245,3.595323583763093,0.3871582538565681,0.9943345075332513,0.20668614264645907,1.0,0.005665492466748745,0.04105760365174671,0,1,0,0,0,1.0,0.20754716981132076,0.2442832789082807,0.5033108850518476,0.8283672387223333,0.425757166930769,0.009433962264150943,0.4716981132075472,0.057014268599429575
1709,103,97.16981132075472,106,1,105,0,0,0.009433962264150943,3.0467716553273094,3.0052741908845637,3.597106848624991,2.3227522548244446,1.5623894282986726,2.28661786599174,4.952830188679245,3.595323583763093,0.38562340359076597,0.9567241455006774,0.14771858455641762,1.0,0.043275854499322586,0.023574167466339002,0,1,0,0,0,1.0,0.20754716981132076,0.2413674625630288,0.5135179333111507,0.8265387499343853,0.4249642710279304,0.009433962264150943,0.4716981132075472,0.05698908808168269
1710,103,97.16981132075472,106,0,106,0,0,0.0,3.053260168947469,3.01086438218811,3.6094761368671158,2.3258420489806984,1.536073586138093,2.2610703296955412,4.952830188679245,3.595323583763093,0.3886574526372333,0.0,0.0,0.0,0.0,0.0,0,0,0,0,0,0.0,0.2169811320754717,0.24422241741864528,0.5204058772427539,0.8447845487254902,0.4314472016544348,0.0,0.4339622641509434,0.05707707469877824
1711,103,97.16981132075472,106,0,105,1,0,0.0,3.0612823966123663,3.0166633449831237,3.748519010105375,2.3289875482205478,1.5512565058763603,2.292864057071917,4.952830188679245,3.595323583763093,0.39066145185880696,0.7439754291970331,0.15324787066596277,1.0,0.2560245708029669,0.026369508914645623,0,0,0,1,0,0.0,0.2169811320754717,0.24813436983694365,0.5077898760235899,0.8312526292227048,0.4324743928960133,0.0,0.4339622641509434,0.057173731275101426
1712,104,98.11320754716981,106,0,106,0,0,0.0,3.0679677762730204,3.022287289524927,3.9421610355026404,2.33218171578796,1.5370508706415416,2.2826211032434753,4.952830188679245,3.595323583763093,0.3951450633502709,0.0,0.0,0.0,0.0,0.0,0,0,0,0,0,0.0,0.2358490566037736,0.25477411645044645,0.488647791364059,0.8356529502339635,0.43949676220057693,0.0,0.4716981132075472,0.05726457850333273
1713,105,99.05660377358491,106,0,104,2,0,0.0,3.0412497148978224,2.995338142608578,3.7126035705446183,2.334485915467751,1.5223466213750834,2.201512757534127,4.952830188679245,3.595323583763093,0.39038393512599834,0.4232837107579983,0.18770969082570327,0.5,0.17345034388758274,-0.024892204093315995,0,0,0,2,0,0.0,0.22641509433962265,0.24748948933911757,0.4974638395964618,0.8033043541413081,0.434888546851102,0.0,0.4716981132075472,0.05717240991370901
1714,104,98.11320754716981,106,2,104,0,0,0.018867924528301886,3.041978213828794,2.991349098045315,3.6271423439674977,2.3367322251607225,1.5610199035378063,2.3088224224380105,4.952830188679245,3.595323583763093,0.38829104342506415,0.8680397285683066,0.17686567671948533,1.0,0.13196027143169342,0.016566124456949327,0,2,0,0,0,0.5,0.2169811320754717,0.24430270825059786,0.4861927512306122,0.7940069701968006,0.4260490887049042,0.018867924528301886,0.4528301886792453,0.05721643345944175
1715,104,98.11320754716981,106,0,106,0,0,0.0,3.028401665849775,2.976732738131051,3.556757186649738,2.338337679707825,1.560679503961954,2.2798039859042967,4.952830188679245,3.595323583763093,0.38778634288078684,0.0,0.0,0.0,0.0,0.0,0,0,0,0,0,0.0,0.22641509433962265,0.2432266664780624,0.4891640197688162,0.7931788297657287,0.42788308087021204,0.0,0.4528301886792453,0.05717741136252594
1716,104,98.11320754716981,106,0,105,1,0,0.0,3.0079494215590854,2.9563365847076675,3.56114938488666,2.3392987667975995,1.5776585219417754,2.264663075478736,4.952830188679245,3.595323583763093,0.38721289042344287,0.029334620419212157,0.2145372029096421,0.0,0.029334620419212157,-0.08147622721327563,0,0,0,1,0,1.0,0.2358490566037736,0.24367454241749975,0.4878672534936398,0.8080484716646511,0.42471009180891117,0.0,0.4528301886792453,0.05709242723647208
1717,104,98.11320754716981,106,0,106,0,0,0.0,2.981201430815591,2.928612558990088,3.5648479361036305,2.3394278849485817,1.5817700808757484,2.275741511776008,4.952830188679245,3.595323583763093,0.3880681899712377,0.0,0.0,0.0,0.0,0.0,0,0,0,0,0,0.0,0.2358490566037736,0.24553315961211697,0.48771149547899284,0.8080484716646511,0.4229929455564124,0.0,0.4528301886792453,0.056961008390421196
1718,103,97.16981132075472,106,1,105,0,0,0.009433962264150943,3.0022425049693577,2.954430381874087,3.8350361069968946,2.340173817080312,1.567203622193927,2.2580390010014435,4.952830188679245,3.595323583763093,0.39101554339493805,0.999349836861866,0.1451351519317905,1.0,0.0006501631381340411,0.010511700969832005,0,1,0,0,0,1.0,0.22641509433962265,0.2512399709561934,0.4586845207222625,0.8220677438796065,0.43290187950434694,0.009433962264150943,0.4528301886792453,0.057079623098115505
1719,105,99.05660377358491,106,0,106,0,0,0.0,3.0133233112482825,2.965274479277013,3.9956922441110514,2.3413259660751775,1.54350000793947,2.2444120963117653,4.952830188679245,3.595323583763093,0.39219548595107767,0.0,0.0,0.0,0.0,0.0,0,0,0,0,0,0.0,0.24528301886792453,0.2547081931854914,0.4421336677740254,0.8219347769099874,0.44016938607558426,0.0,0.4150943396226415,0.05715573887177638
1720,105,99.05660377358491,106,0,106,0,0,0.0,3.0030897264938226,2.9544540962609407,4.068669570549537,2.3421254693595674,1.545471131559969,2.2330748388322768,4.952830188679245,3.595323583763093,0.39392352190655866,0.0,0.0,0.0,0.0,0.0,0,0,0,0,0,0.0,0.2358490566037736,0.2574142522629919,0.4292639127882675,0.8403607147883471,0.44314770685428917,0.0,0.3773584905660377,0.05711894331307239
1721,105,99.05660377358491,106,0,106,0,0,0.0,3.020812936471081,2.9708283270156794,4.202325100451766,2.3433671931778086,1.5187118210227535,2.2359358702156147,4.952830188679245,3.595323583763093,0.396438317555442,0.0,0.0,0.0,0.0,0.0,0,0,0,0,0,0.0,0.2358490566037736,0.26125692978716,0.42596045016502443,0.8293601652411633,0.4482201466390355,0.0,0.41509433962264153,0.057229881357599904
1722,105,99.05660377358491,106,0,106,0,0,0.0,3.0488534876604736,2.9984152505312314,4.407308583320066,2.3453577443405185,1.5035551851889761,2.215994528953372,4.952830188679245,3.595323583763093,0.3966618305047631,0.0,0.0,0.0,0.0,0.0,0,0,0,0,0,0.0,0.2358490566037736,0.2626881242849965,0.4063342352721183,0.8520264154404948,0.4555097659233175,0.0,0.3773584905660377,0.05740586749124675
1723,105,99.05660377358491,106,1,105,0,0,0.009433962264150943,3.0841805047834465,3.033807313152056,4.621910806634361,2.34828795844363,1.4799751814619495,2.203119647377943,4.952830188679245,3.595323583763093,0.39790626068063517,0.8347491890003333,0.22085699570774547,1.0,0.16525081099966665,-0.015619710371724604,0,1,0,0,0,0.0,0.2169811320754717,0.26558485575901636,0.3997137984560115,0.8725170100812707,0.45853360692421113,0.009433962264150943,0.3962264150943396,0.05763517791621357
1724,105,99.05660377358491,106,0,106,0,0,0.0,3.107277621643983,3.0555705576872465,5.0132806890024675,2.351745526762278,1.4431299010088672,2.1273314240617975,4.952830188679245,3.595323583763093,0.40297233148902456,0.0,0.0,0.0,0.0,0.0,0,0,0,0,0,0.0,0.22641509433962265,0.2749129605861371,0.3860953599102956,0.8760243135607778,0.4650557124279757,0.0,0.3962264150943396,0.057812818885108794
1725,104,98.11320754716981,106,1,105,0,0,0.009433962264150943,3.112733607005947,3.0579555730646555,4.988768686512793,2.355203359457706,1.471446119859417,2.1554183253943746,4.952830188679245,3.595323583763093,0.40196775901593873,0.7802241357776418,0.18619409674564452,1.0,0.21977586422235817,0.025587237734512325,0,1,0,0,0,0.0,0.2169811320754717,0.2738485752441983,0.40040666473938935,0.8653167228316707,0.4567509446819788,0.009433962264150943,0.3773584905660377,0.05790225894911152
1726,103,97.16981132075472,106,1,105,0,0,0.009433962264150943,3.1144315488967553,3.06342606416827,4.89573894649077,2.358548449521466,1.4838069753697065,2.1720388165908693,4.952830188679245,3.595323583763093,0.4014703500354,0.8722859692600103,0.1656497854963957,1.0,0.12771403073998966,0.0317576401956885,1,0,0,0,0,0.0,0.19811320754716982,0.27149972199450967,0.41076237012860906,0.8582161963693814,0.4479159598303836,0.009433962264150943,0.3773584905660377,0.057970882064545794
1727,102,96.22641509433963,106,1,105,0,0,0.009433962264150943,3.1238829633477967,3.0784343441141746,4.9438168984431785,2.3621205496330004,1.4757080231389679,2.227428617014778,4.952830188679245,3.595323583763093,0.3994382537417196,0.921237382426071,0.20660455366785152,1.0,0.078762617573929,0.003994443197519626,0,1,0,0,0,0.0,0.1792452830188679,0.269570131913508,0.40537780644766735,0.8501547416200647,0.44919598205717304,0.009433962264150943,0.3962264150943396,0.05808235341567382
1728,103,97.16981132075472,106,1,105,0,0,0.009433962264150943,3.1813334503654582,3.1319805086024406,5.213024740887659,2.3673905706695955,1.4768752382225792,2.2237777981295515,4.952830188679245,3.595323583763093,0.40260398601112546,0.8240155011818179,0.20628046878319106,1.0,0.17598449881818212,0.02933663808018072,1,0,0,0,0,0.0,0.1792452830188679,0.27380854740358657,0.3975289840811005,0.8635675462960548,0.46201193962621845,0.009433962264150943,0.3584905660377358,0.058464343005361116
1729,103,97.16981132075472,106,0,106,0,0,0.0,3.223723689137255,3.1716603098989355,5.669031691787258,2.373500380057448,1.4660024261929026,2.1550408319406316,4.952830188679245,3.595323583763093,0.40926103133004865,0.0,0.0,0.0,0.0,0.0,0,0,0,0,0,0.0,0.16981132075471697,0.28447171016423195,0.3924275809809989,0.8635675462960548,0.4672033481242307,0.0,0.3584905660377358,0.05878612790814231
1730,103,97.16981132075472,106,0,106,0,0,0.0,3.2487294004346103,3.1953180955550837,5.791176417061834,2.3800709811851295,1.4898371169779727,2.2063447483383998,4.952830188679245,3.595323583763093,0.41089266895660104,0.0,0.0,0.0,0.0,0.0,0,0,0,0,0,0.0,0.1792452830188679,0.2872378685639483,0.40360622527704043,0.8428865100360582,0.4667100929283727,0.0,0.43396226415094336,0.05902927365059836
1731,104,98.11320754716981,106,0,106,0,0,0.0,3.227739155932288,3.1746040996316776,5.583910823570203,2.385809559796413,1.5060242383691202,2.2213115272027637,4.952830188679245,3.595323583763093,0.4097101962538232,0.0,0.0,0.0,0.0,0.0,0,0,0,0,0,0.0,0.1792452830188679,0.2842756781385301,0.40718503084480595,0.8465650331723128,0.46583665007336467,0.0,0.43396226415094336,0.05902748266317887
1732,104,98.11320754716981,106,1,105,0,0,0.009433962264150943,3.2182262833746544,3.1598829314163375,5.647420531090732,2.391048859500583,1.506165685496413,2.1626464143719364,4.952830188679245,3.595323583763093,0.41054355302275236,0.9207685027392374,0.22915638712017855,1.0,0.07923149726076262,0.010270496926104933,0,1,0,0,0,0.0,0.18867924528301888,0.28680065605964483,0.40007106864435116,0.8378295500655386,0.46683387032679663,0.009433962264150943,0.4528301886792453,0.05907410318933474
1733,105,99.05660377358491,106,0,106,0,0,0.0,3.2044748730618133,3.1458367949252923,5.612274820557953,2.395565325711377,1.496729865988522,2.187988505496411,4.952830188679245,3.595323583763093,0.4134696359086061,0.0,0.0,0.0,0.0,0.0,0,0,0,0,0,0.0,0.18867924528301888,0.28991046393917824,0.3960856897710301,0.8340370362329653,0.4722482911597552,0.0,0.41509433962264153,0.05908653692518521
1734,103,97.16981132075472,106,2,104,0,0,0.018867924528301886,3.2393810608685882,3.1811881430675557,5.862311363246532,2.4008450271133266,1.4878608031936833,2.246812360828473,4.952830188679245,3.595323583763093,0.41621067255207245,0.9432239421381603,0.18728224618868194,1.0,0.056776057861839646,0.0155669195083179,0,2,0,0,0,0.5,0.18867924528301888,0.2939075750827754,0.4024421043124125,0.8487395292890692,0.46795112071035466,0.018867924528301886,0.41509433962264153,0.059355979039047366
1735,103,97.16981132075472,106,0,106,0,0,0.0,3.25501841723627,3.197143030694484,5.946709535290475,2.4064849895552753,1.4806666548943614,2.2075908540957823,4.952830188679245,3.595323583763093,0.4130332611699721,0.0,0.0,0.0,0.0,0.0,0,0,0,0,0,0.0,0.18867924528301888,0.29118337188375887,0.3993286267528342,0.8403548539720257,0.4612811120162402,0.0,0.41509433962264153,0.05953555327078116
1736,103,97.16981132075472,106,0,106,0,0,0.0,3.230587763719362,3.174410951535929,5.497738050447315,2.4112683436549798,1.5158836123181978,2.211164065897613,4.952830188679245,3.595323583763093,0.4069653399058757,0.0,0.0,0.0,0.0,0.0,0,0,0,0,0,0.0,0.20754716981132076,0.2803845804472656,0.41591371074809924,0.8361006872556063,0.4541920138842199,0.0,0.41509433962264153,0.05949938853221741
1737,104,98.11320754716981,106,0,106,0,0,0.0,3.2174174049617483,3.1627260867501032,5.204552067564655,2.415543633737141,1.5355914090049565,2.2518373997776573,4.952830188679245,3.595323583763093,0.400546791636476,0.0,0.0,0.0,0.0,0.0,0,0,0,0,0,0.0,0.20754716981132076,0.27046875475674387,0.41456473072948524,0.826442805366469,0.45214081761966224,0.0,0.37735849056603776,0.05951039199472845
1738,103,97.16981132075472,106,1,105,0,0,0.009433962264150943,3.2285047121130095,3.168855547495978,5.319990465811191,2.419980971197054,1.5533073224736804,2.271147877663736,4.952830188679245,3.595323583763093,0.4024102765023374,0.9760092105394531,0.21575090767354166,1.0,0.02399078946054689,0.05962585442683688,1,0,0,0,0,1.0,0.20754716981132076,0.2737908215343666,0.41257262321474863,0.8406369473259505,0.45252727980132845,0.009433962264150943,0.3584905660377358,0.059645596850578464
1739,105,99.05660377358491,106,0,106,0,0,0.0,3.197780471155903,3.1395698166215795,4.964469334938391,2.4232769798535894,1.5840284507383469,2.3015648820369643,4.952830188679245,3.595323583763093,0.3974481130333556,0.0,0.0,0.0,0.0,0.0,0,0,0,0,0,0.0,0.20754716981132076,0.26556307618531383,0.4228016205148766,0.8406369473259505,0.44693821811906087,0.0,0.3584905660377358,0.059551226734068576
1740,104,98.11320754716981,106,1,105,0,0,0.009433962264150943,3.2297006435439477,3.1677432885507604,5.076429890024982,2.4273954129226456,1.580968693625849,2.299913688486753,4.952830188679245,3.595323583763093,0.39664498743695975,0.9987653063061024,0.22840568321095284,1.0,0.001234693693897615,0.010339965990330935,0,1,0,0,0,1.0,0.20754716981132076,0.26493749500979313,0.40910803794686273,0.8466010118584103,0.44805483800058926,0.009433962264150943,0.3584905660377359,0.05978486309371543
1741,104,98.11320754716981,106,0,106,0,0,0.0,3.242704818122784,3.180461616637372,5.380584819910834,2.4316010024310506,1.5558344403346716,2.2677957148084156,4.952830188679245,3.595323583763093,0.40039589267337616,0.0,0.0,0.0,0.0,0.0,0,0,0,0,0,0.0,0.2169811320754717,0.27167129000289575,0.3864402501091681,0.8575037284582194,0.4578589928176937,0.0,0.3584905660377359,0.05992548624232559
1742,103,97.16981132075472,106,1,105,0,0,0.009433962264150943,3.233805175117741,3.1827788832723614,5.159817419111675,2.435427021951252,1.5603059823391192,2.277565993221492,4.952830188679245,3.595323583763093,0.39854565951443277,0.9999999999417923,0.15439175199576982,1.0,5.820766091346741e-11,0.02287913230892613,0,1,0,0,0,1.0,0.20754716981132076,0.26726765571973354,0.4026414048896745,0.846250042114221,0.4524566501744704,0.009433962264150943,0.39622641509433965,0.05994976691836497
1743,102,96.22641509433963,106,2,104,0,0,0.018867924528301886,3.2581914625567396,3.2137115311641997,5.492075015590143,2.4400776586531947,1.5537462351435576,2.275721956838877,4.952830188679245,3.595323583763093,0.40349429894156374,0.9815789273085942,0.20673992935095964,1.0,0.01842107269140586,0.027165359879432915,2,0,0,0,0,1.0,0.2169811320754717,0.27505284007031294,0.3976675684858202,0.8430686707094379,0.4581627188736844,0.018867924528301886,0.39622641509433965,0.060155301074630005
1744,101,95.28301886792453,106,1,105,0,0,0.009433962264150943,3.262355029195016,3.213696751551702,5.694308855113033,2.444860395830101,1.5770540103531603,2.2806370188764493,4.952830188679245,3.595323583763093,0.4051069946496755,0.8983127749990687,0.2163577034001392,1.0,0.1016872250009313,0.0066991706762300485,1,0,0,0,0,0.0,0.24528301886792453,0.2794855643387411,0.3930955097001906,0.8312789094358524,0.46115979219133313,0.009433962264150943,0.3584905660377359,0.060262096346656746
1745,101,95.28301886792453,106,1,104,1,0,0.009433962264150943,3.2684671333042523,3.2131490806628604,5.98786101179486,2.449550226573845,1.5676479894372146,2.259193843829904,4.952830188679245,3.595323583763093,0.40815778109491174,0.9346710451642553,0.19348351204996483,1.0,0.06532895483574469,0.014760881133155879,0,1,1,0,0,0.5,0.24528301886792453,0.2857304484062959,0.3777970286507558,0.8153019204172808,0.4686256957070163,0.009433962264150943,0.3584905660377359,0.06037696416258712
1746,100,94.33962264150944,106,1,104,1,0,0.009433962264150943,3.2753006761896692,3.2357880283109477,6.191380957652944,2.4540750202573722,1.5455137713092806,2.243161796200963,4.952830188679245,3.595323583763093,0.4110428581609622,0.900710599939675,0.1931086087756605,1.0,0.09928940006032505,0.028272331216457336,0,1,0,1,0,0.0,0.25471698113207547,0.29019791936392514,0.38726643127046384,0.8086783053078612,0.46979225943963554,0.009433962264150943,0.339622641509434,0.06049247236422445
1747,100,94.33962264150944,106,1,105,0,0,0.009433962264150943,3.313583548785895,3.2783020417427124,6.709991057223475,2.4599633515974757,1.542678047518419,2.24851419378856,4.952830188679245,3.595323583763093,0.41561627892771735,0.7629080720405836,0.20867729526968276,1.0,0.23709192795941636,0.018187229888263046,0,1,0,0,0,0.0,0.2358490566037736,0.2994701228882862,0.37076922333380113,0.8427405698333115,0.4726629981868269,0.009433962264150943,0.37735849056603776,0.060789739009886004
1748,100,94.33962264150944,106,2,104,0,0,0.018867924528301886,3.2968435134334166,3.261029541047602,6.351417506956675,2.4653477748479626,1.542270124669967,2.2482631004326894,4.952830188679245,3.595323583763093,0.41271372966016795,0.8730678804581795,0.19406580561397066,1.0,0.12693211954182054,0.009440775500220044,0,2,0,0,0,0.5,0.2641509433962264,0.2948449013575585,0.4336218950774771,0.8206808263747264,0.46431584670365755,0.018867924528301886,0.41509433962264153,0.060802832552610805
1749,100,94.33962264150944,106,1,105,0,0,0.009433962264150943,3.2799386211939034,3.24813412364888,6.112893576286959,2.47002345034652,1.5608879066613144,2.2108508290098174,4.952830188679245,3.595323583763093,0.4094734901891506,0.9369741332268178,0.19563629877236435,1.0,0.06302586677318223,0.006214219966518497,1,0,0,0,0,0.0,0.25471698113207547,0.2886203413415773,0.4479192381795453,0.8137102018243207,0.4522154565033268,0.009433962264150943,0.41509433962264153,0.06080236092336317
1750,101,95.28301886792453,106,1,105,0,0,0.009433962264150943,3.2885929545936525,3.248532451674649,6.391084367641874,2.474902337944296,1.5576770783500176,2.260408690118153,4.952830188679245,3.595323583763093,0.4135344058933712,0.9488808482249662,0.18297832123329338,1.0,0.05111915177503379,0.030355289855699574,0,1,0,0,0,0.0,0.2641509433962264,0.2954987014490901,0.43189986994573104,0.8155286716328772,0.45781355266662904,0.009433962264150943,0.41509433962264153,0.06093333848857598
1751,100,94.33962264150944,106,2,103,1,0,0.018867924528301886,3.3275998599322643,3.283702016705647,6.804546517194424,2.48046239210792,1.5423707676661398,2.205824729809434,4.952830188679245,3.595323583763093,0.416921330698244,0.8777315334526871,0.20705648328224577,1.0,0.122268466547313,-0.0016375756865452118,0,2,1,0,0,0.3333333333333333,0.24528301886792453,0.3018575730194575,0.4238265747928866,0.8208393113865143,0.461376028445811,0.018867924528301886,0.37735849056603776,0.061228323984576435
1752,100,94.33962264150944,106,0,106,0,0,0.0,3.306423707043507,3.262515261702412,6.42307809117989,2.4851201272403753,1.5534235736291733,2.2098726268475666,4.952830188679245,3.595323583763093,0.4155221419751636,0.0,0.0,0.0,0.0,0.0,0,0,0,0,0,0.0,0.25471698113207547,0.2973168280160938,0.4383122771116812,0.8201673729030269,0.46045491542506284,0.0,0.37735849056603776,0.06120617354497584
1753,101,95.28301886792453,106,1,104,1,0,0.009433962264150943,3.330509126152601,3.2886447466272397,6.639358661874968,2.490287972208923,1.5482290688615312,2.2052381936314744,4.952830188679245,3.595323583763093,0.4180669277629028,0.7937971562269368,0.1747652102618632,1.0,0.20620284377306325,0.008151076736643503,1,0,0,1,0,0.5,0.25471698113207547,0.30118097427501606,0.430908571168729,0.806312644608566,0.4647227816337425,0.009433962264150943,0.37735849056603776,0.06141950101498456
1754,100,94.33962264150944,106,2,104,0,0,0.018867924528301886,3.3021340621070374,3.250341946171149,6.156571794292447,2.4945484015942894,1.5948084682840569,2.3012580942270993,4.952830188679245,3.595323583763093,0.4136001174794808,0.9801592901760844,0.1984419338906079,1.0,0.019840709823915614,0.04590615911906559,0,2,0,0,0,1.0,0.2358490566037736,0.29302127148925367,0.4421610391018739,0.8076654139990468,0.4665011624846526,0.018867924528301886,0.39622641509433965,0.061354213805987566
1755,101,95.28301886792453,106,0,106,0,0,0.0,3.3134837917410462,3.2624937974761554,6.252604355044351,2.4986990817389594,1.5919417638246265,2.234307293974597,4.952830188679245,3.595323583763093,0.41166562803743,0.0,0.0,0.0,0.0,0.0,0,0,0,0,0,0.0,0.2169811320754717,0.2911684064410149,0.4349843045591747,0.8000162770398277,0.4666064438200366,0.0,0.39622641509433965,0.061485577645221556
1756,101,95.28301886792453,106,2,104,0,0,0.018867924528301886,3.3508512038041753,3.309423105053718,6.793297435039837,2.5037223683844028,1.5827373464243328,2.2781598940169285,4.952830188679245,3.595323583763093,0.41549309955316893,0.8184244410078957,0.1875506231840125,1.0,0.1815755589921043,0.018773125303331528,0,2,0,0,0,0.5,0.20754716981132076,0.2989121136020014,0.43390816732081283,0.8019644098038361,0.4628436589020195,0.018867924528301886,0.41509433962264153,0.06176271641025902
1757,100,94.33962264150944,106,1,105,0,0,0.009433962264150943,3.3404514308891153,3.3010747614783917,6.868766086622915,2.508607695971271,1.5950291957576286,2.227775505794387,4.952830188679245,3.595323583763093,0.4163594583395833,0.8452257471095148,0.16236367382857422,1.0,0.1547742528904852,0.02641096406725174,1,0,0,0,0,0.0,0.20754716981132076,0.302159568582439,0.4332924098709396,0.791957747390446,0.46524013413871623,0.009433962264150943,0.41509433962264153,0.061798539213121104
1758,100,94.33962264150944,106,1,105,0,0,0.009433962264150943,3.330813919219987,3.2844278356662198,6.62199731168224,2.513140390449468,1.6058161833425462,2.2363765133524143,4.952830188679245,3.595323583763093,0.4151852955726416,0.9899245702642625,0.22869262352200892,1.0,0.010075429735737496,0.032861296582310295,0,1,0,0,0,1.0,0.22641509433962265,0.2987930240828417,0.4329062784857012,0.8215472660500899,0.4614182886419481,0.009433962264150943,0.4339622641509434,0.06183183417155273
1759,102,96.22641509433963,106,0,106,0,0,0.0,3.3373041080761623,3.2912964113154266,6.491962302604173,2.51745106616862,1.6044766346025474,2.2290965260954314,4.952830188679245,3.595323583763093,0.4164891421158117,0.0,0.0,0.0,0.0,0.0,0,0,0,0,0,0.0,0.2358490566037736,0.29808965339992666,0.4476831582735449,0.8083749003326601,0.4580086226084082,0.0,0.4339622641509434,0.06194177648620872
1760,102,96.22641509433963,106,0,106,0,0,0.0,3.35258824388964,3.30697392138546,6.65665501503375,2.522057684920537,1.5485439081517118,2.2519017749329917,4.952830188679245,3.595323583763093,0.41999093754329575,0.0,0.0,0.0,0.0,0.0,0,0,0,0,0,0.0,0.2169811320754717,0.3025445649878669,0.4425574841889949,0.7989013185408227,0.4637485921302072,0.0,0.4528301886792453,0.06210100859047697
1761,104,98.11320754716981,106,0,106,0,0,0.0,3.3497445730865256,3.3049398666067065,6.416691897213244,2.5264401761411195,1.5580504782109663,2.2590713187684854,4.952830188679245,3.595323583763093,0.415376903426258,0.0,0.0,0.0,0.0,0.0,0,0,0,0,0,0.0,0.20754716981132076,0.29484903222322534,0.44983340451862325,0.819486582288391,0.4559666058455124,0.0,0.4339622641509434,0.06216557260666638
1762,104,98.11320754716981,106,1,105,0,0,0.009433962264150943,3.3578235293205743,3.3071629031056613,6.899688606504844,2.530900685504764,1.549142600592066,2.2547098203797518,4.952830188679245,3.595323583763093,0.42047425668109306,0.9082405959824102,0.25307168076682174,1.0,0.09175940401758975,-0.014198110637217098,1,0,0,0,0,0.0,0.25471698113207547,0.30517484153978164,0.4319438217010858,0.819486582288391,0.4644621416520134,0.009433962264150943,0.4339622641509434,0.06228615226039015
1763,105,99.05660377358491,106,0,106,0,0,0.0,3.360994621655414,3.311387450293715,6.690926879999065,2.5351506914373343,1.534824039498177,2.2213768314602285,4.952830188679245,3.595323583763093,0.419627474464942,0.0,0.0,0.0,0.0,0.0,0,0,0,0,0,0.0,0.22641509433962265,0.3011315514442436,0.43510480295483245,0.8146517260475721,0.46517612423465404,0.0,0.39622641509433965,0.06237840845486688
1764,105,99.05660377358491,106,0,106,0,0,0.0,3.3357651972337616,3.288712973623894,6.19438732039061,2.5385957192585367,1.5761196850693802,2.267780215247924,4.952830188679245,3.595323583763093,0.4153723319727536,0.0,0.0,0.0,0.0,0.0,0,0,0,0,0,0.0,0.25471698113207547,0.2916584102371829,0.43958047532517164,0.832981560356739,0.4651867513750977,0.0,0.39622641509433965,0.06231419128162005
1765,105,99.05660377358491,106,0,106,0,0,0.0,3.3419966818123563,3.2936920994909658,6.489736701282549,2.542060099731266,1.5763396974846167,2.2701660838237534,4.952830188679245,3.595323583763093,0.4170468163022336,0.0,0.0,0.0,0.0,0.0,0,0,0,0,0,0.0,0.2641509433962264,0.29645560996906706,0.4260067544631029,0.8150528822042395,0.46897338493017954,0.0,0.39622641509433965,0.06240762654859669
1766,104,98.11320754716981,106,1,105,0,0,0.009433962264150943,3.3476565026741794,3.2959398983491597,6.369306391748322,2.5455640219774445,1.5676051798970398,2.2544315140803244,4.952830188679245,3.595323583763093,0.4165774354963707,0.8961973442798334,0.15763273256960514,1.0,0.10380265572016656,-0.026203833923624353,0,1,0,0,0,0.0,0.2830188679245283,0.2945924799196723,0.4325085507837304,0.8267404907021175,0.47494220207963367,0.009433962264150943,0.41509433962264153,0.0624989143243426
1767,105,99.05660377358491,106,0,106,0,0,0.0,3.364348837699106,3.311058828987724,6.49406792262656,2.5492773815161938,1.5763144153366622,2.265798590804833,4.952830188679245,3.595323583763093,0.4210616334944395,0.0,0.0,0.0,0.0,0.0,0,0,0,0,0,0.0,0.29245283018867924,0.3004491026219061,0.43895149599585637,0.8224611301284634,0.47756621698487056,0.0,0.41509433962264153,0.0626491296450905
1768,104,98.11320754716981,106,1,105,0,0,0.009433962264150943,3.3307902565995984,3.285182031063664,6.1768184579093175,2.551962350736869,1.5931507659638258,2.2833515043325745,4.952830188679245,3.595323583763093,0.4200760819204925,0.9662029482400143,0.18722997964612542,1.0,0.03379705175998571,-0.012089272510316329,0,1,0,0,0,1.0,0.3113207547169811,0.296637346947744,0.4354507925301843,0.8211582100174173,0.477715523950065,0.009433962264150943,0.4339622641509434,0.06252960340539683
1769,104,98.11320754716981,106,0,106,0,0,0.0,3.288885617371612,3.2468212164312216,5.721803577901028,2.5535980296256517,1.6004972149960888,2.2680664363780814,4.952830188679245,3.595323583763093,0.41590823570313984,0.0,0.0,0.0,0.0,0.0,0,0,0,0,0,0.0,0.32075471698113206,0.2881864920956805,0.44439186728590874,0.8207676716671348,0.4745306246630115,0.0,0.4339622641509434,0.062349484183678416
1770,103,97.16981132075472,106,1,105,0,0,0.009433962264150943,3.2954912602703805,3.2512537911105763,5.799792920699878,2.555365959602436,1.6104683194830953,2.2884842339703284,4.952830188679245,3.595323583763093,0.4145846776895097,0.999520810400623,0.21232835331916627,1.0,0.00047918959937698347,-0.006079616370949115,0,1,0,0,0,1.0,0.3113207547169811,0.28754073703205396,0.44421094895746344,0.8443135560910802,0.4704057997462485,0.009433962264150943,0.4339622641509434,0.06241429379987213
1771,104,98.11320754716981,106,0,105,1,0,0.0,3.310680933922978,3.267355176853555,5.754885783612394,2.5574698775963713,1.6068121399414426,2.277624254279654,4.952830188679245,3.595323583763093,0.4129982979304363,0.6893959139111935,0.1859787369906593,1.0,0.3106040860888065,0.010375382688709411,0,0,0,1,0,0.0,0.3113207547169811,0.28450734079422035,0.4449819404186478,0.8315014627388725,0.47010775021360496,0.0,0.4339622641509434,0.06252806349804461
1772,104,98.11320754716981,106,0,106,0,0,0.0,3.3077146184901567,3.2648790210738174,5.720424553831758,2.5594269322803123,1.6251543151390087,2.2843147410441125,4.952830188679245,3.595323583763093,0.41032766190763303,0.0,0.0,0.0,0.0,0.0,0,0,0,0,0,0.0,0.3018867924528302,0.28159944184746,0.443251030409154,0.8207764220700543,0.46587433058817024,0.0,0.4716981132075472,0.06254841314517995
1773,105,99.05660377358491,106,0,106,0,0,0.0,3.355330673280091,3.3116367629695818,5.756196204742709,2.562658498212945,1.6134432460375867,2.2742266040321164,4.952830188679245,3.595323583763093,0.4104772942086585,0.0,0.0,0.0,0.0,0.0,0,0,0,0,0,0.0,0.29245283018867924,0.28037999326028085,0.4665730744887705,0.8088104497129706,0.4606988448382246,0.0,0.4716981132075472,0.06284458604518002
1774,105,99.05660377358491,106,0,106,0,0,0.0,3.3320706025187965,3.289234217420012,5.420214300855107,2.5651295236906715,1.660464908803679,2.2839892189095665,4.952830188679245,3.595323583763093,0.40732467300808306,0.0,0.0,0.0,0.0,0.0,0,0,0,0,0,0.0,0.2641509433962264,0.2742328641517332,0.4828029023648601,0.8058878460252314,0.45707992542145165,0.0,0.4716981132075472,0.0627727063722543
1775,106,100.0,106,0,106,0,0,0.0,3.3510499352328176,3.3079580791721286,5.541795480692586,2.568050254540529,1.6497533408049567,2.2451264684403895,4.952830188679245,3.595323583763093,0.4088984601907484,0.0,0.0,0.0,0.0,0.0,0,0,0,0,0,0.0,0.27358490566037735,0.2763388619330055,0.47498638597596954,0.8088104497129706,0.45814346493168556,0.0,0.4716981132075472,0.06292010789835598
1776,106,100.0,106,0,106,0,0,0.0,3.3271754203707977,3.284956776807595,5.3838360405784105,2.570204398666535,1.6810251170841133,2.2759366356386894,4.952830188679245,3.595323583763093,0.40444872923122,0.0,0.0,0.0,0.0,0.0,0,0,0,0,0,0.0,0.2358490566037736,0.2711704817108249,0.48266672462430255,0.8042315385502524,0.4503224393002658,0.0,0.4716981132075472,0.06283945954994115
1777,105,99.05660377358491,106,1,105,0,0,0.009433962264150943,3.3305741045117987,3.2863081802109715,5.5846492736115065,2.572366695880564,1.6619712657781096,2.2492044342855886,4.952830188679245,3.595323583763093,0.4059704296549249,0.8410601640148052,0.19994589534076032,1.0,0.1589398359851948,0.020597884267598454,0,1,0,0,0,0.0,0.25471698113207547,0.2744861303846209,0.46329938485805977,0.8112629756130773,0.4565397942919664,0.009433962264150943,0.4716981132075472,0.06289532376148967
1778,104,98.11320754716981,106,1,105,0,0,0.009433962264150943,3.3908024919788664,3.3562632177203655,6.094250889096398,2.5760922939873407,1.647525742728206,2.2396043107557198,4.952830188679245,3.595323583763093,0.4092920556583046,0.6992065649157271,0.18486103616977945,1.0,0.3007934350842729,0.01080876122824792,1,0,0,0,0,0.0,0.22641509433962265,0.2808665076822652,0.4580223944276406,0.8098395353941348,0.4601177445235588,0.009433962264150943,0.4716981132075472,0.0632634393525096
1779,104,98.11320754716981,106,0,105,1,0,0.0,3.3655342422942076,3.3320193956969155,5.59807618911312,2.5793109435213513,1.672724400408422,2.3297554424896423,4.952830188679245,3.595323583763093,0.4052379301926643,0.9423625380400431,0.1910520599502693,1.0,0.05763746195995689,0.028764215387558467,0,0,0,1,0,0.0,0.2169811320754717,0.2718688165597006,0.475350690606247,0.8004664135841224,0.4559011599096616,0.0,0.4716981132075472,0.0631949585369738
1780,103,97.16981132075472,106,1,105,0,0,0.009433962264150943,3.341550353025377,3.308130769597391,5.253695149854372,2.581744987995679,1.6734547676686164,2.3557786799974325,4.952830188679245,3.595323583763093,0.4031115282982205,0.9996957329416385,0.18325638158633656,1.0,0.000304267058361507,-0.025979214940232254,0,1,0,0,0,1.0,0.2358490566037736,0.26630554602782613,0.4887602466396803,0.7967035257309961,0.45068806382934695,0.009433962264150943,0.5094339622641509,0.06311879497814202
1781,103,97.16981132075472,106,0,106,0,0,0.0,3.3318530271879307,3.2992948540254643,5.431147389877678,2.5838191623573756,1.644774536354829,2.3222731707195536,4.952830188679245,3.595323583763093,0.4054581841780551,0.0,0.0,0.0,0.0,0.0,0,0,0,0,0,0.0,0.2358490566037736,0.27107893214673245,0.4664380710138869,0.8070837479513868,0.45782179711770166,0.0,0.4716981132075472,0.06310759498895202
1782,104,98.11320754716981,106,0,106,0,0,0.0,3.338761387198655,3.3077536651519575,5.364736761622833,2.5860620607441485,1.6333753345666182,2.285756307179946,4.952830188679245,3.595323583763093,0.4038532088481541,0.0,0.0,0.0,0.0,0.0,0,0,0,0,0,0.0,0.24528301886792453,0.2683876950409961,0.46750992732502084,0.8242407799372313,0.45795520200004736,0.0,0.4716981132075472,0.06318245651633539
1783,105,99.05660377358491,106,0,105,1,0,0.0,3.3599849390442644,3.330138362875844,5.54364611533299,2.5888681615293985,1.6243127142955276,2.291379388746752,4.952830188679245,3.595323583763093,0.40520210522585276,0.9616674565772038,0.2151784963926791,1.0,0.03833254342279624,0.04960495093197559,0,0,0,1,0,1.0,0.25471698113207547,0.27024610421115686,0.4554251618366611,0.8126788973803424,0.4640037659304359,0.0,0.4716981132075472,0.06333901847722155
1784,104,98.11320754716981,106,1,105,0,0,0.009433962264150943,3.3679367400242732,3.3355689509689426,5.709378910359526,2.5917672075244886,1.6481145721283992,2.31968004045283,4.952830188679245,3.595323583763093,0.4075979180286524,0.9961306813827424,0.2197517720968616,1.0,0.003869318617257589,0.03126564725470682,0,1,0,0,0,1.0,0.25471698113207547,0.27435387889369256,0.4528147021584506,0.8126788973803424,0.4611907318387141,0.009433962264150943,0.4716981132075472,0.06343089252430441
1785,104,98.11320754716981,106,1,105,0,0,0.009433962264150943,3.4018085421193356,3.372702275908246,5.775191583622807,2.595448397330383,1.611684370216226,2.261230662882904,4.952830188679245,3.595323583763093,0.4107963602932643,0.998568927127575,0.14455329231390224,1.0,0.0014310728724250543,0.03725567190818846,0,1,0,0,0,1.0,0.27358490566037735,0.27721255634385733,0.46062191782916795,0.7966352691006385,0.4672145224338082,0.009433962264150943,0.4716981132075472,0.06366642687740692
1786,104,98.11320754716981,106,0,106,0,0,0.0,3.4415253068370912,3.41236993146772,5.982476715267594,2.6002822217258026,1.5999532805354135,2.2799943296332783,4.952830188679245,3.595323583763093,0.41424459502653943,0.0,0.0,0.0,0.0,0.0,0,0,0,0,0,0.0,0.27358490566037735,0.28116434097068344,0.4433079520030449,0.8053727347578806,0.47441936769692167,0.0,0.4339622641509434,0.0639519065152388
1787,103,97.16981132075472,106,1,105,0,0,0.009433962264150943,3.4445281523179667,3.418529803906368,6.0060129246573375,2.605007770810124,1.6049356529432406,2.280514046598158,4.952830188679245,3.595323583763093,0.4144173262991466,0.9953356892180852,0.23823865493424895,1.0,0.00466431078191476,0.0013032967926780437,1,0,0,0,0,1.0,0.2641509433962264,0.28164164595056085,0.44201081049571367,0.8034021330648238,0.47065044156020064,0.009433962264150943,0.4339622641509434,0.06405187013298863
1788,101,95.28301886792453,106,2,104,0,0,0.018867924528301886,3.454676018480934,3.42524967529881,5.931452762968495,2.609938990463362,1.6277360766784197,2.286452871641106,4.952830188679245,3.595323583763093,0.41381896883074276,0.7221234457130157,0.1610122398669992,1.0,0.2778765542869843,0.04733242837954399,0,2,0,0,0,0.0,0.27358490566037735,0.2805371594493654,0.446032118479838,0.8129956659769082,0.47273734852525295,0.018867924528301886,0.4716981132075472,0.06419125611538348
1789,101,95.28301886792453,106,1,104,1,0,0.009433962264150943,3.456433118922127,3.431595691752561,6.090088840521946,2.6146714952622903,1.600244726630489,2.249946417109439,4.952830188679245,3.595323583763093,0.41536601729379496,0.8885550242644967,0.16712709672098286,1.0,0.11144497573550327,0.056165339275937254,0,1,0,1,0,0.5,0.2641509433962264,0.28391785128747044,0.4381257061438868,0.7766550667682759,0.483139074879307,0.009433962264150943,0.5094339622641509,0.06428511604815874
1790,100,94.33962264150944,106,2,103,0,1,0.018867924528301886,3.4471156672332586,3.414626044784227,5.906418754264575,2.6191207904939477,1.6335523327131747,2.2762751799653675,4.952830188679245,3.595323583763093,0.41624256005420146,0.9380682927159522,0.22523079912504865,1.0,0.06193170728404792,0.01373150886807295,1,2,0,0,0,0.6666666666666666,0.29245283018867924,0.28273570616401794,0.4548322055406751,0.7918668718474141,0.46799232978570915,0.018867924528301886,0.4716981132075472,0.06431851207010192
1791,99,93.39622641509433,106,1,105,0,0,0.009433962264150943,3.4591518565007187,3.4216001952028834,5.9697625395567675,2.623529827171261,1.6507903423805395,2.284100137893411,4.952830188679245,3.595323583763093,0.41545066865281277,0.992038983726065,0.21239813020819287,1.0,0.007961016273934973,0.048249849060112426,0,1,0,0,0,1.0,0.29245283018867924,0.2818801486678615,0.45163786672023554,0.8091420252808531,0.46842580718734017,0.009433962264150943,0.4716981132075472,0.06445795258417732
1792,100,94.33962264150944,106,0,106,0,0,0.0,3.471678444312203,3.4338539362595233,6.146438906933703,2.6279719688897663,1.6493110201713534,2.279955443680475,4.952830188679245,3.595323583763093,0.4164333910429623,0.0,0.0,0.0,0.0,0.0,0,0,0,0,0,0.0,0.2641509433962264,0.2841212796827043,0.45015438234035093,0.8091420252808531,0.45982654575981796,0.0,0.4716981132075472,0.06460044020764955
1793,102,96.22641509433963,106,0,106,0,0,0.0,3.487009669783589,3.4492194206710125,6.252635228859177,2.6326963523472866,1.632142713158886,2.310661770077664,4.952830188679245,3.595323583763093,0.4172398853759851,0.0,0.0,0.0,0.0,0.0,0,0,0,0,0,0.0,0.2641509433962264,0.2852470873740583,0.447182101982942,0.7786725787390799,0.46417007450406833,0.0,0.5094339622641509,0.06476202477132428
1794,102,96.22641509433963,106,1,105,0,0,0.009433962264150943,3.4811361137334114,3.438108724325818,6.190324795138553,2.637107024393542,1.6297334692064998,2.310577989551735,4.952830188679245,3.595323583763093,0.41734157490381474,0.9971271618331559,0.179420894051529,1.0,0.0028728381668441383,0.030304668894362896,0,1,0,0,0,1.0,0.25471698113207547,0.2851195247961546,0.4440037671288023,0.8011558843001385,0.4684356531816389,0.009433962264150943,0.5094339622641509,0.06481194595721414
1795,104,98.11320754716981,106,0,106,0,0,0.0,3.487880652230919,3.4442564449596555,6.215371761290505,2.64136022501718,1.645583884989244,2.326428664157683,4.952830188679245,3.595323583763093,0.418400527789742,0.0,0.0,0.0,0.0,0.0,0,0,0,0,0,0.0,0.27358490566037735,0.28653110877565513,0.4496612757061673,0.7714281245600314,0.47004750832527437,0.0,0.5094339622641509,0.06492212681224488
1796,105,99.05660377358491,106,0,106,0,0,0.0,3.489652665280784,3.4460727315046404,6.247518791474672,2.645512750418532,1.6447110280918618,2.256746170703798,4.952830188679245,3.595323583763093,0.41789199538217137,0.0,0.0,0.0,0.0,0.0,0,0,0,0,0,0.0,0.3018867924528302,0.2862201674003835,0.45352481944300316,0.8090045777177699,0.47021559294482657,0.0,0.4716981132075472,0.06500563524003249
1797,105,99.05660377358491,106,0,106,0,0,0.0,3.502652827581189,3.458985786627958,6.289752869625125,2.6498873919877934,1.6756569173646294,2.2880125797202604,4.952830188679245,3.595323583763093,0.4183965975709134,0.0,0.0,0.0,0.0,0.0,0,0,0,0,0,0.0,0.29245283018867924,0.286697645461914,0.455373689513172,0.7743629038361299,0.47355704743177,0.0,0.5094339622641509,0.0651492773115569
1798,104,98.11320754716981,106,1,105,0,0,0.009433962264150943,3.517773126590971,3.4660196944868935,6.5251910965313,2.654502822753278,1.6828232757135584,2.2667717182008116,4.952830188679245,3.595323583763093,0.42241083857406014,0.982479773001899,0.18878016537239503,1.0,0.017520226998100963,0.010945671426058512,0,1,0,0,0,1.0,0.2830188679245283,0.29278056168331495,0.4492010485733203,0.7931065053257711,0.4774295964303692,0.009433962264150943,0.4716981132075472,0.06530784864200767
1799,103,97.16981132075472,106,2,101,0,3,0.018867924528301886,3.4701817706311218,3.4384788715345973,5.983445325039686,2.6574260654373774,1.7019354440039456,2.326911550869558,4.952830188679245,3.595323583763093,0.4161457038978056,0.9967984262977827,0.13913633019298804,1.0,0.0032015737022172753,0.01810423423523877,0,5,0,0,0,1.0,0.27358490566037735,0.2826928133181528,0.4616994731681412,0.8049704194857618,0.47539558890415345,0.018867924528301886,0.41509433962264153,0.06512244187902444
1800,102,96.22641509433963,106,1,101,0,4,0.009433962264150943,3.4674826785769683,3.421473703472422,6.07798115443829,2.660701138744905,1.7536369487034071,2.3687536050674556,4.952830188679245,3.595323583763093,0.4195830441979611,0.8513638941192113,0.24669137240859312,1.0,0.14863610588078865,-0.07252477209328508,1,4,0,0,0,0.6,0.2641509433962264,0.28833528346188375,0.4876366931705279,0.8180690775607753,0.4663397148400477,0.009433962264150943,0.41509433962264153,0.06516782116025921
1801,102,96.22641509433963,106,0,106,0,0,0.0,3.4849143750251037,3.4382728875272663,6.32179040334084,2.663933952009676,1.7482207947762733,2.3625010597670957,4.952830188679245,3.595323583763093,0.4206315887616412,0.0,0.0,0.0,0.0,0.0,0,0,0,0,0,0.0,0.25471698113207547,0.2914228929967264,0.48189503801829675,0.8004233543300905,0.4678821646987576,0.0,0.41509433962264153,0.06531309469136357
1802,102,96.22641509433963,106,0,106,0,0,0.0,3.5259981334654724,3.4785811964999165,6.618272518302874,2.6682099064876885,1.7187328577459793,2.3302079453170736,4.952830188679245,3.595323583763093,0.42544167192845506,0.0,0.0,0.0,0.0,0.0,0,0,0,0,0,0.0,0.2830188679245283,0.2978732188939373,0.4830214201189359,0.8180690775607753,0.4728413345103725,0.0,0.41509433962264153,0.06559538068345488
1803,103,97.16981132075472,106,0,106,0,0,0.0,3.553678695823726,3.5056039762974294,6.796601571147477,2.6731093716659604,1.663740099956213,2.2833052618326075,4.952830188679245,3.595323583763093,0.42734284930410205,0.0,0.0,0.0,0.0,0.0,0,0,0,0,0,0.0,0.27358490566037735,0.3006627664679139,0.4868523557679883,0.8190841512536526,0.4773995826289528,0.0,0.41509433962264153,0.06582185930876248
1804,105,99.05660377358491,106,0,106,0,0,0.0,3.588983076246585,3.538892021271438,7.234553326097407,2.6787901355624184,1.6551510304767034,2.2761179094473025,4.952830188679245,3.595323583763093,0.4327402392663591,0.0,0.0,0.0,0.0,0.0,0,0,0,0,0,0.0,0.27358490566037735,0.30994762043474916,0.481379910563474,0.8180690775607753,0.48229070379925343,0.0,0.41509433962264153,0.06610050213293041
1805,106,100.0,106,0,106,0,0,0.0,3.6253240558163697,3.5745749578965276,7.567235386345369,2.6852929912434575,1.6623727211962338,2.255398127779444,4.952830188679245,3.595323583763093,0.43637733738172946,0.0,0.0,0.0,0.0,0.0,0,0,0,0,0,0.0,0.27358490566037735,0.31570890734910595,0.4773023245858372,0.8226736985782364,0.4863007497583311,0.0,0.41509433962264153,0.06639910638273856
1806,105,99.05660377358491,106,1,105,0,0,0.009433962264150943,3.6672438029511962,3.609983345498048,8.072125727709096,2.692750540770536,1.6304044148440833,2.215579673189692,4.952830188679245,3.595323583763093,0.4411210387538631,0.9583708009659813,0.1735885234967191,1.0,0.04162919903401874,0.06360999075005225,0,1,0,0,0,1.0,0.2830188679245283,0.3241897457225584,0.46993515948224013,0.7994496779023355,0.49302392007621143,0.009433962264150943,0.41509433962264153,0.06674276663687163
1807,105,99.05660377358491,106,0,106,0,0,0.0,3.6606800070675267,3.6036888137627128,7.804955536843002,2.6995888645716195,1.634347468267191,2.228151651629382,4.952830188679245,3.595323583763093,0.440167504010079,0.0,0.0,0.0,0.0,0.0,0,0,0,0,0,0.0,0.2830188679245283,0.3213000435846034,0.4790787815670376,0.8070724720214836,0.489861269678619,0.0,0.41509433962264153,0.06683287759163051
1808,105,99.05660377358491,106,0,106,0,0,0.0,3.6769924649404095,3.6193723890008576,7.82717076333527,2.7066324287278,1.6394091422738248,2.2274341004100315,4.952830188679245,3.595323583763093,0.44218286961355124,0.0,0.0,0.0,0.0,0.0,0,0,0,0,0,0.0,0.2830188679245283,0.32283101201381037,0.48223238560570586,0.8187535348597169,0.4902866996874733,0.0,0.41509433962264153,0.06704105934261723
1809,104,98.11320754716981,106,1,105,0,0,0.009433962264150943,3.6759204321356074,3.6251124741476812,7.755033461906322,2.713408050682108,1.6707046432455854,2.2376588391836516,4.952830188679245,3.595323583763093,0.44040145831137956,0.7284574100446815,0.19612336536975028,1.0,0.27154258995531855,0.002864435890800543,0,1,0,0,0,0.0,0.2641509433962264,0.3197054279650208,0.48279179038614584,0.7992946089328167,0.4893447559218348,0.009433962264150943,0.4339622641509434,0.06715750194562817
1810,104,98.11320754716981,106,0,106,0,0,0.0,3.682626170337627,3.6316473759483294,7.872231475017763,2.7203078307814748,1.6685328907438735,2.312530447070479,4.952830188679245,3.595323583763093,0.440607685922612,0.0,0.0,0.0,0.0,0.0,0,0,0,0,0,0.0,0.29245283018867924,0.32108631538161375,0.4800598134473942,0.8109756717710499,0.4928880697272349,0.0,0.4339622641509434,0.06731506534720842
1811,104,98.11320754716981,106,1,105,0,0,0.009433962264150943,3.705216332935935,3.6532149047655023,8.07187883506784,2.727585333091814,1.6578802991612827,2.2479230861599016,4.952830188679245,3.595323583763093,0.44163930407969954,0.9450535683252802,0.2274679346663261,1.0,0.0549464316747198,0.0028212662508404485,0,1,0,0,0,0.0,0.2830188679245283,0.32316380540270073,0.4666463393911129,0.8126430811143521,0.5044689425305453,0.009433962264150943,0.4339622641509434,0.06755884103863623
1812,104,98.11320754716981,106,0,106,0,0,0.0,3.7166797861821324,3.662592518854388,8.479577141537979,2.734865456429913,1.6086407536796898,2.2007484125028234,4.952830188679245,3.595323583763093,0.44773024711596077,0.0,0.0,0.0,0.0,0.0,0,0,0,0,0,0.0,0.3018867924528302,0.33353343242527383,0.4608900234387285,0.8126430811143521,0.515043518675872,0.0,0.4339622641509434,0.06774703030051807
1813,104,98.11320754716981,106,0,106,0,0,0.0,3.7259117799098225,3.671102150896973,8.896464310471657,2.7421285948228844,1.5875628367980883,2.1638072124362804,4.952830188679245,3.595323583763093,0.45306493065063136,0.0,0.0,0.0,0.0,0.0,0,0,0,0,0,0.0,0.3018867924528302,0.34288729096372134,0.4546044046447882,0.802574286428803,0.5220742758278452,0.0,0.4339622641509434,0.06792375693293845
1814,105,99.05660377358491,106,0,106,0,0,0.0,3.7456210462637443,3.6906074986327466,9.247183269043752,2.7496916241820837,1.5761165730616178,2.0941155149424224,4.952830188679245,3.595323583763093,0.45557731922690525,0.0,0.0,0.0,0.0,0.0,0,0,0,0,0,0.0,0.3018867924528302,0.34782602956734787,0.43866308390647,0.8233889648895146,0.531565371788511,0.0,0.4339622641509434,0.06815826095380717
1815,105,99.05660377358491,106,0,106,0,0,0.0,3.763717869614818,3.706805573366526,9.448197598790257,2.7574486367239,1.5957781655889742,2.1084706840114475,4.952830188679245,3.595323583763093,0.4598786349107846,0.0,0.0,0.0,0.0,0.0,0,0,0,0,0,0.0,0.3018867924528302,0.354270054892705,0.4439745587543733,0.8152354428713087,0.5269600648266662,0.0,0.4339622641509434,0.06838818992121823
1816,105,99.05660377358491,106,1,105,0,0,0.009433962264150943,3.787931565574693,3.7336524041806234,9.555161592282069,2.765620982694128,1.6125493324511935,2.171761081327982,4.952830188679245,3.595323583763093,0.4597712718428748,0.9853569204782495,0.2098292873686219,1.0,0.01464307952175048,0.051687708513436625,0,1,0,0,0,1.0,0.3113207547169811,0.35388730213483566,0.4392506102859789,0.8086711454765158,0.5312466840581674,0.009433962264150943,0.4528301886792453,0.06865616954202476
1817,105,99.05660377358491,106,0,106,0,0,0.0,3.7780314430521877,3.7232516984572204,9.584760605236534,2.773278316383819,1.6240362336579817,2.192242568838464,4.952830188679245,3.595323583763093,0.46025139286821504,0.0,0.0,0.0,0.0,0.0,0,0,0,0,0,0.0,0.3113207547169811,0.35572589473126026,0.4368389698325719,0.8086711454765158,0.5304150938772958,0.0,0.4528301886792453,0.06874432189142868
1818,104,98.11320754716981,106,1,105,0,0,0.009433962264150943,3.8152711270793445,3.7670940430936164,9.7996368685583,2.781726348896164,1.6358666622354754,2.2056680325856486,4.952830188679245,3.595323583763093,0.45930049935200024,0.9020161664916684,0.20750786095382706,1.0,0.09798383350833162,0.013806284097231725,0,1,0,0,0,0.0,0.3018867924528302,0.3544185118018675,0.42985406418441385,0.8130692113762774,0.5272280803459017,0.009433962264150943,0.4339622641509434,0.06908238736420462
1819,104,98.11320754716981,106,0,106,0,0,0.0,3.8342574193566317,3.785738619244737,10.122522456745946,2.7906019281564145,1.602249613009678,2.1954978458501024,4.952830188679245,3.595323583763093,0.4614476600586668,0.0,0.0,0.0,0.0,0.0,0,0,0,0,0,0.0,0.29245283018867924,0.3586406055962539,0.426147047096519,0.8153581983895708,0.5299794183450599,0.0,0.4528301886792453,0.06933687172276075
1820,103,97.16981132075472,106,1,105,0,0,0.009433962264150943,3.8333202241815774,3.7844084316582722,10.41136040326191,2.799128115832405,1.6147439193683268,2.194038587080304,4.952830188679245,3.595323583763093,0.46231919810427713,0.9123234949730326,0.1819188048034976,1.0,0.08767650502696744,0.027602652647233494,0,1,0,0,0,0.0,0.2830188679245283,0.36176836005135216,0.41055529887972303,0.8108241009116467,0.5329322937052055,0.009433962264150943,0.4339622641509434,0.06948545776504086
1821,104,98.11320754716981,106,0,106,0,0,0.0,3.8402610464999722,3.7914847033258803,10.24250615292921,2.807543317514895,1.6200954964276064,2.188879101464917,4.952830188679245,3.595323583763093,0.4579657299812494,0.0,0.0,0.0,0.0,0.0,0,0,0,0,0,0.0,0.2830188679245283,0.3550734117968733,0.4151931175437668,0.8263051865362583,0.5300580833427709,0.0,0.4528301886792453,0.06967143874198875
1822,104,98.11320754716981,106,0,106,0,0,0.0,3.86376180815553,3.815189997527996,10.719268531000994,2.816337791093113,1.5823914071651677,2.0942577674838234,4.952830188679245,3.595323583763093,0.4603077129379376,0.0,0.0,0.0,0.0,0.0,0,0,0,0,0,0.0,0.2641509433962264,0.3601546161456178,0.4023761939398325,0.8175197593698361,0.5363215412445007,0.0,0.4528301886792453,0.06994703744157928
1823,105,99.05660377358491,106,0,106,0,0,0.0,3.8843001931435337,3.835123269816075,10.742113309865427,2.8253894074003765,1.5821460879060527,2.1552375140602327,4.952830188679245,3.595323583763093,0.45861776066158244,0.0,0.0,0.0,0.0,0.0,0,0,0,0,0,0.0,0.27358490566037735,0.3578890277333253,0.40037064397951516,0.8051471636483398,0.5368079775428677,0.0,0.4528301886792453,0.07021244681442268
1824,104,98.11320754716981,106,1,105,0,0,0.009433962264150943,3.912664250443432,3.870631088727375,11.320062036824869,2.8349166330370794,1.5713590253820755,2.0924409294385713,4.952830188679245,3.595323583763093,0.4617774238750907,0.9901617227684184,0.19803160347996288,1.0,0.009838277231581594,-0.0019155742838423695,1,0,0,0,0,1.0,0.27358490566037735,0.3651989930255987,0.39318588214971834,0.8204988330796421,0.5397137678306585,0.009433962264150943,0.4528301886792453,0.07052553439601952
1825,103,97.16981132075472,106,2,104,0,0,0.018867924528301886,3.9517055652931297,3.917972213279998,11.899549348138912,2.8454161909694187,1.586636613295274,2.0947609665074447,4.952830188679245,3.595323583763093,0.4656833516682941,0.9712914851154353,0.20347408898518105,1.0,0.028708514884564718,0.03603468848782865,0,2,0,0,0,0.5,0.25471698113207547,0.3728056639680153,0.38891220741106336,0.825643456752652,0.53563091288869,0.018867924528301886,0.4339622641509434,0.07090948751153414
1826,102,96.22641509433963,106,1,105,0,0,0.009433962264150943,3.99581897316847,3.964568382328974,12.929971997264381,2.8570563129265105,1.5504900362672052,2.081775537399547,4.952830188679245,3.595323583763093,0.4693911315204484,0.9878000537266227,0.18832955765033502,1.0,0.012199946273377282,-0.0006982274408051659,1,0,0,0,0,1.0,0.25471698113207547,0.38323092899136546,0.37203212138327363,0.8024522516849494,0.5391385879356849,0.009433962264150943,0.4528301886792453,0.0713393045758619
1827,102,96.22641509433963,106,0,106,0,0,0.0,3.9656045660533215,3.9346080558955823,12.213678245769795,2.867505406596277,1.6062854868938494,2.1363129595829893,4.952830188679245,3.595323583763093,0.4663358919115035,0.0,0.0,0.0,0.0,0.0,0,0,0,0,0,0.0,0.27358490566037735,0.3763335885793831,0.3954994538670338,0.8229386883470702,0.5295794072455237,0.0,0.41509433962264153,0.07137607190478547
1828,101,95.28301886792453,106,1,105,0,0,0.009433962264150943,3.947651188905103,3.9159220315494245,12.304586517330058,2.877082065996311,1.6598455795371636,2.111630245816256,4.952830188679245,3.595323583763093,0.4651470377310656,0.9454399068060071,0.19372783746740052,1.0,0.05456009319399291,-0.08673181748583159,0,1,0,0,0,0.0,0.27358490566037735,0.3761921027242361,0.37650935109717193,0.830243256352166,0.5382294388017698,0.009433962264150943,0.4528301886792453,0.07145846096601742
1829,101,95.28301886792453,106,1,105,0,0,0.009433962264150943,3.9556104572195765,3.933656043779402,12.606063812398363,2.886529200306783,1.6606036455111937,2.1938181403605825,4.952830188679245,3.595323583763093,0.46607352603763075,0.9001641023182112,0.20733331835459673,1.0,0.0998358976817888,0.06371812467813642,0,1,0,0,0,0.0,0.2830188679245283,0.3784203011401458,0.37049679488429516,0.8360082240281679,0.5478352462377651,0.009433962264150943,0.4528301886792453,0.07166808483151688
1830,103,97.16981132075472,106,0,106,0,0,0.0,3.960553278174181,3.937076149634398,12.631584651510831,2.8959896370707594,1.6582089263694337,2.2210783068830082,4.952830188679245,3.595323583763093,0.46609037035876955,0.0,0.0,0.0,0.0,0.0,0,0,0,0,0,0.0,0.3018867924528302,0.3786564980899347,0.38045937822873754,0.8280726471775481,0.5468025416127981,0.0,0.4528301886792453,0.07186286559334101
1831,102,96.22641509433963,106,2,104,0,0,0.018867924528301886,3.962341687673344,3.935234100463491,12.649514868512176,2.9052043659534847,1.6650385914702488,2.2167191574292366,4.952830188679245,3.595323583763093,0.46552231257360743,0.9997425627237109,0.18104066896731966,1.0,0.0002574372762891852,0.09341589091924307,0,2,0,0,0,1.0,0.3018867924528302,0.37784217734831305,0.3754986096419629,0.8306656581226987,0.5374898616989343,0.018867924528301886,0.4716981132075472,0.07203745730118706
1832,102,96.22641509433963,106,0,106,0,0,0.0,3.9772841539783466,3.9495912874680164,12.874586721238574,2.9143533378443163,1.6562056644096246,2.210494483540966,4.952830188679245,3.595323583763093,0.4675480345298335,0.0,0.0,0.0,0.0,0.0,0,0,0,0,0,0.0,0.3113207547169811,0.38121184223121096,0.3775124295636098,0.8061753209864162,0.5399260046490457,0.0,0.4716981132075472,0.07227663720474353
1833,103,97.16981132075472,106,0,106,0,0,0.0,4.000697767707314,3.9724090188781487,13.23593693911346,2.923829671614019,1.6695584659060256,2.2149727540265935,4.952830188679245,3.595323583763093,0.4680193761283751,0.0,0.0,0.0,0.0,0.0,0,0,0,0,0,0.0,0.3018867924528302,0.3835403863651827,0.37389949695017755,0.7987585550131099,0.5440249656440861,0.0,0.4716981132075472,0.07256405770483748
1834,104,98.11320754716981,106,0,106,0,0,0.0,3.978496192160601,3.9507291942627236,13.05488659813848,2.9323417326429704,1.6846607294869005,2.2335787492537382,4.952830188679245,3.595323583763093,0.4657935733749159,0.0,0.0,0.0,0.0,0.0,0,0,0,0,0,0.0,0.29245283018867924,0.3802634893480911,0.36501065901365165,0.8075311715138276,0.5424609106558077,0.0,0.4716981132075472,0.07260606789592301
1835,104,98.11320754716981,106,0,106,0,0,0.0,4.0225496139272074,3.9947649574534645,13.412508616105441,2.941814340077713,1.66962556542168,2.2261067346961587,4.952830188679245,3.595323583763093,0.4662925551514201,0.0,0.0,0.0,0.0,0.0,0,0,0,0,0,0.0,0.3018867924528302,0.3822470646799311,0.3680718665500382,0.8057015813549728,0.5434719823627298,0.0,0.4716981132075472,0.07299662044930534
1836,105,99.05660377358491,106,1,105,0,0,0.009433962264150943,4.0160205742710975,3.9899120016441256,13.235888395507871,2.9507002470189456,1.6822903423052615,2.2420792253589914,4.952830188679245,3.595323583763093,0.4675316288993512,0.9999999950266001,0.1858144901899946,1.0,4.973399914121046e-09,0.024323302485495413,0,1,0,0,0,1.0,0.3018867924528302,0.38342965505426435,0.3913948684514203,0.8088437639568645,0.5374491974688338,0.009433962264150943,0.5094339622641509,0.07312371380496949
1837,104,98.11320754716981,106,1,105,0,0,0.009433962264150943,3.974897758767711,3.9593434059360253,12.734532756237673,2.9581885295634103,1.7276194581328557,2.270370436985142,4.952830188679245,3.595323583763093,0.46401292537650174,0.9436158966564958,0.17078979985571763,1.0,0.05638410334350419,0.0581010462144087,0,1,0,0,0,0.0,0.29245283018867924,0.37744248715774525,0.39543987612568543,0.7972389090461878,0.5324852127066508,0.009433962264150943,0.5094339622641509,0.07305271372162253
1838,104,98.11320754716981,106,0,106,0,0,0.0,3.9587796888307603,3.944239874316344,12.650676514155794,2.9652786288290294,1.762164051089524,2.299648450510588,4.952830188679245,3.595323583763093,0.4615388364808075,0.0,0.0,0.0,0.0,0.0,0,0,0,0,0,0.0,0.3113207547169811,0.37480303539080656,0.3906480878666974,0.7850214690867451,0.5290650021677872,0.0,0.5094339622641509,0.07309957937744228
1839,104,98.11320754716981,106,0,106,0,0,0.0,3.9513084841253368,3.937324931339136,12.963950694011203,2.9719149244231082,1.7529555723455188,2.30643718285305,4.952830188679245,3.595323583763093,0.46390304994005405,0.0,0.0,0.0,0.0,0.0,0,0,0,0,0,0.0,0.3113207547169811,0.38032381184867176,0.3794608204345223,0.7910406409939822,0.5314961003733593,0.0,0.4716981132075472,0.07318152150420625
1840,104,98.11320754716981,106,0,106,0,0,0.0,3.9689841478590573,3.9533331990623135,12.356190694616222,2.978773062936448,1.7762407980677557,2.3236359694566815,4.952830188679245,3.595323583763093,0.4602036914119392,0.0,0.0,0.0,0.0,0.0,0,0,0,0,0,0.0,0.3018867924528302,0.3708119490387696,0.39520690691202914,0.7899570209458576,0.5281847161256848,0.0,0.4716981132075472,0.07339318595856346
1841,105,99.05660377358491,106,0,106,0,0,0.0,3.9628005055816424,3.9472688305264407,13.089853877890024,2.985210202240669,1.7162778637628608,2.2924592455475468,4.952830188679245,3.595323583763093,0.46396341343726677,0.0,0.0,0.0,0.0,0.0,0,0,0,0,0,0.0,0.3018867924528302,0.3822449567741107,0.382607785665669,0.7899570209458576,0.5363936701608214,0.0,0.4716981132075472,0.07347798574093856
1842,106,100.0,106,0,106,0,0,0.0,3.9757693668302148,3.959167334452265,12.884712992363918,2.9917581373315736,1.6931735143412452,2.2526135984044995,4.952830188679245,3.595323583763093,0.4623172830547788,0.0,0.0,0.0,0.0,0.0,0,0,0,0,0,0.0,0.3018867924528302,0.3777947383808621,0.3909852876505719,0.7818992073639114,0.5325919697916637,0.0,0.5094339622641509,0.07366053977446782
1843,106,100.0,106,0,106,0,0,0.0,4.020302288775149,4.004956068965452,13.546546741075371,2.9993876555044334,1.717733062285314,2.276058288363092,4.952830188679245,3.595323583763093,0.46350526625900557,0.0,0.0,0.0,0.0,0.0,0,0,0,0,0,0.0,0.3113207547169811,0.38106946615813575,0.38320891120542244,0.8092587749534261,0.5300927199972112,0.0,0.4716981132075472,0.07402035731729065
1844,106,100.0,106,0,106,0,0,0.0,4.023997945968195,4.00726226386955,13.296748196923154,3.006809199946516,1.7322138543138395,2.2944010036165428,4.952830188679245,3.595323583763093,0.46373929416705884,0.0,0.0,0.0,0.0,0.0,0,0,0,0,0,0.0,0.2830188679245283,0.37896334020796574,0.3934832681834498,0.8010939818093776,0.5241270253844704,0.0,0.4716981132075472,0.0741722498720587
1845,106,100.0,106,0,106,0,0,0.0,3.9826824163237893,3.9666663678422083,13.222950723210825,3.012796272791864,1.727915452519364,2.2950099509109787,4.952830188679245,3.595323583763093,0.4643494474012422,0.0,0.0,0.0,0.0,0.0,0,0,0,0,0,0.0,0.3018867924528302,0.38147712486438806,0.37983066053503206,0.7971634827674667,0.5276991110953249,0.0,0.5094339622641509,0.07407329954482961
1846,104,98.11320754716981,106,2,104,0,0,0.018867924528301886,3.9731860269536137,3.9502401083282783,13.166240593998438,3.0182964977394686,1.751245778629141,2.317635727705693,4.952830188679245,3.595323583763093,0.46622127867379914,0.9080230015836177,0.2182505787933216,1.0,0.09197699841638235,0.07000893468363001,0,2,0,0,0,0.0,0.2830188679245283,0.3842599000984734,0.3828979843732567,0.8102701977995932,0.5350671536128808,0.018867924528301886,0.4339622641509434,0.07412469304032937
1847,104,98.11320754716981,106,0,106,0,0,0.0,3.9942526065639075,3.9712361286374227,13.706456259302572,3.0240020032082033,1.7575007199266766,2.33593990166925,4.952830188679245,3.595323583763093,0.46744453932889574,0.0,0.0,0.0,0.0,0.0,0,0,0,0,0,0.0,0.2830188679245283,0.38828777402110337,0.3781169288976528,0.7986159233349542,0.5352046294538629,0.0,0.4339622641509434,0.07433259163022599
1848,104,98.11320754716981,106,0,105,1,0,0.0,4.047223209968663,4.024604023551297,14.050534025273725,3.031037376102845,1.7318744007957096,2.335193514720525,4.952830188679245,3.595323583763093,0.4691627303635322,0.9051344937874346,0.20291208061586363,1.0,0.0948655062125654,0.0041401540326830855,0,0,0,1,0,0.0,0.2830188679245283,0.3900906577097283,0.3799759956707002,0.8070395013198893,0.5335357399942464,0.0,0.4339622641509434,0.07472391685769313
1849,103,97.16981132075472,106,1,105,0,0,0.009433962264150943,4.111928414908953,4.08591734680438,14.589811812202441,3.039620777502841,1.693156670961049,2.319377244101714,4.952830188679245,3.595323583763093,0.47202441934595174,0.9272526652887534,0.2035990408798613,1.0,0.07274733471124661,0.002082594397072368,0,1,0,0,0,0.0,0.27358490566037735,0.39467832631221733,0.387954430626871,0.802152274257017,0.5305291870214675,0.009433962264150943,0.4716981132075472,0.07520174340980613
1850,103,97.16981132075472,106,1,105,0,0,0.009433962264150943,4.080211227959161,4.059992223514214,13.885185187260312,3.04698422449119,1.7813234614042786,2.36895742835695,4.952830188679245,3.595323583763093,0.4673104081450248,0.903813453301819,0.17789748959792417,1.0,0.09618654669818105,0.07788960946201118,0,1,0,0,0,0.0,0.24528301886792453,0.3841086018063067,0.3920197289736208,0.7992201946814473,0.5186403949748677,0.009433962264150943,0.4716981132075472,0.07517552734813218
1851,104,98.11320754716981,106,0,106,0,0,0.0,4.085710755037503,4.064506304905663,13.989126834681581,3.0543410050695665,1.7553405202470673,2.3141589077861804,4.952830188679245,3.595323583763093,0.46934030728092657,0.0,0.0,0.0,0.0,0.0,0,0,0,0,0,0.0,0.2641509433962264,0.38790736150722677,0.3988492373585878,0.7895773575430728,0.5208183397869234,0.0,0.4716981132075472,0.07533527501709392
1852,104,98.11320754716981,106,0,106,0,0,0.0,4.0783343270632635,4.057172733460516,13.530667594277432,3.061222353081843,1.7724115011276629,2.3014775533487457,4.952830188679245,3.595323583763093,0.46562829147532425,0.0,0.0,0.0,0.0,0.0,0,0,0,0,0,0.0,0.24528301886792453,0.3803764394763379,0.4027893565700893,0.754364867909109,0.5173054253584501,0.0,0.4716981132075472,0.07542209624120583
1853,104,98.11320754716981,106,0,106,0,0,0.0,4.105019444534071,4.083528105489118,13.710327237135719,3.0686143430910597,1.777227382865212,2.3148005881264275,4.952830188679245,3.595323583763093,0.46630405343326164,0.0,0.0,0.0,0.0,0.0,0,0,0,0,0,0.0,0.2358490566037736,0.38088609067551865,0.41424416906706124,0.7883532330881786,0.5139518663019431,0.0,0.4716981132075472,0.07568840480861525
1854,104,98.11320754716981,106,1,105,0,0,0.009433962264150943,4.139436698985906,4.113941427291215,13.776736289872561,3.0767358227823203,1.7591093765018473,2.2820419466078357,4.952830188679245,3.595323583763093,0.46818795797858526,0.8135102410751669,0.1896437141070425,1.0,0.1864897589248331,0.030304053893224436,0,1,0,0,0,0.0,0.2358490566037736,0.3822158061171241,0.4152978384905417,0.7726918813492022,0.5180708040415094,0.009433962264150943,0.5283018867924528,0.07600648781821963
1855,104,98.11320754716981,106,1,105,0,0,0.009433962264150943,4.148528622698403,4.1213365352694105,14.241867482147816,3.08466540339989,1.7286121320298418,2.2259914926280273,4.952830188679245,3.595323583763093,0.47228282686437617,0.7355394561978477,0.2162249728008667,1.0,0.26446054380215234,0.0021903236971005935,0,1,0,0,0,0.0,0.27358490566037735,0.3902831537105878,0.4113092224572936,0.752524589230719,0.5213516681275573,0.009433962264150943,0.5471698113207547,0.07619449447780062
1856,104,98.11320754716981,106,0,106,0,0,0.0,4.150636677882011,4.12362464909504,14.420825707068264,3.0923678202830986,1.7233262960741973,2.2297083694350945,4.952830188679245,3.595323583763093,0.47230556699748116,0.0,0.0,0.0,0.0,0.0,0,0,0,0,0,0.0,0.25471698113207547,0.391421242319019,0.4127782032083879,0.7421700431923637,0.5188166685154293,0.0,0.5471698113207547,0.07634349815907954
1857,104,98.11320754716981,106,0,106,0,0,0.0,4.1254154127280085,4.099735718478831,12.971164490912557,3.0991062028705025,1.80311302120236,2.3505108137432797,4.952830188679245,3.595323583763093,0.4625191934492163,0.0,0.0,0.0,0.0,0.0,0,0,0,0,0,0.0,0.22641509433962265,0.3703460263794659,0.4291253748688392,0.761549439344723,0.5077062962338972,0.0,0.5471698113207547,0.07633852516247408
1858,104,98.11320754716981,106,1,105,0,0,0.009433962264150943,4.102860820294683,4.079440024938421,12.697612984682022,3.104984608214444,1.8449270938807778,2.341157671925772,4.952830188679245,3.595323583763093,0.45888790147774605,0.6979110062412257,0.18181440696643714,1.0,0.3020889937587743,0.020608857129420732,0,1,0,0,0,0.0,0.25471698113207547,0.36486594237138725,0.4308324433856806,0.7921126544478205,0.5030861112057606,0.009433962264150943,0.5094339622641509,0.0763314260471474
1859,105,99.05660377358491,106,0,106,0,0,0.0,4.148932410402182,4.125773981674634,13.33214920271774,3.1120183043038243,1.853214337717224,2.34163573676963,4.952830188679245,3.595323583763093,0.462430720240824,0.0,0.0,0.0,0.0,0.0,0,0,0,0,0,0.0,0.25471698113207547,0.37115226516487526,0.43206136194691835,0.7825891543901025,0.5057700888175133,0.0,0.5471698113207547,0.07668822606484076
1860,105,99.05660377358491,106,0,106,0,0,0.0,4.180607916829812,4.156976981755464,13.74201517909547,3.119696595315491,1.8270401488695664,2.365566411979331,4.952830188679245,3.595323583763093,0.464028047740497,0.0,0.0,0.0,0.0,0.0,0,0,0,0,0,0.0,0.2358490566037736,0.3746266983422772,0.43263452073762276,0.7742564130841799,0.5012322195839123,0.0,0.5471698113207547,0.0769846333007651
1861,105,99.05660377358491,106,0,106,0,0,0.0,4.176255084040086,4.152849190582483,13.725800550418548,3.1269801009599596,1.8402054520961262,2.355072205917082,4.952830188679245,3.595323583763093,0.46268981510622287,0.0,0.0,0.0,0.0,0.0,0,0,0,0,0,0.0,0.2641509433962264,0.3730493908419167,0.42512698747188254,0.761443506669844,0.503754125149035,0.0,0.5849056603773585,0.07709380193489664
1862,105,99.05660377358491,106,0,106,0,0,0.0,4.185976334000135,4.162700670110654,13.949909690244763,3.1342850950617294,1.8356909545057023,2.3654484252582413,4.952830188679245,3.595323583763093,0.46264100133664177,0.0,0.0,0.0,0.0,0.0,0,0,0,0,0,0.0,0.24528301886792453,0.3740688502100476,0.4248171626431179,0.7553538391154491,0.5013189367426122,0.0,0.5849056603773585,0.0772737272725636
1863,105,99.05660377358491,106,1,105,0,0,0.009433962264150943,4.22760976997245,4.20512909168231,14.62750934852049,3.142491806942066,1.8261264834395483,2.3336438353326123,4.952830188679245,3.595323583763093,0.46534720004384034,0.8358718846217454,0.20991851892828245,1.0,0.16412811537825456,0.04217558269459243,0,1,0,0,0,0.0,0.22641509433962265,0.37988367134806006,0.41114419459810453,0.7870505378013124,0.5054201432072168,0.009433962264150943,0.5471698113207547,0.07762942337626778
1864,105,99.05660377358491,106,0,106,0,0,0.0,4.284622687556958,4.261299427683231,15.818293967816386,3.152075060527861,1.7799023578476607,2.3123051301183266,4.952830188679245,3.595323583763093,0.47037105294866066,0.0,0.0,0.0,0.0,0.0,0,0,0,0,0,0.0,0.25471698113207547,0.39086514243786197,0.4039032895354338,0.7718956642790339,0.510852471623224,0.0,0.5849056603773585,0.07808676245232127
1865,104,98.11320754716981,106,1,105,0,0,0.009433962264150943,4.310042507002752,4.291019624127619,16.321540423778753,3.1620109519005983,1.7696620808819108,2.310728691743397,4.952830188679245,3.595323583763093,0.47414484055926787,0.9568591159365101,0.21841236500550373,1.0,0.043140884063489926,-0.014012511172052822,1,0,0,0,0,1.0,0.27358490566037735,0.39736206273103364,0.3950567078553644,0.7718956642790339,0.5163089313607968,0.009433962264150943,0.5849056603773585,0.07839247527244081
1866,104,98.11320754716981,106,0,105,1,0,0.0,4.341884535921079,4.320320350932547,16.253527149111015,3.1725900236026994,1.740794185303247,2.3189406819431233,4.952830188679245,3.595323583763093,0.4730243282635591,0.6421926520083825,0.22445284977851232,1.0,0.3578073479916175,-0.060900390905682666,0,0,0,1,0,0.0,0.2641509433962264,0.39482346701204785,0.40076904996370577,0.7647728266524965,0.513998613939561,0.0,0.6226415094339622,0.07874186134695686
1867,102,96.22641509433963,106,2,104,0,0,0.018867924528301886,4.390181390145907,4.3766282302865145,17.040739552924176,3.1840828532752266,1.7157146796166214,2.2811763929071636,4.952830188679245,3.595323583763093,0.47814487393502225,0.8285455237316446,0.22744510393994943,1.0,0.17145447626835536,-0.025721392611007587,1,1,0,0,0,0.0,0.2641509433962264,0.40430535518099503,0.43356166153132764,0.7389149359565121,0.5199582200341487,0.018867924528301886,0.6226415094339622,0.07918994782591005
1868,102,96.22641509433963,106,1,105,0,0,0.009433962264150943,4.4292927700346905,4.420332465986073,18.266617142698646,3.19659904173666,1.6822725184678147,2.2557820161230446,4.952830188679245,3.595323583763093,0.4819782705606792,0.8626559064119196,0.22035964762457227,1.0,0.13734409358808042,0.025750194623682887,0,1,0,0,0,0.0,0.25471698113207547,0.4151725264523969,0.421128220491661,0.7347991627101945,0.5215784948570372,0.009433962264150943,0.6037735849056604,0.07961050346312504
1869,102,96.22641509433963,106,0,106,0,0,0.0,4.440222325097554,4.43228704059468,17.817677928037245,3.209155011527217,1.7238525483126517,2.289731600722757,4.952830188679245,3.595323583763093,0.481133153968766,0.0,0.0,0.0,0.0,0.0,0,0,0,0,0,0.0,0.3018867924528302,0.41030058093630345,0.43393264892778105,0.7455521650465725,0.519724191509029,0.0,0.6037735849056604,0.07989086510996438
1870,103,97.16981132075472,106,0,106,0,0,0.0,4.475605692249299,4.467987372976791,18.009390035169435,3.222286387550417,1.7258276434435054,2.280362674660423,4.952830188679245,3.595323583763093,0.48081485783903277,0.0,0.0,0.0,0.0,0.0,0,0,0,0,0,0.0,0.2830188679245283,0.40935046981788786,0.4268980052844397,0.748101603775627,0.5245560883905952,0.0,0.6037735849056604,0.08030383967524048
1871,101,95.28301886792453,106,3,103,0,0,0.02830188679245283,4.555623037704195,4.553237235366171,18.913842794295263,3.237218914350034,1.6828542147062924,2.2588866144147413,4.952830188679245,3.595323583763093,0.4841234456644232,0.9337196340318314,0.19036456778539304,1.0,0.06628036596816844,0.019523132517160608,2,1,0,0,0,0.6666666666666666,0.2641509433962264,0.4146027071340516,0.4288297483895886,0.7368349068803712,0.5302496496234818,0.02830188679245283,0.6037735849056604,0.08097236273135414
1872,101,95.28301886792453,106,1,105,0,0,0.009433962264150943,4.566750484311473,4.560576196614727,19.41534941766679,3.2521140922987772,1.6877940856681308,2.2554633653499403,4.952830188679245,3.595323583763093,0.4865450562526681,0.9933488347989871,0.19634389720619155,1.0,0.006651165201012943,0.11129182413639205,0,1,0,0,0,1.0,0.2830188679245283,0.4188553000744484,0.4287496084141695,0.7453975498437339,0.5351707719957851,0.009433962264150943,0.6037735849056604,0.08129576488720786
1873,102,96.22641509433963,106,0,106,0,0,0.0,4.526762472584228,4.522188760161671,18.733486806274506,3.265259922564577,1.7471469854253667,2.289736567688708,4.952830188679245,3.595323583763093,0.4850415216994106,0.0,0.0,0.0,0.0,0.0,0,0,0,0,0,0.0,0.3018867924528302,0.4149418330313781,0.43596078325189946,0.7414458680645594,0.5308961272071168,0.0,0.6037735849056604,0.08133214239648551
1874,102,96.22641509433963,106,0,105,1,0,0.0,4.571922690882838,4.56719421723744,19.976747045412317,3.2792275911443296,1.7246479937519894,2.267344548479333,4.952830188679245,3.595323583763093,0.48873321811583903,0.8704140162562398,0.20546580693382874,1.0,0.12958598374376018,0.06461581904620672,0,0,0,1,0,0.0,0.3018867924528302,0.4241768717072384,0.4172929583235648,0.7550275413712624,0.5397317235299309,0.0,0.5660377358490566,0.08180903492925343
1875,101,95.28301886792453,106,2,104,0,0,0.018867924528301886,4.603683840065181,4.589151502253751,19.986314777021892,3.2935889726845273,1.7282491970243863,2.265448242354065,4.952830188679245,3.595323583763093,0.489771857798895,0.9076046494408004,0.18122726859397797,1.0,0.09239535055919956,0.07970531789906199,1,1,0,0,0,0.0,0.3113207547169811,0.4245322764944302,0.4121374795723552,0.7709119219035064,0.5428693270867476,0.018867924528301886,0.5283018867924528,0.0822260097438996
1876,102,96.22641509433963,106,1,105,0,0,0.009433962264150943,4.617591042273642,4.59756831339703,20.303580943203112,3.30752259693493,1.715323288869981,2.2532775602736237,4.952830188679245,3.595323583763093,0.49121203299581007,0.9994543776443849,0.16262096247187235,1.0,0.0005456223556150608,0.06693165813698432,0,1,0,0,0,1.0,0.3113207547169811,0.427954361895331,0.4088318928951603,0.7520649602606353,0.5488993375600988,0.009433962264150943,0.5849056603773585,0.08254602519431574
1877,103,97.16981132075472,106,0,106,0,0,0.0,4.58774349645397,4.5680649741644554,19.50482404997282,3.3199958308392397,1.7235968396944117,2.2358067396512027,4.952830188679245,3.595323583763093,0.4895585239188953,0.0,0.0,0.0,0.0,0.0,0,0,0,0,0,0.0,0.330188679245283,0.42328354184457206,0.404531733009328,0.7630711349509927,0.5525711064325358,0.0,0.5849056603773585,0.08262101402532716
1878,103,97.16981132075472,106,0,106,0,0,0.0,4.636504465868598,4.617455040270948,21.760166206003788,3.3334411977791403,1.6797857540775087,2.2158230797538554,4.952830188679245,3.595323583763093,0.4968620951340619,0.0,0.0,0.0,0.0,0.0,0,0,0,0,0,0.0,0.32075471698113206,0.4421384004341272,0.3878178171854762,0.7630711349509927,0.5627521431908242,0.0,0.5849056603773585,0.08310652109665717
1879,103,97.16981132075472,106,0,106,0,0,0.0,4.6269468820209445,4.606783649113531,21.45449879889977,3.346096223436129,1.7081440878279455,2.233999269126803,4.952830188679245,3.595323583763093,0.4964461436392562,0.0,0.0,0.0,0.0,0.0,0,0,0,0,0,0.0,0.3113207547169811,0.4408175735418999,0.3937583999476297,0.755193995630587,0.5598328005206246,0.0,0.6226415094339622,0.0832862277384074
1880,104,98.11320754716981,106,1,105,0,0,0.009433962264150943,4.588012126247062,4.582501213585076,20.489815226440655,3.3572078293094623,1.7234827311893686,2.242486559202585,4.952830188679245,3.595323583763093,0.49473611633803394,0.9993001249025805,0.22265569815698302,1.0,0.0006998750974195334,0.003021221146171982,0,1,0,0,0,1.0,0.32075471698113206,0.4345621534375595,0.4082089263178733,0.7589131216933043,0.5536433016493122,0.009433962264150943,0.6037735849056604,0.08329130305278735
1881,105,99.05660377358491,106,0,106,0,0,0.0,4.615070544821331,4.607928573092006,21.176112627597956,3.369041298635427,1.6825894909419892,2.221135668533839,4.952830188679245,3.595323583763093,0.49719192917591837,0.0,0.0,0.0,0.0,0.0,0,0,0,0,0,0.0,0.3113207547169811,0.44046107725095374,0.39918648852673105,0.7482743115939136,0.5584781734838105,0.0,0.6415094339622641,0.0836393209023856
1882,104,98.11320754716981,106,1,105,0,0,0.009433962264150943,4.586922790759832,4.576877107566494,20.577633533302823,3.3796645647084924,1.7183139404523813,2.2424078349924628,4.952830188679245,3.595323583763093,0.49423398714242284,0.7813482731529104,0.22190311194214069,1.0,0.21865172684708956,-0.0020532396155295007,0,1,0,0,0,0.0,0.330188679245283,0.4344371980674094,0.39981690700729017,0.7552566339085449,0.5532821107061692,0.009433962264150943,0.6037735849056604,0.08368955252732352
1883,104,98.11320754716981,106,0,105,1,0,0.0,4.617268707525245,4.607336066259705,20.902507720984634,3.39067359970021,1.751639847951355,2.2480622786252233,4.952830188679245,3.595323583763093,0.49485829605577836,0.9184899478107542,0.17241974931602766,1.0,0.08151005218924579,0.021180559123066267,0,0,0,1,0,0.0,0.32075471698113206,0.43575758492055194,0.39919550111876956,0.7614972560677591,0.5563295072977542,0.0,0.5660377358490566,0.08403918732685156
1884,104,98.11320754716981,106,0,106,0,0,0.0,4.607407419153036,4.596946018036908,20.207181023141644,3.4009879795772306,1.7800998138527215,2.2658047892145734,4.952830188679245,3.595323583763093,0.49210903545752194,0.0,0.0,0.0,0.0,0.0,0,0,0,0,0,0.0,0.3113207547169811,0.42911488409462484,0.40099436520015475,0.7532872722571695,0.5500846949637433,0.0,0.5660377358490566,0.08417529855110922
1885,104,98.11320754716981,106,1,104,0,1,0.009433962264150943,4.5805553356145055,4.586010355168446,19.88979907818071,3.4101980683312916,1.7837418111458778,2.3190101782609416,4.952830188679245,3.595323583763093,0.49081867095176346,0.9328632472463538,0.17088194256652833,1.0,0.06713675275364617,0.022482194112441345,0,2,0,0,0,0.0,0.330188679245283,0.4260499039929943,0.4076933627120954,0.7766449476843915,0.5462943124865727,0.009433962264150943,0.5849056603773585,0.0842066043799467
1886,104,98.11320754716981,106,0,105,1,0,0.0,4.57563403640704,4.580093146459177,19.109913166051598,3.419325748169914,1.795933514204449,2.3185460406257397,4.952830188679245,3.595323583763093,0.4891403154021361,0.5458695790970298,0.2603398001995587,1.0,0.4541304209029702,-0.11054930627715409,0,0,1,0,0,0.0,0.32075471698113206,0.4202048777122891,0.4212020064018162,0.7942444075569612,0.5449034047175485,0.0,0.5471698113207547,0.08434608269685358
1887,104,98.11320754716981,106,1,105,0,0,0.009433962264150943,4.596800002613428,4.6004273233422195,19.549062597661877,3.4287452526011912,1.800884021044408,2.3147373880233455,4.952830188679245,3.595323583763093,0.4912502245383257,0.8359403618241575,0.2593514475768002,1.0,0.16405963817584246,-0.11996460060289804,0,1,0,0,0,0.0,0.330188679245283,0.42433564074192515,0.4183352895713761,0.7914679716135335,0.54831813220339,0.009433962264150943,0.5283018867924528,0.08462124336003117
1888,104,98.11320754716981,106,1,105,0,0,0.009433962264150943,4.514648311059396,4.525402854479721,18.51077774043492,3.4354222802365,1.8074905416449083,2.286637890229043,4.952830188679245,3.595323583763093,0.48704913866850497,0.6283684078650429,0.21950316187827068,1.0,0.3716315921349571,-0.06490485187755857,1,0,0,0,0,0.0,0.3584905660377358,0.4164005064035008,0.40857255687105914,0.7823893223192749,0.5531425456319646,0.009433962264150943,0.5849056603773585,0.08433051527689434
1889,104,98.11320754716981,106,0,106,0,0,0.0,4.5823254406059934,4.593147316600075,18.876375937696608,3.444018539761869,1.8262042903380484,2.233631163983589,4.952830188679245,3.595323583763093,0.4867678377385032,0.0,0.0,0.0,0.0,0.0,0,0,0,0,0,0.0,0.33962264150943394,0.41456353046924516,0.41553882939167175,0.7752772462558996,0.5518215026715807,0.0,0.5849056603773585,0.08482343259764585
1890,104,98.11320754716981,106,1,105,0,0,0.009433962264150943,4.578439365112347,4.579703933737251,18.86688175948276,3.452177621010984,1.8096198778764818,2.230950631058848,4.952830188679245,3.595323583763093,0.48495678050802216,0.8761564656387115,0.1778627114751105,1.0,0.12384353436128848,0.03912526898211244,0,1,0,0,0,0.0,0.33962264150943394,0.4123836271395993,0.41622113008634765,0.7820120013396478,0.55042728978149,0.009433962264150943,0.5660377358490566,0.08495067490636153
1891,104,98.11320754716981,106,1,104,0,1,0.009433962264150943,4.618785704635444,4.612714534738147,19.62947488747903,3.4609069493407154,1.7353679583559682,2.1646874648315233,4.952830188679245,3.595323583763093,0.48786026912436653,0.8344727063718795,0.2607574005954606,1.0,0.16552729362812052,-0.0714691920750119,1,1,0,0,0,0.0,0.33962264150943394,0.41789108428893484,0.4050898043242023,0.7737192806191913,0.5605347376414873,0.009433962264150943,0.5849056603773585,0.08530933040404849
1892,103,97.16981132075472,106,1,105,0,0,0.009433962264150943,4.659411551191713,4.643192745855444,20.632191426990854,3.4702611368896603,1.6895986056413144,2.1775967967155165,4.952830188679245,3.595323583763093,0.4910496315012065,0.9703836768695336,0.24455504050783383,1.0,0.02961632313046636,0.07058057021407427,0,1,0,0,0,1.0,0.33962264150943394,0.42577380795461595,0.394760506610625,0.7730824250403593,0.5620720025515331,0.009433962264150943,0.5849056603773585,0.08568061629233815
1893,103,97.16981132075472,106,0,105,1,0,0.0,4.6110314989504255,4.595723151076012,19.38101085209798,3.4776789144529783,1.7322742561448863,2.1670699912569913,4.952830188679245,3.595323583763093,0.48836142384834114,0.8133583123101078,0.20093089580198184,1.0,0.1866416876898922,0.020225445923563123,0,0,0,1,0,0.0,0.33962264150943394,0.41823802499119067,0.40566290491338325,0.7660875778899209,0.5579043210559825,0.0,0.5849056603773585,0.08557206258419425
1894,103,97.16981132075472,106,0,106,0,0,0.0,4.632586948198256,4.6178223923591455,19.31723936046239,3.4854656302971194,1.7422482585559842,2.154109309217168,4.952830188679245,3.595323583763093,0.4904834820115327,0.0,0.0,0.0,0.0,0.0,0,0,0,0,0,0.0,0.3584905660377358,0.4198644535130024,0.4185481298349562,0.778709920349,0.5584440168962865,0.0,0.5471698113207547,0.08581981864600591
1895,104,98.11320754716981,106,0,106,0,0,0.0,4.655131703186805,4.6393044165028385,20.16226780977922,3.4935902671343615,1.7301215902227134,2.1904771698696575,4.952830188679245,3.595323583763093,0.4926471634535432,0.0,0.0,0.0,0.0,0.0,0,0,0,0,0,0.0,0.3584905660377358,0.4265984873626422,0.40698536505262956,0.7710024108922134,0.559122322133704,0.0,0.5849056603773585,0.0860785959131009
1896,105,99.05660377358491,106,0,106,0,0,0.0,4.643552557235687,4.628939324162098,20.142062910481826,3.501124670099775,1.7292920607309654,2.1778991584317464,4.952830188679245,3.595323583763093,0.49497681024776186,0.0,0.0,0.0,0.0,0.0,0,0,0,0,0,0.0,0.37735849056603776,0.4298033273571595,0.4111304175577734,0.7741139061095726,0.5619470223459925,0.0,0.5471698113207547,0.08615614326670093
1897,106,100.0,106,0,106,0,0,0.0,4.6499077966392734,4.635875971073962,19.204048771012886,3.5085877028203525,1.7692570292052114,2.2349417464789636,4.952830188679245,3.595323583763093,0.4917290902768936,0.0,0.0,0.0,0.0,0.0,0,0,0,0,0,0.0,0.3490566037735849,0.420751158835077,0.4336329452985325,0.790410302739012,0.5536634783703167,0.0,0.5471698113207547,0.08632207955145231
1898,106,100.0,106,0,106,0,0,0.0,4.665273391651063,4.651364645941622,19.336107711201127,3.516227909749727,1.7267342528761724,2.165096237813261,4.952830188679245,3.595323583763093,0.49112814728161114,0.0,0.0,0.0,0.0,0.0,0,0,0,0,0,0.0,0.3584905660377358,0.41946753416564947,0.42417037048377726,0.7748957319423808,0.5529507136299803,0.0,0.5849056603773585,0.0865362526073013
1899,106,100.0,106,0,105,1,0,0.0,4.71808271491651,4.704414135889307,19.851788225011244,3.525119267176046,1.7027003416855715,2.1550985688606916,4.952830188679245,3.595323583763093,0.49355530156259086,0.8271526461034104,0.21973037323938088,1.0,0.17284735389658956,0.006674666049034217,0,0,0,1,0,0.0,0.3584905660377358,0.42301552932116887,0.43088994177840234,0.7644120021052411,0.5549733919875052,0.0,0.5849056603773585,0.08696013575886109
1900,105,99.05660377358491,106,1,104,1,0,0.009433962264150943,4.747825319377694,4.731004389360484,19.940500242715412,3.5345497573484943,1.7107075874047073,2.228341696054358,4.952830188679245,3.595323583763093,0.4959551658039696,0.5931780164238861,0.2154712053449202,0.5,0.2577931816095881,-0.032015660851192784,0,1,0,1,0,0.0,0.3584905660377358,0.42587631039780044,0.44750275381493965,0.7426452856465449,0.5562778542437,0.009433962264150943,0.5849056603773585,0.08727837709978427
1901,104,98.11320754716981,106,1,105,0,0,0.009433962264150943,4.746897299447497,4.72779933760409,19.20312362325311,3.543533242259519,1.7703944412972674,2.2767830924718417,4.952830188679245,3.595323583763093,0.49468084057165207,0.9966904187046045,0.2471065133149435,1.0,0.0033095812953954917,0.03965866061405565,0,1,0,0,0,1.0,0.36792452830188677,0.4210322788074142,0.45847404685853843,0.731641096096599,0.5438176595225483,0.009433962264150943,0.5849056603773585,0.08743522967595822
1902,104,98.11320754716981,106,0,106,0,0,0.0,4.757309992555108,4.738136020312738,18.896869517929336,3.5524128133173396,1.7955287814688925,2.29403545607473,4.952830188679245,3.595323583763093,0.49255170801203607,0.0,0.0,0.0,0.0,0.0,0,0,0,0,0,0.0,0.3490566037735849,0.4166006540778077,0.46673214764496423,0.733619018512589,0.5359853037881139,0.0,0.5849056603773585,0.08764691779768569
1903,104,98.11320754716981,106,0,106,0,0,0.0,4.735208236301809,4.715459126180531,18.580425269625266,3.5603208888845415,1.8322053781706709,2.3204777140191397,4.952830188679245,3.595323583763093,0.4908588169160111,0.0,0.0,0.0,0.0,0.0,0,0,0,0,0,0.0,0.3490566037735849,0.4135176832176152,0.45868698361510535,0.744454444705528,0.5351003189579531,0.0,0.5849056603773585,0.08767856946936389
1904,104,98.11320754716981,106,0,106,0,0,0.0,4.7099438718265025,4.690904162567222,17.151088616737017,3.567238379227635,1.910496749490799,2.365244152405189,4.952830188679245,3.595323583763093,0.4828451100256368,0.0,0.0,0.0,0.0,0.0,0,0,0,0,0,0.0,0.3490566037735849,0.39698829210429726,0.47962810618871937,0.744454444705528,0.5221272428443539,0.0,0.5849056603773585,0.08767660072784225
1905,105,99.05660377358491,106,0,106,0,0,0.0,4.774410534844929,4.755149236926985,17.705819812058657,3.5757550180569084,1.8798642315890608,2.30777533389211,4.952830188679245,3.595323583763093,0.48521883277343303,0.0,0.0,0.0,0.0,0.0,0,0,0,0,0,0.0,0.330188679245283,0.4008836557169214,0.48437948350910404,0.7446232080625349,0.5251389618231093,0.0,0.5849056603773585,0.08815203440512079
1906,105,99.05660377358491,106,1,105,0,0,0.009433962264150943,4.7872227673508085,4.766606261687153,16.994084692565345,3.584345230044707,1.9162481114865602,2.3675899518874717,4.952830188679245,3.595323583763093,0.48297379534510276,0.9999775871618722,0.22761909989743362,1.0,2.241283812776107e-05,0.025814260343708817,1,0,0,0,0,1.0,0.3113207547169811,0.3938078900961152,0.5008932085598281,0.7401453283193926,0.5153713578518502,0.009433962264150943,0.5471698113207547,0.08837051852639646
1907,105,99.05660377358491,106,0,106,0,0,0.0,4.743808826022049,4.724418237582767,16.207539696903584,3.591362919138557,1.9488525500726086,2.385694755406339,4.952830188679245,3.595323583763093,0.47650863133089305,0.0,0.0,0.0,0.0,0.0,0,0,0,0,0,0.0,0.3113207547169811,0.38310323431411974,0.4932473596386068,0.761354869217594,0.5123736975243431,0.0,0.5094339622641509,0.08827960313526584
1908,105,99.05660377358491,106,1,105,0,0,0.009433962264150943,4.723014635536124,4.703450641546951,16.36799836451905,3.5975619942605093,1.978798345126251,2.405237664942019,4.952830188679245,3.595323583763093,0.47717370859312225,0.9988501181434266,0.2279148309747844,1.0,0.001149881856573387,0.0382438271929213,0,1,0,0,0,1.0,0.3113207547169811,0.38492740271566916,0.48412473519540855,0.7524724875512445,0.5184335417507411,0.009433962264150943,0.5094339622641509,0.08828707058775359
1909,105,99.05660377358491,106,0,106,0,0,0.0,4.727321417559839,4.708593178070406,16.25143799743835,3.603649328236063,1.985319050061119,2.4063510977215987,4.952830188679245,3.595323583763093,0.4764387185704213,0.0,0.0,0.0,0.0,0.0,0,0,0,0,0,0.0,0.3113207547169811,0.382848268825177,0.48188135959026657,0.7393156485251027,0.5212207832578992,0.0,0.5471698113207547,0.08841803417489491
1910,105,99.05660377358491,106,0,106,0,0,0.0,4.770388776127133,4.75113771815809,16.981914103069464,3.610741493964274,1.9725546217514174,2.383172028411301,4.952830188679245,3.595323583763093,0.48064370693622926,0.0,0.0,0.0,0.0,0.0,0,0,0,0,0,0.0,0.3018867924528302,0.3906224913683578,0.4798138721275136,0.7393156485251027,0.5239746554075007,0.0,0.5471698113207547,0.08876086412124436
1911,105,99.05660377358491,106,0,106,0,0,0.0,4.772768764876905,4.7553826994298385,17.275007170576682,3.6177007700356887,1.9427324980938379,2.359128504887945,4.952830188679245,3.595323583763093,0.48274562282845523,0.0,0.0,0.0,0.0,0.0,0,0,0,0,0,0.0,0.330188679245283,0.39446436267540036,0.47783404528048656,0.7298197946400231,0.5267346166060104,0.0,0.5471698113207547,0.08889786831192059
1912,105,99.05660377358491,106,0,106,0,0,0.0,4.815693948367904,4.797514458602369,18.550453400332373,3.6256216560722767,1.909143832159871,2.2820121150520247,4.952830188679245,3.595323583763093,0.4861669108591653,0.0,0.0,0.0,0.0,0.0,0,0,0,0,0,0.0,0.33962264150943394,0.40342128962966123,0.4640419064418031,0.7452930533695006,0.5345877852565541,0.0,0.5849056603773585,0.08925488497123382
1913,105,99.05660377358491,106,1,105,0,0,0.009433962264150943,4.817695767597777,4.805801276884284,18.286084494967174,3.633272639033025,1.9331580177037824,2.292080368379901,4.952830188679245,3.595323583763093,0.48566813947826626,0.993565373645468,0.21478699703220977,1.0,0.006434626354531958,0.004242854514216354,1,0,0,0,0,1.0,0.3113207547169811,0.4013053196581212,0.47286328909692743,0.7575722959775627,0.5367397720233376,0.009433962264150943,0.5660377358490566,0.08940243286477191
1914,104,98.11320754716981,106,1,105,0,0,0.009433962264150943,4.818818174435104,4.805377620946963,18.038560860240914,3.6408786276779925,1.9321718375154986,2.3597244556625525,4.952830188679245,3.595323583763093,0.4842647509822997,0.99967664387331,0.21920950469486328,1.0,0.0003233561266899887,0.1119329665699047,0,1,0,0,0,1.0,0.32075471698113206,0.398695690342967,0.47546367212405993,0.7510074913819358,0.5348794307404818,0.009433962264150943,0.5849056603773585,0.08954477485072398
1915,103,97.16981132075472,106,1,105,0,0,0.009433962264150943,4.793254956429824,4.783137308186699,18.557894698953316,3.6474753692289457,1.9025030554269386,2.3393507988311675,4.952830188679245,3.595323583763093,0.48581094846074424,0.993162314766646,0.21555883366850492,1.0,0.0068376852333540405,0.012457693804858616,0,1,0,0,0,1.0,0.32075471698113206,0.4036905689024884,0.46351631136399407,0.7427303296590233,0.5438377432575202,0.009433962264150943,0.5849056603773585,0.08953554586306824
1916,101,95.28301886792453,106,2,104,0,0,0.018867924528301886,4.7571472043391925,4.7515596512734595,18.109143169744687,3.652849614798848,1.9580977772697616,2.380419095274599,4.952830188679245,3.595323583763093,0.48313351574305363,0.9000580839556742,0.2176612776447543,1.0,0.09994191604432578,0.05915072177052849,1,1,0,0,0,0.5,0.330188679245283,0.3996788796133169,0.458875237866679,0.7570245575934706,0.5411226873026793,0.018867924528301886,0.5660377358490566,0.0894516178618271
1917,99,93.39622641509433,106,2,104,0,0,0.018867924528301886,4.75830766599236,4.752681851994796,18.053632513907445,3.6581694750392755,2.0305527204704124,2.428180602071705,4.952830188679245,3.595323583763093,0.4838756433811757,0.9967185222460045,0.1796724697003005,1.0,0.0032814777539954543,0.13322820815284836,0,2,0,0,0,1.0,0.33962264150943394,0.4008264622916102,0.46911924173531383,0.751823969262235,0.5340964015966069,0.018867924528301886,0.5849056603773585,0.08955305326501661
1918,100,94.33962264150944,106,0,106,0,0,0.0,4.787381269962632,4.783439723826031,19.03430559632205,3.664230554373814,1.9681153764855925,2.3832326583515715,4.952830188679245,3.595323583763093,0.485854285221071,0.0,0.0,0.0,0.0,0.0,0,0,0,0,0,0.0,0.33962264150943394,0.4072446096198541,0.45364353507634514,0.756819161701233,0.5392186637066305,0.0,0.5849056603773585,0.08980737899224059
1919,101,95.28301886792453,106,0,106,0,0,0.0,4.750569457582375,4.748399138864264,18.13946245776781,3.669065860361591,2.000217352220131,2.4052348136207646,4.952830188679245,3.595323583763093,0.47992431876964625,0.0,0.0,0.0,0.0,0.0,0,0,0,0,0,0.0,0.330188679245283,0.3964599738375285,0.46336271622295866,0.7479773769357957,0.5323955578434227,0.0,0.5849056603773585,0.08971024237860215
1920,101,95.28301886792453,106,1,105,0,0,0.009433962264150943,4.7762150464369455,4.775119847320741,18.584481594431818,3.6744830683014253,1.962052702792973,2.3896062756579917,4.952830188679245,3.595323583763093,0.48167129126608543,0.9508944292561538,0.1839873207549461,1.0,0.04910557074384625,0.016497932108281432,0,1,0,0,0,1.0,0.32075471698113206,0.3994724033818084,0.4659479233138887,0.7425056216401607,0.5342312803398942,0.009433962264150943,0.5849056603773585,0.08993585340019616
1921,103,97.16981132075472,106,1,105,0,0,0.009433962264150943,4.784063491557007,4.784072128786549,19.175543248311506,3.6799948919312664,1.9427407419608764,2.317156695357452,4.952830188679245,3.595323583763093,0.48214378961387516,0.9790856192695543,0.2312534425144806,1.0,0.020914380730445714,-0.003922932196025464,0,1,0,0,0,1.0,0.33962264150943394,0.4016131701616351,0.45596009630923473,0.7157810360878791,0.5331139723348142,0.009433962264150943,0.6226415094339622,0.09007417957322603
1922,103,97.16981132075472,106,2,104,0,0,0.018867924528301886,4.798999663606608,4.794530308470841,19.12879725085568,3.685754723155741,1.95359804574121,2.312505895787773,4.952830188679245,3.595323583763093,0.47936631904594273,0.9818000226517769,0.2181365680845296,1.0,0.018199977348223095,0.018589451375943256,0,2,0,0,0,1.0,0.32075471698113206,0.39672750409843927,0.4614118755492492,0.7551492333241326,0.5323866034016421,0.018867924528301886,0.6037735849056604,0.09025240271867327
1923,102,96.22641509433963,106,2,104,0,0,0.018867924528301886,4.818334663245503,4.808630476074664,19.060238056300904,3.6917564710230026,1.9630517788443769,2.3268869652243405,4.952830188679245,3.595323583763093,0.4793775786740564,0.9885413331715747,0.19649213438015117,1.0,0.011458666828425335,0.011668710832149931,0,2,0,0,0,1.0,0.32075471698113206,0.3956786222646102,0.4730288847630293,0.7429583522333921,0.5224474825526956,0.018867924528301886,0.6415094339622641,0.09045696884512258
1924,101,95.28301886792453,106,1,102,0,3,0.009433962264150943,4.777765839622652,4.783701633522993,18.204269550264208,3.696184189746699,2.028929143779693,2.4253149109933836,4.952830188679245,3.595323583763093,0.4756617840675579,0.8528595896226323,0.14815483457603973,1.0,0.1471404103773677,0.011398754089646995,0,4,0,0,0,0.5,0.3113207547169811,0.388186713531927,0.4719749089205453,0.7724748594648867,0.5246429013683347,0.009433962264150943,0.6037735849056604,0.09033372013475618
1925,101,95.28301886792453,106,0,106,0,0,0.0,4.80311059473163,4.808333756878992,19.217534288287343,3.7015945339111025,1.971767561374032,2.3025611453109986,4.952830188679245,3.595323583763093,0.47940635185761526,0.0,0.0,0.0,0.0,0.0,0,0,0,0,0,0.0,0.32075471698113206,0.39634488343632246,0.45930996565935556,0.746501712902834,0.5344515150405225,0.0,0.6415094339622641,0.09055770360015386
1926,101,95.28301886792453,106,2,104,0,0,0.018867924528301886,4.802626771546524,4.7949924982578995,19.640359119027465,3.7067867707946123,1.9485228847103222,2.271723625133439,4.952830188679245,3.595323583763093,0.48114755857389424,0.9935894108938595,0.2302230032127089,1.0,0.006410589106140452,0.013856655175582211,1,1,0,0,0,1.0,0.330188679245283,0.40015726280138186,0.4414349321682103,0.7350853438103649,0.5475081399303232,0.018867924528301886,0.6415094339622641,0.09064862334282717
1927,102,96.22641509433963,106,0,106,0,0,0.0,4.84916479097761,4.843432174999472,21.4780230553637,3.712825439225484,1.83790905001736,2.161563793307858,4.952830188679245,3.595323583763093,0.48623016103545424,0.0,0.0,0.0,0.0,0.0,0,0,0,0,0,0.0,0.330188679245283,0.4129626067994029,0.42677156693336676,0.7429207623282017,0.5522110476725022,0.0,0.6037735849056604,0.09098986827510278
1928,101,95.28301886792453,106,2,104,0,0,0.018867924528301886,4.886406203342875,4.879008438567035,22.216947646026284,3.7196836713303663,1.8439444115909025,2.1574687608687277,4.952830188679245,3.595323583763093,0.4883493007476296,0.9698531855770609,0.22432307891875572,1.0,0.03014681442293904,-0.009456422420831667,0,2,0,0,0,1.0,0.32075471698113206,0.41758776920515067,0.4164135136617945,0.7455957284543158,0.5605685966187512,0.018867924528301886,0.5849056603773585,0.09129936315507713
1929,101,95.28301886792453,106,1,105,0,0,0.009433962264150943,4.868471956287661,4.868487046550152,21.05883293448472,3.725740048644635,1.8968725049398039,2.249861967618923,4.952830188679245,3.595323583763093,0.48631660744578786,0.9325871600762049,0.18074633602326362,1.0,0.0674128399237951,0.015087411968319309,0,1,0,0,0,0.0,0.32075471698113206,0.41080760376543346,0.4364071007472743,0.7459457325379302,0.5532412226707043,0.009433962264150943,0.5849056603773585,0.09131856510075186
1930,101,95.28301886792453,106,0,106,0,0,0.0,4.931575271893529,4.930355638558326,22.681155142388565,3.7335974292351928,1.8527513012051107,2.17098344336546,4.952830188679245,3.595323583763093,0.4886788693651871,0.0,0.0,0.0,0.0,0.0,0,0,0,0,0,0.0,0.29245283018867924,0.41805012166275185,0.40747838695484073,0.7455957284543158,0.5575605600700598,0.0,0.5849056603773585,0.09177533080750036
1931,103,97.16981132075472,106,0,106,0,0,0.0,4.9132951071162,4.9125736501427415,22.08871748870421,3.740660855549778,1.8811516842251517,2.198340200252099,4.952830188679245,3.595323583763093,0.48674082732381474,0.0,0.0,0.0,0.0,0.0,0,0,0,0,0,0.0,0.32075471698113206,0.4138835406291621,0.4178939127024792,0.7512016248991054,0.552432403727122,0.0,0.5849056603773585,0.09181090649966872
1932,103,97.16981132075472,106,0,106,0,0,0.0,4.914374662738717,4.912395811789105,21.384461716939626,3.747465213740838,1.9045988149811386,2.271079129609594,4.952830188679245,3.595323583763093,0.485903393303847,0.0,0.0,0.0,0.0,0.0,0,0,0,0,0,0.0,0.3113207547169811,0.4098508953082148,0.4255944760711141,0.7642182077447484,0.5531505240083286,0.0,0.5471698113207547,0.09193862362516475
1933,105,99.05660377358491,106,0,106,0,0,0.0,4.841059761579276,4.840479750446016,20.04600294653633,3.7519564411459454,1.9563181087576178,2.3356028918499296,4.952830188679245,3.595323583763093,0.4817953629069822,0.0,0.0,0.0,0.0,0.0,0,0,0,0,0,0.0,0.32075471698113206,0.40163580648514036,0.4336584416282829,0.7693715828189058,0.5469040578453594,0.0,0.5471698113207547,0.09165278619841567
1934,104,98.11320754716981,106,2,103,1,0,0.018867924528301886,4.809734984699745,4.794110470614148,19.030546985031393,3.755346436474991,2.021391637558988,2.4241731100717527,4.952830188679245,3.595323583763093,0.4815322446577577,0.8837428741002732,0.21333723748974517,1.0,0.11625712589972674,0.0497309111010813,0,2,0,1,0,0.3333333333333333,0.3018867924528302,0.3991612232729326,0.4475765513272757,0.7565779281274317,0.5407016813922007,0.018867924528301886,0.5471698113207547,0.09155710296479486
1935,103,97.16981132075472,106,1,105,0,0,0.009433962264150943,4.849711535621585,4.831966502678839,20.724908403296002,3.759364793183182,1.9492994402853148,2.3456889529524965,4.952830188679245,3.595323583763093,0.48853151524927063,0.8120211811928078,0.1737436707881087,1.0,0.18797881880719225,0.04705912154497982,0,1,0,0,0,0.0,0.32075471698113206,0.41412725263726113,0.434559959904234,0.7637961598591809,0.5508096944716433,0.009433962264150943,0.5471698113207547,0.09182922218260872
1936,102,96.22641509433963,106,1,105,0,0,0.009433962264150943,4.835313681359805,4.812419407947286,19.6861732426155,3.7627520969320285,1.9836689098807982,2.397866535056793,4.952830188679245,3.595323583763093,0.4858232573625496,0.9996423180680694,0.21222597371847937,1.0,0.00035768193193064235,0.08608758646162107,0,1,0,0,0,1.0,0.330188679245283,0.40715468517754616,0.43556665888092316,0.7604241144325598,0.5458325863228788,0.009433962264150943,0.5849056603773585,0.09181812517656779
1937,100,94.33962264150944,106,2,104,0,0,0.018867924528301886,4.82124147261101,4.812497572736271,18.515396948051475,3.7654908958661344,2.0442874404223073,2.4230100467681552,4.952830188679245,3.595323583763093,0.48285489266998294,0.9429551423080155,0.221874582541004,1.0,0.05704485769198453,0.003064683842338378,0,2,0,0,0,0.5,0.330188679245283,0.39873239476975175,0.44844624324019977,0.742461974017364,0.5397838011225031,0.018867924528301886,0.5849056603773585,0.0917969984748187
1938,100,94.33962264150944,106,0,106,0,0,0.0,4.831329282358512,4.822331542357087,18.985316918846912,3.768812052226296,2.0324480728886187,2.420692065941689,4.952830188679245,3.595323583763093,0.48591002002259365,0.0,0.0,0.0,0.0,0.0,0,0,0,0,0,0.0,0.3584905660377358,0.4046403584705913,0.44571361592317776,0.7631492666175084,0.5464798430496448,0.0,0.5849056603773585,0.09190714068249148
1939,102,96.22641509433963,106,0,106,0,0,0.0,4.880341945686605,4.872597285704104,20.59301418789626,3.773459575168674,1.9656547414994934,2.370976634755716,4.952830188679245,3.595323583763093,0.4913267671755073,0.0,0.0,0.0,0.0,0.0,0,0,0,0,0,0.0,0.3490566037735849,0.416494917190887,0.4266996635717277,0.7631492666175084,0.5540457166062895,0.0,0.5849056603773585,0.09223575074333601
1940,103,97.16981132075472,106,0,106,0,0,0.0,4.897391011666813,4.890036809216766,21.868702222712404,3.77844161046404,1.8970023093580886,2.3320636888336987,4.952830188679245,3.595323583763093,0.4936483797584814,0.0,0.0,0.0,0.0,0.0,0,0,0,0,0,0.0,0.36792452830188677,0.4240257212025271,0.41590316570004676,0.7582646059745878,0.5586342070051633,0.0,0.5849056603773585,0.0924105562181999
1941,103,97.16981132075472,106,2,104,0,0,0.018867924528301886,5.0069902509356625,4.989941212647572,24.746052174125843,3.7863655469673776,1.8191786415068434,2.2872665064409037,4.952830188679245,3.595323583763093,0.5014330649426695,0.906495100782192,0.22548656349508744,1.0,0.09350489921780797,0.030047034385547677,2,0,0,0,0,0.5,0.36792452830188677,0.4417802070508135,0.39019604770542765,0.7610769356045984,0.5561211628334222,0.018867924528301886,0.6226415094339622,0.0931009979934776
1942,104,98.11320754716981,106,0,106,0,0,0.0,5.039676651707633,5.021676551620463,25.343785917207867,3.7946698705783484,1.7777481779945588,2.1882888008265504,4.952830188679245,3.595323583763093,0.5032235572205199,0.0,0.0,0.0,0.0,0.0,0,0,0,0,0,0.0,0.36792452830188677,0.4453197012521419,0.39018235417092234,0.7441467486756985,0.5576439624774839,0.0,0.6226415094339622,0.09341371364996606
1943,103,97.16981132075472,106,1,105,0,0,0.009433962264150943,5.089243420834269,5.061075948565432,25.761333207628947,3.8041044840401588,1.8135520342826428,2.232421138784998,4.952830188679245,3.595323583763093,0.502946650722119,0.8635421669475645,0.22137077081873158,1.0,0.13645783305243553,0.04935568550489933,0,1,0,0,0,0.0,0.3584905660377358,0.4454290780393367,0.397278795812378,0.7427336353827759,0.5591838181469598,0.009433962264150943,0.6415094339622641,0.09383114993701393
1944,103,97.16981132075472,106,0,106,0,0,0.0,5.122827066158684,5.093873157730208,26.66692460556505,3.813847596747955,1.7890986899024208,2.204822763718312,4.952830188679245,3.595323583763093,0.5047435071213153,0.0,0.0,0.0,0.0,0.0,0,0,0,0,0,0.0,0.33962264150943394,0.4502228577520652,0.3973607892376986,0.7597537275207532,0.5630595465932798,0.0,0.6415094339622642,0.09417421637812401
1945,102,96.22641509433963,106,1,105,0,0,0.009433962264150943,5.1087127677582505,5.083638494739733,25.542351972299688,3.8228581913643356,1.8353594938613427,2.239628927186011,4.952830188679245,3.595323583763093,0.5028292120209266,0.985625637889748,0.2087402533960777,1.0,0.014374362110252004,0.01566137688205438,0,1,0,0,0,1.0,0.3490566037735849,0.44397598353208123,0.41110127172806954,0.7682947469029658,0.5438537430266068,0.009433962264150943,0.6037735849056604,0.09426562490276184
1946,103,97.16981132075472,106,1,105,0,0,0.009433962264150943,5.084821153227922,5.06605702954151,25.66761401088757,3.8309486803053776,1.8268181291467094,2.205158111177687,4.952830188679245,3.595323583763093,0.5073589332568549,0.923719676685805,0.12309603362131477,1.0,0.07628032331419499,0.10520885901140209,0,1,0,0,0,0.0,0.3490566037735849,0.4515514331389464,0.41001908831836864,0.7628678870143824,0.55554521939568,0.009433962264150943,0.6226415094339622,0.09429160645857972
1947,101,95.28301886792453,106,2,104,0,0,0.018867924528301886,5.140877168698323,5.114385583409932,26.778396561149744,3.8405107350505414,1.8051667865470185,2.2025175274769233,4.952830188679245,3.595323583763093,0.5089757880039769,0.9976341414234002,0.16921378067643378,1.0,0.0023658585765997664,0.11533416904500082,0,2,0,0,0,1.0,0.3490566037735849,0.4559763677202754,0.3950505320801973,0.7566160558526811,0.577073367529602,0.018867924528301886,0.6037735849056604,0.09474377994060432
1948,102,96.22641509433963,106,0,106,0,0,0.0,5.176397031082905,5.1522505116524435,27.82996318113792,3.8506240090483113,1.8123962213757576,2.211272700471292,4.952830188679245,3.595323583763093,0.5088651999938385,0.0,0.0,0.0,0.0,0.0,0,0,0,0,0,0.0,0.330188679245283,0.45831687336736515,0.3934489100614055,0.7486264145822864,0.5767335984848256,0.0,0.6037735849056604,0.09510318171509344
1949,102,96.22641509433963,106,0,106,0,0,0.0,5.11402474617568,5.088588629837012,27.651738482362777,3.858542597600328,1.8546670170093735,2.2238950213239552,4.952830188679245,3.595323583763093,0.5087373482658295,0.0,0.0,0.0,0.0,0.0,0,0,0,0,0,0.0,0.330188679245283,0.4597605833970614,0.3798747891180753,0.7486264145822864,0.5768328133313595,0.0,0.6037735849056604,0.09493366973141322
1950,103,97.16981132075472,106,0,106,0,0,0.0,5.152810959611862,5.126653415181577,27.548499560798373,3.8672713290343137,1.838138230123406,2.211218196387501,4.952830188679245,3.595323583763093,0.5075998728397391,0.0,0.0,0.0,0.0,0.0,0,0,0,0,0,0.0,0.33962264150943394,0.4561630999905863,0.3782409883476078,0.7947838069106619,0.5780449987570885,0.0,0.5660377358490566,0.09528451386849884
1951,104,98.11320754716981,106,1,105,0,0,0.009433962264150943,5.14632740694133,5.122032350123615,28.567892268770894,3.8754578152202455,1.8287368796433605,2.2064145100169172,4.952830188679245,3.595323583763093,0.5100215200645803,0.9596557721189166,0.2453971096085542,1.0,0.04034422788108338,-0.00607895228622235,0,1,0,0,0,1.0,0.33962264150943394,0.4647167673352718,0.3688121456515458,0.7886325823411231,0.574583170424574,0.009433962264150943,0.5660377358490566,0.09539926143940836
1952,105,99.05660377358491,106,0,106,0,0,0.0,5.141706541102357,5.116884468588836,28.396431938511917,3.8832974096533097,1.81177967104284,2.2193149049929435,4.952830188679245,3.595323583763093,0.5134071262840665,0.0,0.0,0.0,0.0,0.0,0,0,0,0,0,0.0,0.3490566037735849,0.4696690278771653,0.37891409547440147,0.7639551231347945,0.5777791531800374,0.0,0.5660377358490566,0.09551708650397514
1953,105,99.05660377358491,106,0,106,0,0,0.0,5.176766277684642,5.154310680894676,30.162179907365193,3.891931620048884,1.8038867866322683,2.210832909451552,4.952830188679245,3.595323583763093,0.5153067556428359,0.0,0.0,0.0,0.0,0.0,0,0,0,0,0,0.0,0.330188679245283,0.47689692999595695,0.3731998468362888,0.7725594610263645,0.5786842049598712,0.0,0.5660377358490566,0.09584759908819847
1954,105,99.05660377358491,106,0,106,0,0,0.0,5.163253531441827,5.140227175554705,30.380549645884404,3.899850324570708,1.7766671449606874,2.2014183087123116,4.952830188679245,3.595323583763093,0.5159250439528944,0.0,0.0,0.0,0.0,0.0,0,0,0,0,0,0.0,0.3584905660377358,0.479388149756702,0.37561232941467126,0.7850917269803662,0.5761222551138887,0.0,0.5660377358490566,0.09592238688258524
1955,105,99.05660377358491,106,0,106,0,0,0.0,5.12940034883842,5.109274996450445,29.84060502829042,3.9065940612453107,1.8436717863689778,2.2439651565115466,4.952830188679245,3.595323583763093,0.5124401774229506,0.0,0.0,0.0,0.0,0.0,0,0,0,0,0,0.0,0.3113207547169811,0.4737979159667657,0.3724361728454059,0.800332997390069,0.5692150449074861,0.0,0.5660377358490566,0.09587435054711263
1956,106,100.0,106,0,106,0,0,0.0,5.2268407079851285,5.205988485845088,31.610224579482253,3.9158770690791336,1.795717763864927,2.203970745702461,4.952830188679245,3.595323583763093,0.5177596867191645,0.0,0.0,0.0,0.0,0.0,0,0,0,0,0,0.0,0.33962264150943394,0.48339554078197533,0.3718977827881736,0.7930170750546077,0.57189685290926,0.0,0.6037735849056604,0.09652842942781217
1957,106,100.0,106,0,106,0,0,0.0,5.2315983219197095,5.212202224272221,31.402518253605557,3.9250050459455075,1.8267587506548844,2.178097676215018,4.952830188679245,3.595323583763093,0.519467302653128,0.0,0.0,0.0,0.0,0.0,0,0,0,0,0,0.0,0.3113207547169811,0.48493956015537415,0.37726301630801923,0.7837636878872866,0.5730841892219644,0.0,0.5660377358490566,0.09671630764998367
1958,106,100.0,106,0,106,0,0,0.0,5.243306129843803,5.2237282874788145,29.992976836337856,3.934136361921881,1.8376013281465782,2.182729194886122,4.952830188679245,3.595323583763093,0.5152824294849072,0.0,0.0,0.0,0.0,0.0,0,0,0,0,0,0.0,0.33962264150943394,0.4732504441543252,0.39227534696201155,0.7939844422850814,0.5696524563905017,0.0,0.5660377358490566,0.09693899686800739
1959,106,100.0,106,0,106,0,0,0.0,5.261338505531201,5.2384939056178474,32.46229410723522,3.943364074942441,1.8030149181386672,2.1403423898552423,4.952830188679245,3.595323583763093,0.5158676811754062,0.0,0.0,0.0,0.0,0.0,0,0,0,0,0,0.0,0.3584905660377358,0.4816304769137532,0.37435109549730733,0.8022538254081085,0.5668408758164705,0.0,0.5660377358490566,0.09719504181767946
1960,105,99.05660377358491,106,1,105,0,0,0.009433962264150943,5.321065307102882,5.30273973120606,35.99786245669529,3.9540440095192215,1.7363143174094966,2.1038213115977484,4.952830188679245,3.595323583763093,0.5223220108814655,0.8690813607601688,0.21361805115800153,1.0,0.13091863923983116,0.09233992476733999,0,1,0,0,0,0.0,0.330188679245283,0.5000524205972554,0.3616708352205692,0.7800728615597226,0.5740055091073593,0.009433962264150943,0.5849056603773585,0.0976856649288226
1961,105,99.05660377358491,106,0,106,0,0,0.0,5.366752295562167,5.347478523806731,36.267661345487625,3.9656906579350775,1.7095930628717089,2.0848842002379766,4.952830188679245,3.595323583763093,0.5237337306818091,0.0,0.0,0.0,0.0,0.0,0,0,0,0,0,0.0,0.33962264150943394,0.5006006711662967,0.3691453184342872,0.8045487936376516,0.5751586116619163,0.0,0.5471698113207547,0.09812346721972563
1962,105,99.05660377358491,106,0,106,0,0,0.0,5.375141567883145,5.35915352143857,36.41181775483202,3.9772543748083287,1.7255662060279253,2.100718712262244,4.952830188679245,3.595323583763093,0.5238950395925046,0.0,0.0,0.0,0.0,0.0,0,0,0,0,0,0.0,0.33962264150943394,0.5009140187379585,0.37234884101539045,0.8039056775106765,0.5787744201217017,0.0,0.5471698113207547,0.09837329010128233
1963,105,99.05660377358491,106,0,106,0,0,0.0,5.382426446945532,5.366450350123742,35.32928961619557,3.9886122143237444,1.761685799026004,2.1202595458199953,4.952830188679245,3.595323583763093,0.5196351435149409,0.0,0.0,0.0,0.0,0.0,0,0,0,0,0,0.0,0.330188679245283,0.4911107148107125,0.3786308417799943,0.7765964883889329,0.5734152353629156,0.0,0.5849056603773585,0.09861389003794611
1964,105,99.05660377358491,106,0,106,0,0,0.0,5.38114436826714,5.368444735435379,33.62015173293051,3.9996190664408244,1.819328523716546,2.1782128374183505,4.952830188679245,3.595323583763093,0.5194406804523413,0.0,0.0,0.0,0.0,0.0,0,0,0,0,0,0.0,0.33962264150943394,0.48537226042852544,0.39509845540743677,0.78508767506444,0.5748395836534668,0.0,0.5471698113207547,0.09880534561955182
1965,105,99.05660377358491,106,1,105,0,0,0.009433962264150943,5.344453409675763,5.3262808738899174,31.568774945612784,4.009197766792325,1.8802507500926526,2.228985164334815,4.952830188679245,3.595323583763093,0.5148344733306318,0.9999960422774576,0.24407175487104388,1.0,3.957722542358155e-06,0.13002990709427564,0,1,0,0,0,1.0,0.330188679245283,0.47377122867370736,0.40609647069545407,0.7914008341227219,0.5825762776684016,0.009433962264150943,0.6037735849056604,0.09879408346297266
1966,105,99.05660377358491,106,0,106,0,0,0.0,5.324133627871288,5.307915192664192,30.42273073171823,4.017723515345537,1.9039540018818064,2.2586496746704268,4.952830188679245,3.595323583763093,0.5120617502429443,0.0,0.0,0.0,0.0,0.0,0,0,0,0,0,0.0,0.330188679245283,0.46708559307293523,0.4230748482005493,0.7914008341227219,0.5735429679829396,0.0,0.6037735849056604,0.09884574867816329
1967,105,99.05660377358491,106,0,106,0,0,0.0,5.314697832419342,5.298081793937225,29.779815630284162,4.0256599016475105,1.9556180184914482,2.2899461361968845,4.952830188679245,3.595323583763093,0.509181996992595,0.0,0.0,0.0,0.0,0.0,0,0,0,0,0,0.0,0.32075471698113206,0.4613660439369565,0.4248769387610522,0.7911177693974432,0.5719722637787407,0.0,0.5660377358490566,0.09894123908511024
1968,105,99.05660377358491,106,0,105,1,0,0.0,5.29258006757083,5.273943594744897,28.813445802693597,4.032616672086465,2.026797267430951,2.329018057681126,4.952830188679245,3.595323583763093,0.507923354382797,0.5064109619744385,0.23532719439999894,1.0,0.49358903802556153,-0.14087286450222258,0,0,0,1,0,0.0,0.32075471698113206,0.4572072009025866,0.4273532726796756,0.7725401937687422,0.5736887700046014,0.0,0.6037735849056604,0.09895570946499767
1969,105,99.05660377358491,106,0,106,0,0,0.0,5.348770103770379,5.328548023802341,30.844405927276018,4.040893888849704,1.9299824048401577,2.2517454219715587,4.952830188679245,3.595323583763093,0.5151761896035569,0.0,0.0,0.0,0.0,0.0,0,0,0,0,0,0.0,0.33962264150943394,0.47245547307191066,0.4171716993264877,0.7894724677170347,0.581152292403764,0.0,0.5660377358490566,0.09938545600917938
1970,105,99.05660377358491,106,1,105,0,0,0.009433962264150943,5.375081077781059,5.349192134726037,29.981901729966573,4.049658300060222,1.955513400949051,2.265592721686714,4.952830188679245,3.595323583763093,0.5125029936899939,0.9785484890211031,0.2491125744374113,1.0,0.02145151097889686,0.051504164053377544,0,1,0,0,0,1.0,0.32075471698113206,0.4643203321667802,0.42269007792475816,0.7725401937687422,0.5732259289970163,0.009433962264150943,0.6037735849056604,0.09967456535084765
1971,105,99.05660377358491,106,0,106,0,0,0.0,5.400629907184219,5.375214587586373,32.36987592111467,4.0586650663326305,1.914099087395748,2.2184125749075316,4.952830188679245,3.595323583763093,0.5152905959830578,0.0,0.0,0.0,0.0,0.0,0,0,0,0,0,0.0,0.32075471698113206,0.47503216001363724,0.40246948243282255,0.767744267333535,0.5770192200522584,0.0,0.6037735849056604,0.09996422069382661
1972,103,97.16981132075472,106,2,104,0,0,0.018867924528301886,5.361108604166238,5.349223808153078,32.04862257424717,4.066248048215862,1.9732827027859516,2.2339377558033555,4.952830188679245,3.595323583763093,0.5115269155255742,0.9299619409407196,0.2128623838909266,1.0,0.07003805905928034,-0.035868005165082484,0,2,0,0,0,0.5,0.32075471698113206,0.4697404039455509,0.40419137276136585,0.7650273515937859,0.5787721167145433,0.018867924528301886,0.5849056603773585,0.09990293054673687
1973,102,96.22641509433963,106,1,105,0,0,0.009433962264150943,5.3552434981448105,5.331071340174276,32.94001489795315,4.073688708523958,1.9121219948413513,2.1879851708130875,4.952830188679245,3.595323583763093,0.5102273494167331,0.9980997762392805,0.205164065023539,1.0,0.0019002237607195216,0.009296019336152206,1,0,0,0,0,1.0,0.32075471698113206,0.47055817346879025,0.39257357874726945,0.7733641913576739,0.5792754570964596,0.009433962264150943,0.5849056603773585,0.10000736292405207
1974,102,96.22641509433963,106,0,105,1,0,0.0,5.355820327981808,5.331915616380591,31.754408950954343,4.080586113354966,1.9284545618043318,2.214176990404449,4.952830188679245,3.595323583763093,0.5092417689603967,0.458332668656362,0.2818444676902798,0.0,0.458332668656362,-0.17758775549930617,0,0,0,1,0,0.0,0.32075471698113206,0.46560694423284144,0.4105202859579029,0.7822426085489756,0.5741229163858433,0.0,0.5849056603773585,0.10013423908451548
1975,101,95.28301886792453,106,3,103,0,0,0.02830188679245283,5.327808050854219,5.280489203180273,28.885086915777833,4.086440851559727,2.016590378480964,2.2107631032641004,4.952830188679245,3.595323583763093,0.5059464047604303,0.853665223137796,0.21997999510990077,1.0,0.146334776862204,0.020891530880152647,0,3,0,0,0,0.6666666666666666,0.3584905660377358,0.4541495843239306,0.42390997685773707,0.7626781675046675,0.5714730696165,0.02830188679245283,0.5849056603773585,0.10009942609059921
1976,100,94.33962264150944,106,3,103,0,0,0.02830188679245283,5.3192917584511585,5.27357669009435,29.878942425787244,4.091123251424892,1.9772806461280752,2.2024722008135424,4.952830188679245,3.595323583763093,0.5047601463186322,0.856948752806251,0.2233327418771165,1.0,0.14305124719374898,-0.02526814122641241,1,2,0,0,0,0.6666666666666666,0.330188679245283,0.45519905853499465,0.3945437207029878,0.738675852767079,0.5654252464879073,0.02830188679245283,0.660377358490566,0.10014101834190309
1977,98,92.45283018867924,106,3,102,1,0,0.02830188679245283,5.41920856296023,5.367692688368947,35.30044946845462,4.098488439198339,1.9021504414679826,2.149640804753935,4.952830188679245,3.595323583763093,0.5121677734476033,0.7963061412871911,0.24317517957186852,0.75,0.12157945106300465,-0.012952012543569313,0,3,0,1,0,0.5,0.330188679245283,0.47898319251493904,0.35844536337448524,0.7506929861163931,0.581513690425698,0.02830188679245283,0.6415094339622641,0.10077300353095203
1978,99,93.39622641509433,106,0,106,0,0,0.0,5.4523440562693795,5.400076883152081,37.12316365324645,4.10645470794308,1.836320138373082,2.1154232571133935,4.952830188679245,3.595323583763093,0.5161707645183737,0.0,0.0,0.0,0.0,0.0,0,0,0,0,0,0.0,0.330188679245283,0.4891319882469657,0.3479060880825133,0.7706175067177092,0.5854133392061663,0.0,0.6415094339622641,0.1010818875669606
1979,99,93.39622641509433,106,0,106,0,0,0.0,5.476248628064172,5.423334899318248,39.351087079735805,4.114803524301168,1.7726546906608174,2.066550460398133,4.952830188679245,3.595323583763093,0.5182942953078262,0.0,0.0,0.0,0.0,0.0,0,0,0,0,0,0.0,0.32075471698113206,0.498306862115275,0.3397109048396682,0.755134866952726,0.5890602251944469,0.0,0.6415094339622641,0.10135149390767827
1980,101,95.28301886792453,106,0,106,0,0,0.0,5.465442215576614,5.414747247503163,35.70854419416139,4.122605170598969,1.9030086111966351,2.1742415687576933,4.952830188679245,3.595323583763093,0.5154230661204517,0.0,0.0,0.0,0.0,0.0,0,0,0,0,0,0.0,0.330188679245283,0.4836161852911144,0.36543541726992784,0.7643942010081657,0.5876284048115327,0.0,0.6415094339622641,0.10143770905987377
1981,101,95.28301886792453,106,2,104,0,0,0.018867924528301886,5.48093640028526,5.438156708485209,37.27320279219241,4.13053276647178,1.9155496376789019,2.196296650287688,4.952830188679245,3.595323583763093,0.5158963867691593,0.9906415610330541,0.2377616884235524,1.0,0.009358438966945826,-0.007078250625074611,0,2,0,0,0,1.0,0.32075471698113206,0.4882331772367815,0.3505740402460254,0.7591936557542648,0.5885639127473857,0.018867924528301886,0.6226415094339622,0.10165769134543731
1982,104,98.11320754716981,106,0,106,0,0,0.0,5.501407872437337,5.4572043700569814,38.9114750483324,4.138990072368405,1.8830988488654032,2.1881284499559004,4.952830188679245,3.595323583763093,0.5186087496406087,0.0,0.0,0.0,0.0,0.0,0,0,0,0,0,0.0,0.32075471698113206,0.49614538898046295,0.34124509831770383,0.745859470179642,0.5873845531769089,0.0,0.5849056603773585,0.10191208246292387
1983,104,98.11320754716981,106,0,106,0,0,0.0,5.536964299896612,5.493151834989575,39.70908610276141,4.148177252899167,1.875251864071327,2.2182790029442097,4.952830188679245,3.595323583763093,0.5203849183443119,0.0,0.0,0.0,0.0,0.0,0,0,0,0,0,0.0,0.330188679245283,0.4995448800197841,0.34172019861320857,0.7541250886067996,0.5924246868864995,0.0,0.5849056603773585,0.10225501903437294
1984,104,98.11320754716981,106,0,106,0,0,0.0,5.561660710460141,5.517292865938544,40.0329988299254,4.157728483104881,1.9066131284223071,2.230207506552876,4.952830188679245,3.595323583763093,0.5233892697643259,0.0,0.0,0.0,0.0,0.0,0,0,0,0,0,0.0,0.3113207547169811,0.5035560283583722,0.341865626895823,0.764249393527,0.5976370796009773,0.0,0.5849056603773585,0.10255019990325336
1985,104,98.11320754716981,106,0,106,0,0,0.0,5.577685731944743,5.530869061686089,41.991329158773766,4.167326802212461,1.8621405414104761,2.198644010666907,4.952830188679245,3.595323583763093,0.52493705390693,0.0,0.0,0.0,0.0,0.0,0,0,0,0,0,0.0,0.32075471698113206,0.5102406501316458,0.32262425210374146,0.759655998381511,0.5990865691116597,0.0,0.6226415094339622,0.10280287032593619
1986,106,100.0,106,0,106,0,0,0.0,5.606376450337446,5.559773864200879,41.52208697738494,4.177411407634844,1.866079732493497,2.2031896160080238,4.952830188679245,3.595323583763093,0.5257353034321484,0.0,0.0,0.0,0.0,0.0,0,0,0,0,0,0.0,0.32075471698113206,0.5086935170545356,0.3288079114024445,0.7600486274023766,0.6000626468967526,0.0,0.6226415094339622,0.10312761101643991
1987,106,100.0,106,0,106,0,0,0.0,5.60418326002209,5.557661221773704,43.96015007759817,4.187072673795008,1.8386873141988092,2.1814128853894106,4.952830188679245,3.595323583763093,0.5246314929096996,0.0,0.0,0.0,0.0,0.0,0,0,0,0,0,0.0,0.330188679245283,0.5141336522548196,0.30537243461905794,0.7552268579435847,0.605008913742941,0.0,0.6226415094339622,0.10329032195523638
1988,105,99.05660377358491,106,1,105,0,0,0.009433962264150943,5.6269897940279225,5.582645136894344,46.64986815956854,4.197015442048447,1.7599708163543861,2.118083305362123,4.952830188679245,3.595323583763093,0.5279426330062551,0.9633856261280191,0.18693808415526136,1.0,0.036614373871980854,0.0634628856874575,0,1,0,0,0,1.0,0.32075471698113206,0.5238620383418242,0.2917892940117235,0.7765503197697441,0.6107986545641624,0.009433962264150943,0.5849056603773585,0.10358309197121293
1989,104,98.11320754716981,106,1,105,0,0,0.009433962264150943,5.595920952227419,5.555368485739333,46.28785278372972,4.2058236373066675,1.7589831730229752,2.122338857713,4.952830188679245,3.595323583763093,0.5282048328210669,0.935423605566092,0.22099840138606636,1.0,0.06457639443390795,0.10023160132374143,0,1,0,0,0,0.0,0.32075471698113206,0.5244674828423778,0.29569485402964685,0.7616838992890337,0.6174147482607678,0.009433962264150943,0.6226415094339622,0.10358608932292176
1990,104,98.11320754716981,106,0,106,0,0,0.0,5.515604725674153,5.4763706493167685,40.13053177641836,4.212125264574431,1.8903823587268134,2.220664104592109,4.952830188679245,3.595323583763093,0.521820586090866,0.0,0.0,0.0,0.0,0.0,0,0,0,0,0,0.0,0.3113207547169811,0.5028518155283739,0.32478443136872887,0.761969071275761,0.6108974224832081,0.0,0.6226415094339623,0.10329779013581482
1991,104,98.11320754716981,106,0,106,0,0,0.0,5.545712529675458,5.505659794819071,40.74873163721662,4.219042759595456,1.8427191930608369,2.18329908748611,4.952830188679245,3.595323583763093,0.5222350014696207,0.0,0.0,0.0,0.0,0.0,0,0,0,0,0,0.0,0.330188679245283,0.5034025715187593,0.3237339355406213,0.7633133140378259,0.6081823010428282,0.0,0.6226415094339623,0.10357268232076962
1992,104,98.11320754716981,106,0,106,0,0,0.0,5.610931153290462,5.5699236098484946,45.71703922218242,4.227559941964649,1.7613599636779536,2.096275798155497,4.952830188679245,3.595323583763093,0.5249450344940865,0.0,0.0,0.0,0.0,0.0,0,0,0,0,0,0.0,0.2830188679245283,0.5178162723639885,0.29193881647345044,0.7753917263013915,0.6138036700390109,0.0,0.6226415094339622,0.10405188557204048
1993,105,99.05660377358491,106,0,106,0,0,0.0,5.613829083766471,5.57358511894885,43.83126380428921,4.235876218547615,1.8311660748154506,2.129633992246948,4.952830188679245,3.595323583763093,0.5209333081158252,0.0,0.0,0.0,0.0,0.0,0,0,0,0,0,0.0,0.29245283018867924,0.5065584340218809,0.30229133227857885,0.783660932858355,0.6059778415217097,0.0,0.6226415094339622,0.1042158737510597
1994,106,100.0,106,0,106,0,0,0.0,5.647745531052433,5.607433238764208,43.690708452476734,4.244867057624808,1.8213716602920813,2.116172209905562,4.952830188679245,3.595323583763093,0.5214057985921621,0.0,0.0,0.0,0.0,0.0,0,0,0,0,0,0.0,0.3113207547169811,0.5056454007825052,0.31137972255179464,0.7873521274898967,0.6069552427493677,0.0,0.6226415094339622,0.10454708086634977
1995,106,100.0,106,0,106,0,0,0.0,5.5939392799241725,5.555929057168933,39.04995595928711,4.2520532533542665,1.9319512944842958,2.182271753743657,4.952830188679245,3.595323583763093,0.5148019157521491,0.0,0.0,0.0,0.0,0.0,0,0,0,0,0,0.0,0.330188679245283,0.4860054349964047,0.3366193424631139,0.7729519258098149,0.5979852720827635,0.0,0.6226415094339622,0.10440723310562677
1996,106,100.0,106,0,106,0,0,0.0,5.575307808978343,5.538542739619005,36.62811523151948,4.258481006593711,2.001723336321407,2.260078727568155,4.952830188679245,3.595323583763093,0.5121458067352349,0.0,0.0,0.0,0.0,0.0,0,0,0,0,0,0.0,0.330188679245283,0.47646674571959613,0.34870075360218056,0.7745157909799223,0.59377355101627,0.0,0.6226415094339623,0.10442962501495955
1997,106,100.0,106,0,106,0,0,0.0,5.573081467473339,5.535709416794978,36.68211653309504,4.264596167606075,2.0398208638727193,2.2850592574306257,4.952830188679245,3.595323583763093,0.5124721693987775,0.0,0.0,0.0,0.0,0.0,0,0,0,0,0,0.0,0.3113207547169811,0.47775384940754045,0.3575620973583429,0.7609652853538356,0.5918645228936743,0.0,0.6603773584905661,0.10452842322046582
1998,106,100.0,106,0,106,0,0,0.0,5.592911841030705,5.5562752608010735,34.73883289686505,4.271082995704176,2.0767656150152156,2.3224654607037127,4.952830188679245,3.595323583763093,0.5104226573023551,0.0,0.0,0.0,0.0,0.0,0,0,0,0,0,0.0,0.2830188679245283,0.468461706887415,0.38431319912457196,0.7728071918592256,0.5867139613331774,0.0,0.6226415094339622,0.10474418631847725
1999,105,99.05660377358491,106,1,105,0,0,0.009433962264150943,5.611402357870733,5.575563140529456,34.98477458726941,4.277842686708964,2.0619329547689884,2.280294760101033,4.952830188679245,3.595323583763093,0.5123141053177604,0.8367788940420483,0.2551551293353622,1.0,0.1632211059579517,-0.009991978294562553,0,1,0,0,0,0.0,0.3113207547169811,0.4717731090385082,0.38982652928886274,0.7744834629436945,0.5890626963908326,0.009433962264150943,0.6226415094339622,0.10495815528511973
2000,105,99.05660377358491,106,0,106,0,0,0.0,5.637634091868873,5.60236264203518,33.78240186382,4.285178851971052,2.069670239553389,2.3349193009604243,4.952830188679245,3.595323583763093,0.5098431365148559,0.0,0.0,0.0,0.0,0.0,0,0,0,0,0,0.0,0.3018867924528302,0.46374591982617824,0.3976873041160615,0.7744834629436945,0.5876321140814839,0.0,0.6226415094339622,0.10522119339501626
