,satisfied_count,pct_satisfied,move_attempts,successful_moves,failed_searches,voluntary_stays,destination_conflicts,movement_success_rate,city_mean_income,mean_neighbor_income,mean_neighbor_income_variance,mean_rent,mean_utility,mean_value,mean_vision,rent_income_timescale_ratio,gini_coefficient,mean_qre_move_probability,mean_qre_accept_probability,mean_ne_move_probability,mean_qre_ne_move_gap,mean_delta_neighborhood_utility,move_accept_outcomes,move_reject_outcomes,stay_accept_outcomes,stay_reject_outcomes,qre_nonconvergence_count,ne_following_rate,homeless_fraction,theil_index,moran_i,spatial_entropy,neighborhood_heterogeneity,income_mobility_indicator,segregation_index,gentrification_indicator
0,0,0.0,0,0,0,0,0,0.0,0.574245771548771,0.5743611195610686,0.06157464512200144,0.4594888956488549,0.2360734437903972,0.8863042894961916,7.72972972972973,8.176242457702756,0.25366601037856396,0.0,0.0,0.0,0.0,0.0,0,0,0,0,0,0.0,0.34234234234234234,0.10287258934644257,0.06818498802017857,0.9556079616047235,0.4162568958700432,0.0,0.2081168831168831,0.02165569194497945
1,0,0.0,111,4,96,11,0,0.036036036036036036,0.5722936364241786,0.5704244764671483,0.060443513525723185,0.4593614500262444,0.24980099301783198,0.9835569310902544,7.72972972972973,8.176242457702756,0.25360746212905627,0.2869902500253827,0.000403497688732033,0.13333333333333333,0.2777892941113082,-0.004933245443857302,0,4,0,11,0,0.13333333333333333,0.3333333333333333,0.10216345008069269,0.0781384999229399,0.9517643217114633,0.41219410937144896,0.036036036036036036,0.21201298701298701,0.021640721137803305
2,0,0.0,111,1,106,4,0,0.009009009009009009,0.5689900035450991,0.5663126164416225,0.059234068725012225,0.45888879066444743,0.25755725393158374,1.0239135292544772,7.72972972972973,8.176242457702756,0.25378065609679346,0.3112088483244667,0.00046237040247667946,0.2,0.300962009971698,-0.005182556424517254,0,1,0,4,0,0.0,0.3153153153153153,0.1018779181561805,0.09749467568675747,0.9383054261847934,0.4077765048594607,0.009009009009009009,0.2301948051948052,0.021604880085698133
3,0,0.0,111,1,104,6,0,0.009009009009009009,0.5711678719380735,0.5674705016888116,0.060255571039378064,0.4585627368323557,0.2564750987006921,1.0058554772215529,7.72972972972973,8.176242457702756,0.25582247300175576,0.2908421328944843,0.0004668795165792025,0.14285714285714285,0.28063326832860946,-0.004364464621558809,0,1,0,6,0,0.14285714285714285,0.2972972972972973,0.10354958853569986,0.09629324576484871,0.9404628472112826,0.40798253008145025,0.009009009009009009,0.21201298701298701,0.021602439951735778
4,0,0.0,111,1,108,2,0,0.009009009009009009,0.5705742730295686,0.5675491579616405,0.06119966144952255,0.4581636419579765,0.2591886969921007,1.0203553862785497,7.72972972972973,8.176242457702756,0.25766371185015746,0.21729392590586974,0.0003876554815661986,0.0,0.21729392590586974,-0.01023505974898444,0,1,0,2,0,0.0,0.3063063063063063,0.10469486961109443,0.09486818768097041,0.9399569701135116,0.40980896821045104,0.009009009009009009,0.21201298701298701,0.0215831564749105
5,104,93.69369369369369,111,0,110,1,0,0.0,0.5698898611155723,0.5667857986029509,0.06217852559684137,0.45777649662613445,0.2606021426669646,1.0511172756463267,7.72972972972973,8.176242457702756,0.259810494821366,0.16496731397598885,0.0003182434086976537,0.0,0.16496731397598885,-0.0067948759653923,0,0,0,1,0,0.0,0.32432432432432434,0.10632062029531666,0.09759241491589622,0.9366259988829353,0.41274935080700387,0.0,0.21201298701298701,0.02156390744484298
6,108,97.29729729729729,111,0,110,1,0,0.0,0.5689646735881813,0.5660379358165535,0.06266747852129544,0.45737208757555403,0.25994834195755495,1.0468944250163188,7.72972972972973,8.176242457702756,0.26058230894707446,0.13364426711754124,0.0003242245382736566,0.0,0.13364426711754124,-0.011429788234950555,0,0,0,1,0,0.0,0.3063063063063063,0.10666802248531933,0.0761529743090031,0.9436270150068141,0.4168173162859084,0.0,0.21201298701298701,0.02154274877495785
7,109,98.1981981981982,111,0,110,1,0,0.0,0.5674177503917593,0.5646903935416776,0.06238245279362947,0.4569126013305789,0.25879991712502537,1.0428534081680616,7.72972972972973,8.176242457702756,0.2597119647078523,0.14453047405324776,0.00036913018549795306,0.0,0.14453047405324776,-0.011061282016381624,0,0,0,1,0,0.0,0.2972972972972973,0.10575360221774878,0.05387257649744331,0.9452803376987187,0.41753142733280835,0.0,0.21201298701298701,0.021516229804251257
8,109,98.1981981981982,111,1,110,0,0,0.009009009009009009,0.5647486347447286,0.5616897135400714,0.06425456335441243,0.45632522837552814,0.25966040242853444,1.0638502181686178,7.72972972972973,8.176242457702756,0.26275113872234757,0.14072656092945374,0.0003177973564027593,0.0,0.14072656092945374,-0.008973761246575784,0,1,0,0,0,0.0,0.2882882882882883,0.10788833025373726,0.06599944991377844,0.9460986933036604,0.419626771515248,0.009009009009009009,0.21201298701298704,0.02147887170754814
9,110,99.09909909909909,111,0,110,1,0,0.0,0.5628440787285265,0.559614130145973,0.06534600268194865,0.4556192977945184,0.2519297546861544,1.044650715655603,7.72972972972973,8.176242457702756,0.2652953700025129,0.30186014200677086,0.0003831783198648591,0.0,0.30186014200677086,-0.00866018540216884,0,0,0,1,0,0.0,0.3153153153153153,0.11006723208152318,0.05789656007343306,0.9579058758965789,0.42538969627452156,0.0,0.175974025974026,0.021440489629523916
10,110,99.09909909909909,111,0,111,0,0,0.0,0.5637435670559348,0.5604556738809702,0.06469330058834452,0.4550261311343238,0.25151655656085475,1.0456607544257521,7.72972972972973,8.176242457702756,0.26427317680465623,0.0,0.0,0.0,0.0,0.0,0,0,0,0,0,0.0,0.32432432432432434,0.10929405609652167,0.06549480410331385,0.9617263699446277,0.42351925594023343,0.0,0.18928571428571433,0.021420737699003073
11,110,99.09909909909909,111,0,111,0,0,0.0,0.5670604471990666,0.5636712633839377,0.0644367691841347,0.45469179473381066,0.2558044808504714,1.0540546146294332,7.72972972972973,8.176242457702756,0.26300320952193124,0.0,0.0,0.0,0.0,0.0,0,0,0,0,0,0.0,0.3063063063063063,0.10829411686533719,0.07294203513991294,0.96184165700753,0.4202199577766974,0.0,0.17597402597402598,0.021423654022353578
12,110,99.09909909909909,111,0,111,0,0,0.0,0.5678425177651788,0.5643079519910496,0.06633609681773639,0.4544264402514022,0.25583901588878216,1.0445504810207213,7.72972972972973,8.176242457702756,0.2660239841984571,0.0,0.0,0.0,0.0,0.0,0,0,0,0,0,0.0,0.3153153153153153,0.11063645494470604,0.07708257584400045,0.9651292681379122,0.4250129838192389,0.0,0.1892857142857143,0.021416716362257095
13,111,100.0,111,0,111,0,0,0.0,0.563916685146283,0.5603562925552498,0.06493393734524198,0.453924303989589,0.2620590766461528,1.0515485215382405,7.72972972972973,8.176242457702756,0.26590114681637345,0.0,0.0,0.0,0.0,0.0,0,0,0,0,0,0.0,0.3063063063063063,0.11038309742697851,0.08355331428753512,0.9412552719063265,0.4227911285794689,0.0,0.22532467532467532,0.02137655926004567
14,111,100.0,111,0,108,3,0,0.0,0.5628799319016309,0.5595375854577542,0.06221251874217746,0.4534096720241618,0.2668446182754781,1.0408479584863963,7.72972972972973,8.176242457702756,0.260808300122227,0.17425984248689094,0.0003725010691817602,0.0,0.17425984248689094,-0.010911807789603841,0,0,0,3,0,0.0,0.2882882882882883,0.10614408873920488,0.07639297054515141,0.9458598553212023,0.4144822196331206,0.0,0.22532467532467532,0.021350336715193322
15,111,100.0,111,0,109,2,0,0.0,0.5622128807916853,0.5589367651501218,0.06235659218683684,0.4528978179959232,0.26802058177742566,1.0487761795759902,7.72972972972973,8.176242457702756,0.26056286864163103,0.10401059146167822,0.00033075578512120835,0.0,0.10401059146167822,-0.011372753489427845,0,0,0,2,0,0.0,0.2972972972972973,0.10643186919295847,0.07067524686751409,0.9442965169116785,0.41454225812095596,0.0,0.17597402597402595,0.021326076246454443
16,111,100.0,111,0,109,2,0,0.0,0.5648250224480699,0.5614241006938672,0.06216014134796224,0.4525905108618975,0.2660658236020304,1.0333745922433817,7.72972972972973,8.176242457702756,0.25971465357599954,0.09345820724594359,0.00032394125108608975,0.0,0.09345820724594359,-0.012573106246546145,0,0,0,2,0,0.0,0.3063063063063063,0.1060615006125801,0.07083212994293778,0.9450673387458204,0.41324279427167965,0.0,0.18928571428571428,0.021326573866552484
17,111,100.0,111,0,110,1,0,0.0,0.566609152811423,0.5633033179206396,0.06316930179173222,0.4524312493896536,0.26197353973602666,1.031626785771456,7.72972972972973,8.176242457702756,0.25949577677738533,0.054428426474339625,0.00026444971096277947,0.0,0.054428426474339625,-0.00879359174445199,0,0,0,1,0,0.0,0.2972972972972973,0.10584609988108816,0.06070745006369654,0.9376209470909999,0.4133686131029355,0.0,0.18928571428571428,0.021328983716313067
18,110,99.09909909909909,111,1,109,1,0,0.009009009009009009,0.566234455855056,0.5625300948281583,0.06425386122319562,0.4522428643226364,0.261052130643367,1.0280762571260877,7.72972972972973,8.176242457702756,0.2632651186563679,0.11610463495501921,0.00030573804881365316,0.0,0.11610463495501921,-0.011451074063737118,0,1,0,1,0,0.0,0.2882882882882883,0.10826209983715102,0.07148137776972817,0.9420014190061501,0.41592483936621166,0.009009009009009009,0.20746753246753247,0.021319408821614514
19,110,99.09909909909909,111,0,111,0,0,0.0,0.5665040586284653,0.5626930232212651,0.06448668473090749,0.4520721079348765,0.26186208720826437,1.0158521723986753,7.72972972972973,8.176242457702756,0.2642350161421587,0.0,0.0,0.0,0.0,0.0,0,0,0,0,0,0.0,0.2972972972972973,0.10901750461845411,0.07834761344111658,0.9491678542617482,0.41596034183098907,0.0,0.21201298701298701,0.021313776107343932
20,110,99.09909909909909,111,0,110,1,0,0.0,0.564323852567734,0.5604091146395997,0.062239416210228445,0.45176592268087257,0.2657724263798328,1.0279472457760432,7.72972972972973,8.176242457702756,0.26070071567927444,0.1594459575231156,0.00039608209810128395,0.0,0.1594459575231156,-0.012388535325910444,0,0,0,1,0,0.0,0.2972972972972973,0.10607821862632515,0.0734248318526146,0.91940987463159,0.4084193560643694,0.0,0.21201298701298701,0.021290357852671728
21,110,99.09909909909909,111,0,109,2,0,0.0,0.5633068163980118,0.5594678362344176,0.060943739144002376,0.45142320291191795,0.2684503459049027,0.999523647193744,7.72972972972973,8.176242457702756,0.25767224244699527,0.2466284499823845,0.0004118390442180868,0.0,0.2466284499823845,-0.009067186660108167,0,0,0,2,0,0.0,0.2702702702702703,0.10425261535938075,0.0764179372940548,0.9333906053995293,0.40143139704412567,0.0,0.2435064935064935,0.021271261872193012
22,110,99.09909909909909,111,0,110,1,0,0.0,0.558663203075572,0.5547925418355549,0.06062512898058364,0.45080269401769363,0.27213292792579186,0.9864747610294157,7.72972972972973,8.176242457702756,0.2567289958807044,0.17131387026563463,0.00039750672925871456,0.0,0.17131387026563463,-0.012393242545891636,0,0,0,1,0,0.0,0.2972972972972973,0.10383670665918333,0.07554157258541416,0.9446215515568372,0.3999916953668241,0.0,0.21201298701298701,0.021222676649749115
23,111,100.0,111,0,111,0,0,0.0,0.5592322170891832,0.5553833747275161,0.05977136451633854,0.45027156577894595,0.26985627872086443,0.9276401140392546,7.72972972972973,8.176242457702756,0.2558548175048776,0.0,0.0,0.0,0.0,0.0,0,0,0,0,0,0.0,0.2882882882882883,0.10235564948447375,0.07196162284892625,0.9190057592279925,0.3979683129189779,0.0,0.21201298701298701,0.021203808553536502
24,111,100.0,111,0,110,1,0,0.0,0.5561336833728239,0.5524755807184887,0.05797862347767114,0.4495936652420807,0.2686326975349152,0.9833289988480232,7.72972972972973,8.176242457702756,0.25371054858413533,0.5130300350778048,0.0006436089587448867,1.0,0.48696996492219524,-0.013287275065136273,0,0,0,1,0,0.0,0.2972972972972973,0.10065475758425713,0.07392631438590555,0.9234638944112886,0.3952445354510969,0.0,0.27954545454545454,0.02116060248919662
25,111,100.0,111,0,110,1,0,0.0,0.5545161322689769,0.550960139922196,0.058116691076123696,0.4488720666056854,0.269282885084738,0.9665391900044206,7.72972972972973,8.176242457702756,0.2542344527412228,0.5050593470947072,0.0005883605209588195,1.0,0.49494065290529277,-0.012246569366843152,0,0,0,1,0,0.0,0.27927927927927926,0.10104332137929328,0.07255712759679338,0.930722939727859,0.39613090241237353,0.0,0.24805194805194805,0.021123014906635807
26,111,100.0,111,0,110,1,0,0.0,0.5531815105245825,0.549814035739576,0.055710141917540576,0.4481345010179421,0.2710607913006888,0.9712512081999803,7.72972972972973,8.176242457702756,0.24953643183099228,0.46648538841864473,0.0005397660061059393,0.0,0.46648538841864473,-0.012372251935380552,0,0,0,1,0,0.0,0.2702702702702703,0.09734299437651607,0.07594842775932793,0.9339298159116707,0.38662416718915554,0.0,0.24805194805194805,0.021086189222544603
27,111,100.0,111,0,110,1,0,0.0,0.5521196043833889,0.5488930654524575,0.055162209930861246,0.44739699997002674,0.27045671374101327,0.9759428038211617,7.72972972972973,8.176242457702756,0.24856218927295282,0.4561751349192864,0.0006092425323216875,0.0,0.4561751349192864,-0.01082714662564388,0,0,0,1,0,0.0,0.2702702702702703,0.09638991167769624,0.06922738757216447,0.9310830979281832,0.38675625284180426,0.0,0.24805194805194805,0.021050729754935802
28,110,99.09909909909909,111,1,110,0,0,0.009009009009009009,0.5523324498550439,0.5479584187518676,0.054131748069987586,0.44673481849599733,0.2761177866687584,1.003793091413148,7.72972972972973,8.176242457702756,0.24885654949172542,0.49754544775441956,0.0006130512757737654,0.0,0.49754544775441956,-0.00789085425284225,0,1,0,0,0,0.0,0.26126126126126126,0.09642613371797991,0.08931177803836401,0.9263002983161518,0.37647089602188505,0.009009009009009009,0.26623376623376627,0.021024723200880762
29,110,99.09909909909909,111,0,111,0,0,0.0,0.5544845267458546,0.5499776078377602,0.055206886883419924,0.44618269873669736,0.2738907258643604,0.9994940857279466,7.72972972972973,8.176242457702756,0.24939547813130547,0.0,0.0,0.0,0.0,0.0,0,0,0,0,0,0.0,0.25225225225225223,0.09728559158727602,0.07532292300719194,0.9362390569363042,0.38054471385169825,0.0,0.26623376623376627,0.021012912260246187
30,110,99.09909909909909,111,0,111,0,0,0.0,0.5573975394287116,0.5530475821826366,0.05714417334703332,0.44587652846423576,0.2749809919001162,0.9928835042785337,7.72972972972973,8.176242457702756,0.25131676002878356,0.0,0.0,0.0,0.0,0.0,0,0,0,0,0,0.0,0.24324324324324326,0.09921204806381946,0.07693494369361224,0.9326672301609062,0.3841089282523314,0.0,0.26623376623376627,0.02101496071175554
31,110,99.09909909909909,111,0,111,0,0,0.0,0.5540239360597918,0.5496681522555572,0.055395746588562354,0.44537434310796314,0.276563301492072,1.0000281946208323,7.72972972972973,8.176242457702756,0.24949538765985224,0.0,0.0,0.0,0.0,0.0,0,0,0,0,0,0.0,0.25225225225225223,0.09792894290717782,0.08328347071273015,0.928794054421884,0.3820084882666489,0.0,0.26623376623376627,0.020977562748752974
32,110,99.09909909909909,111,0,110,1,0,0.0,0.5514873924185794,0.5470630815370086,0.053763127206816856,0.4447428201254919,0.27814539340043054,1.011240995620168,7.72972972972973,8.176242457702756,0.2473191003004962,0.11019333915596562,0.0002698944524273143,0.0,0.11019333915596562,-0.008715953652059266,0,0,0,1,0,0.0,0.21621621621621623,0.09653884190991627,0.08084615190641445,0.927428176047625,0.3779242026885473,0.0,0.26623376623376627,0.02093906260543543
33,111,100.0,111,0,111,0,0,0.0,0.5527931667801593,0.5481429207399168,0.054341853613102974,0.44423356421035,0.2799247087577878,1.018396554601173,7.72972972972973,8.176242457702756,0.24776690273272228,0.0,0.0,0.0,0.0,0.0,0,0,0,0,0,0.0,0.24324324324324326,0.09737902341489435,0.09000559007826162,0.9225996973216566,0.37878559717420746,0.0,0.27954545454545454,0.020924772478067233
34,111,100.0,111,0,111,0,0,0.0,0.5531980684195621,0.5483417871061386,0.05517290635736422,0.44377895413057566,0.2773402274624165,1.0052377467092959,7.72972972972973,8.176242457702756,0.24968265632867648,0.0,0.0,0.0,0.0,0.0,0,0,0,0,0,0.0,0.24324324324324326,0.09885123686500145,0.09958007618578549,0.9247544015687243,0.38032530872873016,0.0,0.31558441558441563,0.020908211975084495
35,111,100.0,111,0,111,0,0,0.0,0.556192947324556,0.5513380557239532,0.05563420503514424,0.44355749982266207,0.2791429272164703,1.0145538782665904,7.72972972972973,8.176242457702756,0.2502297786104093,0.0,0.0,0.0,0.0,0.0,0,0,0,0,0,0.0,0.25225225225225223,0.09935717292612446,0.12658311334872627,0.9346324952940087,0.37964639462729066,0.0,0.27954545454545454,0.020914133049035444
36,111,100.0,111,0,111,0,0,0.0,0.5586473475305437,0.5537196563110127,0.055545964479047305,0.4435099325065942,0.2806017991316933,1.0100603089434537,7.72972972972973,8.176242457702756,0.25056060981808814,0.0,0.0,0.0,0.0,0.0,0,0,0,0,0,0.0,0.24324324324324326,0.0994215554454655,0.12774214424002647,0.9229597033119752,0.3787123071258784,0.0,0.27954545454545454,0.020924460440519214
37,111,100.0,111,0,110,1,0,0.0,0.564128960375976,0.558947641029807,0.0593400525840513,0.4438082165746269,0.2772311467398602,1.0013901827820582,7.72972972972973,8.176242457702756,0.2552860759407809,0.20036146020555654,0.00042732747690715507,0.0,0.20036146020555654,-0.013483048843098422,0,0,0,1,0,0.0,0.26126126126126126,0.10341453083684284,0.1230993667712386,0.9124025636384443,0.38548953185010454,0.0,0.27954545454545454,0.020964062719053902
38,111,100.0,111,0,110,1,0,0.0,0.5547270782282929,0.5498562734917792,0.054844745217951116,0.4434874464119405,0.28378761217912574,1.0274679063714869,7.72972972972973,8.176242457702756,0.25076888797402797,0.14805522478061672,0.0004202064928372609,0.0,0.14805522478061672,-0.011390410616346325,0,0,0,1,0,0.0,0.26126126126126126,0.09960571747851829,0.11843682198358868,0.9352067701237218,0.37935369369573924,0.0,0.26623376623376627,0.020903939835198886
39,111,100.0,111,0,110,1,0,0.0,0.5544923683031519,0.5495224958626711,0.0537449073680704,0.4431710708209069,0.28270331992202635,1.0506883347318974,7.72972972972973,8.176242457702756,0.24927824919540176,0.3713295366939867,0.0005751958056985568,0.0,0.3713295366939867,-0.01197098829316584,0,0,0,1,0,0.0,0.25225225225225223,0.09804864387362092,0.11650030298309234,0.9316908737141237,0.3755131582372346,0.0,0.2662337662337662,0.02088983246787323
40,111,100.0,111,0,111,0,0,0.0,0.552981285969579,0.5481923255250307,0.054866116714067936,0.4427935565037485,0.280801959979822,1.0411162299880132,7.72972972972973,8.176242457702756,0.2503861025723062,0.0,0.0,0.0,0.0,0.0,0,0,0,0,0,0.0,0.25225225225225223,0.09941291504042155,0.10259585492058178,0.9294079315214893,0.3815088047229268,0.0,0.27954545454545454,0.02086684381326366
41,111,100.0,111,0,109,2,0,0.0,0.5477255936361238,0.5432248830478781,0.053936430817621256,0.44212198855977036,0.28152206722329604,1.0273320304405675,7.72972972972973,8.176242457702756,0.25017685336154716,0.23801649301972966,0.0004556022576491886,0.0,0.23801649301972966,-0.012472308733961046,0,0,0,2,0,0.0,0.23423423423423423,0.09897754919465133,0.09324161618039684,0.92478387771994,0.3825063165526481,0.0,0.26623376623376627,0.020813110839912455
42,111,100.0,111,0,110,1,0,0.0,0.5482301371622627,0.5436706870126203,0.05687665882874864,0.44153448964959485,0.2813110808258861,1.0647233126968998,7.72972972972973,8.176242457702756,0.254817064931415,0.14091226132647433,0.0004036868198671052,0.0,0.14091226132647433,-0.005712747981496014,0,0,0,1,0,0.0,0.24324324324324326,0.10305878385217936,0.09139977398355863,0.9231168539121398,0.38885749486641485,0.0,0.26623376623376627,0.02079161588987699
43,111,100.0,111,0,111,0,0,0.0,0.5415198959491745,0.5369449188583547,0.05654377233487179,0.44055509398560305,0.2816256926138609,1.0727659474722484,7.72972972972973,8.176242457702756,0.2562496396340266,0.0,0.0,0.0,0.0,0.0,0,0,0,0,0,0.0,0.25225225225225223,0.10396614714550037,0.10256357273011615,0.9237253043777156,0.3885683105646459,0.0,0.26623376623376627,0.020718025801757453
44,111,100.0,111,0,111,0,0,0.0,0.5390026176186661,0.5345096429547967,0.05797009270725757,0.4394964848358083,0.27800130725385386,1.0639017693613533,7.72972972972973,8.176242457702756,0.25938916817160984,0.0,0.0,0.0,0.0,0.0,0,0,0,0,0,0.0,0.25225225225225223,0.10629822745237068,0.08270056808105117,0.9423338775737702,0.39362842998030984,0.0,0.26623376623376627,0.020662162184721587
45,111,100.0,111,0,109,2,0,0.0,0.5410183110974793,0.5362776245969835,0.060215165891492124,0.4386400737093184,0.2743281337906106,1.022816657921837,7.72972972972973,8.176242457702756,0.26306523307083185,0.25947111485470137,0.0005395117142054438,0.0,0.25947111485470137,-0.01246331781694987,0,0,0,2,0,0.0,0.24324324324324326,0.10969013735908273,0.08865305230525684,0.9353127770191669,0.39755111985670905,0.0,0.26623376623376627,0.020637229527047374
46,110,99.09909909909909,111,1,110,0,0,0.009009009009009009,0.536817463866322,0.5321458604164994,0.057737453237088836,0.43758351854160576,0.2761387448967754,1.0558294892794517,7.72972972972973,8.176242457702756,0.26054091899774057,0.13894476640284376,0.0004389486740778118,0.0,0.13894476640284376,-0.01219080532611766,0,1,0,0,0,0.0,0.25225225225225223,0.10747419777262164,0.08346556347640689,0.9328935077678349,0.39467605181822574,0.009009009009009009,0.26623376623376627,0.020573032034785804
47,110,99.09909909909909,111,0,111,0,0,0.0,0.5363214098520861,0.5316410198858076,0.05653880084550684,0.4365802361430713,0.27476764334638054,1.0488515452485416,7.72972972972973,8.176242457702756,0.2596153183338741,0.0,0.0,0.0,0.0,0.0,0,0,0,0,0,0.0,0.25225225225225223,0.10624457588127739,0.09023533034198025,0.9297317942591622,0.3936994425349683,0.0,0.26623376623376627,0.020529536363994808
48,110,99.09909909909909,111,0,111,0,0,0.0,0.5346732825974796,0.5302108657563129,0.054173472743523354,0.43556543825065935,0.27898030724317635,1.0631701114918726,7.72972972972973,8.176242457702756,0.256636043596004,0.0,0.0,0.0,0.0,0.0,0,0,0,0,0,0.0,0.24324324324324326,0.10371411045008236,0.09679204220019115,0.9338968831175395,0.39072767654932244,0.0,0.2662337662337662,0.020479809559652146
49,110,99.09909909909909,111,0,111,0,0,0.0,0.5331090422421394,0.5287341414884471,0.053733763915961574,0.4345370202491287,0.28028292406026484,1.0700974799218688,7.72972972972973,8.176242457702756,0.25546927810046705,0.0,0.0,0.0,0.0,0.0,0,0,0,0,0,0.0,0.24324324324324326,0.10314142548525036,0.10533004473122093,0.9354786851329134,0.3874833376436047,0.0,0.26623376623376627,0.02042994538323354
50,110,99.09909909909909,111,0,111,0,0,0.0,0.5285336843916889,0.524171237807273,0.05266770312760218,0.4332942289424145,0.2813908954954425,1.0661775412509806,7.72972972972973,8.176242457702756,0.25642352017010817,0.0,0.0,0.0,0.0,0.0,0,0,0,0,0,0.0,0.25225225225225223,0.10347250182350354,0.11804145204177502,0.934540134276438,0.3867401097639253,0.0,0.26623376623376627,0.020356261778741183
51,111,100.0,111,0,111,0,0,0.0,0.5232691424592448,0.5191004857209099,0.05303265900163453,0.43182137367817247,0.27772724107367597,1.062063093562857,7.72972972972973,8.176242457702756,0.25972345574462774,0.0,0.0,0.0,0.0,0.0,0,0,0,0,0,0.0,0.25225225225225223,0.1057629161366288,0.11418936325947954,0.9318069670301569,0.3935697821973581,0.0,0.2662337662337662,0.02026972696035123
52,111,100.0,111,0,111,0,0,0.0,0.5255194035845524,0.5214337932505816,0.05180132199160415,0.4306215641361137,0.2754687745548333,1.0542071036306337,7.72972972972973,8.176242457702756,0.25675453419329397,0.0,0.0,0.0,0.0,0.0,0,0,0,0,0,0.0,0.24324324324324326,0.10334639306428686,0.1256178330700202,0.9379539319961425,0.3872098065937249,0.0,0.26623376623376627,0.02023192859738308
53,111,100.0,111,0,110,1,0,0.0,0.5280510036991869,0.5240427631947568,0.052277251279750525,0.4296905064978719,0.2726890832725255,1.045132166831084,7.72972972972973,8.176242457702756,0.25650162481890537,0.09717933022268083,0.00036419367353647905,0.0,0.09717933022268083,-0.009017644835935701,0,0,0,1,0,0.0,0.22522522522522523,0.10350165936714784,0.11160298689788076,0.9166459581638717,0.38980990854046593,0.0,0.26623376623376627,0.020206523832994445
54,111,100.0,111,0,110,1,0,0.0,0.529639318877565,0.5257757746170281,0.05302482635729762,0.4289489305621173,0.2766697297365221,1.0409384764208651,7.72972972972973,8.176242457702756,0.2562977731698839,0.07199904586368107,0.00034950498331665796,0.0,0.07199904586368107,-0.012609217098329073,0,0,0,1,0,0.0,0.2072072072072072,0.10351998867400118,0.12231878923137318,0.9135632785281127,0.3886197628547336,0.0,0.29772727272727273,0.0201841488856287
55,111,100.0,111,0,111,0,0,0.0,0.5344371175967343,0.5305574435867761,0.05721552103751237,0.42858075635167087,0.2719175404701384,1.009458842598721,7.72972972972973,8.176242457702756,0.2631529307109588,0.0,0.0,0.0,0.0,0.0,0,0,0,0,0,0.0,0.22522522522522523,0.1089008481604892,0.12339312397754355,0.9169741856959496,0.3990563640905815,0.0,0.26168831168831175,0.02019308647116813
56,111,100.0,111,0,111,0,0,0.0,0.5361090952861007,0.532361040383984,0.05674157433039718,0.4283606581150168,0.2718810249846499,1.0236430421375198,7.72972972972973,8.176242457702756,0.26205857066587446,0.0,0.0,0.0,0.0,0.0,0,0,0,0,0,0.0,0.22522522522522523,0.10788937138651167,0.13669762934876342,0.9334924458563485,0.3956673307842392,0.0,0.26168831168831175,0.020192448476877976
57,111,100.0,111,0,111,0,0,0.0,0.5324212588905006,0.5287801142374379,0.05710550170288353,0.42792432748065823,0.271494464784306,1.0169491047338024,7.72972972972973,8.176242457702756,0.26320568708160663,0.0,0.0,0.0,0.0,0.0,0,0,0,0,0,0.0,0.21621621621621623,0.10894899749434216,0.13419089391901382,0.9341539922531414,0.39858635830843625,0.0,0.22564935064935066,0.020156171569608784
58,111,100.0,111,0,111,0,0,0.0,0.5377668088827978,0.5340406200071522,0.060989513127656506,0.42786776166186863,0.26765050454171724,1.0070416066229997,7.72972972972973,8.176242457702756,0.2674789638885531,0.0,0.0,0.0,0.0,0.0,0,0,0,0,0,0.0,0.21621621621621623,0.11254773402015111,0.13131719013640725,0.9352724246215017,0.40519860425965704,0.0,0.22564935064935066,0.02018058684032406
59,111,100.0,111,0,111,0,0,0.0,0.5362777846274066,0.532505082628582,0.0628810046178666,0.42771538139429116,0.26232304447458427,1.0067928756286513,7.72972972972973,8.176242457702756,0.27154492508344874,0.0,0.0,0.0,0.0,0.0,0,0,0,0,0,0.0,0.21621621621621623,0.11599229160362685,0.12460334494867316,0.9113590616937146,0.4132077643241342,0.0,0.23019480519480517,0.020166912228979688
60,111,100.0,111,0,110,1,0,0.0,0.540830191382929,0.5370453561769877,0.06443959107087563,0.42787243912569695,0.26371715516870087,1.0119765874579425,7.72972972972973,8.176242457702756,0.27127292995812025,0.37212407498076755,0.0004889054929491009,0.0,0.37212407498076755,-0.0098179895321589,0,0,0,1,0,0.0,0.22522522522522523,0.11630594496721487,0.13744180101084272,0.9199567234654767,0.4113285684506852,0.0,0.22564935064935066,0.02019609497321645
61,111,100.0,111,0,108,3,0,0.0,0.5454640577264247,0.5416993698565893,0.0669952853084632,0.4283210741901515,0.26448372312140506,1.01139163951293,7.72972972972973,8.176242457702756,0.2734868946859379,0.16204480237518018,0.00035074932049072556,0.0,0.16204480237518018,-0.007417394777019785,0,0,0,3,0,0.3333333333333333,0.23423423423423423,0.11811961662675416,0.13424580202261965,0.9324286797377261,0.4142254256750525,0.0,0.23019480519480517,0.020237605050243967
62,109,98.1981981981982,111,2,107,2,0,0.018018018018018018,0.5481790057170242,0.5445167578675706,0.06955875268585707,0.42890934300250155,0.2615192777966307,1.0085058585044824,7.72972972972973,8.176242457702756,0.2766199368313833,0.19515345428242747,0.00036966009505286484,0.0,0.19515345428242747,-0.00808020920990793,0,2,0,2,0,0.25,0.22522522522522523,0.12086804213945915,0.1213432916238383,0.9403901935008219,0.4193659719042028,0.018018018018018018,0.19415584415584416,0.02027522893239736
63,109,98.1981981981982,111,0,110,1,0,0.0,0.549216676586289,0.5456860473846789,0.0686743798148843,0.42953396662849797,0.26386828931561485,1.0121328090202035,7.72972972972973,8.176242457702756,0.2737720128314929,0.12026940011273617,0.00031900570779346563,0.0,0.12026940011273617,-0.008298548648961346,0,0,0,1,0,0.0,0.24324324324324326,0.11828336560349033,0.10629678964638731,0.9407807836389631,0.4178430676915919,0.0,0.19415584415584416,0.020305952657798464
64,109,98.1981981981982,111,0,110,1,0,0.0,0.5524736001904927,0.5489951760884635,0.07102970725857218,0.43032396942123186,0.2650985815309431,1.0116926553071457,7.72972972972973,8.176242457702756,0.27438007127854624,0.09841485871825849,0.00039100180799165186,0.0,0.09841485871825849,-0.012603602502010147,0,0,0,1,0,0.0,0.22522522522522523,0.11996911468015675,0.10956533188626477,0.9437160152397743,0.4192335413634836,0.0,0.19415584415584416,0.020354533547697756
65,109,98.1981981981982,111,0,109,2,0,0.0,0.5526469351537995,0.5490952800117713,0.0756702481390136,0.43105592746179267,0.25916409931719064,0.9974792896034712,7.72972972972973,8.176242457702756,0.28077422661610507,0.09937132796976778,0.00031272270167739883,0.0,0.09937132796976778,-0.006340048622742622,0,0,0,2,0,0.5,0.23423423423423423,0.1261421492228619,0.11078211527753964,0.9483845664843462,0.4300502051867675,0.0,0.19415584415584416,0.02038532355455674
66,109,98.1981981981982,111,0,107,4,0,0.0,0.5538068985895227,0.5500862260749407,0.07909106069963638,0.43179285656046845,0.2611791907041786,1.0002710029813084,7.72972972972973,8.176242457702756,0.2844490300507989,0.1572105823856841,0.00037137462973334414,0.0,0.1572105823856841,-0.009480523232298685,0,0,0,4,0,0.25,0.23423423423423423,0.12994101881902453,0.11187720574383203,0.9364495922038271,0.4353753099970635,0.0,0.2301948051948052,0.020421249926659904
67,111,100.0,111,0,107,4,0,0.0,0.5542476056325533,0.5505849989867615,0.07892519093934444,0.43250215725536223,0.2642008594652874,1.0074139070638635,7.72972972972973,8.176242457702756,0.28320820213687625,0.22343495478145253,0.0003919849285499242,0.0,0.22343495478145253,-0.00760408442172477,0,0,0,4,0,0.0,0.23423423423423423,0.12961305580573432,0.11774085353947368,0.9381834840411228,0.43274089877004823,0.0,0.2301948051948052,0.0204524505341594
68,111,100.0,111,0,109,2,0,0.0,0.5550305464313521,0.5513119866178655,0.0788958377934576,0.43320101602277244,0.26190917175673495,0.9851245880189317,7.72972972972973,8.176242457702756,0.2836316236265717,0.0807597978935502,0.0002838567037960834,0.0,0.0807597978935502,-0.01110351589580337,0,0,0,2,0,0.0,0.24324324324324326,0.12969715219131014,0.12138248273121593,0.9457479328433509,0.4321001732074924,0.0,0.19415584415584416,0.020484935431783584
69,110,99.09909909909909,111,1,108,2,0,0.009009009009009009,0.558016503443796,0.5542411137799179,0.08458579989356715,0.434035556790364,0.2576255259636348,0.9951354463998012,7.72972972972973,8.176242457702756,0.2879872264985637,0.1925597284610867,0.0004039452928087544,0.0,0.1925597284610867,-0.00985328708364754,0,1,0,2,0,0.0,0.24324324324324326,0.1351457959757615,0.1360977848372185,0.9441839167718858,0.43790123994641916,0.009009009009009009,0.2074675324675325,0.020533982255129132
70,110,99.09909909909909,111,0,110,1,0,0.0,0.5572011447124094,0.5534800064535117,0.08762886978615818,0.434750851140582,0.2552655787090651,0.9904874294578483,7.72972972972973,8.176242457702756,0.2909528448180918,0.3850521012246015,0.0005557461415607684,0.0,0.3850521012246015,-0.012576765011748425,0,0,0,1,0,0.0,0.25225225225225223,0.138315857473555,0.13748753966492522,0.9351021967340716,0.44314306793749425,0.0,0.24350649350649353,0.020559147561652235
71,110,99.09909909909909,111,0,110,1,0,0.0,0.5559911868612096,0.5523792801465288,0.08524867994343462,0.4353356628491164,0.25856909573865994,0.9939128338684203,7.72972972972973,8.176242457702756,0.28743093642988216,0.39475453364448293,0.0004959504759049298,0.0,0.39475453364448293,-0.009509913487502464,0,0,0,1,0,0.0,0.25225225225225223,0.1350761477128828,0.12560273696607288,0.9340489459250775,0.4404421112621064,0.0,0.24285714285714285,0.02057700558400164
72,110,99.09909909909909,111,0,110,1,0,0.0,0.5578865801549611,0.5542430622244525,0.08460345327854753,0.43599456880769927,0.2593649788486269,0.9994553100664548,7.72972972972973,8.176242457702756,0.2857523195123959,0.15895516700405787,0.000331023231616881,0.0,0.15895516700405787,-0.0046787209427338605,0,0,0,1,0,0.0,0.25225225225225223,0.13347095529498362,0.11901808292009755,0.9309853531845796,0.4402829003805271,0.0,0.27954545454545454,0.02061341942484139
73,110,99.09909909909909,111,0,110,1,0,0.0,0.564021546526667,0.5600749129456631,0.08872492351034945,0.43698106202133014,0.25584607817113486,0.9913864943299293,7.72972972972973,8.176242457702756,0.2892053705400983,0.17544921714342054,0.00033735998126370237,0.0,0.17544921714342054,-0.010269226424412692,0,0,0,1,0,0.0,0.24324324324324326,0.13704977652446562,0.1264153612288316,0.944493753081745,0.4442097847672694,0.0,0.2074675324675325,0.020684423295187538
74,110,99.09909909909909,111,1,110,0,0,0.009009009009009009,0.5653396678761631,0.5627959589570006,0.08868099066549201,0.4379885151498917,0.2551788694880007,0.9756007227680851,7.72972972972973,8.176242457702756,0.28928705209357,0.38109992272799476,0.00041949998922711465,0.0,0.38109992272799476,0.004701119696249562,0,1,0,0,0,0.0,0.22522522522522523,0.13667059568271053,0.12541527062376573,0.946756471342616,0.4433991706030683,0.009009009009009009,0.20746753246753244,0.02073219980715447
75,109,98.1981981981982,111,1,103,4,3,0.009009009009009009,0.5640889517015397,0.5608596741114584,0.0834017606404815,0.43890327772158916,0.2630918844655793,0.991823598853699,7.72972972972973,8.176242457702756,0.28490221706750773,0.36041092873801084,0.0003216062743275625,0.125,0.3597101139551667,0.0071139962835468015,0,4,0,4,0,0.0,0.22522522522522523,0.13151061842534012,0.11611314416543302,0.9403237416779597,0.4374268787834183,0.009009009009009009,0.20681818181818182,0.02076334282916851
76,109,98.1981981981982,111,0,111,0,0,0.0,0.5652005515224618,0.5619075417933654,0.08485256784947834,0.4397718199843819,0.2636726383668408,0.9881683277973539,7.72972972972973,8.176242457702756,0.2852229587467263,0.0,0.0,0.0,0.0,0.0,0,0,0,0,0,0.0,0.2072072072072072,0.1326689551397148,0.1175203756094376,0.9381641000514456,0.4378458587349921,0.0,0.22012987012987015,0.020804407888899895
77,109,98.1981981981982,111,0,111,0,0,0.0,0.5646288436021709,0.5612616357866257,0.08239259890818836,0.44052709945299323,0.26570898932948306,0.999399189213243,7.72972972972973,8.176242457702756,0.2829688177721519,0.0,0.0,0.0,0.0,0.0,0,0,0,0,0,0.0,0.22522522522522523,0.13001963051200383,0.1254178870710234,0.9381857685957733,0.43452214670303313,0.0,0.22012987012987015,0.020832426089591894
78,109,98.1981981981982,111,0,111,0,0,0.0,0.5635597242253007,0.5602392861237573,0.08165428711956692,0.44115375361125636,0.269025776695559,1.016278210522543,7.72972972972973,8.176242457702756,0.2830195119949346,0.0,0.0,0.0,0.0,0.0,0,0,0,0,0,0.0,0.21621621621621623,0.1296468676333339,0.12690119863881513,0.9530490719220179,0.43186763509683146,0.0,0.18409090909090908,0.02085269887438298
79,110,99.09909909909909,111,0,111,0,0,0.0,0.5702312700888927,0.5666594972122962,0.08855511485805395,0.4421491166260848,0.2675912559710516,1.019160631574122,7.72972972972973,8.176242457702756,0.28581563849162017,0.0,0.0,0.0,0.0,0.0,0,0,0,0,0,0.0,0.1891891891891892,0.13463530433266938,0.12047740270296663,0.9335573150944043,0.43597612185224455,0.0,0.18409090909090908,0.020926748250414275
80,111,100.0,111,0,111,0,0,0.0,0.5708354705289742,0.5670956254368097,0.09075166014141067,0.4430916234683367,0.26730770989987496,1.0115467029559098,7.72972972972973,8.176242457702756,0.2857800105317465,0.0,0.0,0.0,0.0,0.0,0,0,0,0,0,0.0,0.1891891891891892,0.13635835130174034,0.12758937507285814,0.9463163712773973,0.4320980467058254,0.0,0.20746753246753247,0.02096830007491616
81,111,100.0,111,0,110,1,0,0.0,0.5738813559537326,0.5701167190345825,0.0913413449256856,0.4441546782159282,0.26259840537899337,0.9947725930916133,7.72972972972973,8.176242457702756,0.2876385199285454,0.266451966247901,0.0004048696221914654,0.0,0.266451966247901,0.001183646245632608,0,0,0,1,0,0.0,0.1981981981981982,0.1371575298128815,0.12481718985271802,0.9503206498290793,0.4356904532316819,0.0,0.20746753246753247,0.021026988468850552
82,110,99.09909909909909,111,1,110,0,0,0.009009009009009009,0.5702951081173763,0.5665237330045343,0.08629845199909653,0.444895970423236,0.2682517584420783,1.0364086232135088,7.72972972972973,8.176242457702756,0.2847510125003758,0.13180243360570287,0.0003703262529468701,0.0,0.13180243360570287,-0.011788715449238318,0,1,0,0,0,0.0,0.2072072072072072,0.13359526395405422,0.14206171585422844,0.9445656024802084,0.42927492200048945,0.009009009009009009,0.18409090909090908,0.02103936215376354
83,110,99.09909909909909,111,0,111,0,0,0.0,0.5722836223993417,0.5685203250386613,0.0905951237480513,0.44570707735406717,0.2660954157050306,1.0158385799485816,7.72972972972973,8.176242457702756,0.28814708798836963,0.0,0.0,0.0,0.0,0.0,0,0,0,0,0,0.0,0.21621621621621623,0.13777915201887544,0.13955895650724504,0.9531472468807209,0.4341470340024599,0.0,0.18409090909090908,0.021082463759801363
84,110,99.09909909909909,111,0,111,0,0,0.0,0.5766404049128195,0.5728757096255331,0.09761394472204118,0.44673675165867294,0.2607553954003304,0.9906741405201515,7.72972972972973,8.176242457702756,0.2911194147187004,0.0,0.0,0.0,0.0,0.0,0,0,0,0,0,0.0,0.22522522522522523,0.1421613970370648,0.11337011454875699,0.9447211717288011,0.4420122117257392,0.0,0.1840909090909091,0.02114634200620337
85,110,99.09909909909909,111,0,111,0,0,0.0,0.585965662696869,0.5819674416641726,0.10482882965395314,0.4482769269396765,0.2561749590865182,0.9682994992093722,7.72972972972973,8.176242457702756,0.29690322498021327,0.0,0.0,0.0,0.0,0.0,0,0,0,0,0,0.0,0.2072072072072072,0.1478532805619161,0.12563071239909024,0.9466972782539912,0.44574102797205567,0.0,0.18409090909090908,0.021255932527747844
86,110,99.09909909909909,111,0,111,0,0,0.0,0.5872624041512678,0.5831709763107202,0.10593153352222189,0.4497698968840429,0.25816940048129966,0.9829235274063397,7.72972972972973,8.176242457702756,0.29526133070719407,0.0,0.0,0.0,0.0,0.0,0,0,0,0,0,0.0,0.1891891891891892,0.14713825211636508,0.1185564470221263,0.9463219398243806,0.4453902861378325,0.0,0.22012987012987015,0.02132345065625585
87,111,100.0,111,0,111,0,0,0.0,0.5885264842951449,0.5844369471580911,0.10562195772498052,0.4512236050626773,0.2567481835935458,0.987759671917242,7.72972972972973,8.176242457702756,0.29515406914461195,0.0,0.0,0.0,0.0,0.0,0,0,0,0,0,0.0,0.2072072072072072,0.1466373582296641,0.11466308809082726,0.9442452485902272,0.4471824191050977,0.0,0.2201298701298701,0.021389200409631534
88,111,100.0,111,0,111,0,0,0.0,0.5886125110862114,0.584476369349996,0.10007580128880182,0.45256103313919277,0.2589660946928658,0.9898273549629574,7.72972972972973,8.176242457702756,0.2924405681023614,0.0,0.0,0.0,0.0,0.0,0,0,0,0,0,0.0,0.2072072072072072,0.14209414316923713,0.12278008343468054,0.9540923606525018,0.43694012558729006,0.0,0.18409090909090908,0.021444306224703516
89,111,100.0,111,0,110,1,0,0.0,0.5783355616875018,0.5742247104826029,0.09535528366560643,0.4531185494655273,0.26479692633525664,1.0086257771585962,7.72972972972973,8.176242457702756,0.2884220187998612,0.09791099015833943,0.0002859997926984365,0.0,0.09791099015833943,-0.010168705499469077,0,0,0,1,0,0.0,0.22522522522522523,0.13981645559033312,0.14208693446693524,0.9460095983144885,0.4271683938924469,0.0,0.22012987012987015,0.021415713421001167
90,111,100.0,111,0,111,0,0,0.0,0.5764304659986764,0.5723406907034175,0.09157454588680608,0.45350724828520167,0.268923847264671,1.0132748403536977,7.72972972972973,8.176242457702756,0.28411155789572073,0.0,0.0,0.0,0.0,0.0,0,0,0,0,0,0.0,0.22522522522522523,0.13595793921794533,0.14439196305607221,0.9211678073884955,0.4205678257867889,0.0,0.25616883116883116,0.02142207842152044
91,111,100.0,111,0,111,0,0,0.0,0.5742182192670419,0.5701120301152506,0.08722584070878504,0.45371838959235095,0.27456546613087407,1.0303074700491635,7.72972972972973,8.176242457702756,0.28062773482201075,0.0,0.0,0.0,0.0,0.0,0,0,0,0,0,0.0,0.2072072072072072,0.13168555234478468,0.14064221509396954,0.9369418425249854,0.41773954645919875,0.0,0.14805194805194805,0.02141964890046271
92,111,100.0,111,0,111,0,0,0.0,0.5742997100827011,0.570237230250191,0.08741685409906937,0.4539204568075714,0.2710823516507229,1.019501432344672,7.72972972972973,8.176242457702756,0.282048537348061,0.0,0.0,0.0,0.0,0.0,0,0,0,0,0,0.0,0.22522522522522523,0.13259450513315973,0.14271415921788277,0.938323666581284,0.421655141845237,0.0,0.1840909090909091,0.021428317107262985
93,111,100.0,111,0,111,0,0,0.0,0.5803843166221047,0.5761673281874852,0.09476662250753676,0.4544938898656139,0.2715987335978498,1.0029548256722063,7.72972972972973,8.176242457702756,0.2853127356512637,0.0,0.0,0.0,0.0,0.0,0,0,0,0,0,0.0,0.1981981981981982,0.13774783275563765,0.14581545978590935,0.928602243880894,0.4279588217877469,0.0,0.1840909090909091,0.021482182778539086
94,111,100.0,111,0,110,1,0,0.0,0.5799282107422028,0.5756173606916676,0.09179889254543874,0.4549844643057808,0.27118749860554897,0.9971605354196509,7.72972972972973,8.176242457702756,0.28294246205066886,0.10091023818807705,0.00041964568137800714,0.0,0.10091023818807705,-0.012982299904958916,0,0,0,1,0,0.0,0.1981981981981982,0.13510090154324758,0.15540790008379998,0.9443334791001758,0.4208227822471726,0.0,0.1840909090909091,0.02149995752697136
95,111,100.0,111,0,110,1,0,0.0,0.586287205780465,0.5818766249334731,0.09792300845059651,0.45584434628666687,0.26704642517598515,1.0035118475155422,7.72972972972973,8.176242457702756,0.28673675856071523,0.09485997218801331,0.00026786479715410405,0.0,0.09485997218801331,-0.009790387275336099,0,0,0,1,0,0.0,0.1981981981981982,0.13961165485578678,0.14971835124237345,0.9244519937997526,0.4261636870304226,0.0,0.22012987012987015,0.02156690551996634
96,111,100.0,111,0,111,0,0,0.0,0.5883992314275946,0.5839726507083373,0.0996237762204716,0.45677102315140866,0.26580484884417444,1.0182663686747364,7.72972972972973,8.176242457702756,0.28605246869777834,0.0,0.0,0.0,0.0,0.0,0,0,0,0,0,0.0,0.1981981981981982,0.1398998636414798,0.1412276287988072,0.9301475869147746,0.4264428208792869,0.0,0.22012987012987015,0.02161534932183235
97,111,100.0,111,0,111,0,0,0.0,0.5914579930740594,0.5870185231500006,0.09966740707374362,0.45782116300151593,0.26328128271663853,1.0272676704393053,7.72972972972973,8.176242457702756,0.28724652983776267,0.0,0.0,0.0,0.0,0.0,0,0,0,0,0,0.0,0.1981981981981982,0.14005366296740546,0.1519030916909482,0.9479415905900734,0.4260687724932338,0.0,0.1840909090909091,0.02167357412020954
98,111,100.0,111,0,111,0,0,0.0,0.5914940286953433,0.5870789898261556,0.10368337544874852,0.45878939599297236,0.26524352835059545,1.034133985733847,7.72972972972973,8.176242457702756,0.28954394334423283,0.0,0.0,0.0,0.0,0.0,0,0,0,0,0,0.0,0.1981981981981982,0.14320798908177243,0.1586988277126154,0.93826994651572,0.43028717491454554,0.0,0.18409090909090908,0.021713336836784433
99,110,99.09909909909909,111,1,110,0,0,0.009009009009009009,0.5932195660734706,0.5895415249046121,0.10694453644629946,0.45978771010311076,0.26674378869024606,1.0415031146091132,7.72972972972973,8.176242457702756,0.28997318973704034,0.2730195109217878,0.0004189618644865023,0.0,0.2730195109217878,0.004942984060410105,0,1,0,0,0,0.0,0.1981981981981982,0.14477810674938793,0.1634920897106403,0.9369410874247441,0.4289803949332066,0.009009009009009009,0.22467532467532467,0.021762776814742257
100,109,98.1981981981982,111,1,106,3,1,0.009009009009009009,0.5917740225832943,0.5867746678847081,0.10874335611724179,0.4606601728494263,0.26754553215591914,1.0305824217100312,7.72972972972973,8.176242457702756,0.29342823431325815,0.34893361446572496,0.0003858829852121026,0.0,0.34893361446572496,0.004729601691254831,0,2,0,3,0,0.0,0.21621621621621623,0.14832700250150663,0.16860220092290218,0.9425154851157423,0.4381608631018754,0.009009009009009009,0.2788961038961039,0.021791216432037318
101,109,98.1981981981982,111,0,111,0,0,0.0,0.5908152854317787,0.5857962219839534,0.10759885200293953,0.4613123757451611,0.2738259088670324,1.0331335398494135,7.72972972972973,8.176242457702756,0.2919643086362407,0.0,0.0,0.0,0.0,0.0,0,0,0,0,0,0.0,0.2072072072072072,0.14699625208363837,0.16079981940140456,0.9569231458520014,0.4413927886240366,0.0,0.20681818181818182,0.02181308559131546
102,109,98.1981981981982,111,0,111,0,0,0.0,0.5923130069923507,0.5871074931330909,0.10413929259961588,0.4619970231175696,0.2695442827605604,1.0165094180068124,7.72972972972973,8.176242457702756,0.290461268686415,0.0,0.0,0.0,0.0,0.0,0,0,0,0,0,0.0,0.2072072072072072,0.144300883501079,0.16447479907434556,0.9354343319441343,0.4366766642359661,0.0,0.24285714285714288,0.021848563413692526
103,109,98.1981981981982,111,0,110,1,0,0.0,0.5935995403716194,0.5885748720936643,0.10243401584073937,0.4627216732301016,0.27182073593637884,1.0162262116483876,7.72972972972973,8.176242457702756,0.28842386103979023,0.38080482950429656,0.0004069916416745247,0.0,0.38080482950429656,0.004186267382718878,0,0,0,1,0,0.0,0.21621621621621623,0.14167377683113985,0.15782188809739348,0.9430172414543788,0.4363595583666944,0.0,0.20681818181818182,0.021884620655674186
104,110,99.09909909909909,111,0,110,1,0,0.0,0.5949749220532521,0.5898304568080671,0.10704826252669512,0.46346920191287205,0.2743285641381941,1.040217730728351,7.72972972972973,8.176242457702756,0.2894636644723201,0.3599922810412581,0.0006520079827544416,0.0,0.3599922810412581,-0.004086381965085095,0,0,0,1,0,0.0,0.2072072072072072,0.14446159765366343,0.1635821578027408,0.9411224312690817,0.43528296584610493,0.0,0.21233766233766233,0.02192205744285444
105,110,99.09909909909909,111,1,110,0,0,0.009009009009009009,0.5976498942053424,0.5915239948815305,0.11103542495347112,0.4643197878733126,0.2793097297257558,1.0273072841634225,7.72972972972973,8.176242457702756,0.2917604959367248,0.09382677490328539,0.0004464171595609418,0.0,0.09382677490328539,0.0024849381207480703,0,1,0,0,0,0.0,0.21621621621621623,0.14756619580494204,0.16612386407785354,0.94333923755901,0.43417790706738085,0.009009009009009009,0.24285714285714285,0.02197020528883329
106,110,99.09909909909909,111,0,109,2,0,0.0,0.6023099832552816,0.5960250061645175,0.1164530900312756,0.4653418359277384,0.28072641029605283,1.062593718874023,7.72972972972973,8.176242457702756,0.2964054572571857,0.2523621079028906,0.0004371437354780211,0.0,0.2523621079028906,0.0002695453487826238,0,0,0,2,0,0.0,0.2072072072072072,0.15241101041142507,0.18615115117099848,0.9252273710205363,0.43644426258941005,0.0,0.23051948051948054,0.022035288297565032
107,109,98.1981981981982,111,1,109,1,0,0.009009009009009009,0.6032742730038674,0.5962320322881993,0.1161232028520217,0.46634738052698255,0.27707416612357505,1.0703012526740472,7.72972972972973,8.176242457702756,0.2963917508958753,0.24247721008322481,0.00031668914764663807,0.0,0.24247721008322481,0.002278824440348007,0,1,0,1,0,0.0,0.21621621621621623,0.15200437078296125,0.1787179015653143,0.9391714057883358,0.434939042345988,0.009009009009009009,0.18896103896103897,0.02208121762853523
108,109,98.1981981981982,111,0,110,1,0,0.0,0.6042913836240947,0.5971714742378166,0.11846007897807774,0.46727863809748815,0.2791581315575118,1.0685265191453532,7.72972972972973,8.176242457702756,0.2991776331051301,0.21222578433564074,0.0003563782590241248,0.0,0.21222578433564074,0.0020745222697119425,0,0,0,1,0,0.0,0.23423423423423423,0.15415879171905525,0.17618602526100263,0.9384450274919269,0.4402173333774682,0.0,0.2077922077922078,0.02212437412007149
109,108,97.29729729729729,111,1,110,0,0,0.009009009009009009,0.6111673574437656,0.6054296599316578,0.1360267625073627,0.46854770116374556,0.27743621973812405,1.0463223937193666,7.72972972972973,8.176242457702756,0.3060475708666879,0.15330805670529857,0.0003165945630162885,0.0,0.15330805670529857,0.0005327363634657911,0,1,0,0,0,0.0,0.22522522522522523,0.16474615637635914,0.17743504931150134,0.935373539137918,0.4479643317007177,0.009009009009009009,0.20681818181818182,0.022210634825789027
110,108,97.29729729729729,111,1,103,5,2,0.009009009009009009,0.6133399185596888,0.607079470877427,0.14548540014986377,0.4699735962747073,0.27900340110860994,1.0656358783135986,7.72972972972973,8.176242457702756,0.30828044700488433,0.45586509370436856,0.00044792491858947666,0.375,0.3510832431686203,0.00859606622609849,0,3,0,5,0,0.0,0.21621621621621623,0.1699457449096692,0.16625934669075315,0.9401450718965385,0.4519422151334449,0.009009009009009009,0.21266233766233764,0.022279789952101024
111,107,96.3963963963964,111,1,105,5,0,0.009009009009009009,0.6083458130897148,0.6013143774358549,0.14375282355774144,0.47094605565446274,0.28919949905889303,1.0632805382735986,7.72972972972973,8.176242457702756,0.3055120774339706,0.34196659656114403,0.0006297032896201896,0.16666666666666666,0.32377513414477566,0.004486664378689266,0,1,0,5,0,0.0,0.21621621621621623,0.1696388959093868,0.15250251570286044,0.9378767630205223,0.44388610207685936,0.009009009009009009,0.2077922077922078,0.02229457474309689
112,108,97.29729729729729,111,0,111,0,0,0.0,0.6110430609630945,0.6040529765480368,0.1460189253370656,0.47195143304759646,0.2870596553439475,1.0563080319480354,7.72972972972973,8.176242457702756,0.3068624387648198,0.0,0.0,0.0,0.0,0.0,0,0,0,0,0,0.0,0.21621621621621623,0.1708968947813078,0.15291561293678196,0.935216601003707,0.4463553678044872,0.0,0.26103896103896107,0.022349162029102563
113,108,97.29729729729729,111,0,111,0,0,0.0,0.6071922382423546,0.6004499755667636,0.1373005763253989,0.47263893627066667,0.28745141827727483,1.0833486224342699,7.72972972972973,8.176242457702756,0.30502760013350927,0.0,0.0,0.0,0.0,0.0,0,0,0,0,0,0.0,0.21621621621621623,0.16630750931265761,0.15254747719432304,0.9466289133412605,0.4422058394402924,0.0,0.26103896103896107,0.022358013880710233
114,109,98.1981981981982,111,0,111,0,0,0.0,0.6059291652481058,0.599423399804748,0.12500722685087953,0.4732030793046627,0.2898369336363871,1.0669272294365402,7.72972972972973,8.176242457702756,0.30067297827443995,0.0,0.0,0.0,0.0,0.0,0,0,0,0,0,0.0,0.1981981981981982,0.15842356048723455,0.1608444822043635,0.9576038136983439,0.43570348256240826,0.0,0.225,0.02237476136687287
115,110,99.09909909909909,111,0,111,0,0,0.0,0.614734644504187,0.607907457526342,0.13616404960100353,0.4742760383400461,0.28152823202572225,1.0501880074308434,7.72972972972973,8.176242457702756,0.3072454486727627,0.0,0.0,0.0,0.0,0.0,0,0,0,0,0,0.0,0.2072072072072072,0.16608654025803188,0.17512107193014065,0.9421187551058599,0.44140897552185815,0.0,0.19448051948051948,0.02246265262925566
116,111,100.0,111,0,111,0,0,0.0,0.616068616169506,0.6091803067160872,0.1331136692322387,0.47534452663192434,0.2841794191683959,1.0608764040920124,7.72972972972973,8.176242457702756,0.30736497365908133,0.0,0.0,0.0,0.0,0.0,0,0,0,0,0,0.0,0.21621621621621623,0.1642889734639768,0.18295833382242074,0.9543352675500426,0.439712829957038,0.0,0.19448051948051948,0.02251300358427032
117,111,100.0,111,0,111,0,0,0.0,0.6110426793495589,0.6043254409594863,0.12493429274908863,0.47600809625422197,0.2903125419847988,1.0772173474182876,7.72972972972973,8.176242457702756,0.30292132869409594,0.0,0.0,0.0,0.0,0.0,0,0,0,0,0,0.0,0.21621621621621623,0.15870501226142614,0.1923126245740981,0.9359048532107074,0.4301045519872525,0.0,0.23051948051948054,0.022515001430767945
118,111,100.0,111,0,111,0,0,0.0,0.6139127676399524,0.6072801645521303,0.12577319274418178,0.47681067910723635,0.2883543434961032,1.0941049782092545,7.72972972972973,8.176242457702756,0.3074232542829478,0.0,0.0,0.0,0.0,0.0,0,0,0,0,0,0.0,0.23423423423423423,0.16120403286518087,0.19750107989638713,0.9379761148372364,0.43656426878129345,0.0,0.2305194805194805,0.022562162432213116
119,111,100.0,111,0,111,0,0,0.0,0.6144284833235355,0.6079521321433912,0.12153855479396071,0.47759159419986336,0.28997321464911757,1.0761513330532977,7.72972972972973,8.176242457702756,0.30536978621503263,0.0,0.0,0.0,0.0,0.0,0,0,0,0,0,0.0,0.23423423423423423,0.15764002997074972,0.19598236011001147,0.9379245083125531,0.43498555299863645,0.0,0.2305194805194805,0.02259666576631202
120,111,100.0,111,0,111,0,0,0.0,0.616932607382614,0.6105344093002145,0.12072949812986937,0.4784775663741457,0.28959715880498255,1.0542701748414045,7.72972972972973,8.176242457702756,0.30731149172853,0.0,0.0,0.0,0.0,0.0,0,0,0,0,0,0.0,0.24324324324324326,0.15777318575948185,0.1948163828404321,0.9394726913074609,0.4425903974512802,0.0,0.23051948051948054,0.022645406003145966
121,111,100.0,111,0,111,0,0,0.0,0.6154157432787567,0.6089892873666853,0.11861693332733948,0.4791900329829091,0.2908434585413007,1.0641292382229408,7.72972972972973,8.176242457702756,0.3063549927345295,0.0,0.0,0.0,0.0,0.0,0,0,0,0,0,0.0,0.26126126126126126,0.15678764101842604,0.19474775186675453,0.9380477521944803,0.4406224628974884,0.0,0.23051948051948054,0.022666948181308013
122,111,100.0,111,0,111,0,0,0.0,0.6157565566631373,0.6094620025163648,0.11674806729531606,0.4798751668637274,0.29290956750731895,1.0735776583392287,7.72972972972973,8.176242457702756,0.30479076223537693,0.0,0.0,0.0,0.0,0.0,0,0,0,0,0,0.0,0.21621621621621623,0.15510912950934308,0.1986065038313716,0.9193380386540123,0.43782121191113654,0.0,0.24383116883116884,0.0226966613518577
123,111,100.0,111,0,110,1,0,0.0,0.610327082441948,0.6042312715757195,0.1077480524279839,0.48016214074207636,0.29945749636975183,1.1016402676190138,7.72972972972973,8.176242457702756,0.2996261990281286,0.1682579346076074,0.00045895175606028765,0.0,0.1682579346076074,-0.009126285197053052,0,0,0,1,0,0.0,0.22522522522522523,0.14859836263291243,0.2010342175585465,0.9326037126089012,0.432721733325387,0.0,0.23051948051948054,0.022681245820793797
124,111,100.0,111,0,110,1,0,0.0,0.6062472344087867,0.6004882536960264,0.09833037402317264,0.4801808203666781,0.30591362970741975,1.0917918562966606,7.72972972972973,8.176242457702756,0.2937202026169028,0.1899162297095144,0.0003379163443178127,0.0,0.1899162297095144,-0.0026912642956801736,0,0,0,1,0,0.0,0.22522522522522523,0.1411854620899511,0.20044735664422478,0.934909864959901,0.42204168558342375,0.0,0.26103896103896107,0.022661610226326803
125,111,100.0,111,0,111,0,0,0.0,0.6092515291470242,0.6035171969559755,0.09682772921650411,0.48039609569575403,0.3057425505297719,1.1007644129924308,7.72972972972973,8.176242457702756,0.29134433223367373,0.0,0.0,0.0,0.0,0.0,0,0,0,0,0,0.0,0.22522522522522523,0.1385349842823563,0.2024632678756089,0.9249541057927202,0.4191815515716784,0.0,0.26103896103896107,0.022685432416446424
126,110,99.09909909909909,111,1,110,0,0,0.009009009009009009,0.6078108648635143,0.6016513481785873,0.0970496770087873,0.48048968682368287,0.3043155167230158,1.1069111261098947,7.72972972972973,8.176242457702756,0.29386031226968123,0.2244307322786464,0.0004956483971737698,0.0,0.2244307322786464,-0.012191906089215498,0,1,0,0,0,0.0,0.23423423423423423,0.1405127806304633,0.21224016594413683,0.9462884566437888,0.420791864275862,0.009009009009009009,0.225,0.022682055213798055
127,110,99.09909909909909,111,0,110,1,0,0.0,0.6140695342795219,0.6079065052864715,0.10325752651484708,0.4809668128754176,0.29644267924411266,1.0937795491505475,7.72972972972973,8.176242457702756,0.2977443410646361,0.3171974674690712,0.00038025571009672174,0.0,0.3171974674690712,0.003081326750118435,0,0,0,1,0,0.0,0.22522522522522523,0.1449857365187965,0.2135292689688712,0.9352404902255653,0.427141620430792,0.0,0.2305194805194805,0.02273285405228744
128,110,99.09909909909909,111,0,111,0,0,0.0,0.6132248874828921,0.6072910155089334,0.10563582167508465,0.48136466879512235,0.29331042172283683,1.074459140163437,7.72972972972973,8.176242457702756,0.2995017094411956,0.0,0.0,0.0,0.0,0.0,0,0,0,0,0,0.0,0.22522522522522523,0.14713554341755755,0.20788184899486342,0.9445512985808021,0.4332476709165949,0.0,0.19448051948051948,0.022744895650617984
129,110,99.09909909909909,111,0,109,2,0,0.0,0.6141438179493416,0.6083445200397581,0.1017410092420799,0.48179890471799436,0.29529689613556426,1.0937995395851765,7.72972972972973,8.176242457702756,0.2954811845669503,0.2232686362280871,0.00038108313682183646,0.0,0.2232686362280871,0.003655521646554527,0,0,0,2,0,0.0,0.24324324324324326,0.14285858378987104,0.21799715220366755,0.9425337394017245,0.4266574210069207,0.0,0.24383116883116882,0.022767242393896457
130,109,98.1981981981982,111,1,109,1,0,0.009009009009009009,0.6243706481494753,0.6196787648177273,0.10654724195221317,0.48285355468755997,0.29642554675609956,1.082958355847288,7.72972972972973,8.176242457702756,0.29692018559873645,0.22192680379341623,0.0003734382793132223,0.0,0.22192680379341623,0.003672994430486909,0,1,0,1,0,0.0,0.22522522522522523,0.1439357313677735,0.2220938152189655,0.9318369237690335,0.43042583600487305,0.009009009009009009,0.26168831168831175,0.022861491914193018
131,109,98.1981981981982,111,1,104,5,1,0.009009009009009009,0.6253020778201832,0.6200019716318047,0.10412196584507175,0.4839747756280745,0.30195325769467235,1.09919333839554,7.72972972972973,8.176242457702756,0.2946299669668686,0.35656090737552715,0.0006753724203185183,0.0,0.35656090737552715,0.0003369602591153772,0,2,0,5,0,0.0,0.21621621621621623,0.14126777864261533,0.21848853226394888,0.9212071251350797,0.43102004071793204,0.009009009009009009,0.27987012987012994,0.022911985933838058
132,108,97.29729729729729,111,1,108,2,0,0.009009009009009009,0.6249320547308492,0.619424822826139,0.10379496031480791,0.4849337061699834,0.30228335404792145,1.117939730229932,7.72972972972973,8.176242457702756,0.29423593860097497,0.21233086217926614,0.0004496581633937722,0.0,0.21233086217926614,-0.0016463030365121052,0,1,0,2,0,0.0,0.21621621621621623,0.14108615988902828,0.22341683805762644,0.9115121011218222,0.42763025681039374,0.009009009009009009,0.26168831168831175,0.022949338061445102
133,108,97.29729729729729,111,0,110,1,0,0.0,0.6272583737087187,0.6217139045905788,0.10507615694712816,0.4859506195804629,0.30086776891008904,1.1190133540512266,7.72972972972973,8.176242457702756,0.29211317627673905,0.04901136879428156,0.0003299404074198834,0.0,0.04901136879428156,-0.011840630617596548,0,0,0,1,0,1.0,0.2072072072072072,0.1396817878618904,0.20202900995753942,0.9081939367659666,0.4311598965000217,0.0,0.29772727272727273,0.0230025423093473
134,107,96.3963963963964,111,1,110,0,0,0.009009009009009009,0.6273093052314751,0.6211095005422795,0.10092796743974869,0.4868875411075431,0.30679059944740467,1.1297705051363658,7.72972972972973,8.176242457702756,0.28781515467940166,0.3892436082122597,0.0004719408628267002,0.0,0.3892436082122597,0.006603439918094811,0,1,0,0,0,0.0,0.2072072072072072,0.1352213239373253,0.20514123124099923,0.8598966689549585,0.4184129664218086,0.009009009009009009,0.29772727272727273,0.023041099454807326
135,108,97.29729729729729,111,0,111,0,0,0.0,0.6217518530446244,0.6156026498811129,0.09523642490642432,0.48734496743450145,0.30928031233884756,1.1287764699452634,7.72972972972973,8.176242457702756,0.2848135481741396,0.0,0.0,0.0,0.0,0.0,0,0,0,0,0,0.0,0.23423423423423423,0.13169674780539697,0.21263961330519912,0.8833699591072535,0.41341479398652486,0.0,0.29772727272727273,0.023032012336651815
136,109,98.1981981981982,111,0,111,0,0,0.0,0.6200430759775588,0.6139342271184284,0.09637893018634552,0.487655862043665,0.3092537142599088,1.1314133442330043,7.72972972972973,8.176242457702756,0.2841995944287905,0.0,0.0,0.0,0.0,0.0,0,0,0,0,0,0.0,0.23423423423423423,0.13186067424379422,0.19423481964747408,0.8783948419861299,0.41379788269497614,0.0,0.29772727272727273,0.023036178199833054
137,110,99.09909909909909,111,0,111,0,0,0.0,0.6202835893305534,0.6143576189539444,0.10033801620110241,0.4879690311902098,0.3089835886501281,1.1281936281728355,7.72972972972973,8.176242457702756,0.2851294097794972,0.0,0.0,0.0,0.0,0.0,0,0,0,0,0,0.0,0.23423423423423423,0.1338363550730078,0.17027529904930197,0.8626355545243307,0.419068309343699,0.0,0.29772727272727273,0.023050183500960136
138,110,99.09909909909909,111,0,111,0,0,0.0,0.6176072880353053,0.6114337543401486,0.09526663253230391,0.48806534506006327,0.3102877031380758,1.1305601958761198,7.72972972972973,8.176242457702756,0.28442255261463956,0.0,0.0,0.0,0.0,0.0,0,0,0,0,0,0.0,0.25225225225225223,0.13204380075042782,0.1964703480670292,0.8584195576065655,0.4132326142330422,0.0,0.33376623376623377,0.023040739422243703
139,111,100.0,111,0,110,1,0,0.0,0.6185181795873891,0.6121862560597487,0.09850464923818995,0.48820300516647136,0.3114607154022592,1.1116680681623328,7.72972972972973,8.176242457702756,0.2848654237298134,0.11304270493508692,0.0003188918695994519,0.0,0.11304270493508692,-0.012056245118373388,0,0,0,1,0,0.0,0.25225225225225223,0.13376693812006465,0.18682956887549274,0.8753773901672681,0.4149680016064198,0.0,0.29772727272727273,0.02305092159203785
140,111,100.0,111,0,111,0,0,0.0,0.612889242543034,0.6066135199858783,0.0914775284608236,0.48796489751847,0.31500195932564656,1.135031311909128,7.72972972972973,8.176242457702756,0.2839955514436212,0.0,0.0,0.0,0.0,0.0,0,0,0,0,0,0.0,0.24324324324324326,0.1312339232754514,0.2183542697497435,0.8763027558696347,0.40536265224628454,0.0,0.26655844155844155,0.023013042777510616
141,111,100.0,111,0,110,1,0,0.0,0.6135006393143408,0.6071243289774735,0.08605947817932709,0.48777967011439843,0.31218590889912845,1.1227281191887781,7.72972972972973,8.176242457702756,0.2800801632940473,0.11916153687692517,0.00043227850818076637,0.0,0.11916153687692517,-0.011995975494991706,0,0,0,1,0,0.0,0.21621621621621623,0.12627169565591007,0.22560468173208756,0.9150066736380151,0.3996041518673774,0.0,0.26168831168831175,0.023008527440539647
142,111,100.0,111,0,111,0,0,0.0,0.6152571153718344,0.6091109501629269,0.09043580435379389,0.48773953212385285,0.30623824660954324,1.106551834396552,7.72972972972973,8.176242457702756,0.28331520005579636,0.0,0.0,0.0,0.0,0.0,0,0,0,0,0,0.0,0.22522522522522523,0.12955796116175117,0.20130835555373366,0.8944861932677555,0.4102413055059376,0.0,0.29772727272727273,0.02301566893111479
143,111,100.0,111,0,111,0,0,0.0,0.6161704891558623,0.6101810080127912,0.09031816030482516,0.487772668332126,0.30974367244098244,1.1156660015614732,7.72972972972973,8.176242457702756,0.2814540504947829,0.0,0.0,0.0,0.0,0.0,0,0,0,0,0,0.0,0.23423423423423423,0.12799186837023072,0.19360312777404792,0.8833699591072535,0.40897535681457287,0.0,0.29772727272727273,0.023021590448399777
144,111,100.0,111,0,111,0,0,0.0,0.6164187150446306,0.6106238210238184,0.09122240761086588,0.4878320596160021,0.30745176778152195,1.1160215046138093,7.72972972972973,8.176242457702756,0.28134029189270837,0.0,0.0,0.0,0.0,0.0,0,0,0,0,0,0.0,0.21621621621621623,0.12811642282605862,0.17878354777618793,0.8985472193600386,0.41234780570601187,0.0,0.29772727272727273,0.023025259565527846
145,111,100.0,111,0,110,1,0,0.0,0.6153836133196294,0.60945426298867,0.09093149898752814,0.48781009420400007,0.3076334851175748,1.1040233961961852,7.72972972972973,8.176242457702756,0.28153925449329265,0.12712088009506237,0.000238165144309089,0.0,0.12712088009506237,-0.007529221181976187,0,0,0,1,0,0.0,0.22522522522522523,0.12819451897522913,0.19617836059510574,0.9043625644389188,0.4089424140570339,0.0,0.26655844155844155,0.023019186084231782
146,111,100.0,111,0,110,1,0,0.0,0.6115138173423234,0.6058875036288388,0.08869560282362741,0.48755662322282595,0.3056046304543469,1.1057568259574053,7.72972972972973,8.176242457702756,0.2786126619909197,0.1295458531401086,0.00024383253981688594,0.0,0.1295458531401086,-0.0066297562241028896,0,0,0,1,0,0.0,0.22522522522522523,0.1256477390287906,0.18837319537916822,0.9298206400434166,0.40843240413645,0.0,0.26103896103896107,0.022989474903354894
147,111,100.0,111,0,110,1,0,0.0,0.6140355395746723,0.6084030585902456,0.09237914971938899,0.48748841894187367,0.3015757882551523,1.0924949847291952,7.72972972972973,8.176242457702756,0.2798743735877396,0.22510179104355707,0.0005854539801212426,0.0,0.22510179104355707,-0.015824322572950134,0,0,0,1,0,0.0,0.22522522522522523,0.12778354282814186,0.18042382429944764,0.932696518359557,0.41464821491574855,0.0,0.225,0.02299929524082804
148,111,100.0,111,0,110,1,0,0.0,0.613651218840609,0.6081024941342078,0.08914199044248908,0.48740613130536464,0.3021238575645535,1.096841916082148,7.72972972972973,8.176242457702756,0.27801899790247253,0.06438336510420059,0.00023782777171557442,0.0,0.06438336510420059,-0.001822926659662688,0,0,0,1,0,0.0,0.23423423423423423,0.12578043051551194,0.20554040784285552,0.9265604562147165,0.40591431263589417,0.0,0.22564935064935066,0.022994009618820883
149,111,100.0,111,0,110,1,0,0.0,0.6133032170847135,0.6078174690405646,0.09114876624827797,0.4873119282313522,0.29857669015244687,1.0884312244044725,7.72972972972973,8.176242457702756,0.27954241705529004,0.061916652138491596,0.00038163495681491576,0.0,0.061916652138491596,-0.012847393634972504,0,0,0,1,0,0.0,0.24324324324324326,0.12728440284849,0.1861415876212201,0.9306251958660328,0.41135625795508196,0.0,0.26103896103896107,0.022988418474174467
150,110,99.09909909909909,111,1,110,0,0,0.009009009009009009,0.611129002827753,0.6057413303093231,0.09112331492285584,0.4870874886403756,0.3018099677061699,1.09920586436508,7.72972972972973,8.176242457702756,0.28038491907141494,0.06883449015095122,0.00027057373594927084,0.0,0.06883449015095122,-0.010564610473061342,0,1,0,0,0,0.0,0.23423423423423423,0.12827848029775427,0.18850420496840486,0.9312103889997252,0.41490050087708774,0.009009009009009009,0.23831168831168834,0.022968372040325005
151,110,99.09909909909909,111,0,111,0,0,0.0,0.6124774635102481,0.6068858032424106,0.09335944787224734,0.48695839835958427,0.2995609734726312,1.0924731765045224,7.72972972972973,8.176242457702756,0.28296146419154455,0.0,0.0,0.0,0.0,0.0,0,0,0,0,0,0.0,0.22522522522522523,0.1306967040271497,0.18741725428312328,0.9333529386162986,0.41838915039188695,0.0,0.26103896103896107,0.02296983697656407
152,110,99.09909909909909,111,0,111,0,0,0.0,0.6080923293881997,0.602528332428553,0.08991723973478233,0.48655484091012796,0.3024314139347201,1.1109178689709633,7.72972972972973,8.176242457702756,0.28067333569784414,0.0,0.0,0.0,0.0,0.0,0,0,0,0,0,0.0,0.23423423423423423,0.12832837643567177,0.1850161374725533,0.9240424520389566,0.4171064936208905,0.0,0.26103896103896107,0.02293141338819199
153,110,99.09909909909909,111,0,111,0,0,0.0,0.6069426918639409,0.6016662436413741,0.08800231002749409,0.48612789012064306,0.30371676112899965,1.1141545225624687,7.72972972972973,8.176242457702756,0.27753469893107563,0.0,0.0,0.0,0.0,0.0,0,0,0,0,0,0.0,0.23423423423423423,0.1256017039501222,0.1691079545201189,0.935702233957783,0.41610738742970194,0.0,0.23831168831168834,0.022908210934709017
154,110,99.09909909909909,111,0,111,0,0,0.0,0.6074254108239977,0.6020442456664535,0.09075757102529383,0.4857605729525339,0.298006055084711,1.0970873794415499,7.72972972972973,8.176242457702756,0.28093448603388604,0.0,0.0,0.0,0.0,0.0,0,0,0,0,0,0.0,0.24324324324324326,0.12828390065720038,0.1547850136251975,0.9228789220907658,0.42491883041619777,0.0,0.27435064935064934,0.02289560815838261
155,111,100.0,111,0,111,0,0,0.0,0.6086868701551623,0.6032479097718844,0.09493775131259574,0.4855020201231873,0.2974759940613578,1.0817970756746724,7.72972972972973,8.176242457702756,0.2840031012057589,0.0,0.0,0.0,0.0,0.0,0,0,0,0,0,0.0,0.25225225225225223,0.13174412400334568,0.14603307194897225,0.9312103889997252,0.432319694619578,0.0,0.23831168831168834,0.022891345501934123
156,111,100.0,111,0,111,0,0,0.0,0.6083120917091489,0.6029337709077237,0.09979935049359873,0.4852440593958991,0.29866014476051145,1.0825794661499375,7.72972972972973,8.176242457702756,0.28432920472697587,0.0,0.0,0.0,0.0,0.0,0,0,0,0,0,0.0,0.25225225225225223,0.13428604978963987,0.11643581352794877,0.9207947722628798,0.4372998352765198,0.0,0.26103896103896107,0.022878925862449686
157,111,100.0,111,0,111,0,0,0.0,0.6050195157687895,0.5995762847893118,0.09747009402330808,0.4847875771986997,0.29403479011878125,1.0724153077188407,7.72972972972973,8.176242457702756,0.2850718438667641,0.0,0.0,0.0,0.0,0.0,0,0,0,0,0,0.0,0.25225225225225223,0.13411993343599374,0.11912652270643115,0.9113582936235703,0.43798895464838417,0.0,0.23831168831168834,0.022843801437138253
158,111,100.0,111,0,111,0,0,0.0,0.6085736764140034,0.6033984768712649,0.10207828498476779,0.4846184274461751,0.2891437972415355,1.0664800621065549,7.72972972972973,8.176242457702756,0.2877210022768,0.0,0.0,0.0,0.0,0.0,0,0,0,0,0,0.0,0.25225225225225223,0.13706400117154255,0.10733003774241433,0.922678893830434,0.4452786899187199,0.0,0.24383116883116887,0.022854657193422813
159,110,99.09909909909909,111,1,110,0,0,0.009009009009009009,0.6103750203776626,0.6040602211420865,0.09896051075696884,0.4845874737397817,0.2925302458649285,1.0656305965403865,7.72972972972973,8.176242457702756,0.2852243386158264,0.375461881589937,0.0005875427104410297,0.0,0.375461881589937,0.003308619638961452,0,1,0,0,0,0.0,0.21621621621621623,0.1341450598173396,0.09370968434723607,0.918281115720976,0.4391186569875432,0.009009009009009009,0.2970779220779221,0.022862398488198928
160,110,99.09909909909909,111,0,111,0,0,0.0,0.6093923539796287,0.6033488717933844,0.09381798512753665,0.4844314402660736,0.29593461940011123,1.068188213807583,7.72972972972973,8.176242457702756,0.2800763600874894,0.0,0.0,0.0,0.0,0.0,0,0,0,0,0,0.0,0.22522522522522523,0.12856960137882262,0.08399107687563549,0.918281115720976,0.43178223399107124,0.0,0.2970779220779221,0.02285110631864598
161,110,99.09909909909909,111,0,110,1,0,0.0,0.6116489417405853,0.6058295402891393,0.09625332452325591,0.48445042484411865,0.2961956084729156,1.063074729337361,7.72972972972973,8.176242457702756,0.28373852723791315,0.3220031504976213,0.0003930959085076479,0.0,0.3220031504976213,0.007623710722196975,0,0,0,1,0,0.0,0.22522522522522523,0.13109088895864968,0.07730657832397256,0.9212588576941674,0.4399306697516716,0.0,0.29707792207792205,0.022863165370016033
162,110,99.09909909909909,111,0,111,0,0,0.0,0.6106380507326197,0.6050116585112816,0.09177277861722696,0.48441435959929335,0.2993969111116167,1.0701641488566946,7.72972972972973,8.176242457702756,0.2807838807169172,0.0,0.0,0.0,0.0,0.0,0,0,0,0,0,0.0,0.22522522522522523,0.12711431010689433,0.07530428046976051,0.9334921661635532,0.4339112519039385,0.0,0.23831168831168834,0.022856636524046264
163,110,99.09909909909909,111,0,109,2,0,0.0,0.616108945866383,0.6104605408213306,0.09608189922729996,0.4847376541994513,0.2944043169511513,1.0758162667239581,7.72972972972973,8.176242457702756,0.2820236935967586,0.16612583550169502,0.00029686275579412136,0.0,0.16612583550169502,-0.0022606329943434395,0,0,0,2,0,0.0,0.23423423423423423,0.12889576306139186,0.07858478692129849,0.9320034904317884,0.4358473561865972,0.0,0.27435064935064934,0.022897207674895868
164,110,99.09909909909909,111,1,108,2,0,0.009009009009009009,0.620803204485611,0.6142081400240779,0.09770171340306802,0.48534783939487663,0.29595678119868113,1.0785990593689798,7.72972972972973,8.176242457702756,0.2816106225987345,0.17856942449521798,0.0003240624352588627,0.0,0.17856942449521798,-0.0008553859535582187,0,1,0,2,0,0.0,0.23423423423423423,0.12887557537799765,0.07893528974023592,0.9362270677399144,0.4380288504563356,0.009009009009009009,0.27435064935064934,0.022945624078501498
165,110,99.09909909909909,111,0,109,2,0,0.0,0.6186962213775095,0.6120387802451378,0.09529272496928082,0.485698042969137,0.29716190146054355,1.0842059378186606,7.72972972972973,8.176242457702756,0.2823238730577806,0.1792304700395586,0.00043588817153646846,0.0,0.1792304700395586,-0.00453444117307239,0,0,0,2,0,0.0,0.25225225225225223,0.12834329994073318,0.08819795040577358,0.9229620742601391,0.43697544181406345,0.0,0.27435064935064934,0.022949405909624524
166,110,99.09909909909909,111,0,110,1,0,0.0,0.622871765419436,0.6161358298219749,0.09794026796915817,0.48628760081568184,0.2966887661722485,1.0827154697828283,7.72972972972973,8.176242457702756,0.28417971746737325,0.07613993871746132,0.0003143476736166428,0.0,0.07613993871746132,-0.010982614875003904,0,0,0,1,0,0.0,0.25225225225225223,0.12997707991560223,0.0908691108580073,0.9416287235587191,0.4404919230039396,0.0,0.26103896103896107,0.022994385469315117
167,110,99.09909909909909,111,0,110,1,0,0.0,0.6254643506317387,0.6185745968372717,0.1007049852042807,0.48698847458658406,0.2967929102173428,1.0728063857562913,7.72972972972973,8.176242457702756,0.2863611187419506,0.07737641556793479,0.00033276778182132804,0.0,0.07737641556793479,-0.012206501594480224,0,0,0,1,0,0.0,0.22522522522522523,0.13224047671128816,0.09451222111411674,0.9265978969116131,0.44347693617112455,0.0,0.27435064935064934,0.023036000964792337
168,109,98.1981981981982,111,1,109,1,0,0.009009009009009009,0.6201073213806898,0.6133385309532995,0.09589926308155913,0.4872981407850474,0.29931045206403695,1.099405803316452,7.72972972972973,8.176242457702756,0.282086655568077,0.1769852402646722,0.0004571604787518373,0.0,0.1769852402646722,-0.0054898793722925054,0,1,0,1,0,0.0,0.23423423423423423,0.12849857247295304,0.1080788685754125,0.9325664325304399,0.43408048846995717,0.009009009009009009,0.27435064935064934,0.02302187534813505
169,110,99.09909909909909,111,0,110,1,0,0.0,0.619224392856161,0.6123540860241554,0.09884063262091237,0.487509507120972,0.29467472686270396,1.0899640637471977,7.72972972972973,8.176242457702756,0.2878320467538267,0.0859162737038659,0.0003107228227483658,0.0,0.0859162737038659,-0.009447219889941016,0,0,0,1,0,0.0,0.23423423423423423,0.13291214145933963,0.11982386978877983,0.9310446329611983,0.44011953344171606,0.0,0.27922077922077926,0.023026101617561984
170,109,98.1981981981982,111,1,109,1,0,0.009009009009009009,0.6217969663460445,0.6155859231460721,0.09996374822098424,0.48786746592574454,0.2973468660154051,1.0909516112612496,7.72972972972973,8.176242457702756,0.2889597860538242,0.15951109941362382,0.00033059577669813836,0.0,0.15951109941362382,-0.0041188645889851105,0,1,0,1,0,0.0,0.22522522522522523,0.1340580822839797,0.15055813208163316,0.9250170696548592,0.43674218115250263,0.009009009009009009,0.27435064935064934,0.023053598274899847
171,109,98.1981981981982,111,0,110,1,0,0.0,0.6211342271775552,0.6148751137347427,0.10030474671870153,0.4881971831282278,0.29990747446248806,1.093774862436472,7.72972972972973,8.176242457702756,0.2880177768473604,0.11943172254428805,0.00029977494407501586,0.0,0.11943172254428805,-0.006784533483931154,0,0,0,1,0,0.0,0.23423423423423423,0.13358324316016482,0.15211001583735365,0.9140860232675068,0.43477375976183946,0.0,0.31525974025974035,0.023063763818007295
172,109,98.1981981981982,111,0,110,1,0,0.0,0.6185961860867437,0.6121653734480649,0.09677515731506683,0.4883226979041611,0.30394150800929975,1.094655329863413,7.72972972972973,8.176242457702756,0.28490411235733437,0.12066111044866734,0.0003215185659347664,0.0,0.12066111044866734,-0.0054243912281735085,0,0,0,1,0,0.0,0.2702702702702703,0.13114674513228045,0.1724896117533633,0.9138070494684989,0.42706015989238894,0.0,0.31525974025974035,0.023056204808753512
173,110,99.09909909909909,111,0,110,1,0,0.0,0.6183362237352628,0.6118149059912293,0.0964671670623847,0.4884150262324887,0.3031582150875635,1.0810998143755504,7.72972972972973,8.176242457702756,0.2855175708030526,0.07252421688864871,0.0003575460894884016,0.0,0.07252421688864871,-0.012717308703304508,0,0,0,1,0,0.0,0.2702702702702703,0.13181138307721108,0.1875158274184139,0.9134470164716091,0.4256880276930827,0.0,0.27922077922077926,0.023058679490986715
174,110,99.09909909909909,111,0,110,1,0,0.0,0.6218237038553306,0.6149116392726256,0.09992772181977608,0.4887023627099195,0.3028144923093711,1.0662078363561598,7.72972972972973,8.176242457702756,0.2884127716928071,0.12203555698953003,0.0003274384328101638,0.0,0.12203555698953003,-0.004068807277234243,0,0,0,1,0,0.0,0.25225225225225223,0.13514740757842827,0.21125093191205366,0.9175599144533879,0.4253162515623747,0.0,0.27922077922077926,0.023087863555119135
175,111,100.0,111,0,110,1,0,0.0,0.6252893288794541,0.6182190771273943,0.10312385049214923,0.4891825451708011,0.3001596919846647,1.0718929830334718,7.72972972972973,8.176242457702756,0.2919224398006348,0.12320585218179014,0.0003128189190329134,0.0,0.12320585218179014,-0.004351633372102037,0,0,0,1,0,0.0,0.25225225225225223,0.13801654356849555,0.20855654455481093,0.9075764178921462,0.4313758816248736,0.0,0.31525974025974035,0.023124822121360272
176,111,100.0,111,0,110,1,0,0.0,0.6252352276498133,0.6182172741378577,0.10807962200280896,0.4896233488160048,0.29553481168302237,1.0581173484785138,7.72972972972973,8.176242457702756,0.2970149977335428,0.06566349038453698,0.0003248424043134064,0.0,0.06566349038453698,-0.014226840579999511,0,0,0,1,0,0.0,0.24324324324324326,0.14309392818494415,0.19935039747728592,0.9197737144280125,0.4410584299656825,0.0,0.27922077922077926,0.02314257220260919
177,111,100.0,111,0,110,1,0,0.0,0.6298382996065479,0.6228359492142097,0.11134690990911625,0.49033021854447506,0.28933965927980404,1.0221448025622952,7.72972972972973,8.176242457702756,0.30077931719695106,0.07758429430640337,0.0003399261361747979,0.0,0.07758429430640337,-0.014162790031491679,0,0,0,1,0,0.0,0.25225225225225223,0.14583108583259813,0.19433679614424162,0.9162415183952209,0.4488045947456373,0.0,0.3152597402597403,0.023194485253822783
178,111,100.0,111,0,110,1,0,0.0,0.6284907564103019,0.6217444221201206,0.11287214469285956,0.4909078961687222,0.2902910631445562,1.0379697635566096,7.72972972972973,8.176242457702756,0.29977367863479953,0.12473986164056887,0.00026376458122576976,0.0,0.12473986164056887,-0.007960656960848383,0,0,0,1,0,0.0,0.24324324324324326,0.14592448181640383,0.18658012293022613,0.9415539655414161,0.446916200004961,0.0,0.2431818181818182,0.023211363699432726
179,111,100.0,111,0,110,1,0,0.0,0.6242529850897098,0.6176106541338527,0.10939908227824993,0.49116795195522994,0.2894972558519351,1.0321040267034383,7.72972972972973,8.176242457702756,0.29651924273649444,0.12050365447026197,0.0002859178839296747,0.0,0.12050365447026197,-0.008515578143758112,0,0,0,1,0,0.0,0.27927927927927926,0.14264755331441853,0.176585915468275,0.9259806250315554,0.44457094796930213,0.0,0.27922077922077926,0.023200806238644844
180,111,100.0,111,0,110,1,0,0.0,0.6236019543027935,0.6168453112353,0.10844062196426595,0.49135668391729287,0.29027455964069804,1.0507261178183436,7.72972972972973,8.176242457702756,0.29591153777481494,0.07367931758141957,0.00032036689074785036,0.0,0.07367931758141957,-0.013409405144353848,0,0,0,1,0,0.0,0.26126126126126126,0.14194792101495587,0.1635407429669611,0.9184527183951284,0.4449378938146818,0.0,0.27922077922077926,0.023205266676116984
181,111,100.0,111,0,110,1,0,0.0,0.6226457457213241,0.6158983429364714,0.11010587060682511,0.4914680435572545,0.2904895373187197,1.0568781910720273,7.72972972972973,8.176242457702756,0.29480332859526026,0.11496918278233424,0.0002977774070258845,0.0,0.11496918278233424,-0.006709996389693107,0,0,0,1,0,0.0,0.25225225225225223,0.14272157424486506,0.1630238018333947,0.9314420246905422,0.44514654283188976,0.0,0.2483766233766234,0.02320503815029128
182,111,100.0,111,0,109,2,0,0.0,0.620821010205431,0.6141466394410582,0.10422697234213396,0.49145571934311266,0.29123524127291395,1.071151788687421,7.72972972972973,8.176242457702756,0.28962758195987814,0.08474244102995108,0.00030681832707276936,0.0,0.08474244102995108,-0.00823030419761056,0,0,0,2,0,0.0,0.23423423423423423,0.1374682302654592,0.16268887009192243,0.9126228630222784,0.4391633251254448,0.0,0.27922077922077926,0.023195410643897192
183,111,100.0,111,0,109,2,0,0.0,0.6281525862548711,0.6214303522704693,0.10113701702555646,0.49192083000328457,0.2926866704392848,1.080193358941897,7.72972972972973,8.176242457702756,0.2859693242666015,0.07731457282497729,0.00030434457853624036,0.0,0.07731457282497729,-0.0069374454960927645,0,0,0,2,0,0.5,0.21621621621621623,0.132939774626876,0.17683160350375116,0.9260134533230531,0.42977198382385084,0.0,0.2483766233766234,0.02325108281178053
184,111,100.0,111,0,109,2,0,0.0,0.6337978306382831,0.6271926717780402,0.10447644623134886,0.4927248250594853,0.2937118245777117,1.0844150524915983,7.72972972972973,8.176242457702756,0.2866771535548187,0.07933305357081968,0.000311408398310486,0.0,0.07933305357081968,-0.006554460609177443,0,0,0,2,0,0.0,0.21621621621621623,0.13395622232369422,0.1728260407826291,0.9126440493723683,0.43166572763501265,0.0,0.28441558441558445,0.02331217732626905
185,111,100.0,111,0,109,2,0,0.0,0.6322198357250279,0.6256276965239871,0.10217097614541762,0.49336071859360364,0.300466389771157,1.1013054430232911,7.72972972972973,8.176242457702756,0.284047492101964,0.07539900530500658,0.00033009195251359027,0.0,0.07539900530500658,-0.008282302994024437,0,0,0,2,0,0.5,0.21621621621621623,0.1317921382139694,0.17329002553982675,0.9048247076323637,0.4275347207875117,0.0,0.28441558441558445,0.02333028345026396
186,110,99.09909909909909,111,1,109,1,0,0.009009009009009009,0.6298834771064783,0.6217579539725817,0.09928507201893888,0.4938041811076231,0.3060988575648592,1.1343438938376944,7.72972972972973,8.176242457702756,0.2822184030045367,0.071984795165281,0.0003605570589006687,0.0,0.071984795165281,-0.009469603678358945,0,1,0,1,0,0.5,0.23423423423423423,0.1310902898020558,0.1979063244161854,0.9170523453511509,0.4205367838786407,0.009009009009009009,0.28441558441558445,0.023336730942348838
187,110,99.09909909909909,111,0,111,0,0,0.0,0.6296451631418595,0.6213576066347036,0.10390723379401959,0.49407251755225606,0.30327056473223324,1.1224581264339428,7.72972972972973,8.176242457702756,0.28791043202222744,0.0,0.0,0.0,0.0,0.0,0,0,0,0,0,0.0,0.24324324324324326,0.1361516584100614,0.19332317839903346,0.9230904213653559,0.4295354320502144,0.0,0.27954545454545454,0.02334650929168353
188,110,99.09909909909909,111,0,109,2,0,0.0,0.6389585927910533,0.6303606035250113,0.11621008873832363,0.49490779964194215,0.2959635973543663,1.1101218861575528,7.72972972972973,8.176242457702756,0.29571062588789676,0.10182615638982093,0.0003432642679855669,0.0,0.10182615638982093,-0.006396243651290517,0,0,0,2,0,0.5,0.23423423423423423,0.14496706606045506,0.17625447684279238,0.9238849709451781,0.4435373849229314,0.0,0.31558441558441563,0.02342722378435875
189,109,98.1981981981982,111,1,110,0,0,0.009009009009009009,0.6357300945042436,0.6267869712830382,0.11652044922227695,0.4954542544743202,0.29680801148568114,1.1046021916154651,7.72972972972973,8.176242457702756,0.29794054976339357,0.03274949230399442,0.0002906106897292074,0.0,0.03274949230399442,-0.0126464306087809,0,1,0,0,0,1.0,0.22522522522522523,0.14709401125423946,0.18039386634995566,0.9432737966390552,0.44335853374080936,0.009009009009009009,0.22532467532467534,0.02343342102893323
190,109,98.1981981981982,111,0,111,0,0,0.0,0.6352850515624148,0.6264204926636561,0.11186340259530586,0.4959188399894295,0.2988686381823183,1.1056205859300205,7.72972972972973,8.176242457702756,0.2952005335557213,0.0,0.0,0.0,0.0,0.0,0,0,0,0,0,0.0,0.24324324324324326,0.14324572564207338,0.18767665582985335,0.9214771826405821,0.43721120141326686,0.0,0.26136363636363635,0.02345018863329344
191,110,99.09909909909909,111,0,110,1,0,0.0,0.6356693658821989,0.6266096372626699,0.11289533553170208,0.4963578118032088,0.3030855813751957,1.1201294496523253,7.72972972972973,8.176242457702756,0.295788197599981,0.040637587547413076,0.00032465938368343955,0.0,0.040637587547413076,-0.010216108735678131,0,0,0,1,0,1.0,0.24324324324324326,0.1440193300531527,0.19068434686366303,0.8905205793515258,0.4394688335701315,0.0,0.29707792207792216,0.023470055904800145
192,110,99.09909909909909,111,0,111,0,0,0.0,0.6345824261090502,0.6255581087851589,0.1115971199641631,0.4966921118029062,0.29246759586084087,1.0919452955615916,7.72972972972973,8.176242457702756,0.2966047980491686,0.0,0.0,0.0,0.0,0.0,0,0,0,0,0,0.0,0.25225225225225223,0.14366088270348507,0.18388786783808023,0.897441100026597,0.44188623463641336,0.0,0.29707792207792216,0.02347828779519008
193,110,99.09909909909909,111,0,111,0,0,0.0,0.6315523834879114,0.6225920533477873,0.11294536106508533,0.49680506911690064,0.2937356555379222,1.0967625582265972,7.72972972972973,8.176242457702756,0.2977565263835782,0.0,0.0,0.0,0.0,0.0,0,0,0,0,0,0.0,0.25225225225225223,0.14554189824726413,0.17422767849891674,0.9354138614551959,0.4470532511647948,0.0,0.26103896103896107,0.023467755414017334
194,111,100.0,111,0,111,0,0,0.0,0.6294731059534471,0.6205953812482572,0.11008231373491457,0.4967781885654749,0.29721306742336384,1.1016488127862034,7.72972972972973,8.176242457702756,0.2969146360807269,0.0,0.0,0.0,0.0,0.0,0,0,0,0,0,0.0,0.22522522522522523,0.14419256670915598,0.177788520729049,0.9410138533496152,0.445419001636791,0.0,0.26103896103896107,0.023456260116815744
195,111,100.0,111,0,111,0,0,0.0,0.6305133600074858,0.621795514804637,0.11169814724078295,0.49683200649661646,0.29161195259423317,1.0937577150408937,7.72972972972973,8.176242457702756,0.29747267827455004,0.0,0.0,0.0,0.0,0.0,0,0,0,0,0,0.0,0.21621621621621623,0.1448572001593478,0.16191787187236997,0.9428653934970666,0.4495923521407444,0.0,0.2301948051948052,0.023463661529353863
196,111,100.0,111,0,111,0,0,0.0,0.6337687331211348,0.6250975830462954,0.10855764075349947,0.49709741222766757,0.28830362790135067,1.085522392713272,7.72972972972973,8.176242457702756,0.29532061204537974,0.0,0.0,0.0,0.0,0.0,0,0,0,0,0,0.0,0.22522522522522523,0.14127994187786957,0.14841297680688012,0.9086068018292975,0.4493031269433347,0.0,0.29220779220779225,0.0234907885029558
197,111,100.0,111,0,111,0,0,0.0,0.6361952642043281,0.6275260416517402,0.11024754947149384,0.49749996307350414,0.29078394373637795,1.0957550671137788,7.72972972972973,8.176242457702756,0.2938379436623,0.0,0.0,0.0,0.0,0.0,0,0,0,0,0,0.0,0.18018018018018017,0.14109911614602694,0.15209118106726646,0.9261932730987761,0.44416411954239193,0.0,0.25616883116883116,0.02351937792495733
198,111,100.0,111,0,111,0,0,0.0,0.6464315453359315,0.6375272703304856,0.11427869296503802,0.4985237801505885,0.2898416921967704,1.094910323244229,7.72972972972973,8.176242457702756,0.294758107024216,0.0,0.0,0.0,0.0,0.0,0,0,0,0,0,0.0,0.2072072072072072,0.14187675539506248,0.1449237171196515,0.9394935433451712,0.4470004615630616,0.0,0.22012987012987012,0.02361241421388824
199,111,100.0,111,0,111,0,0,0.0,0.6465788185669592,0.6376706068264291,0.11208107263035787,0.499473263092678,0.29862989555190733,1.1139134508193032,7.72972972972973,8.176242457702756,0.29253043008141555,0.0,0.0,0.0,0.0,0.0,0,0,0,0,0,0.0,0.2072072072072072,0.13960574772564466,0.15227349807358953,0.936696277973901,0.44476367849120013,0.0,0.25616883116883116,0.02365196659376326
200,111,100.0,111,0,111,0,0,0.0,0.6445160026690702,0.6357989969583083,0.11172791318908228,0.5002226921187838,0.2947861731199587,1.1090793018889031,7.72972972972973,8.176242457702756,0.2935571322762447,0.0,0.0,0.0,0.0,0.0,0,0,0,0,0,0.0,0.2072072072072072,0.14019038123445682,0.14683441080742313,0.9505708976707699,0.4459195893468582,0.0,0.18928571428571428,0.023672290081385224
201,111,100.0,111,0,111,0,0,0.0,0.6420676603461963,0.6331970224215856,0.11110126305791158,0.5007406510132186,0.3001828683169704,1.1163519907445114,7.72972972972973,8.176242457702756,0.29578197501369563,0.0,0.0,0.0,0.0,0.0,0,0,0,0,0,0.0,0.21621621621621623,0.1417992955391262,0.1603906224150975,0.9352222281880515,0.44844788877068276,0.0,0.22012987012987012,0.023681223157290966
202,111,100.0,111,0,111,0,0,0.0,0.6422642592181116,0.6337255721423946,0.1082262414499195,0.5012508327379597,0.2998242260739311,1.1128092513956078,7.72972972972973,8.176242457702756,0.29383970860208364,0.0,0.0,0.0,0.0,0.0,0,0,0,0,0,0.0,0.21621621621621623,0.1392373604986826,0.15250507917717865,0.9319905030902584,0.44669719538293073,0.0,0.22012987012987012,0.023703062999045402
203,111,100.0,111,0,110,1,0,0.0,0.6427820609646621,0.633952728651397,0.10872269097277407,0.5017341590614585,0.3075220269412205,1.1274023514373452,7.72972972972973,8.176242457702756,0.2950412272870122,0.07835461979692329,0.0002732258300561591,0.0,0.07835461979692329,0.003749168423847593,0,0,0,1,0,0.0,0.21621621621621623,0.14046162076428534,0.17033759099413717,0.9206023867725968,0.44525343135633144,0.0,0.22012987012987015,0.023725410973813733
204,111,100.0,111,0,111,0,0,0.0,0.6402804531978002,0.6317105480869313,0.10496139308221869,0.5020313065574541,0.30931098441815397,1.1270405166773798,7.72972972972973,8.176242457702756,0.2923102974282099,0.0,0.0,0.0,0.0,0.0,0,0,0,0,0,0.0,0.21621621621621623,0.1373367790339108,0.16482577936247503,0.9501281860557604,0.440039834308072,0.0,0.22012987012987015,0.023725050684844224
205,111,100.0,111,0,111,0,0,0.0,0.6452079035649878,0.6365401105602598,0.10470474060716119,0.5026200599436924,0.30917000764178326,1.1122244816951719,7.72972972972973,8.176242457702756,0.2903551100983932,0.0,0.0,0.0,0.0,0.0,0,0,0,0,0,0.0,0.21621621621621623,0.13531649492994374,0.17823432618221652,0.9519625604893505,0.43454360861516306,0.0,0.22012987012987015,0.02377375688884855
206,111,100.0,111,0,111,0,0,0.0,0.6426467542133854,0.6339159770214283,0.10281438180783628,0.5029890310091549,0.3067388744006241,1.1120949505537367,7.72972972972973,8.176242457702756,0.29010382248499167,0.0,0.0,0.0,0.0,0.0,0,0,0,0,0,0.0,0.22522522522522523,0.1348797077276003,0.1923004893438233,0.9343013648036486,0.4311032683057891,0.0,0.25616883116883116,0.02377603512654603
207,111,100.0,111,0,110,1,0,0.0,0.6391105276575739,0.6304850965903996,0.10127889637233539,0.5031034204237268,0.30955659018771436,1.116742587407667,7.72972972972973,8.176242457702756,0.28792512019738115,0.18338335446221862,0.00032281612930306204,0.0,0.18338335446221862,-0.00040146084287551176,0,0,0,1,0,0.0,0.21621621621621623,0.13363271553511433,0.19009252228832146,0.9277783314866811,0.42816378766881813,0.0,0.25616883116883116,0.023763030371707648
208,111,100.0,111,0,111,0,0,0.0,0.6349721768622323,0.6265524770717773,0.10125300974906432,0.5029512246769919,0.31453106176427303,1.1303261934394642,7.72972972972973,8.176242457702756,0.28877443119275603,0.0,0.0,0.0,0.0,0.0,0,0,0,0,0,0.0,0.21621621621621623,0.1344292724336602,0.18639842465194978,0.927421935529674,0.4311109154233673,0.0,0.2561688311688312,0.02373611667109926
209,111,100.0,111,0,111,0,0,0.0,0.6346719071363159,0.6262940326232008,0.10164122666760016,0.5027945679877334,0.31461772470109034,1.127890931056354,7.72972972972973,8.176242457702756,0.29038752296107084,0.0,0.0,0.0,0.0,0.0,0,0,0,0,0,0.0,0.23423423423423423,0.13527453837600295,0.17804828588094435,0.9375725463814097,0.4322354414316899,0.0,0.25616883116883116,0.023728211007099684
210,110,99.09909909909909,111,1,110,0,0,0.009009009009009009,0.640227710153546,0.633538127105842,0.10501901033205453,0.503001650472209,0.31501153481707334,1.1499704781075168,7.72972972972973,8.176242457702756,0.2926914398976086,0.27958918277334854,0.0003317512178042142,0.0,0.27958918277334854,0.004026494671211134,0,1,0,0,0,0.0,0.21621621621621623,0.13768317128168353,0.200861792826541,0.9307511524595925,0.4335522746468579,0.009009009009009009,0.22012987012987012,0.023764455805194915
211,109,98.1981981981982,111,1,106,0,4,0.009009009009009009,0.6398574370275607,0.6312900826712642,0.10620622900242965,0.50327957870474,0.32029028171941276,1.1465908682275285,7.72972972972973,8.176242457702756,0.29530531417871453,0.43685687864792155,0.0010105573888179718,0.4,0.2999706456390949,0.004346393404274518,0,5,0,0,0,0.0,0.2072072072072072,0.1402595084516382,0.20830911440574532,0.9184785323212186,0.4355674277376331,0.009009009009009009,0.2561688311688312,0.02377396648264006
212,109,98.1981981981982,111,0,109,2,0,0.0,0.6390976280701648,0.6306172715635879,0.10712899847266177,0.5033788577922865,0.31984241271336394,1.1482610291915252,7.72972972972973,8.176242457702756,0.29425305741767693,0.3713528197760674,0.0006079262959264867,0.0,0.3713528197760674,-0.008673333284650003,0,0,0,2,0,0.0,0.21621621621621623,0.14017745758650213,0.2051751049033285,0.9261287669725156,0.4330707245586533,0.0,0.25616883116883116,0.02377422608730688
213,108,97.29729729729729,111,1,109,1,0,0.009009009009009009,0.6444567527525632,0.6354633757725106,0.1084447768294369,0.5038018166510791,0.32018805960157387,1.147502846969798,7.72972972972973,8.176242457702756,0.2950993795041341,0.3613788434919901,0.0005881534090348158,0.0,0.3613788434919901,-0.010024085456769277,0,1,0,1,0,0.0,0.1891891891891892,0.1406569411816363,0.20814121416984321,0.9356274376406519,0.4344899620620776,0.009009009009009009,0.25616883116883116,0.02381831278161448
214,108,97.29729729729729,111,0,111,0,0,0.0,0.6460433630902755,0.6373223681997583,0.10601556533253403,0.504296976264324,0.32392790472779276,1.154671923932817,7.72972972972973,8.176242457702756,0.292303620418189,0.0,0.0,0.0,0.0,0.0,0,0,0,0,0,0.0,0.21621621621621623,0.13741017424889274,0.2049440596735715,0.9415259940195542,0.43171090965000536,0.0,0.25616883116883116,0.023846488558568805
215,109,98.1981981981982,111,0,110,1,0,0.0,0.6470495486746494,0.6384667076232438,0.10488556834766691,0.50482650159968,0.32446094152876886,1.1567175437710933,7.72972972972973,8.176242457702756,0.2904920247695544,0.26298042139055744,0.00041295836195463147,0.0,0.26298042139055744,0.0013124351555020008,0,0,0,1,0,0.0,0.22522522522522523,0.13535551627966796,0.1951503921749976,0.913059861349553,0.4295203857199248,0.0,0.25616883116883116,0.023873167124137507
216,110,99.09909909909909,111,0,111,0,0,0.0,0.6494432628188289,0.6408155411600682,0.11101728054950284,0.5054663687196613,0.31754458461186297,1.1446985725620604,7.72972972972973,8.176242457702756,0.29576704290029254,0.0,0.0,0.0,0.0,0.0,0,0,0,0,0,0.0,0.23423423423423423,0.1403026772132563,0.17671207342482695,0.920224800589043,0.44219212993822044,0.0,0.25616883116883116,0.023911294238426802
217,110,99.09909909909909,111,0,110,1,0,0.0,0.6389313502022349,0.6305498940309424,0.10431132893572977,0.5053824433932022,0.3174018529429452,1.1508268156118249,7.72972972972973,8.176242457702756,0.29527588000737603,0.0628934137330924,0.00029520896093836353,0.0,0.0628934137330924,-4.201509977341811e-05,0,0,0,1,0,0.0,0.23423423423423423,0.1388256555294345,0.18593825649724996,0.9143424160442395,0.43955098678479537,0.0,0.2561688311688312,0.02385530370625647
218,111,100.0,111,0,111,0,0,0.0,0.6389022438419012,0.6306549502168179,0.10391750268719885,0.5053122517236969,0.31795271734333436,1.148643753910284,7.72972972972973,8.176242457702756,0.2941168998386976,0.0,0.0,0.0,0.0,0.0,0,0,0,0,0,0.0,0.23423423423423423,0.13797101403341827,0.17022825119356913,0.9263753422390741,0.4404961392740008,0.0,0.25616883116883116,0.02385228865391287
219,110,99.09909909909909,111,1,110,0,0,0.009009009009009009,0.6417914926853161,0.6342632056580656,0.10870513141037551,0.5054157461741041,0.31672911471479925,1.136422323090333,7.72972972972973,8.176242457702756,0.29832897906806655,0.07075733669673812,0.00031205100727745304,0.0,0.07075733669673812,-0.001032197982874239,0,1,0,0,0,0.0,0.23423423423423423,0.14232048283053997,0.17494731381021633,0.9348914922633704,0.4413691994276189,0.009009009009009009,0.22012987012987012,0.02387096587672773
220,109,98.1981981981982,111,1,109,1,0,0.009009009009009009,0.6442251651594756,0.636200227482515,0.10885533903899465,0.5057350476441214,0.3202570613303679,1.1444913105256787,7.72972972972973,8.176242457702756,0.29744750564597333,0.23928844838515073,0.00042131778747296405,0.0,0.23928844838515073,-0.008190626133145723,0,1,0,1,0,0.0,0.23423423423423423,0.14215323985379966,0.20638106613626922,0.9396394485909201,0.43326286944441367,0.009009009009009009,0.237987012987013,0.023896187670278336
221,109,98.1981981981982,111,0,110,1,0,0.0,0.6457233588416509,0.6377878426625512,0.10677555258903747,0.506102588260633,0.3214876690010257,1.1575878642097635,7.72972972972973,8.176242457702756,0.2932810277802165,0.07596011745694972,0.0005394168451752061,0.0,0.07596011745694972,-0.018815332177767707,0,0,0,1,0,0.0,0.22522522522522523,0.13841935830172963,0.20834956698736945,0.9215892856375449,0.42628620051780625,0.0,0.18863636363636363,0.023918704144657476
222,109,98.1981981981982,111,0,110,1,0,0.0,0.6398609145908467,0.6318602645025022,0.1046674823460765,0.5060523553354198,0.3232145185253001,1.1583227280644244,7.72972972972973,8.176242457702756,0.29263284309434057,0.07707470622420728,0.0005211816499236302,0.0,0.07707470622420728,-0.017482464500825412,0,0,0,1,0,0.0,0.22522522522522523,0.13792174009885516,0.20874308635892735,0.9248731703026584,0.42574139134805805,0.0,0.1711038961038961,0.02388733834052394
223,109,98.1981981981982,111,0,110,1,0,0.0,0.6371233366176365,0.6291495393618792,0.10295220548271128,0.5058289212080783,0.326873854995227,1.1522017534915823,7.72972972972973,8.176242457702756,0.29148252573796074,0.07977981615910498,0.0005369070523407814,0.0,0.07977981615910498,-0.016007176332456685,0,0,0,1,0,0.0,0.22522522522522523,0.13752268077610832,0.22616286355118279,0.9372490865438553,0.42116323248080695,0.0,0.2019480519480519,0.023864516192665542
224,110,99.09909909909909,111,0,110,1,0,0.0,0.6380562142721328,0.6300181149660213,0.10482329604076936,0.5056805690745799,0.3313775498984629,1.1662977495923352,7.72972972972973,8.176242457702756,0.29274748090989045,0.08218371058990476,0.0005306839807006694,0.0,0.08218371058990476,-0.017238920249913636,0,0,0,1,0,0.0,0.22522522522522523,0.13934578368320596,0.22811264585199073,0.942508314161331,0.4255706037735902,0.0,0.20194805194805196,0.023863115765875024
225,111,100.0,111,0,111,0,0,0.0,0.6487979256989035,0.6404116117083585,0.11333443050464274,0.5062241845659969,0.32740192566937815,1.157063653436129,7.72972972972973,8.176242457702756,0.29755970399674436,0.0,0.0,0.0,0.0,0.0,0,0,0,0,0,0.0,0.22522522522522523,0.1443623945411304,0.22515575198314022,0.9307617078617832,0.42998252484672433,0.0,0.20194805194805196,0.02393904798331682
226,111,100.0,111,0,111,0,0,0.0,0.6498173487760496,0.6414023029536929,0.11358774040275674,0.5067881537913789,0.3258106295901396,1.1548394769311865,7.72972972972973,8.176242457702756,0.29582425876848517,0.0,0.0,0.0,0.0,0.0,0,0,0,0,0,0.0,0.1891891891891892,0.14307911234661538,0.21286783853833463,0.9382533605989237,0.4284147022323529,0.0,0.20194805194805196,0.02396720084432958
227,110,99.09909909909909,111,1,110,0,0,0.009009009009009009,0.648865419601053,0.6414733384080034,0.11772678461524219,0.5072356876175559,0.32617874662413726,1.1551490645677946,7.72972972972973,8.176242457702756,0.2985533663939455,0.08510149781832689,0.0005127177574032995,0.0,0.08510149781832689,-0.01763783205422864,0,1,0,0,0,0.0,0.18018018018018017,0.14648445772248914,0.2147708877882351,0.9334944605373444,0.4308882781615382,0.009009009009009009,0.2201298701298701,0.02398073692380883
228,110,99.09909909909909,111,0,110,1,0,0.0,0.6441522689002969,0.6370277118333079,0.11516969771976662,0.5074308121597466,0.32482973609031635,1.1711340145283184,7.72972972972973,8.176242457702756,0.297702811483177,0.33701310847311694,0.0005630851039312012,0.0,0.33701310847311694,-0.00885796524622584,0,0,0,1,0,0.0,0.21621621621621623,0.14511580017424366,0.20621842003946633,0.9283336888638966,0.43389820296014187,0.0,0.2201298701298701,0.02396514809813705
229,110,99.09909909909909,111,0,110,1,0,0.0,0.6486725199747352,0.6412624804317654,0.11433675560215632,0.5078869788047794,0.3259685931784874,1.172593176361142,7.72972972972973,8.176242457702756,0.29711858896614696,0.333467369464562,0.0005522460129927285,0.0,0.333467369464562,-0.010074733080074616,0,0,0,1,0,0.0,0.18018018018018017,0.14373949441681372,0.2320689026487365,0.9342126116455592,0.4259297945483976,0.0,0.22012987012987012,0.02400639799896376
230,110,99.09909909909909,111,0,110,1,0,0.0,0.6496365819612053,0.6423468152167212,0.11320155973463697,0.5083767744317601,0.33544878298394865,1.1979694509743297,7.72972972972973,8.176242457702756,0.2936083565677643,0.3376968923513847,0.000563306206582465,0.0,0.3376968923513847,-0.011041468046746938,0,0,0,1,0,0.0,0.18018018018018017,0.14105853264077767,0.24568728926560285,0.9412025351757007,0.4175047633499162,0.0,0.18409090909090906,0.024031241747900698
231,110,99.09909909909909,111,0,111,0,0,0.0,0.6559702943210646,0.648732705148543,0.1157849148235954,0.5092442238558578,0.3354928165513133,1.196409144036651,7.72972972972973,8.176242457702756,0.292441585643612,0.0,0.0,0.0,0.0,0.0,0,0,0,0,0,0.0,0.17117117117117117,0.14045925467623258,0.23126293696652747,0.9440601853175963,0.4188992276784776,0.0,0.18409090909090906,0.02409837269375608
232,110,99.09909909909909,111,1,109,1,0,0.009009009009009009,0.6573029444192856,0.6498101579971464,0.11597611574148745,0.510130329902421,0.33417128856732353,1.1906245960304516,7.72972972972973,8.176242457702756,0.29434115891468227,0.17699053964107014,0.00045286647109696223,0.0,0.17699053964107014,-0.011691117951460217,0,1,0,1,0,0.5,0.17117117117117117,0.1415512042351816,0.23643072651861805,0.9429594307891637,0.42261422282864275,0.009009009009009009,0.18896103896103894,0.024141261033646874
233,109,98.1981981981982,111,1,109,1,0,0.009009009009009009,0.6569490009875512,0.6492701841243181,0.11406055105000518,0.5108959464727326,0.33665160647037934,1.1976876907016516,7.72972972972973,8.176242457702756,0.2944925517176262,0.10731056880259002,0.00033489719766492736,0.0,0.10731056880259002,0.001298488097701736,0,1,0,1,0,0.0,0.1891891891891892,0.14069038170904302,0.22867791866731904,0.939896861905299,0.42490087918380637,0.009009009009009009,0.18896103896103897,0.024170790650030714
234,109,98.1981981981982,111,0,111,0,0,0.0,0.6600176810680728,0.652368922570728,0.11953791387065657,0.5117952670450154,0.3330173392568277,1.188417938298804,7.72972972972973,8.176242457702756,0.29796612287670277,0.0,0.0,0.0,0.0,0.0,0,0,0,0,0,0.0,0.17117117117117117,0.14406776634258883,0.2076444226438366,0.9369856613146323,0.4356108700336631,0.0,0.225,0.024222899365664245
235,109,98.1981981981982,111,0,111,0,0,0.0,0.6552319932097338,0.6476531343881307,0.1226798401477064,0.5123125975663556,0.33330070412507046,1.1833360179402714,7.72972972972973,8.176242457702756,0.30209548714997037,0.0,0.0,0.0,0.0,0.0,0,0,0,0,0,0.0,0.17117117117117117,0.14822141795686572,0.1892964176626862,0.9269197563753258,0.4471792280803049,0.0,0.22499999999999998,0.02422012002523878
236,108,97.29729729729729,111,1,110,0,0,0.009009009009009009,0.6559754516260681,0.6505671204619881,0.12581362008843788,0.5128313407647408,0.32798953373206774,1.170503328359819,7.72972972972973,8.176242457702756,0.30454687048469165,0.1462872530927244,0.0004187685762246092,0.0,0.1462872530927244,0.001209835803424264,0,1,0,0,0,0.0,0.18018018018018017,0.15090731753770692,0.19787543322870724,0.939653632083102,0.4486575481511434,0.009009009009009009,0.20681818181818182,0.024245044168136862
237,108,97.29729729729729,111,1,105,3,2,0.009009009009009009,0.6569327313012743,0.6504095684884104,0.1316262956495779,0.5135163928435617,0.33168435403465696,1.1718825926007506,7.72972972972973,8.176242457702756,0.3076421006902086,0.46710626177951536,0.0010841428468574912,0.3333333333333333,0.2864483664230092,-0.008478005965238206,0,3,0,3,0,0.0,0.2072072072072072,0.15541897796144252,0.22230052519527077,0.9326334497232315,0.45275077047610873,0.009009009009009009,0.24285714285714288,0.024277836325975855
238,108,97.29729729729729,111,1,108,2,0,0.009009009009009009,0.662552622219139,0.6551218172989479,0.14211058157106995,0.5144371380883802,0.3341906634715396,1.1814357789339043,7.72972972972973,8.176242457702756,0.3124406341499777,0.35314295720844674,0.0008863075645999955,0.0,0.35314295720844674,-0.006364409943544702,0,1,0,2,0,0.0,0.2072072072072072,0.16197238906992983,0.21555039945609963,0.9233843211984614,0.4584675922767657,0.009009009009009009,0.26103896103896107,0.024343576962382246
239,108,97.29729729729729,111,0,111,0,0,0.0,0.6623828573016983,0.6551757781698049,0.1506510857487746,0.5152305185036502,0.3293663724633462,1.176682701134623,7.72972972972973,8.176242457702756,0.31666575855634305,0.0,0.0,0.0,0.0,0.0,0,0,0,0,0,0.0,0.24324324324324326,0.1675757506841478,0.19400068348525715,0.9472564778607503,0.47197083383735194,0.0,0.18896103896103894,0.024375162490977247
240,108,97.29729729729729,111,0,111,0,0,0.0,0.6663008517708585,0.6591192979390436,0.16251879867093466,0.5162169756027163,0.3261483066581915,1.1646305891654922,7.72972972972973,8.176242457702756,0.32022593400938026,0.0,0.0,0.0,0.0,0.0,0,0,0,0,0,0.0,0.22522522522522523,0.17292132584095585,0.1692305934688886,0.9399635063585589,0.4811055562412924,0.0,0.22499999999999998,0.024435080025403476
241,109,98.1981981981982,111,0,111,0,0,0.0,0.6639563573185783,0.6565841426411431,0.14709532898611408,0.516956953222553,0.3310712875812397,1.1756887416170863,7.72972972972973,8.176242457702756,0.3136030922881574,0.0,0.0,0.0,0.0,0.0,0,0,0,0,0,0.0,0.21621621621621623,0.16389908316892485,0.19073483771990724,0.9319172398795353,0.4651506887414407,0.0,0.261038961038961,0.02445360873530737
242,110,99.09909909909909,111,0,111,0,0,0.0,0.6694367313717923,0.6619888629771495,0.15845015665299803,0.5179899509091251,0.3275531857027954,1.1630172903708105,7.72972972972973,8.176242457702756,0.31969586903391156,0.0,0.0,0.0,0.0,0.0,0,0,0,0,0,0.0,0.22522522522522523,0.17086265367643305,0.180764386975718,0.9162890844276319,0.4754827766140601,0.0,0.26103896103896107,0.02452324080329174
243,109,98.1981981981982,111,2,109,0,0,0.018018018018018018,0.6637318666595068,0.655906713464582,0.1474617176660508,0.5185805513052546,0.3336062377073001,1.1808190401780205,7.72972972972973,8.176242457702756,0.31476770638736906,0.36369378855788603,0.00057575447145723,0.0,0.36369378855788603,0.0024614807823333806,0,2,0,0,0,0.0,0.22522522522522523,0.1640863347322905,0.17453631379206705,0.9337594102047632,0.46453512587445084,0.018018018018018018,0.22012987012987015,0.02451886093990216
244,109,98.1981981981982,111,0,111,0,0,0.0,0.6654998072743875,0.6577902617521646,0.14699110932099754,0.5192061694232569,0.32849009572590865,1.1603559966198889,7.72972972972973,8.176242457702756,0.31523236688415435,0.0,0.0,0.0,0.0,0.0,0,0,0,0,0,0.0,0.23423423423423423,0.16371942853746363,0.17602753890651252,0.9345387613572806,0.46497733854278184,0.0,0.24285714285714283,0.024553276670070158
245,108,97.29729729729729,111,1,110,0,0,0.009009009009009009,0.6648556882366786,0.659118750626017,0.14890268422243846,0.5197497208534316,0.327959132804163,1.1611451333037899,7.72972972972973,8.176242457702756,0.31636475190049307,0.17281230522020116,0.00040379121455814043,0.0,0.17281230522020116,0.0054973335349983166,0,1,0,0,0,0.0,0.23423423423423423,0.16483621994721573,0.1523698976216258,0.9413048817339125,0.4771313043522474,0.009009009009009009,0.225,0.02457227711628831
246,107,96.3963963963964,111,1,107,3,0,0.009009009009009009,0.6687858670846799,0.6613388028760633,0.1565061994675922,0.5206113905344747,0.33080380647347296,1.161424788031281,7.72972972972973,8.176242457702756,0.3186753656589394,0.3938639137909249,0.0011042525480714864,0.25,0.2864912077915466,-0.001611988135204953,0,1,0,3,0,0.0,0.24324324324324326,0.1691904896607094,0.16989432098727175,0.942578714605411,0.4770336615721899,0.009009009009009009,0.261038961038961,0.024627154111681614
247,107,96.3963963963964,111,0,111,0,0,0.0,0.6673479981960877,0.6597551314587394,0.1452890839076083,0.52119948432212,0.33842591261996213,1.1754043104098963,7.72972972972973,8.176242457702756,0.3128874075259507,0.0,0.0,0.0,0.0,0.0,0,0,0,0,0,0.0,0.25225225225225223,0.1618327899973297,0.1730841915492224,0.9312443176266175,0.4670491602505151,0.0,0.22499999999999998,0.02464400675421694
248,109,98.1981981981982,111,0,110,1,0,0.0,0.6681296071823112,0.660717985812972,0.14768176644055664,0.5218024743810219,0.3355370077067797,1.1708533050743788,7.72972972972973,8.176242457702756,0.3124468668364371,0.16926801236552635,0.0003222428561976663,0.0,0.16926801236552635,-0.0016883052448331548,0,0,0,1,0,0.0,0.22522522522522523,0.16198406034333743,0.16012175458590305,0.9420343978820837,0.46877052055688917,0.0,0.22499999999999998,0.024672565763753887
249,108,97.29729729729729,111,1,110,0,0,0.009009009009009009,0.6628108830365618,0.6572901020969771,0.13747507252500005,0.5219981892581607,0.3390033797325186,1.1747276693725868,7.72972972972973,8.176242457702756,0.3106627767103127,0.15821487334139867,0.0003263078671265657,0.0,0.15821487334139867,-0.0022556304132342886,0,1,0,0,0,0.0,0.22522522522522523,0.1585196309458378,0.18869008524186448,0.9296832412318778,0.45948526343347273,0.009009009009009009,0.31493506493506496,0.024653973204465468
250,109,98.1981981981982,111,0,111,0,0,0.0,0.6606078441561689,0.6550377726314708,0.13779190901002172,0.5221643328635032,0.3395396502104925,1.1761563048747112,7.72972972972973,8.176242457702756,0.3083610713063547,0.0,0.0,0.0,0.0,0.0,0,0,0,0,0,0.0,0.22522522522522523,0.15736736477438543,0.17741152727973497,0.9368315718118487,0.45679953667637363,0.0,0.2068181818181818,0.02464975016206389
251,110,99.09909909909909,111,0,111,0,0,0.0,0.6575557488328494,0.6520283168778082,0.13601587842230978,0.5221200438455835,0.340689048133061,1.171900298600335,7.72972972972973,8.176242457702756,0.30553847238837495,0.0,0.0,0.0,0.0,0.0,0,0,0,0,0,0.0,0.23423423423423423,0.15512330516543374,0.1578379869064814,0.9315274043329357,0.45663197843822073,0.0,0.20681818181818182,0.02463267909670367
252,110,99.09909909909909,111,0,111,0,0,0.0,0.6575631079383015,0.6520880493808019,0.13901891447700174,0.5220832831045678,0.3434268276790625,1.1725673800145187,7.72972972972973,8.176242457702756,0.30494218384728766,0.0,0.0,0.0,0.0,0.0,0,0,0,0,0,0.0,0.23423423423423423,0.15567414579374497,0.13841404542629682,0.9386273380326198,0.45976637378999885,0.0,0.17077922077922078,0.02463121306857358
253,110,99.09909909909909,111,0,111,0,0,0.0,0.660920203394133,0.6552566803215178,0.1403738533911131,0.5222567879695088,0.33968264557395744,1.1526470889547389,7.72972972972973,8.176242457702756,0.3075816940274949,0.0,0.0,0.0,0.0,0.0,0,0,0,0,0,0.0,0.26126126126126126,0.15752083412622223,0.1501412583629964,0.9426993162925048,0.4607628720200666,0.0,0.2068181818181818,0.024655091635069487
254,111,100.0,111,0,111,0,0,0.0,0.6636821514020403,0.6581131245190247,0.13986024794058885,0.5226029464986222,0.33649924044187335,1.1459402540421435,7.72972972972973,8.176242457702756,0.30635861862540326,0.0,0.0,0.0,0.0,0.0,0,0,0,0,0,0.0,0.21621621621621623,0.15632103289734378,0.16078842569037727,0.930803863106346,0.45598505589898575,0.0,0.2068181818181818,0.024683052755423186
255,111,100.0,111,0,111,0,0,0.0,0.6664257598014047,0.6608406122823001,0.13980710036357274,0.5230992070771309,0.33361727410468456,1.143723649941827,7.72972972972973,8.176242457702756,0.30444941447157725,0.0,0.0,0.0,0.0,0.0,0,0,0,0,0,0.0,0.22522522522522523,0.15433173788439047,0.14558375160704667,0.9309629085507333,0.45733571308347476,0.0,0.2068181818181818,0.024717058531480443
256,111,100.0,111,0,111,0,0,0.0,0.6673450310221971,0.6618087763432219,0.1350889953071501,0.523618219740326,0.3342686420732075,1.129491652767711,7.72972972972973,8.176242457702756,0.30367191198254373,0.0,0.0,0.0,0.0,0.0,0,0,0,0,0,0.0,0.26126126126126126,0.1521207692884439,0.15773636842792493,0.9305044346647903,0.4546402949558316,0.0,0.24285714285714285,0.02474287275444891
257,111,100.0,111,0,111,0,0,0.0,0.6631142666438031,0.6576136945705087,0.13147605445490812,0.5238203966241636,0.3364906169860553,1.1283804700302011,7.72972972972973,8.176242457702756,0.30437028885951123,0.0,0.0,0.0,0.0,0.0,0,0,0,0,0,0.0,0.26126126126126126,0.15166503931030073,0.1633214613000803,0.9233268886449535,0.45431096101868385,0.0,0.24285714285714283,0.024729984168664933
258,111,100.0,111,0,109,2,0,0.0,0.6628445074689662,0.6574200850717388,0.12321412400462846,0.5239933790501525,0.33907922919798417,1.1263674061216424,7.72972972972973,8.176242457702756,0.2998101412135461,0.31915477387088287,0.0005412462794185814,0.0,0.31915477387088287,0.0018362180707475473,0,0,0,2,0,0.0,0.27927927927927926,0.1460372384118619,0.17655377716343157,0.9429551728398176,0.44849659797506347,0.0,0.2068181818181818,0.024735707104069787
259,111,100.0,111,0,109,2,0,0.0,0.6567436908390002,0.6515611874552385,0.11640107878458691,0.5237689878740045,0.34793580986957684,1.1384408821399465,7.72972972972973,8.176242457702756,0.295199722283088,0.11256532590414495,0.0004933878792889128,0.0,0.11256532590414495,-0.008325660092995402,0,0,0,2,0,0.0,0.2702702702702703,0.14143879109062885,0.179741310893589,0.9259243776665964,0.4425887869314993,0.0,0.17077922077922075,0.024696029637612183
260,111,100.0,111,0,111,0,0,0.0,0.6555642624788306,0.6502890151493561,0.11189434335689313,0.5234797307507053,0.35204837500771113,1.1457321718698796,7.72972972972973,8.176242457702756,0.2927032285227511,0.0,0.0,0.0,0.0,0.0,0,0,0,0,0,0.0,0.24324324324324326,0.13880927287798583,0.19858452250978087,0.9426701092464886,0.43640641534997254,0.0,0.18409090909090908,0.024678307313947774
261,111,100.0,111,0,110,1,0,0.0,0.6548141842337276,0.6496923193812844,0.10729207518964262,0.5231750941569471,0.35108171050444975,1.152592702096103,7.72972972972973,8.176242457702756,0.28910874084177873,0.0938061398735463,0.000498452622583399,0.0,0.0938061398735463,-0.016118519640726914,0,0,0,1,0,0.0,0.22522522522522523,0.13486359373022716,0.20038912358866742,0.9278050661673592,0.4301733394627041,0.0,0.2788961038961039,0.024662103009461978
262,111,100.0,111,0,111,0,0,0.0,0.6513522002265802,0.6463143484410028,0.10748286660288271,0.5226744125143269,0.3489456556919608,1.168169121559861,7.72972972972973,8.176242457702756,0.2913904708620312,0.0,0.0,0.0,0.0,0.0,0,0,0,0,0,0.0,0.21621621621621623,0.13678636072642486,0.20176776096241666,0.931602284465449,0.43329946297576366,0.0,0.24285714285714283,0.02462432461690532
263,111,100.0,111,0,111,0,0,0.0,0.6467343643211275,0.641755747224907,0.10628418903984921,0.5219164899862624,0.3477495173632083,1.1628632723107593,7.72972972972973,8.176242457702756,0.2908045270135706,0.0,0.0,0.0,0.0,0.0,0,0,0,0,0,0.0,0.2072072072072072,0.13646477746663097,0.20388777824851556,0.9357143085696935,0.4325375009761163,0.0,0.27889610389610386,0.024570250645610008
264,111,100.0,111,0,111,0,0,0.0,0.6529770847855335,0.6478705386782387,0.11259289022850365,0.52162050518174,0.341231864682051,1.1435823699719108,7.72972972972973,8.176242457702756,0.2945223446047225,0.0,0.0,0.0,0.0,0.0,0,0,0,0,0,0.0,0.1891891891891892,0.1402444430624497,0.19706274546040647,0.941931597535825,0.4395072900225459,0.0,0.24285714285714283,0.024589364030304185
265,111,100.0,111,0,108,3,0,0.0,0.6589206414046095,0.6536581258579834,0.1216149881456227,0.5217272865406866,0.33133788417154,1.1198003753955865,7.72972972972973,8.176242457702756,0.30114910537181894,0.272459919615131,0.0005123287114638117,0.0,0.272459919615131,0.0014994140695402947,0,0,0,3,0,0.0,0.21621621621621623,0.14683487113767182,0.1878273531017532,0.9268380243621858,0.4493276391538752,0.0,0.27889610389610386,0.024623447164803115
266,109,98.1981981981982,111,2,108,1,0,0.018018018018018018,0.651461148205706,0.6472105180285163,0.11272537240398574,0.521342894431583,0.3382664052497961,1.1552234125348664,7.72972972972973,8.176242457702756,0.29745119647011853,0.21233179414647618,0.0004692405241244521,0.0,0.21233179414647618,-0.00013437856405890125,0,2,0,1,0,0.0,0.22522522522522523,0.1426453031173911,0.23063243406755857,0.9252964945204396,0.4376815959376117,0.018018018018018018,0.2788961038961039,0.024570435283394303
267,109,98.1981981981982,111,0,110,1,0,0.0,0.6549422533283182,0.650658425961632,0.11428405383775976,0.5212761637293278,0.3396454680785784,1.1653844926469794,7.72972972972973,8.176242457702756,0.29494957885796924,0.20226380756809714,0.000466148414256334,0.0,0.20226380756809714,0.0010318801153798018,0,0,0,1,0,0.0,0.21621621621621623,0.14145957733343084,0.22252967215535455,0.9115357312031354,0.43525106008170794,0.0,0.31493506493506496,0.02458511277700231
268,109,98.1981981981982,111,1,109,1,0,0.009009009009009009,0.6591014150901058,0.6539377702798715,0.11635627938098324,0.5214774231310411,0.3427521540698894,1.1666169634373773,7.72972972972973,8.176242457702756,0.29678562730989344,0.38803901530244833,0.0007642027056554207,0.0,0.38803901530244833,0.00102748194373814,0,1,0,1,0,0.0,0.1981981981981982,0.14329645851990316,0.25561689470729104,0.904124649188956,0.4304012430211949,0.009009009009009009,0.31493506493506496,0.024614136314137745
269,109,98.1981981981982,111,0,110,1,0,0.0,0.6584080582267353,0.6534194970952641,0.11190054103111229,0.5215802945323952,0.34428318290510257,1.1694947275967453,7.72972972972973,8.176242457702756,0.2939805409999874,0.19580997822896962,0.0004773462624787741,0.0,0.19580997822896962,-0.003642546439055927,0,0,0,1,0,0.0,0.2072072072072072,0.13957797506421743,0.2599453416085953,0.9166421500296316,0.42623237379245965,0.0,0.31493506493506496,0.024614875037418067
270,109,98.1981981981982,111,0,110,1,0,0.0,0.6580175768302131,0.6531591325131834,0.11105138932157688,0.5216577244869511,0.34454084843491173,1.1687508438152345,7.72972972972973,8.176242457702756,0.2926930353323747,0.15077421792028076,0.0003973626454649376,0.0,0.15077421792028076,-0.007784544110972069,0,0,0,1,0,0.0,0.22522522522522523,0.1381963816687158,0.25146869957791335,0.9271790092715089,0.4280897881472651,0.0,0.31493506493506496,0.02461608806084515
271,109,98.1981981981982,111,1,108,2,0,0.009009009009009009,0.6633998150669792,0.6577805399381911,0.11509469754906215,0.522089392467393,0.3370287717008124,1.1517672533810717,7.72972972972973,8.176242457702756,0.2973776479377852,0.24267432103739117,0.0005980757007462783,0.0,0.24267432103739117,-0.009721472443502669,0,1,0,2,0,0.0,0.23423423423423423,0.1413250365322894,0.24098918530034208,0.9191008810669601,0.43103478109728727,0.009009009009009009,0.314935064935065,0.02466064636237558
272,108,97.29729729729729,111,1,108,2,0,0.009009009009009009,0.6604069347765151,0.6542324005859845,0.11080241689370643,0.5222188038796113,0.33485374120832234,1.1433600076752994,7.72972972972973,8.176242457702756,0.29756344069560114,0.22409635643722023,0.0005294816515481848,0.0,0.22409635643722023,-0.011336879038896056,0,1,0,2,0,0.0,0.21621621621621623,0.1411828158341301,0.29660371579798483,0.9237641351865429,0.42465071406918237,0.009009009009009009,0.2788961038961039,0.02465097245633871
273,109,98.1981981981982,111,0,108,3,0,0.0,0.6589016260572759,0.6529058736974003,0.10972269181143085,0.5222274621179647,0.33423577398989546,1.1378051011804073,7.72972972972973,8.176242457702756,0.2964663928042546,0.24457111940073475,0.0004794529438595576,0.0,0.24457111940073475,-0.007050074954782992,0,0,0,3,0,0.0,0.23423423423423423,0.13970902195329096,0.27218390935478703,0.9135670362021685,0.42816755211652235,0.0,0.27889610389610386,0.024643799872022684
274,109,98.1981981981982,111,0,109,2,0,0.0,0.6561191396484818,0.6501292577287473,0.10858690795854645,0.5220537941547846,0.33697289720124535,1.1477466879453855,7.72972972972973,8.176242457702756,0.2954978300004272,0.15216455110440413,0.0003885441349481187,0.0,0.15216455110440413,-0.003934561871309417,0,0,0,2,0,0.0,0.25225225225225223,0.1389737597237983,0.2573882467297983,0.9099117316292322,0.4299524720219033,0.0,0.31493506493506496,0.024622787683108233
275,109,98.1981981981982,111,0,109,2,0,0.0,0.6552676858715683,0.6492583721475972,0.10729336478009897,0.5218373611320302,0.3376725775509533,1.1581852723611668,7.72972972972973,8.176242457702756,0.2935257430365288,0.17738555411067036,0.0005161941338923531,0.0,0.17738555411067036,-0.0046634492582977305,0,0,0,2,0,0.0,0.23423423423423423,0.13712098237438503,0.26047264506387846,0.9221201189653667,0.425629161956959,0.0,0.31493506493506496,0.024609682369874198
276,110,99.09909909909909,111,0,109,2,0,0.0,0.659543897418517,0.6534558367007046,0.11220905154565335,0.5219131801011253,0.3399934255953,1.1628767218622937,7.72972972972973,8.176242457702756,0.2955117136362817,0.23783325650966403,0.0005016896250346212,0.0,0.23783325650966403,-0.003838814744227398,0,0,0,2,0,0.0,0.2072072072072072,0.13984613549737507,0.2702537422705602,0.9380829248981088,0.42786656983758997,0.0,0.278896103896104,0.024634162998980018
277,111,100.0,111,0,109,2,0,0.0,0.6622131842125817,0.655892155755164,0.11364941089311226,0.522142159409827,0.3354420676178732,1.1588795721973557,7.72972972972973,8.176242457702756,0.2971188135940912,0.13551168238538727,0.0005312636144979453,0.0,0.13551168238538727,-0.010122861495381358,0,0,0,2,0,0.0,0.1981981981981982,0.14153132868144916,0.2805245271427212,0.9402818395990269,0.425907159556596,0.0,0.2788961038961039,0.02465687038467905
278,111,100.0,111,0,108,3,0,0.0,0.6628025447203336,0.6564245369965639,0.11554620792280265,0.5223872398399481,0.33768508023041016,1.1699308843175813,7.72972972972973,8.176242457702756,0.29825891732849796,0.2131900604867807,0.0005284894021897568,0.0,0.2131900604867807,-0.009445808944141413,0,0,0,3,0,0.0,0.17117117117117117,0.14294802595752598,0.28505290271886635,0.9197929443377375,0.4252050568545841,0.0,0.24285714285714285,0.02466983637230935
279,111,100.0,111,0,108,3,0,0.0,0.6669077489281877,0.6604174331869254,0.1156156227394162,0.5228734569987729,0.33902815948316123,1.1702350752694517,7.72972972972973,8.176242457702756,0.2981955668740104,0.23525987456464215,0.00042955722048961106,0.0,0.23525987456464215,-0.005550406131456335,0,0,0,3,0,0.0,0.23423423423423423,0.14270075686658948,0.29489533837442494,0.9364930796475431,0.421370888818554,0.0,0.24285714285714288,0.024710239540236854
280,111,100.0,111,0,108,3,0,0.0,0.6673512369761846,0.6606313417710097,0.11835587441247535,0.5233339116113991,0.33674552990536044,1.1617281518977283,7.72972972972973,8.176242457702756,0.30218453779234133,0.24290651055302923,0.00043993504309561477,0.0,0.24290651055302923,-0.0060193394721567706,0,0,0,3,0,0.0,0.23423423423423423,0.14678572488965091,0.31595550676943296,0.9565413856145144,0.42168571143707934,0.0,0.24285714285714288,0.024731280923244836
281,111,100.0,111,0,109,2,0,0.0,0.6646297845122553,0.6579701713280153,0.12092785910110157,0.523582651340384,0.3378009510578214,1.1367354601130744,7.72972972972973,8.176242457702756,0.3040917537579344,0.2876385820385884,0.0005348096675282241,0.0,0.2876385820385884,-0.0038052665258572482,0,0,0,2,0,0.0,0.23423423423423423,0.1491535497044749,0.2999053244879246,0.9495223900302399,0.42817398320552413,0.0,0.24285714285714288,0.02472784244259041
282,110,99.09909909909909,111,1,110,0,0,0.009009009009009009,0.6650892389056975,0.6584078654591534,0.1199079394844229,0.5238585071574248,0.33818488808969444,1.1275567980622572,7.72972972972973,8.176242457702756,0.3023682836907744,0.3822808764188329,0.0006498874652628439,0.0,0.3822808764188329,-0.009704968046824802,0,1,0,0,0,0.0,0.22522522522522523,0.14752094721938275,0.290840368311172,0.9474818157127707,0.4243472020001687,0.009009009009009009,0.26071428571428573,0.024741417034775084
283,110,99.09909909909909,111,0,111,0,0,0.0,0.6612905981921626,0.6546246157881549,0.11554881635707846,0.5238455220966474,0.34067834264116226,1.1464682720984982,7.72972972972973,8.176242457702756,0.30056834440287705,0.0,0.0,0.0,0.0,0.0,0,0,0,0,0,0.0,0.25225225225225223,0.1452521990506973,0.2973826590002006,0.9552322035348491,0.4198889730941427,0.0,0.2607142857142857,0.024721892986181195
284,110,99.09909909909909,111,0,110,1,0,0.0,0.6589530200399395,0.6524248039253692,0.11286354337231455,0.5236897091647105,0.34400049012290257,1.145763553870978,7.72972972972973,8.176242457702756,0.2986321511938046,0.1659188509454145,0.0003830754914958896,0.0,0.1659188509454145,-0.011417271553451791,0,0,0,1,0,0.0,0.24324324324324326,0.14333051794791224,0.30157410129864975,0.9624050622020477,0.415761097832445,0.0,0.2246753246753247,0.02470383527387227
285,110,99.09909909909909,111,0,109,2,0,0.0,0.6599452766330964,0.6535258824076151,0.11813246471705197,0.5236186573529558,0.34440525356501495,1.163221920927745,7.72972972972973,8.176242457702756,0.3008194580556369,0.07147591747500709,0.00028999391442011265,0.0,0.07147591747500709,-0.002469839257838169,0,0,0,2,0,0.0,0.23423423423423423,0.14670347955276786,0.30188468939667035,0.9497942096723,0.4163779551922577,0.0,0.2607142857142858,0.024705891872638223
286,110,99.09909909909909,111,0,108,3,0,0.0,0.6581971971789483,0.651673033225925,0.12479232124275738,0.5234322201564243,0.3377937505168498,1.1356725596577901,7.72972972972973,8.176242457702756,0.30663340873481415,0.09708209407827868,0.00032664564586822666,0.0,0.09708209407827868,-0.005828727264159894,0,0,0,3,0,0.3333333333333333,0.25225225225225223,0.15359283418664949,0.30820518569566574,0.9523570194999271,0.4254485283450886,0.0,0.2607142857142857,0.024689529696757605
287,111,100.0,111,0,110,1,0,0.0,0.6615841803503977,0.6552494551740875,0.12484164782891857,0.5234949600609463,0.33951019620118433,1.142703795953803,7.72972972972973,8.176242457702756,0.3033965830616292,0.36060168346612365,0.0003944027839946926,0.0,0.36060168346612365,0.008925325394580491,0,0,0,1,0,0.0,0.23423423423423423,0.1509353426784992,0.3006143614032025,0.9445391172347916,0.4241798259510765,0.0,0.29675324675324677,0.024709029495970578
288,110,99.09909909909909,111,1,108,2,0,0.009009009009009009,0.6632277910129539,0.655806577773706,0.12784120926500125,0.5236572143527347,0.3399919514447809,1.1377438902684567,7.72972972972973,8.176242457702756,0.30676313838128855,0.15252234828715247,0.0003528055827793543,0.0,0.15252234828715247,-0.0034028526997604094,0,1,0,2,0,0.0,0.22522522522522523,0.155041075251783,0.31252057189201476,0.9345840725018614,0.42237878680187585,0.009009009009009009,0.3149350649350649,0.024723880701430685
289,110,99.09909909909909,111,0,110,1,0,0.0,0.666053588174694,0.6586417293384013,0.13021937515841497,0.5239234466346541,0.3412418914717743,1.1443550832033313,7.72972972972973,8.176242457702756,0.3084143567389186,0.06957526831330113,0.0002398932659269456,0.0,0.06957526831330113,0.0013097327473240994,0,0,0,1,0,0.0,0.22522522522522523,0.1560798776408303,0.29166019090230305,0.9331491870190446,0.42848386090761675,0.0,0.3149350649350649,0.024748893585674586
290,109,98.1981981981982,111,1,110,0,0,0.009009009009009009,0.6631025881083855,0.6550837933213234,0.13063247227763217,0.5239836592381711,0.34636344893304183,1.1516829537272457,7.72972972972973,8.176242457702756,0.30767310687901084,0.17818524386356194,0.0003729239125679937,0.0,0.17818524386356194,-0.0010916375980805637,0,1,0,0,0,0.0,0.25225225225225223,0.15626780763683434,0.29665865058780333,0.9448941122063457,0.42787525017947425,0.009009009009009009,0.24285714285714283,0.024736600149569868
291,109,98.1981981981982,111,0,109,2,0,0.0,0.6654736502723979,0.6573167518898159,0.13341141502245701,0.5241365338998016,0.34466624735209966,1.1498860221451028,7.72972972972973,8.176242457702756,0.31035691705006085,0.2358116159887502,0.00043248405945651633,0.0,0.2358116159887502,-0.0040926986129300735,0,0,0,2,0,0.5,0.25225225225225223,0.1583611965224278,0.2907688100763107,0.9465549893698332,0.4321293988613869,0.0,0.2788961038961039,0.024754705161885583
292,108,97.29729729729729,111,1,107,2,1,0.009009009009009009,0.6714386568093863,0.6660489766132435,0.13698903431977125,0.5246732019025906,0.3384072241873097,1.1197697370298008,7.72972972972973,8.176242457702756,0.3093749694963288,0.36871202166618433,0.0004937024175498656,0.0,0.36871202166618433,0.002318909675600625,0,2,0,2,0,0.0,0.25225225225225223,0.15785844242511707,0.29829549391073545,0.9551511512483497,0.4268397707888285,0.009009009009009009,0.2607142857142857,0.024806469833120993
293,107,96.3963963963964,111,2,107,2,0,0.018018018018018018,0.6759148570500011,0.6727454104042514,0.14514103577960932,0.5256316893034689,0.33818891745410556,1.1241728720512725,7.72972972972973,8.176242457702756,0.3145809556853465,0.1973294638533403,0.0004426426115476063,0.0,0.1973294638533403,-0.002784724084939079,0,2,0,2,0,0.0,0.22522522522522523,0.1633618441319231,0.30301255024283197,0.9469132947367788,0.42367276304650575,0.018018018018018018,0.2425324675324675,0.02486803496123524
294,105,94.5945945945946,111,2,105,3,1,0.018018018018018018,0.6823393913267661,0.6773430425875355,0.15605485247048229,0.5270670622807723,0.3484010018946033,1.1603755877741422,7.72972972972973,8.176242457702756,0.3188042246439562,0.27858949869622873,0.0006430087193406193,0.0,0.27858949869622873,-0.006419469294272488,0,3,0,3,0,0.0,0.23423423423423423,0.16986513250985505,0.2786184837670206,0.9503838602332589,0.4358025673194744,0.018018018018018018,0.2607142857142857,0.024958837420017397
295,106,95.49549549549549,111,0,110,1,0,0.0,0.6885110545369961,0.683454345940255,0.16326525986440674,0.5286774888834307,0.3455322020081042,1.1597541856578244,7.72972972972973,8.176242457702756,0.32143940203003063,0.2259722044136543,0.0004041387117608167,0.0,0.2259722044136543,0.007431937807994171,0,0,0,1,0,0.0,0.21621621621621623,0.17296147602204584,0.2609830475853308,0.9476098872114797,0.4404432915500168,0.0,0.26071428571428573,0.025055531927886898
296,106,95.49549549549549,111,0,110,1,0,0.0,0.6861356046939276,0.68123520574298,0.16285132928859744,0.5300110892760478,0.3467682397613088,1.1589205876482087,7.72972972972973,8.176242457702756,0.32260582632338886,0.46758175005509683,0.0008124976064144028,0.0,0.46758175005509683,0.00516631543022994,0,0,0,1,0,0.0,0.23423423423423423,0.17361801379911132,0.2658038810082669,0.9449908758644475,0.43916750256338655,0.0,0.2607142857142857,0.02509817387943018
297,106,95.49549549549549,111,1,109,1,0,0.009009009009009009,0.6876951786899195,0.6822564533248326,0.17049127104500006,0.5313268203586213,0.347981609252455,1.1402178500144202,7.72972972972973,8.176242457702756,0.3274159769892182,0.323550186083677,0.0005027273629971518,0.0,0.323550186083677,0.00584937935373725,0,1,0,1,0,0.0,0.22522522522522523,0.1801636985190505,0.2796191529978192,0.9374446010710679,0.4476139550442985,0.009009009009009009,0.2607142857142857,0.025159760431111424
298,108,97.29729729729729,111,0,109,2,0,0.0,0.685928938266639,0.6806341636180928,0.16551824355391292,0.5324044908571959,0.35038057353288987,1.1533583559037615,7.72972972972973,8.176242457702756,0.3248038644449758,0.2249137675626851,0.0005056820551378699,0.0,0.2249137675626851,-0.004192652223983989,0,0,0,2,0,0.0,0.22522522522522523,0.17680775212483538,0.28610067477061474,0.9349275850605492,0.4441659783741116,0.0,0.29675324675324677,0.025194985705424316
299,109,98.1981981981982,111,1,108,2,0,0.009009009009009009,0.6751497741226616,0.6682146770582031,0.1451192055727826,0.5326972434654482,0.3598443333837157,1.1701157270831595,7.72972972972973,8.176242457702756,0.3181599342274961,0.2512926627599856,0.0006381795616604206,0.0,0.2512926627599856,-0.007290290716436221,0,1,0,2,0,0.0,0.21621621621621623,0.16715170222471315,0.3049909929763541,0.9403272484568634,0.4363759209292785,0.009009009009009009,0.31493506493506496,0.025153057966230408
300,109,98.1981981981982,111,0,110,1,0,0.0,0.6759719806403752,0.6688968645687159,0.13896297376751846,0.5328951288255019,0.3694713964133459,1.1910667977660792,7.72972972972973,8.176242457702756,0.31544122971430233,0.1159642133664221,0.0005319574672422336,0.0,0.1159642133664221,-0.0010011412610127501,0,0,0,1,0,0.0,0.2072072072072072,0.16312292169289155,0.32831118050453906,0.9135710513152208,0.4247437439559638,0.0,0.35097402597402594,0.025165258792232123
301,109,98.1981981981982,111,0,111,0,0,0.0,0.6726487952822826,0.6657521981980866,0.13805256481187286,0.5328711421611706,0.372685246582471,1.199865745296057,7.72972972972973,8.176242457702756,0.31387419507368586,0.0,0.0,0.0,0.0,0.0,0,0,0,0,0,0.0,0.2072072072072072,0.16230336506567622,0.3247186639715059,0.9259926350521743,0.4241256437025436,0.0,0.31493506493506496,0.025147662261525035
302,110,99.09909909909909,111,0,110,1,0,0.0,0.6747086840124713,0.6678266552453416,0.1368082750268896,0.532984806814964,0.3744910127897539,1.2210755178643773,7.72972972972973,8.176242457702756,0.3127594667484226,0.1156206943340613,0.0005317139380683644,0.0,0.1156206943340613,-0.0033639967853185127,0,0,0,1,0,0.0,0.1981981981981982,0.1608098297606248,0.32277337713714355,0.9317115629187782,0.42367080089237186,0.0,0.31493506493506496,0.025162608454017407
303,110,99.09909909909909,111,0,110,1,0,0.0,0.6689251441111023,0.6622468446539553,0.13615816370658038,0.5327242028969686,0.3749544954978006,1.222837181727566,7.72972972972973,8.176242457702756,0.310346178531377,0.086663506615338,0.0004889768952341951,0.0,0.086663506615338,-0.004621333231360436,0,0,0,1,0,0.0,0.1981981981981982,0.15988377122241684,0.3139309667408892,0.9294433173085868,0.4238650010557902,0.0,0.35097402597402594,0.025123036950415775
304,110,99.09909909909909,111,1,110,0,0,0.009009009009009009,0.673509406883987,0.6653850133984047,0.13864724687090302,0.5327919282552698,0.37811461889958947,1.211123289171734,7.72972972972973,8.176242457702756,0.3090831682833788,0.5686705639146407,0.0009122205562552747,1.0,0.43132943608535934,0.0076181595869531105,0,1,0,0,0,0.0,0.1981981981981982,0.15941901440492304,0.2940475345426974,0.9317696452126641,0.4276023146571644,0.009009009009009009,0.3149350649350649,0.025148726959030223
305,110,99.09909909909909,111,0,111,0,0,0.0,0.6717292098307287,0.663565992653261,0.13530820188583312,0.5326333799470033,0.3736197781097188,1.2074300856123559,7.72972972972973,8.176242457702756,0.3083005542441233,0.0,0.0,0.0,0.0,0.0,0,0,0,0,0,0.0,0.1891891891891892,0.15793417245969868,0.29470491748471966,0.9309684745532503,0.42538742495083726,0.0,0.350974025974026,0.025133344326715705
306,110,99.09909909909909,111,0,110,1,0,0.0,0.6689814585549931,0.6609851782485074,0.12946861573742552,0.5323189840183405,0.36909308129037965,1.2129155322791005,7.72972972972973,8.176242457702756,0.3063660493868454,0.21127983680424994,0.0003836723428874174,0.0,0.21127983680424994,0.0019101796541182714,0,0,0,1,0,0.0,0.1891891891891892,0.154552354425851,0.29448742927592114,0.9453535543003733,0.42633970306703406,0.0,0.24285714285714285,0.02510675268363472
307,110,99.09909909909909,111,0,111,0,0,0.0,0.6726879214797082,0.6644382731484193,0.1305762549407206,0.5322561605921315,0.36864283424547695,1.2112444176184243,7.72972972972973,8.176242457702756,0.3079551083113148,0.0,0.0,0.0,0.0,0.0,0,0,0,0,0,0.0,0.18018018018018017,0.1557937800074583,0.319521262496341,0.9453535543003733,0.4215590697778545,0.0,0.27889610389610386,0.025122716700434755
308,110,99.09909909909909,111,0,111,0,0,0.0,0.6717260663633474,0.6634227757394908,0.1292189867336454,0.532132050137325,0.3646772570124023,1.2124366137405573,7.72972972972973,8.176242457702756,0.3097924549694948,0.0,0.0,0.0,0.0,0.0,0,0,0,0,0,0.0,0.18018018018018017,0.1566717584354087,0.3301578137243496,0.9358087862438111,0.42147373323819587,0.0,0.3149350649350649,0.025112833639002782
309,111,100.0,111,0,111,0,0,0.0,0.6677096846977755,0.6596463461574558,0.12122609061388862,0.5317710712231216,0.36601714978248867,1.2157681966353249,7.72972972972973,8.176242457702756,0.3060645972402405,0.0,0.0,0.0,0.0,0.0,0,0,0,0,0,0.0,0.2072072072072072,0.15154543585295885,0.3370505583601722,0.9423158211620376,0.41574182765630313,0.0,0.3149350649350649,0.02507799447505169
310,110,99.09909909909909,111,1,110,0,0,0.009009009009009009,0.6667951143256481,0.6584688839552353,0.11898401829054416,0.5313944510043388,0.3656169612168622,1.2137343795046438,7.72972972972973,8.176242457702756,0.30383178107447506,0.32035106818805825,0.0006820361206429364,0.0,0.32035106818805825,0.0016899232177349233,0,1,0,0,0,0.0,0.21621621621621623,0.1488943243732827,0.31151262042075883,0.9432201825688146,0.4168866618272467,0.009009009009009009,0.31493506493506496,0.02505802493207485
311,110,99.09909909909909,111,0,111,0,0,0.0,0.6669088577300661,0.658579617363123,0.11939099856878414,0.5310240053175416,0.3647195896429166,1.2108493122936095,7.72972972972973,8.176242457702756,0.3040688124676283,0.0,0.0,0.0,0.0,0.0,0,0,0,0,0,0.0,0.22522522522522523,0.14928278629449085,0.3193306489371632,0.932732755023657,0.4171012896581758,0.0,0.31493506493506496,0.02504344938033362
312,110,99.09909909909909,111,0,111,0,0,0.0,0.6649598077977488,0.6569297636465219,0.11909182338487401,0.5305759313362176,0.36134073093371016,1.218670916622154,7.72972972972973,8.176242457702756,0.3038031447786471,0.0,0.0,0.0,0.0,0.0,0,0,0,0,0,0.0,0.1891891891891892,0.14860200674111337,0.30029223423347823,0.9345471969142847,0.4205422698688363,0.0,0.2788961038961039,0.025015386323120566
313,110,99.09909909909909,111,0,111,0,0,0.0,0.6642538998085726,0.6564077281063763,0.11437414647477338,0.5301303466568145,0.35799723683225404,1.194031394836127,7.72972972972973,8.176242457702756,0.30020404744185636,0.0,0.0,0.0,0.0,0.0,0,0,0,0,0,0.0,0.18018018018018017,0.14457213923877643,0.30104723643570314,0.9341486225623268,0.41695493845147685,0.0,0.3149350649350649,0.0249936407413035
314,110,99.09909909909909,111,0,111,0,0,0.0,0.6673303367949294,0.6594927151769034,0.11898871960695918,0.5299229828792938,0.35281691440141977,1.17825582502857,7.72972972972973,8.176242457702756,0.30306781932163096,0.0,0.0,0.0,0.0,0.0,0,0,0,0,0,0.0,0.2072072072072072,0.1474784720189478,0.2932657483298819,0.9417934968732484,0.42260328088536325,0.0,0.27889610389610386,0.025000545643625513
315,111,100.0,111,0,111,0,0,0.0,0.6686653327383457,0.6607280530507219,0.12415343035086408,0.5298133770427808,0.34997762032117075,1.1760775484793946,7.72972972972973,8.176242457702756,0.30689040220216857,0.0,0.0,0.0,0.0,0.0,0,0,0,0,0,0.0,0.2072072072072072,0.1518487745181983,0.27939354901380586,0.9328499311005976,0.4295128428441288,0.0,0.31493506493506496,0.02500273980387204
316,111,100.0,111,0,111,0,0,0.0,0.6721180666703898,0.6641006031929024,0.12519222668249724,0.5299333311465148,0.3483809537826517,1.176549970939448,7.72972972972973,8.176242457702756,0.3079791826264473,0.0,0.0,0.0,0.0,0.0,0,0,0,0,0,0.0,0.21621621621621623,0.15245486839544023,0.2834545532278784,0.9331926508744522,0.4343475843215633,0.0,0.3149350649350649,0.025024907342711893
317,111,100.0,111,0,109,2,0,0.0,0.6709278724330485,0.6629325711547102,0.12715885997216658,0.5299670766067484,0.3444806861776882,1.1686861832548292,7.72972972972973,8.176242457702756,0.31026935991682936,0.3781408084092932,0.0006884225422633953,0.0,0.3781408084092932,0.0006585726848910012,0,0,0,2,0,0.0,0.21621621621621623,0.15481520342751598,0.2925185845710262,0.9410013876131015,0.4392817311604377,0.0,0.3149350649350649,0.02502033592684877
318,110,99.09909909909909,111,1,109,1,0,0.009009009009009009,0.6803521032951884,0.6701292354081978,0.13080738644221,0.5305932696024221,0.34848299407322536,1.1924287333425898,7.72972972972973,8.176242457702756,0.3115764346101604,0.3844394230988235,0.0005727771549981728,0.0,0.3844394230988235,0.003027285921077927,0,1,0,1,0,0.0,0.1981981981981982,0.15651929052421756,0.3007070834950768,0.941034206055856,0.4293642896732992,0.009009009009009009,0.31493506493506496,0.025093056609949187
319,110,99.09909909909909,111,0,110,1,0,0.0,0.6755947993739472,0.665701396525556,0.12771075728028905,0.5307541655948698,0.35538279350108065,1.1935326691136081,7.72972972972973,8.176242457702756,0.30848788819309036,0.4169734451609066,0.0004275489927295783,0.0,0.4169734451609066,-0.0015936536548341873,0,0,0,1,0,0.0,0.1981981981981982,0.15372630581179728,0.29670528254839473,0.9461614323295894,0.4287459384129939,0.0,0.31493506493506496,0.025075847713566603
320,109,98.1981981981982,111,1,110,0,0,0.009009009009009009,0.67603502585243,0.6672274614186852,0.12900969839462034,0.5309110806102673,0.35750562061735836,1.2046152709652493,7.72972972972973,8.176242457702756,0.3100206266132284,0.44172308898317314,0.0004958581101558667,0.0,0.44172308898317314,0.005528224590895192,0,1,0,0,0,0.0,0.22522522522522523,0.15550810823923658,0.30724708853302596,0.9436100397898453,0.4265860590080811,0.009009009009009009,0.31493506493506496,0.025084463722014737
321,109,98.1981981981982,111,0,111,0,0,0.0,0.6779054368765783,0.6690252173064016,0.13003481421423188,0.5312634025208776,0.3534061468950909,1.1854739147599955,7.72972972972973,8.176242457702756,0.31171266395322417,0.0,0.0,0.0,0.0,0.0,0,0,0,0,0,0.0,0.21621621621621623,0.1567834076484065,0.311068786582048,0.9510294637770946,0.4300966781771445,0.0,0.2788961038961039,0.025108219123957033
322,109,98.1981981981982,111,0,110,1,0,0.0,0.6714346967291309,0.6628360092727974,0.130032933805446,0.5311820820138132,0.3552149132788781,1.1982885845053743,7.72972972972973,8.176242457702756,0.3112990328059302,0.362749074673854,0.0007369051924681517,0.0,0.362749074673854,0.0026718653614267174,0,0,0,1,0,0.0,0.2072072072072072,0.15720911528932063,0.3016375949926635,0.9370061374181358,0.4327391616687494,0.0,0.3149350649350649,0.02507254094230709
323,110,99.09909909909909,111,0,111,0,0,0.0,0.6731846379953834,0.6643005158477017,0.13297764061684536,0.5312032037552729,0.3509013368694392,1.1812139396415955,7.72972972972973,8.176242457702756,0.315104008076059,0.0,0.0,0.0,0.0,0.0,0,0,0,0,0,0.0,0.22522522522522523,0.1606970667053065,0.3120680914413882,0.9426350979950008,0.43489527540381345,0.0,0.31493506493506496,0.025082154131034866
324,110,99.09909909909909,111,0,110,1,0,0.0,0.6808593580859952,0.6718904810518133,0.1376643512968169,0.5317190576979743,0.3443338161975493,1.1547891662274161,7.72972972972973,8.176242457702756,0.3163230493248057,0.22072037889288124,0.00031827342371016265,0.0,0.22072037889288124,0.002211876723605344,0,0,0,1,0,0.0,0.21621621621621623,0.1620063667198255,0.30422254257581266,0.9409680971193313,0.43904831765142,0.0,0.3149350649350649,0.025141616466029373
325,111,100.0,111,0,109,2,0,0.0,0.6797995579235934,0.6709045392883044,0.13819188812684277,0.5321282437803319,0.3421455012558113,1.1621662553666512,7.72972972972973,8.176242457702756,0.3161866447464825,0.3838829892041553,0.0006337481032981985,0.0,0.3838829892041553,0.002739647698823372,0,0,0,2,0,0.0,0.21621621621621623,0.16206234840142095,0.2966223187397824,0.9392392837213939,0.44215473596409355,0.0,0.3149350649350649,0.025153045488315727
326,111,100.0,111,0,110,1,0,0.0,0.6825863390215701,0.6737674804272471,0.1400810793041545,0.5326912386236456,0.34094343488016104,1.1524528829148826,7.72972972972973,8.176242457702756,0.31667088675250454,0.3720441270639433,0.0004588334804578991,0.0,0.3720441270639433,0.002233292634651496,0,0,0,1,0,0.0,0.21621621621621623,0.1620935806680044,0.2827977259401706,0.9429872253633603,0.4464104168638214,0.0,0.3149350649350649,0.025189995305512462
327,111,100.0,111,0,109,2,0,0.0,0.6852798896962174,0.6764376671317713,0.14322187220497953,0.533382858394774,0.33771947126067936,1.1440987479978448,7.72972972972973,8.176242457702756,0.3174077812348848,0.4001555143906823,0.0006021364950629766,0.0,0.4001555143906823,0.0036097766209596677,0,0,0,2,0,0.0,0.22522522522522523,0.1633019026935826,0.278921070057824,0.9459166107034475,0.4497130103495993,0.0,0.2788961038961039,0.025231737313572124
328,110,99.09909909909909,111,1,109,1,0,0.009009009009009009,0.6868070712318155,0.6798398116637838,0.15463286931857945,0.5341293820757764,0.338706567572735,1.142278174897567,7.72972972972973,8.176242457702756,0.3214741090358435,0.34026783614549877,0.0004351503021527628,0.0,0.34026783614549877,0.004536042988125072,0,1,0,1,0,0.0,0.24324324324324326,0.16908811757892647,0.24262488391439166,0.942471378731441,0.4602531172064475,0.009009009009009009,0.26071428571428573,0.02526989201433158
329,109,98.1981981981982,111,1,105,5,0,0.009009009009009009,0.6864935356059649,0.6812449923887982,0.15503238083537227,0.534902709672647,0.33638310544198635,1.1358049478891017,7.72972972972973,8.176242457702756,0.32273076716061055,0.3153969293940713,0.0007268893391149089,0.0,0.3153969293940713,-0.000299119179350484,0,1,0,5,0,0.0,0.22522522522522523,0.1697582153068336,0.23115093487441551,0.9435279405462544,0.4641827924744755,0.009009009009009009,0.24253246753246754,0.02529993890585856
330,109,98.1981981981982,111,0,105,6,0,0.0,0.681613486962993,0.6765246216354264,0.14785919340656337,0.5354192018977646,0.33799388644364015,1.1494767350792332,7.72972972972973,8.176242457702756,0.3188464893809051,0.26004297103488555,0.0005834049616343155,0.0,0.26004297103488555,0.001249894677919162,0,0,0,6,0,0.0,0.25225225225225223,0.16512672262526776,0.22571630470917758,0.9376716635945083,0.4590616686781915,0.0,0.24253246753246752,0.025296653490944104
331,107,96.3963963963964,111,2,100,7,2,0.018018018018018018,0.6825779702446659,0.6779637288218558,0.14727951786009022,0.5359439374765574,0.3429838834229019,1.1563659449479582,7.72972972972973,8.176242457702756,0.31980665089504545,0.318415015165396,0.0006653293373881891,0.18181818181818182,0.31341459476740724,0.0011476205192804854,0,4,0,7,0,0.0,0.26126126126126126,0.16609604998112246,0.26985456576835914,0.937003490444267,0.4442164118404646,0.018018018018018018,0.2785714285714286,0.02532292773394443
332,106,95.49549549549549,111,1,107,2,1,0.009009009009009009,0.6822583481890659,0.6763904905331939,0.14603274178569217,0.5364424472588484,0.3470296319309258,1.1466364094777102,7.72972972972973,8.176242457702756,0.3202953134316222,0.2990285627119912,0.0007996670243720569,0.25,0.2546229544976798,-0.0035956666774307894,0,2,0,2,0,0.0,0.25225225225225223,0.16697145758101678,0.26751474545948,0.9317521299450596,0.44254297265712367,0.009009009009009009,0.29675324675324677,0.025341709307904168
333,107,96.3963963963964,111,0,109,2,0,0.0,0.6833058387227269,0.6774994351904319,0.1459581656405316,0.5368968093015201,0.3451338256487207,1.1587000064633883,7.72972972972973,8.176242457702756,0.32064712814201624,0.16680918698868488,0.0005315511025361699,0.0,0.16680918698868488,-0.008233940572101361,0,0,0,2,0,0.0,0.2702702702702703,0.16736641791296475,0.2857108462452817,0.924324102639758,0.4399616390220264,0.0,0.3327922077922078,0.025365521631694775
334,107,96.3963963963964,111,1,109,1,0,0.009009009009009009,0.6856124154083081,0.6796943779636391,0.14627093798534188,0.5374708715607854,0.3454536028324908,1.1494363462038488,7.72972972972973,8.176242457702756,0.32105734927203367,0.16139580755272587,0.0005286836469743585,0.0,0.16139580755272587,-0.00867264224117803,0,1,0,1,0,0.0,0.26126126126126126,0.16735186695291457,0.281603166048561,0.9297712535359945,0.4439253615242112,0.009009009009009009,0.29675324675324677,0.025400522876210536
335,107,96.3963963963964,111,0,110,1,0,0.0,0.6851511897151258,0.6792178495331311,0.14789389681114953,0.5379535485175063,0.3513091152366635,1.1381586772535834,7.72972972972973,8.176242457702756,0.3205168814715118,0.2066834354690415,0.0006295007838690524,0.0,0.2066834354690415,-0.014628019817649052,0,0,0,1,0,0.0,0.2702702702702703,0.16772349144386065,0.2841126953866387,0.9278360094466358,0.4410753127345657,0.0,0.29675324675324677,0.025417949166879106
336,109,98.1981981981982,111,0,110,1,0,0.0,0.6870124684488902,0.6808766502119317,0.15249955963624998,0.5385052626882691,0.3464858736109953,1.1244080664965665,7.72972972972973,8.176242457702756,0.32385233716571316,0.20171627949016888,0.0006169086289575171,0.0,0.20171627949016888,-0.015222686248859307,0,0,0,1,0,0.0,0.2702702702702703,0.17135948233840614,0.2847215718760136,0.9278360094466358,0.4471252122684636,0.0,0.29675324675324677,0.02544981030468546
337,109,98.1981981981982,111,1,110,0,0,0.009009009009009009,0.6925178274429948,0.6851027169894133,0.15805633367359712,0.5393676319624792,0.34806878438078354,1.1304494652455348,7.72972972972973,8.176242457702756,0.32660841062018586,0.2679263169923491,0.000641585847893808,0.0,0.2679263169923491,-0.001551799623446093,0,1,0,0,0,0.0,0.25225225225225223,0.17488934177577564,0.2810525354091725,0.9292840609060957,0.45620321494260613,0.009009009009009009,0.27889610389610386,0.025512591801026056
338,108,97.29729729729729,111,1,109,1,0,0.009009009009009009,0.6914942826251239,0.6829713929974904,0.15989854557005137,0.5400044102218761,0.34700681069614225,1.1363719419518548,7.72972972972973,8.176242457702756,0.3295451204579809,0.3328066927170629,0.00048773904773931267,0.0,0.3328066927170629,0.006200849812099923,0,1,0,1,0,0.0,0.26126126126126126,0.17794836708566905,0.2722356064646634,0.93833103906809,0.45790644088444526,0.009009009009009009,0.24285714285714288,0.02553350634413982
339,109,98.1981981981982,111,0,111,0,0,0.0,0.6902665280191913,0.6819797875017422,0.15587210285934766,0.5404605971107824,0.350251193770893,1.1398544077769752,7.72972972972973,8.176242457702756,0.32769481441081405,0.0,0.0,0.0,0.0,0.0,0,0,0,0,0,0.0,0.26126126126126126,0.1749482207133491,0.26617623872819507,0.9173391494231052,0.457479481956457,0.0,0.24285714285714283,0.02554601704415877
340,109,98.1981981981982,111,0,111,0,0,0.0,0.6857778700524386,0.6775515225543772,0.1468175138320437,0.5405898325105787,0.34856813329959496,1.1339321972634093,7.72972972972973,8.176242457702756,0.3242959715915872,0.0,0.0,0.0,0.0,0.0,0,0,0,0,0,0.0,0.26126126126126126,0.1706243181514853,0.29030037484801624,0.9173391494231052,0.44820098064866154,0.0,0.24285714285714283,0.025528857054139268
341,109,98.1981981981982,111,0,111,0,0,0.0,0.686634127107453,0.6783914717119168,0.14797094860365934,0.54076344233446,0.34684448032740484,1.1446872382909465,7.72972972972973,8.176242457702756,0.3247270343851436,0.0,0.0,0.0,0.0,0.0,0,0,0,0,0,0.0,0.27927927927927926,0.1714241651735836,0.3026041294894331,0.9246761748011463,0.4458085993977755,0.0,0.27889610389610386,0.025540235719479807
342,109,98.1981981981982,111,1,110,0,0,0.009009009009009009,0.6875244684391473,0.6787534031491269,0.1488733230867488,0.5409732424044544,0.34542137277372564,1.129303686911931,7.72972972972973,8.176242457702756,0.3262515965577055,0.4308116554766309,0.0005314529086594387,0.0,0.4308116554766309,0.00848918909283819,0,1,0,0,0,0.0,0.24324324324324326,0.1726619430700818,0.3034050277626994,0.9355774691767124,0.44455346453623407,0.009009009009009009,0.26103896103896107,0.025553264307337863
343,110,99.09909909909909,111,0,111,0,0,0.0,0.6883032410325792,0.6794818545878775,0.15488753979677594,0.5411868255839303,0.34146802934208303,1.122370630833464,7.72972972972973,8.176242457702756,0.3277777142540852,0.0,0.0,0.0,0.0,0.0,0,0,0,0,0,0.0,0.26126126126126126,0.1753792750147136,0.28691415458023567,0.9398520408897946,0.4506242456465038,0.0,0.26103896103896107,0.02556588970960643
344,110,99.09909909909909,111,0,111,0,0,0.0,0.6847651537574129,0.6758742841794053,0.1551104839789095,0.5411469747220601,0.33990901293022346,1.0851934519204058,7.72972972972973,8.176242457702756,0.3311833853013797,0.0,0.0,0.0,0.0,0.0,0,0,0,0,0,0.0,0.25225225225225223,0.17831710867036932,0.27684501420782454,0.925812148239643,0.4540877928583885,0.0,0.2970779220779221,0.025546570121686603
345,110,99.09909909909909,111,0,111,0,0,0.0,0.6810918321432581,0.6720707356683365,0.16148608181487784,0.5408615922846689,0.33820507602863265,1.087508314697389,7.72972972972973,8.176242457702756,0.33566809697566957,0.0,0.0,0.0,0.0,0.0,0,0,0,0,0,0.0,0.25225225225225223,0.1847056762895716,0.27816528180443567,0.9322971091658749,0.4574829218366352,0.0,0.2970779220779221,0.02551653673360943
346,110,99.09909909909909,111,0,111,0,0,0.0,0.6851925850464466,0.6760847984544492,0.1621080865460177,0.540862103011928,0.33286315240636233,1.0774053298098751,7.72972972972973,8.176242457702756,0.3357837388960956,0.0,0.0,0.0,0.0,0.0,0,0,0,0,0,0.0,0.24324324324324326,0.18435903365064749,0.27913607094261406,0.9240691545612532,0.4573072229406725,0.0,0.33311688311688314,0.025537061377274874
347,111,100.0,111,0,110,1,0,0.0,0.685437232251935,0.6762580746034313,0.16862410749249576,0.540873905963338,0.32900134641231965,1.0760681809397075,7.72972972972973,8.176242457702756,0.3381847831845082,0.3179301929920309,0.0006005546011966611,0.0,0.3179301929920309,0.0029207649820489068,0,0,0,1,0,0.0,0.25225225225225223,0.18813983325959802,0.26895552766562036,0.9308053414561235,0.4648498259963413,0.0,0.2970779220779221,0.025538767132264533
348,111,100.0,111,0,110,1,0,0.0,0.6899861857273512,0.6806635821120762,0.1800599808137384,0.5411729078571427,0.31956212097229836,1.0550065492328553,7.72972972972973,8.176242457702756,0.3431787610587629,0.3875077118008705,0.0004539521928375425,0.0,0.3875077118008705,0.0016504768218565946,0,0,0,1,0,0.0,0.24324324324324326,0.19484372207756578,0.2635151554492642,0.9378105793188097,0.47248827827916207,0.0,0.261038961038961,0.025573735459536912
349,111,100.0,111,0,110,1,0,0.0,0.6975199393724415,0.6881281213475513,0.19296065450659802,0.5419357176921509,0.31417888611232603,1.03018028212607,7.72972972972973,8.176242457702756,0.34644212003087826,0.3803450729520039,0.0004510520595543922,0.0,0.3803450729520039,0.002314531428083799,0,0,0,1,0,0.0,0.24324324324324326,0.20001609402545129,0.25101617552254885,0.9403487574938861,0.4802824897882125,0.0,0.26103896103896107,0.025642588818563104
350,111,100.0,111,0,111,0,0,0.0,0.6991958080590176,0.6899522629786561,0.19364898791985433,0.5427554753395827,0.3142890915779052,1.0244169819956248,7.72972972972973,8.176242457702756,0.3455089982476762,0.0,0.0,0.0,0.0,0.0,0,0,0,0,0,0.0,0.22522522522522523,0.19918921202418535,0.2484482524250446,0.9377796525869041,0.4817429047746078,0.0,0.26103896103896107,0.025684480848405772
351,109,98.1981981981982,111,2,109,0,0,0.018018018018018018,0.7004396085720854,0.6892394898049203,0.19907339227378068,0.5435852701906009,0.31957913474744565,1.0428850017885742,7.72972972972973,8.176242457702756,0.34670407048922414,0.3686774132246197,0.0006012888652127434,0.0,0.3686774132246197,0.006128876274596823,0,2,0,0,0,0.0,0.24324324324324326,0.20165404717872754,0.253190712162886,0.930570473673893,0.4762200096645115,0.018018018018018018,0.2788961038961039,0.025724622870431507
352,109,98.1981981981982,111,0,110,1,0,0.0,0.7026278023352007,0.6914211123361191,0.1985207018568822,0.544366233774136,0.3216773160185291,1.043669806891442,7.72972972972973,8.176242457702756,0.3442847619466922,0.4684096057722673,0.0005022605732952965,0.0,0.4684096057722673,0.011741592908596832,0,0,0,1,0,0.0,0.24324324324324326,0.19927124318953274,0.26061010780664384,0.9346765394220713,0.47070698647457243,0.0,0.20681818181818182,0.025767490577295174
353,108,97.29729729729729,111,1,109,1,0,0.009009009009009009,0.6991460585670192,0.6871380983833811,0.19128107174630074,0.5448630324680559,0.32352970457085545,1.085629519128697,7.72972972972973,8.176242457702756,0.34136063889177337,0.2683465405675119,0.0003594598140362796,0.0,0.2683465405675119,0.006145458602567322,0,1,0,1,0,0.0,0.25225225225225223,0.1952689543743746,0.24591018728078057,0.9525069798596257,0.4717473887321875,0.009009009009009009,0.20681818181818182,0.025770391591325065
354,108,97.29729729729729,111,0,111,0,0,0.0,0.6957397945285894,0.6835354256732002,0.18065981439930762,0.5450237208209411,0.3257271623613257,1.101487747396558,7.72972972972973,8.176242457702756,0.34062271640931163,0.0,0.0,0.0,0.0,0.0,0,0,0,0,0,0.0,0.27927927927927926,0.19214478390645634,0.2717543532096402,0.923069760466152,0.4650334676608892,0.0,0.17077922077922078,0.02575992940579951
355,108,97.29729729729729,111,0,111,0,0,0.0,0.6935033535911754,0.6812158913948672,0.19027059048026823,0.5450195503073043,0.3246137762678699,1.1047393148573836,7.72972972972973,8.176242457702756,0.3446282492052992,0.0,0.0,0.0,0.0,0.0,0,0,0,0,0,0.0,0.27927927927927926,0.19870316405754815,0.2684740249802543,0.928989518633096,0.47080377715156513,0.0,0.20681818181818182,0.0257485767054591
356,110,99.09909909909909,111,0,111,0,0,0.0,0.6891155091175679,0.6769109683591874,0.18982742713771952,0.5447341360289625,0.33072179491541204,1.0942001657781955,7.72972972972973,8.176242457702756,0.34124843669681093,0.0,0.0,0.0,0.0,0.0,0,0,0,0,0,0.0,0.27927927927927926,0.19676390388750523,0.2559165134912719,0.9394097376614853,0.4682022519234975,0.0,0.20681818181818182,0.025714969401388
357,110,99.09909909909909,111,0,111,0,0,0.0,0.6891775603487363,0.6769969729108434,0.19618119283905489,0.5444776834665612,0.32931882543842717,1.1105422115637276,7.72972972972973,8.176242457702756,0.34405099269843764,0.0,0.0,0.0,0.0,0.0,0,0,0,0,0,0.0,0.2702702702702703,0.2009961475707458,0.2416843944408159,0.9376611094671174,0.4769353615298461,0.0,0.20681818181818182,0.02570479556589838
358,111,100.0,111,0,111,0,0,0.0,0.6939479268299371,0.681764787731481,0.19380658730304087,0.5445540615671866,0.3340312371661728,1.1229805966959752,7.72972972972973,8.176242457702756,0.3420811405827515,0.0,0.0,0.0,0.0,0.0,0,0,0,0,0,0.0,0.2702702702702703,0.19748543266768068,0.2482906755199539,0.9424031739274662,0.47675003235821944,0.0,0.20681818181818182,0.025731769827650245
359,111,100.0,111,0,111,0,0,0.0,0.6935352502859907,0.6814304577041261,0.18940384998071702,0.5446023263022038,0.3360774992502271,1.1264017840341838,7.72972972972973,8.176242457702756,0.3396819545850853,0.0,0.0,0.0,0.0,0.0,0,0,0,0,0,0.0,0.26126126126126126,0.19436881625503816,0.2506719795886793,0.9424031739274662,0.47421257824054774,0.0,0.20681818181818182,0.0257316795658088
360,111,100.0,111,0,111,0,0,0.0,0.6982991210456235,0.6861244819212547,0.18910227618621014,0.544953680636277,0.3264892845883116,1.1091700365345372,7.72972972972973,8.176242457702756,0.342549956028235,0.0,0.0,0.0,0.0,0.0,0,0,0,0,0,0.0,0.25225225225225223,0.19548291566891285,0.26470988428275777,0.9289494650167502,0.47397539995193044,0.0,0.24285714285714288,0.0257698627107267
361,111,100.0,111,0,111,0,0,0.0,0.6990686722806018,0.6869648101011389,0.19139953625023362,0.545331273203653,0.32279459835173363,1.0778888304207233,7.72972972972973,8.176242457702756,0.3450185059031494,0.0,0.0,0.0,0.0,0.0,0,0,0,0,0,0.0,0.2702702702702703,0.1977043361923937,0.2570984523185384,0.9376716774062755,0.4812698169643045,0.0,0.27889610389610386,0.025789146908807056
362,111,100.0,111,0,111,0,0,0.0,0.6956007168467983,0.6835473200637558,0.19452905559895398,0.5454544550700786,0.3203200215045396,1.1021861477186516,7.72972972972973,8.176242457702756,0.34371607708045704,0.0,0.0,0.0,0.0,0.0,0,0,0,0,0,0.0,0.27927927927927926,0.19883494226990367,0.25681693371692144,0.9416098139209242,0.48158158445113386,0.0,0.24285714285714283,0.02577684295566948
363,111,100.0,111,0,111,0,0,0.0,0.6916863974836567,0.6798039347144208,0.18971307781107846,0.5453227106786112,0.32929977762478224,1.1408785171930749,7.72972972972973,8.176242457702756,0.34090602354244925,0.0,0.0,0.0,0.0,0.0,0,0,0,0,0,0.0,0.26126126126126126,0.19567674158843965,0.2555516045367112,0.9386519380621654,0.4750404395581891,0.0,0.24285714285714283,0.025751885488418367
364,111,100.0,111,0,111,0,0,0.0,0.6909660228308139,0.6789642400606499,0.2000610373472933,0.5451468136513772,0.3311317761553641,1.1430026449550799,7.72972972972973,8.176242457702756,0.34295679647694977,0.0,0.0,0.0,0.0,0.0,0,0,0,0,0,0.0,0.26126126126126126,0.20091048149051616,0.24852489099503738,0.9336302642023151,0.48181099738198524,0.0,0.24285714285714283,0.025741092731442886
365,111,100.0,111,0,111,0,0,0.0,0.6904207196335419,0.6784801074584688,0.1953615215367935,0.5449536313072689,0.3315854013935248,1.1415662297473985,7.72972972972973,8.176242457702756,0.3424540638974971,0.0,0.0,0.0,0.0,0.0,0,0,0,0,0,0.0,0.26126126126126126,0.19915203751433638,0.2537130785716736,0.9376716774062755,0.48081970507637045,0.0,0.27889610389610386,0.025730468687036642
366,111,100.0,111,0,110,1,0,0.0,0.6899278810263136,0.6779701560177294,0.20445597891840162,0.5447428881270312,0.33048469406616054,1.1399747654561703,7.72972972972973,8.176242457702756,0.3462599846435004,0.2531758978019605,0.0004700176962149527,0.0,0.2531758978019605,-0.004241792371461217,0,0,0,1,0,0.0,0.27927927927927926,0.20548185417103312,0.26737087434778317,0.9247082643252543,0.48397539092060493,0.0,0.27889610389610386,0.025719389057310846
367,111,100.0,111,0,110,1,0,0.0,0.6932030463205069,0.6812409243144235,0.19995127881014896,0.5447633165771066,0.3299663731315693,1.1289746744566782,7.72972972972973,8.176242457702756,0.3442220993642948,0.16737668975407302,0.00043995014837458263,0.0,0.16737668975407302,-0.01486532922426309,0,0,0,1,0,0.0,0.24324324324324326,0.2019472124275865,0.27339191447566613,0.9243218660994846,0.48092746000262326,0.0,0.24285714285714283,0.025736600023586072
368,111,100.0,111,0,110,1,0,0.0,0.6964548002856481,0.6844310727964115,0.20263738273161738,0.5449907421672923,0.33102050520186854,1.1276129808904758,7.72972972972973,8.176242457702756,0.34507426081470327,0.2632106053365588,0.00047730886869435914,0.0,0.2632106053365588,-0.011623298684025118,0,0,0,1,0,0.0,0.2702702702702703,0.20305026933589723,0.28400362211347735,0.9208286409237169,0.48187580678544767,0.0,0.24285714285714283,0.025762156227243996
369,110,99.09909909909909,111,1,109,1,0,0.009009009009009009,0.6991690971660179,0.6859299414108574,0.19526651177606502,0.5453700132315455,0.338970948178334,1.1624546666268416,7.72972972972973,8.176242457702756,0.34299994196242767,0.4026933001882901,0.0007956205742162858,0.0,0.4026933001882901,-0.003983378588526515,0,1,0,1,0,0.0,0.24324324324324326,0.19914495016881906,0.29743945530466886,0.9296025481856719,0.4711170021285679,0.009009009009009009,0.261038961038961,0.02579123277253847
370,109,98.1981981981982,111,1,110,0,0,0.009009009009009009,0.6999469028910934,0.6869822165353725,0.19488110545417706,0.5456863811196654,0.33638669875466104,1.1693691234555732,7.72972972972973,8.176242457702756,0.3464987855871602,0.2936015906908418,0.0003784676876088844,0.0,0.2936015906908418,-0.007150326592248596,0,1,0,0,0,0.0,0.24324324324324326,0.20121866901404542,0.3058938367681211,0.9122048434297934,0.4743020039858136,0.009009009009009009,0.261038961038961,0.025808055303959347
371,109,98.1981981981982,111,0,111,0,0,0.0,0.6948653109700893,0.6821203799050168,0.18673365240365158,0.5456871924322074,0.34060985602015603,1.1785246089483419,7.72972972972973,8.176242457702756,0.3435523977549202,0.0,0.0,0.0,0.0,0.0,0,0,0,0,0,0.0,0.23423423423423423,0.19731096207203347,0.30682473104397323,0.9171623480267219,0.47081647099365614,0.0,0.29707792207792205,0.02578268051179459
372,109,98.1981981981982,111,0,111,0,0,0.0,0.6926814546565868,0.6800581515796018,0.20243266626050158,0.5455530471795351,0.33677279095638024,1.1775094322863262,7.72972972972973,8.176242457702756,0.346367113470581,0.0,0.0,0.0,0.0,0.0,0,0,0,0,0,0.0,0.26126126126126126,0.20472039263410133,0.2834736796526287,0.9093504009920137,0.4785167785832217,0.0,0.261038961038961,0.025766277209675083
373,109,98.1981981981982,111,0,111,0,0,0.0,0.6987263642394383,0.6860968021116578,0.20147933606736776,0.5458248577349062,0.338483537044497,1.1810710169466259,7.72972972972973,8.176242457702756,0.3445831509733608,0.0,0.0,0.0,0.0,0.0,0,0,0,0,0,0.0,0.23423423423423423,0.2026040305194062,0.2969859700523144,0.9033634259996861,0.4764149068401957,0.0,0.29707792207792205,0.025807613702605724
374,110,99.09909909909909,111,0,111,0,0,0.0,0.6893963348283093,0.6772244304221292,0.18826285057347564,0.5454941031033771,0.33966063796005685,1.181144103977366,7.72972972972973,8.176242457702756,0.3399294649708158,0.0,0.0,0.0,0.0,0.0,0,0,0,0,0,0.0,0.22522522522522523,0.19639423175722784,0.2922882552689674,0.8932095427821578,0.47042543210516846,0.0,0.3691558441558442,0.02574744190524313
375,111,100.0,111,0,111,0,0,0.0,0.6808913982827661,0.6691417619447497,0.17229089650242824,0.5446617049150513,0.34264450956061504,1.1874385686410807,7.72972972972973,8.176242457702756,0.331159364728026,0.0,0.0,0.0,0.0,0.0,0,0,0,0,0,0.0,0.25225225225225223,0.18629942113497946,0.2881867934172991,0.893507614298078,0.4625339422995869,0.0,0.33311688311688314,0.025670887775469893
376,111,100.0,111,0,111,0,0,0.0,0.6786559140780164,0.6671526709824214,0.16360858050539215,0.5437672593009895,0.3418487286374501,1.1699793916007155,7.72972972972973,8.176242457702756,0.32587444457222103,0.0,0.0,0.0,0.0,0.0,0,0,0,0,0,0.0,0.22522522522522523,0.17991359418479838,0.2933880928613643,0.9036757045811291,0.456716551003923,0.0,0.261038961038961,0.025623144333417152
377,111,100.0,111,0,111,0,0,0.0,0.675918322403219,0.6642141158834486,0.16718663884548096,0.5427537350172693,0.34463149648107483,1.18936467890586,7.72972972972973,8.176242457702756,0.3278474453991893,0.0,0.0,0.0,0.0,0.0,0,0,0,0,0,0.0,0.21621621621621623,0.18370721125073433,0.30932994054208945,0.8987659133006851,0.45354021154200835,0.0,0.29707792207792205,0.02556802227364084
378,110,99.09909909909909,111,1,110,0,0,0.009009009009009009,0.6811593426941358,0.6705880948767593,0.17079833289813257,0.5421584652689015,0.34167384910405585,1.1857468681472414,7.72972972972973,8.176242457702756,0.32870543695003684,0.4318459760273449,0.0004285585298887972,0.0,0.4318459760273449,0.004746565633667571,0,1,0,0,0,0.0,0.21621621621621623,0.18427413439218443,0.2995159444273828,0.898225754058285,0.45646500579587845,0.009009009009009009,0.29707792207792205,0.025569892026143473
379,110,99.09909909909909,111,0,111,0,0,0.0,0.6830811136458927,0.6726529677864567,0.17688439450365678,0.5418284646796789,0.3426083593158394,1.1830910313462848,7.72972972972973,8.176242457702756,0.32657062437190376,0.0,0.0,0.0,0.0,0.0,0,0,0,0,0,0.0,0.23423423423423423,0.1846220304903124,0.28869341632698986,0.8959845869748042,0.45586526824028806,0.0,0.33311688311688314,0.02556601005675891
380,110,99.09909909909909,111,0,111,0,0,0.0,0.6836532193396969,0.6731608509273505,0.18742657579581526,0.5415586663443444,0.3463561365316995,1.1986047326356237,7.72972972972973,8.176242457702756,0.32741587642131265,0.0,0.0,0.0,0.0,0.0,0,0,0,0,0,0.0,0.22522522522522523,0.18883799264569495,0.2750172126018172,0.910612395027704,0.4567054538750789,0.0,0.3331168831168831,0.02555784090220603
381,110,99.09909909909909,111,0,111,0,0,0.0,0.6874942399642856,0.6770772263207535,0.1902329280726961,0.541567097253228,0.3443614568611403,1.1909875529529175,7.72972972972973,8.176242457702756,0.3273177206483642,0.0,0.0,0.0,0.0,0.0,0,0,0,0,0,0.0,0.2072072072072072,0.18871382571427256,0.2801068122903402,0.9026290673704503,0.4577072664994305,0.0,0.3331168831168831,0.025577390671104833
382,110,99.09909909909909,111,0,111,0,0,0.0,0.6862960819879282,0.6757910385372461,0.19700127463153616,0.5414907093652473,0.34384963219558823,1.1874645223332538,7.72972972972973,8.176242457702756,0.3313668448525786,0.0,0.0,0.0,0.0,0.0,0,0,0,0,0,0.0,0.2072072072072072,0.19423973355545612,0.2838189224731301,0.8871718446425025,0.46200333222486617,0.0,0.33311688311688314,0.025568277051758237
383,111,100.0,111,0,110,1,0,0.0,0.681728370985665,0.6714804145771064,0.18500826198205697,0.5411386094830598,0.34779182006386367,1.1922389527120687,7.72972972972973,8.176242457702756,0.3279615237421667,0.21562795293527215,0.0003377813390453081,0.0,0.21562795293527215,0.003346445025617595,0,0,0,1,0,0.0,0.22522522522522523,0.1880330890467886,0.27654207698589794,0.8762635369791758,0.4569520262466879,0.0,0.33311688311688314,0.025531044226716447
384,110,99.09909909909909,111,1,109,1,0,0.009009009009009009,0.678362555944315,0.6678740022153736,0.18508296996122955,0.5406022365698101,0.3455864555717314,1.1900992840969304,7.72972972972973,8.176242457702756,0.329836374840216,0.3127331644192512,0.00046339223876561413,0.0,0.3127331644192512,-0.0005511623461428999,0,1,0,1,0,0.0,0.24324324324324326,0.18990694476194037,0.2763367656045185,0.8746887099201192,0.45732563159447803,0.009009009009009009,0.3691558441558441,0.025492287576577333
385,110,99.09909909909909,111,0,109,2,0,0.0,0.6737860346998956,0.6635662248513897,0.16603194154005332,0.5398051137051183,0.34957439491676284,1.1903141543348033,7.72972972972973,8.176242457702756,0.3235545108738618,0.38641197152892215,0.0005733028468956444,0.0,0.38641197152892215,0.0005707659630918571,0,0,0,2,0,0.0,0.26126126126126126,0.1794343636556785,0.27660767753257137,0.9127297902372327,0.45057891514462234,0.0,0.3331168831168831,0.025436817621303738
386,109,98.1981981981982,111,1,109,1,0,0.009009009009009009,0.6746920120254843,0.6639448326529276,0.16697058287797562,0.5391318707901658,0.3458583128623888,1.182839768951361,7.72972972972973,8.176242457702756,0.32350181294954217,0.38295979230022614,0.0005539750040296569,0.0,0.38295979230022614,-0.002327057268302485,0,1,0,1,0,0.0,0.26126126126126126,0.17982409155901413,0.27343331528510806,0.9063648432978131,0.45379917459870683,0.009009009009009009,0.33311688311688314,0.025413824521403772
387,108,97.29729729729729,111,1,110,0,0,0.009009009009009009,0.6729638489441379,0.6618018597358389,0.16914232594664752,0.5383775987502855,0.3432439224023456,1.1656796119035142,7.72972972972973,8.176242457702756,0.3272652836733916,0.3847341133884008,0.0004232290398657072,0.0,0.3847341133884008,0.008688080563201722,0,1,0,0,0,0.0,0.2702702702702703,0.182715572187969,0.24548620788709416,0.9236572531444196,0.46711138264069235,0.009009009009009009,0.29707792207792205,0.025374348150611403
388,108,97.29729729729729,111,0,111,0,0,0.0,0.6700790037813884,0.6589712237269212,0.16434111370661392,0.5374618089212272,0.3406298110012443,1.1596421279719342,7.72972972972973,8.176242457702756,0.32875057691599086,0.0,0.0,0.0,0.0,0.0,0,0,0,0,0,0.0,0.27927927927927926,0.18237758758696704,0.2584678967828695,0.9206258938497276,0.4686463296541541,0.0,0.33311688311688314,0.025322485326384262
389,109,98.1981981981982,111,0,110,1,0,0.0,0.6729900035197593,0.6616684632505718,0.17637935499499946,0.5367973225634906,0.3377749117207048,1.153730578253031,7.72972972972973,8.176242457702756,0.3338217623816844,0.44302511293894825,0.00025987172665459246,0.0,0.44302511293894825,0.009154889308556624,0,0,0,1,0,0.0,0.26126126126126126,0.19004980478773326,0.26449967864195423,0.9109939365192892,0.47686032395801214,0.0,0.29707792207792205,0.025309875317222664
390,109,98.1981981981982,111,0,111,0,0,0.0,0.671052689100675,0.6600906340154227,0.1724991635005936,0.5360839605063935,0.3383028527916424,1.142557868345471,7.72972972972973,8.176242457702756,0.33186320256054436,0.0,0.0,0.0,0.0,0.0,0,0,0,0,0,0.0,0.2702702702702703,0.18684528497350472,0.24117455233471555,0.9109939365192892,0.48073477156655153,0.0,0.29707792207792205,0.025271025639432485
391,110,99.09909909909909,111,0,111,0,0,0.0,0.6680657772208883,0.6573388457107243,0.17064529684867819,0.535248930353714,0.34032953619952294,1.1379265543806947,7.72972972972973,8.176242457702756,0.3309388154604429,0.0,0.0,0.0,0.0,0.0,0,0,0,0,0,0.0,0.2702702702702703,0.1862516461062212,0.24075978040645193,0.9122600619170509,0.48066547735345244,0.0,0.29707792207792205,0.02522195403509455
392,111,100.0,111,0,111,0,0,0.0,0.6711244911251824,0.6600977083681084,0.17117165494137895,0.5346626313308669,0.3412214682859238,1.1449632795816642,7.72972972972973,8.176242457702756,0.3322289729940675,0.0,0.0,0.0,0.0,0.0,0,0,0,0,0,0.0,0.2702702702702703,0.18737036292860487,0.2522710447387197,0.9081074473273709,0.47924698940991317,0.0,0.29707792207792205,0.02521327898979846
393,110,99.09909909909909,111,1,110,0,0,0.009009009009009009,0.6706073415567332,0.6593175420425071,0.17890563366645326,0.5340862589962118,0.3358247134050665,1.1448415219892425,7.72972972972973,8.176242457702756,0.3368987167552806,0.4310287482242803,0.0006546811886119109,0.0,0.4310287482242803,-0.0008666034605336881,0,1,0,0,0,0.0,0.26126126126126126,0.19322328242949433,0.23677345115110174,0.9116230724372818,0.485216755329728,0.009009009009009009,0.29707792207792205,0.025187130442185953
394,110,99.09909909909909,111,0,111,0,0,0.0,0.679790032781545,0.6680588992940444,0.20115244865347906,0.5341157638206404,0.32774116885917437,1.1533020699979224,7.72972972972973,8.176242457702756,0.34277987685879907,0.0,0.0,0.0,0.0,0.0,0,0,0,0,0,0.0,0.2702702702702703,0.2038812159338706,0.2253104669351706,0.9097417052361492,0.4953669349522504,0.0,0.29707792207792205,0.025234250091301015
395,110,99.09909909909909,111,0,111,0,0,0.0,0.677751617059722,0.6660816732533472,0.20850745692423336,0.5340135260230675,0.33153165112384847,1.1580745876707397,7.72972972972973,8.176242457702756,0.3426287658257938,0.0,0.0,0.0,0.0,0.0,0,0,0,0,0,0.0,0.2702702702702703,0.20677783733280566,0.2076178052792779,0.8915422901178599,0.5019332485301328,0.0,0.29707792207792205,0.02521987840758541
396,110,99.09909909909909,111,0,111,0,0,0.0,0.6786867146235578,0.6669752118064247,0.20361806212278405,0.5339780937385497,0.32712134710847013,1.1447844459176295,7.72972972972973,8.176242457702756,0.3415904977969655,0.0,0.0,0.0,0.0,0.0,0,0,0,0,0,0.0,0.27927927927927926,0.20458017321059954,0.21956279166036277,0.9121301261321328,0.498371686168146,0.0,0.261038961038961,0.025223105380659347
397,110,99.09909909909909,111,0,111,0,0,0.0,0.6871876823359752,0.6755372223640308,0.2141136477759729,0.5345055990774775,0.32374213248621275,1.1395985479656556,7.72972972972973,8.176242457702756,0.3427619921801546,0.0,0.0,0.0,0.0,0.0,0,0,0,0,0,0.0,0.27927927927927926,0.20701210561879652,0.20051246996510627,0.9121301261321328,0.5072841995375001,0.0,0.261038961038961,0.025287175276965473
398,111,100.0,111,0,111,0,0,0.0,0.6821641029330184,0.6706280057249167,0.20638601643568608,0.534668862736767,0.32752332992738575,1.1473877057213524,7.72972972972973,8.176242457702756,0.34149811767045146,0.0,0.0,0.0,0.0,0.0,0,0,0,0,0,0.0,0.2702702702702703,0.20436474341637328,0.2100505923649312,0.8984121712659425,0.5014335518389439,0.0,0.29707792207792205,0.025268731796265098
399,111,100.0,111,0,111,0,0,0.0,0.683198781528843,0.6716730451868655,0.21581484533004097,0.5348871335315778,0.3357500277141433,1.1599520282973097,7.72972972972973,8.176242457702756,0.34041187705319653,0.0,0.0,0.0,0.0,0.0,0,0,0,0,0,0.0,0.25225225225225223,0.20710081856347215,0.19703874785594966,0.8887242339621013,0.49999350059544945,0.0,0.3331168831168831,0.025282828363943268
400,111,100.0,111,0,111,0,0,0.0,0.6868046429039408,0.6752075528442356,0.22151368448985287,0.5353187499095928,0.3336680534859846,1.1519609222844516,7.72972972972973,8.176242457702756,0.3395954287504306,0.0,0.0,0.0,0.0,0.0,0,0,0,0,0,0.0,0.26126126126126126,0.20799683962372068,0.19668884690559302,0.8788397872527943,0.4987133417281987,0.0,0.3331168831168831,0.025318502671595588
401,111,100.0,111,0,111,0,0,0.0,0.6908832390225984,0.6790691432193812,0.23338303525801662,0.53596766267949,0.32236659904150256,1.1423012693697896,7.72972972972973,8.176242457702756,0.34339380235684946,0.0,0.0,0.0,0.0,0.0,0,0,0,0,0,0.0,0.26126126126126126,0.21320357285988475,0.19354517816639918,0.8996206975284128,0.5015846108739604,0.0,0.29707792207792205,0.02536542399289177
402,111,100.0,111,0,111,0,0,0.0,0.6918458914969035,0.6799853971998381,0.23062706192259178,0.5366234508855581,0.32236404577017125,1.1411530235578091,7.72972972972973,8.176242457702756,0.3415852831002608,0.0,0.0,0.0,0.0,0.0,0,0,0,0,0,0.0,0.25225225225225223,0.2108860467740567,0.2022553212088667,0.9119993338427159,0.49648864427992584,0.0,0.261038961038961,0.025397046672131867
403,111,100.0,111,0,111,0,0,0.0,0.6908205853204882,0.6789667841215604,0.22614988632368352,0.5371589928379001,0.3216423477416348,1.1279586453832144,7.72972972972973,8.176242457702756,0.34071048327963993,0.0,0.0,0.0,0.0,0.0,0,0,0,0,0,0.0,0.26126126126126126,0.2091173609909876,0.20760998137690917,0.9243709229156745,0.49445828103870204,0.0,0.29707792207792205,0.02541381374549289
404,111,100.0,111,0,111,0,0,0.0,0.6945092544796156,0.6824306393881354,0.24883183513111884,0.5378773181457394,0.3158998794012885,1.0775888284153494,7.72972972972973,8.176242457702756,0.34820939795234085,0.0,0.0,0.0,0.0,0.0,0,0,0,0,0,0.0,0.25225225225225223,0.22077581300540425,0.20036542331335708,0.9168363444915396,0.5051747016561644,0.0,0.33311688311688314,0.025461623100690518
405,111,100.0,111,0,111,0,0,0.0,0.6878222663091004,0.6760707813361226,0.24133697341403074,0.5381209135033359,0.3219806279476577,1.0998221131397459,7.72972972972973,8.176242457702756,0.3463785871394862,0.0,0.0,0.0,0.0,0.0,0,0,0,0,0,0.0,0.27927927927927926,0.2188660031469524,0.19180607439346065,0.9267018333074305,0.5067628946448614,0.0,0.29707792207792205,0.02543814663336434
406,111,100.0,111,0,111,0,0,0.0,0.6883686207799615,0.6765724375982666,0.24456928462125904,0.5383774052197174,0.31707859762178287,1.0999659099026322,7.72972972972973,8.176242457702756,0.3445385939156991,0.0,0.0,0.0,0.0,0.0,0,0,0,0,0,0.0,0.27927927927927926,0.217940717318629,0.18775070837913668,0.9309440503126222,0.5042238193486984,0.0,0.29707792207792205,0.025451364098026286
407,110,99.09909909909909,111,1,110,0,0,0.009009009009009009,0.6897335334764849,0.6773030627119289,0.2637526566325001,0.5387007647968599,0.3174781251424337,1.1069178790585523,7.72972972972973,8.176242457702756,0.3446637987963579,0.26522763637139846,0.00011671878034533401,0.0,0.26522763637139846,0.012947845546328343,0,1,0,0,0,0.0,0.2702702702702703,0.22297676049741286,0.1783581134233732,0.9122623689301711,0.5074771334258612,0.009009009009009009,0.3691558441558441,0.02547140799302759
408,109,98.1981981981982,111,1,110,0,0,0.009009009009009009,0.6855883945941303,0.6728362000095411,0.23947590323702375,0.5387065481651145,0.3244698893735644,1.105504141301714,7.72972972972973,8.176242457702756,0.34031497778728714,0.29830842252682704,0.00045822489103964357,0.0,0.29830842252682704,0.000671264493000534,0,1,0,0,0,0.0,0.26126126126126126,0.21322722756598478,0.19044378713509363,0.9200197985281112,0.5000045237830683,0.009009009009009009,0.35129870129870133,0.025450918729721175
409,109,98.1981981981982,111,0,111,0,0,0.0,0.6859130069620698,0.6733198156726247,0.2243783316847104,0.5387024031677343,0.3234686030235253,1.0921865205621075,7.72972972972973,8.176242457702756,0.3378907111402085,0.0,0.0,0.0,0.0,0.0,0,0,0,0,0,0.0,0.25225225225225223,0.20656022591841186,0.1988210548075676,0.9235321346706056,0.496033746873498,0.0,0.31525974025974024,0.025452372339043034
410,109,98.1981981981982,111,0,110,1,0,0.0,0.6870258998395916,0.6744956249824609,0.23783502853374747,0.5387755066913996,0.3135716250381343,1.0734799291865254,7.72972972972973,8.176242457702756,0.3448638961820769,0.09428690013296333,0.00046845375848803255,0.0,0.09428690013296333,-0.002057380047369217,0,0,0,1,0,0.0,0.26126126126126126,0.21511292197867324,0.18776809959263965,0.9046446229496908,0.5120969148434196,0.0,0.31525974025974024,0.025460925364100644
411,109,98.1981981981982,111,0,110,1,0,0.0,0.683379809235766,0.6708710049624458,0.22276126388151843,0.5386055469169196,0.31263034886541674,1.0747432673531945,7.72972972972973,8.176242457702756,0.34380012605817334,0.07769350944354994,0.00022894680957177344,0.0,0.07769350944354994,0.0012593622459959042,0,0,0,1,0,0.0,0.2702702702702703,0.21053489363834196,0.20584358105890901,0.9124936720704228,0.507012106934334,0.0,0.31525974025974024,0.025435746749460492
412,110,99.09909909909909,111,0,110,1,0,0.0,0.6845884077796207,0.6721131734894784,0.20600433235381632,0.5385307336340845,0.31327867051756725,1.0713673116546054,7.72972972972973,8.176242457702756,0.3379097721943496,0.08772750603224251,0.000495009372961726,0.0,0.08772750603224251,-0.0036801682889699983,0,0,0,1,0,0.0,0.25225225225225223,0.20040876401841135,0.22146359924252004,0.9185792449717102,0.49541200724359213,0.0,0.35129870129870133,0.02543873128448218
413,111,100.0,111,0,110,1,0,0.0,0.6867531967962477,0.6738609125877375,0.22328164520825722,0.5385763567756057,0.3131082218336518,1.0722264232653387,7.72972972972973,8.176242457702756,0.3420615782500551,0.08388594243604586,0.0004804609446813947,0.0,0.08388594243604586,-0.002662667848248701,0,0,0,1,0,0.0,0.26126126126126126,0.2085903980445399,0.21751010725412448,0.9125870315422245,0.501566502754271,0.0,0.2792207792207792,0.02545142035889911
414,111,100.0,111,0,110,1,0,0.0,0.6914326853796023,0.6783907901838205,0.2301851283154686,0.5389145486786938,0.30368010158569414,1.0543617372857788,7.72972972972973,8.176242457702756,0.34441222185147624,0.07602238923392136,0.0004739368048857531,0.0,0.07602238923392136,-0.004413906449775351,0,0,0,1,0,0.0,0.2702702702702703,0.21122546474931714,0.2163777672038409,0.9220318319528455,0.5051267236309477,0.0,0.31525974025974024,0.02548864349680029
415,111,100.0,111,0,111,0,0,0.0,0.687799068378204,0.6746427218940725,0.22100626563749529,0.5389799282711331,0.3072557197613354,1.0721387597522374,7.72972972972973,8.176242457702756,0.3464544275562311,0.0,0.0,0.0,0.0,0.0,0,0,0,0,0,0.0,0.2702702702702703,0.21086077744810328,0.22519760019547166,0.9119666499019673,0.507168166166003,0.0,0.2792207792207792,0.02547314820879114
416,111,100.0,111,0,110,1,0,0.0,0.6924632363042875,0.6790395053750653,0.23573429138139765,0.5393275556117735,0.3070344015221074,1.066802710576282,7.72972972972973,8.176242457702756,0.35025835044955733,0.07404156991249376,0.0004636094043918558,0.0,0.07404156991249376,-0.004872490140396923,0,0,0,1,0,0.0,0.27927927927927926,0.21772509865622586,0.21570045403581647,0.9064986749836644,0.5126868769144594,0.0,0.31525974025974024,0.02551068047553157
417,111,100.0,111,0,110,1,0,0.0,0.6904727533425766,0.677502780469614,0.2490189262838478,0.5395462430148519,0.31372331458691755,1.085351775217096,7.72972972972973,8.176242457702756,0.34611799670764953,0.07725376533530212,0.0004559737490526447,0.0,0.07725376533530212,-0.004203516626167025,0,0,0,1,0,0.0,0.2702702702702703,0.2181090602655734,0.19358585374695553,0.9077301315361233,0.5092653074435977,0.0,0.27922077922077926,0.02550966826687309
418,111,100.0,111,0,110,1,0,0.0,0.698150528392803,0.6848404936081802,0.2590998650493332,0.5402270093792778,0.313616307554401,1.083776330204257,7.72972972972973,8.176242457702756,0.3493008308967762,0.07944987269609763,0.0004624697717558665,0.0,0.07944987269609763,-0.0045872514415020715,0,0,0,1,0,0.0,0.25225225225225223,0.2219480960908213,0.20555942794553708,0.8925999872699332,0.5108224544656005,0.0,0.35129870129870133,0.0255758876963872
419,111,100.0,111,0,110,1,0,0.0,0.6980617598461692,0.6848241667195841,0.26245259646107716,0.5408510466943802,0.3225532776131195,1.1056492855696216,7.72972972972973,8.176242457702756,0.3434855471316016,0.05294942767335156,0.00017037742108123402,0.0,0.05294942767335156,-0.001850612789361883,0,0,0,1,0,0.0,0.23423423423423423,0.21847542990006613,0.1959139187038612,0.8973645542340449,0.4999082673813206,0.0,0.35129870129870133,0.025600955255608685
420,111,100.0,111,0,110,1,0,0.0,0.6981127656675206,0.6849917224786091,0.28009587993454926,0.5414350210176608,0.32922620651606,1.12090158159634,7.72972972972973,8.176242457702756,0.3433436453553316,0.038893137479768206,0.0002277977380059919,0.0,0.038893137479768206,-0.00935841435892884,0,0,0,1,0,1.0,0.25225225225225223,0.22311824936105157,0.18106833781453638,0.8845778532098398,0.5043229705981108,0.0,0.35129870129870133,0.025625083862996514
421,111,100.0,111,0,110,1,0,0.0,0.6931923433967025,0.6803560284519011,0.2712432047225298,0.5416680277178028,0.33742992870272337,1.1354181368241076,7.72972972972973,8.176242457702756,0.33790284760414013,0.05869247269858989,0.0003388380460505871,0.0,0.05869247269858989,-0.007738504817695835,0,0,0,1,0,0.0,0.24324324324324326,0.21727626553496004,0.172618970766568,0.9024283503073771,0.49447606394572585,0.0,0.35129870129870133,0.025610007348015575
422,111,100.0,111,0,110,1,0,0.0,0.6991336432694752,0.6859818280305606,0.3119948380415119,0.5422499664361867,0.3334818246275534,1.1299710569287946,7.72972972972973,8.176242457702756,0.3452390628936979,0.06530304211894619,0.0002519414396677783,0.0,0.06530304211894619,-0.003265312435883627,0,0,0,1,0,0.0,0.22522522522522523,0.23146502521284765,0.154699974786521,0.8811014599561455,0.5078779488327738,0.0,0.3873376623376623,0.025663504207664598
423,111,100.0,111,0,109,2,0,0.0,0.7023152942586239,0.6890916195277672,0.3328211938827341,0.542987735708193,0.3312975444147705,1.1219500987835902,7.72972972972973,8.176242457702756,0.34717278080827985,0.15943183513520337,0.00023467866832093672,0.0,0.15943183513520337,-0.0017283788838613617,0,0,0,2,0,0.5,0.21621621621621623,0.23761675640238752,0.14875883935412063,0.8946002915534059,0.5086670950812164,0.0,0.35129870129870133,0.025709573364839172
424,110,99.09909909909909,111,1,109,1,0,0.009009009009009009,0.7044930141453387,0.6933201449896967,0.3633965199912876,0.5438028799938276,0.33293840737844693,1.1251201387174485,7.72972972972973,8.176242457702756,0.3508054009903179,0.12153260399486095,0.0002976242517107286,0.0,0.12153260399486095,-0.003264721065400447,0,1,0,1,0,0.0,0.1981981981981982,0.24718254134846004,0.14124066519171452,0.888798091550523,0.5099055001131042,0.009009009009009009,0.3873376623376623,0.025753786050859543
425,109,98.1981981981982,111,1,106,2,2,0.009009009009009009,0.7097675235882462,0.6969266129089777,0.3888192243267337,0.5450241335837516,0.34152734778917165,1.1405047722772454,7.72972972972973,8.176242457702756,0.3532664941716963,0.414527381959359,0.0004664446756178045,0.4,0.2553974898433394,0.004013425193891901,0,3,0,2,0,0.0,0.22522522522522523,0.25466538832656876,0.1463753177223556,0.9150159968770054,0.5040207570941182,0.009009009009009009,0.3691558441558441,0.025830084925341872
426,109,98.1981981981982,111,0,110,1,0,0.0,0.7140621708288609,0.7008965696242162,0.4254793466708578,0.5463072412971081,0.33548395300652734,1.1274970502409576,7.72972972972973,8.176242457702756,0.35913118670478905,0.08309521247361859,0.0004701811541490842,0.0,0.08309521247361859,-0.005037221777958234,0,0,0,1,0,0.0,0.21621621621621623,0.2659198837435691,0.148286922780849,0.8846722827345572,0.5080437010363406,0.0,0.3691558441558441,0.0259040131603637
427,109,98.1981981981982,111,0,110,1,0,0.0,0.7157026027561676,0.7025584058328074,0.47066779912173773,0.5475941396189585,0.3414828237772663,1.1440938126596532,7.72972972972973,8.176242457702756,0.3575563471893237,0.0586569270678377,0.0002020312501096642,0.0,0.0586569270678377,-0.0011422329622858829,0,0,0,1,0,0.0,0.22522522522522523,0.27354973804235627,0.12589709601028332,0.9056434585846815,0.5075543960869353,0.0,0.3691558441558441,0.025964825283489538
428,109,98.1981981981982,111,0,110,1,0,0.0,0.7137142806764578,0.7004669602048575,0.47582078325466326,0.5486390166815007,0.34340205275338165,1.1496434746532542,7.72972972972973,8.176242457702756,0.3581375393859627,0.09279568185447874,0.0004743500588311676,0.0,0.09279568185447874,-0.0021627183289146257,0,0,0,1,0,0.0,0.22522522522522523,0.27594512248832936,0.11869209522991402,0.9006561796248421,0.506981464156431,0.0,0.3691558441558441,0.025997599514100175
429,109,98.1981981981982,111,1,110,0,0,0.009009009009009009,0.7117268852454374,0.6983803660462297,0.40070629739633934,0.5494945650461385,0.3475722829626957,1.1486060261414714,7.72972972972973,8.176242457702756,0.3504219435249889,0.08890161207792396,0.00028169126124738775,0.0,0.08890161207792396,0.000657583519384497,0,1,0,0,0,0.0,0.22522522522522523,0.25422070750384845,0.13409249496091924,0.9150159968770054,0.4971175283811451,0.009009009009009009,0.3691558441558441,0.02602263839126292
430,110,99.09909909909909,111,0,111,0,0,0.0,0.7167446833867491,0.7032315297776028,0.4361626707677,0.5505648890469701,0.3479955160501815,1.1518745334095304,7.72972972972973,8.176242457702756,0.3519346636152083,0.0,0.0,0.0,0.0,0.0,0,0,0,0,0,0.0,0.22522522522522523,0.26236794356581483,0.12203257083206479,0.8998697956679174,0.497965899401173,0.0,0.3691558441558441,0.026091483524664966
431,110,99.09909909909909,111,0,110,1,0,0.0,0.7148246177826052,0.7016706168066085,0.4287800353148777,0.5514456015391611,0.351044691741389,1.1540226671092482,7.72972972972973,8.176242457702756,0.34847522253790886,0.17959305075630438,0.0002576813271200207,0.0,0.17959305075630438,0.002960596634648094,0,0,0,1,0,0.0,0.2072072072072072,0.25815986318515866,0.1194620489799364,0.9198821224137386,0.4932487291320132,0.0,0.33311688311688314,0.02611788779100265
432,110,99.09909909909909,111,0,110,1,0,0.0,0.7156641883106647,0.7025791300790462,0.4370127710630534,0.5523137306409672,0.3476825553289159,1.1468427095684957,7.72972972972973,8.176242457702756,0.3487757217589409,0.19054014970400399,0.00025857150079079943,0.0,0.19054014970400399,0.004020593999724875,0,0,0,1,0,0.0,0.2072072072072072,0.2597656440784634,0.1166062849362008,0.9235222399255125,0.49238640731124367,0.0,0.33311688311688314,0.026157575813747724
433,109,98.1981981981982,111,1,109,1,0,0.009009009009009009,0.7190074507656825,0.7059579748194957,0.41327161586551336,0.5533553387342889,0.34656112509653497,1.1379496108381542,7.72972972972973,8.176242457702756,0.34603484689296526,0.27337456953080747,0.0004722061225124153,0.0,0.27337456953080747,-0.0036340410121977335,0,1,0,1,0,0.0,0.2072072072072072,0.25149805449942386,0.11671304719443382,0.8996009162026115,0.4958245896855443,0.009009009009009009,0.3873376623376623,0.026216874327607328
434,110,99.09909909909909,111,0,110,1,0,0.0,0.7143177183303802,0.7013758644090259,0.40702059676270846,0.5539886175578436,0.3521964869867064,1.1417084650599227,7.72972972972973,8.176242457702756,0.3433864600878005,0.18018753220988712,0.0004592154180924644,0.0,0.18018753220988712,-0.002625809558063741,0,0,0,1,0,0.0,0.22522522522522523,0.24910929922562053,0.11950131431990188,0.8995765052105931,0.4921151171908996,0.0,0.3873376623376623,0.026219314871454378
435,110,99.09909909909909,111,0,111,0,0,0.0,0.7156052597583097,0.7022708809912626,0.48651531232157186,0.5546286609499913,0.3514300992849467,1.151036254511258,7.72972972972973,8.176242457702756,0.3475463568494115,0.0,0.0,0.0,0.0,0.0,0,0,0,0,0,0.0,0.2072072072072072,0.2692059745378793,0.10949190094395224,0.8864431731567681,0.49183724905349563,0.0,0.4233766233766234,0.02625191832838228
436,110,99.09909909909909,111,0,111,0,0,0.0,0.7168613282059031,0.7035015187620878,0.4873347240046335,0.5552968687848975,0.35414428023875144,1.1561547026886394,7.72972972972973,8.176242457702756,0.34734552114099193,0.0,0.0,0.0,0.0,0.0,0,0,0,0,0,0.0,0.2072072072072072,0.26877262609494273,0.11777548148517969,0.885158477500801,0.4876687871055402,0.0,0.4233766233766234,0.026285515816971892
437,110,99.09909909909909,111,0,111,0,0,0.0,0.7210054621368049,0.7078213296515494,0.47515417667912385,0.5561930008967297,0.34823176144631934,1.1478213144518652,7.72972972972973,8.176242457702756,0.34685907778049496,0.0,0.0,0.0,0.0,0.0,0,0,0,0,0,0.0,0.21621621621621623,0.2646415970685554,0.11559207450488154,0.8946709437434107,0.48707789188406087,0.0,0.3873376623376623,0.02634287145372877
438,111,100.0,111,0,111,0,0,0.0,0.7275447631292606,0.7136568710599868,0.5512927163827746,0.5573975654857759,0.34082650571410567,1.1381039089771532,7.72972972972973,8.176242457702756,0.35734609064260514,0.0,0.0,0.0,0.0,0.0,0,0,0,0,0,0.0,0.23423423423423423,0.2865760441985095,0.10854036702922544,0.8993542472902902,0.49796543375602287,0.0,0.3512987012987013,0.02642481201937107
439,111,100.0,111,0,111,0,0,0.0,0.7238606153866539,0.7101577150598174,0.5315476487499242,0.5582747623706245,0.3377038382583602,1.1236112731613854,7.72972972972973,8.176242457702756,0.3576438910619899,0.0,0.0,0.0,0.0,0.0,0,0,0,0,0,0.0,0.25225225225225223,0.28449307903732407,0.11248700708835879,0.8845594306186001,0.4984075137319587,0.0,0.3873376623376623,0.026442252152726355
440,111,100.0,111,0,111,0,0,0.0,0.7197211662833489,0.7065911218333475,0.42474275632987446,0.5588469468635955,0.3395964914927698,1.129705566750051,7.72972972972973,8.176242457702756,0.351040759402955,0.0,0.0,0.0,0.0,0.0,0,0,0,0,0,0.0,0.24324324324324326,0.25864462347556866,0.1288905952032166,0.9064846761047993,0.4975148859980425,0.0,0.3512987012987013,0.026444946502935173
441,111,100.0,111,0,111,0,0,0.0,0.7203319899179403,0.7070968809045752,0.4206394121160272,0.559405429835448,0.3396403201897038,1.1233565826846206,7.72972972972973,8.176242457702756,0.35039897496090977,0.0,0.0,0.0,0.0,0.0,0,0,0,0,0,0.0,0.24324324324324326,0.25663432161803384,0.1290763064040139,0.9188509200776516,0.49631204798978196,0.0,0.35129870129870133,0.026470832082039954
442,111,100.0,111,0,111,0,0,0.0,0.7256119456725099,0.7120500232726333,0.4542170696941318,0.560242234628867,0.3397272534607213,1.127043694983535,7.72972972972973,8.176242457702756,0.35480567906956506,0.0,0.0,0.0,0.0,0.0,0,0,0,0,0,0.0,0.22522522522522523,0.26580115804624416,0.1274188035096312,0.8948685431977849,0.4974452238015025,0.0,0.3873376623376623,0.02653144145521661
443,111,100.0,111,0,111,0,0,0.0,0.7328573714009778,0.7188372655676871,0.5113456771748857,0.5614545733424667,0.34077826772731334,1.150635864506587,7.72972972972973,8.176242457702756,0.3587008331976451,0.0,0.0,0.0,0.0,0.0,0,0,0,0,0,0.0,0.21621621621621623,0.2785417500713146,0.11879437053715362,0.8964805072617611,0.49765467202843416,0.0,0.31525974025974024,0.026617230460175202
444,111,100.0,111,0,111,0,0,0.0,0.72971971327056,0.7154452995473243,0.5365023858210136,0.5623459200107076,0.34629737340697614,1.1419822054873559,7.72972972972973,8.176242457702756,0.362946125629511,0.0,0.0,0.0,0.0,0.0,0,0,0,0,0,0.0,0.24324324324324326,0.28834747080857076,0.1173444959356778,0.8932020284975596,0.5011285927515499,0.0,0.31525974025974024,0.026637981501890128
445,111,100.0,111,0,111,0,0,0.0,0.7346667197066464,0.7200492519410038,0.5649195133703788,0.5634655322624901,0.342875945183457,1.1390922875428477,7.72972972972973,8.176242457702756,0.36768555970370764,0.0,0.0,0.0,0.0,0.0,0,0,0,0,0,0.0,0.23423423423423423,0.296144366423642,0.11723746063175222,0.9035987150478597,0.5089227823699557,0.0,0.31525974025974024,0.0267084876402165
446,110,99.09909909909909,111,1,110,0,0,0.009009009009009009,0.7365125485173395,0.7239289180599305,0.579870716330889,0.5646074542541429,0.34370794022118345,1.1488326953114398,7.72972972972973,8.176242457702756,0.36928932747525844,0.3834921050881207,0.00043110945662613284,0.0,0.3834921050881207,0.0034421889180871745,0,1,0,0,0,0.0,0.22522522522522523,0.29954708438209654,0.11790736078728507,0.9058698405261576,0.5098705195426004,0.009009009009009009,0.2792207792207792,0.026764399939627648
447,109,98.1981981981982,111,1,109,1,0,0.009009009009009009,0.7461390308088578,0.7321344182620917,0.6074530678737178,0.5664087823200312,0.34107757522927706,1.1477853730788568,7.72972972972973,8.176242457702756,0.3722046521769997,0.20779083759802885,0.0005238406803475642,0.0,0.20779083759802885,0.006153793297158983,0,1,0,1,0,0.0,0.22522522522522523,0.30504552407846336,0.11570874823840858,0.8949143443094614,0.5108847774191769,0.009009009009009009,0.2792207792207792,0.02688617282614808
448,109,98.1981981981982,111,0,111,0,0,0.0,0.7444540893216186,0.7305392813329208,0.5914129333410811,0.5678823572882548,0.3446526825250334,1.1591509437754672,7.72972972972973,8.176242457702756,0.3695527938878109,0.0,0.0,0.0,0.0,0.0,0,0,0,0,0,0.0,0.23423423423423423,0.3005789955491007,0.11696499673339115,0.8784362737636361,0.5030831813563618,0.0,0.31525974025974024,0.026937989649810867
449,109,98.1981981981982,111,0,111,0,0,0.0,0.7476128120618206,0.7335947678800512,0.6021875603620315,0.5694353083849649,0.3415365478268454,1.1544441640699763,7.72972972972973,8.176242457702756,0.3714448789037277,0.0,0.0,0.0,0.0,0.0,0,0,0,0,0,0.0,0.22522522522522523,0.3040471169102654,0.11737881254090052,0.8907795367411697,0.5036198104697587,0.0,0.2792207792207792,0.027017269786970166
450,109,98.1981981981982,111,0,111,0,0,0.0,0.7506214306059091,0.7364333107811084,0.6102101122589255,0.5710469553546438,0.34384967545595263,1.1622842708239356,7.72972972972973,8.176242457702756,0.3712683110539019,0.0,0.0,0.0,0.0,0.0,0,0,0,0,0,0.0,0.23423423423423423,0.30550868913358786,0.11936623480932214,0.8957011022968833,0.5002711818191758,0.0,0.2792207792207792,0.02709819896159219
451,110,99.09909909909909,111,0,111,0,0,0.0,0.7508311977300667,0.736649108080877,0.6249472012102314,0.5725409454488762,0.3473072946026264,1.1796936488056453,7.72972972972973,8.176242457702756,0.372979655392103,0.0,0.0,0.0,0.0,0.0,0,0,0,0,0,0.0,0.23423423423423423,0.31062586171358925,0.11903477215160087,0.8840410504091166,0.5006483114322438,0.0,0.2792207792207792,0.027160323923412232
452,111,100.0,111,0,111,0,0,0.0,0.7562308542438636,0.7418034514757766,0.6599922335765609,0.574249928581166,0.3419478691916823,1.1762740144046149,7.72972972972973,8.176242457702756,0.37937100025026127,0.0,0.0,0.0,0.0,0.0,0,0,0,0,0,0.0,0.23423423423423423,0.3217162490165239,0.12359904701525279,0.8945767550392596,0.5065297735010079,0.0,0.2792207792207792,0.027257187508209844
453,111,100.0,111,0,111,0,0,0.0,0.751775059815319,0.737565135361259,0.6687192451981331,0.575541953107681,0.3414229845975312,1.1842109897392656,7.72972972972973,8.176242457702756,0.378063073987456,0.0,0.0,0.0,0.0,0.0,0,0,0,0,0,0.0,0.21621621621621623,0.3234290554183138,0.12056816230019012,0.9091452194518549,0.5034540896077002,0.0,0.2431818181818182,0.027287728065017544
454,111,100.0,111,0,111,0,0,0.0,0.7414945037195564,0.7277153503635516,0.6063367905932315,0.5760840647339152,0.34813999757447256,1.197583863618926,7.72972972972973,8.176242457702756,0.3755985239018851,0.0,0.0,0.0,0.0,0.0,0,0,0,0,0,0.0,0.22522522522522523,0.3138768268230869,0.1301807367338717,0.906106081527954,0.49936613501346816,0.0,0.24318181818181817,0.027258487465014886
455,111,100.0,111,0,111,0,0,0.0,0.7451415382316425,0.7312603667090338,0.6713493081797842,0.5768137313044543,0.3455367612538936,1.1937654740349237,7.72972972972973,8.176242457702756,0.38037352041439276,0.0,0.0,0.0,0.0,0.0,0,0,0,0,0,0.0,0.23423423423423423,0.3278438406837199,0.12012028601662736,0.8965522755103856,0.5046045995227872,0.0,0.24318181818181817,0.02730655229154536
456,111,100.0,111,0,111,0,0,0.0,0.7432002564977552,0.7295993744540108,0.6627448467521718,0.5773750931638743,0.34729643481596173,1.1872268109663717,7.72972972972973,8.176242457702756,0.3781410259125648,0.0,0.0,0.0,0.0,0.0,0,0,0,0,0,0.0,0.22522522522522523,0.32493978038754656,0.1184194926807103,0.904970905757265,0.5061204266650058,0.0,0.2431818181818182,0.02731979503622154
457,111,100.0,111,0,111,0,0,0.0,0.745433923078239,0.7319956542715529,0.6107710089902109,0.5780472972348806,0.3507749904743949,1.185432660384437,7.72972972972973,8.176242457702756,0.37400940298597773,0.0,0.0,0.0,0.0,0.0,0,0,0,0,0,0.0,0.25225225225225223,0.3105619415251705,0.125677298875405,0.8992042437061847,0.49805857702713585,0.0,0.2792207792207792,0.027358443886451974
458,111,100.0,111,0,111,0,0,0.0,0.7328372147788321,0.7198445291151214,0.5372265129774814,0.5778697359079278,0.35499549168681305,1.1850372767369757,7.72972972972973,8.176242457702756,0.36819396787292114,0.0,0.0,0.0,0.0,0.0,0,0,0,0,0,0.0,0.25225225225225223,0.2944375830963116,0.13398547752242745,0.9166299737592645,0.49158680053285764,0.0,0.24318181818181817,0.027288201422653553
459,111,100.0,111,0,111,0,0,0.0,0.7363755727292508,0.7232941102354784,0.5713702700143936,0.5779323293185182,0.34941609994416134,1.1788056336125492,7.72972972972973,8.176242457702756,0.37108508212430746,0.0,0.0,0.0,0.0,0.0,0,0,0,0,0,0.0,0.23423423423423423,0.3028410619618285,0.12391401905235229,0.919825063223005,0.49262708981523434,0.0,0.24318181818181817,0.027308452106911858
460,111,100.0,111,0,111,0,0,0.0,0.7453283397815594,0.7316810121758069,0.6514090619957005,0.5785383916899611,0.3405062435204459,1.1673046677106331,7.72972972972973,8.176242457702756,0.3768401893669473,0.0,0.0,0.0,0.0,0.0,0,0,0,0,0,0.0,0.24324324324324326,0.3199186720568054,0.11823233469446844,0.9254367444261871,0.49840194161414697,0.0,0.2792207792207792,0.027377992506640435
461,111,100.0,111,0,111,0,0,0.0,0.7460960455697707,0.7324949869359767,0.6092732508354604,0.5791481429724188,0.3397320788473694,1.1441416876139403,7.72972972972973,8.176242457702756,0.37789835728175336,0.0,0.0,0.0,0.0,0.0,0,0,0,0,0,0.0,0.2702702702702703,0.31270145562733886,0.13200520649023967,0.9135905074326367,0.4997105176218894,0.0,0.24318181818181817,0.027406758407202837
462,111,100.0,111,0,111,0,0,0.0,0.746875119000316,0.7331113164431251,0.6254490450147284,0.5797483535875079,0.33476655130521216,1.138589318412697,7.72972972972973,8.176242457702756,0.38370316814453087,0.0,0.0,0.0,0.0,0.0,0,0,0,0,0,0.0,0.27927927927927926,0.32186455585429324,0.13122018786690948,0.9311456636095232,0.5083130698031985,0.0,0.24318181818181817,0.027435191111928842
463,110,99.09909909909909,111,1,109,1,0,0.009009009009009009,0.743520538404143,0.7311759286971122,0.6145563707677603,0.5800954948192054,0.3385058328058455,1.1606816918376341,7.72972972972973,8.176242457702756,0.38076378918713005,0.2483506345118159,0.0005807404256960758,0.0,0.2483506345118159,0.0005596464255527289,0,1,0,1,0,0.0,0.27927927927927926,0.31742830139292294,0.13507095845472042,0.9318149591216565,0.5003624938458071,0.009009009009009009,0.20714285714285713,0.0274326097633351
464,109,98.1981981981982,111,1,108,1,1,0.009009009009009009,0.7474217733347276,0.7363529374773912,0.6015982265633623,0.5807393406379584,0.335074996661007,1.148506099388029,7.72972972972973,8.176242457702756,0.380795665125349,0.2504415454734461,0.0005020343916634925,0.0,0.2504415454734461,-0.008064475903396595,0,2,0,1,0,0.0,0.2972972972972973,0.31358371771237753,0.13351770120714743,0.9287966757610643,0.5097007668272812,0.009009009009009009,0.2022727272727273,0.027478437135585534
465,109,98.1981981981982,111,0,109,2,0,0.0,0.7580428701703023,0.7467325207705335,0.6934493258906107,0.582100413227106,0.3290891101386618,1.137624061922114,7.72972972972973,8.176242457702756,0.38937167097612857,0.11527659784527355,0.0006062180260029242,0.0,0.11527659784527355,-0.013432593475507182,0,0,0,2,0,0.0,0.2972972972972973,0.334767083276311,0.12585960333045323,0.9020985986109431,0.5200144372579343,0.0,0.2022727272727273,0.02758718491722043
466,108,97.29729729729729,111,1,109,1,0,0.009009009009009009,0.7530613442226104,0.7441122891538087,0.5632266630166404,0.5830552648209074,0.33209074311987413,1.1302409307660954,7.72972972972973,8.176242457702756,0.38217595572301155,0.14888031599362642,0.00033654608840685287,0.0,0.14888031599362642,0.00016530543162440736,0,1,0,1,0,0.0,0.27927927927927926,0.30748297900489185,0.14292405331899996,0.9235088100832627,0.5206053073439989,0.009009009009009009,0.2068181818181818,0.027601312778192187
467,108,97.29729729729729,111,1,105,5,0,0.009009009009009009,0.7580463245365472,0.7473451364134959,0.5229043821952497,0.5843879128949022,0.34253305622491065,1.145454106141794,7.72972972972973,8.176242457702756,0.38086908313772905,0.5405483220827728,0.0008059835462564391,0.6666666666666666,0.21816374292034227,0.004512996093066837,0,1,0,5,0,0.0,0.27927927927927926,0.29829890618234045,0.16425262683796354,0.9214378789299082,0.5105135590168332,0.009009009009009009,0.26103896103896107,0.027680717948580735
468,108,97.29729729729729,111,1,108,2,0,0.009009009009009009,0.7574156019852185,0.7440024001805404,0.5105795868779289,0.585449736385686,0.35078093281700545,1.136830312202362,7.72972972972973,8.176242457702756,0.38096559352522585,0.3564496948379789,0.0007725589128835328,0.3333333333333333,0.327837985887605,-0.0020793060579332536,0,1,0,2,0,0.0,0.27927927927927926,0.29564331555909423,0.16052615136340742,0.9236383866435849,0.5105937026783206,0.009009009009009009,0.24318181818181817,0.027720972967363755
469,107,96.3963963963964,111,1,110,0,0,0.009009009009009009,0.7498626679778914,0.7368812161326741,0.4635005573224385,0.5857852406890648,0.35865352327961253,1.1549545618348573,7.72972972972973,8.176242457702756,0.376753544616806,0.3752276931174664,0.0005786135225285242,0.0,0.3752276931174664,-0.015040468772221871,0,1,0,0,0,0.0,0.3063063063063063,0.2844144534720359,0.1702098124036142,0.9067249332494727,0.5031588974763993,0.009009009009009009,0.18896103896103894,0.027696924119977255
470,107,96.3963963963964,111,0,111,0,0,0.0,0.7578581061760779,0.7447284316001183,0.49721410608690736,0.5866026609041475,0.35127585692337826,1.1467606932848506,7.72972972972973,8.176242457702756,0.3802008243370072,0.0,0.0,0.0,0.0,0.0,0,0,0,0,0,0.0,0.2882882882882883,0.29204960204898966,0.16588256398568785,0.9206947501068329,0.5061015138177566,0.0,0.20227272727272727,0.027770318440309905
471,108,97.29729729729729,111,0,110,1,0,0.0,0.767312943057504,0.7540204760507625,0.49558584963145746,0.5879610389273962,0.3542527462289318,1.1284717553216164,7.72972972972973,8.176242457702756,0.3798185647205321,0.2987220983026355,0.0003813371623583637,0.0,0.2987220983026355,0.005919942222519042,0,0,0,1,0,0.0,0.2882882882882883,0.28815782382325233,0.17128140255237914,0.9120803686492168,0.5070062742868832,0.0,0.22499999999999998,0.02787312476505352
472,109,98.1981981981982,111,0,110,1,0,0.0,0.762487573513369,0.7493023190942484,0.4944825582700734,0.5888997383081326,0.3521023548210543,1.1335159513749133,7.72972972972973,8.176242457702756,0.3818449309247236,0.2738144679770888,0.0007698530258850058,0.0,0.2738144679770888,-0.0015824865168631574,0,0,0,1,0,0.0,0.2702702702702703,0.2921669976058625,0.16376992935958062,0.9193279361680526,0.5132321782909809,0.0,0.22499999999999998,0.027887373085991828
473,110,99.09909909909909,111,0,110,1,0,0.0,0.7670423442456209,0.753859892845781,0.5067105164783364,0.590059797975642,0.342863328356181,1.1160098259004485,7.72972972972973,8.176242457702756,0.3828611061513547,0.2618141467233611,0.00037024028098548285,0.0,0.2618141467233611,0.005037593446500288,0,0,0,1,0,0.0,0.2882882882882883,0.29491711107104307,0.15448937215127054,0.9074910068140316,0.5205309472421752,0.0,0.26103896103896107,0.027957571585187878
474,110,99.09909909909909,111,1,110,0,0,0.009009009009009009,0.7575102571504373,0.7442664273935565,0.4853171596763522,0.5905291900012597,0.3461991548785016,1.1229323000546694,7.72972972972973,8.176242457702756,0.3809593711022641,0.1990875439640019,0.0005041219313487689,0.0,0.1990875439640019,-0.002121635118241594,0,1,0,0,0,0.0,0.2882882882882883,0.29182418808981936,0.1460043668515357,0.9030472570044143,0.5220835581985723,0.009009009009009009,0.23831168831168834,0.027929100464757776
475,110,99.09909909909909,111,0,110,1,0,0.0,0.7604511675814257,0.7470166722750392,0.4869053500535374,0.5911084071029846,0.3445492394179839,1.1286495087820974,7.72972972972973,8.176242457702756,0.3834048981523177,0.2985737696484758,0.0006855805155689005,0.0,0.2985737696484758,0.005395526487599112,0,0,0,1,0,0.0,0.27927927927927926,0.29434805569714156,0.143374334047561,0.9025669821860689,0.5261465211094487,0.0,0.20227272727272727,0.027967484114209473
476,110,99.09909909909909,111,0,110,1,0,0.0,0.7651366617803693,0.7513814448696687,0.49746650264501724,0.5919257655221674,0.3363796524014417,1.1070884387043667,7.72972972972973,8.176242457702756,0.38860426171431883,0.29631822725224577,0.0006381763212108575,0.0,0.29631822725224577,0.006054420405972649,0,0,0,1,0,0.0,0.2702702702702703,0.300647727061068,0.14951467158905604,0.9229241186050933,0.5348078860448469,0.0,0.20227272727272727,0.0280243261882546
477,109,98.1981981981982,111,1,110,0,0,0.009009009009009009,0.7650559076476473,0.7540195462643675,0.5054645537292157,0.5926803789638329,0.3367418249782851,1.1146122766679827,7.72972972972973,8.176242457702756,0.38405899436264357,0.26197063048611613,0.0005005288318400353,0.0,0.26197063048611613,0.0062427598323578914,0,1,0,0,0,0.0,0.27927927927927926,0.29607839316055967,0.1437827305944272,0.926827011573448,0.5213403227072829,0.009009009009009009,0.18409090909090908,0.028054771929895486
478,108,97.29729729729729,111,1,109,1,0,0.009009009009009009,0.7561239355771012,0.7434842914487433,0.4512233358037774,0.5929795241004316,0.3411710314891848,1.134643178064432,7.72972972972973,8.176242457702756,0.3815383610219152,0.4756643997011877,0.0009832677884641485,0.5,0.3284301990618018,0.0096069115099979,0,1,0,1,0,0.0,0.26126126126126126,0.2868418780537713,0.16071735005776436,0.9226049858811324,0.516644973324299,0.009009009009009009,0.20227272727272727,0.028022341485377127
479,109,98.1981981981982,111,0,110,1,0,0.0,0.7566686413576885,0.744411756633967,0.4570016934698038,0.5931880085702783,0.3400341219637769,1.1135617415301284,7.72972972972973,8.176242457702756,0.3814178302425557,0.18811140232499513,0.00030974066065756834,0.0,0.18811140232499513,0.0017277874279673644,0,0,0,1,0,0.0,0.2702702702702703,0.2871234829535909,0.14942463792583538,0.9240829139806909,0.521335608710182,0.0,0.20227272727272727,0.028033588112150724
480,109,98.1981981981982,111,0,110,1,0,0.0,0.7681643331161206,0.7555327912225956,0.49625991303051187,0.5941068730458006,0.33522792119734596,1.1054177546299897,7.72972972972973,8.176242457702756,0.3834653882398551,0.30374608380779056,0.0002704133974758671,0.0,0.30374608380779056,0.00902837247591684,0,0,0,1,0,0.0,0.2702702702702703,0.29365466275754415,0.13778802790869343,0.9317415914422501,0.5292890802083512,0.0,0.20227272727272727,0.028128630864631084
481,109,98.1981981981982,111,0,110,1,0,0.0,0.7618161140714613,0.7494740773713864,0.4496841139492095,0.594554308826512,0.3373456609159269,1.1095442991384794,7.72972972972973,8.176242457702756,0.3784131630806642,0.20449390275119528,0.0003146740901558274,0.0,0.20449390275119528,0.0030265174101504755,0,0,0,1,0,0.0,0.2882882882882883,0.2806675509135954,0.1511978075624957,0.9207381084945747,0.5192062894745957,0.0,0.20227272727272727,0.028115181486544523
482,110,99.09909909909909,111,0,109,2,0,0.0,0.7629464326552581,0.7506779331960858,0.43693173319304424,0.5950439053098046,0.33697182099338646,1.0925381037879085,7.72972972972973,8.176242457702756,0.3754911848579865,0.34526000336324597,0.00042562034876811604,0.0,0.34526000336324597,0.0057910524878916625,0,0,0,2,0,0.0,0.2972972972972973,0.2753039896224182,0.1475479211212898,0.9124634759017883,0.5185103471911319,0.0,0.20227272727272727,0.028140848377232703
483,109,98.1981981981982,111,2,109,0,0,0.018018018018018018,0.7704082237708928,0.7564924632703331,0.4623481376310561,0.5959732166062721,0.34336990658938066,1.0935925511345699,7.72972972972973,8.176242457702756,0.3778281836799915,0.44928066048311494,0.0006600703645887431,0.0,0.44928066048311494,0.005195354532174817,0,2,0,0,0,0.0,0.2882882882882883,0.2818757553577969,0.14194102703696868,0.9157506771404791,0.522706439364381,0.018018018018018018,0.20227272727272727,0.02821614870520388
484,109,98.1981981981982,111,0,111,0,0,0.0,0.7716183438810011,0.7572542743598453,0.5154819865331022,0.5967769578279563,0.34118946069231326,1.0985256836823898,7.72972972972973,8.176242457702756,0.3828146966850168,0.0,0.0,0.0,0.0,0.0,0,0,0,0,0,0.0,0.2702702702702703,0.29647374357231066,0.13378694662945936,0.91856657137998,0.5259715052342893,0.0,0.20227272727272727,0.028255057221263122
485,109,98.1981981981982,111,0,111,0,0,0.0,0.7658648877662555,0.7513133584615767,0.5127497388788589,0.5971263882681823,0.34985530970101314,1.1341210778133073,7.72972972972973,8.176242457702756,0.3784422316458287,0.0,0.0,0.0,0.0,0.0,0,0,0,0,0,0.0,0.2702702702702703,0.2931504945194355,0.13856195325720455,0.9145861188168188,0.5150075951996183,0.0,0.2022727272727273,0.028240575080696346
486,109,98.1981981981982,111,0,111,0,0,0.0,0.776168236457428,0.761456411747763,0.578081698728084,0.5981107049318286,0.3423660544286669,1.1078531714084001,7.72972972972973,8.176242457702756,0.3839042012312568,0.0,0.0,0.0,0.0,0.0,0,0,0,0,0,0.0,0.27927927927927926,0.3076556578812694,0.1204525920443443,0.9365012088641551,0.5275131234868911,0.0,0.20714285714285713,0.028332331882637854
487,109,98.1981981981982,111,0,111,0,0,0.0,0.7818303836569076,0.7668328422361674,0.6235350184017141,0.599366213472345,0.3391122108876627,1.0923552688665992,7.72972972972973,8.176242457702756,0.38836391304888895,0.0,0.0,0.0,0.0,0.0,0,0,0,0,0,0.0,0.27927927927927926,0.31777290120805385,0.1138295603258734,0.9350955130871832,0.5305270849176063,0.0,0.20227272727272727,0.028411969329810143
488,111,100.0,111,0,111,0,0,0.0,0.779574621027726,0.7647772331548067,0.5733699734840022,0.6003846113245321,0.34186392151501444,1.0892344834961076,7.72972972972973,8.176242457702756,0.3844170273345271,0.0,0.0,0.0,0.0,0.0,0,0,0,0,0,0.0,0.27927927927927926,0.30533562655772584,0.12436456545768777,0.9353902070091413,0.5235462560824257,0.0,0.2022727272727273,0.028442323855453665
489,110,99.09909909909909,111,1,110,0,0,0.009009009009009009,0.7861274012783084,0.771414110503098,0.594608656013367,0.6017387458770505,0.3381401641081262,1.0864040063007268,7.72972972972973,8.176242457702756,0.3862655254152141,0.1753979667481111,0.00026741970127849607,0.0,0.1753979667481111,0.011397815927530391,0,1,0,0,0,0.0,0.27927927927927926,0.3075085274250011,0.12931754306853133,0.9407185338400679,0.5258016264605799,0.009009009009009009,0.20227272727272727,0.02853044641881529
490,110,99.09909909909909,111,0,111,0,0,0.0,0.7875829234241989,0.7730189298083822,0.5575583846265013,0.6031022486082607,0.34073547868396536,1.0861330708745927,7.72972972972973,8.176242457702756,0.383511664554961,0.0,0.0,0.0,0.0,0.0,0,0,0,0,0,0.0,0.27927927927927926,0.2979505362906892,0.13494194250802527,0.9430154017296416,0.5235201516435763,0.0,0.2022727272727273,0.028593465674155313
491,110,99.09909909909909,111,0,111,0,0,0.0,0.7854690316362636,0.7708100949303576,0.5664902699186678,0.6042097882941561,0.3420058726065424,1.0800848345693923,7.72972972972973,8.176242457702756,0.38425140377067946,0.0,0.0,0.0,0.0,0.0,0,0,0,0,0,0.0,0.2972972972972973,0.2999685942801229,0.13842385170391724,0.9322952973489151,0.5217210029671069,0.0,0.225,0.02862817378023268
492,110,99.09909909909909,111,0,111,0,0,0.0,0.790548226082059,0.7756436394722045,0.6084786188314593,0.605542934706851,0.3416352250693321,1.0901026803745275,7.72972972972973,8.176242457702756,0.3884530781901938,0.0,0.0,0.0,0.0,0.0,0,0,0,0,0,0.0,0.32432432432432434,0.3097576935517417,0.13213658850387883,0.9368785994871224,0.52922948490315,0.0,0.20227272727272727,0.028708070393970712
493,110,99.09909909909909,111,0,111,0,0,0.0,0.7890689601112706,0.7740882915422728,0.6398217337786571,0.6066653446222785,0.34143266654862164,1.1060662019478937,7.72972972972973,8.176242457702756,0.3879797072802702,0.0,0.0,0.0,0.0,0.0,0,0,0,0,0,0.0,0.3063063063063063,0.3150255881789542,0.12486341669373996,0.9312192498758255,0.530215635072718,0.0,0.18896103896103897,0.028746559542144095
494,111,100.0,111,0,111,0,0,0.0,0.7900775762709367,0.7752537927181268,0.6138995207420995,0.6077722189432394,0.3382827779804599,1.0955342223883182,7.72972972972973,8.176242457702756,0.3881959398262005,0.0,0.0,0.0,0.0,0.0,0,0,0,0,0,0.0,0.3063063063063063,0.3115692578853913,0.12523365474291623,0.9209641819262445,0.5314628451856387,0.0,0.18896103896103897,0.02879685298703433
495,111,100.0,111,0,110,1,0,0.0,0.792177622242546,0.777603655637142,0.6110586736123413,0.6089422969277622,0.33357044832812177,1.06743483161679,7.72972972972973,8.176242457702756,0.38353806095794907,0.44257827866405874,0.0006167457674187851,0.0,0.44257827866405874,0.006803809042171094,0,0,0,1,0,0.0,0.2882882882882883,0.3058159719180049,0.1259515023031194,0.9397012290235963,0.5255147788001304,0.0,0.18896103896103897,0.028855187423371773
496,111,100.0,111,0,110,1,0,0.0,0.7930870716557091,0.7786431489722664,0.6195589626452216,0.6100846996956555,0.33446931415046066,1.091246057576064,7.72972972972973,8.176242457702756,0.38185192470142537,0.4290611429461364,0.0008987108981044391,0.0,0.4290611429461364,-0.0032065139893536765,0,0,0,1,0,0.0,0.3063063063063063,0.3054077574405127,0.12438824099315249,0.9416251647802832,0.5250982135503411,0.0,0.18896103896103897,0.02890643748051082
497,111,100.0,111,0,109,2,0,0.0,0.7996338369497266,0.7848780309136913,0.6637542468117528,0.6115415200949883,0.3340229838217331,1.1060506492304887,7.72972972972973,8.176242457702756,0.3826956840856417,0.43629142705600577,0.0005576468760102179,0.0,0.43629142705600577,0.0031222061843191318,0,0,0,2,0,0.0,0.2972972972972973,0.31212399769497423,0.12163617197750116,0.9364069372333794,0.5232901243791909,0.0,0.18896103896103897,0.028998727890992268
498,109,98.1981981981982,111,2,109,0,0,0.018018018018018018,0.7946321711533264,0.7806987885144706,0.6200022675563805,0.6125672495235281,0.3407933357987721,1.1047378315689438,7.72972972972973,8.176242457702756,0.3799147327762544,0.4072027954794522,0.0005460798732785987,0.0,0.4072027954794522,-0.003356211755066091,0,2,0,0,0,0.0,0.27927927927927926,0.3048040941241444,0.12303040023685231,0.9425660158841667,0.5140914715939682,0.018018018018018018,0.21136363636363634,0.02901565262452898
499,109,98.1981981981982,111,0,110,1,0,0.0,0.7986832212470126,0.784630266427014,0.6438923645730255,0.613804884369677,0.34110722508512903,1.0969129959999424,7.72972972972973,8.176242457702756,0.3806479397604614,0.40872560204449815,0.0008491001596632829,0.0,0.40872560204449815,-0.006805410851362548,0,0,0,1,0,0.0,0.2702702702702703,0.30867738739829265,0.11288918916571884,0.9433580916365042,0.5185184733823833,0.0,0.21136363636363634,0.029086503887878482
500,109,98.1981981981982,111,1,110,0,0,0.009009009009009009,0.7962215635283537,0.7808633975953166,0.6049188494534005,0.6148045551233977,0.3366314703319433,1.0829615878027388,7.72972972972973,8.176242457702756,0.3797191278149754,0.41119952805184323,0.0008624594091644392,0.0,0.41119952805184323,-0.006796264204014968,0,1,0,0,0,0.0,0.2882882882882883,0.3023961672367823,0.1101122852089771,0.9454063357706977,0.5236275110434147,0.009009009009009009,0.2474025974025974,0.029115063351586663
501,109,98.1981981981982,111,0,110,1,0,0.0,0.7908445275842921,0.7756800901953782,0.5781598192118731,0.6152738319519094,0.3416285531178359,1.0926172296668644,7.72972972972973,8.176242457702756,0.37526311537690193,0.43191744424993567,0.0007472025102491961,0.0,0.43191744424993567,0.0024575850032208524,0,0,0,1,0,0.0,0.2972972972972973,0.2960934001324596,0.11510670631941265,0.9466817450390868,0.5162006577716685,0.0,0.2474025974025974,0.029107362777514828
502,109,98.1981981981982,111,0,110,1,0,0.0,0.7876795316586823,0.7725433898771821,0.5474996346887392,0.6154995681905739,0.34152135628417774,1.0905164569785308,7.72972972972973,8.176242457702756,0.37397991881490333,0.39599491746274307,0.0006970372756457574,0.0,0.39599491746274307,-0.007556280712798069,0,0,0,1,0,0.0,0.2972972972972973,0.2900806841112809,0.12156346090409738,0.9391328700174519,0.512584826373159,0.0,0.2474025974025974,0.02910076616898083
503,110,99.09909909909909,111,1,109,1,0,0.009009009009009009,0.7865641243973116,0.7726621473040372,0.5354520995233235,0.6156535898537462,0.340255200412141,1.0710337079907326,7.72972972972973,8.176242457702756,0.3731252763075288,0.24869482251637967,0.0005212226542960876,0.0,0.24869482251637967,-0.0035052801268405376,0,1,0,1,0,0.0,0.2972972972972973,0.286890838628794,0.12113846428771917,0.9405588363125549,0.5125815053411635,0.009009009009009009,0.24285714285714285,0.029101485724983153
504,110,99.09909909909909,111,0,110,1,0,0.0,0.7874814654345345,0.7738633143168793,0.5158503343796065,0.615934612343563,0.340686319227711,1.0404892212591559,7.72972972972973,8.176242457702756,0.37031888355238385,0.18182964486691847,0.0004612609486890146,0.0,0.18182964486691847,0.0013682129557317513,0,0,0,1,0,0.0,0.2972972972972973,0.28036067465030995,0.12363598801140821,0.9410406005158037,0.5126650199819669,0.0,0.24285714285714285,0.02911756097023331
505,110,99.09909909909909,111,0,111,0,0,0.0,0.7890890882810743,0.7755228002836172,0.5573788063114788,0.6163012046302051,0.34303760166563496,1.0393577268961587,7.72972972972973,8.176242457702756,0.3692426235050823,0.0,0.0,0.0,0.0,0.0,0,0,0,0,0,0.0,0.2972972972972973,0.2854987734808628,0.10967353288572827,0.9515831456256121,0.5122177363850023,0.0,0.24285714285714285,0.02914058582155956
506,109,98.1981981981982,111,1,110,0,0,0.009009009009009009,0.7960592741741426,0.7848780691793672,0.6244489723956524,0.6170705462257307,0.3425606912803899,1.0361791836020078,7.72972972972973,8.176242457702756,0.3737792216933522,0.15260912206626687,0.0004915863878867807,0.0,0.15260912206626687,0.0013909996802490276,0,1,0,0,0,0.0,0.2882882882882883,0.29815327456264556,0.10632550279422268,0.944281067885911,0.5093775498976878,0.009009009009009009,0.20681818181818182,0.029206888368113967
507,108,97.29729729729729,111,1,108,2,0,0.009009009009009009,0.7937393939536733,0.7817898326228236,0.5746304149270289,0.6178274739156389,0.3529193339315008,1.0983535441267833,7.72972972972973,8.176242457702756,0.3693499938289613,0.372965030319459,0.0007048633516007347,0.0,0.372965030319459,-0.011040188609602505,0,1,0,2,0,0.0,0.2882882882882883,0.286801209595393,0.12141808347222793,0.9465747165201712,0.49949245987400276,0.009009009009009009,0.20681818181818182,0.02922623308858981
508,109,98.1981981981982,111,0,108,3,0,0.0,0.7861201236550548,0.7744049234644313,0.5400603240164662,0.6179661809954674,0.35435117387771053,1.107246537033825,7.72972972972973,8.176242457702756,0.36568053913549026,0.2975836678042118,0.000762725641373572,0.0,0.2975836678042118,0.005643826365727522,0,0,0,3,0,0.0,0.3063063063063063,0.279884474628047,0.12850008087522272,0.9467844985579237,0.49862181621150337,0.0,0.20681818181818182,0.02919380725067311
509,108,97.29729729729729,111,1,108,2,0,0.009009009009009009,0.7933250076588051,0.7790588933937876,0.5698026499535711,0.618551209646873,0.3497508269786558,1.0967582315325177,7.72972972972973,8.176242457702756,0.3714376547272611,0.2903030043985086,0.0007395328548556651,0.0,0.2903030043985086,0.007144281412949889,0,1,0,2,0,0.0,0.32432432432432434,0.2898197170345248,0.12106828960954388,0.9331659783013335,0.5145457405676154,0.009009009009009009,0.20681818181818182,0.029253748351184838
510,108,97.29729729729729,111,0,109,2,0,0.0,0.8000007899757774,0.785847972110789,0.5663085899396562,0.6193792314600663,0.3480815120528866,1.0902702157503408,7.72972972972973,8.176242457702756,0.36875957520253655,0.2972664839615229,0.0005796135361374917,0.0,0.2972664839615229,0.0056172549653124015,0,0,0,2,0,0.0,0.2972972972972973,0.28526004156724555,0.11558824555408774,0.9019037388972755,0.5148438758961502,0.0,0.20681818181818182,0.029320977798294373
511,109,98.1981981981982,111,0,110,1,0,0.0,0.799306021079986,0.7851598185598005,0.564574912601204,0.620094540119962,0.3503242099440539,1.1073061539954303,7.72972972972973,8.176242457702756,0.36870547389632513,0.3818383617160649,0.0005867552787295931,0.0,0.3818383617160649,0.0020524912572191245,0,0,0,1,0,0.0,0.2882882882882883,0.2852320910381031,0.11290080641762706,0.9139531820855438,0.513385207108213,0.0,0.17077922077922078,0.029346746638992425
512,110,99.09909909909909,111,0,110,1,0,0.0,0.8027224272982802,0.7884120991335637,0.5820575365706171,0.6209640948855962,0.34453811692220054,1.101102475047625,7.72972972972973,8.176242457702756,0.37109873244630354,0.37975486564812566,0.0006809818692592789,0.0,0.37975486564812566,-0.0036251524673689417,0,0,0,1,0,0.0,0.2882882882882883,0.2890647046011147,0.10991574901943399,0.9398208536096302,0.5187625845963632,0.0,0.20681818181818182,0.029399377123054276
513,109,98.1981981981982,111,1,109,1,0,0.009009009009009009,0.8013995073396615,0.7880723471573233,0.5771802133482858,0.6216802044844737,0.34800841953279243,1.1070686102337284,7.72972972972973,8.176242457702756,0.3704587739178433,0.378554408802141,0.000677493751001821,0.0,0.378554408802141,-0.0005215881538064571,0,1,0,1,0,0.0,0.2702702702702703,0.2876079706282925,0.10983794538441032,0.9222405728062307,0.51383682524443,0.009009009009009009,0.20681818181818182,0.02942203795179473
514,109,98.1981981981982,111,1,109,1,0,0.009009009009009009,0.8029169102357152,0.7887114526117951,0.5798971663819275,0.622496710573351,0.3532979421291778,1.1077566938456838,7.72972972972973,8.176242457702756,0.3709607147319638,0.2688258509561665,0.0005793484785737462,0.0,0.2688258509561665,-0.0037928038098352934,0,1,0,1,0,0.0,0.2882882882882883,0.28779825048743757,0.10832914207160084,0.9198598781162941,0.5157653650016568,0.009009009009009009,0.20681818181818182,0.02946300472502926
515,108,97.29729729729729,111,1,110,0,0,0.009009009009009009,0.8065441215117765,0.7944958668560667,0.5486184621043522,0.623418031473547,0.3550572882587841,1.1097024931293897,7.72972972972973,8.176242457702756,0.3718313586482076,0.15460977493987751,0.00026637820811418675,0.0,0.15460977493987751,0.0054820890085732765,0,1,0,0,0,0.0,0.26126126126126126,0.2830103714280811,0.1223815823661305,0.9354307526798102,0.5104886463627593,0.009009009009009009,0.1711038961038961,0.029518805496716323
516,108,97.29729729729729,111,0,109,2,0,0.0,0.8102436616958241,0.7979589335548727,0.6077239488498694,0.6246403073915087,0.3531130076575144,1.1113944301569394,7.72972972972973,8.176242457702756,0.3744091012199273,0.5449753986869508,0.0007336086738735457,1.0,0.45502460131304917,0.012757618598111864,0,0,0,2,0,0.0,0.27927927927927926,0.2937585857749651,0.11156001743299486,0.930240984403249,0.5134388728744373,0.0,0.1711038961038961,0.02958727131891389
517,107,96.3963963963964,111,1,108,1,1,0.009009009009009009,0.8136092398074889,0.8004489090124081,0.5784065362690398,0.625981077247519,0.3526979327575151,1.1130529323187868,7.72972972972973,8.176242457702756,0.3740762778678741,0.5000130192496256,0.0006979545238792574,0.6666666666666666,0.3393161799224598,0.013076239694539193,0,2,0,1,0,0.0,0.2702702702702703,0.2891848195331332,0.11702237792545535,0.920918886917923,0.5124376728495745,0.009009009009009009,0.17564935064935064,0.02965891150658581
518,108,97.29729729729729,111,0,109,2,0,0.0,0.8097049888099688,0.7972191209703371,0.5179863184021334,0.6269454012321833,0.3530425244450052,1.116316854320171,7.72972972972973,8.176242457702756,0.3691778619521022,0.1949688056852936,0.0006295603883737383,0.0,0.1949688056852936,-0.0017623267752130412,0,0,0,2,0,0.0,0.2702702702702703,0.2755805107724677,0.124419590600886,0.9343714239083725,0.5085900552104428,0.0,0.20681818181818182,0.02967881298513018
519,109,98.1981981981982,111,0,109,2,0,0.0,0.8052866445794042,0.7931121055579647,0.46454343708683976,0.6275622401194711,0.3528844603783468,1.1130417223716775,7.72972972972973,8.176242457702756,0.364183085772918,0.22457159495252382,0.0005799903603566155,0.0,0.22457159495252382,0.00017499234490594984,0,0,0,2,0,0.0,0.27927927927927926,0.26236688575141115,0.1399128093796189,0.9023352115322221,0.4993016422939493,0.0,0.20227272727272727,0.029681938385476385
520,108,97.29729729729729,111,2,109,0,0,0.018018018018018018,0.7989420287632966,0.7856866227213981,0.44814517424969824,0.6277132973491494,0.36344294181288717,1.1262882571876658,7.72972972972973,8.176242457702756,0.36311345126019057,0.5352048752829,0.0009610576360634191,0.5,0.4288798705852612,0.008111369676091884,0,2,0,0,0,0.0,0.26126126126126126,0.25902608632717666,0.14399817625849573,0.9247732450150322,0.49452911032154556,0.018018018018018018,0.20714285714285716,0.029656390709070037
521,108,97.29729729729729,111,0,111,0,0,0.0,0.7946864898384679,0.7815611569729531,0.4088853054308517,0.6275118043381107,0.36177753651370287,1.1216077466130114,7.72972972972973,8.176242457702756,0.36020388327638586,0.0,0.0,0.0,0.0,0.0,0,0,0,0,0,0.0,0.2702702702702703,0.2502835397379679,0.1547914204454621,0.9247732450150322,0.49147085027521575,0.0,0.20714285714285716,0.029626875735886966
522,109,98.1981981981982,111,0,109,2,0,0.0,0.7992211895819855,0.7860589275779691,0.41260691849217296,0.6276209847880757,0.3571429508545716,1.0988167394222095,7.72972972972973,8.176242457702756,0.36128811206424993,0.12306037840695583,0.0004608312410440675,0.0,0.12306037840695583,-0.005398551359498932,0,0,0,2,0,0.0,0.27927927927927926,0.2503996178744516,0.1529319391716892,0.9139291389149772,0.49503670874443745,0.0,0.20714285714285716,0.02965401266375733
523,109,98.1981981981982,111,0,111,0,0,0.0,0.801263132185982,0.7879410170318624,0.4207685905605371,0.6278443457373521,0.34750094929367153,1.083783171977004,7.72972972972973,8.176242457702756,0.3642112131576698,0.0,0.0,0.0,0.0,0.0,0,0,0,0,0,0.0,0.27927927927927926,0.2554098540604189,0.15515800590631684,0.9218147467189923,0.4952516723091143,0.0,0.20714285714285716,0.02967335364316165
524,109,98.1981981981982,111,0,111,0,0,0.0,0.7979385548382739,0.7847877919173736,0.41829843325401106,0.6278431918893818,0.35514087620334883,1.097335229725605,7.72972972972973,8.176242457702756,0.3608552283908828,0.0,0.0,0.0,0.0,0.0,0,0,0,0,0,0.0,0.3063063063063063,0.25235958869736047,0.15721153372825472,0.9156055442399313,0.48865276753517783,0.0,0.20714285714285716,0.029656683585719282
525,111,100.0,111,0,111,0,0,0.0,0.7952433340637587,0.782443316889315,0.41797583489471796,0.6276887804126953,0.3535780076766122,1.105683293184466,7.72972972972973,8.176242457702756,0.35997661306717355,0.0,0.0,0.0,0.0,0.0,0,0,0,0,0,0.0,0.32432432432432434,0.252336834950604,0.14810510066700483,0.9159690431851468,0.4930550782069918,0.0,0.20714285714285713,0.0296368949534885
526,111,100.0,111,0,111,0,0,0.0,0.7918226598428723,0.7792332221401127,0.39559743733639835,0.627337021888872,0.3520404924849982,1.0759421202836263,7.72972972972973,8.176242457702756,0.35849953271762725,0.0,0.0,0.0,0.0,0.0,0,0,0,0,0,0.0,0.3063063063063063,0.2471132623160009,0.14771869970584287,0.9197632551741046,0.4963889017286915,0.0,0.20714285714285713,0.029605411267497356
527,111,100.0,111,0,111,0,0,0.0,0.7860747830538095,0.7739892228242802,0.37210885959441986,0.626671014315988,0.35224913052965157,1.0830313272948286,7.72972972972973,8.176242457702756,0.3530451273961741,0.0,0.0,0.0,0.0,0.0,0,0,0,0,0,0.0,0.2972972972972973,0.23856723990140324,0.14220544822000228,0.9310411520264029,0.49508979181022067,0.0,0.20714285714285716,0.02954944468657921
528,111,100.0,111,0,111,0,0,0.0,0.7857856551835596,0.773762077963141,0.3490778008638591,0.6260446036053879,0.3532111246052343,1.064341031341239,7.72972972972973,8.176242457702756,0.3516853545234142,0.0,0.0,0.0,0.0,0.0,0,0,0,0,0,0.0,0.27927927927927926,0.23281115896932852,0.14646053170690712,0.9428422041627091,0.49563525778693335,0.0,0.20227272727272727,0.02952239061798812
529,111,100.0,111,0,110,1,0,0.0,0.7893760605477477,0.7772607524580744,0.3699152562507442,0.6256982578408771,0.34786116895809593,1.0613165051112459,7.72972972972973,8.176242457702756,0.3536704967703004,0.10304060409919887,0.00043085394335055146,0.0,0.10304060409919887,-0.0010341346099000392,0,0,0,1,0,0.0,0.2882882882882883,0.23841064507300255,0.14056441628565594,0.9494651221219302,0.496723318004572,0.0,0.20227272727272727,0.02952618361008487
530,111,100.0,111,0,110,1,0,0.0,0.7841831216997132,0.7722801700442719,0.3602484440973194,0.6250544505506477,0.3503520023959201,1.0452977443755938,7.72972972972973,8.176242457702756,0.3515169842161099,0.11718511560203385,0.00045754702969981454,0.0,0.11718511560203385,-0.0006186046698710701,0,0,0,1,0,0.0,0.27927927927927926,0.2352330832965831,0.1408881017865322,0.939116489631561,0.49451928658680216,0.0,0.2383116883116883,0.029473899293339934
531,111,100.0,111,0,111,0,0,0.0,0.7904361266262896,0.7783132189359923,0.39405431996478835,0.6248579038694112,0.345843980519405,1.0603688628013548,7.72972972972973,8.176242457702756,0.3569448645571556,0.0,0.0,0.0,0.0,0.0,0,0,0,0,0,0.0,0.2972972972972973,0.24548614965496143,0.1312495209587246,0.9329642007587888,0.5004870237387314,0.0,0.23831168831168825,0.029497129251372586
532,111,100.0,111,0,110,1,0,0.0,0.7938493824188959,0.7817033463030331,0.4011656101789075,0.6248991753478983,0.3456702369888218,1.0787697398140228,7.72972972972973,8.176242457702756,0.35822568290795864,0.14669499780971507,0.0004912516282184768,0.0,0.14669499780971507,-0.003459097460323024,0,0,0,1,0,0.0,0.2972972972972973,0.2478065043891987,0.14038370878620804,0.933417775259447,0.49999550978819113,0.0,0.2383116883116883,0.029515882758409107
533,110,99.09909909909909,111,1,109,1,0,0.009009009009009009,0.7930131487260376,0.779929641490881,0.42181365986799313,0.6248692687215522,0.3445575886211555,1.0508591377891459,7.72972972972973,8.176242457702756,0.36108501156280237,0.23237793566376574,0.0006033880275248063,0.0,0.23237793566376574,-0.002590847381466227,0,1,0,1,0,0.0,0.2972972972972973,0.2544168059054022,0.12910935618687525,0.9278214721376515,0.5014737871965069,0.009009009009009009,0.2383116883116883,0.029510478970804332
534,109,98.1981981981982,111,1,110,0,0,0.009009009009009009,0.8006389271713416,0.7874624033407073,0.47067161807929875,0.6252822097530644,0.33807988154300644,1.0553749133828179,7.72972972972973,8.176242457702756,0.3668036116209248,0.1316943339527151,0.0005058425765861517,0.0,0.1316943339527151,-0.007551657340680751,0,1,0,0,0,0.0,0.32432432432432434,0.26727110763181194,0.10909423308471955,0.9422629565449127,0.5077986997457702,0.009009009009009009,0.2383116883116883,0.029565489393002735
535,109,98.1981981981982,111,0,110,1,0,0.0,0.798496415549793,0.7854852109194549,0.48456808717033867,0.6255361604901103,0.34160078386001436,1.0521332944205113,7.72972972972973,8.176242457702756,0.3659178171548454,0.45323200319487733,0.0008967868411032081,0.0,0.45323200319487733,0.00229677397876199,0,0,0,1,0,0.0,0.2882882882882883,0.2692524657211569,0.09859451045846389,0.9518672743328164,0.5106276040924201,0.0,0.20227272727272727,0.02956515864888699
536,108,97.29729729729729,111,1,110,0,0,0.009009009009009009,0.7994630404853186,0.78523630507514,0.4771134946086486,0.625828176656141,0.3453005598826009,1.054424630670637,7.72972972972973,8.176242457702756,0.36670488529382683,0.4633111065093201,0.000849973204329669,0.0,0.4633111065093201,0.003354677413793694,0,1,0,0,0,0.0,0.2882882882882883,0.2681384533547121,0.10163768763148096,0.9380059517778785,0.5122427966050321,0.009009009009009009,0.2383116883116883,0.0295819297484398
537,108,97.29729729729729,111,0,110,1,0,0.0,0.7977953431857319,0.783691435549794,0.44209330304005945,0.6259201570767566,0.34107939323731296,1.0520514108497723,7.72972972972973,8.176242457702756,0.36485132230325346,0.11530005914554392,0.0005637310048790959,0.0,0.11530005914554392,-0.002555716374434469,0,0,0,1,0,0.0,0.2702702702702703,0.2607805332991887,0.11038548496443157,0.9494711210416278,0.5084876435954346,0.0,0.20227272727272727,0.029577351533043438
538,109,98.1981981981982,111,0,110,1,0,0.0,0.7996258103685441,0.7854027192413797,0.41091708647670966,0.6261165519181796,0.33271140699149643,1.0474885214958598,7.72972972972973,8.176242457702756,0.36390256587019265,0.09919580587423578,0.0005180949253339208,0.0,0.09919580587423578,-0.004930878144663531,0,0,0,1,0,0.0,0.2972972972972973,0.2531527690637105,0.12756444991246293,0.9367295679429418,0.5084378260326162,0.0,0.2383116883116883,0.029594532728162082
539,110,99.09909909909909,111,0,110,1,0,0.0,0.7973015064335975,0.782560226067572,0.4302783340956977,0.6261109617342062,0.3297139201017413,1.0472258228418723,7.72972972972973,8.176242457702756,0.3682338457791894,0.07025824516644244,0.0004048291428702192,0.0,0.07025824516644244,-0.0061206486991752795,0,0,0,1,0,0.0,0.2972972972972973,0.26276556479287216,0.1386630851728688,0.9351569293120349,0.5054056946878329,0.0,0.2383116883116883,0.0295826826749896
540,110,99.09909909909909,111,0,110,1,0,0.0,0.7978427551799088,0.7831577647523664,0.4239863650862308,0.626144913586546,0.33237869392421193,1.0524009094910276,7.72972972972973,8.176242457702756,0.3694095438210552,0.1961439643540272,0.0006011252971551879,0.0,0.1961439643540272,0.0029020157936310853,0,0,0,1,0,0.0,0.32432432432432434,0.26273487107281185,0.1471316963191007,0.936041990448923,0.508747429475063,0.0,0.2383116883116883,0.02958677691160425
541,111,100.0,111,0,111,0,0,0.0,0.8024883133765375,0.7879727592003947,0.4471928078266912,0.6264910379494364,0.32669104818392397,1.0461948159355823,7.72972972972973,8.176242457702756,0.37122317529929694,0.0,0.0,0.0,0.0,0.0,0,0,0,0,0,0.0,0.2882882882882883,0.2669844680350531,0.12705086600735538,0.9335117718475033,0.5151602623751793,0.0,0.23831168831168834,0.029624154686144943
542,111,100.0,111,0,111,0,0,0.0,0.8050431219173825,0.7903044438547003,0.4510742897121815,0.6269613776977595,0.3188137387959313,1.031520347153785,7.72972972972973,8.176242457702756,0.3732436329582507,0.0,0.0,0.0,0.0,0.0,0,0,0,0,0,0.0,0.27927927927927926,0.26921953709174706,0.13023257933502386,0.9298327863405064,0.5188983721687502,0.0,0.23831168831168834,0.02965615678794809
543,111,100.0,111,0,110,1,0,0.0,0.8080276017982969,0.7933521222007406,0.4509110147860777,0.6275926097846075,0.3215955648807393,1.0410409224916193,7.72972972972973,8.176242457702756,0.3730359357684725,0.32158514652063686,0.0003743260738091036,0.0,0.32158514652063686,0.006357163893513651,0,0,0,1,0,0.0,0.2882882882882883,0.26796397644635916,0.12551765413148605,0.9265310419725531,0.5192389712834409,0.0,0.20227272727272724,0.029696884720298418
544,110,99.09909909909909,111,1,110,0,0,0.009009009009009009,0.8068447756990553,0.7930471503156425,0.4434172334227128,0.6281037047085238,0.33144451205765313,1.0523390994123394,7.72972972972973,8.176242457702756,0.36979087369717,0.33384806594199024,0.00037692990820338193,0.0,0.33384806594199024,0.006087468318944245,0,1,0,0,0,0.0,0.2882882882882883,0.26355539629705005,0.11955418328865124,0.9211369598930059,0.5184400629677975,0.009009009009009009,0.25616883116883116,0.029711864769886413
545,109,98.1981981981982,111,1,110,0,0,0.009009009009009009,0.805181283302869,0.7902516318287365,0.4460126913733489,0.6285198677604126,0.32993733665056457,1.0494540070950322,7.72972972972973,8.176242457702756,0.3709610536374972,0.3572849396097,0.0007197103131597112,0.0,0.3572849396097,0.004753081200281284,0,1,0,0,0,0.0,0.3153153153153153,0.2656962519943584,0.12028219999390737,0.9188351773080161,0.521258076955632,0.009009009009009009,0.25616883116883116,0.02972056055797638
546,109,98.1981981981982,111,0,111,0,0,0.0,0.8014913529508223,0.7866450262329256,0.4294402239069674,0.6285849631784993,0.33071861965296695,1.0479771392933435,7.72972972972973,8.176242457702756,0.3696887899987513,0.0,0.0,0.0,0.0,0.0,0,0,0,0,0,0.0,0.32432432432432434,0.2611742457279476,0.11959060614544742,0.9244377909075353,0.5234178864010014,0.0,0.25616883116883116,0.029704772085821965
547,108,97.29729729729729,111,1,109,1,0,0.009009009009009009,0.8088350605478167,0.7957658238152074,0.4446700425535635,0.6291375272771867,0.3274843283813052,1.0476951411423152,7.72972972972973,8.176242457702756,0.37043689079494246,0.1480375493072707,0.00021095457629371578,0.0,0.1480375493072707,0.003832548441554562,0,1,0,1,0,0.0,0.3153153153153153,0.26304463962651453,0.11690706893429162,0.927965805099997,0.5226214493696684,0.009009009009009009,0.25616883116883116,0.029764080114028386
548,107,96.3963963963964,111,1,109,1,0,0.009009009009009009,0.8125452619714281,0.7980235885266347,0.4657260618647213,0.6299662096889846,0.3304078213015964,1.0569291742495663,7.72972972972973,8.176242457702756,0.37494148262801574,0.23478877697305714,0.0005303195809777943,0.0,0.23478877697305714,-0.0002328686490197518,0,1,0,1,0,0.0,0.32432432432432434,0.2700795351011315,0.1196057941233447,0.9324470999511152,0.5250248161829552,0.009009009009009009,0.25616883116883116,0.029816508662742908
549,108,97.29729729729729,111,0,110,1,0,0.0,0.8180405764428101,0.8035188153665682,0.4579404554623698,0.6310167622133184,0.32988981493868585,1.0628732046566105,7.72972972972973,8.176242457702756,0.374533711113449,0.10597902918060051,0.00012907421265235066,0.0,0.10597902918060051,-0.0006391977829662276,0,0,0,1,0,0.0,0.32432432432432434,0.2666829686891727,0.12663473095976205,0.9201429756373242,0.5262270823145941,0.0,0.25616883116883116,0.02988693309586734
550,109,98.1981981981982,111,0,110,1,0,0.0,0.8156795566787745,0.8011615953343982,0.461435503030413,0.6318272333960435,0.32676860959919796,1.04626393621179,7.72972972972973,8.176242457702756,0.37702424517413813,0.10880089227321754,0.00013204659099515912,0.0,0.10880089227321754,-0.0072783844077847215,0,0,0,1,0,0.0,0.3063063063063063,0.2698865192258217,0.13010965558448842,0.9225174778715757,0.5299578266697311,0.0,0.2561688311688311,0.02990826104152187
551,109,98.1981981981982,111,0,110,1,0,0.0,0.8221880960332101,0.8072334814760773,0.4945446110180997,0.6329686001959788,0.3329858882841052,1.0756272925052015,7.72972972972973,8.176242457702756,0.378355934489349,0.11912559463793532,0.0001380732931273323,0.0,0.11912559463793532,-0.006766869965984884,0,0,0,1,0,0.0,0.2972972972972973,0.27670713588033685,0.12182754472871574,0.932541386115169,0.5299002913481391,0.0,0.25616883116883116,0.029987464196741264
552,110,99.09909909909909,111,0,111,0,0,0.0,0.8136555896308468,0.7987955408846709,0.46425448038883277,0.6334647208940675,0.34740512284485797,1.0788313613488614,7.72972972972973,8.176242457702756,0.376478092607232,0.0,0.0,0.0,0.0,0.0,0,0,0,0,0,0.0,0.3153153153153153,0.2709112647457821,0.12673431205542363,0.915676857508404,0.525748198183526,0.0,0.25616883116883116,0.02996508368030874
553,111,100.0,111,0,111,0,0,0.0,0.8139853924061954,0.7991605644980087,0.49953712925807325,0.633944153733521,0.3479696928601057,1.077307515670345,7.72972972972973,8.176242457702756,0.37693267303665845,0.0,0.0,0.0,0.0,0.0,0,0,0,0,0,0.0,0.3063063063063063,0.27758343556739495,0.11675171439201464,0.9476902121609571,0.5267454683474341,0.0,0.22012987012987012,0.029986332489873264
554,111,100.0,111,0,111,0,0,0.0,0.8117115126048139,0.796803361709604,0.5031626692185206,0.6342302024894394,0.34556511166857284,1.0815917739353726,7.72972972972973,8.176242457702756,0.37738748645395725,0.0,0.0,0.0,0.0,0.0,0,0,0,0,0,0.0,0.3063063063063063,0.27966020180970086,0.11752013826316249,0.9404671811822445,0.52650982907205,0.0,0.25616883116883116,0.029986657110781925
555,111,100.0,111,0,111,0,0,0.0,0.8165089495067215,0.8014125970448267,0.5639189122810131,0.6347943530106895,0.337214508096801,1.0897958823389353,7.72972972972973,8.176242457702756,0.3794335316444253,0.0,0.0,0.0,0.0,0.0,0,0,0,0,0,0.0,0.3063063063063063,0.29122249897337255,0.0983365745444646,0.9409873689904349,0.5346849049593727,0.0,0.25616883116883116,0.030033707452513367
556,111,100.0,111,0,111,0,0,0.0,0.8227786879171283,0.8072798854531558,0.5733818088553589,0.6356961561982621,0.32776196452681305,1.0708979479008947,7.72972972972973,8.176242457702756,0.3818961032564103,0.0,0.0,0.0,0.0,0.0,0,0,0,0,0,0.0,0.3153153153153153,0.29384587130213113,0.10450681136523951,0.9351013099547618,0.5366686459996326,0.0,0.25616883116883116,0.030101922952119015
557,111,100.0,111,0,111,0,0,0.0,0.8278364579070762,0.8120181909656073,0.5398406694994901,0.6368341580483952,0.33424691542815016,1.064741321592991,7.72972972972973,8.176242457702756,0.3798517884588726,0.0,0.0,0.0,0.0,0.0,0,0,0,0,0,0.0,0.3153153153153153,0.285334752234445,0.12331702381034725,0.9487894200346967,0.5298429398395851,0.0,0.22012987012987012,0.030173734697288762
558,111,100.0,111,0,111,0,0,0.0,0.8317990311633799,0.8161031643626304,0.571606726424129,0.638146311971507,0.329272184808591,1.0528686260427274,7.72972972972973,8.176242457702756,0.38214454602916015,0.0,0.0,0.0,0.0,0.0,0,0,0,0,0,0.0,0.3063063063063063,0.2927655064348025,0.11605872543400751,0.93369429814491,0.5363945755094313,0.0,0.22012987012987012,0.03024719000665622
559,111,100.0,111,0,111,0,0,0.0,0.8437396617980144,0.8277461037834922,0.5952494789386138,0.6401127449734492,0.320385683974024,1.0385025991464676,7.72972972972973,8.176242457702756,0.385113820669013,0.0,0.0,0.0,0.0,0.0,0,0,0,0,0,0.0,0.3063063063063063,0.29726221488653276,0.12437049031271502,0.9416798891931197,0.5380634946956582,0.0,0.22012987012987012,0.030387283324832932
560,111,100.0,111,0,110,1,0,0.0,0.8495426116328294,0.833633031479512,0.6382815578325957,0.6423034612307735,0.3172084305748178,1.0545901878446433,7.72972972972973,8.176242457702756,0.38654683946897217,0.18784669053892328,0.0004100153351087567,0.0,0.18784669053892328,-0.0006587883077165957,0,0,0,1,0,0.0,0.32432432432432434,0.3042585584028349,0.11080593305614388,0.9328014790610821,0.542856242018825,0.0,0.22012987012987018,0.03050585721038658
561,111,100.0,111,0,111,0,0,0.0,0.8612170395270715,0.8445710509999377,0.7383932107766342,0.6450305144121873,0.30750954794888546,1.0442960931572558,7.72972972972973,8.176242457702756,0.39412788327007786,0.0,0.0,0.0,0.0,0.0,0,0,0,0,0,0.0,0.3063063063063063,0.3250147543287728,0.09721194986898714,0.9374072286696659,0.5553660859336574,0.0,0.22012987012987012,0.030675714589889234
562,111,100.0,111,0,110,1,0,0.0,0.8505656234682241,0.8342331708680197,0.6827185649448776,0.6468583969978805,0.31706991754336333,1.0601359847755938,7.72972972972973,8.176242457702756,0.3907100246261037,0.18693053154658684,0.00013529540253595456,0.0,0.18693053154658684,0.01549994058000903,0,0,0,1,0,0.0,0.32432432432432434,0.3155433743228492,0.10446266028001878,0.9362475533307072,0.5491290257990119,0.0,0.22012987012987012,0.0306971835656192
563,111,100.0,111,0,111,0,0,0.0,0.8499210424667317,0.8333645219461582,0.6968036814551577,0.648480009197959,0.3152124929415061,1.0406400026800418,7.72972972972973,8.176242457702756,0.39167716471213665,0.0,0.0,0.0,0.0,0.0,0,0,0,0,0,0.0,0.32432432432432434,0.31920123935509565,0.11392174386137567,0.9436170048236584,0.5445774713201185,0.0,0.22012987012987012,0.03076025413321279
564,110,99.09909909909909,111,1,110,0,0,0.009009009009009009,0.8470182682487482,0.8309514626681458,0.674880713470007,0.6498122644024478,0.31808463673491,1.0319826846776614,7.72972972972973,8.176242457702756,0.38968215967442954,0.45872476777811944,0.000549990637975643,0.0,0.45872476777811944,0.008209090165195665,0,1,0,0,0,0.0,0.3153153153153153,0.3129877673462511,0.11006524079184832,0.9337347617300414,0.5438261470942565,0.009009009009009009,0.22012987012987012,0.030800204469960055
565,110,99.09909909909909,111,0,111,0,0,0.0,0.8411101083204079,0.8254808265632807,0.6234393786806712,0.6506766892023452,0.32772200399676,1.0414218687584567,7.72972972972973,8.176242457702756,0.38356587243513984,0.0,0.0,0.0,0.0,0.0,0,0,0,0,0,0.0,0.32432432432432434,0.29937751041195054,0.1132564676413207,0.9366800456778518,0.5379603105757279,0.0,0.22012987012987012,0.03080600240407042
566,110,99.09909909909909,111,0,111,0,0,0.0,0.8315637778350488,0.8162159908339245,0.5527145799070338,0.6508644241887066,0.3362213214543671,1.0480105445712056,7.72972972972973,8.176242457702756,0.3781515995415543,0.0,0.0,0.0,0.0,0.0,0,0,0,0,0,0.0,0.2972972972972973,0.28520569340751784,0.1285283586955451,0.9270928711267402,0.5288115975606548,0.0,0.22012987012987012,0.030765945585475043
567,110,99.09909909909909,111,0,111,0,0,0.0,0.8325755117145428,0.8173510506567083,0.5888374717044009,0.6511110537019257,0.3330767433060208,1.0490941506209326,7.72972972972973,8.176242457702756,0.37874015324825994,0.0,0.0,0.0,0.0,0.0,0,0,0,0,0,0.0,0.3153153153153153,0.29256929179264374,0.11780642552082649,0.9259395288378552,0.5308955459835352,0.0,0.25616883116883116,0.030781086768359035
568,110,99.09909909909909,111,0,111,0,0,0.0,0.8270984088234742,0.8122751314236095,0.5338404649916534,0.6510055026174073,0.33962641162756946,1.0356229789778164,7.72972972972973,8.176242457702756,0.3746046855655274,0.0,0.0,0.0,0.0,0.0,0,0,0,0,0,0.0,0.32432432432432434,0.27992959669995954,0.12994661852841574,0.9304726994780348,0.5261135265052594,0.0,0.25616883116883116,0.030749386197610213
569,111,100.0,111,0,110,1,0,0.0,0.8175882071043536,0.8031933687790118,0.4702449562231913,0.6503145440988719,0.3391777744835129,1.0252278058841113,7.72972972972973,8.176242457702756,0.37154324399971994,0.11829186536557054,0.00021174755786634923,0.0,0.11829186536557054,-0.002050293793087521,0,0,0,1,0,0.0,0.3153153153153153,0.2675948151808134,0.13794272466901195,0.9447805774146694,0.5288948963912128,0.0,0.25616883116883116,0.030673587967135808
570,111,100.0,111,0,109,2,0,0.0,0.8245262982990805,0.8099110027433478,0.46168904570308417,0.6501194800563699,0.3290052601292657,0.984900346711454,7.72972972972973,8.176242457702756,0.3728062919060171,0.17408288450437528,0.000223258565070999,0.0,0.17408288450437528,0.00035383423191016894,0,0,0,2,0,0.0,0.32432432432432434,0.265074617739359,0.14581334665421805,0.9482762393480098,0.5323624900930022,0.0,0.22012987012987012,0.03070030396857806
571,111,100.0,111,0,109,2,0,0.0,0.830495915743941,0.8156936774419576,0.47009269561090333,0.6503186093260498,0.31998474988470527,0.9608556767926336,7.72972972972973,8.176242457702756,0.3752143206984031,0.19521719435335252,0.0002041219044612992,0.0,0.19521719435335252,0.000836267262487353,0,0,0,2,0,0.0,0.32432432432432434,0.26789804395429523,0.1483272222352772,0.9493508190975187,0.5371691358967378,0.0,0.22012987012987012,0.030738292701749007
572,109,98.1981981981982,111,2,108,1,0,0.018018018018018018,0.836609579155968,0.8239680596665451,0.4736724693133676,0.650914476153006,0.3225205116147409,0.9759157940589519,7.72972972972973,8.176242457702756,0.37484921859144227,0.27299844710455834,0.0003759139960388103,0.0,0.27299844710455834,-0.0024265101719721884,0,2,0,1,0,0.0,0.3153153153153153,0.2669727086964389,0.15549800246796971,0.9248693410811807,0.5345985190924528,0.018018018018018018,0.2743506493506493,0.030793220777057623
573,108,97.29729729729729,111,1,103,4,3,0.009009009009009009,0.8409739337350788,0.8249194976369298,0.4666875154806371,0.6518614686596371,0.33059171227605555,0.990186414567685,7.72972972972973,8.176242457702756,0.3774075991064696,0.6506702033146271,0.0007427944285472762,0.75,0.20108292724763652,0.012507582500446701,0,4,0,4,0,0.25,0.3063063063063063,0.2680677743231474,0.16814496642703494,0.9386228635058372,0.5294417771648553,0.009009009009009009,0.2383116883116883,0.030853756751652393
574,108,97.29729729729729,111,0,110,1,0,0.0,0.8335736023033121,0.8176865911436323,0.4741181892545948,0.6520485250825057,0.3337560121372356,1.0155432556760136,7.72972972972973,8.176242457702756,0.3753560950080912,0.04980545706220998,0.00027957475339948385,0.0,0.04980545706220998,-0.010125103250951006,0,0,0,1,0,1.0,0.3153153153153153,0.2694491651520492,0.15670900197668125,0.9255588297262244,0.5289184002499013,0.0,0.27435064935064934,0.03082440218782678
575,108,97.29729729729729,111,0,110,1,0,0.0,0.8276696158874589,0.812229278210675,0.445708715307615,0.6518633248090483,0.33692920249384634,1.0032103968246577,7.72972972972973,8.176242457702756,0.37084173509678786,0.10998087634250417,0.0005391684725840242,0.0,0.10998087634250417,-0.005119485956124881,0,0,0,1,0,0.0,0.2972972972972973,0.26050953488882866,0.15670037165431352,0.9280206797105806,0.5281165318024514,0.0,0.27435064935064934,0.03078731104405241
576,108,97.29729729729729,111,0,109,2,0,0.0,0.8346073460900005,0.8193752164191169,0.41024672685755,0.652160682346021,0.3374393959338841,1.0000399596739267,7.72972972972973,8.176242457702756,0.366824956530059,0.23657841099610555,0.0003725703973400266,0.0,0.23657841099610555,0.0037857004656518117,0,0,0,2,0,0.0,0.3063063063063063,0.24831366287329337,0.16767981725693132,0.9122751302399452,0.527077955268106,0.0,0.27435064935064934,0.03083415603165969
577,109,98.1981981981982,111,1,109,1,0,0.009009009009009009,0.8395517145332568,0.8265881016808578,0.41325083568589205,0.6527668775715815,0.33953120269014825,0.9999736624107386,7.72972972972973,8.176242457702756,0.3654997037633809,0.22509081793282992,0.00039823971642758956,0.0,0.22509081793282992,0.0005120002859285988,0,1,0,1,0,0.0,0.2702702702702703,0.24624298544723588,0.16974035840033777,0.9053086812195508,0.5240666574111786,0.009009009009009009,0.2792207792207792,0.030883659869580395
578,109,98.1981981981982,111,1,106,3,1,0.009009009009009009,0.8434742576346922,0.8278344507617742,0.4207618357810484,0.6537107086436317,0.3379592781608193,0.9943062359912946,7.72972972972973,8.176242457702756,0.36657946409688513,0.3990799418429387,0.0004983159440892377,0.4,0.24234968151415687,0.006525617591602828,0,2,0,3,0,0.0,0.27927927927927926,0.24815121663587122,0.17501239876862995,0.9178359958381642,0.519973552307358,0.009009009009009009,0.27922077922077926,0.03094185754350855
579,109,98.1981981981982,111,0,110,1,0,0.0,0.8407634681858015,0.8249364169524649,0.4057163624235897,0.654220777390497,0.3430689454685168,0.9952550793279681,7.72972972972973,8.176242457702756,0.36396086633338265,0.3411317318820254,0.00037875033574631277,0.0,0.3411317318820254,0.002161176124691244,0,0,0,1,0,0.0,0.27927927927927926,0.2439300131355279,0.1848627727564379,0.9199558491949814,0.5121110519784821,0.0,0.24318181818181817,0.030949155824986432
580,109,98.1981981981982,111,0,110,1,0,0.0,0.8400304364763759,0.8238392941972014,0.39699159351417324,0.6546173789466943,0.3476811069965952,0.998679028548678,7.72972972972973,8.176242457702756,0.36556099122170416,0.15159164240537226,0.0005961161948983185,0.0,0.15159164240537226,-0.010094196991280835,0,0,0,1,0,0.0,0.27927927927927926,0.24379687179939688,0.20271205151500787,0.9029146743688743,0.5097671572699711,0.0,0.2792207792207792,0.030961704218852158
581,108,97.29729729729729,111,1,110,0,0,0.009009009009009009,0.8409533843574077,0.8281536659871872,0.39351160925507495,0.6550541214758827,0.3527320701108817,1.007221928581918,7.72972972972973,8.176242457702756,0.36309178458680536,0.17921748569766618,0.00048454732620534593,0.0,0.17921748569766618,-0.003830558042172305,0,1,0,0,0,0.0,0.26126126126126126,0.24092089309830766,0.21086580094662333,0.8740652032670354,0.5039485829597308,0.009009009009009009,0.261038961038961,0.030984173522308495
582,108,97.29729729729729,111,1,106,1,3,0.009009009009009009,0.8480768209461136,0.8331181481397575,0.4080598769426868,0.6561286739413792,0.35605342203447427,1.0426326912545238,7.72972972972973,8.176242457702756,0.3655477141679464,0.6546086745563573,0.0013503304829601934,0.8,0.19909999256541683,0.00039045194959329564,0,4,0,1,0,0.4,0.2702702702702703,0.24473548184516203,0.21656336847501623,0.9021369728288352,0.5039758694135827,0.009009009009009009,0.31525974025974024,0.03106371971270913
583,109,98.1981981981982,111,0,111,0,0,0.0,0.8415043908359008,0.8269107735606922,0.3835407874974625,0.6565701865295721,0.35912810758903496,1.0236373737943245,7.72972972972973,8.176242457702756,0.3598437268418151,0.0,0.0,0.0,0.0,0.0,0,0,0,0,0,0.0,0.27927927927927926,0.23654093358985528,0.22336823652593923,0.8989818388944499,0.49674968360386407,0.0,0.31525974025974024,0.031048907132004033
584,108,97.29729729729729,111,1,110,0,0,0.009009009009009009,0.8354033180059804,0.8204674027835193,0.35848436381822596,0.6565929713399109,0.3655108566563604,1.0287579208606903,7.72972972972973,8.176242457702756,0.35762279692551013,0.3756047074132781,0.0007001908229716425,0.0,0.3756047074132781,-0.0034049133773022544,0,1,0,0,0,0.0,0.27927927927927926,0.23081836648281753,0.23834251420854005,0.9055895441773811,0.49255502478429025,0.009009009009009009,0.31525974025974024,0.031019333238522847
585,108,97.29729729729729,111,0,111,0,0,0.0,0.8389812462611611,0.8238512804939833,0.3741623930309683,0.6567964005901866,0.3598681142378595,1.0178183758574102,7.72972972972973,8.176242457702756,0.36324687215387663,0.0,0.0,0.0,0.0,0.0,0,0,0,0,0,0.0,0.2882882882882883,0.23785893157788907,0.23876238564048302,0.9054368038199894,0.4996929349759519,0.0,0.31525974025974024,0.031045539314164965
586,109,98.1981981981982,111,0,111,0,0,0.0,0.8346623244016239,0.8198308062595417,0.3463035054388596,0.656720217994644,0.3750144597106854,1.0467570130792114,7.72972972972973,8.176242457702756,0.3541835406416831,0.0,0.0,0.0,0.0,0.0,0,0,0,0,0,0.0,0.2702702702702703,0.2258902402397463,0.24290573434150364,0.9223049556010792,0.4895929030032459,0.0,0.27922077922077926,0.031020830268006207
587,110,99.09909909909909,111,0,111,0,0,0.0,0.8418482228971508,0.8266713227608455,0.3791203421245312,0.657097702044428,0.37334729143208956,1.0481662076554616,7.72972972972973,8.176242457702756,0.3601341071089017,0.0,0.0,0.0,0.0,0.0,0,0,0,0,0,0.0,0.2702702702702703,0.23549132610461607,0.23404849977440284,0.9133039167744779,0.49732216802568524,0.0,0.31525974025974024,0.03107219176605859
588,110,99.09909909909909,111,0,111,0,0,0.0,0.8441426946173936,0.8291187348390573,0.3917472643027079,0.6576044071594254,0.3732493482951009,1.050566557911466,7.72972972972973,8.176242457702756,0.35935061941222535,0.0,0.0,0.0,0.0,0.0,0,0,0,0,0,0.0,0.2882882882882883,0.23677156586843234,0.22121974755961044,0.916166116059867,0.4970424860673102,0.0,0.35129870129870133,0.031104378844033692
589,111,100.0,111,0,111,0,0,0.0,0.8426460160754945,0.8277503501406301,0.3884535480315759,0.6579801768751171,0.3794155441866898,1.0619391047201023,7.72972972972973,8.176242457702756,0.3550853173966688,0.0,0.0,0.0,0.0,0.0,0,0,0,0,0,0.0,0.27927927927927926,0.23193163583337237,0.2176218427931381,0.9089278364030735,0.4903875059980028,0.0,0.35129870129870133,0.031112257372842983
590,110,99.09909909909909,111,1,110,0,0,0.009009009009009009,0.8410645236548009,0.8293170735963191,0.37013112599063736,0.658219813477973,0.3857692469899857,1.0723679241023238,7.72972972972973,8.176242457702756,0.35321724634548124,0.15899368998128896,0.0007319510246186432,0.0,0.15899368998128896,-0.00995140412139256,0,1,0,0,0,0.0,0.26126126126126126,0.2267659617021941,0.23996697732725134,0.9160094467715018,0.4800794279490459,0.009009009009009009,0.33311688311688314,0.031114146545572964
591,109,98.1981981981982,111,1,101,4,5,0.009009009009009009,0.8421843405275282,0.829458726060527,0.3875623267630259,0.6587082627706865,0.3912715544093978,1.108691246925767,7.72972972972973,8.176242457702756,0.3529009065372246,0.6125697017932249,0.001248180490470289,0.8,0.2252680818114424,0.007682582332145726,0,6,0,4,0,0.4,0.2702702702702703,0.22975826794786974,0.2404763900762257,0.9057931539861369,0.4752394797003635,0.009009009009009009,0.3873376623376624,0.031139714029164198
592,108,97.29729729729729,111,1,109,1,0,0.009009009009009009,0.8478581108378462,0.8318937199040068,0.391694360829176,0.6594806409293875,0.387564061004387,1.0762422156699287,7.72972972972973,8.176242457702756,0.35319483463155676,0.45253652487162616,0.0012609948437542185,0.5,0.36282020835707124,-0.00012865647886814435,0,1,0,1,0,0.0,0.25225225225225223,0.2297463330755245,0.2341826786735589,0.899826306269682,0.47203917178822,0.009009009009009009,0.3873376623376623,0.031199658636188655
593,108,97.29729729729729,111,0,111,0,0,0.0,0.8505138961158344,0.834872065301535,0.37218624240987014,0.6601688361819359,0.3873234534169275,1.077135835441941,7.72972972972973,8.176242457702756,0.3502660956935517,0.0,0.0,0.0,0.0,0.0,0,0,0,0,0,0.0,0.24324324324324326,0.22290970424422996,0.24217523500630558,0.8992376777753522,0.4719336333351559,0.0,0.31525974025974024,0.031241071818793972
594,108,97.29729729729729,111,0,111,0,0,0.0,0.8530981625109829,0.8373366272723173,0.38345357970828886,0.6609619697718547,0.3855807008152999,1.0756664656160544,7.72972972972973,8.176242457702756,0.3516334939282606,0.0,0.0,0.0,0.0,0.0,0,0,0,0,0,0.0,0.25225225225225223,0.22572446433568516,0.22966870153734067,0.9116671559180055,0.4768713587818633,0.0,0.3152597402597403,0.031286417413432334
595,109,98.1981981981982,111,0,111,0,0,0.0,0.8380725322137272,0.8231972132242501,0.31635616972217534,0.6607653966167133,0.3983464598437637,1.1038069867134095,7.72972972972973,8.176242457702756,0.3424263235133549,0.0,0.0,0.0,0.0,0.0,0,0,0,0,0,0.0,0.23423423423423423,0.2080885850513647,0.2517741033518716,0.9019881528713721,0.46476383538915045,0.0,0.35129870129870133,0.0312032531130605
596,110,99.09909909909909,111,0,111,0,0,0.0,0.8438201539369177,0.8290364732587326,0.31268250145599147,0.6609668414058674,0.39440606712544785,1.0840354432308832,7.72972972972973,8.176242457702756,0.3412204578476292,0.0,0.0,0.0,0.0,0.0,0,0,0,0,0,0.0,0.21621621621621623,0.2052500408392797,0.23876541028760945,0.9110081281188486,0.46792128831739443,0.0,0.31525974025974024,0.031240226528866273
597,110,99.09909909909909,111,1,110,0,0,0.009009009009009009,0.8560240362507342,0.8401418467466046,0.3333369739180815,0.6619007754427901,0.39730550630723804,1.0871876574817585,7.72972972972973,8.176242457702756,0.3455446586685196,0.12992614613067957,0.0007169619086297234,0.0,0.12992614613067957,-0.016674871208700537,0,1,0,0,0,0.0,0.26126126126126126,0.2113382109046394,0.24134322975896144,0.9047227524399145,0.46967903109176645,0.009009009009009009,0.35129870129870133,0.03133942629606227
598,110,99.09909909909909,111,0,111,0,0,0.0,0.8574757422769952,0.841287448554667,0.3493538522651821,0.6628107244612137,0.39584254296190485,1.1341706907140643,7.72972972972973,8.176242457702756,0.34534363127726286,0.0,0.0,0.0,0.0,0.0,0,0,0,0,0,0.0,0.22522522522522523,0.21455482833946682,0.23219994292079857,0.9088443800704251,0.46827656803353335,0.0,0.35129870129870133,0.03138388464518747
599,110,99.09909909909909,111,0,111,0,0,0.0,0.8625932288490977,0.8466975384050787,0.3291344036659474,0.6640001474923289,0.39742442168921316,1.113347752330111,7.72972972972973,8.176242457702756,0.343803118371808,0.0,0.0,0.0,0.0,0.0,0,0,0,0,0,0.0,0.23423423423423423,0.2079059384275918,0.24542933039000991,0.9138383147787904,0.4656323707974278,0.0,0.35129870129870133,0.03145809713348385
600,110,99.09909909909909,111,0,111,0,0,0.0,0.8642369028443162,0.8484407973592063,0.32418245947930174,0.6652063468755763,0.39232195046767965,1.0949191986276807,7.72972972972973,8.176242457702756,0.34348303185801266,0.0,0.0,0.0,0.0,0.0,0,0,0,0,0,0.0,0.21621621621621623,0.20642798271535776,0.25153598152104245,0.9113976149424421,0.46081059575580896,0.0,0.35129870129870133,0.031515626396508754
601,110,99.09909909909909,111,0,111,0,0,0.0,0.8559772365489974,0.8402771600155396,0.30691485953782965,0.6657799414466576,0.4033943866752184,1.1244921612114294,7.72972972972973,8.176242457702756,0.3404951533423066,0.0,0.0,0.0,0.0,0.0,0,0,0,0,0,0.0,0.21621621621621623,0.20147356693335008,0.25962309364839914,0.9036501207885936,0.4527606749042438,0.0,0.35129870129870133,0.03149777730646008
602,111,100.0,111,0,111,0,0,0.0,0.8510820909444649,0.8356261072742425,0.28716614272348573,0.6660024124557118,0.4019630949755993,1.109271174456556,7.72972972972973,8.176242457702756,0.3398327602088431,0.0,0.0,0.0,0.0,0.0,0,0,0,0,0,0.0,0.23423423423423423,0.1976306217816498,0.2684392482852395,0.9041835902743725,0.4551710944845957,0.0,0.3512987012987013,0.031482396462986596
603,111,100.0,111,0,111,0,0,0.0,0.8508208962748508,0.8354241831142564,0.28195768000134547,0.6661934858485467,0.4019605205584682,1.139135484240765,7.72972972972973,8.176242457702756,0.33914522303902817,0.0,0.0,0.0,0.0,0.0,0,0,0,0,0,0.0,0.25225225225225223,0.19603522951024965,0.2702867079428172,0.8984030124768849,0.45351937706440704,0.0,0.3512987012987013,0.03148890180157369
604,111,100.0,111,0,111,0,0,0.0,0.8578837961706696,0.8420314926217568,0.2935718799344609,0.6668011203337224,0.40396040561838975,1.1566947732827295,7.72972972972973,8.176242457702756,0.34078456751630215,0.0,0.0,0.0,0.0,0.0,0,0,0,0,0,0.0,0.25225225225225223,0.19940397640425656,0.27437244399580774,0.8932260194932743,0.4523418564740565,0.0,0.3873376623376623,0.03154905713543508
605,111,100.0,111,0,111,0,0,0.0,0.8564550942220167,0.8405635248284051,0.2922331230400308,0.6672630534653453,0.40687549037233495,1.1645054278672464,7.72972972972973,8.176242457702756,0.33992281423618564,0.0,0.0,0.0,0.0,0.0,0,0,0,0,0,0.0,0.25225225225225223,0.1986728150789911,0.2771870167321283,0.9077408310963305,0.4489712894938904,0.0,0.31525974025974024,0.03156079801210879
606,111,100.0,111,0,111,0,0,0.0,0.8554872319634655,0.8398219415523885,0.2908682839017217,0.6676387109067959,0.4031280670894558,1.1690386897112122,7.72972972972973,8.176242457702756,0.3389021768135674,0.0,0.0,0.0,0.0,0.0,0,0,0,0,0,0.0,0.25225225225225223,0.19769315679021163,0.2784279250606457,0.8964717097710833,0.4498907945247727,0.0,0.27922077922077926,0.031571316032427736
607,111,100.0,111,0,111,0,0,0.0,0.8519823757298035,0.8365387782510378,0.2818542631850361,0.6677689021715825,0.4098656560956079,1.1820750542098322,7.72972972972973,8.176242457702756,0.3346566465288414,0.0,0.0,0.0,0.0,0.0,0,0,0,0,0,0.0,0.24324324324324326,0.19331775694355752,0.27342308474554966,0.8938792305955093,0.44608186011890605,0.0,0.31525974025974024,0.031559114127993275
608,111,100.0,111,0,110,1,0,0.0,0.8586529934280805,0.8432681857095515,0.2909949332910227,0.6683286188187212,0.4050751226787838,1.1690373785507127,7.72972972972973,8.176242457702756,0.33647472635098463,0.05248547888281746,0.0005544089002470745,0.0,0.05248547888281746,-0.01127530676340427,0,0,0,1,0,0.0,0.26126126126126126,0.19539347204994573,0.2737572644798744,0.9025812570356204,0.4504222969443295,0.0,0.35129870129870133,0.03161534911155775
609,111,100.0,111,0,111,0,0,0.0,0.8623205043679245,0.8468048068358949,0.31764801632085826,0.6690739018501939,0.403781552977452,1.1477044169089525,7.72972972972973,8.176242457702756,0.3373564141124348,0.0,0.0,0.0,0.0,0.0,0,0,0,0,0,0.0,0.26126126126126126,0.20166316611564733,0.25165402200618553,0.881883740649051,0.4533295067044741,0.0,0.3873376623376623,0.031664154740081635
610,111,100.0,111,0,111,0,0,0.0,0.8671463815239736,0.8517455440441046,0.3274426307494517,0.6700814220566902,0.39748486437698116,1.130265630184448,7.72972972972973,8.176242457702756,0.3404063096944654,0.0,0.0,0.0,0.0,0.0,0,0,0,0,0,0.0,0.26126126126126126,0.20476297133132979,0.24575638267224403,0.8972270796202235,0.4595213538187736,0.0,0.3512987012987013,0.03172947277330862
611,111,100.0,111,0,111,0,0,0.0,0.8678542127720096,0.8525566026516402,0.3359971723157348,0.671059616262874,0.3963635134377871,1.106297782470325,7.72972972972973,8.176242457702756,0.34050497377060407,0.0,0.0,0.0,0.0,0.0,0,0,0,0,0,0.0,0.2702702702702703,0.20568239221926865,0.2333116890646652,0.8955200318897918,0.463282303782914,0.0,0.3873376623376623,0.031773001694551196
612,111,100.0,111,0,110,1,0,0.0,0.8705505733408291,0.8552114113107137,0.3273328470286236,0.6721314818132561,0.40117945438431457,1.1125464308245683,7.72972972972973,8.176242457702756,0.33686589841901204,0.03838564096286715,0.0002780881605341923,0.0,0.03838564096286715,-0.009830537239771842,0,0,0,1,0,1.0,0.26126126126126126,0.20099227726567787,0.23667775635257035,0.8907990562244215,0.4566518328063551,0.0,0.3873376623376624,0.03183030266050521
613,111,100.0,111,0,110,1,0,0.0,0.882138958176725,0.8665973788411913,0.35074298378430696,0.6738604644865761,0.3899637169065216,1.0954974173207426,7.72972972972973,8.176242457702756,0.341732667739026,0.055271677524693266,0.000495489930926117,0.0,0.055271677524693266,-0.01414821331346644,0,0,0,1,0,0.0,0.24324324324324326,0.20691202779496679,0.22728962520188942,0.9093003779025394,0.4648206176977568,0.0,0.35129870129870133,0.031958927492395844
614,111,100.0,111,0,111,0,0,0.0,0.8934069007946543,0.8780968717241482,0.371167008728236,0.6762002624800874,0.3804532889160571,1.0790288346891594,7.72972972972973,8.176242457702756,0.34309368102777493,0.0,0.0,0.0,0.0,0.0,0,0,0,0,0,0.0,0.25225225225225223,0.2090604847274262,0.21129177043750616,0.8939663202397216,0.47395244380241486,0.0,0.31525974025974024,0.03211092098397046
615,111,100.0,111,0,111,0,0,0.0,0.8936526825908712,0.8782575455179505,0.3743512801198562,0.6783592625797865,0.38124005720020665,1.072234042194289,7.72972972972973,8.176242457702756,0.34261586799412136,0.0,0.0,0.0,0.0,0.0,0,0,0,0,0,0.0,0.26126126126126126,0.20933825738782216,0.2084447124583373,0.884881398645136,0.4746325710392227,0.0,0.35129870129870133,0.03220041243435827
616,111,100.0,111,0,111,0,0,0.0,0.8971395268509645,0.8817822094633508,0.39595984831955694,0.6805722856526681,0.3770610527288623,1.061777279687805,7.72972972972973,8.176242457702756,0.3464936099445022,0.0,0.0,0.0,0.0,0.0,0,0,0,0,0,0.0,0.27927927927927926,0.21499389746868083,0.18667348536705838,0.9055742809487825,0.48432495474863224,0.0,0.31525974025974024,0.03230831772170059
617,111,100.0,111,0,111,0,0,0.0,0.8908577051857846,0.8752989014551357,0.38044566734286916,0.6821802938078411,0.38084956781618434,1.0789943923394922,7.72972972972973,8.176242457702756,0.35068789676179457,0.0,0.0,0.0,0.0,0.0,0,0,0,0,0,0.0,0.2702702702702703,0.21686998097657412,0.20188666213709236,0.9116268457141923,0.48683811716896774,0.0,0.2792207792207792,0.03234264593612798
618,111,100.0,111,0,111,0,0,0.0,0.8923925417079068,0.8773961117706468,0.3627064442523222,0.6837940057177028,0.36925196230413837,1.0564512085373396,7.72972972972973,8.176242457702756,0.3501884002026514,0.0,0.0,0.0,0.0,0.0,0,0,0,0,0,0.0,0.26126126126126126,0.21225958719811353,0.21085293381158288,0.9106546280415917,0.4882901046912501,0.0,0.2792207792207792,0.03241629061789815
619,111,100.0,111,0,111,0,0,0.0,0.8907113988286791,0.875789796716975,0.3660632914659857,0.6851707076585071,0.3742274842052758,1.0651097976709982,7.72972972972973,8.176242457702756,0.3487442302148309,0.0,0.0,0.0,0.0,0.0,0,0,0,0,0,0.0,0.2882882882882883,0.2114410883697643,0.20600749402389262,0.9017531256661306,0.4862203834636966,0.0,0.31525974025974024,0.03246416614780204
620,111,100.0,111,0,111,0,0,0.0,0.8869432808042894,0.8722112203269481,0.34791725215049357,0.6862007726449653,0.37504469886308056,1.066965225205115,7.72972972972973,8.176242457702756,0.34852893255323614,0.0,0.0,0.0,0.0,0.0,0,0,0,0,0,0.0,0.3063063063063063,0.20866822708571592,0.21423036543021978,0.8945143496220558,0.48907607067149,0.0,0.35129870129870133,0.03248743586306246
621,111,100.0,111,0,111,0,0,0.0,0.8908334299539747,0.8761252464617513,0.3423716573923293,0.6874026332339701,0.37621163629531473,1.0963205983163364,7.72972972972973,8.176242457702756,0.34909380691656167,0.0,0.0,0.0,0.0,0.0,0,0,0,0,0,0.0,0.2882882882882883,0.20729680215158627,0.2270208072398441,0.9160124967986448,0.48802189538952095,0.0,0.31525974025974024,0.03255602012669118
622,111,100.0,111,0,111,0,0,0.0,0.8916886305793231,0.876982487023296,0.3491059814729902,0.6885622988406206,0.3733927879605239,1.0729059339156983,7.72972972972973,8.176242457702756,0.34956356702250546,0.0,0.0,0.0,0.0,0.0,0,0,0,0,0,0.0,0.2882882882882883,0.20854501436923306,0.2163858703581721,0.9219379706555036,0.48956094212143686,0.0,0.31525974025974024,0.03260770466566709
623,111,100.0,111,0,111,0,0,0.0,0.889577333885586,0.875078859086102,0.33382571811372375,0.6895026311870625,0.37728736684219283,1.0996139884343767,7.72972972972973,8.176242457702756,0.3490718250162643,0.0,0.0,0.0,0.0,0.0,0,0,0,0,0,0.0,0.3063063063063063,0.2056200068887901,0.21501803786276136,0.8998038008992422,0.49186195135573163,0.0,0.35129870129870133,0.032635590108475054
624,111,100.0,111,0,110,1,0,0.0,0.8919217128536212,0.8772465201029912,0.3279428876586551,0.6905078662572729,0.3810512207552539,1.1004396299621453,7.72972972972973,8.176242457702756,0.34651901565328513,0.36789107176378444,0.0004094509213100369,0.0,0.36789107176378444,-0.008785621176911423,0,0,0,1,0,0.0,0.26126126126126126,0.20252448597885675,0.2231332262129941,0.8939450702659664,0.4890124647207543,0.0,0.3873376623376623,0.032688407231620364
625,111,100.0,111,0,111,0,0,0.0,0.8959052806880038,0.8811791479030643,0.3377792560580074,0.6916881438179875,0.37596393395080846,1.0952125590593842,7.72972972972973,8.176242457702756,0.3483280230749797,0.0,0.0,0.0,0.0,0.0,0,0,0,0,0,0.0,0.2702702702702703,0.20525945867556533,0.21567530579218594,0.9166000062791163,0.49203963151709795,0.0,0.3512987012987013,0.03275657624831122
626,111,100.0,111,0,111,0,0,0.0,0.8897064645862842,0.8752979155308045,0.3247358020538986,0.6923872279690584,0.37568444247485616,1.057802021830475,7.72972972972973,8.176242457702756,0.34836632663369493,0.0,0.0,0.0,0.0,0.0,0,0,0,0,0,0.0,0.27927927927927926,0.2031766010286852,0.21719890159296315,0.9260600949079087,0.49239941956021654,0.0,0.31525974025974024,0.03275416157539009
627,111,100.0,111,0,111,0,0,0.0,0.8895275076488228,0.8753288715425517,0.3217124800063689,0.6930311781358152,0.3794740277827729,1.09328692450809,7.72972972972973,8.176242457702756,0.3460723181344796,0.0,0.0,0.0,0.0,0.0,0,0,0,0,0,0.0,0.2972972972972973,0.20077526099312426,0.20734931403263282,0.9087691531024261,0.4891739140932337,0.0,0.35129870129870133,0.032779592254173186
628,111,100.0,111,0,111,0,0,0.0,0.8937689391542585,0.8793482651077758,0.33261472749252174,0.6938853856662086,0.3788920174615539,1.0889054890873928,7.72972972972973,8.176242457702756,0.34740587833814174,0.0,0.0,0.0,0.0,0.0,0,0,0,0,0,0.0,0.2972972972972973,0.20309002469408474,0.19674641440798452,0.9156245096577355,0.4927495530863645,0.0,0.31525974025974024,0.032835720451088825
629,111,100.0,111,0,111,0,0,0.0,0.8977796835254903,0.8834854997147701,0.3404360164620545,0.6949403673838347,0.3765513021688441,1.07257119390807,7.72972972972973,8.176242457702756,0.34869619852003186,0.0,0.0,0.0,0.0,0.0,0,0,0,0,0,0.0,0.27927927927927926,0.20482375156038649,0.18861681057506915,0.9207372196029437,0.4959510840272268,0.0,0.31525974025974024,0.03289890310450376
630,111,100.0,111,0,111,0,0,0.0,0.9049910785169647,0.8903673839851665,0.36599300407402635,0.6963592348732282,0.37426851146873463,1.0634839355080117,7.72972972972973,8.176242457702756,0.35058113743589403,0.0,0.0,0.0,0.0,0.0,0,0,0,0,0,0.0,0.27927927927927926,0.2098474614816733,0.1869726685645603,0.9215244848242895,0.49824524651413105,0.0,0.31038961038961044,0.032992965102504296
631,111,100.0,111,0,109,2,0,0.0,0.907708135785227,0.8934727566553373,0.33994046018859253,0.697865214555518,0.3756094372219401,1.0513579952898535,7.72972972972973,8.176242457702756,0.34680494623376323,0.34808900089075867,0.0004693896647677586,0.0,0.34808900089075867,-0.008389717667757174,0,0,0,2,0,0.0,0.27927927927927926,0.20174848823231595,0.19644155049099093,0.9191752544739359,0.4935137404355277,0.0,0.3152597402597403,0.03306811666393949
632,111,100.0,111,0,111,0,0,0.0,0.9145734555707019,0.9001394319168345,0.3394965442027712,0.6996841285142181,0.3780440098316013,1.076882444580941,7.72972972972973,8.176242457702756,0.3464968954587013,0.0,0.0,0.0,0.0,0.0,0,0,0,0,0,0.0,0.27927927927927926,0.20060478735324866,0.19940287381907085,0.9316356646793724,0.4923431264947889,0.0,0.31525974025974024,0.03317680267054702
633,111,100.0,111,0,111,0,0,0.0,0.9146642888907389,0.8999295984402864,0.3399837539707856,0.701340598462518,0.3880190462588169,1.1069480890814642,7.72972972972973,8.176242457702756,0.3460741811343675,0.0,0.0,0.0,0.0,0.0,0,0,0,0,0,0.0,0.2882882882882883,0.20099740536113803,0.2051334861119719,0.9449779889740867,0.48680377390023893,0.0,0.2477272727272727,0.03324497533675319
634,111,100.0,111,0,110,1,0,0.0,0.9225172717544428,0.9075264079914541,0.3591905805889481,0.7033585382659687,0.3892550401880169,1.1095662791389802,7.72972972972973,8.176242457702756,0.34649458680598855,0.27583547655241125,0.00037543080859393416,0.0,0.27583547655241125,0.01008753157810044,0,0,0,1,0,0.0,0.2702702702702703,0.2036695986705382,0.19427253475342926,0.9425290382604483,0.4885778980016126,0.0,0.2477272727272727,0.03336673607656203
635,111,100.0,111,0,111,0,0,0.0,0.9289310328828188,0.9137506388712802,0.37424169776962946,0.705618612984728,0.3904501530088386,1.1004602120053188,7.72972972972973,8.176242457702756,0.3493792370161084,0.0,0.0,0.0,0.0,0.0,0,0,0,0,0,0.0,0.27927927927927926,0.2075354434522419,0.18772169136919548,0.935626743486851,0.49303701903308755,0.0,0.2477272727272727,0.03349119947656941
636,110,99.09909909909909,111,1,110,0,0,0.009009009009009009,0.9302474213777114,0.9159752423363586,0.3635140940910971,0.7077862951622079,0.39306947429342337,1.082069077759747,7.72972972972973,8.176242457702756,0.3468001043314617,0.2726820651607779,0.00042438120165912526,0.0,0.2726820651607779,0.008131783526280467,0,1,0,0,0,0.0,0.2702702702702703,0.20348716909019277,0.18403436083814456,0.9446837363107665,0.4910297850000685,0.009009009009009009,0.2477272727272727,0.03358639889431546
637,110,99.09909909909909,111,0,109,2,0,0.0,0.9282403911604846,0.9141390603013727,0.3638502058602031,0.7097097523639989,0.38707432957501164,1.0518494884605802,7.72972972972973,8.176242457702756,0.3474961226920017,0.22760847974515422,0.0005766187318880299,0.0,0.22760847974515422,-0.014472188036660533,0,0,0,2,0,0.5,0.2882882882882883,0.20377481059401206,0.17747469719176975,0.9294352952557297,0.49424794891948537,0.0,0.27889610389610386,0.033654997005423605
638,110,99.09909909909909,111,0,111,0,0,0.0,0.9374460331838391,0.9229114928481468,0.41045441760261137,0.7120497473249712,0.38353561613579407,1.0489217166552938,7.72972972972973,8.176242457702756,0.35426272485348753,0.0,0.0,0.0,0.0,0.0,0,0,0,0,0,0.0,0.27927927927927926,0.21561599188377195,0.1678128788763594,0.9192906162486099,0.504147792205381,0.0,0.31493506493506496,0.03379668704629394
639,110,99.09909909909909,111,0,110,1,0,0.0,0.9293232871019034,0.9149425668997856,0.39652963218267717,0.7136771716589864,0.3853798099335211,1.056914824267302,7.72972972972973,8.176242457702756,0.3520337854918778,0.04326697363227006,0.0004402112464184708,0.0,0.04326697363227006,-0.014145597999426107,0,0,0,1,0,1.0,0.2702702702702703,0.21284880462800948,0.1691982662409629,0.9268169921542126,0.4996549329170216,0.0,0.27889610389610386,0.03382260439556663
640,109,98.1981981981982,111,1,109,1,0,0.009009009009009009,0.9315277799429842,0.9183111897162329,0.4166544746300469,0.7153133408292311,0.3840245364432249,1.0544664254054268,7.72972972972973,8.176242457702756,0.35384530715767437,0.12172011650475342,0.00046788796743815444,0.0,0.12172011650475342,-0.00409376254319227,0,1,0,1,0,0.5,0.27927927927927926,0.21707532493084747,0.1608858207050847,0.9260388638091853,0.5039275574915405,0.009009009009009009,0.27889610389610386,0.033900515438960735
641,109,98.1981981981982,111,1,107,1,2,0.009009009009009009,0.9247063861962936,0.9109186156101219,0.39688604387729104,0.7164677563595785,0.39239263604128216,1.0691106569641218,7.72972972972973,8.176242457702756,0.3499553179597945,0.5526647063545436,0.0009532251857529922,1.0,0.44733529364545643,0.004577359722085811,0,3,0,1,0,0.0,0.2882882882882883,0.212217061934694,0.15430373032507783,0.9384325424521376,0.4996612730812653,0.009009009009009009,0.27889610389610386,0.033913602376592564
642,109,98.1981981981982,111,0,108,3,0,0.0,0.9189319416763057,0.9053487843012363,0.39507339945231207,0.717106424822223,0.39622173792749416,1.07877435496139,7.72972972972973,8.176242457702756,0.34770132007774857,0.22931009045018694,0.0005591501585829786,0.0,0.22931009045018694,-0.007501166475728867,0,0,0,3,0,0.3333333333333333,0.2702702702702703,0.21149916584372858,0.15000593317525307,0.9377814415371692,0.5013476463720096,0.0,0.2477272727272727,0.033910839694995976
643,108,97.29729729729729,111,1,109,1,0,0.009009009009009009,0.9235390635602304,0.9088914515102274,0.3959510615380756,0.7180138868228989,0.40114479366550254,1.0831251183410056,7.72972972972973,8.176242457702756,0.3466665198576431,0.339860012606125,0.000728805843063232,0.0,0.339860012606125,-0.006704771038922364,0,1,0,1,0,0.0,0.27927927927927926,0.2103971605329596,0.14814179334383953,0.93415358793992,0.5028801424301185,0.009009009009009009,0.27435064935064934,0.03397097345110899
644,108,97.29729729729729,111,0,110,1,0,0.0,0.9234386298035759,0.9083610451084579,0.39891673836027547,0.7187231717077955,0.40390198219259515,1.082242977249876,7.72972972972973,8.176242457702756,0.3482070325749551,0.036223033582968925,0.000394922631669144,0.0,0.036223033582968925,-0.013330805104675436,0,0,0,1,0,1.0,0.27927927927927926,0.2124646103333937,0.15864057458840808,0.9406693283016587,0.50342946767587,0.0,0.23831168831168834,0.03399946770827821
645,109,98.1981981981982,111,0,109,2,0,0.0,0.9198913307059479,0.9049014980222431,0.39360443206410983,0.719148174974621,0.4044007365412892,1.0848097688295082,7.72972972972973,8.176242457702756,0.34850388524561504,0.2271072972539999,0.0005495324608712122,0.0,0.2271072972539999,-0.013300676008583617,0,0,0,2,0,0.5,0.2972972972972973,0.2119739516719004,0.15286197711681138,0.9341924515991917,0.5044403817055175,0.0,0.2383116883116883,0.033999105861564474
646,109,98.1981981981982,111,1,110,0,0,0.009009009009009009,0.928053253512194,0.9130118215350905,0.40475752108452545,0.7200597249169589,0.3965662963885371,1.0927952382458321,7.72972972972973,8.176242457702756,0.35253590218032405,0.3908043582102304,0.0006393688344176907,0.0,0.3908043582102304,-0.013695991843532429,0,1,0,0,0,0.0,0.2972972972972973,0.21528100521226057,0.1528249165117971,0.951233820133663,0.505550513924542,0.009009009009009009,0.2383116883116883,0.034077180742300005
647,109,98.1981981981982,111,0,111,0,0,0.0,0.9295996083482408,0.9143649833898796,0.4436827105020208,0.7209944543597129,0.38739585306319024,1.0583659604724798,7.72972972972973,8.176242457702756,0.35752419138517477,0.0,0.0,0.0,0.0,0.0,0,0,0,0,0,0.0,0.2972972972972973,0.22558749175703435,0.13903276910480947,0.9482850434876642,0.5156218910048072,0.0,0.2383116883116883,0.03412312538926179
648,110,99.09909909909909,111,0,111,0,0,0.0,0.9311588184350402,0.9157709826114008,0.45020686854542175,0.7219447243811479,0.3892299758463485,1.0579568355865294,7.72972972972973,8.176242457702756,0.3575958463060862,0.0,0.0,0.0,0.0,0.0,0,0,0,0,0,0.0,0.2882882882882883,0.22608736042469746,0.13667363756315995,0.943207027122235,0.5161359471659497,0.0,0.27435064935064934,0.03416976963017348
649,110,99.09909909909909,111,0,111,0,0,0.0,0.9212131340350628,0.9059662308511711,0.4160838736816595,0.7221759698005935,0.3994361198509245,1.0736424785772383,7.72972972972973,8.176242457702756,0.3537387801463201,0.0,0.0,0.0,0.0,0.0,0,0,0,0,0,0.0,0.2702702702702703,0.21871411655464942,0.14454020769541306,0.9440271727043175,0.5090535093148134,0.0,0.27435064935064934,0.034129494801256696
650,110,99.09909909909909,111,0,111,0,0,0.0,0.9247916340453027,0.909603146430377,0.42335249415115384,0.7226261984624633,0.3975779809901727,1.0690554360263305,7.72972972972973,8.176242457702756,0.35195024400197483,0.0,0.0,0.0,0.0,0.0,0,0,0,0,0,0.0,0.2882882882882883,0.2175704817210887,0.14074533738821152,0.9409843563542781,0.5077268791787807,0.0,0.23831168831168834,0.034165793194812166
651,111,100.0,111,0,109,2,0,0.0,0.9243048749490678,0.9091128403279389,0.4382870656044935,0.7230075444447484,0.40007213375787554,1.0700625350289306,7.72972972972973,8.176242457702756,0.3497133247983564,0.3342592356405742,0.0006901949616620527,0.0,0.3342592356405742,-0.0024346941616673057,0,0,0,2,0,0.0,0.27927927927927926,0.2183122503566357,0.13096641592873892,0.9494069640723399,0.5046457689899537,0.0,0.26103896103896107,0.03417894928538816
652,110,99.09909909909909,111,1,110,0,0,0.009009009009009009,0.9173091383475455,0.901909254482657,0.3806385503869352,0.722917995705745,0.4044416381359936,1.094239133451318,7.72972972972973,8.176242457702756,0.3422923525156416,0.30749800264584526,0.000704785048883809,0.0,0.30749800264584526,-0.016236150723173304,0,1,0,0,0,0.0,0.2882882882882883,0.20376916439850623,0.14783967222089445,0.9418178556104091,0.49301504804212554,0.009009009009009009,0.225,0.03414030974137118
653,110,99.09909909909909,111,0,111,0,0,0.0,0.9251001902638997,0.9093974319157001,0.37979833740251867,0.7232940987565181,0.4015335468682605,1.075496911369241,7.72972972972973,8.176242457702756,0.34053445734385046,0.0,0.0,0.0,0.0,0.0,0,0,0,0,0,0.0,0.2972972972972973,0.20130241258512277,0.163111745560972,0.9423374560549667,0.4866272705754307,0.0,0.27435064935064934,0.034194640549613964
654,110,99.09909909909909,111,0,111,0,0,0.0,0.9274355218570149,0.9115404547899184,0.3929161099265146,0.7237796257068654,0.39613721475941865,1.09113623210135,7.72972972972973,8.176242457702756,0.3412464938035107,0.0,0.0,0.0,0.0,0.0,0,0,0,0,0,0.0,0.27927927927927926,0.20353843121398735,0.14591357786152476,0.915116158980725,0.49238583976104233,0.0,0.31038961038961044,0.034226166137908486
655,110,99.09909909909909,111,0,111,0,0,0.0,0.9276336295349465,0.9120008229929254,0.3807374013148242,0.7242555674529353,0.39230286962733213,1.062889805002276,7.72972972972973,8.176242457702756,0.34358036851062645,0.0,0.0,0.0,0.0,0.0,0,0,0,0,0,0.0,0.27927927927927926,0.2029664060160445,0.15179260116711518,0.9202945460183709,0.49866486913140773,0.0,0.31038961038961044,0.0342466137518562
656,110,99.09909909909909,111,0,111,0,0,0.0,0.9340564077000296,0.9182127980669439,0.39413365671294587,0.7250989199626604,0.38869076678347164,1.0722390414998804,7.72972972972973,8.176242457702756,0.3472363308306199,0.0,0.0,0.0,0.0,0.0,0,0,0,0,0,0.0,0.2972972972972973,0.2070275747154947,0.1487250634667081,0.9254599098918077,0.5066435420475822,0.0,0.31038961038961044,0.03431320491566573
657,110,99.09909909909909,111,1,110,0,0,0.009009009009009009,0.9298840368322417,0.9157265360206871,0.38136271411253575,0.7256143072340756,0.39201394632794384,1.0803093296727304,7.72972972972973,8.176242457702756,0.34649514441194795,0.4366025642951755,0.0007506360280221468,0.0,0.4366025642951755,0.004761418704498921,0,1,0,0,0,0.0,0.26126126126126126,0.20486562715271878,0.16068634931897405,0.9254599098918077,0.5077223977450073,0.009009009009009009,0.31038961038961044,0.034313412717780316
658,109,98.1981981981982,111,1,106,2,2,0.009009009009009009,0.9401041860934171,0.9238330110354886,0.3882616406182316,0.7268503155261974,0.3986420370746934,1.1169541307372932,7.72972972972973,8.176242457702756,0.34938831314881624,0.64310807089742,0.0009360802705138284,1.0,0.35689192910257994,0.009477428934428257,0,3,0,2,0,0.0,0.27927927927927926,0.20691212786215873,0.1686557927394774,0.9136346821729681,0.5076819881929239,0.009009009009009009,0.3464285714285714,0.03441504298146679
659,109,98.1981981981982,111,0,111,0,0,0.0,0.9467254236365718,0.9302959847509384,0.38818874857901553,0.7282718756542063,0.3879671846423402,1.0789779994103876,7.72972972972973,8.176242457702756,0.34822936145278005,0.0,0.0,0.0,0.0,0.0,0,0,0,0,0,0.0,0.3063063063063063,0.20506123577847413,0.1690245650369347,0.9266815247840625,0.5051307177442905,0.0,0.31038961038961044,0.03450626427055658
660,109,98.1981981981982,111,0,111,0,0,0.0,0.9382684103056801,0.9219877614573583,0.3646235448101046,0.7290337651951385,0.3912507348537703,1.0696700726953936,7.72972972972973,8.176242457702756,0.34486563928151726,0.0,0.0,0.0,0.0,0.0,0,0,0,0,0,0.0,0.2882882882882883,0.1998953879748927,0.16229814358201458,0.9459694855108679,0.5039730423974246,0.0,0.27435064935064934,0.03449512617196537
661,109,98.1981981981982,111,0,111,0,0,0.0,0.9330268648393127,0.9168703542884117,0.3613632317821286,0.7293986315057998,0.3968309284454429,1.126150869493489,7.72972972972973,8.176242457702756,0.3418650241695389,0.0,0.0,0.0,0.0,0.0,0,0,0,0,0,0.0,0.2972972972972973,0.19733162269035992,0.16208067997009595,0.9255225091724193,0.49909465032633443,0.0,0.31038961038961044,0.034483834621736605
662,110,99.09909909909909,111,0,111,0,0,0.0,0.9363008505735715,0.9201695826296991,0.36954642678227106,0.7299494677889883,0.40105096055731976,1.1345080109798809,7.72972972972973,8.176242457702756,0.3410159550718588,0.0,0.0,0.0,0.0,0.0,0,0,0,0,0,0.0,0.2882882882882883,0.1974975870636985,0.15761277654004427,0.9460979513799319,0.4982798710004583,0.0,0.27435064935064934,0.03452272340543714
663,111,100.0,111,0,111,0,0,0.0,0.9448981801795983,0.9284468704008697,0.39963286195982534,0.7309966832557923,0.3946653589937572,1.1283286882594366,7.72972972972973,8.176242457702756,0.3444528628312731,0.0,0.0,0.0,0.0,0.0,0,0,0,0,0,0.0,0.3063063063063063,0.2039728742771462,0.15302186655982683,0.9457372274147041,0.5030110114404207,0.0,0.27435064935064934,0.0346085214912775
664,111,100.0,111,0,111,0,0,0.0,0.9456541576784525,0.9292507830220574,0.40747664998059835,0.732010859723021,0.38867074593584505,1.1179086626174393,7.72972972972973,8.176242457702756,0.3471384684741723,0.0,0.0,0.0,0.0,0.0,0,0,0,0,0,0.0,0.3063063063063063,0.207051688894271,0.15731869189146788,0.9498289109860775,0.5062434063486101,0.0,0.27435064935064934,0.03465376214222657
665,111,100.0,111,0,111,0,0,0.0,0.9535886690437174,0.9367712458023569,0.43748987826099384,0.7334340276800272,0.380596319824457,1.111854061712178,7.72972972972973,8.176242457702756,0.35007113769071774,0.0,0.0,0.0,0.0,0.0,0,0,0,0,0,0.0,0.2972972972972973,0.21283420560457705,0.14184849373614733,0.9466250144363375,0.5148750968658816,0.0,0.27435064935064934,0.034751615530425474
666,111,100.0,111,0,110,1,0,0.0,0.9594749645149805,0.9427085911385467,0.4249763168737797,0.7351291953744786,0.38267778576637096,1.1105164586291971,7.72972972972973,8.176242457702756,0.3484092531654104,0.07394919249054976,0.00043080860717988897,0.0,0.07394919249054976,-0.0140990960720343,0,0,0,1,0,0.0,0.27927927927927926,0.20905854789160383,0.14355328635274914,0.9435451626114475,0.5138566220207553,0.0,0.27435064935064934,0.03485034751816329
667,111,100.0,111,0,111,0,0,0.0,0.9620180512775081,0.9449266660840105,0.4482647439248066,0.7368308461965145,0.3911091232995461,1.129002694305108,7.72972972972973,8.176242457702756,0.34856909615858855,0.0,0.0,0.0,0.0,0.0,0,0,0,0,0,0.0,0.27927927927927926,0.21240591237043185,0.1390268160964963,0.9318747635101048,0.5143422671154142,0.0,0.31038961038961044,0.0349326285004725
668,111,100.0,111,0,111,0,0,0.0,0.9647242320701345,0.9476776483594731,0.4549874652198052,0.7385733075062056,0.3862305181807594,1.0838642760958135,7.72972972972973,8.176242457702756,0.3486095809196448,0.0,0.0,0.0,0.0,0.0,0,0,0,0,0,0.0,0.2972972972972973,0.21275271131646026,0.1333684505593494,0.9310675783878546,0.5173336221116422,0.0,0.31038961038961044,0.03501739333514164
669,111,100.0,111,0,111,0,0,0.0,0.9700764942551311,0.9531093106743825,0.43923416477456345,0.7405285856587652,0.3787095551938136,1.1047489806907997,7.72972972972973,8.176242457702756,0.34867282135040356,0.0,0.0,0.0,0.0,0.0,0,0,0,0,0,0.0,0.2972972972972973,0.20998317236177882,0.14364927380202847,0.9330343985779849,0.5187973908824829,0.0,0.31038961038961044,0.0351240887873045
670,111,100.0,111,0,111,0,0,0.0,0.9696018815926076,0.9526357321533051,0.4486450468902069,0.7422930187863604,0.36809744223736274,1.0782496685542102,7.72972972972973,8.176242457702756,0.35288785049716465,0.0,0.0,0.0,0.0,0.0,0,0,0,0,0,0.0,0.2972972972972973,0.21450162189944022,0.13450511592521258,0.9426821631738458,0.5284445214244259,0.0,0.27435064935064934,0.035193847889249986
671,111,100.0,111,0,111,0,0,0.0,0.973736469028499,0.956648212533196,0.4716058409986519,0.7441756436829813,0.37185905437807265,1.0928967115171278,7.72972972972973,8.176242457702756,0.35621192368430776,0.0,0.0,0.0,0.0,0.0,0,0,0,0,0,0.0,0.2972972972972973,0.21979663931300414,0.13381441050681508,0.9326756069342311,0.5295125339799516,0.0,0.27435064935064934,0.03529148481448784
672,111,100.0,111,0,111,0,0,0.0,0.9748604831612188,0.9577236145255581,0.48661188764565905,0.7459746825829181,0.37728275462442024,1.0999986630684522,7.72972972972973,8.176242457702756,0.3570499466250059,0.0,0.0,0.0,0.0,0.0,0,0,0,0,0,0.0,0.2972972972972973,0.22270235570258087,0.13027809313635721,0.9288145855820775,0.5309215201191154,0.0,0.31038961038961044,0.035370651776335055
673,111,100.0,111,0,111,0,0,0.0,0.9685740272522422,0.9515854067458841,0.490154638147379,0.7472251278999885,0.38420063087675305,1.113886765173546,7.72972972972973,8.176242457702756,0.3560474385923582,0.0,0.0,0.0,0.0,0.0,0,0,0,0,0,0.0,0.3063063063063063,0.22352008348667485,0.13040743675811842,0.9289729606700103,0.5262183689090234,0.0,0.31038961038961044,0.03539033921725251
674,110,99.09909909909909,111,1,110,0,0,0.009009009009009009,0.9710627507244683,0.9559887587815621,0.5023599292655497,0.7485114018475855,0.38439797076346566,1.10736310401364,7.72972972972973,8.176242457702756,0.3565183569549577,0.42208668429076734,0.0008465628748442217,0.0,0.42208668429076734,0.0014029426834865077,0,1,0,0,0,0.0,0.2972972972972973,0.2252345432325734,0.13508809796155236,0.9416994775565688,0.5224508743212947,0.009009009009009009,0.27435064935064934,0.03545536727292653
675,110,99.09909909909909,111,0,111,0,0,0.0,0.9843487709718832,0.9689517837551956,0.5400263576037004,0.7506903725194254,0.38335283198579795,1.1039373757767132,7.72972972972973,8.176242457702756,0.3570852985217592,0.0,0.0,0.0,0.0,0.0,0,0,0,0,0,0.0,0.2972972972972973,0.2287270759772153,0.13538477322546336,0.9310724976004493,0.5247982618178826,0.0,0.31038961038961044,0.03561087633676954
676,110,99.09909909909909,111,0,111,0,0,0.0,0.9843232661105156,0.9689723039619464,0.5372601489581054,0.7526925274915389,0.38652820196378296,1.0918326616146428,7.72972972972973,8.176242457702756,0.35631396653014646,0.0,0.0,0.0,0.0,0.0,0,0,0,0,0,0.0,0.2882882882882883,0.22790375634403492,0.1416808026843441,0.9568292474646617,0.5241057777799056,0.0,0.2383116883116883,0.03569259933491217
677,110,99.09909909909909,111,0,111,0,0,0.0,0.9906935161583129,0.9751264179206888,0.5915851939538572,0.7549335216414657,0.39523801647435136,1.096849773704504,7.72972972972973,8.176242457702756,0.35648041452049695,0.0,0.0,0.0,0.0,0.0,0,0,0,0,0,0.0,0.2972972972972973,0.23413745938027358,0.12934585365447962,0.958558391397435,0.5241418793674273,0.0,0.20227272727272727,0.03581606514273164
678,110,99.09909909909909,111,0,111,0,0,0.0,0.9891370216855441,0.973944748188435,0.602143958269678,0.7569139937303447,0.39408217945008245,1.1399654325040656,7.72972972972973,8.176242457702756,0.35575832307136057,0.0,0.0,0.0,0.0,0.0,0,0,0,0,0,0.0,0.3153153153153153,0.2349046119986154,0.1255560591433965,0.9449835638365199,0.5238225292082846,0.0,0.20227272727272727,0.035889246770264734
679,111,100.0,111,0,111,0,0,0.0,0.9931892311799398,0.978194401671988,0.6133602628199274,0.759010507197372,0.38335354873656524,1.0894576404335827,7.72972972972973,8.176242457702756,0.35932987125318894,0.0,0.0,0.0,0.0,0.0,0,0,0,0,0,0.0,0.32432432432432434,0.2387412749913428,0.10997318678091886,0.9428238902205518,0.5349905666397633,0.0,0.2022727272727273,0.03599521582984798
680,111,100.0,111,0,111,0,0,0.0,0.9830190186492818,0.9684370541721968,0.5672462116242417,0.7602973771289578,0.38518603285021974,1.0931859789500158,7.72972972972973,8.176242457702756,0.35818009419404007,0.0,0.0,0.0,0.0,0.0,0,0,0,0,0,0.0,0.3333333333333333,0.23313381176958112,0.1076756798941556,0.9466888917468423,0.5365705817878015,0.0,0.2383116883116883,0.03599697357005556
681,111,100.0,111,0,111,0,0,0.0,0.9698540806013392,0.9558552458313343,0.5005848652277405,0.7606560541304119,0.39457297605191194,1.1041441121310258,7.72972972972973,8.176242457702756,0.34929515594921345,0.0,0.0,0.0,0.0,0.0,0,0,0,0,0,0.0,0.2972972972972973,0.2188097862190948,0.11291235616203207,0.9479907212086393,0.5251902563357997,0.0,0.2383116883116883,0.0359458120304553
682,111,100.0,111,0,111,0,0,0.0,0.9718454302194149,0.9577847610038708,0.5264911352811406,0.7611116143015991,0.39720022498671226,1.1046538367148124,7.72972972972973,8.176242457702756,0.3509517869039105,0.0,0.0,0.0,0.0,0.0,0,0,0,0,0,0.0,0.3063063063063063,0.22360428086410544,0.1063085071558184,0.9477972193011543,0.5258590449737024,0.0,0.2383116883116883,0.03597439263061417
683,111,100.0,111,0,109,2,0,0.0,0.9783887128615513,0.9638933743598225,0.5772175538351917,0.7619294907996781,0.3923897665513291,1.1124417453666595,7.72972972972973,8.176242457702756,0.3573537747536071,0.3309213444215334,0.00048291277033801695,0.0,0.3309213444215334,0.010680178273820201,0,0,0,2,0,0.0,0.2972972972972973,0.2348156285873637,0.10111650458855613,0.9486886248852944,0.5348142742194939,0.0,0.23831168831168825,0.036040544826568606
684,111,100.0,111,0,111,0,0,0.0,0.978440108587386,0.964237301111869,0.5833651246301895,0.7627029919603691,0.3868806932544562,1.1012718886123205,7.72972972972973,8.176242457702756,0.35994623457231323,0.0,0.0,0.0,0.0,0.0,0,0,0,0,0,0.0,0.3333333333333333,0.23777163187562156,0.09944549987657826,0.9397490169289702,0.5427713038646245,0.0,0.2383116883116883,0.036072423470353394
685,111,100.0,111,0,111,0,0,0.0,0.9751648656150931,0.9609416887080255,0.5970571395368859,0.7631976839822654,0.3886322771507968,1.102415147262231,7.72972972972973,8.176242457702756,0.36068679520273683,0.0,0.0,0.0,0.0,0.0,0,0,0,0,0,0.0,0.34234234234234234,0.2404614399652706,0.0942297876308705,0.933728835937069,0.5472627636981163,0.0,0.2383116883116883,0.03607627086505651
686,111,100.0,111,0,111,0,0,0.0,0.9823748681012218,0.9681839941733773,0.6553085027474308,0.7641256475485322,0.3815264099114059,1.0818001762047758,7.72972972972973,8.176242457702756,0.36669017880991484,0.0,0.0,0.0,0.0,0.0,0,0,0,0,0,0.0,0.35135135135135137,0.2516913717266737,0.08257089281046565,0.933728835937069,0.5620494119612021,0.0,0.2383116883116883,0.036150257153035714
687,110,99.09909909909909,111,1,110,0,0,0.009009009009009009,0.9783326917309,0.9636519857684279,0.6753430490919657,0.7647280117451148,0.3906642922036152,1.1045962675630518,7.72972972972973,8.176242457702756,0.3661144122091087,0.39435765423807545,0.0004756203615652943,0.0,0.39435765423807545,0.012575913915237824,0,1,0,0,0,0.0,0.34234234234234234,0.25479745756524613,0.08035291430380723,0.9517731920964686,0.5524442030264208,0.009009009009009009,0.2383116883116883,0.036154671649779604
688,109,98.1981981981982,111,1,110,0,0,0.009009009009009009,0.9806139949494271,0.964451281575801,0.6310302163426359,0.7653557144504325,0.402512919798432,1.1086360272057985,7.72972972972973,8.176242457702756,0.36261210847478864,0.5004697173999395,0.0006312119474614567,1.0,0.4995302826000605,0.01654234772371571,0,1,0,0,0,0.0,0.35135135135135137,0.24562770489258628,0.09186000222400309,0.942193594020591,0.5465541402038324,0.009009009009009009,0.261038961038961,0.0361917394134224
689,109,98.1981981981982,111,0,111,0,0,0.0,0.99346653468288,0.977113514452632,0.6386128392483041,0.7666913115959839,0.39864204631430444,1.1084727624312385,7.72972972972973,8.176242457702756,0.36432052456526764,0.0,0.0,0.0,0.0,0.0,0,0,0,0,0,0.0,0.32432432432432434,0.24628244115702025,0.09668982781474014,0.9336491118830313,0.5462219865870749,0.0,0.27435064935064934,0.036310602942528886
690,109,98.1981981981982,111,0,111,0,0,0.0,0.9992333726924123,0.9824535712494007,0.666580623629187,0.7682669998735235,0.39972930111171123,1.1061498083432706,7.72972972972973,8.176242457702756,0.36702635832017383,0.0,0.0,0.0,0.0,0.0,0,0,0,0,0,0.0,0.3333333333333333,0.2515394242591334,0.09951235372105832,0.9234530679856834,0.5491327135606876,0.0,0.27435064935064934,0.03640385317955117
691,109,98.1981981981982,111,0,111,0,0,0.0,1.0004823164650505,0.9838855568298986,0.6450200659663451,0.7698075221475303,0.40523130760263076,1.1061061333096394,7.72972972972973,8.176242457702756,0.36428834996170134,0.0,0.0,0.0,0.0,0.0,0,0,0,0,0,0.0,0.32432432432432434,0.24645954723600902,0.10454600022145225,0.9309024746158939,0.5487871672691764,0.0,0.27435064935064934,0.03647307631653321
692,109,98.1981981981982,111,1,110,0,0,0.009009009009009009,1.0074358316997505,0.9919988289730504,0.6990913537894198,0.7716410501813113,0.40076420858217937,1.1051249104518401,7.72972972972973,8.176242457702756,0.3670949770654992,0.060688305427488584,0.00046434578085325354,0.0,0.060688305427488584,-0.01742049247600641,0,1,0,0,0,0.0,0.3153153153153153,0.25401614547411344,0.1062228604162985,0.9207514125799519,0.5527137374117924,0.009009009009009009,0.31038961038961044,0.03658280074149266
693,110,99.09909909909909,111,0,111,0,0,0.0,1.0043548800205409,0.9890803245369041,0.6158834145674316,0.7732454913637802,0.3997166651321127,1.0925331122424866,7.72972972972973,8.176242457702756,0.3642743427583197,0.0,0.0,0.0,0.0,0.0,0,0,0,0,0,0.0,0.3153153153153153,0.24195285626240742,0.11064343178065102,0.9436394009223859,0.5506653005333894,0.0,0.20227272727272727,0.03663298748368156
694,110,99.09909909909909,111,0,111,0,0,0.0,1.0009609364932577,0.9858064170780244,0.5928488758641449,0.7745046034557358,0.4004486052151459,1.0964930855666561,7.72972972972973,8.176242457702756,0.3624721280772447,0.0,0.0,0.0,0.0,0.0,0,0,0,0,0,0.0,0.3153153153153153,0.23813275781730092,0.1057187309905621,0.939588478445863,0.5483611255108607,0.0,0.18863636363636363,0.036667491794771405
695,110,99.09909909909909,111,0,111,0,0,0.0,1.0040820786351439,0.9888445369446103,0.5882255272833142,0.775859490727397,0.405969226961255,1.104118951202112,7.72972972972973,8.176242457702756,0.36210331305719534,0.0,0.0,0.0,0.0,0.0,0,0,0,0,0,0.0,0.3153153153153153,0.23671374191460462,0.11272053739998315,0.9431427384852196,0.5437574385800795,0.0,0.22499999999999998,0.03673848693966063
696,110,99.09909909909909,111,0,111,0,0,0.0,1.0099862552684498,0.994544755522649,0.6197052986432958,0.7774764500839465,0.40476404390724086,1.1032595592974246,7.72972972972973,8.176242457702756,0.3659515975162697,0.0,0.0,0.0,0.0,0.0,0,0,0,0,0,0.0,0.3063063063063063,0.24319625932754346,0.11412219355760894,0.9440458493960079,0.551627849742623,0.0,0.22499999999999998,0.036834111081544156
697,111,100.0,111,0,111,0,0,0.0,1.013474116489872,0.998129699850378,0.6538174130126833,0.7791956939152287,0.40248565235017286,1.0987311093697962,7.72972972972973,8.176242457702756,0.36601186081976267,0.0,0.0,0.0,0.0,0.0,0,0,0,0,0,0.0,0.3333333333333333,0.24656111946681278,0.1007814849468166,0.9427724174827907,0.5562009040857895,0.0,0.18896103896103894,0.03692183515969363
698,111,100.0,111,0,110,1,0,0.0,1.02178353180069,1.0064705411813988,0.6612031346333532,0.7813199421306157,0.39036153899680637,1.0785216587441413,7.72972972972973,8.176242457702756,0.36671576720849,0.18415936905939,0.0007648748248086487,0.0,0.18415936905939,-0.008688806296483387,0,0,0,1,0,0.0,0.3153153153153153,0.24602326833643345,0.11013753277132557,0.9359520079685257,0.5577775834378016,0.0,0.18896103896103894,0.037050224078494454
699,111,100.0,111,0,110,1,0,0.0,1.0250525387055855,1.0094686170057936,0.6408884544231737,0.7834666106202836,0.3910965172184221,1.0655856487666833,7.72972972972973,8.176242457702756,0.3674444714214833,0.16922634915543228,0.0007407102134243974,0.0,0.16922634915543228,-0.011346985887386751,0,0,0,1,0,0.0,0.3153153153153153,0.24384353797362304,0.10970723729985302,0.9440194196847285,0.5580357931677801,0.0,0.22499999999999998,0.037154327523258104
700,110,99.09909909909909,111,1,110,0,0,0.009009009009009009,1.0226786820784768,1.0091624394670653,0.6452515301695015,0.7852758720343229,0.3985573547007648,1.0714235028363872,7.72972972972973,8.176242457702756,0.3677808667152034,0.6012997135968163,0.0012973891066998101,1.0,0.39870028640318367,0.007039377363048438,0,1,0,0,0,0.0,0.3063063063063063,0.24574015603949959,0.10294776194429406,0.9421847315605534,0.5539114199909211,0.009009009009009009,0.20681818181818182,0.03721642304007532
701,109,98.1981981981982,111,1,106,1,3,0.009009009009009009,1.022063835691169,1.0053756344749067,0.6598266708561422,0.7870332761361393,0.4123382688165569,1.0982299691956663,7.72972972972973,8.176242457702756,0.36985561541357637,0.7366150457057895,0.0016258863254046524,1.0,0.26338495429421055,0.010674721743905092,0,4,0,1,0,0.0,0.3333333333333333,0.2501083985633326,0.12061289512029186,0.9340320013816188,0.5539980940314679,0.009009009009009009,0.29707792207792205,0.03728519361830185
702,108,97.29729729729729,111,1,110,0,0,0.009009009009009009,1.011851926977652,0.9962085214368478,0.5464596073170281,0.7878016385284765,0.42631464225367555,1.110086105423061,7.72972972972973,8.176242457702756,0.36278044126502196,0.3248117035975274,0.0005709806466529356,0.0,0.3248117035975274,-0.004847557829133764,0,1,0,0,0,0.0,0.32432432432432434,0.23120691401830062,0.1475677886983589,0.9336297466317184,0.5386353927344507,0.009009009009009009,0.27435064935064934,0.037265545660809904
703,108,97.29729729729729,111,0,111,0,0,0.0,1.0067933900484407,0.9916738642750781,0.5307726292087518,0.7882543941028737,0.42361019152810364,1.104668718948609,7.72972972972973,8.176242457702756,0.3577254471848881,0.0,0.0,0.0,0.0,0.0,0,0,0,0,0,0.0,0.32432432432432434,0.22527868311823662,0.13708256647312841,0.9339870223987325,0.5350945046675384,0.0,0.2068181818181818,0.03725876217291559
704,108,97.29729729729729,111,0,111,0,0,0.0,1.0066477371776221,0.991284858042493,0.5579337298878458,0.788644686409566,0.42069573449351294,1.1106301049977734,7.72972972972973,8.176242457702756,0.3596032868284176,0.0,0.0,0.0,0.0,0.0,0,0,0,0,0,0.0,0.3153153153153153,0.2301872940525953,0.12455364756034147,0.9323699838448182,0.5407520979411609,0.0,0.2383116883116883,0.03727398953120596
705,109,98.1981981981982,111,0,111,0,0,0.0,1.0124452425569448,0.9965464991664198,0.6111653999327598,0.7893472310994065,0.4136079801990192,1.104609629889755,7.72972972972973,8.176242457702756,0.363223084320619,0.0,0.0,0.0,0.0,0.0,0,0,0,0,0,0.0,0.3333333333333333,0.2398766471317064,0.12420601666242422,0.9306314791069055,0.544771746823481,0.0,0.2383116883116883,0.03733169793671011
706,110,99.09909909909909,111,0,111,0,0,0.0,1.024800695699706,1.0085518042229649,0.6220575891397505,0.7907776003114,0.41161282186114356,1.1111659089687584,7.72972972972973,8.176242457702756,0.3674900784261841,0.0,0.0,0.0,0.0,0.0,0,0,0,0,0,0.0,0.32432432432432434,0.2423553413133683,0.13266740731233503,0.911141627289703,0.5489633870345655,0.0,0.2383116883116883,0.03745195042983037
707,111,100.0,111,0,111,0,0,0.0,1.0350992466380533,1.0184254074954406,0.6744359050566511,0.7927368508628759,0.4126046780622662,1.116033044120325,7.72972972972973,8.176242457702756,0.37074194174733255,0.0,0.0,0.0,0.0,0.0,0,0,0,0,0,0.0,0.32432432432432434,0.2505091498996715,0.13684726945606263,0.9263762751128154,0.5499027407235672,0.0,0.24285714285714283,0.03758353972224339
708,111,100.0,111,0,111,0,0,0.0,1.0380279587502357,1.0213145568769912,0.6544043034591357,0.79472488742563,0.4188362725564065,1.1125446289204903,7.72972972972973,8.176242457702756,0.3703645487775393,0.0,0.0,0.0,0.0,0.0,0,0,0,0,0,0.0,0.2972972972972973,0.24739666489604295,0.1447150369188472,0.9249536068199152,0.5479690228484272,0.0,0.2068181818181818,0.03767945662756358
709,111,100.0,111,0,111,0,0,0.0,1.0330130122755068,1.0163066254561595,0.6120879681001247,0.7962228088067991,0.42638589127021154,1.125182722388094,7.72972972972973,8.176242457702756,0.36711489129097163,0.0,0.0,0.0,0.0,0.0,0,0,0,0,0,0.0,0.3153153153153153,0.2398698804855276,0.14123696720247175,0.9131433282526792,0.5482990709964368,0.0,0.20227272727272727,0.03771561873716501
710,111,100.0,111,0,111,0,0,0.0,1.016480412808341,1.0005684954488734,0.541153572042043,0.7965688263698552,0.43870247472262913,1.142260063823232,7.72972972972973,8.176242457702756,0.35573462248287435,0.0,0.0,0.0,0.0,0.0,0,0,0,0,0,0.0,0.2972972972972973,0.2240063919561609,0.13734496563291324,0.9076040756994012,0.5331480109208773,0.0,0.2383116883116883,0.03764710135728003
711,111,100.0,111,0,111,0,0,0.0,1.0223577506605068,1.0060596833825106,0.5614594442697067,0.7972457309694189,0.42929188820102493,1.1217413294436405,7.72972972972973,8.176242457702756,0.35906629719886207,0.0,0.0,0.0,0.0,0.0,0,0,0,0,0,0.0,0.2972972972972973,0.2287342887896663,0.13462180967684048,0.914943349228581,0.5402990660844051,0.0,0.24285714285714283,0.037704160727174696
712,111,100.0,111,0,111,0,0,0.0,1.0122185063932359,0.9961830539711536,0.5342104593032644,0.7972212604738582,0.437027979043483,1.0941606395218888,7.72972972972973,8.176242457702756,0.356434216563404,0.0,0.0,0.0,0.0,0.0,0,0,0,0,0,0.0,0.2972972972972973,0.2245889368349243,0.13825699461066138,0.9089268612879267,0.5340230447425185,0.0,0.2383116883116883,0.037652464122314516
713,111,100.0,111,0,111,0,0,0.0,1.0211023505823358,1.0047395752888753,0.5676940785943657,0.7977584722884506,0.4280435887138633,1.0808452101571762,7.72972972972973,8.176242457702756,0.36008483266840186,0.0,0.0,0.0,0.0,0.0,0,0,0,0,0,0.0,0.3063063063063063,0.23042018737660988,0.12538895560755733,0.903876585411593,0.5413646107039987,0.0,0.2383116883116883,0.03771884521349627
714,111,100.0,111,0,111,0,0,0.0,1.0194937390144452,1.0031674365193566,0.5422843824348507,0.7981489268605166,0.43898525975862174,1.0955380238900831,7.72972972972973,8.176242457702756,0.35705160271167213,0.0,0.0,0.0,0.0,0.0,0,0,0,0,0,0.0,0.32432432432432434,0.22534784353371104,0.12762169224815437,0.8974853689954309,0.5373975742432386,0.0,0.2383116883116883,0.03772676441190646
715,111,100.0,111,0,111,0,0,0.0,1.0166356493872402,1.00013052033092,0.531748622945832,0.7983088124154403,0.434118649163221,1.0883962256916235,7.72972972972973,8.176242457702756,0.3582245545544358,0.0,0.0,0.0,0.0,0.0,0,0,0,0,0,0.0,0.2972972972972973,0.22557976855826467,0.13556918883333957,0.9033033833084565,0.536929986980033,0.0,0.2383116883116883,0.03771901027908314
716,111,100.0,111,0,111,0,0,0.0,1.021653558973837,1.0046819476606945,0.5499861453867643,0.7987533339267534,0.433293344226143,1.1307886148987902,7.72972972972973,8.176242457702756,0.36028010218705653,0.0,0.0,0.0,0.0,0.0,0,0,0,0,0,0.0,0.3153153153153153,0.22959481864497147,0.15114273668430675,0.9085112849648673,0.533558230861848,0.0,0.27435064935064934,0.03776227240528693
717,111,100.0,111,0,111,0,0,0.0,1.0203243622863725,1.003848281443354,0.5412897741973536,0.7991069802245507,0.437222706405249,1.0923617764868934,7.72972972972973,8.176242457702756,0.35670909358396097,0.0,0.0,0.0,0.0,0.0,0,0,0,0,0,0.0,0.3063063063063063,0.22559223695632896,0.13704194957976118,0.9147951852037761,0.5304343003199884,0.0,0.20227272727272727,0.037770083911224904
718,111,100.0,111,0,111,0,0,0.0,1.0192191525027925,1.0030361084894248,0.5453001449605486,0.7993785873596861,0.44916944064554365,1.1715305653363954,7.72972972972973,8.176242457702756,0.35240558764902485,0.0,0.0,0.0,0.0,0.0,0,0,0,0,0,0.0,0.3063063063063063,0.22319811718639057,0.14087974535921258,0.902658502001604,0.5221924078726838,0.0,0.23831168831168825,0.03777566149125755
719,111,100.0,111,0,111,0,0,0.0,1.0152006976958736,0.9992749279184265,0.5347886546512007,0.7993819686427148,0.44881353760607046,1.1388655956494202,7.72972972972973,8.176242457702756,0.35091179195436184,0.0,0.0,0.0,0.0,0.0,0,0,0,0,0,0.0,0.2972972972972973,0.22101974903446037,0.13125900066212645,0.8926763007467177,0.5228125794042505,0.0,0.23831168831168825,0.03775570744817226
720,111,100.0,111,0,111,0,0,0.0,1.0101278664008368,0.9939951827378458,0.5199124339214174,0.7990397256501545,0.44994786968621214,1.1900773853154258,7.72972972972973,8.176242457702756,0.3503598287666312,0.0,0.0,0.0,0.0,0.0,0,0,0,0,0,0.0,0.2882882882882883,0.21989839518701612,0.14736585383184309,0.8994918906476526,0.5187856626757381,0.0,0.2383116883116883,0.03771635198326396
721,111,100.0,111,0,111,0,0,0.0,1.022527171946169,1.0059364004081461,0.5835189377669447,0.7995065396017612,0.4303215250403929,1.1607006512669131,7.72972972972973,8.176242457702756,0.35946426417892985,0.0,0.0,0.0,0.0,0.0,0,0,0,0,0,0.0,0.2972972972972973,0.23316135724033124,0.14405478387337536,0.9116728561402077,0.5304886993265701,0.0,0.24285714285714283,0.037797432431245497
722,111,100.0,111,0,111,0,0,0.0,1.0332063960587878,1.0166818507817326,0.5920326211509351,0.8006380449734312,0.41980457136421906,1.0988889574460607,7.72972972972973,8.176242457702756,0.3615710324282291,0.0,0.0,0.0,0.0,0.0,0,0,0,0,0,0.0,0.2972972972972973,0.23465732878506065,0.1407999927401785,0.925534673991063,0.5396260907904106,0.0,0.20681818181818182,0.037897085863113425
723,111,100.0,111,0,111,0,0,0.0,1.0390904564789423,1.022524715310949,0.5984219442107649,0.8020592171387987,0.41790926655670707,1.1228804756061317,7.72972972972973,8.176242457702756,0.36023600431743596,0.0,0.0,0.0,0.0,0.0,0,0,0,0,0,0.0,0.2972972972972973,0.23288666217834558,0.14100478545935427,0.9309292082452784,0.535437661911147,0.0,0.24285714285714283,0.037984605406205116
724,111,100.0,111,0,111,0,0,0.0,1.0415283422079566,1.0252764858481334,0.5764214604911339,0.8035441839669841,0.4175716889366692,1.0994233473458048,7.72972972972973,8.176242457702756,0.35782179343085274,0.0,0.0,0.0,0.0,0.0,0,0,0,0,0,0.0,0.3063063063063063,0.2272851549490202,0.1511907376831885,0.9373349823522062,0.5316658384911856,0.0,0.27435064935064934,0.03805750207899463
725,111,100.0,111,0,111,0,0,0.0,1.0504974390164226,1.0340664433793503,0.5886203780093825,0.8054826868986258,0.42014962778592296,1.1252246421782146,7.72972972972973,8.176242457702756,0.35637977083326766,0.0,0.0,0.0,0.0,0.0,0,0,0,0,0,0.0,0.3153153153153153,0.22678760482953134,0.14863646625064594,0.9240549428854787,0.5294100818919163,0.0,0.31038961038961044,0.03818159591290731
726,111,100.0,111,0,111,0,0,0.0,1.062755320790813,1.0458171150222815,0.6043082184363616,0.8080313038536746,0.40784413697546085,1.0718431641393635,7.72972972972973,8.176242457702756,0.3613523675405417,0.0,0.0,0.0,0.0,0.0,0,0,0,0,0,0.0,0.3063063063063063,0.2314265133746496,0.14202020035644303,0.94320391939769,0.5398810031557076,0.0,0.27435064935064934,0.038347075872560726
727,111,100.0,111,0,111,0,0,0.0,1.0664256537554904,1.0496686547421161,0.6559543201593582,0.8106234686878391,0.40370390032852216,1.0646113011829625,7.72972972972973,8.176242457702756,0.36526013318953043,0.0,0.0,0.0,0.0,0.0,0,0,0,0,0,0.0,0.2972972972972973,0.23931731079297056,0.12321910389408768,0.9269352032464351,0.549607403155174,0.0,0.31038961038961044,0.0384713983782564
728,111,100.0,111,0,111,0,0,0.0,1.059617523716549,1.0429053692635777,0.6097476687975039,0.8125613057451935,0.419975880305794,1.0829110420929886,7.72972972972973,8.176242457702756,0.360656219570364,0.0,0.0,0.0,0.0,0.0,0,0,0,0,0,0.0,0.2972972972972973,0.23129267256783617,0.1210017812661197,0.9298931756881207,0.5440269332645218,0.0,0.27435064935064934,0.03851657885618395
729,111,100.0,111,0,111,0,0,0.0,1.0461812081741735,1.0296478281205488,0.5562778251545939,0.8134735255800764,0.42926787638123365,1.0887696802529756,7.72972972972973,8.176242457702756,0.3575923929340181,0.0,0.0,0.0,0.0,0.0,0,0,0,0,0,0.0,0.3063063063063063,0.22379094277819972,0.11951151070145168,0.9403408099982333,0.5408942869859084,0.0,0.20227272727272727,0.038486689931195715
730,111,100.0,111,0,111,0,0,0.0,1.0515603791566095,1.0347233198473562,0.5550639367414453,0.8146431477171155,0.42638417199851125,1.0900550301008107,7.72972972972973,8.176242457702756,0.35786284573780724,0.0,0.0,0.0,0.0,0.0,0,0,0,0,0,0.0,0.2882882882882883,0.22311404836962262,0.12859428168511006,0.9282316230490985,0.543346060341189,0.0,0.2383116883116883,0.038561401356989544
731,111,100.0,111,0,111,0,0,0.0,1.0657631891834132,1.0488566581411933,0.5642256185848887,0.8166415995174084,0.4210072659672944,1.082310085234604,7.72972972972973,8.176242457702756,0.3601958439781885,0.0,0.0,0.0,0.0,0.0,0,0,0,0,0,0.0,0.27927927927927926,0.22372311233970152,0.1287503628531711,0.941711343999457,0.546052556233795,0.0,0.23831168831168825,0.0387141145394197
732,111,100.0,111,0,111,0,0,0.0,1.065238648712428,1.0483364944969167,0.5549687654658273,0.818442629180523,0.4218346168501087,1.062617335336442,7.72972972972973,8.176242457702756,0.3597421058731618,0.0,0.0,0.0,0.0,0.0,0,0,0,0,0,0.0,0.27927927927927926,0.22245240203193534,0.12065179836162776,0.9438196680763811,0.5458573167194919,0.0,0.2383116883116883,0.03878512011306047
733,111,100.0,111,0,111,0,0,0.0,1.0635200530886546,1.0469145234108734,0.5581438817953991,0.8200033912487075,0.4188999802700493,1.1087488009243875,7.72972972972973,8.176242457702756,0.35861148824524425,0.0,0.0,0.0,0.0,0.0,0,0,0,0,0,0.0,0.2972972972972973,0.22256404405840974,0.11762927612939908,0.9438196680763811,0.5475151857243874,0.0,0.2383116883116883,0.038840332980382905
734,111,100.0,111,0,111,0,0,0.0,1.0546065792889483,1.0386277139231175,0.5356248604099344,0.8208945019174276,0.4307092414850297,1.1300874608911478,7.72972972972973,8.176242457702756,0.35578251633282476,0.0,0.0,0.0,0.0,0.0,0,0,0,0,0,0.0,0.2972972972972973,0.21828415687348343,0.12062215423699592,0.9412476403345194,0.5438571078903667,0.0,0.2383116883116883,0.03883219529580489
735,111,100.0,111,0,111,0,0,0.0,1.0469181840807102,1.0313780741074523,0.5220347378916036,0.8212385547143958,0.4319816135709174,1.1547750477206515,7.72972972972973,8.176242457702756,0.3498418958304239,0.0,0.0,0.0,0.0,0.0,0,0,0,0,0,0.0,0.2972972972972973,0.21309108258769943,0.12858147404172685,0.9283924827099792,0.5365131748663157,0.0,0.27435064935064934,0.03880781861519501
736,111,100.0,111,0,111,0,0,0.0,1.046719153604896,1.030872308875818,0.5193218300348584,0.8215213948472172,0.4351619073018173,1.1308537565396772,7.72972972972973,8.176242457702756,0.35076316858122114,0.0,0.0,0.0,0.0,0.0,0,0,0,0,0,0.0,0.2702702702702703,0.21334713627770413,0.13622372726902698,0.9241134411904999,0.5359243565828119,0.0,0.27435064935064934,0.038818386310329515
737,110,99.09909909909909,111,1,110,0,0,0.009009009009009009,1.0507006399509868,1.03434771752478,0.5111143001728663,0.8220324000545058,0.43267011704194863,1.1358719292258146,7.72972972972973,8.176242457702756,0.34931112759139027,0.39707342355748476,0.0007476853242002217,0.0,0.39707342355748476,-0.011105046114964323,0,1,0,0,0,0.0,0.27927927927927926,0.21128724041165556,0.13721745308028893,0.9331994379623353,0.5356424077468454,0.009009009009009009,0.2383116883116883,0.03885918425441968
738,110,99.09909909909909,111,0,111,0,0,0.0,1.0527708956485684,1.0359723782996515,0.5164197924966779,0.8225839287008636,0.43135667407847095,1.1131822396615887,7.72972972972973,8.176242457702756,0.35205787221063467,0.0,0.0,0.0,0.0,0.0,0,0,0,0,0,0.0,0.2972972972972973,0.21434134450394915,0.14072889533551644,0.916112756263091,0.539560747380688,0.0,0.2383116883116883,0.03889208269258253
739,110,99.09909909909909,111,0,111,0,0,0.0,1.0455895719872894,1.029183640044858,0.4871050833975516,0.8226463120682471,0.43139445570414253,1.1166927990041724,7.72972972972973,8.176242457702756,0.34839931380407374,0.0,0.0,0.0,0.0,0.0,0,0,0,0,0,0.0,0.2882882882882883,0.20845013746193047,0.13749271016920875,0.931346278206388,0.5358077919323876,0.0,0.27435064935064934,0.03885872638196141
740,110,99.09909909909909,111,0,111,0,0,0.0,1.0533744377475283,1.0366874864030278,0.4941022306810773,0.8231944209577777,0.42066672741020356,1.100290700643689,7.72972972972973,8.176242457702756,0.34973406531621865,0.0,0.0,0.0,0.0,0.0,0,0,0,0,0,0.0,0.2882882882882883,0.20954032391358118,0.14709697332020866,0.9331349048201627,0.5349660377007578,0.0,0.27435064935064934,0.038920058066632734
741,110,99.09909909909909,111,0,111,0,0,0.0,1.0475259784833537,1.031551713294436,0.4768759340886726,0.8233617845264195,0.43165101852634075,1.114838906352382,7.72972972972973,8.176242457702756,0.34641404889924265,0.0,0.0,0.0,0.0,0.0,0,0,0,0,0,0.0,0.27927927927927926,0.20483795587550863,0.14228412668697574,0.9430340506805974,0.5314176439268886,0.0,0.27435064935064934,0.03889765779589086
742,111,100.0,111,0,110,1,0,0.0,1.050930902296745,1.0351211691911246,0.5076343265337498,0.8237489419387304,0.4180729550223075,1.1157626885596277,7.72972972972973,8.176242457702756,0.34715968597636393,0.34969182285220635,0.0011203633206895134,0.0,0.34969182285220635,0.0037064837044303856,0,0,0,1,0,0.0,0.26126126126126126,0.20872133287664646,0.1275723733451635,0.9233570543145085,0.5388299813151588,0.0,0.3103896103896104,0.03893050987931958
743,111,100.0,111,0,111,0,0,0.0,1.049099652541127,1.033481052014747,0.49473171089406476,0.823997164456773,0.4229953358823145,1.1148779527526753,7.72972972972973,8.176242457702756,0.3457592585446525,0.0,0.0,0.0,0.0,0.0,0,0,0,0,0,0.0,0.2702702702702703,0.20614750783174687,0.11684561489450142,0.9332402693469802,0.5411250646134294,0.0,0.2743506493506493,0.038931501267996375
744,111,100.0,111,0,111,0,0,0.0,1.050859918215557,1.0352772331810332,0.49895924212173803,0.8243425798016139,0.4249731491265807,1.1170860983905135,7.72972972972973,8.176242457702756,0.34351771861229885,0.0,0.0,0.0,0.0,0.0,0,0,0,0,0,0.0,0.26126126126126126,0.20514287635758718,0.11556164027497332,0.9374609773941309,0.5359646397706475,0.0,0.27435064935064934,0.03895442359440868
745,111,100.0,111,0,111,0,0,0.0,1.0426930045034797,1.0274887041112961,0.479119358092293,0.8241503059338702,0.4287580938474737,1.1528339706945712,7.72972972972973,8.176242457702756,0.3416171699506265,0.0,0.0,0.0,0.0,0.0,0,0,0,0,0,0.0,0.26126126126126126,0.2021375169838934,0.12406711026283154,0.9254278736918466,0.5332751503703317,0.0,0.2743506493506493,0.03890572863704352
746,111,100.0,111,0,111,0,0,0.0,1.0407706529913932,1.0264202044157147,0.4569250480247061,0.8239038623431197,0.42781625690070446,1.106903185660831,7.72972972972973,8.176242457702756,0.3403370846862446,0.0,0.0,0.0,0.0,0.0,0,0,0,0,0,0.0,0.2882882882882883,0.19768146101235617,0.11757792567719644,0.9285523081108278,0.5346076236188662,0.0,0.2383116883116883,0.03888604196673248
747,111,100.0,111,0,111,0,0,0.0,1.0478634090137464,1.0333400935507004,0.47590802924239345,0.8241301981086548,0.42418208266199464,1.1402736383318473,7.72972972972973,8.176242457702756,0.3415310684845694,0.0,0.0,0.0,0.0,0.0,0,0,0,0,0,0.0,0.2882882882882883,0.20005516691849187,0.11504006775686342,0.931419990334938,0.5360703998968446,0.0,0.27435064935064934,0.03893075862732357
748,111,100.0,111,0,110,1,0,0.0,1.0501477597708577,1.0359563582375284,0.47849699180432276,0.8245091578285356,0.42953217520268133,1.1100730548643523,7.72972972972973,8.176242457702756,0.342419644903051,0.08139417489364367,0.0005634358992364114,0.0,0.08139417489364367,-0.01709946992330602,0,0,0,1,0,0.0,0.2882882882882883,0.20068391937865404,0.10962006675526868,0.9407589855487575,0.5421736029240039,0.0,0.23831168831168825,0.03895767271386637
749,111,100.0,111,0,111,0,0,0.0,1.0553887663265908,1.040736647573711,0.48367024460159486,0.8251698113199467,0.42149328941930025,1.078367547680422,7.72972972972973,8.176242457702756,0.34500990692886857,0.0,0.0,0.0,0.0,0.0,0,0,0,0,0,0.0,0.27927927927927926,0.20289914225897093,0.11675896565394711,0.9339573716814087,0.5448112797805796,0.0,0.27435064935064934,0.03901088606227656
750,111,100.0,111,0,110,1,0,0.0,1.055397239479912,1.0405806621650613,0.5108460334788645,0.8257662451839267,0.41787572404196155,1.0690917098134336,7.72972972972973,8.176242457702756,0.3487082180525225,0.07100318196607248,0.0006148278490045521,0.0,0.07100318196607248,-0.019778451356145643,0,0,0,1,0,0.0,0.2972972972972973,0.20944824864433934,0.11412650274898888,0.9227468988912173,0.5500406938116117,0.0,0.2743506493506493,0.03903531136745259
751,111,100.0,111,0,111,0,0,0.0,1.060307424321503,1.045066781185642,0.5298327386868723,0.8266073499435392,0.4053584723404715,1.0731810496560574,7.72972972972973,8.176242457702756,0.3527631195340135,0.0,0.0,0.0,0.0,0.0,0,0,0,0,0,0.0,0.3063063063063063,0.21367786302825925,0.09958199867921226,0.9450141411461659,0.5601316390587593,0.0,0.2383116883116883,0.03909424767389515
752,111,100.0,111,0,111,0,0,0.0,1.0659102098466138,1.0509366221450758,0.5554818150326973,0.8277636298816623,0.40703734836103145,1.0849935624472709,7.72972972972973,8.176242457702756,0.3531042605285104,0.0,0.0,0.0,0.0,0.0,0,0,0,0,0,0.0,0.3063063063063063,0.21713414513338042,0.09885499982153993,0.9434785023035028,0.5601487140856505,0.0,0.23831168831168825,0.03916953172713606
753,111,100.0,111,0,111,0,0,0.0,1.0637622471337767,1.048701336815164,0.5636032407463073,0.8286791596899987,0.39647491771348425,1.0816828731320132,7.72972972972973,8.176242457702756,0.35351828560810894,0.0,0.0,0.0,0.0,0.0,0,0,0,0,0,0.0,0.2972972972972973,0.2181481926786005,0.08949711909323946,0.9433985870948038,0.5608463706174832,0.0,0.27435064935064934,0.03919621988202293
754,111,100.0,111,0,111,0,0,0.0,1.0748474432885344,1.0598850712770909,0.5974882089159907,0.830251360957779,0.38764641686835116,1.0794326991995298,7.72972972972973,8.176242457702756,0.35486773035681907,0.0,0.0,0.0,0.0,0.0,0,0,0,0,0,0.0,0.2882882882882883,0.22208645482422135,0.09031964201295441,0.9301037582120637,0.5623451153594485,0.0,0.27435064935064934,0.03931591935658512
755,111,100.0,111,0,109,2,0,0.0,1.0767811065250723,1.0617812485260094,0.6258946486992888,0.8318190440774221,0.37726994050377527,1.0529462267447995,7.72972972972973,8.176242457702756,0.359062704419133,0.21525042782851628,0.0006736132579241987,0.0,0.21525042782851628,-0.004895820931770878,0,0,0,2,0,0.0,0.3153153153153153,0.22799330082478117,0.0801007716922398,0.9294518339647888,0.5724781578570661,0.0,0.27435064935064934,0.03938967645918306
756,111,100.0,111,0,109,2,0,0.0,1.0689681513716793,1.053713593744831,0.6281352953698626,0.8327308448117869,0.3781245003227227,1.0833461303580258,7.72972972972973,8.176242457702756,0.3580940824857628,0.24484518353862605,0.0007687770042016195,0.0,0.24484518353862605,-0.004263459860104152,0,0,0,2,0,0.0,0.3153153153153153,0.22843649593647292,0.0816794521951031,0.9399786310875816,0.5695619007375698,0.0,0.2383116883116883,0.039387887202802487
757,110,99.09909909909909,111,1,109,1,0,0.009009009009009009,1.0826853811970651,1.068632184431562,0.6781376899577674,0.8344587811153042,0.3667353501077277,1.0776980752294547,7.72972972972973,8.176242457702756,0.36243262109899144,0.23607022310375106,0.0007294715049858326,0.0,0.23607022310375106,-0.0013534861057537262,0,1,0,1,0,0.0,0.3333333333333333,0.2353140936460777,0.08212840147539063,0.936951356005627,0.5771268631029112,0.009009009009009009,0.2383116883116883,0.03952711348277454
758,109,98.1981981981982,111,1,109,1,0,0.009009009009009009,1.0773539036736426,1.0632936193257938,0.6468629876594536,0.8357744257232109,0.37874310961876423,1.100225537066326,7.72972972972973,8.176242457702756,0.3601400824377412,0.23803176346772673,0.0002654785965934945,0.0,0.23803176346772673,-0.007605052133611359,0,1,0,1,0,0.0,0.3333333333333333,0.23103289790749712,0.09026422269202478,0.9281286088110884,0.573505868852171,0.009009009009009009,0.20227272727272724,0.039554241241669494
759,109,98.1981981981982,111,0,110,1,0,0.0,1.0845165461186328,1.0701228836083219,0.6934035154272188,0.8374361555239497,0.37070425130752244,1.0960047316000263,7.72972972972973,8.176242457702756,0.36195383955445015,0.07143996025885271,0.0005292184812646709,0.0,0.07143996025885271,-0.016469847018415862,0,0,0,1,0,0.0,0.3063063063063063,0.2372496112855548,0.0829038591196509,0.9336886516615653,0.5767278494686894,0.0,0.2383116883116883,0.039657987982644596
760,109,98.1981981981982,111,0,111,0,0,0.0,1.095559426254454,1.0806965976026592,0.792532429227966,0.8396536442615571,0.3601902458515774,1.108123599542495,7.72972972972973,8.176242457702756,0.3640988311677331,0.0,0.0,0.0,0.0,0.0,0,0,0,0,0,0.0,0.2972972972972973,0.24777712902574248,0.06937303104627157,0.9373324765819686,0.5765489244883578,0.0,0.2383116883116883,0.039803856011153216
761,109,98.1981981981982,111,0,110,1,0,0.0,1.0988124626196376,1.083710208429777,0.8193612523724149,0.8418869458458706,0.3628611467542913,1.1218709959626627,7.72972972972973,8.176242457702756,0.36472883256242405,0.44016075048494774,0.000954810807321879,0.0,0.44016075048494774,0.011314402896530407,0,0,0,1,0,0.0,0.3063063063063063,0.25041121595326465,0.06652925157835897,0.9239308498501763,0.5752804615280678,0.0,0.23831168831168834,0.03991142126915173
762,110,99.09909909909909,111,0,110,1,0,0.0,1.103105075218201,1.0882899605689065,0.8114682525087077,0.8442372085889247,0.352093047685202,1.0990175721291437,7.72972972972973,8.176242457702756,0.3672510009306271,0.13778455046700228,0.000661872679648727,0.0,0.13778455046700228,-0.008970421689754093,0,0,0,1,0,0.0,0.3063063063063063,0.25042358980853585,0.06408048667161981,0.9084803932337104,0.5829614181173093,0.0,0.24285714285714288,0.04002896592227713
763,110,99.09909909909909,111,1,110,0,0,0.009009009009009009,1.1034249219879884,1.0897789297390152,0.8433635967687456,0.8463913782635085,0.35901116300539965,1.1109833190231557,7.72972972972973,8.176242457702756,0.3688982313216125,0.30048320175951254,0.0008651351117320196,0.0,0.30048320175951254,0.0064008050202858935,0,1,0,0,0,0.0,0.3063063063063063,0.25437806391520434,0.06648562873912435,0.9075837601044052,0.5752618741988036,0.009009009009009009,0.29707792207792205,0.04011863022389821
764,109,98.1981981981982,111,1,106,3,1,0.009009009009009009,1.09590970156868,1.080270376676064,0.7092409934409469,0.8479989736375835,0.38506470433859563,1.1281110400821814,7.72972972972973,8.176242457702756,0.3623577246326679,0.7232894395914748,0.0007059818406725475,0.8,0.248696763151332,0.020718557661957453,0,2,0,3,0,0.2,0.3063063063063063,0.2378669857196018,0.08023789173650428,0.9145899820660137,0.5719901640488955,0.009009009009009009,0.2743506493506494,0.040146774569563254
765,108,97.29729729729729,111,1,109,1,0,0.009009009009009009,1.0974733294522707,1.079769526318574,0.7490453063376276,0.849421810355115,0.38973883210548405,1.1408958290421005,7.72972972972973,8.176242457702756,0.36220216623236956,0.3292020787220359,0.0010344680249394591,0.5,0.25747206830547675,-0.0034162540556398335,0,1,0,1,0,0.0,0.32432432432432434,0.24191163011294825,0.07355431778052372,0.9320004336494405,0.5699352804625277,0.009009009009009009,0.2743506493506494,0.040212759998882505
766,108,97.29729729729729,111,0,110,1,0,0.0,1.099850312827141,1.081961419051733,0.7362460170401234,0.8507420547882497,0.38469584579643573,1.1179318332035473,7.72972972972973,8.176242457702756,0.3624608343282334,0.10303317841609672,0.0006019539990166022,0.0,0.10303317841609672,-0.019109867663490987,0,0,0,1,0,0.0,0.32432432432432434,0.24083696357689954,0.079692960774425,0.914003513699412,0.5734360463372891,0.0,0.2743506493506494,0.040278618108700565
767,107,96.3963963963964,111,1,110,0,0,0.009009009009009009,1.0909668001696633,1.0734943332696716,0.6886449609561841,0.8513989235258758,0.39731181167140184,1.138288212627524,7.72972972972973,8.176242457702756,0.3561600650236547,0.1033151033751164,0.0006206693269470131,0.0,0.1033151033751164,-0.01969863294235602,0,1,0,0,0,0.0,0.2972972972972973,0.23174963001917626,0.08494873760762588,0.9229716608397285,0.5619192015392278,0.009009009009009009,0.27435064935064934,0.04026105413572176
768,108,97.29729729729729,111,0,111,0,0,0.0,1.0921496506448107,1.0746735719599965,0.7245185603178368,0.8520808167539721,0.38900693278705295,1.1191049695073814,7.72972972972973,8.176242457702756,0.3564115512042212,0.0,0.0,0.0,0.0,0.0,0,0,0,0,0,0.0,0.27927927927927926,0.23522864922292328,0.07108405815685448,0.9224646500261084,0.5653466828248456,0.0,0.2383116883116883,0.0402948450099134
769,109,98.1981981981982,111,0,111,0,0,0.0,1.1103538758401519,1.0923547319915625,0.8337634579155059,0.8538634803492489,0.3604445527154972,1.0560343697581884,7.72972972972973,8.176242457702756,0.36502065444328524,0.0,0.0,0.0,0.0,0.0,0,0,0,0,0,0.0,0.27927927927927926,0.2516625381009373,0.05736945672879011,0.9207296725325599,0.5824204887940669,0.0,0.27435064935064934,0.04045874358476762
770,110,99.09909909909909,111,0,111,0,0,0.0,1.113694426942872,1.0956648457475682,0.8651476504986675,0.855716903387824,0.3592420321178253,1.0602300568598628,7.72972972972973,8.176242457702756,0.365962367563345,0.0,0.0,0.0,0.0,0.0,0,0,0,0,0,0.0,0.2702702702702703,0.2549616457469161,0.055232036523162116,0.9339853951343385,0.5821078244429957,0.0,0.2383116883116883,0.040551216520981634
771,110,99.09909909909909,111,0,111,0,0,0.0,1.1080521415140745,1.0904056422754302,0.7451927473805072,0.8570747818832175,0.3824791092075344,1.073081412977694,7.72972972972973,8.176242457702756,0.3582975770209147,0.0,0.0,0.0,0.0,0.0,0,0,0,0,0,0.0,0.2702702702702703,0.23863079102240284,0.07419233526927503,0.937603733462142,0.5682156361607817,0.0,0.23831168831168828,0.040578516812869836
772,110,99.09909909909909,111,1,110,0,0,0.009009009009009009,1.0983126369905614,1.0824890454804865,0.6908508734221965,0.8577208159492511,0.39723845439776617,1.0988821093886363,7.72972972972973,8.176242457702756,0.3567158317968544,0.2687899492052491,0.0007918545693054692,0.0,0.2687899492052491,0.0088569332206192,0,1,0,0,0,0.0,0.2882882882882883,0.23239466123277439,0.0860534613077074,0.935022039047549,0.5659270029844219,0.009009009009009009,0.27435064935064934,0.0405562299460514
773,110,99.09909909909909,111,0,110,1,0,0.0,1.1061281973559254,1.090623254385722,0.7213869741999848,0.8589290836899858,0.395913061084453,1.1008322523021785,7.72972972972973,8.176242457702756,0.3560885423143392,0.3034835323964543,0.001265088928211743,0.0,0.3034835323964543,-0.015400334689761097,0,0,0,1,0,0.0,0.27927927927927926,0.23367766422364092,0.08260186514958436,0.9240729777648837,0.5659860777260188,0.0,0.27922077922077926,0.04064470319788856
774,110,99.09909909909909,111,0,109,2,0,0.0,1.1073168573646612,1.0922279758131952,0.7399925621308685,0.8601435252624446,0.39557474146110955,1.0908391822151673,7.72972972972973,8.176242457702756,0.3542022609159752,0.2889549316813027,0.0011401875083057221,0.0,0.2889549316813027,-0.009657435507856915,0,0,0,2,0,0.0,0.26126126126126126,0.2338550330367608,0.07341275030177453,0.9240729777648837,0.5635024287747702,0.0,0.27922077922077926,0.04070029434166792
775,110,99.09909909909909,111,0,110,1,0,0.0,1.1012504562162688,1.0865079557238966,0.7189144144674028,0.860884524978528,0.4128936293123706,1.1333225521222339,7.72972972972973,8.176242457702756,0.34951563799992535,0.528117275764691,0.001526218680887072,1.0,0.47188272423530897,0.012936222131763597,0,0,0,1,0,0.0,0.2702702702702703,0.2291965232044171,0.08136926265174378,0.9417795232685255,0.5518579544379919,0.0,0.2743506493506493,0.04070025530262489
776,110,99.09909909909909,111,0,110,1,0,0.0,1.0956719097522498,1.0812117531001297,0.6752375121715889,0.8612185144671567,0.42624126791697936,1.1417851127785803,7.72972972972973,8.176242457702756,0.3448017717564642,0.4241724279593102,0.0015023469755987137,0.0,0.4241724279593102,0.006129683833593136,0,0,0,1,0,0.0,0.27927927927927926,0.22145139544481263,0.08213829218773926,0.9308403071188567,0.5431869881064646,0.0,0.27435064935064934,0.04068601646549156
777,109,98.1981981981982,111,2,109,0,0,0.018018018018018018,1.098763781496103,1.0815032648364291,0.6794426742223831,0.861726560165979,0.42182493931851184,1.1393142860991927,7.72972972972973,8.176242457702756,0.3492340148994577,0.3576169941315206,0.0013090740027951134,0.0,0.3576169941315206,0.003742282270510655,0,2,0,0,0,0.0,0.2702702702702703,0.2257629113266188,0.08178168214821206,0.9292128351581874,0.5486717480521232,0.018018018018018018,0.27435064935064934,0.04072224534827665
778,109,98.1981981981982,111,0,111,0,0,0.0,1.1002194389020423,1.0829359606605324,0.7104453360513361,0.8621044831285929,0.4249340797125802,1.1551895414359001,7.72972972972973,8.176242457702756,0.34862352961871834,0.0,0.0,0.0,0.0,0.0,0,0,0,0,0,0.0,0.2702702702702703,0.22868447532040007,0.0797316438751709,0.9411818541187993,0.5440975553649668,0.0,0.27435064935064934,0.04074497358416967
779,109,98.1981981981982,111,0,111,0,0,0.0,1.1046288461550247,1.0873321814019172,0.7237900886298525,0.8627390627269133,0.41670308578019594,1.1436673590059323,7.72972972972973,8.176242457702756,0.3508101408619193,0.0,0.0,0.0,0.0,0.0,0,0,0,0,0,0.0,0.2882882882882883,0.23211865887999156,0.06631400157124705,0.9551280529771231,0.5553635951061867,0.0,0.2383116883116883,0.04079296300370747
780,109,98.1981981981982,111,0,111,0,0,0.0,1.1191941692287541,1.1015083347978667,0.7779382581519085,0.8642490188969507,0.4079074375002989,1.128857987764314,7.72972972972973,8.176242457702756,0.35546236550821364,0.0,0.0,0.0,0.0,0.0,0,0,0,0,0,0.0,0.27927927927927926,0.23996126422655464,0.061584930705910076,0.9469169684293659,0.5663968934351267,0.0,0.23831168831168825,0.04092751845780977
781,109,98.1981981981982,111,0,111,0,0,0.0,1.1144601602381958,1.0967709622315094,0.7858683430465172,0.8653256461358011,0.4083781434823924,1.1400237923713727,7.72972972972973,8.176242457702756,0.35690191530339677,0.0,0.0,0.0,0.0,0.0,0,0,0,0,0,0.0,0.2882882882882883,0.2420753850000405,0.06230158687679372,0.9507327471992806,0.5694098795694175,0.0,0.20227272727272727,0.040947862239564016
782,111,100.0,111,0,111,0,0,0.0,1.1109419164310341,1.0938437888513994,0.7369027204411145,0.8661227794870651,0.40802371626187894,1.1221948339194898,7.72972972972973,8.176242457702756,0.3537475557152028,0.0,0.0,0.0,0.0,0.0,0,0,0,0,0,0.0,0.2702702702702703,0.23462984203895504,0.05254295811270222,0.9500384038138101,0.5696300801483253,0.0,0.2383116883116883,0.040962858798283486
783,111,100.0,111,0,110,1,0,0.0,1.104284939263286,1.0875589342903869,0.7208266203857159,0.8664436453252006,0.41273625597673647,1.1428886836149579,7.72972972972973,8.176242457702756,0.35107351482153737,0.3783112152243552,0.001034540637689755,0.0,0.3783112152243552,0.009506459833720948,0,0,0,1,0,0.0,0.2702702702702703,0.2308863209364813,0.049838543122386655,0.9525693481612407,0.5616876283171852,0.0,0.17077922077922075,0.0409426912968897
784,111,100.0,111,0,111,0,0,0.0,1.1055281068832141,1.089145616192839,0.7111423164630741,0.866842061161948,0.4196431886827654,1.149593562838526,7.72972972972973,8.176242457702756,0.3484847903273043,0.0,0.0,0.0,0.0,0.0,0,0,0,0,0,0.0,0.2702702702702703,0.227710139509135,0.05094713065542889,0.9577883978553204,0.5588228116407082,0.0,0.17077922077922075,0.040965194857390516
785,111,100.0,111,0,110,1,0,0.0,1.0980218246758429,1.0825641664111145,0.6548620881112786,0.8667774093207841,0.4294928967311207,1.153623328868307,7.72972972972973,8.176242457702756,0.3409282139900278,0.4156272440527198,0.0010120689916002187,0.0,0.4156272440527198,0.012724801575440259,0,0,0,1,0,0.0,0.26126126126126126,0.21651202696356223,0.05295403290647813,0.9585955829775706,0.5482788256604586,0.0,0.20227272727272727,0.040925020400710194
786,111,100.0,111,0,111,0,0,0.0,1.0965098885263351,1.081533559033739,0.6413345211894226,0.8666506316045385,0.43399290472757596,1.1546863833474947,7.72972972972973,8.176242457702756,0.3398071409659067,0.0,0.0,0.0,0.0,0.0,0,0,0,0,0,0.0,0.27927927927927926,0.21443925982858608,0.0530306132678599,0.954839562810754,0.5494781620975194,0.0,0.2068181818181818,0.04091227789323137
787,111,100.0,111,0,111,0,0,0.0,1.1028466739412734,1.0878352815033017,0.6910550631050534,0.8669464148282536,0.4214969393800121,1.1418651859449584,7.72972972972973,8.176242457702756,0.3461997047929313,0.0,0.0,0.0,0.0,0.0,0,0,0,0,0,0.0,0.26126126126126126,0.22412130311482337,0.04644775682728082,0.9634024811430565,0.5626240218479276,0.0,0.20227272727272727,0.04095605379706614
788,111,100.0,111,0,111,0,0,0.0,1.1019449252049185,1.0867207148992537,0.6972658730394857,0.867145110364129,0.41567684015828377,1.138206856852124,7.72972972972973,8.176242457702756,0.34528527033028134,0.0,0.0,0.0,0.0,0.0,0,0,0,0,0,0.0,0.26126126126126126,0.22431574967673307,0.04906357799443526,0.9614698043512175,0.5580275440273968,0.0,0.20681818181818182,0.04095966796776727
789,111,100.0,111,0,111,0,0,0.0,1.1025651354137378,1.087307577917812,0.7075551529178714,0.8673659467458722,0.40975785921242447,1.1257296596921944,7.72972972972973,8.176242457702756,0.3505652045050083,0.0,0.0,0.0,0.0,0.0,0,0,0,0,0,0.0,0.2702702702702703,0.22929001373635485,0.04773045121312815,0.9577754289954177,0.567968951095368,0.0,0.2383116883116883,0.04097179707781443
790,111,100.0,111,0,111,0,0,0.0,1.0995907515658607,1.0842944929939413,0.6975786994359091,0.8673716413065434,0.4153556642765997,1.1379192203958488,7.72972972972973,8.176242457702756,0.3504308378759595,0.0,0.0,0.0,0.0,0.0,0,0,0,0,0,0.0,0.26126126126126126,0.22795018151396948,0.04836504165591378,0.9616862424607068,0.5627574179733328,0.0,0.2068181818181818,0.04095715795911874
791,111,100.0,111,0,111,0,0,0.0,1.095924620014245,1.0807002383829716,0.6560131079965198,0.8671417702888955,0.42517154513196315,1.148854349071001,7.72972972972973,8.176242457702756,0.34392347057579986,0.0,0.0,0.0,0.0,0.0,0,0,0,0,0,0.0,0.2702702702702703,0.21876225503910707,0.053621373763926845,0.9537988550874273,0.5486924503295518,0.0,0.24285714285714283,0.040929429895489214
792,111,100.0,111,0,111,0,0,0.0,1.1011394355320963,1.0856077376394069,0.6975661986738967,0.8672516933132431,0.4104808444046104,1.1337805058452781,7.72972972972973,8.176242457702756,0.34824965258076523,0.0,0.0,0.0,0.0,0.0,0,0,0,0,0,0.0,0.2702702702702703,0.22581059729011219,0.05295131514134023,0.9528424037553931,0.5548676889838184,0.0,0.2383116883116883,0.04095999775957222
793,111,100.0,111,0,111,0,0,0.0,1.1025298633679192,1.086716770104741,0.705535619473087,0.8674251705112435,0.40717487942241726,1.1442855130385603,7.72972972972973,8.176242457702756,0.3500857988717714,0.0,0.0,0.0,0.0,0.0,0,0,0,0,0,0.0,0.2882882882882883,0.22786110621263508,0.04359367530199063,0.9237541890833494,0.5575933940891714,0.0,0.31038961038961044,0.040974041856910004
794,110,99.09909909909909,111,1,110,0,0,0.009009009009009009,1.1125710255117258,1.098724088610064,0.7668049411291941,0.8682078202549408,0.3980670990246563,1.1439460516309803,7.72972972972973,8.176242457702756,0.3548777654009536,0.46537605598161014,0.0010606874241002326,0.0,0.46537605598161014,0.005348778096269324,0,1,0,0,0,0.0,0.27927927927927926,0.2366877134347154,0.042927915749854655,0.9465499538624312,0.5668963675100999,0.009009009009009009,0.2383116883116883,0.04105624333794868
795,109,98.1981981981982,111,1,106,2,2,0.009009009009009009,1.1102823632007324,1.0943855018440103,0.7207872945016085,0.8689572888351313,0.4055906402378886,1.162380147493324,7.72972972972973,8.176242457702756,0.3515458744534652,0.49268088992466685,0.0012371264340871782,0.4,0.36447608173120327,-0.0033258198744062885,0,3,0,2,0,0.0,0.27927927927927926,0.22988683154978667,0.05982544578756023,0.9586312932475172,0.5549274030885479,0.009009009009009009,0.22467532467532467,0.041075439210524055
796,108,97.29729729729729,111,1,109,1,0,0.009009009009009009,1.1182457105407855,1.1040453403840265,0.7253633995499726,0.8700402613602666,0.40182119192302934,1.1424740643246154,7.72972972972973,8.176242457702756,0.3525977751164764,0.23646553220350847,0.00013677335341466795,0.0,0.23646553220350847,0.006090520216236933,0,1,0,1,0,0.0,0.2882882882882883,0.22966355646548167,0.04799825958904049,0.9455405164382529,0.5657537446628906,0.009009009009009009,0.24285714285714283,0.041159529176927
797,108,97.29729729729729,111,0,111,0,0,0.0,1.1161927523205117,1.1018017255704362,0.7227932964788332,0.8709724445004536,0.40974908479521244,1.157259589971561,7.72972972972973,8.176242457702756,0.35283227763164926,0.0,0.0,0.0,0.0,0.0,0,0,0,0,0,0.0,0.2972972972972973,0.23012242728353796,0.05767328968813184,0.9505460532186304,0.5606217580250106,0.0,0.20681818181818182,0.0411873731626714
798,108,97.29729729729729,111,0,111,0,0,0.0,1.1266188666960943,1.111764970651266,0.7133956034787057,0.8724801053465202,0.4060602256620259,1.1248258529361956,7.72972972972973,8.176242457702756,0.35690327378412734,0.0,0.0,0.0,0.0,0.0,0,0,0,0,0,0.0,0.27927927927927926,0.23110096116012052,0.07026779866412043,0.9567461477012323,0.5633304676221516,0.0,0.2068181818181818,0.04130113873765643
799,109,98.1981981981982,111,0,110,1,0,0.0,1.1251029608269356,1.1098656328993288,0.7088737464442366,0.8737402606186214,0.4086539948187283,1.1229898752479692,7.72972972972973,8.176242457702756,0.3576950555103997,0.2331054907294584,0.0015810339418409359,0.0,0.2331054907294584,-0.014836920905017759,0,0,0,1,0,0.0,0.27927927927927926,0.23166565177165402,0.07464738355593205,0.9463883447328728,0.5637418599235569,0.0,0.20681818181818182,0.0413450758835059
800,109,98.1981981981982,111,1,110,0,0,0.009009009009009009,1.1256413439911115,1.1098303154460192,0.700883048413996,0.8749128215922868,0.4141960739025473,1.1251312640683886,7.72972972972973,8.176242457702756,0.35942133394081655,0.2473771766373546,0.001626722727469318,0.0,0.2473771766373546,-0.018747999384842617,0,1,0,0,0,0.0,0.3063063063063063,0.23141035399791499,0.07338991111347852,0.955015721081123,0.5649604112955953,0.009009009009009009,0.20227272727272727,0.041395703513412416
801,110,99.09909909909909,111,0,111,0,0,0.0,1.1327947592283294,1.1170883992213125,0.6990408576285648,0.8764465127951371,0.41316561903866317,1.1141675814440923,7.72972972972973,8.176242457702756,0.3579488934927302,0.0,0.0,0.0,0.0,0.0,0,0,0,0,0,0.0,0.2972972972972973,0.22919317772393077,0.07731225006863902,0.9536833156302802,0.563334721182129,0.0,0.2068181818181818,0.04149416974524726
802,110,99.09909909909909,111,0,111,0,0,0.0,1.1250255296263256,1.1097589154362881,0.6680134994985061,0.8773753845945605,0.4151788560626228,1.1142711370153793,7.72972972972973,8.176242457702756,0.35494288606959934,0.0,0.0,0.0,0.0,0.0,0,0,0,0,0,0.0,0.3153153153153153,0.22438054608159252,0.07827447263164318,0.9531625613251757,0.555764891124294,0.0,0.2383116883116883,0.04149329700245828
803,110,99.09909909909909,111,0,111,0,0,0.0,1.126235209747182,1.1115175939084778,0.6683043207374478,0.878343344636292,0.4153768901458141,1.1134144872887222,7.72972972972973,8.176242457702756,0.35410359597509133,0.0,0.0,0.0,0.0,0.0,0,0,0,0,0,0.0,0.3063063063063063,0.22336813771926534,0.07574130844007303,0.9636913116131761,0.555360922623672,0.0,0.2068181818181818,0.04153891678301539
804,110,99.09909909909909,111,0,111,0,0,0.0,1.1291054444505886,1.1144180677505435,0.7161173946740601,0.8794218817371177,0.40335629906173864,1.0943100916995963,7.72972972972973,8.176242457702756,0.3607971788535238,0.0,0.0,0.0,0.0,0.0,0,0,0,0,0,0.0,0.27927927927927926,0.233736549266901,0.06664067754681562,0.9590201284733504,0.5727879287311428,0.0,0.2068181818181818,0.041597359860712314
805,111,100.0,111,0,111,0,0,0.0,1.1333107172495729,1.1182415681116833,0.7243160456406845,0.8806623299575017,0.403287862318173,1.1090474083495678,7.72972972972973,8.176242457702756,0.36106238045761474,0.0,0.0,0.0,0.0,0.0,0,0,0,0,0,0.0,0.27927927927927926,0.23445959997843827,0.060890014293159926,0.9537752282888811,0.5730823286934494,0.0,0.24285714285714283,0.04166909725173767
806,111,100.0,111,0,111,0,0,0.0,1.1315548502009185,1.1171162055533825,0.7238577587731603,0.8817277462267891,0.4056373952095457,1.1049555137704474,7.72972972972973,8.176242457702756,0.3601183147766145,0.0,0.0,0.0,0.0,0.0,0,0,0,0,0,0.0,0.2882882882882883,0.23365400248409554,0.05409326540868257,0.9468587777858041,0.5780273694946296,0.0,0.24285714285714288,0.04170387342517476
807,111,100.0,111,0,111,0,0,0.0,1.1211316805920897,1.1070307791529668,0.6729883069521491,0.8820463643464026,0.4171815856698673,1.1187397088897058,7.72972972972973,8.176242457702756,0.3555424682699615,0.0,0.0,0.0,0.0,0.0,0,0,0,0,0,0.0,0.3063063063063063,0.22585286970290566,0.056438318434689064,0.9494111369510575,0.5705804488074759,0.0,0.24285714285714283,0.04166478307211751
808,111,100.0,111,0,111,0,0,0.0,1.129684787259076,1.1155321744780629,0.7074397923126411,0.8828950072312967,0.4090344889672721,1.1077878139539379,7.72972972972973,8.176242457702756,0.3582752385239487,0.0,0.0,0.0,0.0,0.0,0,0,0,0,0,0.0,0.2972972972972973,0.2303484276298388,0.05192944689824714,0.9494111369510575,0.5753870445629835,0.0,0.24285714285714283,0.04174224215538693
809,111,100.0,111,0,111,0,0,0.0,1.1326267344322534,1.1192516179287546,0.7262356631997969,0.8839175515880062,0.3993614695552302,1.095373546270662,7.72972972972973,8.176242457702756,0.35820716836012245,0.0,0.0,0.0,0.0,0.0,0,0,0,0,0,0.0,0.3063063063063063,0.23135301911406983,0.04988375589553426,0.9601355269091246,0.5762911958331476,0.0,0.24285714285714283,0.04179875474417388
810,110,99.09909909909909,111,1,110,0,0,0.009009009009009009,1.1465068267679384,1.135126597133022,0.7947600011920195,0.885719949329344,0.38579224472072177,1.089314854711557,7.72972972972973,8.176242457702756,0.3669137782879115,0.44351915613151294,0.0009193104564298168,0.0,0.44351915613151294,0.004292218218649058,0,1,0,0,0,0.0,0.2972972972972973,0.24322806606902392,0.04594498768933394,0.9618193022641878,0.5870566599092512,0.009009009009009009,0.22467532467532464,0.041941839410544274
811,109,98.1981981981982,111,1,108,1,1,0.009009009009009009,1.147780112787519,1.1354975515233248,0.7781556979926084,0.8876477578296851,0.39753871046470923,1.0995034846946388,7.72972972972973,8.176242457702756,0.3654937284174624,0.474750151060235,0.00023328783169622195,0.3333333333333333,0.4307521819559376,0.007640942986958869,0,2,0,1,0,0.0,0.2702702702702703,0.24105655778666313,0.04785525643218335,0.9578288783307334,0.5845072152818593,0.009009009009009009,0.24285714285714283,0.042027016989196225
812,109,98.1981981981982,111,0,111,0,0,0.0,1.155392647328334,1.1430117533534514,0.766496980634681,0.8898358547985419,0.4031979548739247,1.1084581650166199,7.72972972972973,8.176242457702756,0.3622081198010818,0.0,0.0,0.0,0.0,0.0,0,0,0,0,0,0.0,0.2882882882882883,0.23624382449343692,0.04875847886079069,0.961321113289233,0.5780592510819224,0.0,0.20681818181818182,0.04215453171859199
813,109,98.1981981981982,111,0,111,0,0,0.0,1.1680262266210382,1.1548781631857379,0.8294523027594706,0.8926212288051453,0.38778628772615215,1.0897282460834439,7.72972972972973,8.176242457702756,0.36981057376082993,0.0,0.0,0.0,0.0,0.0,0,0,0,0,0,0.0,0.2882882882882883,0.24723069187975769,0.04300756382118419,0.9578288783307334,0.5946470895460535,0.0,0.24285714285714283,0.04233156908112237
814,109,98.1981981981982,111,0,110,1,0,0.0,1.1649683087231848,1.1522212650150239,0.8120943338237152,0.8950050763305816,0.4038638575858202,1.1404685365083749,7.72972972972973,8.176242457702756,0.36586573463506,0.17533710821011944,0.000491921156526975,0.0,0.17533710821011944,-0.011789245397458514,0,0,0,1,0,0.0,0.3153153153153153,0.24288597266417197,0.03822872713053222,0.9560104307461291,0.5900033354251937,0.0,0.24285714285714283,0.042413734068383904
815,109,98.1981981981982,111,1,110,0,0,0.009009009009009009,1.1759464919595861,1.163373704573616,0.8157172268858157,0.8979378244853908,0.402122696360582,1.1353764836395754,7.72972972972973,8.176242457702756,0.3627180086148276,0.18201725515046813,0.0004999218371122707,0.0,0.18201725515046813,-0.006819049045147241,0,1,0,0,0,0.0,0.3333333333333333,0.23921167520143147,0.03275815295752769,0.9706893672638406,0.5905481008010864,0.009009009009009009,0.17077922077922078,0.042588519284471424
816,110,99.09909909909909,111,0,110,1,0,0.0,1.1794509405237814,1.1669905065520652,0.818670798122568,0.9008530294553002,0.39272674151922315,1.1107232943167271,7.72972972972973,8.176242457702756,0.36247243441544463,0.5728907941546334,0.0008850927443453326,1.0,0.4271092058453666,0.011294001483105998,0,0,0,1,0,0.0,0.3153153153153153,0.23824514717591674,0.024442392728437803,0.9645852688022079,0.595980731888751,0.0,0.17077922077922078,0.04272521864053179
817,110,99.09909909909909,111,0,111,0,0,0.0,1.1771839607647037,1.1650333386470706,0.7826183920845463,0.9034018619641575,0.4048023301217107,1.1227151326298075,7.72972972972973,8.176242457702756,0.3585831704329283,0.0,0.0,0.0,0.0,0.0,0,0,0,0,0,0.0,0.2882882882882883,0.23175193125840604,0.034252400684528825,0.968923599169371,0.5839348645808661,0.0,0.2068181818181818,0.04281808310461887
818,110,99.09909909909909,111,0,111,0,0,0.0,1.1806233774420096,1.168536267806273,0.744966255071445,0.9059714221321921,0.41453075007678536,1.098674523236993,7.72972972972973,8.176242457702756,0.3541472900011815,0.0,0.0,0.0,0.0,0.0,0,0,0,0,0,0.0,0.3063063063063063,0.22384955570403012,0.04273661808982283,0.9750333266837368,0.5720222252570216,0.0,0.17077922077922078,0.04294032692272293
819,110,99.09909909909909,111,0,111,0,0,0.0,1.185051497889386,1.1728905245572987,0.7468439989541418,0.9086157005021475,0.42604932260329104,1.0927320402696623,7.72972972972973,8.176242457702756,0.3503413096436556,0.0,0.0,0.0,0.0,0.0,0,0,0,0,0,0.0,0.2702702702702703,0.220920822360523,0.03794179105656523,0.9659803160732799,0.5645650572204644,0.0,0.2068181818181818,0.04307056883035188
820,110,99.09909909909909,111,1,110,0,0,0.009009009009009009,1.187723931015523,1.1760439169517032,0.7277249880846797,0.9112259650980618,0.43365578169063,1.1233481648402566,7.72972972972973,8.176242457702756,0.34597362734717496,0.5855043107283864,0.001186065732112075,1.0,0.4144956892716136,0.014404256404203508,0,1,0,0,0,0.0,0.2702702702702703,0.21535497543621243,0.0495685651642769,0.9478192373984045,0.5496246025250011,0.009009009009009009,0.2068181818181818,0.04319064177705733
821,109,98.1981981981982,111,1,110,0,0,0.009009009009009009,1.1960630537956,1.1832364928744052,0.7529051770924677,0.9141893466327566,0.43243302853000765,1.1202675375210251,7.72972972972973,8.176242457702756,0.3489832361176519,0.6510639908579661,0.0009041740253117404,1.0,0.34893600914203393,0.024139151808090287,0,1,0,0,0,0.0,0.2882882882882883,0.21966129827264944,0.04078312271710967,0.9668555138575593,0.5587636848364314,0.009009009009009009,0.22499999999999998,0.04335348402056943
822,109,98.1981981981982,111,0,110,1,0,0.0,1.210304899088427,1.196923167123403,0.848141573018952,0.9177336812707132,0.40970229849394285,1.1162158930869315,7.72972972972973,8.176242457702756,0.35906240300779646,0.23109597724011338,0.00046319994285473425,0.0,0.23109597724011338,0.003900009503081392,0,0,0,1,0,0.0,0.3063063063063063,0.23513124511963807,0.04125249276258414,0.9648772395941354,0.5738879228916149,0.0,0.22499999999999998,0.04356958994378941
823,108,97.29729729729729,111,1,110,0,0,0.009009009009009009,1.2064420215483886,1.1944302450275062,0.8854863392837418,0.9207187733959458,0.4115867609039392,1.124165206069656,7.72972972972973,8.176242457702756,0.36038337446956326,0.4131062219143078,0.000738050653792067,0.0,0.4131062219143078,0.0063483738315437965,0,1,0,0,0,0.0,0.32432432432432434,0.24063437094201962,0.043613125297669454,0.9659442292361229,0.5764531003332053,0.009009009009009009,0.2068181818181818,0.04367230974096162
824,107,96.3963963963964,111,1,108,2,0,0.009009009009009009,1.2151265346334659,1.2066275658643313,0.9233930392674546,0.924126988300818,0.41041073359770963,1.1270366627581452,7.72972972972973,8.176242457702756,0.36080669638003515,0.4992465249665345,0.0011485074645407255,0.6666666666666666,0.45039178343007347,0.00191348188309536,0,1,0,2,0,0.0,0.2882882882882883,0.24279721410760666,0.06597560801477657,0.9483415252775954,0.5639166946683282,0.009009009009009009,0.22467532467532464,0.043855064263437965
825,106,95.49549549549549,111,2,107,2,0,0.018018018018018018,1.2327686788531649,1.2210099094452167,0.992143003761625,0.9286339121873112,0.404445183773867,1.0987310003802215,7.72972972972973,8.176242457702756,0.36610724189182875,0.45436089712305994,0.0010005630849235939,0.25,0.4280037383636066,0.003325351568904941,0,2,0,2,0,0.0,0.2882882882882883,0.25208120985763033,0.08564137774258153,0.9487599690385353,0.5667658027113787,0.018018018018018018,0.261038961038961,0.04412752349670836
826,107,96.3963963963964,111,0,109,2,0,0.0,1.2316112020506615,1.2201217796174466,0.9751478086330001,0.9325146439670342,0.4123352095940489,1.111727633284185,7.72972972972973,8.176242457702756,0.3640324301989313,0.5475639410131512,0.00204639883952446,0.5,0.26629005009311757,-0.0029962344253463558,0,0,0,2,0,0.0,0.3063063063063063,0.2492149934835492,0.08694182245378411,0.9432309781163681,0.5622649885663786,0.0,0.261038961038961,0.04428038513241748
827,105,94.5945945945946,111,2,108,1,0,0.018018018018018018,1.2416026965316753,1.2270370382327127,1.0130034631846316,0.9367033122499653,0.41896613763911134,1.1485294804581774,7.72972972972973,8.176242457702756,0.3660257258084263,0.5375677736309082,0.0013536873518483067,0.6666666666666666,0.2764829759490847,0.007962970408133855,0,2,0,1,0,0.0,0.32432432432432434,0.25385667577601295,0.09122536838386684,0.9446292130563457,0.5611769806123705,0.018018018018018018,0.2792207792207792,0.04450158044210322
828,106,95.49549549549549,111,0,110,1,0,0.0,1.2490261406024468,1.234180598345984,0.9678667018611977,0.940843856800431,0.42095766643088867,1.1457041569753246,7.72972972972973,8.176242457702756,0.3655158122012434,0.5307655923214343,0.001455502519852544,1.0,0.4692344076785657,0.003770592148129359,0,0,0,1,0,0.0,0.3153153153153153,0.2481539762519016,0.09770955217939417,0.9343840869094929,0.5533832970241698,0.0,0.24318181818181817,0.04470796814321472
829,107,96.3963963963964,111,0,110,1,0,0.0,1.2566791531026604,1.2415460877404796,1.0130078454883558,0.9451276366062539,0.4141742207560571,1.136260537486836,7.72972972972973,8.176242457702756,0.3650412382695776,0.798834615989547,0.0025842034684034967,1.0,0.20116538401045303,0.007588051301169241,0,0,0,1,0,0.0,0.2882882882882883,0.25155861512378996,0.08934178468136157,0.9396976875018136,0.55439973053362,0.0,0.2792207792207792,0.04492135931735488
830,109,98.1981981981982,111,0,111,0,0,0.0,1.2530976153546527,1.2383683096292084,0.9883098917149824,0.948853305914282,0.42091818505257605,1.149325818189082,7.72972972972973,8.176242457702756,0.36432998687201534,0.0,0.0,0.0,0.0,0.0,0,0,0,0,0,0.0,0.2972972972972973,0.2487165631639449,0.09192820853459559,0.9354452910661126,0.554722328709949,0.0,0.24318181818181817,0.04505576150651313
831,109,98.1981981981982,111,0,110,1,0,0.0,1.2552302807023317,1.2398147564960216,0.9741865747514564,0.9523689674687958,0.43346749791548966,1.1508381301889272,7.72972972972973,8.176242457702756,0.36395110391469987,0.8928212812716745,0.0014618265635770703,1.0,0.10717871872832552,0.016107734607939794,0,0,0,1,0,0.0,0.3063063063063063,0.24676116878006882,0.09733944740892585,0.9236064140730268,0.5500145648198591,0.0,0.2792207792207792,0.045210149339596176
832,110,99.09909909909909,111,1,109,1,0,0.009009009009009009,1.253851042673609,1.2377226323890445,0.9464960688311136,0.9555145052699088,0.4376682800872628,1.150857841975429,7.72972972972973,8.176242457702756,0.3587053305557222,0.3699345954352147,0.0012654533689705652,0.0,0.3699345954352147,-0.007081322563957437,0,1,0,1,0,0.0,0.2972972972972973,0.24033777663455969,0.10026445112540534,0.9262757658568368,0.5434635147584468,0.009009009009009009,0.2792207792207792,0.04533184654806141
833,109,98.1981981981982,111,1,110,0,0,0.009009009009009009,1.2399838162679868,1.2242917325343037,0.8641743768075055,0.9575210535383916,0.4727469247025614,1.2522200776064116,7.72972972972973,8.176242457702756,0.35129133076100216,0.8307394551441776,0.0029060668417313328,1.0,0.16926054485582243,0.003274224482962773,0,1,0,0,0,0.0,0.2972972972972973,0.22800214587001966,0.11170901652512102,0.9302899325395547,0.5312631170691895,0.009009009009009009,0.24318181818181817,0.04534454054176429
834,109,98.1981981981982,111,0,111,0,0,0.0,1.246554880144568,1.231248612869022,0.8383397708294075,0.9597677080937614,0.4746633172602014,1.2148394370178097,7.72972972972973,8.176242457702756,0.3485392206612479,0.0,0.0,0.0,0.0,0.0,0,0,0,0,0,0.0,0.2702702702702703,0.22233700330903977,0.11212457298455686,0.9423559182574096,0.5266491140256669,0.0,0.24318181818181817,0.04546924182296423
835,109,98.1981981981982,111,0,111,0,0,0.0,1.2489278051082946,1.2338768880159336,0.8077615202560329,0.9620025860442708,0.47003646413022954,1.242117300656807,7.72972972972973,8.176242457702756,0.347177118523017,0.0,0.0,0.0,0.0,0.0,0,0,0,0,0,0.0,0.27927927927927926,0.21762104319858916,0.12601990579264868,0.9314448657806537,0.5228733909621346,0.0,0.24318181818181817,0.04557247096771656
836,109,98.1981981981982,111,0,111,0,0,0.0,1.250412646953247,1.2354369977162156,0.7699532386148044,0.9641567816362738,0.48111992679648297,1.250712081759991,7.72972972972973,8.176242457702756,0.3425515074360086,0.0,0.0,0.0,0.0,0.0,0,0,0,0,0,0.0,0.26126126126126126,0.2099536005536828,0.12394214004880084,0.9326306845098106,0.5177874202477392,0.0,0.31525974025974024,0.04566796130424897
837,109,98.1981981981982,111,1,110,0,0,0.009009009009009009,1.2503123080071932,1.2349484909522197,0.7614634645087157,0.9661390683593576,0.49520645759732856,1.2666238221158486,7.72972972972973,8.176242457702756,0.3414004718848025,0.6450532756093341,0.0023163362628273853,1.0,0.3549467243906659,0.00904731179972662,0,1,0,0,0,0.0,0.25225225225225223,0.2082387522431567,0.1195622400301891,0.9209519100481285,0.5177902523484854,0.009009009009009009,0.2792207792207792,0.04574849789386179
838,110,99.09909909909909,111,0,111,0,0,0.0,1.2619708226229118,1.2464526362546329,0.8111775634525199,0.9686755873801912,0.48333661577506337,1.2491416668565973,7.72972972972973,8.176242457702756,0.3455193524281537,0.0,0.0,0.0,0.0,0.0,0,0,0,0,0,0.0,0.2702702702702703,0.21368065744901532,0.10616448916324735,0.9291110298753975,0.5274374618801145,0.0,0.27922077922077926,0.04591048643950493
839,110,99.09909909909909,111,0,111,0,0,0.0,1.2598509712581978,1.2442181210688976,0.7646410418868702,0.9708585549524239,0.5013138421732882,1.2701391584457469,7.72972972972973,8.176242457702756,0.34349139646198035,0.0,0.0,0.0,0.0,0.0,0,0,0,0,0,0.0,0.26126126126126126,0.207810800192542,0.10699936576272827,0.921818332045698,0.5234390755055206,0.0,0.2792207792207792,0.04598912954342075
840,110,99.09909909909909,111,0,111,0,0,0.0,1.25031764959387,1.2348759598517884,0.723224512327556,0.9722519676016572,0.513387057470235,1.28888534659969,7.72972972972973,8.176242457702756,0.3379503258073464,0.0,0.0,0.0,0.0,0.0,0,0,0,0,0,0.0,0.26126126126126126,0.20120770286079856,0.10904174992925203,0.919911309714315,0.5172688583313635,0.0,0.31525974025974024,0.04599842733341792
841,110,99.09909909909909,111,0,111,0,0,0.0,1.2584114192852347,1.2430913458907293,0.7357052842600609,0.9740688193593573,0.5117581076199093,1.2844454073165064,7.72972972972973,8.176242457702756,0.3371158326328716,0.0,0.0,0.0,0.0,0.0,0,0,0,0,0,0.0,0.27927927927927926,0.2005746911336806,0.10426997072968325,0.9209694279977441,0.5201772624484284,0.0,0.2792207792207792,0.04611317128427805
842,111,100.0,111,0,111,0,0,0.0,1.2499208093933911,1.2351879540500719,0.6793955500450585,0.9752201605288312,0.5182535367691923,1.2861047423257217,7.72972972972973,8.176242457702756,0.33291842743388966,0.0,0.0,0.0,0.0,0.0,0,0,0,0,0,0.0,0.27927927927927926,0.19259886557001774,0.09435170120198585,0.8935484693166549,0.5170885127266609,0.0,0.27922077922077926,0.046117786457584596
843,111,100.0,111,0,111,0,0,0.0,1.2522162889236395,1.2374261689734998,0.6228267615628296,0.9764237667558645,0.5171107861128085,1.2994702946251135,7.72972972972973,8.176242457702756,0.32915340039066665,0.0,0.0,0.0,0.0,0.0,0,0,0,0,0,0.0,0.2702702702702703,0.1837341148877744,0.09664090887637927,0.9194064620182905,0.510755599875845,0.0,0.27922077922077926,0.04617846873691496
844,111,100.0,111,0,110,1,0,0.0,1.2590515764357433,1.243880938796725,0.6393631090184914,0.9779511693242068,0.5152015462285979,1.2916908456953506,7.72972972972973,8.176242457702756,0.33021739240040393,0.18709595616223984,0.000688917224420984,0.0,0.18709595616223984,-0.011920360928104778,0,0,0,1,0,0.0,0.2702702702702703,0.18543240775016714,0.08895147604678463,0.92058251880064,0.5138882814023918,0.0,0.27922077922077926,0.046275087243121904
845,111,100.0,111,0,110,1,0,0.0,1.2598414193728562,1.2452650037500017,0.6313460791733023,0.9794442193603377,0.5107988896379679,1.283140639102562,7.72972972972973,8.176242457702756,0.32859922086722904,0.19058275186916654,0.0006613011851625155,0.0,0.19058275186916654,-0.017667822086655793,0,0,0,1,0,0.0,0.2882882882882883,0.18299274756710474,0.09361191383249981,0.9393704239431959,0.5145103496942088,0.0,0.2792207792207792,0.04634007415329191
846,111,100.0,111,0,111,0,0,0.0,1.2486745271453623,1.2345197470736802,0.6015784079483077,0.9801123474146527,0.525478826381869,1.2996987162921032,7.72972972972973,8.176242457702756,0.3236623883656762,0.0,0.0,0.0,0.0,0.0,0,0,0,0,0,0.0,0.2972972972972973,0.17763436478998118,0.09528712427809424,0.9275617777545527,0.5094405595012464,0.0,0.31525974025974024,0.0463115535769788
847,111,100.0,111,0,111,0,0,0.0,1.255582708623783,1.2412736953307069,0.6271257093696622,0.9811676230472889,0.5222476532141123,1.3123158922084852,7.72972972972973,8.176242457702756,0.3240609149322342,0.0,0.0,0.0,0.0,0.0,0,0,0,0,0,0.0,0.2972972972972973,0.1801006773332631,0.09389549629597582,0.9257540784690508,0.5083580969950215,0.0,0.31525974025974024,0.046389235431531596
848,111,100.0,111,0,111,0,0,0.0,1.256237288434225,1.2421606121196564,0.6407579499021762,0.9821946299592538,0.5137721488021177,1.2536862140329268,7.72972972972973,8.176242457702756,0.3288762111215433,0.0,0.0,0.0,0.0,0.0,0,0,0,0,0,0.0,0.3153153153153153,0.18408579469227104,0.08327726377401043,0.9397416934497328,0.520500746537401,0.0,0.31525974025974024,0.04643449361817362
849,111,100.0,111,0,111,0,0,0.0,1.2528310816585153,1.2381753910074706,0.626913596696442,0.9828769932235526,0.5051755724647282,1.2432640866224918,7.72972972972973,8.176242457702756,0.3290960565839509,0.0,0.0,0.0,0.0,0.0,0,0,0,0,0,0.0,0.32432432432432434,0.18325587006677727,0.10658319925101578,0.939114853216635,0.5158624347089806,0.0,0.27922077922077926,0.04644535842176075
850,111,100.0,111,0,111,0,0,0.0,1.2469162444939839,1.2324407031290177,0.595507788171972,0.9831284592248125,0.5068127549568244,1.2514563426051586,7.72972972972973,8.176242457702756,0.324523671326995,0.0,0.0,0.0,0.0,0.0,0,0,0,0,0,0.0,0.3063063063063063,0.1773919905460325,0.10821428565274349,0.932648176291804,0.5110595307829755,0.0,0.27922077922077926,0.046426064470918946
851,111,100.0,111,0,111,0,0,0.0,1.245726992551641,1.231318113708396,0.596568073238224,0.9832859362498428,0.5054302496526774,1.2310394969666651,7.72972972972973,8.176242457702756,0.3236745648139616,0.0,0.0,0.0,0.0,0.0,0,0,0,0,0,0.0,0.2972972972972973,0.1771593583802176,0.11797555251097021,0.9496748418341237,0.5070234360813489,0.0,0.24318181818181817,0.046426556062898056
852,111,100.0,111,0,111,0,0,0.0,1.244942844312528,1.2304033726560015,0.6165900241102044,0.9833707044144485,0.5015810594900392,1.2354263864855808,7.72972972972973,8.176242457702756,0.32263747613789384,0.0,0.0,0.0,0.0,0.0,0,0,0,0,0,0.0,0.3153153153153153,0.17896758242576005,0.12219050170996659,0.9336974725360675,0.5026090629936683,0.0,0.2792207792207792,0.04642610074703505
853,110,99.09909909909909,111,1,110,0,0,0.009009009009009009,1.2486628943178062,1.2337213493938712,0.6165136043497872,0.9837226386856541,0.49726232005542975,1.235967673205358,7.72972972972973,8.176242457702756,0.32113632385251933,0.664560290037489,0.0012438064008246192,1.0,0.33543970996251105,0.011692086791646794,0,1,0,0,0,0.0,0.3063063063063063,0.177144221535109,0.1095476899105472,0.9394013755358112,0.5024159380958373,0.009009009009009009,0.24318181818181817,0.0464590884967142
854,110,99.09909909909909,111,0,111,0,0,0.0,1.2555003002202596,1.2399135077219159,0.5920739343138955,0.9843937583611243,0.505736659758239,1.2547684065186742,7.72972972972973,8.176242457702756,0.3169551365415324,0.0,0.0,0.0,0.0,0.0,0,0,0,0,0,0.0,0.27927927927927926,0.17136799284004264,0.11870412803335367,0.9380643431900657,0.4903150998314094,0.0,0.2792207792207792,0.04652071171215036
855,110,99.09909909909909,111,0,111,0,0,0.0,1.2593141775530465,1.2434343682035904,0.605879781090197,0.9852403049364102,0.5062186977453188,1.2580031185409135,7.72972972972973,8.176242457702756,0.31721497057412806,0.0,0.0,0.0,0.0,0.0,0,0,0,0,0,0.0,0.2882882882882883,0.17276627635159275,0.11813772868304209,0.9536019014586652,0.48842338373282607,0.0,0.24318181818181817,0.04657438894907067
856,110,99.09909909909909,111,0,111,0,0,0.0,1.2614258959389186,1.2454145966156687,0.6513882149983506,0.9861471624321336,0.5044051248445607,1.2619561659897036,7.72972972972973,8.176242457702756,0.32046701358942475,0.0,0.0,0.0,0.0,0.0,0,0,0,0,0,0.0,0.27927927927927926,0.1797155308325431,0.12030038790655789,0.9436178590602751,0.49313717654315403,0.0,0.24318181818181817,0.04662202097479813
857,110,99.09909909909909,111,0,111,0,0,0.0,1.252558354164504,1.237047640546258,0.6261720155338699,0.9864325909686091,0.5137693845669931,1.2749862073272242,7.72972972972973,8.176242457702756,0.31695844551700314,0.0,0.0,0.0,0.0,0.0,0,0,0,0,0,0.0,0.27927927927927926,0.17572039491641145,0.12203498543365275,0.9312583248785297,0.4867739374922551,0.0,0.31525974025974024,0.04658935193051891
858,111,100.0,111,0,111,0,0,0.0,1.2639173106630397,1.248239114778839,0.6430966895286231,0.9874267158301766,0.5128731104282575,1.2685387294277162,7.72972972972973,8.176242457702756,0.31823058187108,0.0,0.0,0.0,0.0,0.0,0,0,0,0,0,0.0,0.2972972972972973,0.1774938281080346,0.12761860595108496,0.9336962489064808,0.48616389135631266,0.0,0.2792207792207792,0.04668678774251862
859,111,100.0,111,0,111,0,0,0.0,1.27876384155679,1.2631163713851936,0.669694579747073,0.9893126790896826,0.4989439615361372,1.2417431904506782,7.72972972972973,8.176242457702756,0.319969478392619,0.0,0.0,0.0,0.0,0.0,0,0,0,0,0,0.0,0.27927927927927926,0.1797009532343695,0.10426667850321067,0.9276076488779625,0.4955149872327992,0.0,0.26525974025974025,0.04683812086136757
860,111,100.0,111,0,111,0,0,0.0,1.2901679568814322,1.2744482832759443,0.6869155832807327,0.9917856610934525,0.49170334568185964,1.2314532162438934,7.72972972972973,8.176242457702756,0.3226908036057632,0.0,0.0,0.0,0.0,0.0,0,0,0,0,0,0.0,0.27927927927927926,0.18169218347988603,0.10505163510071198,0.9306735391383983,0.5010954506699624,0.0,0.26525974025974025,0.04699623994027258
861,111,100.0,111,0,111,0,0,0.0,1.2776029739175174,1.2624046219304725,0.6888026771343045,0.9932686709307466,0.49330447963589147,1.228032891704342,7.72972972972973,8.176242457702756,0.32347812673120413,0.0,0.0,0.0,0.0,0.0,0,0,0,0,0,0.0,0.2882882882882883,0.18365921321025683,0.09249961452806855,0.9304461267299223,0.5048225592832428,0.0,0.26525974025974025,0.04699404226543737
862,111,100.0,111,0,111,0,0,0.0,1.2760450970669577,1.2609541622922749,0.6696331786235474,0.994535551810656,0.5029558950016665,1.2466402424751195,7.72972972972973,8.176242457702756,0.3229599771186229,0.0,0.0,0.0,0.0,0.0,0,0,0,0,0,0.0,0.2882882882882883,0.1812025669927302,0.09539475895059811,0.9336962489064808,0.5017175757164395,0.0,0.2792207792207792,0.04703804450738042
863,111,100.0,111,0,111,0,0,0.0,1.285776932227089,1.2699998341266752,0.7065417317553104,0.9962905262870606,0.4910271241921242,1.2412153807561082,7.72972972972973,8.176242457702756,0.32659426149101134,0.0,0.0,0.0,0.0,0.0,0,0,0,0,0,0.0,0.2882882882882883,0.18657890683044048,0.09756345453228918,0.9302608938995629,0.5052542959393619,0.0,0.31525974025974024,0.04715844916731189
864,111,100.0,111,0,111,0,0,0.0,1.2924167120035523,1.2769106837670814,0.7053088455174946,0.998354048053193,0.4917085536490001,1.2338407024082263,7.72972972972973,8.176242457702756,0.3266561544732838,0.0,0.0,0.0,0.0,0.0,0,0,0,0,0,0.0,0.2702702702702703,0.18533941931997613,0.09710651721993295,0.9146502098297123,0.5063041777182999,0.0,0.26525974025974025,0.04727600733757744
865,111,100.0,111,0,111,0,0,0.0,1.293341454002108,1.2779944415223898,0.7022692129092529,1.0003197398059418,0.5014518814304391,1.2577089373111723,7.72972972972973,8.176242457702756,0.32588791983235565,0.0,0.0,0.0,0.0,0.0,0,0,0,0,0,0.0,0.2702702702702703,0.18469482882995455,0.09443850407069299,0.9329015260446305,0.5055782554217424,0.0,0.24318181818181817,0.047360990909408124
866,111,100.0,111,0,111,0,0,0.0,1.2826183105458866,1.2680245175867584,0.6739267199095671,1.0014725797119537,0.5110464346480895,1.2786918274170131,7.72972972972973,8.176242457702756,0.3223893095601995,0.0,0.0,0.0,0.0,0.0,0,0,0,0,0,0.0,0.2882882882882883,0.18063039211341883,0.09149344762339925,0.926589956098091,0.49965078408656344,0.0,0.24318181818181817,0.047354504685059355
867,111,100.0,111,0,111,0,0,0.0,1.2803706416818117,1.2659491772447664,0.6873488321149274,1.0023954127455539,0.5082979985009988,1.2855027380484505,7.72972972972973,8.176242457702756,0.3243595067757119,0.0,0.0,0.0,0.0,0.0,0,0,0,0,0,0.0,0.2882882882882883,0.18340198256309626,0.08752836361905221,0.9419808228232329,0.50235457365517,0.0,0.1711038961038961,0.04738099287389244
868,111,100.0,111,0,111,0,0,0.0,1.2925983864988606,1.278443441005247,0.7088712912914011,1.004060041751537,0.49508975649833237,1.2477835415672147,7.72972972972973,8.176242457702756,0.3270935690043828,0.0,0.0,0.0,0.0,0.0,0,0,0,0,0,0.0,0.27927927927927926,0.18558911901621777,0.08834056480220163,0.951865672429256,0.5093485073916815,0.0,0.1711038961038961,0.0475101836497529
869,111,100.0,111,0,110,1,0,0.0,1.2805506020556419,1.2667167459128514,0.6649852451922869,1.0048215242355458,0.5057275955780526,1.2679543760865102,7.72972972972973,8.176242457702756,0.3227455307251683,0.2550915446480313,0.0012465947270535892,0.0,0.2550915446480313,-0.019084957835164285,0,0,0,1,0,0.0,0.2882882882882883,0.17982246162173332,0.08748972212812252,0.9603701982141359,0.5038497929132686,0.0,0.20714285714285713,0.047481075054619556
870,110,99.09909909909909,111,1,110,0,0,0.009009009009009009,1.2814454857472466,1.2668717507309595,0.6777201659945941,1.005571808289526,0.5095467769486164,1.259837129966105,7.72972972972973,8.176242457702756,0.3247925584149991,0.24085081887202664,0.0017396688749583094,0.0,0.24085081887202664,-0.027255976535818904,0,1,0,0,0,0.0,0.27927927927927926,0.18268417257689007,0.10201929993749162,0.9541126266246347,0.5013716939219637,0.009009009009009009,0.20714285714285713,0.04751622199476503
871,110,99.09909909909909,111,1,110,0,0,0.009009009009009009,1.284304214662812,1.2696476893609365,0.6860393711896958,1.0064285776164714,0.49111095930253484,1.2235407130195142,7.72972972972973,8.176242457702756,0.32927945060303543,0.24222897075937,0.0012373303855884145,0.0,0.24222897075937,-0.026650387329649528,0,1,0,0,0,0.0,0.3153153153153153,0.1860068344866708,0.10262678844663665,0.9519884015706136,0.5108166710669995,0.009009009009009009,0.2474025974025974,0.04756554140808
872,110,99.09909909909909,111,0,111,0,0,0.0,1.2806137060213287,1.2662325972144701,0.6849253760157352,1.0069647347283168,0.4966014928649556,1.2312414245919991,7.72972972972973,8.176242457702756,0.32725878833812194,0.0,0.0,0.0,0.0,0.0,0,0,0,0,0,0.0,0.2882882882882883,0.1852174918679252,0.10992150037219575,0.9665002077344067,0.5072767016805405,0.0,0.1711038961038961,0.04756900761758193
873,110,99.09909909909909,111,0,111,0,0,0.0,1.2793657722183813,1.264987916200934,0.6847795908322135,1.0073756398247504,0.4954883177299715,1.234216530444023,7.72972972972973,8.176242457702756,0.32712457838850595,0.0,0.0,0.0,0.0,0.0,0,0,0,0,0,0.0,0.32432432432432434,0.18527949646191916,0.10265413136425602,0.937420063861723,0.5078053257979458,0.0,0.13441558441558443,0.04757956624704493
874,110,99.09909909909909,111,0,111,0,0,0.0,1.2829320078196311,1.2683328068956172,0.7131073163007834,1.0079717374227424,0.48927058418868946,1.2134595258611565,7.72972972972973,8.176242457702756,0.33041843647695,0.0,0.0,0.0,0.0,0.0,0,0,0,0,0,0.0,0.3153153153153153,0.18978379222151237,0.11043230772427155,0.9625184388652297,0.508897526540707,0.0,0.1711038961038961,0.04762176661749936
875,110,99.09909909909909,111,0,111,0,0,0.0,1.2879265953880341,1.2730266400839791,0.7375884197057443,1.0088261199814705,0.48577299953315733,1.2079265926537877,7.72972972972973,8.176242457702756,0.33406989508296303,0.0,0.0,0.0,0.0,0.0,0,0,0,0,0,0.0,0.3333333333333333,0.19466958071719234,0.11349164039964844,0.9539099189100674,0.5139354779798634,0.0,0.13928571428571426,0.04768166775010034
876,111,100.0,111,0,111,0,0,0.0,1.287626843262564,1.2727321500738062,0.7456394575195072,1.0095913835768842,0.48818257618001343,1.2231868224141924,7.72972972972973,8.176242457702756,0.3334846823305817,0.0,0.0,0.0,0.0,0.0,0,0,0,0,0,0.0,0.3333333333333333,0.19516840380896291,0.11330004374692047,0.9436013811203474,0.5113549817773109,0.0,0.13506493506493505,0.047711453892973765
877,111,100.0,111,0,111,0,0,0.0,1.28813497363061,1.2731673649597288,0.7031682883648331,1.0103225447447246,0.4935500874759522,1.197827613244709,7.72972972972973,8.176242457702756,0.33139402641793514,0.0,0.0,0.0,0.0,0.0,0,0,0,0,0,0.0,0.3153153153153153,0.1899717203667164,0.12379736341922713,0.9323213836828764,0.5062442684519384,0.0,0.13506493506493505,0.0477438852997336
878,111,100.0,111,0,111,0,0,0.0,1.285795875066038,1.2715175867857185,0.6906544164856903,1.0108860125119086,0.4913667065382465,1.202087202903082,7.72972972972973,8.176242457702756,0.3285102015762029,0.0,0.0,0.0,0.0,0.0,0,0,0,0,0,0.0,0.3153153153153153,0.1870260745955296,0.11639801257954095,0.9496533431536489,0.5055977209947371,0.0,0.1711038961038961,0.047755225052318724
879,111,100.0,111,0,111,0,0,0.0,1.2942244267422767,1.2794611904191957,0.7347001782235062,1.0119230004226383,0.4762909981803209,1.17850579744461,7.72972972972973,8.176242457702756,0.3333563579022436,0.0,0.0,0.0,0.0,0.0,0,0,0,0,0,0.0,0.2972972972972973,0.19313901436038983,0.11150579669983379,0.9530256652964221,0.5121682576957507,0.0,0.13506493506493503,0.04783976113361908
880,111,100.0,111,0,111,0,0,0.0,1.293322435270287,1.278360627541191,0.7491762241439083,1.0128032139360854,0.46699208030196276,1.169176823353265,7.72972972972973,8.176242457702756,0.3360160161728192,0.0,0.0,0.0,0.0,0.0,0,0,0,0,0,0.0,0.3333333333333333,0.19640253061616908,0.11617321492605254,0.9448660953566761,0.5141272907910435,0.0,0.16623376623376623,0.047871235371761585
881,111,100.0,111,0,111,0,0,0.0,1.2840741693571223,1.2699408991472678,0.703723527156072,1.013060725132314,0.4890241656559002,1.2038885688459657,7.72972972972973,8.176242457702756,0.3294070280286081,0.0,0.0,0.0,0.0,0.0,0,0,0,0,0,0.0,0.3063063063063063,0.18852630553897673,0.12040212093491974,0.9643530345661218,0.5022389983118986,0.0,0.20714285714285713,0.04783552141207545
882,111,100.0,111,0,111,0,0,0.0,1.2834885439142265,1.2693841024252135,0.6866902484080571,1.0132607615487899,0.49543121438655846,1.228371767638902,7.72972972972973,8.176242457702756,0.3272294810504346,0.0,0.0,0.0,0.0,0.0,0,0,0,0,0,0.0,0.27927927927927926,0.18486375846997238,0.10822646403098962,0.9666823395872125,0.499941470855451,0.0,0.13506493506493503,0.04784077101606835
883,111,100.0,111,0,111,0,0,0.0,1.2818689954321663,1.2680940541345695,0.6965477297714304,1.0133600605219992,0.49977285699125207,1.2339539232561674,7.72972972972973,8.176242457702756,0.3286491821393638,0.0,0.0,0.0,0.0,0.0,0,0,0,0,0,0.0,0.2882882882882883,0.18698265747479095,0.11785930919425718,0.9587964211489968,0.5002013974978342,0.0,0.20714285714285713,0.04783673273606186
884,111,100.0,111,0,111,0,0,0.0,1.2780663311005562,1.264525562307398,0.6580661777404114,1.013217825735303,0.5162187217028456,1.255734460259262,7.72972972972973,8.176242457702756,0.321118976896948,0.0,0.0,0.0,0.0,0.0,0,0,0,0,0,0.0,0.2972972972972973,0.1784992143304091,0.12488299279157121,0.9659680994115574,0.4884287791538939,0.0,0.20714285714285713,0.04781190468389407
885,111,100.0,111,0,111,0,0,0.0,1.2944754148131743,1.279753395900044,0.70844241479858,1.0140832720860982,0.5005593699009923,1.1898475836396532,7.72972972972973,8.176242457702756,0.3283110635998536,0.0,0.0,0.0,0.0,0.0,0,0,0,0,0,0.0,0.27927927927927926,0.18709647018468215,0.13245236527781754,0.9612977694404463,0.5010902029487381,0.0,0.20714285714285713,0.04792933059844833
886,111,100.0,111,0,111,0,0,0.0,1.2916784888824249,1.276424579551941,0.6834297455906699,1.014660219768437,0.498321525111883,1.1869567322111805,7.72972972972973,8.176242457702756,0.32605228671803754,0.0,0.0,0.0,0.0,0.0,0,0,0,0,0,0.0,0.2702702702702703,0.1838399157790705,0.13252611891465818,0.9620967565703227,0.49671841219617696,0.0,0.20714285714285713,0.04793893228947564
887,111,100.0,111,0,111,0,0,0.0,1.2923445702444105,1.2775954351077434,0.6571957853613523,1.0152665804006713,0.506067105847692,1.190244462524851,7.72972972972973,8.176242457702756,0.32116381840475894,0.0,0.0,0.0,0.0,0.0,0,0,0,0,0,0.0,0.3063063063063063,0.1778518485234789,0.13430794496626938,0.9634774956765442,0.4907403925662108,0.0,0.20714285714285713,0.04796705145401534
888,111,100.0,111,0,111,0,0,0.0,1.2846555744653332,1.270466426668341,0.6310772627855007,1.0153570555055775,0.5056748117857314,1.1741093473119444,7.72972972972973,8.176242457702756,0.3183463431789546,0.0,0.0,0.0,0.0,0.0,0,0,0,0,0,0.0,0.2972972972972973,0.17336623877463692,0.11118180032626393,0.9645432359924792,0.49401815243494135,0.0,0.20714285714285713,0.04793230520709046
889,110,99.09909909909909,111,1,110,0,0,0.009009009009009009,1.2957714108304974,1.281785096505041,0.6533162660046155,1.0161385510731322,0.47993581221776416,1.1352227382913613,7.72972972972973,8.176242457702756,0.3221212275337706,0.2184359244269629,0.0007655758076443844,0.0,0.2184359244269629,-0.017958178673897207,0,1,0,0,0,0.0,0.2972972972972973,0.1765852673592069,0.10312782372639111,0.9656214838033438,0.506048950244872,0.009009009009009009,0.20714285714285713,0.048019832875116006
890,110,99.09909909909909,111,0,111,0,0,0.0,1.2892807590338273,1.2752871387868379,0.6530249140040836,1.016473054230495,0.48298662549605903,1.1401643256263272,7.72972972972973,8.176242457702756,0.32317082863539337,0.0,0.0,0.0,0.0,0.0,0,0,0,0,0,0.0,0.2882882882882883,0.17766961121505737,0.10388737491633021,0.9656214838033438,0.5078974271852514,0.0,0.20714285714285713,0.04800105451071998
891,110,99.09909909909909,111,0,111,0,0,0.0,1.294619292566407,1.280536271006018,0.6682601783103423,1.0171235530204152,0.47746566073418545,1.1573763913406185,7.72972972972973,8.176242457702756,0.3239127470647756,0.0,0.0,0.0,0.0,0.0,0,0,0,0,0,0.0,0.32432432432432434,0.1793901668807714,0.11028739578135352,0.9745339904295147,0.5076997930001611,0.0,0.16623376623376623,0.04805434035750703
892,110,99.09909909909909,111,0,111,0,0,0.0,1.3076047288166048,1.2934291802505111,0.6824155582122867,1.0185641898678326,0.45897392005403476,1.103081732895241,7.72972972972973,8.176242457702756,0.32548720088264127,0.0,0.0,0.0,0.0,0.0,0,0,0,0,0,0.0,0.2882882882882883,0.18000287373247856,0.09886230302497778,0.965671713239979,0.5151234421787662,0.0,0.20227272727272727,0.04817816251954795
893,110,99.09909909909909,111,0,111,0,0,0.0,1.3023838858596029,1.2889622446737115,0.6409408895883566,1.019594854767119,0.4699528102187188,1.114902536824696,7.72972972972973,8.176242457702756,0.3197231973064725,0.0,0.0,0.0,0.0,0.0,0,0,0,0,0,0.0,0.2882882882882883,0.1722613688752848,0.08799166930503786,0.9681129278537933,0.5122057958476451,0.0,0.20227272727272727,0.04819419313530898
894,111,100.0,111,0,111,0,0,0.0,1.306724416758271,1.2925325873310227,0.6455450160615385,1.0207747859030998,0.46267528248061224,1.1129632504814035,7.72972972972973,8.176242457702756,0.3215699565935757,0.0,0.0,0.0,0.0,0.0,0,0,0,0,0,0.0,0.3063063063063063,0.1733550784926887,0.0923264733576004,0.9681129278537933,0.5118295436405501,0.0,0.20227272727272727,0.04826413280505819
895,111,100.0,111,0,111,0,0,0.0,1.303892246551328,1.2890265260035436,0.6499597540019982,1.021628911748688,0.4693128280452298,1.1201207069296077,7.72972972972973,8.176242457702756,0.32301778371803036,0.0,0.0,0.0,0.0,0.0,0,0,0,0,0,0.0,0.2972972972972973,0.17550526248273773,0.09628505326852553,0.9705158852129574,0.5134545130241687,0.0,0.1711038961038961,0.048284889654038064
896,111,100.0,111,0,111,0,0,0.0,1.2997237455138344,1.2849469537401532,0.641792015672082,1.0221463576186536,0.4617768665829157,1.1002555401024487,7.72972972972973,8.176242457702756,0.32371973383301333,0.0,0.0,0.0,0.0,0.0,0,0,0,0,0,0.0,0.3153153153153153,0.1751247701208621,0.08987237001507596,0.9739610300478114,0.5172175579196778,0.0,0.1711038961038961,0.048285200963308475
897,111,100.0,111,0,111,0,0,0.0,1.3124897599218084,1.297850033247686,0.6699507385839755,1.0234654855117404,0.4486410128366639,1.087794806981466,7.72972972972973,8.176242457702756,0.32349680384976165,0.0,0.0,0.0,0.0,0.0,0,0,0,0,0,0.0,0.2972972972972973,0.176516648245047,0.08329743116946965,0.9776554054036112,0.5193825597002378,0.0,0.13506493506493505,0.04840295858278133
898,111,100.0,111,0,111,0,0,0.0,1.3188988311032366,1.3038093975800646,0.72775966188916,1.0250665599713638,0.4505189166543481,1.0919865815728946,7.72972972972973,8.176242457702756,0.32658382767418326,0.0,0.0,0.0,0.0,0.0,0,0,0,0,0,0.0,0.2882882882882883,0.18368512076062732,0.08221323550482966,0.9677588964317702,0.5254309809820426,0.0,0.20714285714285713,0.04850045780356205
899,111,100.0,111,0,111,0,0,0.0,1.3279793802743112,1.3126371711369826,0.7589420463851496,1.0271141508369441,0.4493762462703149,1.0829671570816333,7.72972972972973,8.176242457702756,0.3285555016076904,0.0,0.0,0.0,0.0,0.0,0,0,0,0,0,0.0,0.2972972972972973,0.1871232020447879,0.06839506129856256,0.9594956028935776,0.5321525097163418,0.0,0.20714285714285713,0.04862956854627323
900,111,100.0,111,0,111,0,0,0.0,1.3303016401441738,1.314412759796391,0.7624192606516853,1.0291104668558888,0.43275064454482853,1.0607276269985204,7.72972972972973,8.176242457702756,0.33220292869221835,0.0,0.0,0.0,0.0,0.0,0,0,0,0,0,0.0,0.3063063063063063,0.18971074544827074,0.06473213178225164,0.9310954787958103,0.5366887443733165,0.0,0.23831168831168828,0.04872279166458799
901,110,99.09909909909909,111,1,110,0,0,0.009009009009009009,1.3389655240139686,1.328007262912732,0.8126073892715567,1.0315177055765374,0.43689055954753747,1.0653683110529946,7.72972972972973,8.176242457702756,0.33474704682684675,0.5814739997295288,0.0012376048287787308,1.0,0.41852600027047115,0.00888200151672186,0,1,0,0,0,0.0,0.3153153153153153,0.19445530279054635,0.07232162911296887,0.9508507048003653,0.5358596710099605,0.009009009009009009,0.20227272727272724,0.04886452192110493
902,109,98.1981981981982,111,1,101,2,7,0.009009009009009009,1.3223345516192433,1.3079419861522006,0.7320895622073085,1.0329432546924298,0.4626391119642506,1.0905856700983094,7.72972972972973,8.176242457702756,0.33055442918865907,0.8545458582119785,0.00206237461233804,1.0,0.1454541417880213,0.013430831094540957,0,8,0,2,0,0.2,0.32432432432432434,0.18665945183803204,0.07988230355823339,0.9577195253600561,0.5227237568482408,0.009009009009009009,0.17142857142857143,0.0488396452351658
903,108,97.29729729729729,111,1,106,0,4,0.009009009009009009,1.330496682431822,1.3155514197811362,0.7457363072537533,1.0345597767982444,0.4724255547055198,1.1437025992881271,7.72972972972973,8.176242457702756,0.33178525421775107,0.7754584928121102,0.0010057456073810191,1.0,0.22454150718788987,0.01148569090539454,0,5,0,0,0,0.0,0.34234234234234234,0.1881966154535304,0.08900534447416696,0.9597533043164828,0.5288191696216615,0.009009009009009009,0.16623376623376623,0.04894654127260558
904,107,96.3963963963964,111,1,109,1,0,0.009009009009009009,1.330287775401603,1.3137350915801909,0.746025371248779,1.0359994262484107,0.4832307253509139,1.1620123540007168,7.72972972972973,8.176242457702756,0.3318036974766678,0.6735085372514958,0.0012335872099914695,0.5,0.2999651480735087,0.002362924443452208,0,1,0,1,0,0.0,0.3063063063063063,0.1882613534980119,0.09795639759920878,0.9528394528572611,0.5249074625617257,0.009009009009009009,0.18928571428571425,0.049004351352247774
905,107,96.3963963963964,111,0,111,0,0,0.0,1.332135055960533,1.3160908509003102,0.7785718808058504,1.0373790244445333,0.48739773927299995,1.1688469843934097,7.72972972972973,8.176242457702756,0.3336439777112794,0.0,0.0,0.0,0.0,0.0,0,0,0,0,0,0.0,0.32432432432432434,0.19268156987935262,0.10307795624109357,0.9479813562609936,0.5290195331411733,0.0,0.20227272727272727,0.04906998740177096
906,108,97.29729729729729,111,0,111,0,0,0.0,1.347988432023607,1.3315434153050658,0.8002812433941486,1.0396565746525313,0.47397370734051714,1.1904909864902895,7.72972972972973,8.176242457702756,0.3359431486578668,0.0,0.0,0.0,0.0,0.0,0,0,0,0,0,0.0,0.32432432432432434,0.19486641548900654,0.0978864006823588,0.953883797880735,0.5358991908574035,0.0,0.16623376623376623,0.04924236329563724
907,109,98.1981981981982,111,0,111,0,0,0.0,1.341645286994422,1.3255008632285206,0.7697593026363274,1.0413526638666983,0.48503897363064985,1.2051139593136921,7.72972972972973,8.176242457702756,0.33315343875971126,0.0,0.0,0.0,0.0,0.0,0,0,0,0,0,0.0,0.32432432432432434,0.190448629504033,0.10494857593174003,0.9653584362220867,0.5298696013192907,0.0,0.1301948051948052,0.04927998575371594
908,110,99.09909909909909,111,0,111,0,0,0.0,1.3537195728316167,1.336409842347017,0.7874736917182654,1.0436236323803267,0.4631380489785758,1.17114678944753,7.72972972972973,8.176242457702756,0.3371711940428219,0.0,0.0,0.0,0.0,0.0,0,0,0,0,0,0.0,0.34234234234234234,0.19407775766258284,0.11926415381655142,0.9595887042821626,0.532322785604137,0.0,0.18928571428571425,0.04943319712880809
909,111,100.0,111,0,111,0,0,0.0,1.3451457017542416,1.3290608282939098,0.7449246244149099,1.045228222436357,0.4705735359062506,1.1859667967253944,7.72972972972973,8.176242457702756,0.3329426154428192,0.0,0.0,0.0,0.0,0.0,0,0,0,0,0,0.0,0.32432432432432434,0.18762455919605506,0.10402954638658123,0.9540716890433614,0.5346771922376032,0.0,0.20227272727272724,0.04945592536013782
910,111,100.0,111,0,111,0,0,0.0,1.3494345717122351,1.3332858972499984,0.7561583572315734,1.046977978824438,0.46825521668225606,1.184597890046084,7.72972972972973,8.176242457702756,0.33251618454847387,0.0,0.0,0.0,0.0,0.0,0,0,0,0,0,0.0,0.32432432432432434,0.18781078794910447,0.09862113136729618,0.9613266471655363,0.5375967457244283,0.0,0.18928571428571425,0.049548901872282114
911,111,100.0,111,0,110,1,0,0.0,1.3452513002333748,1.3291483898479732,0.7569690718297132,1.048314036778294,0.468702227560485,1.183538965331168,7.72972972972973,8.176242457702756,0.3349180403715246,0.15576372616179412,0.0008714776557691819,0.0,0.15576372616179412,-0.023152912508291212,0,0,0,1,0,0.0,0.32432432432432434,0.18980712911700834,0.10887194777212196,0.9714503660970474,0.5371324232178835,0.0,0.13506493506493505,0.04958260518372915
912,111,100.0,111,0,111,0,0,0.0,1.3619218130191335,1.34494728036373,0.812586435747094,1.0505742598698238,0.45422452933041113,1.1507321634013985,7.72972972972973,8.176242457702756,0.34065184739884313,0.0,0.0,0.0,0.0,0.0,0,0,0,0,0,0.0,0.32432432432432434,0.1974875365020644,0.10810007207811108,0.9642546187392161,0.5436961208568827,0.0,0.16623376623376623,0.049758358407682175
913,111,100.0,111,0,110,1,0,0.0,1.3639323053965746,1.3465193576365242,0.8117035831823396,1.0527525111208618,0.4558884323181685,1.1502960067551682,7.72972972972973,8.176242457702756,0.34190359880694854,0.14369815185450813,0.0008259570000290638,0.0,0.14369815185450813,-0.022675591742340073,0,0,0,1,0,0.0,0.34234234234234234,0.19872963853075543,0.11814515623382281,0.9601366105428107,0.5413556169820647,0.0,0.16623376623376623,0.04985746042138079
914,111,100.0,111,0,110,1,0,0.0,1.3662682831173791,1.3492608707842844,0.783796787708881,1.0549319854778534,0.45825330660896385,1.1681364706593305,7.72972972972973,8.176242457702756,0.33839673218484245,0.14012394588312857,0.0007647773184146668,0.0,0.14012394588312857,-0.021699061341569792,0,0,0,1,0,0.0,0.36036036036036034,0.1933999475545563,0.12724304445326037,0.9556228848497185,0.5336853644108891,0.0,0.20227272727272727,0.04995823986385036
915,111,100.0,111,0,111,0,0,0.0,1.3582209172356878,1.3412282995433353,0.7301285771202888,1.0564078507269161,0.45711961475275603,1.122790600473649,7.72972972972973,8.176242457702756,0.3353084172176699,0.0,0.0,0.0,0.0,0.0,0,0,0,0,0,0.0,0.3333333333333333,0.18725963693128425,0.14455409343805029,0.9533389552094879,0.5224376693137993,0.0,0.1711038961038961,0.04997833819499808
916,111,100.0,111,0,111,0,0,0.0,1.3437565006959424,1.327442664669331,0.7072971371653635,1.0568613281095607,0.4709425557699156,1.173955495111551,7.72972972972973,8.176242457702756,0.33329089133797196,0.0,0.0,0.0,0.0,0.0,0,0,0,0,0,0.0,0.35135135135135137,0.1845486445658001,0.1363350462823474,0.9643689238901457,0.5215341723396443,0.0,0.1301948051948052,0.049924554817447286
917,111,100.0,111,0,111,0,0,0.0,1.336651987505044,1.3208886126206962,0.6611496100647501,1.0568490279328688,0.49208956601441084,1.1969715511224988,7.72972972972973,8.176242457702756,0.32604978097425463,0.0,0.0,0.0,0.0,0.0,0,0,0,0,0,0.0,0.36036036036036034,0.17584295454175475,0.13658880251928934,0.959682897541371,0.5113246521317742,0.0,0.17110389610389606,0.04988852940535826
918,111,100.0,111,0,110,1,0,0.0,1.3295813282072373,1.3138474146813262,0.6208976860912617,1.0563771691160864,0.5009589409354253,1.2207928266699086,7.72972972972973,8.176242457702756,0.3214492012528869,0.16701156546056495,0.0008076212753506122,0.0,0.16701156546056495,-0.022206239171726372,0,0,0,1,0,0.0,0.36036036036036034,0.169658160933202,0.1281325217578832,0.9627519190253143,0.5053753834356689,0.0,0.20714285714285713,0.049833885948410137
919,111,100.0,111,0,111,0,0,0.0,1.3299913705828854,1.3143835218437545,0.646053485558415,1.055978957357369,0.5003586111583639,1.2199469751358738,7.72972972972973,8.176242457702756,0.3235337560500222,0.0,0.0,0.0,0.0,0.0,0,0,0,0,0,0.0,0.35135135135135137,0.17334989052138602,0.12739320307462285,0.9644093391430014,0.5079429011080161,0.0,0.16623376623376623,0.04981965678084447
920,111,100.0,111,0,110,1,0,0.0,1.3361155183615965,1.320373476128855,0.6519042624464929,1.0560051069059033,0.49677910445926565,1.1906464982857252,7.72972972972973,8.176242457702756,0.3246466985467513,0.19662373584984483,0.0008597893683116406,0.0,0.19662373584984483,-0.021144210974310018,0,0,0,1,0,0.0,0.36036036036036034,0.17411870099292623,0.12282876526725608,0.9685761625361686,0.511754976231967,0.0,0.099025974025974,0.04985134654498291
921,111,100.0,111,0,110,1,0,0.0,1.345119357755872,1.3293045607588072,0.6562569575822486,1.0566133001107063,0.5013135353855959,1.1913472416141686,7.72972972972973,8.176242457702756,0.32367030361847227,0.17690912131224923,0.000868913457458654,0.0,0.17690912131224923,-0.017102187214701414,0,0,0,1,0,0.0,0.3333333333333333,0.17274559591700558,0.11157654530332893,0.9713384094062134,0.5140627558298528,0.0,0.09415584415584415,0.04992122941747227
922,111,100.0,111,0,111,0,0,0.0,1.3437584944282173,1.327940050295109,0.6708429545865398,1.057082513417375,0.49561082095872705,1.1298882456298764,7.72972972972973,8.176242457702756,0.3263966865607968,0.0,0.0,0.0,0.0,0.0,0,0,0,0,0,0.0,0.32432432432432434,0.176015370376748,0.10965960446058755,0.965879390852273,0.5196840133222941,0.0,0.099025974025974,0.04993360710963251
923,111,100.0,111,0,110,1,0,0.0,1.3469623841501712,1.3311251572859952,0.6569595502850557,1.057721700362536,0.4863303421390909,1.1151689087961043,7.72972972972973,8.176242457702756,0.3260791255726956,0.16017782474478737,0.0008455968212941619,0.0,0.16017782474478737,-0.02459809887047476,0,0,0,1,0,0.0,0.3333333333333333,0.17409309393489675,0.11105181741511172,0.9672666457902754,0.52095039320089,0.0,0.099025974025974,0.04997575729543946
924,111,100.0,111,0,111,0,0,0.0,1.3619116987656958,1.345436860084804,0.681434883279621,1.059244753449828,0.4785539906643782,1.1247510140790395,7.72972972972973,8.176242457702756,0.3264325332568587,0.0,0.0,0.0,0.0,0.0,0,0,0,0,0,0.0,0.34234234234234234,0.17585855321760596,0.13106505000030927,0.9705575683152866,0.5172201252455704,0.0,0.099025974025974,0.05011276812510534
925,111,100.0,111,0,111,0,0,0.0,1.3765234164976017,1.3594595011306692,0.7302403126710645,1.0615604981286502,0.46301658588148725,1.1032514604469406,7.72972972972973,8.176242457702756,0.3310280007931963,0.0,0.0,0.0,0.0,0.0,0,0,0,0,0,0.0,0.32432432432432434,0.18167872807919425,0.11151525120089394,0.9714435627277219,0.528559812999037,0.0,0.099025974025974,0.0502804971635858
926,111,100.0,111,0,110,1,0,0.0,1.359868059062851,1.3427450478006853,0.7250056752484921,1.0625936105240394,0.4750677251347766,1.1298788425614477,7.72972972972973,8.176242457702756,0.33172961572606674,0.14252187441683783,0.000860786310378405,0.0,0.14252187441683783,-0.02273245741084906,0,0,0,1,0,0.0,0.32432432432432434,0.18357623214960375,0.13107550155803,0.9709223032807557,0.5232265090556418,0.0,0.13506493506493505,0.050239455263565845
927,111,100.0,111,0,111,0,0,0.0,1.3608922325632584,1.343998740111083,0.716346347225262,1.063624257083498,0.4809649709881628,1.1194003118475058,7.72972972972973,8.176242457702756,0.32957088233886833,0.0,0.0,0.0,0.0,0.0,0,0,0,0,0,0.0,0.34234234234234234,0.18126664988629204,0.13025233200999098,0.9700366136851003,0.5189795154039004,0.0,0.11720779220779219,0.05028671021185953
928,111,100.0,111,0,111,0,0,0.0,1.3703016203126808,1.3527353132718476,0.7294295238324263,1.0651420942046685,0.4786480898130223,1.1343556359982436,7.72972972972973,8.176242457702756,0.3310314308188078,0.0,0.0,0.0,0.0,0.0,0,0,0,0,0,0.0,0.3333333333333333,0.18281140156195114,0.1351321725063206,0.9624136491946802,0.5192499657386661,0.0,0.1301948051948052,0.05039580817217661
929,111,100.0,111,0,111,0,0,0.0,1.379593436889224,1.361337601058733,0.7693650430921786,1.0670985044077912,0.47010396107985486,1.138237659881732,7.72972972972973,8.176242457702756,0.33440522865574174,0.0,0.0,0.0,0.0,0.0,0,0,0,0,0,0.0,0.3153153153153153,0.18809079123339906,0.13987582148983357,0.9707372560370822,0.5221652657859677,0.0,0.13506493506493505,0.050522247675896595
930,111,100.0,111,0,111,0,0,0.0,1.3646552094096125,1.3472165592078704,0.6895812409296177,1.0679712972738151,0.49238548971426527,1.1595324850840916,7.72972972972973,8.176242457702756,0.32630701053177624,0.0,0.0,0.0,0.0,0.0,0,0,0,0,0,0.0,0.32432432432432434,0.1770269279558739,0.14731141170131526,0.9642502497626968,0.5077297106973336,0.0,0.13506493506493505,0.05048323736893836
931,111,100.0,111,0,111,0,0,0.0,1.3811751939786618,1.363246833600183,0.7570512598568978,1.06982126775972,0.47141817378088485,1.1082565308113128,7.72972972972973,8.176242457702756,0.33120620402039114,0.0,0.0,0.0,0.0,0.0,0,0,0,0,0,0.0,0.3153153153153153,0.18517295765774663,0.14252173832309525,0.9618319832640438,0.5175053283437961,0.0,0.1711038961038961,0.050641466327945375
932,111,100.0,111,0,111,0,0,0.0,1.3854950719711152,1.3671033212935895,0.753690789199794,1.0717722328006325,0.47162932634607263,1.1004650614950897,7.72972972972973,8.176242457702756,0.33432285935555095,0.0,0.0,0.0,0.0,0.0,0,0,0,0,0,0.0,0.3333333333333333,0.186746922416479,0.14916241466250812,0.9595095179793536,0.5227491859443864,0.0,0.1711038961038961,0.05074282353391265
933,111,100.0,111,0,111,0,0,0.0,1.3802191986070902,1.3619623282883464,0.7628817816853092,1.0732274101672616,0.4758988618926904,1.1043192822515306,7.72972972972973,8.176242457702756,0.3373808760868018,0.0,0.0,0.0,0.0,0.0,0,0,0,0,0,0.0,0.35135135135135137,0.19009398371772215,0.14936137386145593,0.9661635857974088,0.5291053897506831,0.0,0.17110389610389606,0.05077593358193513
934,111,100.0,111,0,111,0,0,0.0,1.3895327622649227,1.3715164856739857,0.7888114175789169,1.0751885455623174,0.4681565462820968,1.0894806478771124,7.72972972972973,8.176242457702756,0.34103984666268516,0.0,0.0,0.0,0.0,0.0,0,0,0,0,0,0.0,0.34234234234234234,0.1935807822483797,0.14327013544397801,0.9740802774280751,0.538239134545268,0.0,0.17110389610389606,0.05090267499263608
935,111,100.0,111,0,111,0,0,0.0,1.3922853741158039,1.3736519338440483,0.7866229830599913,1.077129013308504,0.4796759093664077,1.098335009272822,7.72972972972973,8.176242457702756,0.34005582674533574,0.0,0.0,0.0,0.0,0.0,0,0,0,0,0,0.0,0.35135135135135137,0.19246705092170815,0.14732585535569417,0.972212023195964,0.5332991439251427,0.0,0.17110389610389606,0.05099576672576136
936,111,100.0,111,0,111,0,0,0.0,1.4012904447060597,1.3820034790756457,0.811365250658577,1.0794570977766291,0.4757010762354226,1.0849528786430316,7.72972972972973,8.176242457702756,0.340516146889976,0.0,0.0,0.0,0.0,0.0,0,0,0,0,0,0.0,0.32432432432432434,0.19396256328188047,0.14000227038945948,0.972212023195964,0.5353891779289172,0.0,0.17110389610389606,0.05113596699407966
937,111,100.0,111,0,111,0,0,0.0,1.3906437495165733,1.3709646573378613,0.8395422930966451,1.0808727837502163,0.4689385254039573,1.092907980657991,7.72972972972973,8.176242457702756,0.34361874228380307,0.0,0.0,0.0,0.0,0.0,0,0,0,0,0,0.0,0.3333333333333333,0.19969207899784971,0.15285088682093112,0.9654190871200167,0.5344671526206696,0.0,0.17110389610389606,0.051140608476952315
938,111,100.0,111,0,111,0,0,0.0,1.392407906908619,1.372517340497521,0.8125799729387942,1.0822742807179502,0.48400951288839306,1.0846863597451213,7.72972972972973,8.176242457702756,0.34087064663868527,0.0,0.0,0.0,0.0,0.0,0,0,0,0,0,0.0,0.36036036036036034,0.19549425198820075,0.15177254170179796,0.9654190871200167,0.5313256490906813,0.0,0.17110389610389606,0.05120672415897217
939,111,100.0,111,0,110,1,0,0.0,1.3932661904344201,1.3735553613901572,0.790035499651465,1.0836290847795196,0.489014073327192,1.0886729742175785,7.72972972972973,8.176242457702756,0.33908001747840055,0.3287175990938896,0.0009937283091133282,0.0,0.3287175990938896,-0.022395329676691667,0,0,0,1,0,0.0,0.3333333333333333,0.19222288218806532,0.15383312742738287,0.9427429368877824,0.5274135217037349,0.0,0.20714285714285713,0.051266401609051535
940,110,99.09909909909909,111,1,109,1,0,0.009009009009009009,1.3970004662855098,1.37671120517394,0.8882898177418441,1.0850690640515597,0.46170995065924736,1.0835637224615116,7.72972972972973,8.176242457702756,0.34652765055604906,0.24450391572035557,0.0008461457671656868,0.0,0.24450391572035557,-0.01901414546648239,0,1,0,1,0,0.0,0.36036036036036034,0.20517805603028613,0.1438302023543051,0.9631382640157737,0.5380312978064697,0.009009009009009009,0.13506493506493505,0.05134394108661832
941,110,99.09909909909909,111,0,111,0,0,0.0,1.3924095452571912,1.3719213789859661,0.8778834913532899,1.08608848116114,0.4681495778253093,1.1031790563888424,7.72972972972973,8.176242457702756,0.34466431749222237,0.0,0.0,0.0,0.0,0.0,0,0,0,0,0,0.0,0.36036036036036034,0.20334415644167295,0.1517020176164881,0.9515554805223836,0.5327991389627258,0.0,0.17110389610389606,0.05136266148874402
942,110,99.09909909909909,111,0,111,0,0,0.0,1.401126911781047,1.3806255188979204,0.9540084756246338,1.0875938855226324,0.4600460727503501,1.09734359342059,7.72972972972973,8.176242457702756,0.34969598692493276,0.0,0.0,0.0,0.0,0.0,0,0,0,0,0,0.0,0.36036036036036034,0.21168121774624157,0.1484178291473418,0.9489127060287894,0.5417082482577383,0.0,0.1711038961038961,0.05146779107664552
943,110,99.09909909909909,111,0,111,0,0,0.0,1.4037736362615525,1.383167707676645,0.9313305263369162,1.0891424887881853,0.4681064450057239,1.108009420576494,7.72972972972973,8.176242457702756,0.34789730928772533,0.0,0.0,0.0,0.0,0.0,0,0,0,0,0,0.0,0.35135135135135137,0.20866739697844727,0.15660223515292288,0.9481836355957892,0.5368058501378052,0.0,0.1711038961038961,0.05154433347789781
944,110,99.09909909909909,111,0,110,1,0,0.0,1.4024872310741665,1.3819067230840327,0.9361533336515493,1.0904819935699217,0.4642584587669619,1.0984697199281586,7.72972972972973,8.176242457702756,0.34713364107520395,0.360279505699898,0.0010081028933691689,0.0,0.360279505699898,-0.02156635701527926,0,0,0,1,0,0.0,0.3333333333333333,0.2084720700564863,0.14415931993199635,0.9311621773227741,0.5395168645716618,0.0,0.2071428571428571,0.05159266203130452
945,111,100.0,111,0,110,1,0,0.0,1.4150848344100977,1.3941931524792923,0.9565426062176633,1.0925156317983713,0.4628999922108061,1.0951994250795534,7.72972972972973,8.176242457702756,0.34747562505238494,0.33338778403107583,0.0009486108215341943,0.0,0.33338778403107583,-0.020385322436764497,0,0,0,1,0,0.0,0.3333333333333333,0.20937107650372927,0.1435324934279122,0.9351332399096796,0.5415858483807635,0.0,0.15811688311688307,0.05173878764411947
946,111,100.0,111,0,111,0,0,0.0,1.4133285792462167,1.391906727717966,0.9261400973427437,1.0942334399288713,0.49211152063118113,1.1648154963646118,7.72972972972973,8.176242457702756,0.3436267720838342,0.0,0.0,0.0,0.0,0.0,0,0,0,0,0,0.0,0.3153153153153153,0.20516070892412483,0.15527839232083868,0.9311973593130605,0.5320642840540245,0.0,0.1711038961038961,0.05180023244715397
947,110,99.09909909909909,111,1,109,1,0,0.009009009009009009,1.4085899569355012,1.391575200711503,0.9056020443716234,1.0955016566366647,0.5065108851225132,1.2046634902641467,7.72972972972973,8.176242457702756,0.34178581619572657,0.572633219969995,0.001744513600382247,0.5,0.20712075451244022,-0.009584019017732148,0,1,0,1,0,0.0,0.32432432432432434,0.20247025626181805,0.17410479135321774,0.9418318300363415,0.5194924248677714,0.009009009009009009,0.21201298701298701,0.05182838557205952
948,109,98.1981981981982,111,1,104,2,4,0.009009009009009009,1.4059750128578825,1.386480500873442,0.8727172271139341,1.096758238656876,0.5340840404359362,1.2889763976669029,7.72972972972973,8.176242457702756,0.3373310599140147,0.7924331036948893,0.0007471175761190916,1.0,0.20756689630511072,0.021289560246060543,0,5,0,2,0,0.42857142857142855,0.3063063063063063,0.19847252793107983,0.18313592728580955,0.9427992960108581,0.5049909259062774,0.009009009009009009,0.21201298701298701,0.05186668144799762
949,108,97.29729729729729,111,1,108,2,0,0.009009009009009009,1.3915715471108714,1.3697214430771516,0.7753462000203102,1.0968599836155675,0.5617746867779025,1.321621576503121,7.72972972972973,8.176242457702756,0.33166744848696417,0.6374542427587512,0.002744372718009022,1.0,0.3625457572412489,-0.006334612839287786,0,1,0,2,0,0.0,0.3063063063063063,0.18880665232878177,0.20632954930670275,0.9108135890271688,0.4888129075803263,0.009009009009009009,0.24318181818181822,0.05179882357651812
950,107,96.3963963963964,111,1,110,0,0,0.009009009009009009,1.3905358438224087,1.3731911040237785,0.7860754889624549,1.0966930091961422,0.5485118715766502,1.3053994129804083,7.72972972972973,8.176242457702756,0.335308236224634,0.6407650674050208,0.001512882815552897,1.0,0.3592349325949792,0.003927005554056007,0,1,0,0,0,0.0,0.2972972972972973,0.19216381918822603,0.2080131243265669,0.9264389897880193,0.49172528749357086,0.009009009009009009,0.2792207792207792,0.05178681894338853
951,106,95.49549549549549,111,1,109,1,0,0.009009009009009009,1.4030073672308634,1.3806413879095167,0.7918356324967945,1.0976277970424282,0.5597969366098902,1.3466357421252408,7.72972972972973,8.176242457702756,0.33595402163127064,0.5470818411108795,0.001313958799582075,0.5,0.07490195700296838,0.009923464167129858,0,1,0,1,0,0.5,0.27927927927927926,0.19318867791702946,0.22060881638933116,0.9203021732567229,0.4886135705542067,0.009009009009009009,0.27922077922077926,0.05188739182081954
952,107,96.3963963963964,111,0,111,0,0,0.0,1.4033282829016747,1.3811377021117766,0.7825801146460016,1.0982232208326206,0.5629016439420146,1.3433818797772146,7.72972972972973,8.176242457702756,0.33482363488347566,0.0,0.0,0.0,0.0,0.0,0,0,0,0,0,0.0,0.2972972972972973,0.19200998289857846,0.23032248800447946,0.9112884309353679,0.4861265358596953,0.0,0.2792207792207792,0.05191333804554209
953,107,96.3963963963964,111,1,110,0,0,0.009009009009009009,1.4124604443063749,1.3896420665596863,0.8228766652665562,1.099341847058592,0.5629052886037892,1.356036006767882,7.72972972972973,8.176242457702756,0.33550842946051196,0.4974030063978735,0.0021292221456686564,0.0,0.4974030063978735,0.007158161919913586,0,1,0,0,0,0.0,0.27927927927927926,0.1952120505990621,0.2195417654948893,0.9242662311425915,0.49150421591528703,0.009009009009009009,0.2792207792207792,0.05200472964878103
954,108,97.29729729729729,111,0,111,0,0,0.0,1.4201417150148385,1.3975092639802014,0.8247688573667152,1.1008679888375967,0.5532195496256412,1.3293256603432313,7.72972972972973,8.176242457702756,0.33566963474754674,0.0,0.0,0.0,0.0,0.0,0,0,0,0,0,0.0,0.27927927927927926,0.1941245043956531,0.21069389375665412,0.9332904445280481,0.49584574633036976,0.0,0.24318181818181822,0.052105526528373206
955,109,98.1981981981982,111,0,111,0,0,0.0,1.4217154539483519,1.399234387344333,0.8521717604217913,1.102382189779658,0.558522218630852,1.3561455058225698,7.72972972972973,8.176242457702756,0.3374577975253481,0.0,0.0,0.0,0.0,0.0,0,0,0,0,0,0.0,0.2882882882882883,0.19729480310825823,0.2052524167591633,0.9387527830174307,0.5007965051095744,0.0,0.24318181818181817,0.052175297593200644
956,110,99.09909909909909,111,0,111,0,0,0.0,1.4124223544718655,1.3902975406341769,0.8047023191054427,1.1031880273773231,0.5599371087721108,1.3650518348590295,7.72972972972973,8.176242457702756,0.3347886055852103,0.0,0.0,0.0,0.0,0.0,0,0,0,0,0,0.0,0.2882882882882883,0.19257376886318253,0.19797729781448553,0.9401298623055823,0.5001542808878904,0.0,0.24318181818181817,0.052161775713718425
957,110,99.09909909909909,111,0,110,1,0,0.0,1.4195579965681264,1.397056902697711,0.8167691295200095,1.104370107203915,0.5506429955048783,1.3643334284496844,7.72972972972973,8.176242457702756,0.33760401149056474,0.3709928281497986,0.0008976633600516061,0.0,0.3709928281497986,0.005386364069083882,0,0,0,1,0,0.0,0.2882882882882883,0.19502946034936713,0.21519313420669983,0.9392476525777288,0.498058962619097,0.0,0.21201298701298701,0.052245778780532603
958,110,99.09909909909909,111,1,110,0,0,0.009009009009009009,1.4075879695414706,1.3882921991221444,0.7794859111024912,1.1047158262656402,0.5706343478294126,1.3799987096911617,7.72972972972973,8.176242457702756,0.3327970527026036,0.45497855194373876,0.0014141726873645698,0.0,0.45497855194373876,0.0036593660540467088,0,1,0,0,0,0.0,0.3063063063063063,0.1890511483586381,0.2125500150774344,0.9263101134478187,0.4934539262806239,0.009009009009009009,0.22987012987012984,0.0522000620597539
959,110,99.09909909909909,111,0,111,0,0,0.0,1.4180028884883116,1.398646031370172,0.7859131379440693,1.1058769343614376,0.5804450109556217,1.3869645912271884,7.72972972972973,8.176242457702756,0.3325851446285695,0.0,0.0,0.0,0.0,0.0,0,0,0,0,0,0.0,0.2972972972972973,0.18844136183102247,0.21793037322112926,0.9316356776474328,0.4916633145829901,0.0,0.22987012987012984,0.05229960416104232
960,109,98.1981981981982,111,1,110,0,0,0.009009009009009009,1.409212835076299,1.3935149545143755,0.752186902324115,1.1063448718221034,0.6017190921465765,1.4296590857531224,7.72972972972973,8.176242457702756,0.3291604521671332,0.4735995787573559,0.0013781049664288421,0.0,0.4735995787573559,0.002812676113828516,0,1,0,0,0,0.0,0.2972972972972973,0.1846139613617459,0.2334261203869369,0.9350879484777306,0.47822849630349057,0.009009009009009009,0.27922077922077926,0.05227478374464947
961,108,97.29729729729729,111,1,108,2,0,0.009009009009009009,1.395652677721642,1.378458645105079,0.7140999800743273,1.1061961069006823,0.6170697841079074,1.4406543767800628,7.72972972972973,8.176242457702756,0.3279373584408669,0.415178596663942,0.002345383052251226,0.3333333333333333,0.3149812789590693,-0.01603248003488496,0,1,0,2,0,0.0,0.3063063063063063,0.18216824498277678,0.24762505430661727,0.9354591283305913,0.47349359176135297,0.009009009009009009,0.28409090909090906,0.05220090126754248
962,108,97.29729729729729,111,0,110,1,0,0.0,1.3916065939244786,1.374241730138168,0.7057364484147935,1.1056398997916341,0.618240819277244,1.4366415659637617,7.72972972972973,8.176242457702756,0.3291238063198687,0.13021797778425864,0.0020298754162322947,0.0,0.13021797778425864,-0.027515509079910072,0,0,0,1,0,0.0,0.3153153153153153,0.18235238469991835,0.25648465590691377,0.9427703849970483,0.4719726707848497,0.0,0.24805194805194805,0.05215793242765529
963,109,98.1981981981982,111,0,110,1,0,0.0,1.4057207423262703,1.3881869248828322,0.7479261160795005,1.106041323871207,0.6134369109161689,1.4681381493824623,7.72972972972973,8.176242457702756,0.3309036574360067,0.13810029939828358,0.002007167512479216,0.0,0.13810029939828358,-0.028829680069742847,0,0,0,1,0,0.0,0.2972972972972973,0.18616267470406084,0.25925215386443023,0.9331263821835778,0.47084717444795593,0.0,0.28409090909090906,0.052244913872678996
964,109,98.1981981981982,111,0,108,3,0,0.0,1.4065689014968208,1.389317531816752,0.7404590065627616,1.1064838794760794,0.609410970491278,1.4661592041154667,7.72972972972973,8.176242457702756,0.3299985850842029,0.5578529002638125,0.0029268415591147128,0.6666666666666666,0.19712814610499238,-0.01683719820701109,0,0,0,3,0,0.0,0.2882882882882883,0.18489261329125628,0.25773321845786173,0.9162240820875216,0.4717623610998116,0.0,0.24805194805194802,0.05226724687816401
965,109,98.1981981981982,111,1,108,2,0,0.009009009009009009,1.3956235568262916,1.3766885448800275,0.685374694655014,1.1061988234018132,0.6261234859971396,1.5539094278180279,7.72972972972973,8.176242457702756,0.32587935896983367,0.573847963845807,0.003126046572319919,0.6666666666666666,0.17620820349954636,-0.016311440422287122,0,1,0,2,0,0.0,0.3153153153153153,0.17825106750281985,0.2837239494308218,0.9236099438508008,0.4541512467298068,0.009009009009009009,0.24805194805194805,0.05220086671692515
966,110,99.09909909909909,111,0,111,0,0,0.0,1.3882520218006205,1.36995282109897,0.6574720109070111,1.1053618569035784,0.6374748974119424,1.5719421987385764,7.72972972972973,8.176242457702756,0.32043103221277147,0.0,0.0,0.0,0.0,0.0,0,0,0,0,0,0.0,0.3063063063063063,0.17244590655347708,0.28236542342553583,0.941799525935992,0.4487330324170983,0.0,0.24805194805194802,0.05212979283670408
967,110,99.09909909909909,111,0,111,0,0,0.0,1.3769786504990995,1.359137725980192,0.6311977586028856,1.1038859080963748,0.6454389778780326,1.5784964181757077,7.72972972972973,8.176242457702756,0.31702942488288577,0.0,0.0,0.0,0.0,0.0,0,0,0,0,0,0.0,0.2972972972972973,0.16863465475153008,0.27695829824937807,0.9473182216665859,0.4477148631938054,0.0,0.212012987012987,0.05201308740368221
968,110,99.09909909909909,111,0,111,0,0,0.0,1.3825683899827697,1.3646232268553062,0.6299655449790921,1.102889442723455,0.6464512757670131,1.5752992392912846,7.72972972972973,8.176242457702756,0.31645142954411565,0.0,0.0,0.0,0.0,0.0,0,0,0,0,0,0.0,0.3063063063063063,0.16764588825039656,0.2749353669868653,0.9458219270070449,0.44720477641728795,0.0,0.24805194805194802,0.05200029938865207
969,109,98.1981981981982,111,1,110,0,0,0.009009009009009009,1.3729443914567243,1.3540082136069627,0.6074579159555707,1.1013551043400605,0.6553639386097613,1.5466344653974884,7.72972972972973,8.176242457702756,0.3143102727327629,0.5313595818778662,0.001681281134618931,1.0,0.46864041812213375,0.008038023855073684,0,1,0,0,0,0.0,0.3063063063063063,0.16499957007836846,0.2760981379484016,0.9465019309575984,0.4422979505013554,0.009009009009009009,0.2301948051948052,0.051889453782847886
970,110,99.09909909909909,111,0,111,0,0,0.0,1.3786875528029374,1.35991043275113,0.6545174873846036,1.1002573000403937,0.6566475725918807,1.540980021458141,7.72972972972973,8.176242457702756,0.31635758624533805,0.0,0.0,0.0,0.0,0.0,0,0,0,0,0,0.0,0.3153153153153153,0.1699183338079608,0.25953279223959624,0.9417914154006125,0.44693492134786794,0.0,0.2301948051948052,0.05187329001895302
971,110,99.09909909909909,111,0,110,1,0,0.0,1.3966362252684181,1.3776465628779506,0.6703977921712866,1.100409374083405,0.6459638052146658,1.5313644365137635,7.72972972972973,8.176242457702756,0.31737376837349585,0.5139502428287062,0.0015898951677068953,1.0,0.48604975717129384,-0.0005900751748040278,0,0,0,1,0,0.0,0.3063063063063063,0.17044932623151768,0.2577984348187895,0.9376934096844314,0.45012196415313477,0.0,0.23019480519480517,0.051969250352516344
972,109,98.1981981981982,111,1,110,0,0,0.009009009009009009,1.4139359171907018,1.3985324730448399,0.7005635540478248,1.101667719823766,0.6392066064567763,1.5195521585867346,7.72972972972973,8.176242457702756,0.31956673907761446,0.5381543238306623,0.0015665726286674905,1.0,0.4618456761693377,0.0015111571939642188,0,1,0,0,0,0.0,0.3063063063063063,0.1734559889559931,0.26471350436525276,0.9458497238817616,0.45177450700184346,0.009009009009009009,0.21201298701298704,0.05210719151147181
973,109,98.1981981981982,111,0,111,0,0,0.0,1.4064061628448037,1.3913631331230765,0.7070840738061406,1.1026016745577154,0.6301424120194896,1.5036250102693738,7.72972972972973,8.176242457702756,0.3212715886325812,0.0,0.0,0.0,0.0,0.0,0,0,0,0,0,0.0,0.34234234234234234,0.17529268959328034,0.25779601793113094,0.9502885672260174,0.4575493905804733,0.0,0.212012987012987,0.052107723941488764
974,110,99.09909909909909,111,0,111,0,0,0.0,1.4054854851396514,1.3907146043064365,0.6609283027430205,1.1034168466574064,0.627111620154465,1.506655244107735,7.72972972972973,8.176242457702756,0.315331885785072,0.0,0.0,0.0,0.0,0.0,0,0,0,0,0,0.0,0.3153153153153153,0.16785072768288536,0.2733029044804195,0.9249724961296893,0.447090587424909,0.0,0.24805194805194805,0.052136445776622145
975,110,99.09909909909909,111,1,109,1,0,0.009009009009009009,1.4196627845771812,1.4033981175340704,0.6978698276867454,1.1050167953519956,0.6243083010420668,1.5067743303074257,7.72972972972973,8.176242457702756,0.31967716426545456,0.5572951365572592,0.0018098892890936185,1.0,0.4427048634427408,0.008973444596433344,0,1,0,1,0,0.0,0.2882882882882883,0.17390487369823973,0.2853563417568785,0.9082511834352274,0.4429900650525864,0.009009009009009009,0.28409090909090906,0.052272740116044034
976,110,99.09909909909909,111,0,110,1,0,0.0,1.421389416665336,1.4048731105129217,0.6891405447011202,1.106560608356565,0.6203719467910743,1.5112509435303774,7.72972972972973,8.176242457702756,0.3210426325760489,0.6183832969588994,0.0018304699972941268,1.0,0.3816167030411006,0.01173107381119598,0,0,0,1,0,0.0,0.2972972972972973,0.17357437910700416,0.29169600523567646,0.9443445394104086,0.4445224612781034,0.0,0.24805194805194805,0.052344486223658365
977,109,98.1981981981982,111,1,109,1,0,0.009009009009009009,1.412301933225004,1.3943410098695264,0.6769072920658619,1.1073703155057064,0.6391079866330519,1.5441748264685242,7.72972972972973,8.176242457702756,0.3177962762213764,0.6765592207968314,0.002144648850558258,1.0,0.32344077920316866,-0.002295256006445201,0,1,0,1,0,0.0,0.2882882882882883,0.17125651680219786,0.2921085352482429,0.9474185106327864,0.4372512517743681,0.009009009009009009,0.24805194805194805,0.05233215061631229
978,107,96.3963963963964,111,2,109,0,0,0.018018018018018018,1.4128944944772335,1.392918318250735,0.6765255515442445,1.108087091896454,0.6454289991128743,1.5797376332431385,7.72972972972973,8.176242457702756,0.3188523778384942,0.5751595344669516,0.0016036729611681603,0.5,0.4188068199379833,-0.008401299261475592,0,2,0,0,0,0.0,0.3063063063063063,0.17151874529626995,0.2903562316272274,0.9399811549366747,0.4363774174159381,0.018018018018018018,0.26590909090909093,0.05236441611036698
979,107,96.3963963963964,111,0,111,0,0,0.0,1.4147983679600182,1.3951873170316276,0.6549733849676325,1.1087463228441918,0.6357286959534822,1.566306332202187,7.72972972972973,8.176242457702756,0.31705556551672065,0.0,0.0,0.0,0.0,0.0,0,0,0,0,0,0.0,0.2882882882882883,0.16810162297631945,0.2886097808025223,0.9271402217339291,0.4349907604136119,0.0,0.2659090909090909,0.05240088563810254
980,108,97.29729729729729,111,0,111,0,0,0.0,1.416928071213697,1.3972907613876437,0.6416584126264571,1.1094892396396945,0.6424836805311143,1.576550672208103,7.72972972972973,8.176242457702756,0.3130288736383302,0.0,0.0,0.0,0.0,0.0,0,0,0,0,0,0.0,0.2702702702702703,0.16423949470782126,0.2849684119539323,0.9191779255154688,0.4297138431602673,0.0,0.22987012987012986,0.052441905493600574
981,108,97.29729729729729,111,0,111,0,0,0.0,1.421278338223277,1.401825903814817,0.6575531704424907,1.110468057149256,0.6196512337005514,1.5368200075981957,7.72972972972973,8.176242457702756,0.3162938661638306,0.0,0.0,0.0,0.0,0.0,0,0,0,0,0,0.0,0.2882882882882883,0.16708454920598972,0.2743056721688655,0.9253639727924359,0.4382056463512335,0.0,0.22987012987012986,0.05250367207504857
982,109,98.1981981981982,111,0,111,0,0,0.0,1.4237481763356972,1.4041578921685645,0.6790491557076573,1.111519379383528,0.6121449762989415,1.4922979134655303,7.72972972972973,8.176242457702756,0.32006367426934834,0.0,0.0,0.0,0.0,0.0,0,0,0,0,0,0.0,0.2882882882882883,0.17140808289622814,0.27787946646063183,0.9280702132517572,0.443562938558846,0.0,0.19383116883116883,0.05255900059305359
983,110,99.09909909909909,111,1,110,0,0,0.009009009009009009,1.4226311036570873,1.4058481854798197,0.662904354248187,1.1124379698166913,0.6221287301968452,1.5094235763626105,7.72972972972973,8.176242457702756,0.3159278440020399,0.6583841142180856,0.0019143039908925802,1.0,0.3416158857819144,0.007420893871903922,0,1,0,0,0,0.0,0.26126126126126126,0.16720290862610945,0.27396595964795933,0.9183351836097849,0.43589759232648584,0.009009009009009009,0.2068181818181818,0.05259096832016488
984,109,98.1981981981982,111,1,108,2,0,0.009009009009009009,1.4340646201532499,1.4143694792346924,0.6780375206155587,1.114167733994489,0.613161377103284,1.4386394007190064,7.72972972972973,8.176242457702756,0.318595001036843,0.5336146459646658,0.0024607021937287084,0.3333333333333333,0.40426940846588916,-0.008106530242186882,0,1,0,2,0,0.0,0.2702702702702703,0.16958662072285732,0.2767197414272942,0.9133316589352285,0.4370870109643031,0.009009009009009009,0.29707792207792205,0.05271885075920731
985,108,97.29729729729729,111,1,110,0,0,0.009009009009009009,1.4322784788890137,1.411141623791646,0.6808998366038959,1.1154719586670063,0.6194810168921256,1.4391581994487914,7.72972972972973,8.176242457702756,0.3201970780530863,0.5989308015521446,0.0022605238080688197,1.0,0.4010691984478554,0.008079907040113521,0,1,0,0,0,0.0,0.2972972972972973,0.1712610258960504,0.2665328431642527,0.9292302232463294,0.4403503370739632,0.009009009009009009,0.28409090909090906,0.052763238338595225
986,108,97.29729729729729,111,0,111,0,0,0.0,1.431619885721689,1.410623668712984,0.6653436322947346,1.1165370758344781,0.6221358560417515,1.4367782754045915,7.72972972972973,8.176242457702756,0.3193805800825802,0.0,0.0,0.0,0.0,0.0,0,0,0,0,0,0.0,0.27927927927927926,0.16905594807954852,0.25994178974714954,0.9302687901453978,0.4419294745592748,0.0,0.3201298701298701,0.05280348865379416
987,108,97.29729729729729,111,0,111,0,0,0.0,1.4329461252748656,1.4114591206124776,0.6682443742544576,1.1175697532982154,0.6233586612076438,1.4337136959294945,7.72972972972973,8.176242457702756,0.3201627851139697,0.0,0.0,0.0,0.0,0.0,0,0,0,0,0,0.0,0.27927927927927926,0.1702135197860469,0.26051060228988904,0.9263913029007573,0.44045709099509806,0.0,0.3201298701298701,0.052852336958180646
988,109,98.1981981981982,111,0,111,0,0,0.0,1.4487372757958206,1.4267289398465226,0.7257176459117034,1.1195167945034534,0.6070984377449627,1.4497885289495485,7.72972972972973,8.176242457702756,0.32646075978325295,0.0,0.0,0.0,0.0,0.0,0,0,0,0,0,0.0,0.2882882882882883,0.17770998206814761,0.25123077565052976,0.9239858903193929,0.4521693703187989,0.0,0.32012987012987015,0.053010890115631246
989,110,99.09909909909909,111,0,111,0,0,0.0,1.4473783802591393,1.4253820693282286,0.7568317511049489,1.1212165421796667,0.5895658864592513,1.3981030616299281,7.72972972972973,8.176242457702756,0.3295242493475312,0.0,0.0,0.0,0.0,0.0,0,0,0,0,0,0.0,0.3063063063063063,0.18254123460531632,0.2462751893897978,0.9168377888913233,0.45866128992526095,0.0,0.32012987012987015,0.053073583383536016
990,111,100.0,111,0,111,0,0,0.0,1.4441816535171195,1.4221696650857714,0.7321004196627373,1.1225671911970356,0.6025861153781115,1.414454062760954,7.72972972972973,8.176242457702756,0.32698003778442053,0.0,0.0,0.0,0.0,0.0,0,0,0,0,0,0.0,0.2972972972972973,0.17926061086662082,0.2545564828682774,0.9345419627410391,0.4543330735478807,0.0,0.28409090909090906,0.053112815919032254
991,110,99.09909909909909,111,1,110,0,0,0.009009009009009009,1.4435461239554341,1.4248093197120069,0.7268218955049078,1.1238061512246538,0.6029403903959324,1.453133712275748,7.72972972972973,8.176242457702756,0.32657943037664405,0.5595260037895183,0.0013777082761077266,1.0,0.44047399621048167,0.006259148721231789,0,1,0,0,0,0.0,0.27927927927927926,0.17842196277830108,0.2555778392482559,0.9213338508667768,0.45079941309783356,0.009009009009009009,0.32012987012987015,0.053160288459129866
992,110,99.09909909909909,111,0,111,0,0,0.0,1.4535455003079343,1.4354792295919259,0.7225934395053077,1.125815645339068,0.6069151573316417,1.4590362675802793,7.72972972972973,8.176242457702756,0.324939307908368,0.0,0.0,0.0,0.0,0.0,0,0,0,0,0,0.0,0.2972972972972973,0.17590376551297557,0.25491079792267185,0.9415187514191745,0.45288275714906123,0.0,0.28409090909090906,0.05329243589637625
993,110,99.09909909909909,111,0,111,0,0,0.0,1.478527956863021,1.460025956733997,0.7989867167459964,1.1292664382837676,0.590645991861591,1.3918165653463903,7.72972972972973,8.176242457702756,0.3305363966549526,0.0,0.0,0.0,0.0,0.0,0,0,0,0,0,0.0,0.2702702702702703,0.18373021400891795,0.24000083101136765,0.9274565621208565,0.46421142457229303,0.0,0.32012987012987015,0.05355842077808766
994,110,99.09909909909909,111,0,111,0,0,0.0,1.4820309187523888,1.4635454278664433,0.8126411591160576,1.1326652944250095,0.5796971827895497,1.3115945615000641,7.72972972972973,8.176242457702756,0.33128025291387253,0.0,0.0,0.0,0.0,0.0,0,0,0,0,0,0.0,0.2972972972972973,0.18516671160023154,0.2418868639432297,0.9377756854571502,0.4661743966556782,0.0,0.28409090909090906,0.053714884946982726
995,109,98.1981981981982,111,1,109,1,0,0.009009009009009009,1.4877017801169328,1.4662212515773776,0.8339036499186769,1.1361250755624956,0.5809261849213332,1.3046977024843067,7.72972972972973,8.176242457702756,0.33400804667691686,0.5442355842406622,0.0017694272598111497,0.5,0.14435569103189105,0.00786695976939053,0,1,0,1,0,0.0,0.3063063063063063,0.18845697068184353,0.24869593313601665,0.9278397153897572,0.46730987957165726,0.009009009009009009,0.32012987012987015,0.05388467930095881
996,110,99.09909909909909,111,0,110,1,0,0.0,1.4972802225121715,1.475595078814716,0.8797839992732224,1.1397513198320042,0.5710034437254651,1.304002171443121,7.72972972972973,8.176242457702756,0.3381421933827853,0.20042066093660504,0.00043574026771673653,0.0,0.20042066093660504,0.008443500507012092,0,0,0,1,0,0.0,0.3063063063063063,0.19363242470078676,0.2394057321720919,0.9317124528390669,0.4758530648793572,0.0,0.3201298701298701,0.05408081677472679
997,109,98.1981981981982,111,1,109,1,0,0.009009009009009009,1.496525000722362,1.4749242876249204,0.8872432701998663,1.1430495893518402,0.5717439314619018,1.3338828368336728,7.72972972972973,8.176242457702756,0.3406707901023973,0.3261144823614791,0.0005504279937724675,0.0,0.3261144823614791,-0.00509206459461789,0,1,0,1,0,0.0,0.32432432432432434,0.19570007377935594,0.23329654178125264,0.9205141893667712,0.4778086220028795,0.009009009009009009,0.32012987012987015,0.054211877922202896
998,109,98.1981981981982,111,0,111,0,0,0.0,1.4955761333944437,1.4744745443582925,0.890233898412088,1.1460363744937316,0.5692623942048474,1.332330384181956,7.72972972972973,8.176242457702756,0.3393862397701173,0.0,0.0,0.0,0.0,0.0,0,0,0,0,0,0.0,0.3063063063063063,0.19464495222524583,0.21536162800799144,0.9279061207924333,0.4814378172297569,0.0,0.32012987012987015,0.05432923698300914
999,109,98.1981981981982,111,0,111,0,0,0.0,1.4824015989690356,1.461579746175406,0.8574820140997952,1.1479355048696396,0.5785640277606049,1.334047182753329,7.72972972972973,8.176242457702756,0.3372891759304304,0.0,0.0,0.0,0.0,0.0,0,0,0,0,0,0.0,0.2972972972972973,0.19164332936312722,0.2167370148270114,0.9376013357478674,0.4802950988144222,0.0,0.28409090909090906,0.054341003062943156
1000,110,99.09909909909909,111,0,111,0,0,0.0,1.4872038529358633,1.4661790037770372,0.8645659199783092,1.1499801949036372,0.5661256940791497,1.3469679416838276,7.72972972972973,8.176242457702756,0.33901360374596123,0.0,0.0,0.0,0.0,0.0,0,0,0,0,0,0.0,0.26126126126126126,0.19312753745198266,0.2196888670200278,0.9357327593451432,0.4840504973141122,0.0,0.28409090909090906,0.054448603740121365
1001,110,99.09909909909909,111,0,111,0,0,0.0,1.480887918273973,1.459757340058498,0.8166984181488594,1.1514376654865892,0.5747022783533349,1.3615813497939868,7.72972972972973,8.176242457702756,0.33469498064918457,0.0,0.0,0.0,0.0,0.0,0,0,0,0,0,0.0,0.3063063063063063,0.18714021314166535,0.23419914339239037,0.9357327593451432,0.4716210120309118,0.0,0.28409090909090906,0.05447660723111784
1002,111,100.0,111,0,111,0,0,0.0,1.4905200584886695,1.4697544888602503,0.8413939039978112,1.1534298826408405,0.5708030755429572,1.3718241405608878,7.72972972972973,8.176242457702756,0.33595065360785514,0.0,0.0,0.0,0.0,0.0,0,0,0,0,0,0.0,0.2972972972972973,0.18908094223626432,0.23804965192947333,0.9321668075696949,0.47538351407734225,0.0,0.32012987012987015,0.05460621218459909
1003,111,100.0,111,0,111,0,0,0.0,1.4709481519892849,1.4502548245873468,0.7835550309174155,1.1539837394267636,0.5895484736351627,1.3511042156616524,7.72972972972973,8.176242457702756,0.32964733985240247,0.0,0.0,0.0,0.0,0.0,0,0,0,0,0,0.0,0.27927927927927926,0.182266949874172,0.24331950094926805,0.9262991426780978,0.46633917817303766,0.0,0.32012987012987015,0.05453099498894492
1004,111,100.0,111,0,111,0,0,0.0,1.4746422586735946,1.4539670033889756,0.7661673439322564,1.154735124930429,0.5913277803424937,1.4188103306807505,7.72972972972973,8.176242457702756,0.32965250600077667,0.0,0.0,0.0,0.0,0.0,0,0,0,0,0,0.0,0.2972972972972973,0.18049397587772772,0.24923604222497958,0.9240147823205289,0.4660923431103675,0.0,0.32012987012987015,0.054580183072652326
1005,111,100.0,111,0,110,1,0,0.0,1.4713166407129374,1.4512230549233736,0.7730335005347008,1.1552455938299526,0.5897588615983984,1.4012743673564854,7.72972972972973,8.176242457702756,0.3289317757567156,0.05014770670336613,0.001492308745730214,0.0,0.05014770670336613,-0.030398716304204765,0,0,0,1,0,0.0,0.3063063063063063,0.18054453399604856,0.23242511976112404,0.9355834650301018,0.46897389706937403,0.0,0.28409090909090906,0.05458442357029715
1006,111,100.0,111,0,110,1,0,0.0,1.476869070117487,1.4565479177042344,0.8088735289222926,1.1560626245077834,0.5796725377645938,1.365896080757461,7.72972972972973,8.176242457702756,0.33410056968798685,0.05352324536429684,0.001528156187133596,0.0,0.05352324536429684,-0.03200297626653459,0,0,0,1,0,0.0,0.3153153153153153,0.18635858675429287,0.2329207754282625,0.9164478356381924,0.47659077257934307,0.0,0.32012987012987015,0.054645586921906526
1007,111,100.0,111,0,110,1,0,0.0,1.4605767259664268,1.4403022641939323,0.7842825258003894,1.1557502255605678,0.5814460037186284,1.3211943671167037,7.72972972972973,8.176242457702756,0.3335176518281573,0.05008934277144121,0.0015674536952469818,0.0,0.05008934277144121,-0.031134732100072005,0,0,0,1,0,0.0,0.32432432432432434,0.18545240281462302,0.2326663665395782,0.9249677795035228,0.47514959905999243,0.0,0.32012987012987015,0.054551353953471396
1008,111,100.0,111,0,111,0,0,0.0,1.4693254564918294,1.4485924956492529,0.8429131919989811,1.1560056326479857,0.5621524848212244,1.2946644645650278,7.72972972972973,8.176242457702756,0.3387445126212747,0.0,0.0,0.0,0.0,0.0,0,0,0,0,0,0.0,0.3333333333333333,0.19324245656486405,0.22663987775442124,0.9279141075167491,0.48478808611984825,0.0,0.32012987012987015,0.05460553895745913
1009,111,100.0,111,0,110,1,0,0.0,1.4767542885871023,1.4554678120032862,0.8261073584753421,1.1566898710605533,0.5718061573424366,1.3109693117016785,7.72972972972973,8.176242457702756,0.33609986456067387,0.6313833227730135,0.002475007548858081,1.0,0.36861667722698654,-0.00484831257822993,0,0,0,1,0,0.0,0.3153153153153153,0.18907877705660825,0.23662629119602022,0.9355020446660958,0.4770636867740156,0.0,0.28409090909090906,0.05467065561373563
1010,111,100.0,111,0,110,1,0,0.0,1.4949830597129845,1.473361947028186,0.879042255020094,1.158488618773797,0.5565219813509729,1.2820766469163416,7.72972972972973,8.176242457702756,0.34044188349438276,0.17124860287796484,0.0011959944490330678,0.0,0.17124860287796484,-0.026622171382447823,0,0,0,1,0,0.0,0.32432432432432434,0.1950694118924501,0.23058147787922362,0.9356063154840277,0.48458269492120165,0.0,0.24805194805194805,0.054835334456483635
1011,110,99.09909909909909,111,1,110,0,0,0.009009009009009009,1.5044293477535853,1.4805995083399175,0.9301703888390883,1.1607026366960753,0.550353915179365,1.290067561542145,7.72972972972973,8.176242457702756,0.3446742201539299,0.6154305880513141,0.0023729259296382506,1.0,0.3845694119486859,-0.002684179245887486,0,1,0,0,0,0.0,0.34234234234234234,0.2012791247682453,0.22547528025502617,0.9393315462799045,0.48603173636358377,0.009009009009009009,0.28409090909090906,0.05497307763337787
1012,110,99.09909909909909,111,0,111,0,0,0.0,1.5075327832810035,1.4832313089282951,0.9127439841669257,1.1628188453280839,0.5517461387802628,1.3042902668289054,7.72972972972973,8.176242457702756,0.3441195900391254,0.0,0.0,0.0,0.0,0.0,0,0,0,0,0,0.0,0.3153153153153153,0.19924444437584668,0.2410223766997652,0.9289126829598757,0.48085169205919404,0.0,0.32012987012987015,0.055075107985346886
1013,110,99.09909909909909,111,0,111,0,0,0.0,1.5136321887717372,1.489733174092406,0.890527057648921,1.165187314219501,0.5497078533236902,1.3100878722740008,7.72972972972973,8.176242457702756,0.3416320010979632,0.0,0.0,0.0,0.0,0.0,0,0,0,0,0,0.0,0.32432432432432434,0.19513726986238214,0.24107515564565107,0.9367219326902558,0.4805050048616408,0.0,0.32012987012987015,0.055202430892349316
1014,110,99.09909909909909,111,0,110,1,0,0.0,1.5311091824776661,1.5066794052527188,0.9398560622744091,1.1684705833095088,0.5310121181098215,1.2973522328593958,7.72972972972973,8.176242457702756,0.34614835400294663,0.6542329667980211,0.0018130725341322445,1.0,0.3457670332019789,0.013245353399074289,0,0,0,1,0,0.0,0.3063063063063063,0.20099539592921217,0.24502154173807936,0.9287615441067657,0.48466946667198463,0.0,0.28409090909090906,0.05542403988154789
1015,109,98.1981981981982,111,1,109,0,1,0.009009009009009009,1.5343953616159567,1.512408730010244,0.9644171175755175,1.1716714330945257,0.5285195463289393,1.3027540436455765,7.72972972972973,8.176242457702756,0.34767295401638476,0.742429100612733,0.001916462207556677,1.0,0.257570899387267,0.01278217040860391,0,2,0,0,0,0.0,0.2972972972972973,0.20334763641185616,0.2459336381565763,0.9281590070637536,0.4831441207245682,0.009009009009009009,0.29707792207792205,0.05557132539680426
1016,108,97.29729729729729,111,2,106,2,1,0.018018018018018018,1.555586706266757,1.5304882457737505,1.0628967556599447,1.1761343764052832,0.5429128042627683,1.2810914170326941,7.72972972972973,8.176242457702756,0.3544594867453532,0.6876858608813277,0.001572164500884338,0.8,0.3103861007014023,0.005993749174296914,0,3,0,2,0,0.0,0.2882882882882883,0.21314117541594416,0.23878919806587168,0.9083802801818218,0.493938114920979,0.018018018018018018,0.35129870129870133,0.05585973265297694
1017,107,96.3963963963964,111,1,109,1,0,0.009009009009009009,1.572529769513838,1.5513041376932837,1.0986875011586454,1.181208519564821,0.5479446837388849,1.3291778728630732,7.72972972972973,8.176242457702756,0.3529391867695937,0.5750927484698535,0.0020150057510987217,1.0,0.4249072515301465,-0.003793452059992153,0,1,0,1,0,0.0,0.2972972972972973,0.2125098078705496,0.2176951389915232,0.9212178403619236,0.4976005407032808,0.009009009009009009,0.33311688311688314,0.05615188509289972
1018,107,96.3963963963964,111,0,110,1,0,0.0,1.5641434961247884,1.5435706952799753,1.0593269618492172,1.1855949131158712,0.5617004116507173,1.3387455017583627,7.72972972972973,8.176242457702756,0.34951601195710724,0.46623422476347554,0.0022678395677363625,0.0,0.46623422476347554,-0.008114259762251774,0,0,0,1,0,0.0,0.27927927927927926,0.20753433598360846,0.20606211247410708,0.9265314556626221,0.49947049897740414,0.0,0.33311688311688314,0.056289274811895926
1019,106,95.49549549549549,111,1,110,0,0,0.009009009009009009,1.5749657601396951,1.5532954687500022,1.1370281701627987,1.1903350530285728,0.5488653460283012,1.3253069716733124,7.72972972972973,8.176242457702756,0.3540334737798274,0.5085204419605425,0.0022783093888757737,1.0,0.49147955803945753,-0.0026412579717954854,0,1,0,0,0,0.0,0.3153153153153153,0.21551119512415237,0.20116194821482863,0.9329613687030714,0.5104607398368768,0.009009009009009009,0.29707792207792205,0.05653716879801887
1020,107,96.3963963963964,111,0,111,0,0,0.0,1.5983930448130723,1.5762386256841645,1.169789292055092,1.1961120464322512,0.5392574157845726,1.3050462135806131,7.72972972972973,8.176242457702756,0.3552720152454161,0.0,0.0,0.0,0.0,0.0,0,0,0,0,0,0.0,0.2972972972972973,0.216930021531328,0.20864065665414688,0.9331159478433044,0.5092615311213927,0.0,0.30194805194805197,0.056890475715110876
1021,109,98.1981981981982,111,0,111,0,0,0.0,1.6051202340161208,1.5823762849668228,1.1749892090130554,1.2018181627718219,0.5387944788998932,1.3076919500263449,7.72972972972973,8.176242457702756,0.355545292096237,0.0,0.0,0.0,0.0,0.0,0,0,0,0,0,0.0,0.2882882882882883,0.21699805729011248,0.21396501067120802,0.9375993505334141,0.5087785037077013,0.0,0.30194805194805197,0.057157384614547065
1022,110,99.09909909909909,111,0,111,0,0,0.0,1.6245147942943359,1.6005252226037299,1.251723653328116,1.208244854120303,0.5255714494132633,1.2668192558672136,7.72972972972973,8.176242457702756,0.3616254922455433,0.0,0.0,0.0,0.0,0.0,0,0,0,0,0,0.0,0.2972972972972973,0.2244076467759631,0.2088871368716587,0.9319545888773286,0.5186364374425748,0.0,0.30194805194805197,0.05751708834926816
1023,109,98.1981981981982,111,1,109,1,0,0.009009009009009009,1.640564642272942,1.6137000717125856,1.2885075606686252,1.215155286974192,0.534678984021445,1.2914322278829782,7.72972972972973,8.176242457702756,0.36317142720039963,0.6741830533994373,0.002490616902811142,1.0,0.32581694660056265,0.010020291587185426,0,1,0,1,0,0.0,0.2882882882882883,0.22664699224745,0.20759074607185654,0.9337562351297368,0.5210757258060041,0.009009009009009009,0.30194805194805197,0.05787984446166654
1024,109,98.1981981981982,111,1,110,0,0,0.009009009009009009,1.630353956911819,1.60465031984803,1.2958568893083635,1.2206995936688358,0.5402201051485039,1.2872202184484234,7.72972972972973,8.176242457702756,0.3642911081779965,0.5568163489133935,0.0016936399545364556,1.0,0.4431836510866065,0.010478197528359434,0,1,0,0,0,0.0,0.2972972972972973,0.22855406657849314,0.20659208674024201,0.9236115377801377,0.5237636191137639,0.009009009009009009,0.33311688311688314,0.05805544901383729
1025,109,98.1981981981982,111,0,111,0,0,0.0,1.633986020974566,1.608361283056122,1.2913961103159266,1.2260950496890695,0.5393261969269051,1.2839552110419534,7.72972972972973,8.176242457702756,0.3639814838581892,0.0,0.0,0.0,0.0,0.0,0,0,0,0,0,0.0,0.27927927927927926,0.22732126260231808,0.20325728286840614,0.9255191933628371,0.5247820238395824,0.0,0.33311688311688314,0.05829418211710753
1026,108,97.29729729729729,111,1,110,0,0,0.009009009009009009,1.6414045286001688,1.614708110091204,1.3130468903746038,1.231503259184308,0.5542193283430397,1.3061149721456515,7.72972972972973,8.176242457702756,0.3639535473653712,0.7786302121667716,0.0014424319338835192,1.0,0.22136978783322836,0.02303062809147477,0,1,0,0,0,0.0,0.2972972972972973,0.2269787473641064,0.19330190487404686,0.9342336427193749,0.5278223258450272,0.009009009009009009,0.28409090909090906,0.05855236881571116
1027,108,97.29729729729729,111,0,111,0,0,0.0,1.6409249336027458,1.6139652935750464,1.3159257663393429,1.2363819393075832,0.5507019490393327,1.2972740157380136,7.72972972972973,8.176242457702756,0.3658022223834143,0.0,0.0,0.0,0.0,0.0,0,0,0,0,0,0.0,0.32432432432432434,0.22890990549247792,0.1954761300410062,0.9192859941271827,0.5293727423038875,0.0,0.32012987012987015,0.0587494171985314
1028,109,98.1981981981982,111,0,111,0,0,0.0,1.632025202267365,1.6051197528770371,1.3729972493197837,1.2402831404319126,0.549079455052178,1.3027760736269514,7.72972972972973,8.176242457702756,0.36874912677647154,0.0,0.0,0.0,0.0,0.0,0,0,0,0,0,0.0,0.34234234234234234,0.23597608997542435,0.19203080710988357,0.9290831199528071,0.5319265214418525,0.0,0.32012987012987015,0.05886440437319839
1029,110,99.09909909909909,111,0,110,1,0,0.0,1.6538399274130395,1.626665558516619,1.4228686952874552,1.2452746797404002,0.5301939872639033,1.3068158591021342,7.72972972972973,8.176242457702756,0.37143778893886203,0.29120831762099764,0.001029980226602537,0.0,0.29120831762099764,-0.005508716351359355,0,0,0,1,0,0.0,0.3063063063063063,0.23875834261560125,0.19039686222290875,0.9181083796550357,0.5365149827111302,0.0,0.3331168831168831,0.05917753817704351
1030,110,99.09909909909909,111,0,111,0,0,0.0,1.6478833522913605,1.6208054467138149,1.3991902198958892,1.2494747891332225,0.5305519800237883,1.318290951133939,7.72972972972973,8.176242457702756,0.3693207430953991,0.0,0.0,0.0,0.0,0.0,0,0,0,0,0,0.0,0.3333333333333333,0.23700071662227282,0.1901266703095597,0.9156332368405704,0.5324974825863116,0.0,0.32012987012987015,0.05931946086515806
1031,111,100.0,111,0,111,0,0,0.0,1.6563991484747138,1.629387581671045,1.3958755204120028,1.2538928443283195,0.5463069009175567,1.3373538011767128,7.72972972972973,8.176242457702756,0.3670461639808673,0.0,0.0,0.0,0.0,0.0,0,0,0,0,0,0.0,0.3153153153153153,0.2338396315767107,0.19179269794833195,0.9205735512042574,0.5288471543361841,0.0,0.32012987012987015,0.059542655298407965
1032,111,100.0,111,0,111,0,0,0.0,1.6507979017686307,1.6241579301333138,1.410328482628633,1.2576075974272156,0.5700962845015175,1.3638588796590663,7.72972972972973,8.176242457702756,0.36708279410349576,0.0,0.0,0.0,0.0,0.0,0,0,0,0,0,0.0,0.34234234234234234,0.23471000510826706,0.19416471304414468,0.9310627750150728,0.5277094909969321,0.0,0.29707792207792205,0.05966651267491293
1033,110,99.09909909909909,111,1,110,0,0,0.009009009009009009,1.642322254442117,1.6227290465361919,1.4955319471396245,1.2604650010605345,0.5751164126990952,1.3675510027837676,7.72972972972973,8.176242457702756,0.37258938216402604,0.8589832433497646,0.0013667685676771232,1.0,0.1410167566502354,0.026807790654679975,0,1,0,0,0,0.0,0.36036036036036034,0.24526183568719143,0.1959459626617506,0.9337398967179551,0.5308976722418274,0.009009009009009009,0.29707792207792205,0.05974094856280804
1034,108,97.29729729729729,111,2,104,2,3,0.018018018018018018,1.6491658623535337,1.6343521072532785,1.563934176094039,1.2640119342317027,0.6025960023021408,1.436879964193816,7.72972972972973,8.176242457702756,0.37032551554873794,0.8878216646298783,0.0010763411823897788,1.0,0.11217833537012169,0.01440722322589553,0,5,0,2,0,0.2857142857142857,0.3333333333333333,0.2463099144670363,0.2090786245062871,0.9313423131242553,0.5154005128535287,0.018018018018018018,0.24285714285714288,0.05992016953030883
1035,106,95.49549549549549,111,2,104,2,3,0.018018018018018018,1.6594002291441818,1.6368934533123767,1.4972264683282268,1.2682169176063003,0.6281948344271523,1.4705311612577412,7.72972972972973,8.176242457702756,0.36949561435882883,0.8270635939455345,0.001616193252058511,1.0,0.17293640605446545,0.0060702847240557255,0,5,0,2,0,0.2857142857142857,0.3153153153153153,0.2426643330098001,0.269155834095477,0.9221962659636673,0.5004950977288493,0.018018018018018018,0.24805194805194808,0.06014324618226867
1036,105,94.5945945945946,111,1,110,0,0,0.009009009009009009,1.6581272774606666,1.6414682829210803,1.5064783991880875,1.2715164630718052,0.6525807153997399,1.5031655123006493,7.72972972972973,8.176242457702756,0.36730899785957494,0.8574313914042225,0.0034058880401063446,1.0,0.14256860859577747,-0.005638368714927844,0,1,0,0,0,0.0,0.2972972972972973,0.2413647757520684,0.2750600973082577,0.9065515973898219,0.4887509079398522,0.009009009009009009,0.31493506493506496,0.060271770842481996
1037,104,93.69369369369369,111,1,106,1,3,0.009009009009009009,1.6607004134458685,1.6429320332884878,1.5789829366382093,1.275069018255016,0.6687237076850056,1.571565989133931,7.72972972972973,8.176242457702756,0.37027149243010093,0.8702193092763253,0.0013690004115185972,1.0,0.12978069072367462,0.014811039444268637,0,4,0,1,0,0.2,0.3063063063063063,0.24749770112516892,0.26661417768767337,0.9274782801866376,0.49105157046399583,0.009009009009009009,0.278896103896104,0.060429869285019505
1038,105,94.5945945945946,111,0,111,0,0,0.0,1.6718888879144094,1.6540766051317655,1.6243477278982048,1.279009334756805,0.6751936958351715,1.5928290841328114,7.72972972972973,8.176242457702756,0.36965025558335585,0.0,0.0,0.0,0.0,0.0,0,0,0,0,0,0.0,0.3063063063063063,0.2481847717413944,0.2623083764707966,0.9364516802578196,0.49304647783271977,0.0,0.24805194805194808,0.06064689657275578
1039,106,95.49549549549549,111,1,110,0,0,0.009009009009009009,1.6600446603084724,1.6385065355615858,1.5701027359209048,1.2818546251071254,0.7020098046445444,1.6251542401848915,7.72972972972973,8.176242457702756,0.3670468308743444,0.948823361677279,0.003940808225493627,1.0,0.05117663832272101,0.023028716773325075,0,1,0,0,0,0.0,0.3153153153153153,0.244410719951977,0.26655694038257427,0.9320370249692905,0.48597634218468944,0.009009009009009009,0.28409090909090906,0.060703994353560005
1040,108,97.29729729729729,111,0,111,0,0,0.0,1.6658075103552183,1.6447769175203155,1.5652781230070563,1.2846318419349232,0.7135346785786619,1.6370547083823732,7.72972972972973,8.176242457702756,0.3635081637679505,0.0,0.0,0.0,0.0,0.0,0,0,0,0,0,0.0,0.2882882882882883,0.23974751618458576,0.25716853638381776,0.9281875838865561,0.4850307936922859,0.0,0.28409090909090906,0.060846344594502166
1041,109,98.1981981981982,111,0,111,0,0,0.0,1.6586612645545402,1.637974922235939,1.5571869081354157,1.2867370686801736,0.7159260918939709,1.6268346364978226,7.72972972972973,8.176242457702756,0.36261164961014236,0.0,0.0,0.0,0.0,0.0,0,0,0,0,0,0.0,0.3063063063063063,0.23913665686135452,0.2606044756575786,0.9208390710535819,0.4794581546381051,0.0,0.32012987012987015,0.06089667758698682
1042,110,99.09909909909909,111,0,111,0,0,0.0,1.6643688745066652,1.6433189143824034,1.525679551113725,1.2890197171863007,0.7150596948578165,1.6119950201164281,7.72972972972973,8.176242457702756,0.36450759969879876,0.0,0.0,0.0,0.0,0.0,0,0,0,0,0,0.0,0.2972972972972973,0.23853630477444113,0.26912640707896995,0.9278425517223986,0.4811360291754541,0.0,0.28409090909090906,0.061018533074906484
1043,110,99.09909909909909,111,0,111,0,0,0.0,1.6933852965608975,1.6714293422467268,1.6865995975247419,1.2929544322065774,0.7019332580907297,1.599085013237238,7.72972972972973,8.176242457702756,0.37128495836529085,0.0,0.0,0.0,0.0,0.0,0,0,0,0,0,0.0,0.2972972972972973,0.24935102848891147,0.26420008315413424,0.9226730245161796,0.49094233761323325,0.0,0.28409090909090906,0.06132447110521638
1044,111,100.0,111,0,111,0,0,0.0,1.7149610864131777,1.6926673732677417,1.8741452027156633,1.2979566137143927,0.6883759702674347,1.5920189848536337,7.72972972972973,8.176242457702756,0.3777487175443113,0.0,0.0,0.0,0.0,0.0,0,0,0,0,0,0.0,0.2972972972972973,0.2606263956726768,0.2505059431769965,0.9214802780891033,0.503849868702551,0.0,0.31493506493506485,0.061636845298604456
1045,111,100.0,111,0,111,0,0,0.0,1.7092912047945052,1.6871751644087205,1.8391074031880998,1.3021905596838774,0.6880604770016081,1.5829413977226656,7.72972972972973,8.176242457702756,0.3779365182893246,0.0,0.0,0.0,0.0,0.0,0,0,0,0,0,0.0,0.3153153153153153,0.25998556912526255,0.25418350357594943,0.9259463043886091,0.5049054562856657,0.0,0.31493506493506485,0.0617815847345077
1046,111,100.0,111,0,111,0,0,0.0,1.7159823036006467,1.6941775720792513,1.9618544980486075,1.3065363550285842,0.6929479751487729,1.5963014322216125,7.72972972972973,8.176242457702756,0.3784943064669217,0.0,0.0,0.0,0.0,0.0,0,0,0,0,0,0.0,0.3153153153153153,0.26467402227463827,0.2353388385520988,0.9221653398778551,0.5125006235119854,0.0,0.31493506493506485,0.0619927016105878
1047,111,100.0,111,0,111,0,0,0.0,1.7108103066953384,1.6889494963873097,1.860746167900988,1.310184859493636,0.710715471962006,1.6074573444084959,7.72972972972973,8.176242457702756,0.37560969689352075,0.0,0.0,0.0,0.0,0.0,0,0,0,0,0,0.0,0.3153153153153153,0.258060191823463,0.25859681607792234,0.9298245246627906,0.49858816336668804,0.0,0.24805194805194808,0.06211599691163263
1048,111,100.0,111,0,111,0,0,0.0,1.728595145707253,1.706422044377003,1.8334037376853773,1.314677931697286,0.7096764329384116,1.5996558475845113,7.72972972972973,8.176242457702756,0.3765719700733048,0.0,0.0,0.0,0.0,0.0,0,0,0,0,0,0.0,0.32432432432432434,0.25647324963719165,0.2707332711125375,0.9419773660370278,0.49745920373049846,0.0,0.28409090909090906,0.06238860334527724
1049,111,100.0,111,0,111,0,0,0.0,1.7002337903622553,1.6786844535493906,1.6985550283440192,1.3169893252813722,0.7418063087695976,1.627349035740622,7.72972972972973,8.176242457702756,0.3702683833529339,0.0,0.0,0.0,0.0,0.0,0,0,0,0,0,0.0,0.2972972972972973,0.24722331391894162,0.2739773233820189,0.9316100807233618,0.48702018837300426,0.0,0.28409090909090906,0.06234128914034559
1050,111,100.0,111,0,111,0,0,0.0,1.6866690024446642,1.6659259230272934,1.6155263963250117,1.3182771990102509,0.7551097257363164,1.6449555525094564,7.72972972972973,8.176242457702756,0.363832065296279,0.0,0.0,0.0,0.0,0.0,0,0,0,0,0,0.0,0.2702702702702703,0.2393583632487639,0.2779639659659206,0.9134681152710036,0.48076869184168763,0.0,0.3201298701298701,0.06232611504006872
1051,111,100.0,111,0,111,0,0,0.0,1.6898537570878018,1.6692994858015375,1.679337676072288,1.3196804375980158,0.7463479908174943,1.6252335898612327,7.72972972972973,8.176242457702756,0.36567501241394873,0.0,0.0,0.0,0.0,0.0,0,0,0,0,0,0.0,0.23423423423423423,0.24324621672348587,0.2663245001344887,0.9242676481521657,0.4860424279493627,0.0,0.24805194805194805,0.062399404907882254
1052,111,100.0,111,0,111,0,0,0.0,1.7113658589892808,1.6907949043224262,1.8215743388529253,1.3223749580250368,0.7106363138985751,1.5883559159496214,7.72972972972973,8.176242457702756,0.3714610627278032,0.0,0.0,0.0,0.0,0.0,0,0,0,0,0,0.0,0.2702702702702703,0.25289422202250633,0.2606757158986364,0.9398758860616311,0.500004623440049,0.0,0.24805194805194808,0.06261712067898244
1053,111,100.0,111,0,111,0,0,0.0,1.714549066305314,1.6937138366903224,1.7738114534975766,1.3250400951189332,0.7287334783211519,1.6160524699315855,7.72972972972973,8.176242457702756,0.3697611653186741,0.0,0.0,0.0,0.0,0.0,0,0,0,0,0,0.0,0.26126126126126126,0.2490563917961707,0.25196216530046395,0.9351714206269082,0.4998275299399875,0.0,0.24805194805194808,0.06274199075087616
1054,111,100.0,111,0,111,0,0,0.0,1.7306061016758536,1.7092945131341948,1.9363971358763705,1.3285064552482837,0.7052247018413279,1.5663905863098837,7.72972972972973,8.176242457702756,0.37753642092959505,0.0,0.0,0.0,0.0,0.0,0,0,0,0,0,0.0,0.2882882882882883,0.26050423846149323,0.23822293666520966,0.9555952487237065,0.5142234762197515,0.0,0.21201298701298701,0.06296398493204529
1055,111,100.0,111,0,111,0,0,0.0,1.7208802952459803,1.699871291605454,1.986383309507375,1.3310730250173877,0.7160769016278622,1.5685566824283037,7.72972972972973,8.176242457702756,0.38135026828643315,0.0,0.0,0.0,0.0,0.0,0,0,0,0,0,0.0,0.2972972972972973,0.266050802739834,0.23473800948388557,0.9509658496469092,0.5193285625731494,0.0,0.24805194805194808,0.06302028038347994
1056,111,100.0,111,0,111,0,0,0.0,1.719241468703414,1.6980248376426308,2.004331488068689,1.3333089693770275,0.7135319082719058,1.5660272250680731,7.72972972972973,8.176242457702756,0.3852111123494453,0.0,0.0,0.0,0.0,0.0,0,0,0,0,0,0.0,0.2972972972972973,0.2705622865893111,0.23714810056292765,0.952256461368315,0.5251944588765732,0.0,0.24805194805194808,0.06310349436679885
1057,111,100.0,111,0,110,1,0,0.0,1.7108534427023803,1.6899069100764912,1.9579480766677069,1.3348311043523255,0.7188850200562827,1.583330898084759,7.72972972972973,8.176242457702756,0.38234006396285825,0.7635464445134064,0.00306297173820855,1.0,0.23645355548659364,-0.00010453213273298179,0,0,0,1,0,0.0,0.2882882882882883,0.26677321093949424,0.22057209111830686,0.9530040103502749,0.5264109752558414,0.0,0.24415584415584415,0.06312378095985062
1058,110,99.09909909909909,111,1,110,0,0,0.009009009009009009,1.7118425132338242,1.6916509767928396,2.003214466163838,1.3363241164866513,0.7314002694446201,1.5657448834471754,7.72972972972973,8.176242457702756,0.379277653379416,0.8428573094096177,0.003168095565102993,1.0,0.15714269059038233,0.0022730347043325994,0,1,0,0,0,0.0,0.3153153153153153,0.2654144061539163,0.19985347612757717,0.9545193645606971,0.526158567711719,0.009009009009009009,0.175974025974026,0.06318976245852052
1059,110,99.09909909909909,111,0,111,0,0,0.0,1.710116486914615,1.6897376069356076,1.9871969735118837,1.3375886516155802,0.7491183629912231,1.581244762779442,7.72972972972973,8.176242457702756,0.38165009047758924,0.0,0.0,0.0,0.0,0.0,0,0,0,0,0,0.0,0.2972972972972973,0.26605551156680624,0.19965326426130509,0.9551199461021742,0.5300836451302143,0.0,0.21201298701298704,0.0632328280559765
1060,109,98.1981981981982,111,1,110,0,0,0.009009009009009009,1.7217921718676052,1.710633688898198,2.168450849602954,1.3394773464657035,0.7514973276499763,1.5912065360943037,7.72972972972973,8.176242457702756,0.387328327306651,0.8614976000479375,0.002270172301369392,1.0,0.13850239995206248,0.007113752134290885,0,1,0,0,0,0.0,0.2882882882882883,0.27728240592928705,0.1999554162949635,0.953064902453752,0.5298873813877949,0.009009009009009009,0.175974025974026,0.06336841861585758
1061,108,97.29729729729729,111,1,105,1,4,0.009009009009009009,1.723858906554104,1.7098552655620196,1.9838847203085337,1.3419752206183129,0.7566787737869104,1.5921489563618296,7.72972972972973,8.176242457702756,0.38537927250914294,0.9169473675795364,0.004251793026018851,1.0,0.08305263242046361,0.029372848620590104,0,5,0,1,0,0.6666666666666666,0.3153153153153153,0.26844627219364847,0.21935316311302586,0.9448159242770783,0.5184374883279408,0.009009009009009009,0.175974025974026,0.06348086841279288
1062,107,96.3963963963964,111,1,107,3,0,0.009009009009009009,1.7155421917172624,1.6983299593341616,1.8417658045800698,1.3435483636557783,0.7819759425112708,1.6594611366433933,7.72972972972973,8.176242457702756,0.38350996474361576,0.3946935646053225,0.0035618491831227424,0.25,0.31654357403108546,-0.031087302828239655,0,1,0,3,0,0.0,0.2882882882882883,0.2624591265194341,0.25040082220208637,0.9352346133730933,0.5143037859856405,0.009009009009009009,0.24253246753246757,0.0635035968330835
1063,107,96.3963963963964,111,1,110,0,0,0.009009009009009009,1.718411147012376,1.7006502051161196,1.8136845207013528,1.3449413075457068,0.7880848432699602,1.6661148121936835,7.72972972972973,8.176242457702756,0.38465091734549506,0.7835048624297678,0.00447311030719144,1.0,0.2164951375702322,0.004577941739972946,0,1,0,0,0,0.0,0.2972972972972973,0.2629319531961341,0.2600253105761476,0.9470359892047923,0.5154105933066038,0.009009009009009009,0.21201298701298701,0.06357488684442922
1064,107,96.3963963963964,111,0,111,0,0,0.0,1.7202736423077196,1.7022405661623974,1.8359910678675373,1.3463190980492197,0.787782993311653,1.6671127934069565,7.72972972972973,8.176242457702756,0.3849026404709657,0.0,0.0,0.0,0.0,0.0,0,0,0,0,0,0.0,0.2882882882882883,0.26424201244832995,0.26456595241318326,0.9357254090435373,0.5122474150406494,0.0,0.20649350649350653,0.06364052506696916
1065,108,97.29729729729729,111,0,111,0,0,0.0,1.7358764747174262,1.717581869094683,1.8710673277321341,1.3485877107597382,0.7847702199096362,1.6690592736010812,7.72972972972973,8.176242457702756,0.3875021677906423,0.0,0.0,0.0,0.0,0.0,0,0,0,0,0,0.0,0.2882882882882883,0.2666086100331663,0.2729224575150012,0.9115666034320973,0.5137557290274529,0.0,0.19025974025974027,0.06381128286683681
1066,109,98.1981981981982,111,0,111,0,0,0.0,1.7488496886067604,1.7307638501916143,1.7612837436786406,1.3515330687827887,0.7651722261854284,1.6311041790550709,7.72972972972973,8.176242457702756,0.3869825043005326,0.0,0.0,0.0,0.0,0.0,0,0,0,0,0,0.0,0.3153153153153153,0.2605649526375443,0.2976223356301535,0.9214249371164109,0.513460585113411,0.0,0.2785714285714286,0.06399655874288948
1067,110,99.09909909909909,111,0,111,0,0,0.0,1.767669783915451,1.7488778229844244,1.8394595320667664,1.3554224410600375,0.7457222708003823,1.5968278490333154,7.72972972972973,8.176242457702756,0.39160013311067776,0.0,0.0,0.0,0.0,0.0,0,0,0,0,0,0.0,0.3333333333333333,0.2663409441177884,0.28903948655438677,0.9272935591398804,0.5231005658511827,0.0,0.2262987012987013,0.06424966147316821
1068,111,100.0,111,0,110,1,0,0.0,1.7508046447541539,1.7322556197095496,1.7537296671136622,1.3579065515165627,0.7503080984412209,1.6008306610348721,7.72972972972973,8.176242457702756,0.38739641234912137,0.5520359799117984,0.0027006811751720955,1.0,0.4479640200882016,-0.00344752625745981,0,0,0,1,0,0.0,0.2972972972972973,0.2606260657504909,0.2927313982006524,0.9282168006377397,0.5146443320457097,0.0,0.21201298701298701,0.06426688922428304
1069,111,100.0,111,0,111,0,0,0.0,1.757374653554918,1.7390044682506762,1.8046851221740525,1.3606289968551064,0.7483302044571178,1.5714149847461316,7.72972972972973,8.176242457702756,0.38773034099307213,0.0,0.0,0.0,0.0,0.0,0,0,0,0,0,0.0,0.2882882882882883,0.2624276830023118,0.28983728320989427,0.9172552169212635,0.5182559347453437,0.0,0.24253246753246757,0.06441103613411575
1070,111,100.0,111,0,111,0,0,0.0,1.7553538123935057,1.7368697199897847,1.7404187655732597,1.362989214707054,0.7361833364435955,1.5579004639655745,7.72972972972973,8.176242457702756,0.38727239110988965,0.0,0.0,0.0,0.0,0.0,0,0,0,0,0,0.0,0.26126126126126126,0.2596971123245285,0.29467035609017045,0.9250397706720216,0.5186673855875689,0.0,0.20649350649350653,0.0644974204953613
1071,111,100.0,111,0,111,0,0,0.0,1.7509236251946594,1.732729715784216,1.7721434101379279,1.3648856579996116,0.7531661804683599,1.6000243998401453,7.72972972972973,8.176242457702756,0.388693581166631,0.0,0.0,0.0,0.0,0.0,0,0,0,0,0,0.0,0.2882882882882883,0.2621013887811145,0.2927912456939512,0.9307418466205322,0.5187312135679734,0.0,0.20649350649350653,0.06455279846020323
1072,111,100.0,111,0,111,0,0,0.0,1.7568247736805698,1.7386549433193887,1.7149736786487453,1.367014612266054,0.7538249398515627,1.580519911765982,7.72972972972973,8.176242457702756,0.38554315211428225,0.0,0.0,0.0,0.0,0.0,0,0,0,0,0,0.0,0.2882882882882883,0.25602209158358374,0.30814901862665495,0.9303977399773938,0.5113784466349172,0.0,0.24253246753246757,0.06466933843395176
1073,111,100.0,111,0,111,0,0,0.0,1.7528582080669348,1.7347949601197403,1.7416915970848363,1.3687170168016747,0.7418608369547154,1.5784506189423786,7.72972972972973,8.176242457702756,0.3866941476226433,0.0,0.0,0.0,0.0,0.0,0,0,0,0,0,0.0,0.2972972972972973,0.2586467417521202,0.3024197624548912,0.9260628318319775,0.5151609011344608,0.0,0.24253246753246754,0.06471910196710523
1074,111,100.0,111,0,111,0,0,0.0,1.73677075818153,1.7187413880903755,1.6563444388159498,1.3692301654370571,0.7585210280881719,1.5958433581675056,7.72972972972973,8.176242457702756,0.3841537249517868,0.0,0.0,0.0,0.0,0.0,0,0,0,0,0,0.0,0.3063063063063063,0.254133314239091,0.30264031293803617,0.932206314681899,0.5133659657242579,0.0,0.2785714285714286,0.06465964285597683
1075,111,100.0,111,0,111,0,0,0.0,1.7330035264549226,1.714931892170577,1.6355906875918986,1.3694521788975877,0.7523497011792963,1.5745377102338889,7.72972972972973,8.176242457702756,0.38446910850915694,0.0,0.0,0.0,0.0,0.0,0,0,0,0,0,0.0,0.2702702702702703,0.25398327330573944,0.2981872308149755,0.947244830985767,0.518435098817631,0.0,0.21201298701298701,0.06464988287675466
1076,111,100.0,111,0,111,0,0,0.0,1.7561319005398812,1.7378837462187777,1.7682799975672236,1.3711573193877118,0.7321946227950388,1.5524405377097403,7.72972972972973,8.176242457702756,0.38846605139879875,0.0,0.0,0.0,0.0,0.0,0,0,0,0,0,0.0,0.2882882882882883,0.26101079246277326,0.28273209835945307,0.9341960166317328,0.5283726363251919,0.0,0.2785714285714286,0.06483523295753794
1077,111,100.0,111,0,111,0,0,0.0,1.7576394842177425,1.7397013651602575,1.79089418604156,1.3728419338024085,0.7313778411930717,1.58658096995805,7.72972972972973,8.176242457702756,0.3875946380324784,0.0,0.0,0.0,0.0,0.0,0,0,0,0,0,0.0,0.2972972972972973,0.261106929627656,0.28095800496445555,0.937022901282237,0.5302694609110241,0.0,0.20649350649350653,0.06491163995543876
1078,111,100.0,111,0,111,0,0,0.0,1.7500148873677757,1.7323612944805626,1.7727985815525131,1.3739086964778113,0.7296239058980624,1.5630539935446364,7.72972972972973,8.176242457702756,0.3862536135547352,0.0,0.0,0.0,0.0,0.0,0,0,0,0,0,0.0,0.2972972972972973,0.2600376234220811,0.28082469870073723,0.9538073586006689,0.5291173651644057,0.0,0.21201298701298701,0.06491712752258354
1079,111,100.0,111,0,111,0,0,0.0,1.7359585478281874,1.718847575230292,1.7379640078422403,1.374004306489661,0.7352806750642064,1.573329102390361,7.72972972972973,8.176242457702756,0.38416081523739387,0.0,0.0,0.0,0.0,0.0,0,0,0,0,0,0.0,0.2882882882882883,0.25704151505257433,0.2797495621923178,0.9444607053536735,0.5285276902516782,0.0,0.24253246753246757,0.06485075447807692
1080,111,100.0,111,0,111,0,0,0.0,1.7388579097360035,1.7221230526533597,1.7664297513658918,1.3743063479757336,0.738869148379215,1.589111921802812,7.72972972972973,8.176242457702756,0.38299015790064694,0.0,0.0,0.0,0.0,0.0,0,0,0,0,0,0.0,0.27927927927927926,0.2565595197865202,0.26464760193590936,0.940632839486072,0.5309686757965322,0.0,0.21201298701298704,0.06487759910972807
1081,110,99.09909909909909,111,1,110,0,0,0.009009009009009009,1.7424549097764424,1.723257906246322,1.6980875259144703,1.374817939814218,0.7302798307322133,1.5797004733909426,7.72972972972973,8.176242457702756,0.38116300550524285,0.7837994271828972,0.004318114010477823,1.0,0.2162005728171028,-0.012520476126464675,0,1,0,0,0,0.0,0.2972972972972973,0.2513006751872985,0.2772923556108284,0.9379600771133341,0.5286426322739131,0.009009009009009009,0.26071428571428573,0.06491649860448442
1082,110,99.09909909909909,111,0,111,0,0,0.0,1.7448301143991773,1.725743577905308,1.6854673316005087,1.3752902750052312,0.7273024040288002,1.5792221220774108,7.72972972972973,8.176242457702756,0.3788052898457255,0.0,0.0,0.0,0.0,0.0,0,0,0,0,0,0.0,0.3333333333333333,0.24840495847270072,0.2755488233936872,0.928454135739881,0.5264158713480909,0.0,0.2607142857142857,0.06494768426281324
1083,110,99.09909909909909,111,0,111,0,0,0.0,1.752589572700799,1.7332954075923048,1.70354905393087,1.3762179556499758,0.7191504920478554,1.576554090631725,7.72972972972973,8.176242457702756,0.3807043066580451,0.0,0.0,0.0,0.0,0.0,0,0,0,0,0,0.0,0.3063063063063063,0.24987180411776613,0.27300700621800494,0.9304940556764691,0.5266948458457735,0.0,0.2607142857142857,0.0650244062636951
1084,110,99.09909909909909,111,0,111,0,0,0.0,1.7702408654559112,1.7501652264638536,1.808217533704057,1.3781732407104637,0.7104044008351065,1.5162694529000427,7.72972972972973,8.176242457702756,0.3879927115638575,0.0,0.0,0.0,0.0,0.0,0,0,0,0,0,0.0,0.3153153153153153,0.25979232747053227,0.264877690797308,0.9305525837719137,0.537022874685561,0.0,0.2607142857142857,0.06519259715111303
1085,110,99.09909909909909,111,0,111,0,0,0.0,1.7861807783090433,1.765319362952227,1.8541081692858037,1.3809598880769947,0.6930995923900111,1.4944885788198823,7.72972972972973,8.176242457702756,0.39247915946602085,0.0,0.0,0.0,0.0,0.0,0,0,0,0,0,0.0,0.3063063063063063,0.2653076227275261,0.27087047663179914,0.9320064197358424,0.5417441408733408,0.0,0.2246753246753247,0.06538621823794308
1086,111,100.0,111,0,111,0,0,0.0,1.7949772759254508,1.7731494770718814,1.9175398792548015,1.3840308596905075,0.6837964870750418,1.5178439654028872,7.72972972972973,8.176242457702756,0.3971289965024769,0.0,0.0,0.0,0.0,0.0,0,0,0,0,0,0.0,0.3153153153153153,0.27230193965371535,0.27785286037313506,0.9305525837719137,0.5449648114140445,0.0,0.2607142857142857,0.06555574576848913
1087,111,100.0,111,0,111,0,0,0.0,1.8148205237445687,1.7926960472882403,1.9884577301681476,1.3881292811975359,0.6680157120146472,1.4950538405643492,7.72972972972973,8.176242457702756,0.399991013957556,0.0,0.0,0.0,0.0,0.0,0,0,0,0,0,0.0,0.3063063063063063,0.27595968514718705,0.27304027868500663,0.9397448102646342,0.5524654825253826,0.0,0.22467532467532472,0.06582251044726135
1088,111,100.0,111,0,111,0,0,0.0,1.8154607389023623,1.793182725461133,1.954895655082879,1.3919244394151347,0.6762659220196529,1.4996434979106656,7.72972972972973,8.176242457702756,0.3986248417181373,0.0,0.0,0.0,0.0,0.0,0,0,0,0,0,0.0,0.2882882882882883,0.27381008550710895,0.2860151790821571,0.9366458684418016,0.5438852370281588,0.0,0.29675324675324677,0.06598086219181247
1089,111,100.0,111,0,111,0,0,0.0,1.799780191365389,1.7779505474139954,1.8139827854724702,1.3944129604482307,0.7001033977909015,1.5328287726918985,7.72972972972973,8.176242457702756,0.3917764524017897,0.0,0.0,0.0,0.0,0.0,0,0,0,0,0,0.0,0.3333333333333333,0.2631088059504871,0.2974743929355371,0.9194464734118385,0.5307212832003463,0.0,0.2607142857142857,0.06600419321076603
1090,111,100.0,111,0,110,1,0,0.0,1.7997750014415201,1.778082034669108,1.8555942063293343,1.396706614541473,0.697846960642054,1.5360357797215707,7.72972972972973,8.176242457702756,0.3919255429144777,0.5668185273495912,0.003229302761180373,1.0,0.43318147265040885,-0.0036779889124940457,0,0,0,1,0,0.0,0.3153153153153153,0.26521093808610047,0.28781693054182966,0.9186303396846651,0.5311066866098381,0.0,0.29675324675324666,0.06609793462104896
1091,110,99.09909909909909,111,1,110,0,0,0.009009009009009009,1.8102405496898222,1.7993178986333795,1.9410973825567044,1.3994823745140859,0.711305925318561,1.559465853321056,7.72972972972973,8.176242457702756,0.39483039173761103,0.49868717915824035,0.002194640264079989,0.0,0.49868717915824035,-0.011919237060481813,0,1,0,0,0,0.0,0.3153153153153153,0.2705281510420072,0.2895423900110336,0.9351298468173855,0.5283598584880478,0.009009009009009009,0.22987012987012986,0.06626373879499281
1092,109,98.1981981981982,111,1,106,0,4,0.009009009009009009,1.807977684467868,1.7911815326255371,1.9669059938057292,1.4025972079385338,0.730374241116698,1.6217838559411373,7.72972972972973,8.176242457702756,0.3976092133607432,0.9140507112246873,0.004437128352525719,1.0,0.08594928877531274,-0.0046609743326944345,0,5,0,0,0,0.4,0.3063063063063063,0.27595531455094674,0.2986339513977777,0.9122704586235277,0.5227931467194712,0.009009009009009009,0.30194805194805197,0.06637976263535125
1093,109,98.1981981981982,111,0,111,0,0,0.0,1.7927573665147345,1.776314275000017,1.8510376871355179,1.4041060690603393,0.7508689169805671,1.6472209989488646,7.72972972972973,8.176242457702756,0.39022309160648483,0.0,0.0,0.0,0.0,0.0,0,0,0,0,0,0.0,0.3063063063063063,0.2653509011411711,0.31248638048306115,0.9345220626912091,0.5074603430382206,0.0,0.2785714285714286,0.06636534511742
1094,109,98.1981981981982,111,0,111,0,0,0.0,1.786069353457288,1.7695931843920278,1.8450424104128145,1.4050519359073466,0.7498572016782841,1.652099321172972,7.72972972972973,8.176242457702756,0.3919884130652691,0.0,0.0,0.0,0.0,0.0,0,0,0,0,0,0.0,0.2972972972972973,0.26729123167737373,0.3172763196129311,0.9288375509667205,0.5085310194830374,0.0,0.26590909090909093,0.06637057323550194
1095,109,98.1981981981982,111,0,111,0,0,0.0,1.7856008039505196,1.7688628447109918,1.7857108763788176,1.4058726949131466,0.7376310084737032,1.6302608185919651,7.72972972972973,8.176242457702756,0.39082079051643115,0.0,0.0,0.0,0.0,0.0,0,0,0,0,0,0.0,0.2882882882882883,0.2634691312948253,0.3240096030499889,0.9255503557432854,0.5098937429565407,0.0,0.30194805194805197,0.06640178411112191
1096,110,99.09909909909909,111,0,111,0,0,0.0,1.7885034918977025,1.7717424127596422,1.7883855294073498,1.406814699044953,0.74905829747894,1.6402195662092274,7.72972972972973,8.176242457702756,0.3901466338211119,0.0,0.0,0.0,0.0,0.0,0,0,0,0,0,0.0,0.2882882882882883,0.26294767578187916,0.3164289276726206,0.9289623249497568,0.5084460533424262,0.0,0.26590909090909093,0.06645480782174687
1097,111,100.0,111,0,111,0,0,0.0,1.7980219272220586,1.781377617745057,1.878375931978295,1.4083099208117045,0.7408013714883559,1.6324059196896443,7.72972972972973,8.176242457702756,0.39483484689269766,0.0,0.0,0.0,0.0,0.0,0,0,0,0,0,0.0,0.2972972972972973,0.26922344369202217,0.30183217127118983,0.9266020397254324,0.521353132891231,0.0,0.26590909090909093,0.06656352647683361
1098,111,100.0,111,0,111,0,0,0.0,1.7884259232094666,1.7722655024352285,1.8025711234859443,1.4090868667089207,0.755983488298599,1.6470908062447491,7.72972972972973,8.176242457702756,0.39095498145580043,0.0,0.0,0.0,0.0,0.0,0,0,0,0,0,0.0,0.3063063063063063,0.2635757085503384,0.30940296825618346,0.930402940524141,0.5147847454070268,0.0,0.26590909090909093,0.06654730894693145
1099,111,100.0,111,0,111,0,0,0.0,1.7777908267114675,1.761415630317979,1.733263138032107,1.4090905981452893,0.7604845555300346,1.6462189975674701,7.72972972972973,8.176242457702756,0.39039479470459026,0.0,0.0,0.0,0.0,0.0,0,0,0,0,0,0.0,0.2882882882882883,0.2610542639528239,0.32156133198782794,0.9347845016851817,0.5134288116064333,0.0,0.2298701298701299,0.06649428601008378
1100,111,100.0,111,0,111,0,0,0.0,1.7924933144726585,1.7757484916526571,1.8356101780269827,1.410031536085453,0.7468075945236294,1.6283284926297983,7.72972972972973,8.176242457702756,0.3959107008307634,0.0,0.0,0.0,0.0,0.0,0,0,0,0,0,0.0,0.27927927927927926,0.269405634778402,0.3087901144390267,0.9385049655304757,0.5232629885004164,0.0,0.24415584415584418,0.06660626513257188
1101,109,98.1981981981982,111,2,109,0,0,0.018018018018018018,1.8085623778062772,1.7890860579895709,1.9671824387045156,1.4119527612060079,0.751092192634324,1.6301595467963064,7.72972972972973,8.176242457702756,0.4011683872154266,0.6396639331600318,0.003443145681903055,0.5,0.18636720740993784,-0.004384858542004655,0,2,0,0,0,0.5,0.27927927927927926,0.27790389334915094,0.28463988087391845,0.929697968064396,0.533579364506586,0.018018018018018018,0.24805194805194808,0.0667651524612474
1102,109,98.1981981981982,111,0,111,0,0,0.0,1.8089305333232895,1.789214166084203,1.9207909738325577,1.413540470706863,0.7637714234817504,1.6468353806872362,7.72972972972973,8.176242457702756,0.39870792589750126,0.0,0.0,0.0,0.0,0.0,0,0,0,0,0,0.0,0.2882882882882883,0.2737619720662997,0.2991321973087423,0.9273905355575777,0.526033157283946,0.0,0.24805194805194808,0.06683190072798942
1103,108,97.29729729729729,111,1,110,0,0,0.009009009009009009,1.7907945854792913,1.763499728196324,1.7354703359636612,1.4138377969076068,0.7907750293787449,1.683856988990624,7.72972972972973,8.176242457702756,0.39145416342594763,0.9606087396106859,0.005060278879052546,1.0,0.039391260389314064,0.0299505158270732,0,1,0,0,0,1.0,0.2882882882882883,0.26132502876994596,0.3206150960044101,0.9139827590999959,0.5051375452044663,0.009009009009009009,0.30227272727272725,0.06675337604430095
1104,108,97.29729729729729,111,0,111,0,0,0.0,1.805646423956707,1.7781406887853486,1.8221909688814315,1.4145470658371226,0.7759383862366677,1.658676724251475,7.72972972972973,8.176242457702756,0.3955598325194012,0.0,0.0,0.0,0.0,0.0,0,0,0,0,0,0.0,0.27927927927927926,0.2677010740613214,0.31007317286888597,0.8927733105899816,0.5102632015279417,0.0,0.33831168831168823,0.06685663101036524
1105,108,97.29729729729729,111,0,111,0,0,0.0,1.8069830840718673,1.779375873152997,1.879468382332412,1.4152791365542425,0.7562090814983515,1.6380761818836163,7.72972972972973,8.176242457702756,0.39814497860745535,0.0,0.0,0.0,0.0,0.0,0,0,0,0,0,0.0,0.2702702702702703,0.272311810383727,0.30760061410170036,0.8961517152680867,0.5128078942980856,0.0,0.33831168831168834,0.06689324224933782
1106,109,98.1981981981982,111,1,109,1,0,0.009009009009009009,1.802441801222721,1.778149529888051,1.9202311541010235,1.4156411140692795,0.7489756928962499,1.6269325062305664,7.72972972972973,8.176242457702756,0.40056337758521554,0.5133185505953927,0.002442091016461749,1.0,0.48668144940460734,-0.0029063891498866123,0,1,0,1,0,0.0,0.2882882882882883,0.27663166730868993,0.3030628833995184,0.8992964347476269,0.5147550207781901,0.009009009009009009,0.32012987012987015,0.06688533391472798
1107,109,98.1981981981982,111,0,110,1,0,0.0,1.8102891371623109,1.7861462244124102,1.9162039311841332,1.4167265810177003,0.759263678993064,1.6360504543645538,7.72972972972973,8.176242457702756,0.40044485069666624,0.5818416448310344,0.002243423312973826,1.0,0.4181583551689656,0.00230461433933693,0,0,0,1,0,0.0,0.2972972972972973,0.2750739230762035,0.3094104255970653,0.9143978556680421,0.5140877983681277,0.0,0.28409090909090906,0.06696894579917648
1108,109,98.1981981981982,111,1,110,0,0,0.009009009009009009,1.8053612989675352,1.7784441301335399,1.898077031433869,1.4174205481447189,0.7818539618694241,1.6627206037956492,7.72972972972973,8.176242457702756,0.39618390112900403,0.653264811830819,0.003259425196951801,1.0,0.34673518816918103,0.011124842800571133,0,1,0,0,0,0.0,0.27927927927927926,0.2709289189077774,0.30314306045021266,0.9065955032501125,0.5089191395462667,0.009009009009009009,0.30227272727272725,0.0669726768256435
1109,109,98.1981981981982,111,0,111,0,0,0.0,1.8270471008258105,1.800162951563491,2.0987978065958517,1.4192773575259627,0.7569500975231808,1.643697429093148,7.72972972972973,8.176242457702756,0.39957330102597854,0.0,0.0,0.0,0.0,0.0,0,0,0,0,0,0.0,0.27927927927927926,0.28030183812173404,0.2855812372571495,0.9066541374733121,0.5179474456586404,0.0,0.30227272727272725,0.06715701445342881
1110,109,98.1981981981982,111,1,110,0,0,0.009009009009009009,1.8110200266805745,1.782996924285236,2.0532833020111196,1.4199860307928494,0.7705584364496048,1.6561359196135768,7.72972972972973,8.176242457702756,0.3960938414505719,0.9027309687730832,0.004278176158282516,1.0,0.09726903122691677,0.007597604911132261,0,1,0,0,0,0.0,0.3063063063063063,0.27596697263896824,0.27436721103801903,0.9081803347771242,0.5148736632337376,0.009009009009009009,0.30227272727272725,0.06710585050496942
1111,109,98.1981981981982,111,0,111,0,0,0.0,1.810562788486745,1.7827480298365965,2.0463431056593056,1.4204939711132039,0.7680454831061035,1.6543309448514611,7.72972972972973,8.176242457702756,0.39737735842817523,0.0,0.0,0.0,0.0,0.0,0,0,0,0,0,0.0,0.3063063063063063,0.2768554305347824,0.2767337357390332,0.9125948277874713,0.511698518671109,0.0,0.3022727272727273,0.06712432953006657
1112,109,98.1981981981982,111,0,111,0,0,0.0,1.8110816755175994,1.7828216820408824,1.9686014586139309,1.4209651985876637,0.7819029781767737,1.6655883031675456,7.72972972972973,8.176242457702756,0.396345045445903,0.0,0.0,0.0,0.0,0.0,0,0,0,0,0,0.0,0.2882882882882883,0.27314963431708905,0.2971600169097239,0.9097393773405101,0.506747099312278,0.0,0.30227272727272725,0.06714618831564043
1113,109,98.1981981981982,111,1,110,0,0,0.009009009009009009,1.8391283539630323,1.809689898606713,2.177636403081633,1.4232387811715068,0.7674333940025497,1.6365120688983892,7.72972972972973,8.176242457702756,0.40144578072860093,0.83844347995701,0.0018524205749535505,1.0,0.16155652004299004,0.04155453323363262,0,1,0,0,0,0.0,0.2702702702702703,0.28372870382764265,0.28023499859512185,0.8996474433243531,0.5220062389511833,0.009009009009009009,0.30227272727272725,0.06737936852013314
1114,109,98.1981981981982,111,0,111,0,0,0.0,1.8565973432507015,1.8263786505988011,2.261666142221874,1.4263346450058136,0.7648507902323642,1.6377253983337956,7.72972972972973,8.176242457702756,0.4050501946677254,0.0,0.0,0.0,0.0,0.0,0,0,0,0,0,0.0,0.27927927927927926,0.2893231119474373,0.2882985362117354,0.9249623154219209,0.523232545479306,0.0,0.2983766233766234,0.06759327613319813
1115,110,99.09909909909909,111,0,111,0,0,0.0,1.8620489896774726,1.8318696017187854,2.2030965080390272,1.4295365462883096,0.7507382839120224,1.6233405748452034,7.72972972972973,8.176242457702756,0.4025426441977453,0.0,0.0,0.0,0.0,0.0,0,0,0,0,0,0.0,0.2972972972972973,0.2839854861697037,0.2882477528869924,0.9249623154219209,0.52425745846959,0.0,0.2983766233766234,0.06775143197138855
1116,110,99.09909909909909,111,0,110,1,0,0.0,1.842025445658922,1.8128297829556055,2.1596160560354125,1.431231258962225,0.7476050763652383,1.6256110414879088,7.72972972972973,8.176242457702756,0.39891089110278455,0.6094759683994435,0.003241039729016384,1.0,0.3905240316005565,2.2082477976637094e-05,0,0,0,1,0,0.0,0.2882882882882883,0.2808953009723227,0.2800950199774946,0.9218407519614387,0.5232771772714367,0.0,0.2983766233766234,0.06772059615988618
1117,109,98.1981981981982,111,1,110,0,0,0.009009009009009009,1.8547995445690364,1.8242559098965567,2.1685446655864293,1.433632195957175,0.7382127356503587,1.6158178985369274,7.72972972972973,8.176242457702756,0.3994420899290272,0.6090565971765939,0.003132631777618979,1.0,0.3909434028234061,-0.0015847643396081912,0,1,0,0,0,0.0,0.3063063063063063,0.2806371519092248,0.27666982706690574,0.9227742639303874,0.5282947294349453,0.009009009009009009,0.2801948051948052,0.06788261986941864
1118,109,98.1981981981982,111,1,110,0,0,0.009009009009009009,1.8657993139236944,1.8362959170239084,2.214884137955053,1.4364493657408892,0.7353579470982763,1.6090073496309838,7.72972972972973,8.176242457702756,0.4003280161414937,0.7782073626917427,0.000435374748174312,1.0,0.22179263730825727,0.04322461944438025,0,1,0,0,0,0.0,0.27927927927927926,0.2822403206630253,0.27687082945108316,0.9087573671758135,0.5341530718749934,0.009009009009009009,0.29805194805194807,0.06805278803217274
1119,108,97.29729729729729,111,1,110,0,0,0.009009009009009009,1.8681536191581318,1.8413275797799147,2.2297732367266505,1.4392843963477469,0.7298255076347204,1.6135336590589224,7.72972972972973,8.176242457702756,0.39978202266482565,0.649382933578813,0.0021636998606347512,1.0,0.35061706642118695,0.004368576964657089,0,1,0,0,0,0.0,0.2882882882882883,0.2823682593325054,0.27509954646131424,0.9039765568263307,0.534367508326072,0.009009009009009009,0.298051948051948,0.0681804590464283
1120,108,97.29729729729729,111,0,111,0,0,0.0,1.8485161913438903,1.8223457454255874,2.064091124465223,1.440804539697373,0.761846300254091,1.642216329021739,7.72972972972973,8.176242457702756,0.3952547406427629,0.0,0.0,0.0,0.0,0.0,0,0,0,0,0,0.0,0.2882882882882883,0.27337692970008937,0.283779284346816,0.9168570058181603,0.5265378279251675,0.0,0.26201298701298703,0.06814441721034215
1121,108,97.29729729729729,111,0,111,0,0,0.0,1.856767058688897,1.830831646123417,2.1722050879078254,1.4427554546936483,0.7513229097284436,1.6306225323068022,7.72972972972973,8.176242457702756,0.39577234048513055,0.0,0.0,0.0,0.0,0.0,0,0,0,0,0,0.0,0.2882882882882883,0.2771467508432217,0.2649140671950051,0.9150760101496354,0.5343690627349926,0.0,0.298051948051948,0.06826542731718675
1122,108,97.29729729729729,111,1,110,0,0,0.009009009009009009,1.8659971469722767,1.8398705521272922,2.1754537416233473,1.4451788226790792,0.774889511321394,1.6528521704124333,7.72972972972973,8.176242457702756,0.3915629840826227,0.8060267725049093,0.004380084526709382,1.0,0.19397322749509072,0.006308692000214666,1,0,0,0,0,0.0,0.3063063063063063,0.2718503049093907,0.2499528186466527,0.9126332057361198,0.5357101018051018,0.009009009009009009,0.29805194805194807,0.06841064797966924
1123,109,98.1981981981982,111,0,111,0,0,0.0,1.850807022506851,1.8250619932753473,2.0420408216536767,1.4463946930483238,0.7665284625881069,1.641458605096356,7.72972972972973,8.176242457702756,0.38987498252377195,0.0,0.0,0.0,0.0,0.0,0,0,0,0,0,0.0,0.2882882882882883,0.26592439245645616,0.26102175568864877,0.915176161686654,0.5303868467801921,0.0,0.26201298701298703,0.06838440361202251
1124,110,99.09909909909909,111,0,111,0,0,0.0,1.8610208412304807,1.8349994773244467,2.0818150874852654,1.4481611611402472,0.7651853477688181,1.639365434175792,7.72972972972973,8.176242457702756,0.39014823067214754,0.0,0.0,0.0,0.0,0.0,0,0,0,0,0,0.0,0.3153153153153153,0.26675569105651364,0.25165139051552565,0.9167174716371131,0.5339012408749209,0.0,0.26201298701298703,0.06850768806270746
1125,110,99.09909909909909,111,0,111,0,0,0.0,1.8477592610040703,1.8224120691095225,1.9830807694386587,1.4489598569062025,0.7740197287367907,1.6430179612470899,7.72972972972973,8.176242457702756,0.38600595397424065,0.0,0.0,0.0,0.0,0.0,0,0,0,0,0,0.0,0.2972972972972973,0.2603494021697245,0.2591548385563332,0.9207249918170011,0.5253457738257741,0.0,0.29805194805194807,0.06847403181273737
1126,110,99.09909909909909,111,0,111,0,0,0.0,1.873012081430371,1.8466977813500556,2.107366255701559,1.451281776342127,0.7559233964592289,1.6271839585598729,7.72972972972973,8.176242457702756,0.3904606288628385,0.0,0.0,0.0,0.0,0.0,0,0,0,0,0,0.0,0.3153153153153153,0.26753458565549515,0.2550995251059087,0.9163887909065483,0.530143520836788,0.0,0.26201298701298703,0.06869521879624574
1127,111,100.0,111,0,111,0,0,0.0,1.8751677559402689,1.848661054303556,2.1319232172114257,1.4535422675807257,0.7579012556541471,1.6281696159463666,7.72972972972973,8.176242457702756,0.39211102469467507,0.0,0.0,0.0,0.0,0.0,0,0,0,0,0,0.0,0.34234234234234234,0.27006930506823146,0.2555935375172875,0.9233811420808198,0.5314141842068895,0.0,0.29805194805194807,0.0687984087909967
1128,111,100.0,111,0,111,0,0,0.0,1.8727650144899697,1.8459157344563335,2.2054548415938084,1.4554383643693625,0.7440712411260094,1.6206656595016964,7.72972972972973,8.176242457702756,0.39386869097866795,0.0,0.0,0.0,0.0,0.0,0,0,0,0,0,0.0,0.3333333333333333,0.27536878168498646,0.25520457598539115,0.9144113474205773,0.53323526056156,0.0,0.29805194805194807,0.06886390981908103
1129,111,100.0,111,0,111,0,0,0.0,1.8745485009293106,1.8477256176602193,2.181958626779827,1.4572978160384882,0.7337109354999971,1.580579548262892,7.72972972972973,8.176242457702756,0.39100005116767855,0.0,0.0,0.0,0.0,0.0,0,0,0,0,0,0.0,0.32432432432432434,0.2716527801599556,0.254729023749337,0.9373874618986991,0.5289394577661507,0.0,0.26201298701298703,0.06894884388970349
1130,111,100.0,111,0,111,0,0,0.0,1.8656202282268541,1.8390046187052467,2.0953693566734453,1.4584347944153286,0.7530699894353868,1.5893854250786692,7.72972972972973,8.176242457702756,0.3909284610242407,0.0,0.0,0.0,0.0,0.0,0,0,0,0,0,0.0,0.36936936936936937,0.26861869289115964,0.26134039723477226,0.9199871507605842,0.5239275838711488,0.0,0.26201298701298703,0.06895068358058228
1131,111,100.0,111,0,110,1,0,0.0,1.8766342234231186,1.8498273398033005,2.2266472844190153,1.4601867242173854,0.7241795277891558,1.584963155898055,7.72972972972973,8.176242457702756,0.39456607937675847,0.4968239575666039,0.0018509119359050748,0.0,0.4968239575666039,0.005420424862079831,0,0,0,1,0,0.0,0.35135135135135137,0.27547227707398253,0.2620288790156425,0.9126332057361198,0.5250071615602419,0.0,0.29805194805194807,0.06907737457071605
1132,110,99.09909909909909,111,1,110,0,0,0.009009009009009009,1.8808301747267968,1.851685893789804,2.164535374314043,1.4620807318867866,0.732322912806158,1.5963127724161257,7.72972972972973,8.176242457702756,0.39151468432381265,0.8338053510583144,0.002802988779716304,1.0,0.16619464894168556,0.03049078346750944,0,1,0,0,0,0.0,0.34234234234234234,0.2696956783069109,0.26777714687941045,0.9066228299008644,0.5236923879121609,0.009009009009009009,0.31623376623376626,0.0691757836568433
1133,110,99.09909909909909,111,0,111,0,0,0.0,1.8948564345009917,1.8653347452700308,2.160076951865313,1.464548899457208,0.7190288443850222,1.5622435338936453,7.72972972972973,8.176242457702756,0.3915109422156491,0.0,0.0,0.0,0.0,0.0,0,0,0,0,0,0.0,0.35135135135135137,0.26839765207743776,0.27285699883987874,0.8958203300203557,0.5240931012055191,0.0,0.35227272727272735,0.06934681663812431
1134,110,99.09909909909909,111,0,111,0,0,0.0,1.8983609425080905,1.868698748419081,2.2612745366956397,1.4670353029058099,0.7122439401877737,1.5199881072716086,7.72972972972973,8.176242457702756,0.39410463788642014,0.0,0.0,0.0,0.0,0.0,0,0,0,0,0,0.0,0.35135135135135137,0.2736335742341273,0.2673366298973949,0.9165551737507426,0.5292011324489522,0.0,0.3162337662337663,0.06946598636537699
1135,110,99.09909909909909,111,0,111,0,0,0.0,1.89515605693335,1.8653890556586312,2.263861601093437,1.4691019251762178,0.7233440651898932,1.5370052025996626,7.72972972972973,8.176242457702756,0.39401715760085154,0.0,0.0,0.0,0.0,0.0,0,0,0,0,0,0.0,0.32432432432432434,0.27391090568227994,0.2719650240395152,0.9234313348282789,0.5289320951166309,0.0,0.3162337662337663,0.06953444796126
1136,110,99.09909909909909,111,0,111,0,0,0.0,1.8884998365017178,1.8586095180506985,2.246270782189567,1.4705561262532443,0.7300637955022238,1.5868387736992582,7.72972972972973,8.176242457702756,0.39257462628712103,0.0,0.0,0.0,0.0,0.0,0,0,0,0,0,0.0,0.32432432432432434,0.27309862574601246,0.27486642058533817,0.9171212743865484,0.5231579628806761,0.0,0.3162337662337663,0.06956061636204194
1137,111,100.0,111,0,111,0,0,0.0,1.8841387871090955,1.8544015423953077,2.256614461353023,1.4716161848906733,0.7296588673389324,1.5841517155594083,7.72972972972973,8.176242457702756,0.39164452095939883,0.0,0.0,0.0,0.0,0.0,0,0,0,0,0,0.0,0.35135135135135137,0.272729478189898,0.26797177220830765,0.9228262821740008,0.5239804738595819,0.0,0.3162337662337663,0.06958214759727384
1138,111,100.0,111,0,111,0,0,0.0,1.8732589466781755,1.8439086618162877,2.1133006534889875,1.4719032318781624,0.7451260812158574,1.5635094726450451,7.72972972972973,8.176242457702756,0.38781600941366756,0.0,0.0,0.0,0.0,0.0,0,0,0,0,0,0.0,0.34234234234234234,0.26528627402673216,0.2783940033661401,0.9234313348282789,0.5170616971707458,0.0,0.3162337662337663,0.06953948322395156
1139,111,100.0,111,0,110,1,0,0.0,1.8718173699324325,1.843289349793703,2.185043293803712,1.4721263000459575,0.741207420760925,1.5485154016715859,7.72972972972973,8.176242457702756,0.38488600104526727,0.5822381098288609,0.003241107710849534,1.0,0.41776189017113907,-0.01275034042126344,0,0,0,1,0,0.0,0.34234234234234234,0.26462968629929284,0.2679365480047583,0.9271156148811812,0.5190223344021427,0.0,0.3162337662337663,0.0695413946373453
1140,110,99.09909909909909,111,1,110,0,0,0.009009009009009009,1.8848409460093696,1.8513719964884767,2.2522213707511884,1.473148392358792,0.7252934464332861,1.5441536420885895,7.72972972972973,8.176242457702756,0.3896079061100668,0.9318173091459795,0.003967682954619153,1.0,0.06818269085402051,0.006847234369290578,0,1,0,0,0,0.0,0.35135135135135137,0.270303099984089,0.27017271671857873,0.9300174708419429,0.523046518737329,0.009009009009009009,0.3344155844155845,0.06964829689054941
1141,110,99.09909909909909,111,0,111,0,0,0.0,1.8911995483592194,1.8575777697993745,2.2375607364461905,1.4742042578771344,0.7363204725855682,1.5445511727570724,7.72972972972973,8.176242457702756,0.38922888980090353,0.0,0.0,0.0,0.0,0.0,0,0,0,0,0,0.0,0.32432432432432434,0.2689892676221732,0.2683902520050398,0.9403537597276812,0.5237719377294008,0.0,0.2983766233766234,0.06972325496470214
1142,110,99.09909909909909,111,0,111,0,0,0.0,1.9009630368331747,1.8675996307028562,2.1867707671390244,1.475829322587664,0.7359847035482254,1.5446873995638277,7.72972972972973,8.176242457702756,0.38769845245348433,0.0,0.0,0.0,0.0,0.0,0,0,0,0,0,0.0,0.32432432432432434,0.265413891927075,0.27714593288946376,0.9268663147604016,0.5237764326030925,0.0,0.3344155844155845,0.06983850702248565
1143,110,99.09909909909909,111,0,111,0,0,0.0,1.9036900592116985,1.8703357932209341,2.2488945166310477,1.4775004902925775,0.70793809159632,1.509281054759718,7.72972972972973,8.176242457702756,0.3907003924917214,0.0,0.0,0.0,0.0,0.0,0,0,0,0,0,0.0,0.3063063063063063,0.2702300992975251,0.27503226945348624,0.9365243073915537,0.5258342834074663,0.0,0.2983766233766234,0.06992046149609255
1144,109,98.1981981981982,111,1,110,0,0,0.009009009009009009,1.9114659231581066,1.8756774850647706,2.2110280320093545,1.4795221585128053,0.7059655925339559,1.4829622362816377,7.72972972972973,8.176242457702756,0.3921967668050137,0.5430178255217837,0.0035735220837987596,1.0,0.4569821744782163,-0.020099096019184026,0,1,0,0,0,0.0,0.3153153153153153,0.26939964509152264,0.28901129139070125,0.9378286761399224,0.5202079514008343,0.009009009009009009,0.2298701298701299,0.07004198906351267
1145,110,99.09909909909909,111,0,111,0,0,0.0,1.9171751283886602,1.882403133793745,2.2463841125862887,1.4816807150176583,0.70094169636818,1.473389738368332,7.72972972972973,8.176242457702756,0.3892456773492021,0.0,0.0,0.0,0.0,0.0,0,0,0,0,0,0.0,0.3063063063063063,0.26704146393835926,0.2721773660229851,0.9277393231547066,0.5237644596085037,0.0,0.22987012987012986,0.07015877949637708
1146,110,99.09909909909909,111,0,111,0,0,0.0,1.9154552040076571,1.88147324629588,2.2255754796235787,1.4836019588239602,0.7019237299813724,1.4653446547996247,7.72972972972973,8.176242457702756,0.3854726020537256,0.0,0.0,0.0,0.0,0.0,0,0,0,0,0,0.0,0.3063063063063063,0.2633608946428024,0.265846667609927,0.9089435074615444,0.5246900946219522,0.0,0.26590909090909093,0.07022872265037548
1147,109,98.1981981981982,111,1,110,0,0,0.009009009009009009,1.919876051468355,1.8949293312485747,2.3040840863020615,1.4856719502176814,0.6973818259005385,1.4654600832807543,7.72972972972973,8.176242457702756,0.38767715427933647,0.6902789578068634,0.00408473946832903,1.0,0.30972104219313656,0.010393598272315008,0,1,0,0,0,0.0,0.2972972972972973,0.267412770540801,0.25699027077310305,0.9083493555895688,0.5271750549049774,0.009009009009009009,0.30194805194805197,0.07033545064528109
1148,108,97.29729729729729,111,1,109,0,1,0.009009009009009009,1.9058454789014876,1.8771139646389488,2.2901424893076108,1.4871832116707069,0.7087690292264159,1.484140689387207,7.72972972972973,8.176242457702756,0.3906542794481689,0.6224570832042751,0.004906401258378436,1.0,0.37754291679572494,-0.037681699694635085,0,2,0,0,0,0.0,0.2882882882882883,0.27212733602284,0.26945173686051943,0.9158694249082108,0.5281072590120636,0.009009009009009009,0.3162337662337662,0.07032707998273133
1149,109,98.1981981981982,111,0,110,1,0,0.0,1.9382194463583542,1.9089388387708366,2.4913368221482486,1.4904510807559863,0.6887164894996644,1.4417146361735629,7.72972972972973,8.176242457702756,0.395003707550712,0.23284680960848592,0.0027818498562136064,0.0,0.23284680960848592,-0.03780502269737529,0,0,0,1,0,0.0,0.3063063063063063,0.280101485055691,0.2538935266033458,0.9097626931865188,0.5387401548099533,0.0,0.3162337662337662,0.07062254426982205
1150,108,97.29729729729729,111,1,109,0,1,0.009009009009009009,1.9267810172660367,1.8929507931192417,2.2924729620847324,1.4927553151205628,0.7251350820302959,1.538988930778697,7.72972972972973,8.176242457702756,0.3920516723820444,0.9985777364001281,0.006810178260478453,1.0,0.0014222635998718536,0.009851273872227506,0,2,0,0,0,1.0,0.3153153153153153,0.2718119803927605,0.27448820942865637,0.9022913428989637,0.5318146829520004,0.009009009009009009,0.3162337662337663,0.0706595520185812
1151,108,97.29729729729729,111,0,111,0,0,0.0,1.930836170587245,1.896996724528246,2.4081862705825023,1.494786462545748,0.6941245427283746,1.5069995334351967,7.72972972972973,8.176242457702756,0.39563850458867744,0.0,0.0,0.0,0.0,0.0,0,0,0,0,0,0.0,0.3333333333333333,0.27818228803979683,0.26295145668602776,0.9176779531318808,0.5417914320320941,0.0,0.3162337662337663,0.0707628635542655
1152,109,98.1981981981982,111,0,111,0,0,0.0,1.9181526403496334,1.8848057523880022,2.3518136584233984,1.495854127680667,0.7055533243118698,1.5288181134152097,7.72972972972973,8.176242457702756,0.3933837804253375,0.0,0.0,0.0,0.0,0.0,0,0,0,0,0,0.0,0.32432432432432434,0.274540349285119,0.26630132601958684,0.8934968251935193,0.534962879609708,0.0,0.3162337662337662,0.07074309334811112
1153,110,99.09909909909909,111,0,111,0,0,0.0,1.9444378124612813,1.9099907721393619,2.525039310356806,1.4984818485478317,0.6896902607834553,1.479158292809213,7.72972972972973,8.176242457702756,0.3987692057649168,0.0,0.0,0.0,0.0,0.0,0,0,0,0,0,0.0,0.32432432432432434,0.2837149143498848,0.26814251398334066,0.9131731671427021,0.5412599108093162,0.0,0.3162337662337662,0.07098194362327487
1154,110,99.09909909909909,111,0,111,0,0,0.0,1.9488474045361421,1.914461374056382,2.475741307907167,1.5011871423874286,0.7068534467980016,1.492107058962246,7.72972972972973,8.176242457702756,0.3975904514236328,0.0,0.0,0.0,0.0,0.0,0,0,0,0,0,0.0,0.3333333333333333,0.2803441875854737,0.27033198760869936,0.9167155135606683,0.5385073985329729,0.0,0.2801948051948052,0.07111458727540855
1155,111,100.0,111,0,110,1,0,0.0,1.9506667844974137,1.9164530964531872,2.4486021103608153,1.5038015232853046,0.70505944463749,1.4909825888165908,7.72972972972973,8.176242457702756,0.39780867706223977,0.6133036547823703,0.003210616005010573,1.0,0.38669634521762974,0.00319172017855196,0,0,0,1,0,0.0,0.32432432432432434,0.27916358485052734,0.2642112502192932,0.9133164306400414,0.5398166422735954,0.0,0.3162337662337662,0.07123056323570401
1156,110,99.09909909909909,111,1,109,0,1,0.009009009009009009,1.9591732494962026,1.9230169574144529,2.4754530514051507,1.5067396043117685,0.700772916144233,1.486869801643518,7.72972972972973,8.176242457702756,0.39581241165442815,0.7015088388556487,0.003265438639523978,1.0,0.29849116114435126,0.0009444687535520302,0,2,0,0,0,0.0,0.3153153153153153,0.2773806246239633,0.2586924446194899,0.9324414606281376,0.5362584650185922,0.009009009009009009,0.2801948051948052,0.07139320787486167
1157,110,99.09909909909909,111,0,110,1,0,0.0,1.9817807776757908,1.9447178917293235,2.7281471249766898,1.510748801013899,0.6712823469416019,1.4645370609922477,7.72972972972973,8.176242457702756,0.4011646204292745,0.6159036306686222,0.0022671194585498107,1.0,0.3840963693313778,-8.970206157976612e-06,0,0,0,1,0,0.0,0.32432432432432434,0.28911427767173126,0.24866399764869399,0.9380655314481019,0.5411784129829068,0.0,0.2801948051948052,0.07167014633724582
1158,109,98.1981981981982,111,1,110,0,0,0.009009009009009009,1.99544563813777,1.960449062835567,2.90191393765715,1.5153024014523855,0.6562888421798462,1.4541816509974166,7.72972972972973,8.176242457702756,0.40700494077168314,0.6909647167036155,0.001955924264304867,1.0,0.3090352832963845,0.0031713314533635684,0,1,0,0,0,0.0,0.34234234234234234,0.29872478324633384,0.2556163699158607,0.922117329345616,0.5427013155548254,0.009009009009009009,0.3162337662337663,0.07192462734575855
1159,108,97.29729729729729,111,1,110,0,0,0.009009009009009009,1.967531304253904,1.9321360187576901,2.644988388859816,1.5178924030678467,0.6875351449914943,1.4794482337370949,7.72972972972973,8.176242457702756,0.4002080268159629,0.9034434888183778,0.002494808787988835,1.0,0.09655651118162223,0.00758774299024767,0,1,0,0,0,0.0,0.32432432432432434,0.28667921251753004,0.25323234802658195,0.9300991917777747,0.543341673090553,0.009009009009009009,0.2983766233766234,0.07189093808220849
1160,108,97.29729729729729,111,0,111,0,0,0.0,1.970446242215749,1.9353954486882554,2.5869547680219425,1.5203799394660458,0.6864773508971097,1.4339869704174124,7.72972972972973,8.176242457702756,0.3982995358986552,0.0,0.0,0.0,0.0,0.0,0,0,0,0,0,0.0,0.36036036036036034,0.28283620537423654,0.25510923654110207,0.9405537258723089,0.5437306244029522,0.0,0.2983766233766234,0.07200720627558789
1161,108,97.29729729729729,111,1,110,0,0,0.009009009009009009,1.9956960565581774,1.958880204873201,2.6434643138166076,1.5242978053810359,0.6801296481043348,1.4318708551645256,7.72972972972973,8.176242457702756,0.39990773199531926,0.987980077131891,0.005489833217914722,1.0,0.012019922868109045,0.004685641386594774,0,1,0,0,0,1.0,0.34234234234234234,0.2834644142889979,0.24554558491301726,0.9146094905855251,0.547021913544279,0.009009009009009009,0.28409090909090906,0.07229362245548868
1162,108,97.29729729729729,111,0,111,0,0,0.0,1.979707771425978,1.9429743542370665,2.6720717772681626,1.5267573563103662,0.6897848451590642,1.5000957637276242,7.72972972972973,8.176242457702756,0.3987497142652814,0.0,0.0,0.0,0.0,0.0,0,0,0,0,0,0.0,0.36936936936936937,0.28433879627519043,0.2385830605808536,0.920202391542887,0.544141001004858,0.0,0.28409090909090906,0.07231423045350405
1163,109,98.1981981981982,111,0,111,0,0,0.0,1.9821213622093865,1.9449982975721642,2.8073785334806316,1.5291481944037708,0.677854124369846,1.497780478365095,7.72972972972973,8.176242457702756,0.40219930916470803,0.0,0.0,0.0,0.0,0.0,0,0,0,0,0,0.0,0.36936936936936937,0.29177788166367685,0.22881334821726584,0.9392887362166713,0.5466891340452501,0.0,0.26233766233766237,0.07242403876706502
1164,110,99.09909909909909,111,0,111,0,0,0.0,1.9987149140667448,1.9605779932260514,2.8842121807285097,1.5323626187305543,0.6710587811857053,1.4887163976789684,7.72972972972973,8.176242457702756,0.4062260635936745,0.0,0.0,0.0,0.0,0.0,0,0,0,0,0,0.0,0.38738738738738737,0.29705038029591846,0.22583636606905272,0.9392887362166713,0.5498479596545687,0.0,0.26233766233766237,0.07263841608964043
1165,110,99.09909909909909,111,0,111,0,0,0.0,1.9806736538761425,1.9433812928466754,2.8055169743174946,1.5341893887965672,0.6899118887249167,1.5117162536674473,7.72972972972973,8.176242457702756,0.40442333973712863,0.0,0.0,0.0,0.0,0.0,0,0,0,0,0,0.0,0.36936936936936937,0.29410423674613384,0.22050671866586158,0.9328853659863133,0.5535803927255046,0.0,0.2983766233766234,0.07262289036355837
1166,111,100.0,111,0,111,0,0,0.0,1.9779521858623845,1.9411054435972455,2.718717158035042,1.5357179345507537,0.6963005026313853,1.5463908857653481,7.72972972972973,8.176242457702756,0.40122425612284296,0.0,0.0,0.0,0.0,0.0,0,0,0,0,0,0.0,0.40540540540540543,0.2890219253437218,0.22287220351778086,0.9295402097983849,0.5512719815364353,0.0,0.2983766233766234,0.07267177182695919
1167,111,100.0,111,0,111,0,0,0.0,1.9789942786528436,1.9422108240297826,2.712911178777311,1.5371938055653969,0.7002833782010826,1.5481614911384085,7.72972972972973,8.176242457702756,0.4012763023560364,0.0,0.0,0.0,0.0,0.0,0,0,0,0,0,0.0,0.36936936936936937,0.2887758450031392,0.22674189431210479,0.9295402097983849,0.5519384319325263,0.0,0.2983766233766234,0.07273731768717158
1168,111,100.0,111,0,111,0,0,0.0,1.9883971256150665,1.951133229869422,2.8436127963302,1.5391326198151267,0.6842397046680039,1.5534133977590332,7.72972972972973,8.176242457702756,0.40409939128225636,0.0,0.0,0.0,0.0,0.0,0,0,0,0,0,0.0,0.36936936936936937,0.29502864083689356,0.21863046376398199,0.9184333596357024,0.5561169276875726,0.0,0.23896103896103896,0.0728635929989139
1169,111,100.0,111,0,111,0,0,0.0,1.9850818192113326,1.9476236785695604,2.7690959112018896,1.5406833523722308,0.685783139451673,1.5237294721929702,7.72972972972973,8.176242457702756,0.4052783514670508,0.0,0.0,0.0,0.0,0.0,0,0,0,0,0,0.0,0.36036036036036034,0.29428499515332296,0.22823533415358277,0.9041713994079053,0.5595510011559356,0.0,0.29675324675324666,0.07291041229376491
1170,111,100.0,111,0,111,0,0,0.0,1.9877226665889198,1.9502511218029694,2.745750932863772,1.5422791541789573,0.6884399549409981,1.531463582821433,7.72972972972973,8.176242457702756,0.4045977594000254,0.0,0.0,0.0,0.0,0.0,0,0,0,0,0,0.0,0.38738738738738737,0.29184417121623923,0.22690526320537746,0.9115166389870721,0.5586883749291764,0.0,0.2607142857142857,0.07298885484308404
1171,111,100.0,111,0,111,0,0,0.0,2.001252145328432,1.96332010968064,2.649595847272944,1.5445993210693383,0.7172145046584593,1.5798436145026906,7.72972972972973,8.176242457702756,0.4023578390064704,0.0,0.0,0.0,0.0,0.0,0,0,0,0,0,0.0,0.36036036036036034,0.2855242562644647,0.23913743504652193,0.9295281962749391,0.5492429494409712,0.0,0.2607142857142857,0.07315135347197205
1172,111,100.0,111,0,111,0,0,0.0,1.9980140097555235,1.960694390336968,2.590601435043807,1.5465580373455006,0.7202026079834268,1.5256132233945705,7.72972972972973,8.176242457702756,0.40265629378299317,0.0,0.0,0.0,0.0,0.0,0,0,0,0,0,0.0,0.3783783783783784,0.28400969432726014,0.2399777558927924,0.9270478964630269,0.5525010434911988,0.0,0.21201298701298704,0.07321523749000625
1173,111,100.0,111,0,111,0,0,0.0,1.9930135452576063,1.9558007794105083,2.5558328215076047,1.5480365134344378,0.7265478162051466,1.5553339670364246,7.72972972972973,8.176242457702756,0.40113711142790276,0.0,0.0,0.0,0.0,0.0,0,0,0,0,0,0.0,0.3783783783783784,0.2815485857251178,0.24443998980565546,0.9375251497002217,0.5469048115419886,0.0,0.24805194805194805,0.07325067706237201
1174,111,100.0,111,0,111,0,0,0.0,1.995765996872799,1.9584547298907065,2.504628268202575,1.5495677004744395,0.7239129760026275,1.5675799335259872,7.72972972972973,8.176242457702756,0.4005886091707862,0.0,0.0,0.0,0.0,0.0,0,0,0,0,0,0.0,0.3783783783783784,0.279190392420821,0.24712767344044567,0.9228490318154513,0.5469902349947336,0.0,0.21201298701298701,0.07332703610288369
1175,111,100.0,111,0,111,0,0,0.0,1.9862697928573134,1.9494575105480676,2.377448073154168,1.550385186375245,0.734698570970017,1.5821857616446542,7.72972972972973,8.176242457702756,0.3944874388612416,0.0,0.0,0.0,0.0,0.0,0,0,0,0,0,0.0,0.38738738738738737,0.27038870265960774,0.24713690969742982,0.9396063167296803,0.5388378242378177,0.0,0.22629870129870128,0.07331297489745997
1176,111,100.0,111,0,111,0,0,0.0,1.9907696243167154,1.9540786107656367,2.4421699668296877,1.5514380985331444,0.7317732107217608,1.5828177128535856,7.72972972972973,8.176242457702756,0.3936679935705947,0.0,0.0,0.0,0.0,0.0,0,0,0,0,0,0.0,0.36936936936936937,0.27102009797467547,0.24307079919564525,0.9361018455830216,0.537939450412283,0.0,0.23896103896103896,0.07337851838020522
1177,111,100.0,111,0,111,0,0,0.0,1.9950194342460117,1.958240219651485,2.328243451179033,1.5526771326262665,0.7516043576097846,1.594584972523381,7.72972972972973,8.176242457702756,0.3895992503363199,0.0,0.0,0.0,0.0,0.0,0,0,0,0,0,0.0,0.36936936936936937,0.2629329637664172,0.24890337873490162,0.944669798155705,0.5318218013799568,0.0,0.22467532467532467,0.07345042064564533
1178,111,100.0,111,0,111,0,0,0.0,2.0096998032222517,1.9725630734266588,2.445311446088979,1.5547517172890177,0.7159707730114658,1.5614590207204846,7.72972972972973,8.176242457702756,0.3935748726112476,0.0,0.0,0.0,0.0,0.0,0,0,0,0,0,0.0,0.3783783783783784,0.2694271663074278,0.24326707438831263,0.9489036631673795,0.5393354751684982,0.0,0.24805194805194808,0.07360863402653495
1179,111,100.0,111,0,111,0,0,0.0,2.0258129237866767,1.9875735422656664,2.5132888434080334,1.557638512740804,0.7157801333581594,1.5684691765343437,7.72972972972973,8.176242457702756,0.39636831568485076,0.0,0.0,0.0,0.0,0.0,0,0,0,0,0,0.0,0.34234234234234234,0.27456419142852384,0.2496671769050444,0.9333384002587064,0.5402596488342541,0.0,0.28409090909090906,0.07380721532705507
1180,111,100.0,111,0,111,0,0,0.0,2.0402444141692713,2.0015393803579014,2.845487712204109,1.5612027814241314,0.6768294106054001,1.5511723626134224,7.72972972972973,8.176242457702756,0.4021461597883016,0.0,0.0,0.0,0.0,0.0,0,0,0,0,0,0.0,0.36036036036036034,0.28854077296184105,0.23835509524903026,0.9415691926574449,0.5474537662575562,0.0,0.24805194805194808,0.07402508440366445
1181,111,100.0,111,0,110,1,0,0.0,2.0557964280888243,2.016123215691131,3.1351755892783992,1.5654295546472474,0.6506018342675971,1.551016777615017,7.72972972972973,8.176242457702756,0.4057849800838451,0.5240560475178406,0.0022538973204124088,1.0,0.47594395248215937,0.006513934518756148,0,0,0,1,0,0.0,0.36036036036036034,0.29991240383036893,0.23001323855578232,0.9458300414073251,0.5472336009171188,0.0,0.24805194805194808,0.07427564008669182
1182,111,100.0,111,0,111,0,0,0.0,2.0498422406457477,2.0099657383776166,3.148444826103568,1.5689079764239593,0.6597784383842457,1.567587121421768,7.72972972972973,8.176242457702756,0.4072637289969778,0.0,0.0,0.0,0.0,0.0,0,0,0,0,0,0.0,0.36036036036036034,0.3031767574004094,0.2248054563666927,0.9458300414073251,0.5501663233011193,0.0,0.24805194805194808,0.07438807124855919
1183,110,99.09909909909909,111,1,110,0,0,0.009009009009009009,2.0618649278949817,2.0265434371515494,3.4750920548368445,1.57287405843445,0.6374670543178893,1.5498226273950624,7.72972972972973,8.176242457702756,0.4105287615707991,0.8815202006310059,0.002411194383168211,1.0,0.11847979936899411,0.010230747935917273,0,1,0,0,0,0.0,0.3333333333333333,0.31461904766945753,0.21907275772258195,0.9298547564413566,0.5498725036245763,0.009009009009009009,0.24805194805194808,0.07461032292542989
1184,109,98.1981981981982,111,1,110,0,0,0.009009009009009009,2.045935311251387,2.0134734866382775,3.2246578267763413,1.57580245607489,0.6678139325257191,1.586593851090926,7.72972972972973,8.176242457702756,0.40746395541917013,0.45177651540257124,0.0014674940152980826,0.0,0.45177651540257124,0.006990855320711087,0,1,0,0,0,0.0,0.35135135135135137,0.3067971987655044,0.23186859524951944,0.9334153234917468,0.5409203477207738,0.009009009009009009,0.2659090909090909,0.07465039128781593
1185,109,98.1981981981982,111,0,111,0,0,0.0,2.043713370906408,2.0118032171880103,3.1046810332140633,1.578552953659097,0.6733565163539454,1.5805322432813642,7.72972972972973,8.176242457702756,0.4041259467738465,0.0,0.0,0.0,0.0,0.0,0,0,0,0,0,0.0,0.36036036036036034,0.3001138119135493,0.23373912412946232,0.9180593315232787,0.5389293596695633,0.0,0.30194805194805197,0.07475172526173005
1186,108,97.29729729729729,111,2,109,0,0,0.018018018018018018,2.042887467865071,2.006316628267205,3.193965640520523,1.5810080194028233,0.6734821893628494,1.5889680133522335,7.72972972972973,8.176242457702756,0.40405426109725395,0.7376229180645697,0.003715869881458253,0.5,0.2435120259166189,0.005279903654848261,0,2,0,0,0,0.5,0.32432432432432434,0.30298190302001,0.23153180286729205,0.9293667620737875,0.5362876789817015,0.018018018018018018,0.28409090909090906,0.07484796181037488
1187,108,97.29729729729729,111,0,111,0,0,0.0,2.0415105068189674,2.0052227523574335,3.305163733154948,1.5829024697005354,0.6557208696881383,1.5748738082888096,7.72972972972973,8.176242457702756,0.40508680881165016,0.0,0.0,0.0,0.0,0.0,0,0,0,0,0,0.0,0.32432432432432434,0.3071834812307632,0.2246952348737633,0.9371822134205885,0.5402263648711461,0.0,0.24805194805194805,0.07491852442993517
1188,109,98.1981981981982,111,0,111,0,0,0.0,2.0382648139644535,2.002169748781141,3.1715765475569344,1.5844423283689544,0.6643832929003933,1.5675316895630496,7.72972972972973,8.176242457702756,0.4029608248491632,0.0,0.0,0.0,0.0,0.0,0,0,0,0,0,0.0,0.32432432432432434,0.3023937397020932,0.2258023853283309,0.9285688755916073,0.5408066247210256,0.0,0.28409090909090906,0.07496524725478054
1189,109,98.1981981981982,111,0,111,0,0,0.0,2.038777751484243,2.0027602199259107,3.0122581454202053,1.5858949071410884,0.6886749912002721,1.5823542885580273,7.72972972972973,8.176242457702756,0.40160817809396554,0.0,0.0,0.0,0.0,0.0,0,0,0,0,0,0.0,0.32432432432432434,0.29623950398521887,0.2375421394265866,0.9319883890866654,0.5364480638943018,0.0,0.28409090909090906,0.0750271951235289
1190,109,98.1981981981982,111,0,111,0,0,0.0,2.044860678777696,2.008394355415633,3.035112740581861,1.587597248013352,0.6872549936042889,1.5881793045517651,7.72972972972973,8.176242457702756,0.40235586729463013,0.0,0.0,0.0,0.0,0.0,0,0,0,0,0,0.0,0.32432432432432434,0.29723471525757533,0.23119893538311728,0.925277463515638,0.5406170653035663,0.0,0.22629870129870128,0.0751272035185826
1191,111,100.0,111,0,110,1,0,0.0,2.025451904713627,1.9899785878378926,2.9365486488388712,1.5879558271223604,0.6945389952516108,1.6058732016199326,7.72972972972973,8.176242457702756,0.39829315143535515,0.6301168867269612,0.0022987863713652516,1.0,0.3698831132730388,0.009153247627114003,0,0,0,1,0,0.0,0.3153153153153153,0.2921623309180941,0.22647505186864741,0.9262988423014648,0.5370830494013734,0.0,0.2983766233766233,0.07504481879693983
1192,110,99.09909909909909,111,1,110,0,0,0.009009009009009009,1.9991440106555498,1.9693978879098057,2.9316569731121036,1.5866071635127483,0.6931727303659474,1.6206049626553605,7.72972972972973,8.176242457702756,0.39687286188337434,0.6858744511838473,0.0030374829987429267,1.0,0.31412554881615273,0.0030312979457577383,0,1,0,0,0,0.0,0.3153153153153153,0.29308360344112794,0.21397565306640315,0.9302144754954542,0.5350843358289196,0.009009009009009009,0.3162337662337662,0.07485814432331911
1193,110,99.09909909909909,111,0,111,0,0,0.0,2.015964503110373,1.9865970885636608,2.8879152886613952,1.5868255106675688,0.6773855526363243,1.5987402462270661,7.72972972972973,8.176242457702756,0.39222647484154916,0.0,0.0,0.0,0.0,0.0,0,0,0,0,0,0.0,0.3063063063063063,0.2859128341281578,0.21336742339326337,0.9458239131769965,0.5325101663237172,0.0,0.24415584415584413,0.07495117308198204
1194,110,99.09909909909909,111,0,111,0,0,0.0,2.015815432286231,1.9868148104898247,2.8039339903071565,1.5870402464076645,0.6865036005244515,1.6007498431894396,7.72972972972973,8.176242457702756,0.3908380438223953,0.0,0.0,0.0,0.0,0.0,0,0,0,0,0,0.0,0.32432432432432434,0.28178611939308923,0.22029106450080593,0.9420430351868176,0.529050853730911,0.0,0.26590909090909093,0.0749592063852381
1195,110,99.09909909909909,111,0,111,0,0,0.0,2.0424882905332,2.0127410057222073,3.0118012656142383,1.588933255698813,0.663024822832241,1.5782627543100702,7.72972972972973,8.176242457702756,0.39548476308295255,0.0,0.0,0.0,0.0,0.0,0,0,0,0,0,0.0,0.2882882882882883,0.29006978713666903,0.21984672541918737,0.9165260933016804,0.5323613291565713,0.0,0.33798701298701295,0.07516995919116853
1196,110,99.09909909909909,111,0,111,0,0,0.0,2.0554958601248297,2.0253096706297287,2.9594016207590674,1.591493603573798,0.6746944904796252,1.5762304308431898,7.72972972972973,8.176242457702756,0.3961925521865286,0.0,0.0,0.0,0.0,0.0,0,0,0,0,0,0.0,0.2972972972972973,0.28738325128305875,0.2320201484203907,0.9319149699338852,0.531776704525771,0.0,0.26590909090909093,0.07533966716413638
1197,111,100.0,111,0,111,0,0,0.0,2.0520444110477163,2.021676372842804,2.9315115116682575,1.5936069574097482,0.6996266676186909,1.6037982808432003,7.72972972972973,8.176242457702756,0.39513644591066344,0.0,0.0,0.0,0.0,0.0,0,0,0,0,0,0.0,0.2882882882882883,0.28719545713337197,0.236780544565138,0.9250935646807714,0.5263767073676398,0.0,0.30194805194805197,0.07540880638555904
1198,111,100.0,111,0,111,0,0,0.0,2.045462929557232,2.01569785193507,2.81671319211993,1.5951564636202415,0.7279493007216641,1.5876633749974631,7.72972972972973,8.176242457702756,0.3906184877550265,0.0,0.0,0.0,0.0,0.0,0,0,0,0,0,0.0,0.2882882882882883,0.28012096282089216,0.23748624496554394,0.9251216288177067,0.5195078737761176,0.0,0.31623376623376626,0.07543924467044016
1199,111,100.0,111,0,111,0,0,0.0,2.0407688714421175,2.0105815544030237,2.8594708381008305,1.5962446217332056,0.7355509863801157,1.645033934676787,7.72972972972973,8.176242457702756,0.3929036062682181,0.0,0.0,0.0,0.0,0.0,0,0,0,0,0,0.0,0.27927927927927926,0.28436272645650357,0.23879702808421496,0.9326700842780018,0.5197178743289993,0.0,0.31623376623376626,0.07546025960268414
1200,111,100.0,111,0,111,0,0,0.0,2.058239742046376,2.027190642402765,3.02967834958881,1.598330208844428,0.7002966479909821,1.5826017280645133,7.72972972972973,8.176242457702756,0.3954802623490441,0.0,0.0,0.0,0.0,0.0,0,0,0,0,0,0.0,0.2882882882882883,0.2915006886904405,0.23654934468353458,0.9356803239797093,0.5201605127567995,0.0,0.2801948051948052,0.0756328752851455
1201,111,100.0,111,0,109,2,0,0.0,2.063472295294654,2.032284201875266,3.037058584396961,1.6005784427145298,0.6964393323778272,1.5711464752820485,7.72972972972973,8.176242457702756,0.3944318179969162,0.5031720202711815,0.0018772059140623261,0.5,0.48410964268447654,0.005460801536633586,0,0,0,2,0,0.0,0.2972972972972973,0.2903503737950957,0.2309099782548847,0.9352179778635838,0.5230075553900937,0.0,0.2801948051948052,0.07575094857750476
1202,110,99.09909909909909,111,1,110,0,0,0.009009009009009009,2.0654753001425084,2.0394392235798287,3.1442917853983263,1.602791071623667,0.690575460151039,1.6156120766412387,7.72972972972973,8.176242457702756,0.3936029073917271,0.569035261843273,0.002167926614883261,1.0,0.430964738156727,0.005314361567228643,0,1,0,0,0,0.0,0.2882882882882883,0.292354695077042,0.21843991972295987,0.9347627497846418,0.5262052615088519,0.009009009009009009,0.2801948051948052,0.07585141855389417
1203,110,99.09909909909909,111,0,111,0,0,0.0,2.0686393011412636,2.0422278022248843,3.224326116564589,1.6053249848361206,0.6970019848680722,1.6362994103740227,7.72972972972973,8.176242457702756,0.39494336732809465,0.0,0.0,0.0,0.0,0.0,0,0,0,0,0,0.0,0.2972972972972973,0.2962517777927269,0.21677644920529668,0.9358723501606997,0.5292357905847365,0.0,0.31623376623376626,0.07597082800284694
1204,110,99.09909909909909,111,0,111,0,0,0.0,2.077272090439213,2.0503474502994314,3.1905490432946357,1.6081828248512855,0.7077770004021992,1.641374365030167,7.72972972972973,8.176242457702756,0.3954036742176583,0.0,0.0,0.0,0.0,0.0,0,0,0,0,0,0.0,0.2972972972972973,0.2943918252064437,0.22096056533218822,0.9337396656944557,0.5275796734479574,0.0,0.24415584415584418,0.07613082391368325
1205,110,99.09909909909909,111,0,111,0,0,0.0,2.0667984651702755,2.040342816451487,2.9290562160652733,1.610152598441427,0.7366968044100276,1.5975846757900358,7.72972972972973,8.176242457702756,0.3938452932566028,0.0,0.0,0.0,0.0,0.0,0,0,0,0,0,0.0,0.32432432432432434,0.28580428727941914,0.2437105265363858,0.9351352660596658,0.5229400914677816,0.0,0.2801948051948052,0.07615898251963744
1206,109,98.1981981981982,111,1,110,0,0,0.009009009009009009,2.063924830551717,2.0433159138928527,2.927926771584844,1.6117852008934472,0.7480564572247123,1.5719594828945214,7.72972972972973,8.176242457702756,0.39286818371150534,0.505922254945764,0.001859413696340195,1.0,0.49407774505423596,0.006415315009682621,0,1,0,0,0,0.0,0.32432432432432434,0.2855854983927708,0.24365661773298822,0.937817754222906,0.5220250284347746,0.009009009009009009,0.24415584415584413,0.07621135711396844
1207,110,99.09909909909909,111,0,111,0,0,0.0,2.0684151532684862,2.0481808569810926,2.92507284014921,1.61397312124225,0.7473518867238224,1.6036671185993527,7.72972972972973,8.176242457702756,0.3913980291316903,0.0,0.0,0.0,0.0,0.0,0,0,0,0,0,0.0,0.3153153153153153,0.28369372154089356,0.24150101647768027,0.9348368753204392,0.5226713102734343,0.0,0.2801948051948052,0.07632325356380204
1208,110,99.09909909909909,111,0,111,0,0,0.0,2.078440407467635,2.0582330995344362,2.9586592944062096,1.6166396684974316,0.7461999196465309,1.5801168379733392,7.72972972972973,8.176242457702756,0.3902481893691616,0.0,0.0,0.0,0.0,0.0,0,0,0,0,0,0.0,0.3063063063063063,0.28285285116540165,0.23874696661900546,0.9340901428025671,0.5190231345198199,0.0,0.17207792207792208,0.07648239151921422
1209,110,99.09909909909909,111,0,111,0,0,0.0,2.0764636330745505,2.056226796306981,3.064605522537191,1.6189569602107297,0.7240343601743007,1.5476254187492369,7.72972972972973,8.176242457702756,0.3932204328428044,0.0,0.0,0.0,0.0,0.0,0,0,0,0,0,0.0,0.3153153153153153,0.2896715100301078,0.2303190614580009,0.9394036891616542,0.5248725327177391,0.0,0.2081168831168831,0.07656724134171455
1210,110,99.09909909909909,111,0,111,0,0,0.0,2.079621806400446,2.0589607216835257,3.094685597363349,1.6212636104290155,0.7207483340510329,1.5312597862284514,7.72972972972973,8.176242457702756,0.39347678166691513,0.0,0.0,0.0,0.0,0.0,0,0,0,0,0,0.0,0.3153153153153153,0.2912036783847223,0.22405170525681334,0.9314489249313832,0.5276120527879946,0.0,0.1707792207792208,0.07667733086559311
1211,110,99.09909909909909,111,1,110,0,0,0.009009009009009009,2.10583563703668,2.088907147063683,3.2322955272617064,1.6250262523054837,0.7004203309595695,1.5133416297246012,7.72972972972973,8.176242457702756,0.4001502805238326,0.7481336512031249,0.0030046703811691757,1.0,0.2518663487968751,0.006429888753256896,0,1,0,0,0,0.0,0.3153153153153153,0.2982682493007692,0.23002509747023028,0.9499789941141952,0.5333137974382451,0.009009009009009009,0.18863636363636366,0.07696222138009183
1212,110,99.09909909909909,111,0,111,0,0,0.0,2.0905856521605317,2.073821205284817,3.2631741583339364,1.6278086858223388,0.7016161195702271,1.5201437409058252,7.72972972972973,8.176242457702756,0.4012325777206771,0.0,0.0,0.0,0.0,0.0,0,0,0,0,0,0.0,0.3333333333333333,0.3021879720959858,0.2262210934357664,0.954945409437109,0.5339627554539743,0.0,0.18863636363636366,0.07699972071099233
1213,110,99.09909909909909,111,0,111,0,0,0.0,2.0641434764699134,2.0481066692353984,3.0288327809319346,1.6286816345772126,0.7207283785032038,1.5260730616161458,7.72972972972973,8.176242457702756,0.39655032947266244,0.0,0.0,0.0,0.0,0.0,0,0,0,0,0,0.0,0.3333333333333333,0.2927476456719934,0.22936091608021025,0.9637010494936397,0.5264336928280737,0.0,0.18993506493506493,0.07690319703590422
1214,109,98.1981981981982,111,1,110,0,0,0.009009009009009009,2.075890605255326,2.060594640283628,3.184901585588391,1.630282640239058,0.7007795948613184,1.517304222797649,7.72972972972973,8.176242457702756,0.3979167367957497,0.9731777485202366,0.0008534596854420536,1.0,0.02682225147976336,0.058292236202623915,0,1,0,0,0,1.0,0.3333333333333333,0.29785282650211325,0.21878748229443562,0.9557147798350769,0.535027058196062,0.009009009009009009,0.19383116883116885,0.0770273837321683
1215,109,98.1981981981982,111,0,110,1,0,0.0,2.0996782208354694,2.0844035469000723,3.3956758855438776,1.6333274890604794,0.6658446099499481,1.474967909334712,7.72972972972973,8.176242457702756,0.401069236207112,0.7702456496007872,0.005046526942595596,1.0,0.22975435039921277,0.00949563924471164,0,0,0,1,0,0.0,0.32432432432432434,0.3049167214378239,0.21663162513773132,0.9570897655508193,0.534356291062745,0.0,0.19383116883116885,0.07727079892112397
1216,109,98.1981981981982,111,1,110,0,0,0.009009009009009009,2.0873570091588807,2.075464284415961,3.1062614981103738,1.635352487637678,0.7053244194251171,1.5062084654454493,7.72972972972973,8.176242457702756,0.3958157382369296,0.7577701792336073,0.004412078778771086,1.0,0.24222982076639266,0.005371137978535501,0,1,0,0,0,0.0,0.3333333333333333,0.29199087136009716,0.23138198771120733,0.9531024295514592,0.5260577630121569,0.009009009009009009,0.2116883116883117,0.07729197725945942
1217,109,98.1981981981982,111,0,111,0,0,0.0,2.0701263080965218,2.0582706041268937,3.049493312019121,1.6362734592335781,0.7138983044461794,1.5091595847137538,7.72972972972973,8.176242457702756,0.39390082740302046,0.0,0.0,0.0,0.0,0.0,0,0,0,0,0,0.0,0.3333333333333333,0.29021099699231845,0.22835980965209557,0.9562618197221028,0.5265899952151576,0.0,0.18993506493506493,0.0772434741894713
1218,109,98.1981981981982,111,0,110,1,0,0.0,2.073868058569272,2.0624628809442322,3.0673533877025925,1.6373933465324984,0.698093094695661,1.475896778626761,7.72972972972973,8.176242457702756,0.3935225458706886,0.6810131839007072,0.004787825237304973,1.0,0.3189868160992928,-0.0010111483321399994,0,0,0,1,0,0.0,0.3333333333333333,0.2898204358759864,0.21901908863409453,0.9512085977947546,0.5325881686997903,0.0,0.18993506493506496,0.07730796529224145
1219,109,98.1981981981982,111,1,110,0,0,0.009009009009009009,2.066185641099151,2.0554109707597172,2.9962159031913744,1.6379378332027263,0.7029595132613173,1.468277839905907,7.72972972972973,8.176242457702756,0.3925936665859049,0.7208856800164811,0.0038383771612908128,1.0,0.2791143199835189,0.009903245675911165,0,1,0,0,0,0.0,0.35135135135135137,0.28860162583319965,0.2212531395669825,0.9499027897631257,0.5312933576340483,0.009009009009009009,0.20779220779220775,0.07729181248004469
1220,109,98.1981981981982,111,0,111,0,0,0.0,2.086407889700379,2.075593242485877,3.2576241878390597,1.6397804934067002,0.6841827937102894,1.484720519874951,7.72972972972973,8.176242457702756,0.39672051604677905,0.0,0.0,0.0,0.0,0.0,0,0,0,0,0,0.0,0.35135135135135137,0.298195359269422,0.21191254779057953,0.9531203068614812,0.5395312417015056,0.0,0.2438311688311688,0.07746825390602508
1221,110,99.09909909909909,111,0,111,0,0,0.0,2.092762336198595,2.0815947853023173,3.2157996582363153,1.6418650537982256,0.6870609468300909,1.4868143440249983,7.72972972972973,8.176242457702756,0.3984417362837762,0.0,0.0,0.0,0.0,0.0,0,0,0,0,0,0.0,0.35135135135135137,0.29807015943693493,0.22248226935110005,0.9531327564495528,0.5391241499103557,0.0,0.2655844155844156,0.07758524549441033
1222,110,99.09909909909909,111,0,111,0,0,0.0,2.092335921968714,2.0815582283769083,3.1724983597716183,1.6437767842916775,0.6899571474450528,1.4901317224324058,7.72972972972973,8.176242457702756,0.3993204182274872,0.0,0.0,0.0,0.0,0.0,0,0,0,0,0,0.0,0.36936936936936937,0.2969144992011623,0.22610623739014055,0.948966356026399,0.539912466234921,0.0,0.2798701298701298,0.07766126728340216
1223,110,99.09909909909909,111,0,111,0,0,0.0,2.0808450787851602,2.0701089817346685,3.042865209070192,1.6447833125328064,0.7040158943091802,1.504268119928511,7.72972972972973,8.176242457702756,0.3970463136744231,0.0,0.0,0.0,0.0,0.0,0,0,0,0,0,0.0,0.36936936936936937,0.29077321254290955,0.22585418445545277,0.953863310631069,0.5351783386560724,0.0,0.2655844155844156,0.07764496116218436
1224,110,99.09909909909909,111,1,110,0,0,0.009009009009009009,2.092082085229334,2.0905446008500004,3.1708230804530584,1.6464028512330662,0.6937645621223368,1.4923542791463695,7.72972972972973,8.176242457702756,0.3986377515430293,0.8999487955415713,0.005430869790668332,1.0,0.10005120445842874,0.0018540546845311479,0,1,0,0,0,0.0,0.35135135135135137,0.29450371970622524,0.2214207281200288,0.9581766689318704,0.5356889797627217,0.009009009009009009,0.2655844155844156,0.07776735489982003
1225,108,97.29729729729729,111,2,109,0,0,0.018018018018018018,2.117078007783794,2.1201955421262437,3.230665020316714,1.6501720128042017,0.7041122800788995,1.504731853130936,7.72972972972973,8.176242457702756,0.40210045592573596,0.8946156739827319,0.0035864495681239596,1.0,0.1053843260172681,0.03554655368797677,0,2,0,0,0,0.5,0.3333333333333333,0.29794891754047315,0.24806881814424955,0.946924455187077,0.5318350180575478,0.018018018018018018,0.3016233766233766,0.07804642240693162
1226,107,96.3963963963964,111,1,109,0,1,0.009009009009009009,2.118855512901434,2.1180467679064416,3.165750915410871,1.6540637050733649,0.7132683862869031,1.5688943135614548,7.72972972972973,8.176242457702756,0.4037416407334986,0.8067066435339391,0.0012951677790130562,1.0,0.19329335646606094,-0.007193771435680396,0,2,0,0,0,0.0,0.3333333333333333,0.29769124336590586,0.27491495417050504,0.9494215449595419,0.5252806196486518,0.009009009009009009,0.2655844155844156,0.07821440703033705
1227,106,95.49549549549549,111,1,110,0,0,0.009009009009009009,2.12339627211833,2.116841929829202,3.2285901471754914,1.6576025216528654,0.7163900055398058,1.5715053353293829,7.72972972972973,8.176242457702756,0.4039883508790627,0.9966953553380702,0.005515683371099199,1.0,0.003304644661929812,0.014938096795228173,0,1,0,0,0,1.0,0.32432432432432434,0.29993269507897147,0.2761610228928562,0.9379950085873524,0.5272735229586494,0.009009009009009009,0.2837662337662337,0.0783817819382582
1228,106,95.49549549549549,111,0,110,1,0,0.0,2.1202397910952837,2.113686371867772,3.240097189712719,1.6603290185449966,0.7104454370597449,1.566395253716777,7.72972972972973,8.176242457702756,0.4035429389913523,0.6775948731025534,0.0007032090233959504,1.0,0.3224051268974466,0.06616955898645957,0,0,0,1,0,0.0,0.32432432432432434,0.2997433610841423,0.27049324495665056,0.9379950085873524,0.5273265867828064,0.0,0.2837662337662338,0.07847746203139416
1229,106,95.49549549549549,111,1,110,0,0,0.009009009009009009,2.1178731039209624,2.1090619175953007,3.0939632502863437,1.6626829234877896,0.7175024364043948,1.5601067441958103,7.72972972972973,8.176242457702756,0.40340974365702564,0.6769265602848037,0.0008787159636138504,1.0,0.3230734397151963,0.06359133689881397,0,1,0,0,0,0.0,0.32432432432432434,0.2947179331771235,0.28004818834131207,0.9245867709457432,0.5283085227248898,0.009009009009009009,0.31980519480519476,0.07856185908319585
1230,107,96.3963963963964,111,1,110,0,0,0.009009009009009009,2.1008273012803254,2.0893488023050284,3.1018890608155165,1.6635519520021909,0.7382702515131326,1.5929434842212793,7.72972972972973,8.176242457702756,0.4019740335251223,0.9146363394612818,0.004810955362721213,1.0,0.08536366053871824,0.00662073547328601,0,1,0,0,0,0.0,0.3063063063063063,0.2956425897685523,0.28232050723658847,0.9064334090957193,0.5194865174596348,0.009009009009009009,0.33798701298701295,0.07851215700917469
1231,108,97.29729729729729,111,0,111,0,0,0.0,2.096793043084846,2.0854792793223047,3.0143042466805356,1.6639469848226798,0.758729200514589,1.6167025533700994,7.72972972972973,8.176242457702756,0.4000572128506883,0.0,0.0,0.0,0.0,0.0,0,0,0,0,0,0.0,0.3333333333333333,0.2917665511919547,0.28408859215692867,0.9222347878904988,0.5160704758567808,0.0,0.3019480519480519,0.07850813513879262
1232,108,97.29729729729729,111,1,110,0,0,0.009009009009009009,2.104401991166049,2.0896368695087593,3.10523999220833,1.6647897961182765,0.7500774247054112,1.6144080192147419,7.72972972972973,8.176242457702756,0.4037492171739534,0.5493784433098201,0.00443670621789603,1.0,0.4506215566901799,-0.014629156838957602,0,1,0,0,0,0.0,0.34234234234234234,0.2979004898758515,0.2833688075901951,0.9279052803983684,0.5152375052003986,0.009009009009009009,0.2659090909090909,0.07858063502669309
1233,108,97.29729729729729,111,0,111,0,0,0.0,2.0947481651972506,2.080244754753406,2.927020165218431,1.6647412298663768,0.7765176290310137,1.630897588047145,7.72972972972973,8.176242457702756,0.39771406301743784,0.0,0.0,0.0,0.0,0.0,0,0,0,0,0,0.0,0.34234234234234234,0.287509786025927,0.29391492648410267,0.9472639132174244,0.5066257763554262,0.0,0.26201298701298703,0.07853038044959512
1234,109,98.1981981981982,111,0,111,0,0,0.0,2.102085177062514,2.087333562578815,2.978018755329146,1.6651603130011179,0.7637054865882197,1.6087262891255798,7.72972972972973,8.176242457702756,0.3993307966202113,0.0,0.0,0.0,0.0,0.0,0,0,0,0,0,0.0,0.3153153153153153,0.29084052082396,0.2995603650174082,0.9405072707085976,0.5034368214194254,0.0,0.298051948051948,0.07858419813551934
1235,110,99.09909909909909,111,0,111,0,0,0.0,2.0915570424198733,2.077354364453412,2.879420091428823,1.6648923921354097,0.7746661319411486,1.6289914102216798,7.72972972972973,8.176242457702756,0.3936144434892357,0.0,0.0,0.0,0.0,0.0,0,0,0,0,0,0.0,0.32432432432432434,0.28311699532834816,0.300909919590479,0.9379595374443235,0.49362946443250627,0.0,0.225974025974026,0.07852060453251858
1236,110,99.09909909909909,111,0,111,0,0,0.0,2.0934447224426354,2.0794870327820374,2.837655487369236,1.6647858748359696,0.7894301265121341,1.6508395962548517,7.72972972972973,8.176242457702756,0.3928817873717081,0.0,0.0,0.0,0.0,0.0,0,0,0,0,0,0.0,0.3063063063063063,0.28065891648359687,0.30164769534344715,0.948185859706589,0.4905823410831171,0.0,0.26201298701298703,0.07852568837630158
1237,111,100.0,111,0,111,0,0,0.0,2.0723416601521225,2.0579974531384946,2.7710241353586302,1.6632824345413537,0.8113608280217675,1.6872699198411167,7.72972972972973,8.176242457702756,0.3911878606887025,0.0,0.0,0.0,0.0,0.0,0,0,0,0,0,0.0,0.3063063063063063,0.2792471628844259,0.30243751762691373,0.9398687531894984,0.4893590391981268,0.0,0.26590909090909093,0.07835871060300172
1238,111,100.0,111,0,111,0,0,0.0,2.0715652602384793,2.0573334120350264,2.637486447723316,1.6618584842819215,0.8113321843520885,1.6476337616692458,7.72972972972973,8.176242457702756,0.3846454624628106,0.0,0.0,0.0,0.0,0.0,0,0,0,0,0,0.0,0.3063063063063063,0.2685859947592614,0.2944584680109952,0.947934841933346,0.4910812025828327,0.0,0.22987012987012986,0.07829661579058937
1239,111,100.0,111,0,111,0,0,0.0,2.0671114549619407,2.053603972638901,2.596792348439076,1.6603070172423056,0.8033931401921031,1.670217928003603,7.72972972972973,8.176242457702756,0.38299167529236344,0.0,0.0,0.0,0.0,0.0,0,0,0,0,0,0.0,0.2972972972972973,0.266418661027336,0.29504345885032995,0.9387660182312383,0.48975991180106926,0.0,0.26201298701298703,0.0782109209108015
1240,111,100.0,111,0,111,0,0,0.0,2.065707282910167,2.052308416523691,2.579244975411005,1.6587976596621756,0.8073577159080568,1.676838537754289,7.72972972972973,8.176242457702756,0.38402867866090196,0.0,0.0,0.0,0.0,0.0,0,0,0,0,0,0.0,0.3063063063063063,0.266377447115279,0.2944464721190134,0.9320189335546324,0.49202734137200016,0.0,0.26590909090909093,0.07814219568289008
1241,111,100.0,111,0,111,0,0,0.0,2.072658933100667,2.059185575785289,2.6839122203092067,1.6578615453896954,0.7974169415810081,1.6715870152573877,7.72972972972973,8.176242457702756,0.38437948987215464,0.0,0.0,0.0,0.0,0.0,0,0,0,0,0,0.0,0.27927927927927926,0.2707268387402928,0.28655668269913614,0.9361237897072481,0.49367594078191773,0.0,0.26590909090909093,0.07813868444754299
1242,111,100.0,111,0,111,0,0,0.0,2.08419056772914,2.0711938932898906,2.761617503651498,1.657787433413228,0.7786183998733559,1.6644397361977323,7.72972972972973,8.176242457702756,0.3843312563726633,0.0,0.0,0.0,0.0,0.0,0,0,0,0,0,0.0,0.27927927927927926,0.2724005896054472,0.2776238074829892,0.9430723847407312,0.4937627250227682,0.0,0.2298701298701299,0.0781933128332423
1243,110,99.09909909909909,111,1,110,0,0,0.009009009009009009,2.0803064845436605,2.074134486942696,2.630412935592444,1.6574628547667059,0.7943604483802986,1.6582916004764674,7.72972972972973,8.176242457702756,0.38048424550298177,0.8052553164414851,0.004420350110947309,1.0,0.19474468355851493,0.007171420396061889,0,1,0,0,0,0.0,0.2702702702702703,0.26535637122088934,0.28174766074696017,0.9455224120373731,0.4877695738863015,0.009009009009009009,0.19383116883116885,0.07816062324876208
1244,109,98.1981981981982,111,1,110,0,0,0.009009009009009009,2.086020032617014,2.0763919164546407,2.716661616636081,1.657980695134105,0.792733845453551,1.6700429988322079,7.72972972972973,8.176242457702756,0.3836359572893113,0.9998028911900974,0.005108621577522895,1.0,0.00019710880990264634,0.05862969289142872,0,1,0,0,0,1.0,0.25225225225225223,0.2710676896451183,0.2758462645952823,0.9387415637978351,0.48989149822625044,0.009009009009009009,0.22987012987012986,0.07821036093112006
1245,109,98.1981981981982,111,0,111,0,0,0.0,2.118447244007774,2.109054329732223,2.8787084270918704,1.6603732900489026,0.7776673639315329,1.6499714983391183,7.72972972972973,8.176242457702756,0.38640572170444476,0.0,0.0,0.0,0.0,0.0,0,0,0,0,0,0.0,0.25225225225225223,0.2759655564864954,0.27767319678548924,0.9331603377863436,0.4944417313966979,0.0,0.19383116883116883,0.07847030916870612
1246,109,98.1981981981982,111,0,111,0,0,0.0,2.1213286158419993,2.1116989798219072,2.987383105584853,1.6627432470052277,0.7684963986011721,1.6482653176470068,7.72972972972973,8.176242457702756,0.38808952045767797,0.0,0.0,0.0,0.0,0.0,0,0,0,0,0,0.0,0.2702702702702703,0.28006465756579024,0.2636194567591135,0.9251590494918582,0.5009886243941896,0.0,0.19383116883116885,0.07858160274132342
1247,109,98.1981981981982,111,0,111,0,0,0.0,2.118625761136843,2.109442636578636,2.957488517217423,1.6647718432592626,0.7751627564941811,1.6424899469914793,7.72972972972973,8.176242457702756,0.3857596690029128,0.0,0.0,0.0,0.0,0.0,0,0,0,0,0,0.0,0.26126126126126126,0.2771946798045792,0.2571178900281347,0.9263015656121802,0.5036062018468533,0.0,0.24285714285714285,0.07865101994190653
1248,110,99.09909909909909,111,0,111,0,0,0.0,2.1582119588564015,2.149262317539128,3.2036673068932053,1.6692391794940502,0.7075264638155077,1.5751628545014686,7.72972972972973,8.176242457702756,0.3894512408583062,0.0,0.0,0.0,0.0,0.0,0,0,0,0,0,0.0,0.2702702702702703,0.2839285986623665,0.2453490064969608,0.9446285211326629,0.5206297823606151,0.0,0.20681818181818185,0.07903158105148284
1249,111,100.0,111,0,108,3,0,0.0,2.1489498756525482,2.1405027525709617,3.108375728077613,1.6727682928708512,0.7267261330195364,1.597405478678474,7.72972972972973,8.176242457702756,0.3879025431020253,0.4206394049151134,0.0030860371961731734,0.6666666666666666,0.2928238983268471,-0.008612356956945252,0,0,0,3,0,0.0,0.2702702702702703,0.28016514204209175,0.24278870566157268,0.9426473211502949,0.5148607887733203,0.0,0.20681818181818185,0.07912954506861081
1250,108,97.29729729729729,111,3,107,1,0,0.02702702702702703,2.131481756880492,2.120674330636227,2.8739359111550553,1.674816333388964,0.7684462435285409,1.6279820886228593,7.72972972972973,8.176242457702756,0.3854429525072647,0.618524697102766,0.003545273147904018,0.75,0.16127589790877608,0.003796032102609384,0,3,0,1,0,0.25,0.26126126126126126,0.2732260545273159,0.2635960783953082,0.9350103123977329,0.5051857361113821,0.02702702702702703,0.20681818181818185,0.07912593085394698
1251,108,97.29729729729729,111,0,111,0,0,0.0,2.136987450666221,2.1259439176063304,3.065405616330917,1.6769371526244974,0.735663713566716,1.6104861759520896,7.72972972972973,8.176242457702756,0.3902215669097413,0.0,0.0,0.0,0.0,0.0,0,0,0,0,0,0.0,0.2702702702702703,0.28308137339455997,0.252103099985821,0.9309829443481348,0.5116591587314525,0.0,0.22987012987012986,0.07924016098426903
1252,107,96.3963963963964,111,1,109,1,0,0.009009009009009009,2.1303745476758564,2.1280980629797828,3.0794050937384223,1.6784295075296385,0.7496401944480455,1.6367387735177583,7.72972972972973,8.176242457702756,0.390210676261342,0.5254305650767711,0.0018310633862563949,0.5,0.044351943672168964,0.01210872028575468,0,1,0,1,0,0.5,0.2702702702702703,0.2832390421284485,0.25707058821160106,0.9440098720192396,0.5055044004513389,0.009009009009009009,0.20811688311688312,0.07926810574700408
1253,106,95.49549549549549,111,1,109,0,1,0.009009009009009009,2.132517063858432,2.129752481637048,3.1939340400133753,1.6805046242317605,0.7457331663619415,1.6240189311633357,7.72972972972973,8.176242457702756,0.3925512827836848,0.9793623898672515,0.003401044551064277,1.0,0.020637610132748452,0.012186881119367887,0,2,0,0,0,1.0,0.27927927927927926,0.2890408494227028,0.24460649356777037,0.951178734658072,0.5071662426083796,0.009009009009009009,0.24415584415584413,0.07936365161433985
1254,104,93.69369369369369,111,2,109,0,0,0.018018018018018018,2.139830949875524,2.130850102324147,3.2252517685378916,1.6828713804142221,0.7836574256499556,1.6997477234496519,7.72972972972973,8.176242457702756,0.38978126392883583,0.9478513225480458,0.004323985588461043,1.0,0.05214867745195417,0.016986222235803095,0,2,0,0,0,0.5,0.2972972972972973,0.288710916431126,0.2709401855176537,0.9412452861558522,0.48686073689231074,0.018018018018018018,0.2262987012987013,0.07949697690635567
1255,107,96.3963963963964,111,0,111,0,0,0.0,2.1654778778321457,2.15667432821911,3.43726264411347,1.686343673778847,0.7530334881377869,1.6625056722002647,7.72972972972973,8.176242457702756,0.39277101375135137,0.0,0.0,0.0,0.0,0.0,0,0,0,0,0,0.0,0.2882882882882883,0.2955648767660488,0.2662763873400954,0.9498045332357121,0.49363263418476555,0.0,0.2262987012987013,0.079767163108306
1256,107,96.3963963963964,111,0,111,0,0,0.0,2.17365050743096,2.1649334197678995,3.6577301149139623,1.6900722906990047,0.72667097535387,1.6504698666351039,7.72972972972973,8.176242457702756,0.39510426633625806,0.0,0.0,0.0,0.0,0.0,0,0,0,0,0,0.0,0.27927927927927926,0.3039385309103169,0.26152278696867404,0.9488909128470121,0.4946011379254035,0.0,0.2262987012987013,0.07996045663615559
1257,108,97.29729729729729,111,0,111,0,0,0.0,2.1773748538655933,2.169241825631245,3.8811482313732344,1.6937778594270094,0.7087603382894776,1.6428093133987192,7.72972972972973,8.176242457702756,0.3984920576415101,0.0,0.0,0.0,0.0,0.0,0,0,0,0,0,0.0,0.2702702702702703,0.3128614809762633,0.2554620997049136,0.9635296827968087,0.49984054200951583,0.0,0.1542207792207792,0.080130566510148
1258,109,98.1981981981982,111,0,110,1,0,0.0,2.1977113751428567,2.1891532612989333,3.8714020051009777,1.6984828576769757,0.7103904084823192,1.6412554686720682,7.72972972972973,8.176242457702756,0.3986692639794567,0.5728636071223981,0.003305455685491037,1.0,0.42713639287760186,-0.008836993018546346,0,0,0,1,0,0.0,0.26126126126126126,0.3108572931240525,0.25803999092334695,0.948474791025559,0.5005431947868331,0.0,0.19025974025974027,0.08042459514880827
1259,110,99.09909909909909,111,1,110,0,0,0.009009009009009009,2.2084519939441196,2.196615950664025,3.9453843344059827,1.7035490874740158,0.7274636410455232,1.656432242617202,7.72972972972973,8.176242457702756,0.39852334790197586,0.9099925980763925,0.00571395788077352,1.0,0.09000740192360746,-0.003468942478824122,0,1,0,0,0,0.0,0.26126126126126126,0.31170416487240915,0.241298016155345,0.9345570615758336,0.5025642156351089,0.009009009009009009,0.1581168831168831,0.08068541185864977
1260,110,99.09909909909909,111,0,111,0,0,0.0,2.2239265941750324,2.2124110261833145,3.950781303720859,1.7089764554255156,0.7229542740038731,1.6471043764339532,7.72972972972973,8.176242457702756,0.40006186951255573,0.0,0.0,0.0,0.0,0.0,0,0,0,0,0,0.0,0.26126126126126126,0.3124773806117075,0.2530503805858703,0.9374433440205092,0.4956145093019687,0.0,0.15422077922077923,0.08098466224119748
1261,110,99.09909909909909,111,0,111,0,0,0.0,2.198888085103477,2.1867723235521814,3.7513524450199,1.7122830426221238,0.7236481029446924,1.6335527846607365,7.72972972972973,8.176242457702756,0.3999670761285836,0.0,0.0,0.0,0.0,0.0,0,0,0,0,0,0.0,0.26126126126126126,0.3081443438073685,0.26007133320722353,0.935622900599979,0.4948707265559924,0.0,0.12207792207792208,0.08099464698897471
1262,110,99.09909909909909,111,0,111,0,0,0.0,2.2101236264492017,2.1980326663525624,3.954487924286255,1.7160558135756048,0.700627908250268,1.62441379761914,7.72972972972973,8.176242457702756,0.40022332078613254,0.0,0.0,0.0,0.0,0.0,0,0,0,0,0,0.0,0.24324324324324326,0.31238725385208727,0.24679346528888096,0.9457743486648806,0.4972355494975981,0.0,0.15422077922077923,0.08120506014596854
1263,109,98.1981981981982,111,2,109,0,0,0.018018018018018018,2.2102157928298936,2.1917864447588937,4.06477666867936,1.7195503056866785,0.6983838462051293,1.6348033304224499,7.72972972972973,8.176242457702756,0.401828385972931,0.6348062135635847,0.00465082830876095,0.5,0.1657558986608354,-0.0019002402585254208,0,2,0,0,0,0.5,0.25225225225225223,0.31682665833126217,0.2513528411351183,0.9290484969510974,0.5018202321814664,0.018018018018018018,0.19025974025974024,0.08134838005170533
1264,109,98.1981981981982,111,1,110,0,0,0.009009009009009009,2.227501548380586,2.208988098047629,4.283682687526362,1.7234472972657302,0.6775106433743897,1.619931565811614,7.72972972972973,8.176242457702756,0.4052899234890217,0.9861700487502761,0.002763890248703292,1.0,0.01382995124972386,0.04145850290978281,0,1,0,0,0,1.0,0.26126126126126126,0.32424823055723884,0.2490075866068066,0.9311726372442823,0.5080026723724796,0.009009009009009009,0.20844155844155843,0.08159412256948857
1265,109,98.1981981981982,111,0,111,0,0,0.0,2.2144895774745463,2.1958237570496713,4.3319121254652435,1.7261627670667343,0.6818635226913785,1.6221503932415204,7.72972972972973,8.176242457702756,0.40412376550477314,0.0,0.0,0.0,0.0,0.0,0,0,0,0,0,0.0,0.2702702702702703,0.3250946876305925,0.23838735062819524,0.9359584853255957,0.5128776359823858,0.0,0.20844155844155846,0.08164007441235627
1266,109,98.1981981981982,111,0,111,0,0,0.0,2.221638138522933,2.202719187485889,4.213771841013194,1.7291072431617163,0.6863451908875973,1.6123396240725423,7.72972972972973,8.176242457702756,0.402996909430166,0.0,0.0,0.0,0.0,0.0,0,0,0,0,0,0.0,0.26126126126126126,0.3210664690955266,0.2277290058340864,0.9359584853255957,0.5147391902835472,0.0,0.20844155844155843,0.08179619096991561
1267,109,98.1981981981982,111,0,111,0,0,0.0,2.216310888547639,2.1976831444629137,4.174205415979175,1.7314815644817974,0.7006301267699645,1.625726249057569,7.72972972972973,8.176242457702756,0.4022606061646068,0.0,0.0,0.0,0.0,0.0,0,0,0,0,0,0.0,0.2882882882882883,0.3193850468453609,0.22672829542387068,0.9646814203612766,0.5147362579819412,0.0,0.20844155844155846,0.08186661985396652
1268,110,99.09909909909909,111,0,110,1,0,0.0,2.2314692917284566,2.2125918025074633,4.356062991624459,1.7346369299571536,0.6747780961127761,1.6002448549505282,7.72972972972973,8.176242457702756,0.40476341151693407,0.44847385564971687,0.003556638354045574,0.0,0.44847385564971687,-0.021918938210971795,0,0,0,1,0,0.0,0.27927927927927926,0.3258791688981619,0.22274994082220667,0.9412829647323826,0.5186736707240654,0.0,0.17240259740259742,0.0820714070357165
1269,111,100.0,111,0,111,0,0,0.0,2.2192950574213866,2.201011496908346,4.272481246647107,1.7367768380103168,0.6776271662762131,1.5968980806926703,7.72972972972973,8.176242457702756,0.4039612045709273,0.0,0.0,0.0,0.0,0.0,0,0,0,0,0,0.0,0.2882882882882883,0.3241679029239886,0.22055970813276726,0.9450011989203236,0.5205074226017452,0.0,0.20844155844155843,0.0820980178995804
1270,111,100.0,111,0,111,0,0,0.0,2.2416168015418587,2.223213224721402,4.436633321868459,1.7401939956693169,0.672789235932937,1.586371074826953,7.72972972972973,8.176242457702756,0.40516984908197173,0.0,0.0,0.0,0.0,0.0,0,0,0,0,0,0.0,0.2882882882882883,0.3271036377147679,0.2157835660030492,0.955465995305129,0.5250516622193079,0.0,0.20844155844155843,0.08234932416786367
1271,110,99.09909909909909,111,1,110,0,0,0.009009009009009009,2.236178322367365,2.2158371842480977,4.277765364775175,1.7429553291302793,0.6984388726881682,1.6020073267721524,7.72972972972973,8.176242457702756,0.4046636110252986,0.9999999999417022,0.0060431664515599665,1.0,5.829781102306697e-11,0.04001996396377394,0,1,0,0,0,1.0,0.27927927927927926,0.3228274381546799,0.22112923199781104,0.960868453932483,0.5229165256990723,0.009009009009009009,0.19025974025974024,0.08243501843140819
1272,109,98.1981981981982,111,1,110,0,0,0.009009009009009009,2.2723453150304995,2.250613439778986,4.621412847974024,1.7477628081201115,0.6717874881357653,1.5798082222374035,7.72972972972973,8.176242457702756,0.4099611934286116,0.960118533536567,0.005365666892843613,1.0,0.039881466463433046,-0.011979125830486659,0,1,0,0,0,1.0,0.27927927927927926,0.33115742481518473,0.21274591613472144,0.960840465895149,0.5289540373128325,0.009009009009009009,0.19025974025974027,0.08281238896387975
1273,109,98.1981981981982,111,0,111,0,0,0.0,2.2453571216642145,2.224747975577208,4.353955407854944,1.750382114187478,0.6968419336418407,1.5801813886558485,7.72972972972973,8.176242457702756,0.40479387548238654,0.0,0.0,0.0,0.0,0.0,0,0,0,0,0,0.0,0.27927927927927926,0.3220605942418812,0.21899530041151163,0.9535285571596764,0.52136594886051,0.0,0.19025974025974027,0.08278452840443694
1274,109,98.1981981981982,111,0,111,0,0,0.0,2.2608529830171777,2.2402219638092022,4.415651644318736,1.7537994120766467,0.6958513537711485,1.6142301947253004,7.72972972972973,8.176242457702756,0.40346383953525633,0.0,0.0,0.0,0.0,0.0,0,0,0,0,0,0.0,0.2702702702702703,0.321197672094033,0.22721809754964162,0.9392962791398436,0.516709468767006,0.0,0.1542207792207792,0.08300171099166194
1275,108,97.29729729729729,111,1,110,0,0,0.009009009009009009,2.2660497370539114,2.2394460449404074,4.1940280219028825,1.7572300257112405,0.7214330936876164,1.6452782742591512,7.72972972972973,8.176242457702756,0.40403738276386436,0.9937293420830344,0.006336475216207562,1.0,0.006270657916965572,0.004894525798479377,0,1,0,0,0,1.0,0.2882882882882883,0.3167606049578424,0.24093262531364049,0.9493291953913253,0.5123604396140187,0.009009009009009009,0.15422077922077918,0.08316794240612133
1276,109,98.1981981981982,111,0,111,0,0,0.0,2.258216721858936,2.2319454877916236,4.078567800926977,1.7595460579540168,0.7468285848193387,1.6675173132462482,7.72972972972973,8.176242457702756,0.40258548423375373,0.0,0.0,0.0,0.0,0.0,0,0,0,0,0,0.0,0.27927927927927926,0.3130106518618969,0.24148421154071276,0.9510409000842207,0.5094638803524825,0.0,0.19025974025974027,0.08322345953593041
1277,110,99.09909909909909,111,0,111,0,0,0.0,2.2527113553723974,2.226603251613906,4.019260210703848,1.7613232904391822,0.7550177413112831,1.6629198423443787,7.72972972972973,8.176242457702756,0.4028215865246618,0.0,0.0,0.0,0.0,0.0,0,0,0,0,0,0.0,0.2972972972972973,0.3117823854635987,0.24551801484213517,0.9460426145486555,0.5107069845836565,0.0,0.19025974025974027,0.08326858812200981
1278,109,98.1981981981982,111,1,110,0,0,0.009009009009009009,2.25507409461807,2.2242369903757875,4.003146908848032,1.7630921595610474,0.7707613960666916,1.6823793897994017,7.72972972972973,8.176242457702756,0.402730023516636,0.9997248301593917,0.002442951292290356,1.0,0.0002751698406082692,0.06401938330038065,0,1,0,0,0,1.0,0.27927927927927926,0.31126679162792686,0.24524566551282143,0.9400565032838728,0.5146800759004924,0.009009009009009009,0.1724025974025974,0.08335271533231975
1279,109,98.1981981981982,111,0,111,0,0,0.0,2.2795245645944573,2.248529746203805,4.376212677604543,1.7660136648691418,0.73060837447233,1.6576500362813433,7.72972972972973,8.176242457702756,0.4068369262553255,0.0,0.0,0.0,0.0,0.0,0,0,0,0,0,0.0,0.27927927927927926,0.32264449669658174,0.2447603095033038,0.936043215542431,0.516742288801576,0.0,0.13636363636363635,0.0835944023609039
1280,110,99.09909909909909,111,0,111,0,0,0.0,2.3039533092481355,2.271861090724199,4.910668108483248,1.7702224026571354,0.6967395667646188,1.6417672566853505,7.72972972972973,8.176242457702756,0.41660456943434476,0.0,0.0,0.0,0.0,0.0,0,0,0,0,0,0.0,0.27927927927927926,0.3432396655642085,0.23197806005170693,0.9556870180227541,0.5308393955524039,0.0,0.1724025974025974,0.08388860438714996
1281,110,99.09909909909909,111,0,111,0,0,0.0,2.309186511444611,2.2761595222842175,5.008560337290762,1.774368183988154,0.6905581310580746,1.6292165361805857,7.72972972972973,8.176242457702756,0.4198417808985655,0.0,0.0,0.0,0.0,0.0,0,0,0,0,0,0.0,0.2972972972972973,0.3489056754871683,0.22913201061028018,0.9633539592942189,0.532793092636284,0.0,0.17240259740259742,0.08408425496482747
1282,110,99.09909909909909,111,0,111,0,0,0.0,2.305676228652989,2.2731424066534163,5.15019273738628,1.7779776468344193,0.681452642068998,1.635821218412148,7.72972972972973,8.176242457702756,0.4203289887998414,0.0,0.0,0.0,0.0,0.0,0,0,0,0,0,0.0,0.2972972972972973,0.3536908618113379,0.23089703113700702,0.9616016710475169,0.5275961183330444,0.0,0.13636363636363635,0.08421426276773503
1283,111,100.0,111,0,111,0,0,0.0,2.3016126689590286,2.269639913022071,5.065742430277359,1.7810628933498622,0.6851701671267474,1.6303830092535505,7.72972972972973,8.176242457702756,0.42060725514064856,0.0,0.0,0.0,0.0,0.0,0,0,0,0,0,0.0,0.2972972972972973,0.3519156131656225,0.23565155934579052,0.9387173752786583,0.5311601463145104,0.0,0.13474025974025977,0.08432007358702545
1284,111,100.0,111,0,111,0,0,0.0,2.310300469213762,2.2786882173183973,4.832969260230456,1.7844877316678467,0.6984738197628065,1.6119788008074165,7.72972972972973,8.176242457702756,0.4174091729927216,0.0,0.0,0.0,0.0,0.0,0,0,0,0,0,0.0,0.2972972972972973,0.34245591754090016,0.24573713321578602,0.9591755532439052,0.5253517896974521,0.0,0.13474025974025977,0.08450352413063046
1285,111,100.0,111,0,111,0,0,0.0,2.3164278731082772,2.2851485412542845,4.872932241103018,1.78805511630001,0.7017143049991674,1.6270009397524616,7.72972972972973,8.176242457702756,0.41728336664775734,0.0,0.0,0.0,0.0,0.0,0,0,0,0,0,0.0,0.2882882882882883,0.3418049264768022,0.252043913495341,0.9703816419527016,0.5202645643262827,0.0,0.17240259740259742,0.0846800001585653
1286,111,100.0,111,0,111,0,0,0.0,2.3382386834657556,2.3064835785164814,5.219619513064461,1.7927263464152472,0.6641898171900708,1.5850530985789966,7.72972972972973,8.176242457702756,0.4224689294331525,0.0,0.0,0.0,0.0,0.0,0,0,0,0,0,0.0,0.2972972972972973,0.35199484889725025,0.25276870507592253,0.9574251997133347,0.5266964516228383,0.0,0.18506493506493507,0.0849800197603422
1287,111,100.0,111,0,111,0,0,0.0,2.3500101788800483,2.317363751339475,5.288169941435949,1.7977273168783658,0.6582096663659296,1.5764888144995262,7.72972972972973,8.176242457702756,0.42524515366043936,0.0,0.0,0.0,0.0,0.0,0,0,0,0,0,0.0,0.2702702702702703,0.3557533184225876,0.2534756182343314,0.9522936982560867,0.5304343564614528,0.0,0.20844155844155843,0.08524332297256501
1288,111,100.0,111,0,111,0,0,0.0,2.3732667940989622,2.3413039044727464,5.525242131544219,1.8038853198431186,0.6585980370013137,1.5902593247927534,7.72972972972973,8.176242457702756,0.4254477138936028,0.0,0.0,0.0,0.0,0.0,0,0,0,0,0,0.0,0.2972972972972973,0.357918555092617,0.2430159148983815,0.9531456823075786,0.536084145949859,0.0,0.13636363636363635,0.08561135267513494
1289,110,99.09909909909909,111,1,110,0,0,0.009009009009009009,2.4124783207712226,2.3805407072822344,5.891742359499822,1.8120887337696774,0.6324520563609989,1.5754454179934516,7.72972972972973,8.176242457702756,0.42661771885717914,0.6649688936910776,1.7250322504771873e-05,1.0,0.3350311063089224,0.08439903695704781,0,1,0,0,0,0.0,0.27927927927927926,0.36335276569719066,0.23876607596418645,0.9481699701381431,0.5378118334841238,0.009009009009009009,0.1724025974025974,0.08614277581471842
1290,110,99.09909909909909,111,0,111,0,0,0.0,2.4157367065957316,2.384485656609817,5.663472348865319,1.8198970282708042,0.6360007402228068,1.5709604743553525,7.72972972972973,8.176242457702756,0.4250231091094405,0.0,0.0,0.0,0.0,0.0,0,0,0,0,0,0.0,0.2702702702702703,0.35548443183121525,0.2304334840929691,0.9597206017720421,0.5412346509444196,0.0,0.14902597402597398,0.08647828028895277
1291,110,99.09909909909909,111,0,111,0,0,0.0,2.448495729164987,2.4169583570078514,5.85843544758724,1.8291909350553928,0.6279908674074789,1.559336112339635,7.72972972972973,8.176242457702756,0.4272068346034561,0.0,0.0,0.0,0.0,0.0,0,0,0,0,0,0.0,0.27927927927927926,0.35809729826349374,0.2288614776375128,0.9632494916967221,0.5440628151728979,0.0,0.18506493506493502,0.08702202157804947
1292,110,99.09909909909909,111,0,111,0,0,0.0,2.473768784732169,2.441401173608658,6.327519726633709,1.8393237526464994,0.5716247360465153,1.5004777762552737,7.72972972972973,8.176242457702756,0.4329873423187329,0.0,0.0,0.0,0.0,0.0,0,0,0,0,0,0.0,0.2882882882882883,0.3714947436163725,0.22062568041708092,0.962430124010647,0.5493729045490815,0.0,0.1724025974025974,0.08756262872290821
1293,110,99.09909909909909,111,0,111,0,0,0.0,2.4915431078554704,2.4590703828660625,6.568774419093493,1.8497838284149557,0.563922921004071,1.5239326775696271,7.72972972972973,8.176242457702756,0.43460479030064314,0.0,0.0,0.0,0.0,0.0,0,0,0,0,0,0.0,0.2882882882882883,0.37510682418491526,0.21749469128819285,0.9685492145355443,0.5544849427121147,0.0,0.1724025974025974,0.08807912091656891
1294,111,100.0,111,0,111,0,0,0.0,2.4955539751333315,2.4632348757753686,6.378333994854762,1.8596610622572427,0.6038978090884639,1.552634455139399,7.72972972972973,8.176242457702756,0.4304707643822263,0.0,0.0,0.0,0.0,0.0,0,0,0,0,0,0.0,0.26126126126126126,0.36701457600095094,0.21004575678773824,0.9676444309083252,0.5520230903534654,0.0,0.1724025974025974,0.08850296854648805
1295,110,99.09909909909909,111,1,109,1,0,0.009009009009009009,2.4623578361328096,2.437895269713821,5.915679196911464,1.8666188495070233,0.6610489106465873,1.6050945127413754,7.72972972972973,8.176242457702756,0.4232721998533806,0.6932503770013955,0.0030353157291301003,1.0,0.30674962299860453,0.010358352085782674,0,1,0,1,0,0.0,0.26126126126126126,0.3529517009394169,0.2124799598675777,0.9673460324898335,0.5396111955558796,0.009009009009009009,0.1542207792207792,0.08862143062910202
1296,110,99.09909909909909,111,0,111,0,0,0.0,2.48288177079693,2.4582864873966166,6.323566367410544,1.8747959374217409,0.6310975894514987,1.5985742339718811,7.72972972972973,8.176242457702756,0.42843104233247864,0.0,0.0,0.0,0.0,0.0,0,0,0,0,0,0.0,0.26126126126126126,0.364235755593843,0.20864689721891175,0.9635868569761884,0.5508444697206784,0.0,0.19025974025974024,0.08905833956936604
1297,109,98.1981981981982,111,1,110,0,0,0.009009009009009009,2.493581861025908,2.4631757864498645,6.460283622415656,1.8830045332022478,0.624877100150041,1.5882896106505768,7.72972972972973,8.176242457702756,0.43164567018222244,0.9999996597195073,0.00326373709621632,1.0,3.4028049267220695e-07,0.05500980643617237,0,1,0,0,0,1.0,0.27927927927927926,0.37089804861378023,0.20719994352511006,0.9524868345376586,0.5573872185960949,0.009009009009009009,0.20844155844155843,0.08944741736720443
1298,109,98.1981981981982,111,0,111,0,0,0.0,2.4920880014586215,2.4617437460224245,6.367689912431345,1.8900680269678005,0.6346565280145767,1.596497643093277,7.72972972972973,8.176242457702756,0.43054856628201366,0.0,0.0,0.0,0.0,0.0,0,0,0,0,0,0.0,0.2702702702702703,0.3694747001890899,0.20725770856332001,0.9519121990985976,0.5567587566879736,0.0,0.24448051948051946,0.08972871225749617
1299,109,98.1981981981982,111,0,111,0,0,0.0,2.5027667135493408,2.4719232478663744,6.967665050595185,1.8972198329584946,0.5794133889177943,1.5607952133065792,7.72972972972973,8.176242457702756,0.4384219139681871,0.0,0.0,0.0,0.0,0.0,0,0,0,0,0,0.0,0.27927927927927926,0.3878776780286582,0.19816638617145904,0.954703788602823,0.5655764178413787,0.0,0.20844155844155843,0.09007448031690157
1300,109,98.1981981981982,111,1,110,0,0,0.009009009009009009,2.5263035412024717,2.494529639298119,7.516012517579069,1.9052692069319515,0.5490523313377588,1.5363507396131544,7.72972972972973,8.176242457702756,0.4446015451466314,0.623107661903322,0.005030436046506365,1.0,0.376892338096678,0.008478193638270737,0,1,0,0,0,0.0,0.27927927927927926,0.401708725686268,0.19403177789825682,0.945928074119468,0.5732506251365128,0.009009009009009009,0.2805194805194805,0.09052123262136576
1301,108,97.29729729729729,111,1,109,1,0,0.009009009009009009,2.547486663587027,2.5130160789054283,7.536632711093989,1.9140001516508576,0.5504217447359705,1.5350898067885292,7.72972972972973,8.176242457702756,0.44744095404717776,0.8225784389421723,0.0017455896903103868,1.0,0.1774215610578277,0.052698017502403924,0,1,0,1,0,0.5,0.2702702702702703,0.4033756537344319,0.19210920651414987,0.9617340942257349,0.5782905989247591,0.009009009009009009,0.19058441558441558,0.0909840798378214
1302,109,98.1981981981982,111,0,111,0,0,0.0,2.5392648435614475,2.5048090989072818,7.017670342409323,1.9213462706344924,0.5981306397214995,1.5577357824427644,7.72972972972973,8.176242457702756,0.44501305195963625,0.0,0.0,0.0,0.0,0.0,0,0,0,0,0,0.0,0.2882882882882883,0.39320332643983563,0.20412827667146444,0.9540131507601117,0.5755189307967811,0.0,0.19058441558441558,0.09124328898736017
1303,108,97.29729729729729,111,1,110,0,0,0.009009009009009009,2.520041092775446,2.483964975078088,6.599381803251328,1.9268555990743728,0.6568878031436727,1.6040044540917453,7.72972972972973,8.176242457702756,0.43950014479734967,0.6861347125467331,0.003884460702717832,1.0,0.3138652874532669,0.008539225183161192,0,1,0,0,0,0.0,0.2972972972972973,0.38122479986792385,0.20961284542327546,0.9541105175414542,0.566905323306693,0.009009009009009009,0.1545454545454545,0.09137239825894806
1304,108,97.29729729729729,111,0,111,0,0,0.0,2.5405757981240633,2.503804048371925,7.011999931856279,1.9330848852127638,0.6338152118677122,1.5927144329093763,7.72972972972973,8.176242457702756,0.4443675549140622,0.0,0.0,0.0,0.0,0.0,0,0,0,0,0,0.0,0.2882882882882883,0.39177271641278266,0.20825607514110958,0.9492865293757096,0.5708366814900767,0.0,0.19058441558441558,0.09172973255472061
1305,109,98.1981981981982,111,0,111,0,0,0.0,2.5539703395123596,2.5172886854053265,7.102935379580825,1.9396868791078092,0.6204753735227073,1.572028554563659,7.72972972972973,8.176242457702756,0.4471546439782015,0.0,0.0,0.0,0.0,0.0,0,0,0,0,0,0.0,0.2882882882882883,0.3946890941461932,0.20382996848861423,0.936385144489549,0.5805361036820954,0.0,0.1905844155844156,0.09206660277561292
1306,110,99.09909909909909,111,0,111,0,0,0.0,2.5471506857306436,2.509942034062259,7.100491090776553,1.9452685339538882,0.6164755796302762,1.5702629044899095,7.72972972972973,8.176242457702756,0.4472677757534018,0.0,0.0,0.0,0.0,0.0,0,0,0,0,0,0.0,0.3063063063063063,0.39657187257146853,0.19886699381453768,0.9500729404528697,0.5785234078178427,0.0,0.15454545454545457,0.0922606893233881
1307,110,99.09909909909909,111,0,111,0,0,0.0,2.5679906127207324,2.530294353671036,7.407050723185985,1.9517250631641838,0.5877590227185292,1.5515685195329767,7.72972972972973,8.176242457702756,0.44714762526824825,0.0,0.0,0.0,0.0,0.0,0,0,0,0,0,0.0,0.2882882882882883,0.40035648561044385,0.19585430477415527,0.9410446387961667,0.5794709913648883,0.0,0.15454545454545457,0.09262883969963163
1308,111,100.0,111,0,111,0,0,0.0,2.5933030116373885,2.555135278487515,7.586731626744549,1.959278534285278,0.5860880904803728,1.5510498978156007,7.72972972972973,8.176242457702756,0.4503341724310901,0.0,0.0,0.0,0.0,0.0,0,0,0,0,0,0.0,0.2882882882882883,0.4033824460377396,0.2013253665214407,0.9579572563806812,0.5813830090181041,0.0,0.1905844155844156,0.09306419675063152
1309,111,100.0,111,0,111,0,0,0.0,2.593139830464877,2.555018796192564,7.640325978370751,1.9662067961936551,0.5811520626228587,1.539081165533931,7.72972972972973,8.176242457702756,0.45395162350702156,0.0,0.0,0.0,0.0,0.0,0,0,0,0,0,0.0,0.2882882882882883,0.4086644426361769,0.19956072301901953,0.9381428844300536,0.5874056068173894,0.0,0.22662337662337662,0.09334661659063576
1310,111,100.0,111,0,111,0,0,0.0,2.6121432507988347,2.5738088343964938,8.018937486496135,1.9737976418754568,0.5669800828994079,1.5469825030291886,7.72972972972973,8.176242457702756,0.45376401131916144,0.0,0.0,0.0,0.0,0.0,0,0,0,0,0,0.0,0.3063063063063063,0.4126745787014087,0.19693656677436283,0.9432351501082661,0.5839955673711604,0.0,0.15454545454545454,0.09375195666607263
1311,111,100.0,111,0,111,0,0,0.0,2.5939956253327034,2.5559250919622087,7.743161600856701,1.9795980670961735,0.5947897236300059,1.5669944415412451,7.72972972972973,8.176242457702756,0.4511757959688347,0.0,0.0,0.0,0.0,0.0,0,0,0,0,0,0.0,0.3063063063063063,0.407301653943078,0.20023501249847794,0.9485541218477502,0.5776435484967153,0.0,0.19058441558441558,0.09389834695355374
1312,111,100.0,111,0,111,0,0,0.0,2.5780933684445273,2.5413826705983915,7.460444261045381,1.9839730165833258,0.621535483595321,1.5794557170476848,7.72972972972973,8.176242457702756,0.44754027444334765,0.0,0.0,0.0,0.0,0.0,0,0,0,0,0,0.0,0.3063063063063063,0.39987504710521055,0.18858853977772413,0.9539633051479717,0.5796810484767344,0.0,0.22662337662337662,0.09399768890784865
1313,111,100.0,111,0,111,0,0,0.0,2.6064270050518688,2.568904899231713,8.222206285325903,1.9897904869072656,0.5623237379857372,1.557032174086472,7.72972972972973,8.176242457702756,0.4510687889714595,0.0,0.0,0.0,0.0,0.0,0,0,0,0,0,0.0,0.3063063063063063,0.4146120844727216,0.18211271552163752,0.9359116970009782,0.5840242241935187,0.0,0.15454545454545454,0.09437718233018047
1314,111,100.0,111,0,111,0,0,0.0,2.596139401963061,2.5590529956980976,7.744067856823137,1.994487894336929,0.5891616518848104,1.5625972655941185,7.72972972972973,8.176242457702756,0.4486059729355336,0.0,0.0,0.0,0.0,0.0,0,0,0,0,0,0.0,0.3153153153153153,0.404502341553933,0.1834925175152348,0.956990421352925,0.5859582139988863,0.0,0.19058441558441558,0.09451778002507415
1315,111,100.0,111,0,111,0,0,0.0,2.582388034781228,2.545974255926453,7.807089677223441,1.9979457507666039,0.5925719172897139,1.5643240040002615,7.72972972972973,8.176242457702756,0.447477001736847,0.0,0.0,0.0,0.0,0.0,0,0,0,0,0,0.0,0.3333333333333333,0.40505731292083014,0.17615706413304905,0.9563143721188038,0.5886748503305267,0.0,0.15454545454545454,0.09459038455192971
1316,111,100.0,111,0,111,0,0,0.0,2.574659121219535,2.5388628120635444,7.554896328992852,2.0006557253567694,0.5957743515133085,1.5395481925526764,7.72972972972973,8.176242457702756,0.4446502820546421,0.0,0.0,0.0,0.0,0.0,0,0,0,0,0,0.0,0.34234234234234234,0.3980117570767591,0.16959817326319998,0.9604883992319186,0.5913136526498681,0.0,0.1185064935064935,0.0946625270306383
1317,111,100.0,111,0,111,0,0,0.0,2.5595643581289385,2.5236268853822463,7.339105360166174,2.002147544808988,0.611325919263199,1.5687036597234925,7.72972972972973,8.176242457702756,0.4426683157235418,0.0,0.0,0.0,0.0,0.0,0,0,0,0,0,0.0,0.35135135135135137,0.3932634565114374,0.1758134505542835,0.9581269576188242,0.5849628960484919,0.0,0.19058441558441558,0.09464804060290759
1318,111,100.0,111,0,111,0,0,0.0,2.6033782418179863,2.5664047990891388,8.004099117218763,2.00631549024018,0.5405893794018267,1.4943630236306265,7.72972972972973,8.176242457702756,0.44867123622867666,0.0,0.0,0.0,0.0,0.0,0,0,0,0,0,0.0,0.35135135135135137,0.40677408054735664,0.17180818564932032,0.9459826447184239,0.5957514859293136,0.0,0.15454545454545454,0.09503750068333232
1319,109,98.1981981981982,111,2,109,0,0,0.018018018018018018,2.6043873806625037,2.573135786678365,8.364836510408587,2.01022955524211,0.5526183393212989,1.5137217739945268,7.72972972972973,8.176242457702756,0.4507100440218146,0.9288991245425922,0.006031954238087131,1.0,0.07110087545740779,0.011879544086929927,0,2,0,0,0,0.0,0.3153153153153153,0.41469954532320785,0.17140103279444271,0.9429534996555425,0.5939217678895609,0.018018018018018018,0.13636363636363635,0.09520255809980986
1320,108,97.29729729729729,111,1,108,1,1,0.009009009009009009,2.5851891444567228,2.553521959104513,8.050758351658807,2.012947369823675,0.5841017872615575,1.5346253393321245,7.72972972972973,8.176242457702756,0.45116498457680576,0.8266877949796968,3.625757533731813e-08,1.0,0.1733122050203032,0.06591453879253588,0,2,0,1,0,0.6666666666666666,0.34234234234234234,0.4141728586974973,0.2134357953752693,0.9518947457552429,0.5920020447602535,0.009009009009009009,0.13636363636363635,0.09521767447365073
1321,106,95.49549549549549,111,2,109,0,0,0.018018018018018018,2.587342683962332,2.555696501103576,8.161835545194693,2.0154868728843245,0.5753281114115999,1.5932481690720053,7.72972972972973,8.176242457702756,0.45281657604122505,0.771273424688308,0.0031702879235936533,1.0,0.22872657531169205,-0.008986990651639937,1,1,0,0,0,0.0,0.35135135135135137,0.418078098572429,0.22123964786004913,0.9405844315873787,0.586497046862758,0.018018018018018018,0.13636363636363635,0.09533226013490852
1322,106,95.49549549549549,111,0,111,0,0,0.0,2.6016677274883335,2.569193413627203,7.8255299873998245,2.018746565618523,0.6139013873154762,1.6072461115929007,7.72972972972973,8.176242457702756,0.45186793676446335,0.0,0.0,0.0,0.0,0.0,0,0,0,0,0,0.0,0.32432432432432434,0.40900996051821753,0.23162825859863956,0.9352472933112128,0.5824307726723975,0.0,0.1724025974025974,0.09553714554320061
1323,106,95.49549549549549,111,0,111,0,0,0.0,2.620995918601865,2.5881074012936605,8.334523639476123,2.022976900763421,0.585436785430276,1.6225954889419698,7.72972972972973,8.176242457702756,0.45513371330346786,0.0,0.0,0.0,0.0,0.0,0,0,0,0,0,0.0,0.2972972972972973,0.4186175296951944,0.22924327930294247,0.9385243270773101,0.5833517848908853,0.0,0.13636363636363635,0.09580672772787842
1324,108,97.29729729729729,111,0,110,1,0,0.0,2.645055014983895,2.6122850652019323,8.33869058577382,2.0284428129874974,0.5569201431779447,1.5492044128155895,7.72972972972973,8.176242457702756,0.4563939588395869,0.8314721238150569,0.006383212871714408,1.0,0.16852787618494314,0.008144758995239032,0,0,0,1,0,0.0,0.3153153153153153,0.417376238210759,0.2232793175270285,0.9267716040442853,0.5952977136691036,0.0,0.10032467532467532,0.09615047632777142
1325,108,97.29729729729729,111,1,110,0,0,0.009009009009009009,2.654977554283817,2.6176682251201173,8.351251371214929,2.034113398895875,0.5690615599990196,1.5567879124603305,7.72972972972973,8.176242457702756,0.45611787459110653,0.9558889173114006,0.004073655278081348,1.0,0.04411108268859942,0.011215747335694526,0,1,0,0,0,1.0,0.3333333333333333,0.41593521999285643,0.21726008958595716,0.9431807229792128,0.595794651187447,0.009009009009009009,0.12207792207792206,0.09643190945059167
1326,109,98.1981981981982,111,1,110,0,0,0.009009009009009009,2.643929794427756,2.616161296955903,7.824963335193165,2.038324932058068,0.6169638275798733,1.5643049239502358,7.72972972972973,8.176242457702756,0.4520965112593498,0.6561495611557195,0.0017721818966395558,1.0,0.34385043884428046,-0.0013772087546003453,0,1,0,0,0,0.0,0.3153153153153153,0.4031052376696818,0.22614831136977975,0.9332921419921192,0.5894979049397061,0.009009009009009009,0.06818181818181818,0.0965488432325751
1327,109,98.1981981981982,111,0,111,0,0,0.0,2.695219644229763,2.666692659852927,9.320171895109672,2.046094749514266,0.5055654645636093,1.5207413791509374,7.72972972972973,8.176242457702756,0.4645188804246516,0.0,0.0,0.0,0.0,0.0,0,0,0,0,0,0.0,0.3153153153153153,0.43527485095537705,0.2016965196199554,0.9559089542519573,0.6100546146134378,0.0,0.14025974025974025,0.09712293203845494
1328,109,98.1981981981982,111,0,111,0,0,0.0,2.7182502222494183,2.689474888437696,9.813333013673883,2.0547194720538107,0.4778612250724741,1.5018522089844313,7.72972972972973,8.176242457702756,0.4683581540618089,0.0,0.0,0.0,0.0,0.0,0,0,0,0,0,0.0,0.3063063063063063,0.4448554776416486,0.19736114779030584,0.9484205324914784,0.6170584669667398,0.0,0.14025974025974025,0.09759067404162189
1329,109,98.1981981981982,111,0,111,0,0,0.0,2.71301910220042,2.684976109471489,9.352805229126128,2.062344751506488,0.5155936606739944,1.5281977199736605,7.72972972972973,8.176242457702756,0.4660538807286736,0.0,0.0,0.0,0.0,0.0,0,0,0,0,0,0.0,0.34234234234234234,0.4354758574275341,0.19935845622479703,0.9554013424749138,0.6152773999424942,0.0,0.14025974025974025,0.09787624910944105
1330,110,99.09909909909909,111,0,111,0,0,0.0,2.721033242737431,2.6933336103923433,9.152449194939928,2.069893233253992,0.5422477818939143,1.54556557847523,7.72972972972973,8.176242457702756,0.46542550237532754,0.0,0.0,0.0,0.0,0.0,0,0,0,0,0,0.0,0.34234234234234234,0.429825763416835,0.20025950461040626,0.954486285959057,0.6143493790812412,0.0,0.10422077922077921,0.09822491089690177
1331,111,100.0,111,0,111,0,0,0.0,2.750906737867853,2.7216139865892135,10.091962970386218,2.07867435053259,0.4950245585623396,1.514464396338164,7.72972972972973,8.176242457702756,0.47290164131459345,0.0,0.0,0.0,0.0,0.0,0,0,0,0,0,0.0,0.34234234234234234,0.4508934963391164,0.19893073670408062,0.9519897693913013,0.6214743965275988,0.0,0.1724025974025974,0.0987332610921506
1332,111,100.0,111,0,111,0,0,0.0,2.7398900082144455,2.710341752363336,9.654738897015156,2.0860001862114284,0.5279237212441901,1.5308131506297737,7.72972972972973,8.176242457702756,0.47212652900250207,0.0,0.0,0.0,0.0,0.0,0,0,0,0,0,0.0,0.34234234234234234,0.4437400602037727,0.20561143630507614,0.9519897693913013,0.6216684553345655,0.0,0.1724025974025974,0.09897766648746091
1333,111,100.0,111,0,111,0,0,0.0,2.766883726639655,2.7364597966148327,9.979048642692147,2.0944354235016815,0.5178176416592031,1.5215781012636993,7.72972972972973,8.176242457702756,0.4740289721791495,0.0,0.0,0.0,0.0,0.0,0,0,0,0,0,0.0,0.34234234234234234,0.4471886179441172,0.19464906598952839,0.9319261168054226,0.6272101932153865,0.0,0.14025974025974025,0.09945747780595378
1334,111,100.0,111,0,111,0,0,0.0,2.797874294201779,2.7668896317983007,10.803111561265721,2.104171389022465,0.45308983775795963,1.4683287437602686,7.72972972972973,8.176242457702756,0.47811092773967223,0.0,0.0,0.0,0.0,0.0,0,0,0,0,0,0.0,0.34234234234234234,0.46049317909759974,0.17392239767898654,0.9448910874230143,0.6379485081483991,0.0,0.14025974025974025,0.10001044871705321
1335,111,100.0,111,0,111,0,0,0.0,2.7897208724886675,2.7587045969570343,10.429176963860492,2.1125759357615754,0.5024390964096037,1.5018548220987333,7.72972972972973,8.176242457702756,0.4740066976854789,0.0,0.0,0.0,0.0,0.0,0,0,0,0,0,0.0,0.35135135135135137,0.4509266645566594,0.1827700503155855,0.9505961675771211,0.6283326324295676,0.0,0.1724025974025974,0.10031326966791797
1336,111,100.0,111,0,111,0,0,0.0,2.7815516849030675,2.7497128456260507,9.835575132487367,2.1197051564698137,0.5265666213533237,1.5007222039276007,7.72972972972973,8.176242457702756,0.47284761376859397,0.0,0.0,0.0,0.0,0.0,0,0,0,0,0,0.0,0.36036036036036034,0.44147439238507663,0.19275141007443422,0.9512871665560516,0.625325509232198,0.0,0.1724025974025974,0.10056387491521511
1337,111,100.0,111,0,111,0,0,0.0,2.7679496382539166,2.73636108281252,9.960913795589821,2.1253781368075915,0.5431823470500362,1.532284736575013,7.72972972972973,8.176242457702756,0.47366287911837524,0.0,0.0,0.0,0.0,0.0,0,0,0,0,0,0.0,0.36036036036036034,0.44606176139635095,0.19254967035653742,0.9446712307706473,0.6212755078837013,0.0,0.14025974025974025,0.10072778299546661
1338,111,100.0,111,0,111,0,0,0.0,2.7450132988842904,2.7136429246478597,9.569859607904652,2.1291012871636017,0.5879233480092442,1.5740709752732123,7.72972972972973,8.176242457702756,0.4712444742957198,0.0,0.0,0.0,0.0,0.0,0,0,0,0,0,0.0,0.36936936936936937,0.43983241200525225,0.19353157819344768,0.9292585622066231,0.6185967651177294,0.0,0.14025974025974025,0.1007653081987046
1339,111,100.0,111,0,111,0,0,0.0,2.754517561167468,2.7230358057994972,9.56810667763281,2.133134411508817,0.6083895472353607,1.590459974881228,7.72972972972973,8.176242457702756,0.47142366101919264,0.0,0.0,0.0,0.0,0.0,0,0,0,0,0,0.0,0.35135135135135137,0.43848114994060794,0.20061199517494663,0.938998624360752,0.613959011368592,0.0,0.1724025974025974,0.1009777085226632
1340,111,100.0,111,0,111,0,0,0.0,2.7112684126115343,2.6807540266996366,8.829276712129397,2.1340721292092386,0.6317134293778177,1.6100608277560349,7.72972972972973,8.176242457702756,0.4671336248639226,0.0,0.0,0.0,0.0,0.0,0,0,0,0,0,0.0,0.36036036036036034,0.4259611731359327,0.20540401248453274,0.9498253179232707,0.6089914762279495,0.0,0.1724025974025974,0.10079979781626117
1341,111,100.0,111,0,111,0,0,0.0,2.736897377379064,2.705496923929273,9.36288601371415,2.1365516082517493,0.5963403764436392,1.5887092611396916,7.72972972972973,8.176242457702756,0.4694529831704699,0.0,0.0,0.0,0.0,0.0,0,0,0,0,0,0.0,0.3333333333333333,0.4338855400825773,0.19491749712916095,0.9252566787226891,0.6143553966130908,0.0,0.1724025974025974,0.10102930674920062
1342,111,100.0,111,0,111,0,0,0.0,2.7279656402067864,2.6963143053257292,9.111734336191446,2.138227724547263,0.6326081065866453,1.6341236616409918,7.72972972972973,8.176242457702756,0.46672645587272177,0.0,0.0,0.0,0.0,0.0,0,0,0,0,0,0.0,0.3333333333333333,0.42799540572658307,0.1913024709502163,0.9361431739137909,0.6115216479307582,0.0,0.1724025974025974,0.10105316972943637
1343,111,100.0,111,0,111,0,0,0.0,2.7137345679457106,2.682152872353733,8.850887299848313,2.1388404990343624,0.6389554954526881,1.6287801949489777,7.72972972972973,8.176242457702756,0.46466548051097534,0.0,0.0,0.0,0.0,0.0,0,0,0,0,0,0.0,0.36936936936936937,0.4220710063035645,0.18190352717271666,0.9291586413462365,0.6139849111924378,0.0,0.20844155844155843,0.10100706533202308
1344,111,100.0,111,0,111,0,0,0.0,2.6914281231632815,2.660695322633075,8.69644440358616,2.137999634561163,0.6453747038902791,1.6413762637986153,7.72972972972973,8.176242457702756,0.4628006985043873,0.0,0.0,0.0,0.0,0.0,0,0,0,0,0,0.0,0.34234234234234234,0.4212205242075653,0.1831972756835981,0.9288811714395182,0.6149909214704494,0.0,0.1724025974025974,0.1008611575490762
1345,111,100.0,111,0,111,0,0,0.0,2.6695765453655746,2.639123057410203,8.161045964422186,2.13581648063944,0.653847254983291,1.59774337722382,7.72972972972973,8.176242457702756,0.46087458990115016,0.0,0.0,0.0,0.0,0.0,0,0,0,0,0,0.0,0.3333333333333333,0.4112334563244678,0.18001418182884626,0.9309532654640533,0.6156238923851157,0.0,0.1724025974025974,0.10066264968115521
1346,111,100.0,111,0,111,0,0,0.0,2.672559779758418,2.641793702607263,8.105997658458083,2.133986513416779,0.6601087765275903,1.602409760859342,7.72972972972973,8.176242457702756,0.4624051614322082,0.0,0.0,0.0,0.0,0.0,0,0,0,0,0,0.0,0.36036036036036034,0.41195087958480353,0.1801144104730827,0.9185554985768338,0.6145114694405387,0.0,0.1724025974025974,0.1006027545746088
1347,111,100.0,111,0,111,0,0,0.0,2.6970591239817203,2.665748894094512,8.409318402256767,2.1338730763809033,0.6489304414408829,1.6229867177098685,7.72972972972973,8.176242457702756,0.46593853292984466,0.0,0.0,0.0,0.0,0.0,0,0,0,0,0,0.0,0.3783783783783784,0.4182655408883934,0.18520778538864074,0.9358266871804466,0.6177101501292525,0.0,0.1724025974025974,0.1007206138521803
1348,110,99.09909909909909,111,1,110,0,0,0.009009009009009009,2.6689940866660984,2.6378906267794484,8.187025397104966,2.1319915123780926,0.6618349733329764,1.6316397876032236,7.72972972972973,8.176242457702756,0.46615238896172495,0.6123624804787016,0.003844470360031103,1.0,0.38763751952129843,0.0026593074118277382,0,1,0,0,0,0.0,0.38738738738738737,0.4164442305645317,0.17755418646937968,0.9512006262065554,0.6191082552086058,0.009009009009009009,0.19058441558441558,0.10050336804816885
1349,110,99.09909909909909,111,0,111,0,0,0.0,2.6357121166961437,2.604527113374998,7.404786702517524,2.128036678481333,0.7289735255331161,1.6521786564834664,7.72972972972973,8.176242457702756,0.46081543803990543,0.0,0.0,0.0,0.0,0.0,0,0,0,0,0,0.0,0.35135135135135137,0.40070835398937,0.18796883543075762,0.9548979046912897,0.6131352570131404,0.0,0.22662337662337664,0.10017527979421985
1350,110,99.09909909909909,111,0,111,0,0,0.0,2.634767076740605,2.603554901196044,7.515001076987425,2.124341609052808,0.7193957703595443,1.6653434603594819,7.72972972972973,8.176242457702756,0.45978967869103227,0.0,0.0,0.0,0.0,0.0,0,0,0,0,0,0.0,0.34234234234234234,0.4010753569243179,0.17929784633556567,0.9630748614236708,0.6115603079827641,0.0,0.22662337662337664,0.10001949567671382
1351,110,99.09909909909909,111,0,111,0,0,0.0,2.6840388497195757,2.6512957643826205,8.132215216294476,2.1240713844401684,0.6765287634164732,1.6240242820265807,7.72972972972973,8.176242457702756,0.46397391732538207,0.0,0.0,0.0,0.0,0.0,0,0,0,0,0,0.0,0.34234234234234234,0.4119317656866976,0.1751504668941558,0.9566990145398282,0.617281276181421,0.0,0.19058441558441558,0.10025480743185378
1352,110,99.09909909909909,111,0,111,0,0,0.0,2.706698144430931,2.6728887193757274,8.542449314952291,2.1252356479302525,0.6515480738066884,1.6043053331191368,7.72972972972973,8.176242457702756,0.46685644991653485,0.0,0.0,0.0,0.0,0.0,0,0,0,0,0,0.0,0.36036036036036034,0.42009983089560526,0.17410904792489812,0.9478634030752369,0.6189491353858697,0.0,0.15844155844155847,0.10041570040830844
1353,111,100.0,111,0,111,0,0,0.0,2.7163865595718293,2.6823144635984595,9.060722749090711,2.1269212557754167,0.6074959102412385,1.5860399998622339,7.72972972972973,8.176242457702756,0.4701908536404238,0.0,0.0,0.0,0.0,0.0,0,0,0,0,0,0.0,0.34234234234234234,0.43071441717197734,0.16863616678001853,0.953421980773731,0.6244417052502947,0.0,0.15844155844155844,0.10053305217616627
1354,111,100.0,111,0,111,0,0,0.0,2.700069691179955,2.666242009682315,8.62617944247888,2.1274177459954045,0.6616069068415608,1.6392784252621786,7.72972972972973,8.176242457702756,0.46755116261537055,0.0,0.0,0.0,0.0,0.0,0,0,0,0,0,0.0,0.32432432432432434,0.4220552659767098,0.17595476112368186,0.9490173230907759,0.6210284443140518,0.0,0.15844155844155844,0.10047176495628939
1355,111,100.0,111,0,111,0,0,0.0,2.691050193285469,2.657013227313069,8.414282814389617,2.127269987873304,0.6840342863468449,1.651634080344158,7.72972972972973,8.176242457702756,0.4653769947188169,0.0,0.0,0.0,0.0,0.0,0,0,0,0,0,0.0,0.34234234234234234,0.4175465349615071,0.17646912454424604,0.9374812292666499,0.6176022919446889,0.0,0.15844155844155844,0.10042062693566003
1356,111,100.0,111,0,111,0,0,0.0,2.6853355189616073,2.6514867415016696,8.42582303414276,2.1267728237100543,0.6860855354714583,1.6230265035812175,7.72972972972973,8.176242457702756,0.46406957845833596,0.0,0.0,0.0,0.0,0.0,0,0,0,0,0,0.0,0.35135135135135137,0.416807684951003,0.18376185760564534,0.936542318731118,0.6110050340266275,0.0,0.2305194805194805,0.10037172889034066
1357,111,100.0,111,0,111,0,0,0.0,2.682330058131073,2.648813559281744,8.548809376786632,2.126141456206494,0.681614962141268,1.6621973831547856,7.72972972972973,8.176242457702756,0.4632374054207735,0.0,0.0,0.0,0.0,0.0,0,0,0,0,0,0.0,0.35135135135135137,0.418497864192199,0.17366650301767717,0.9631002902696258,0.6091607449230845,0.0,0.15844155844155844,0.10033089051724288
1358,111,100.0,111,0,111,0,0,0.0,2.678109529754472,2.6444604048938642,8.368206508436149,2.1252769712749755,0.707827713269857,1.6806621317815582,7.72972972972973,8.176242457702756,0.46071145332081476,0.0,0.0,0.0,0.0,0.0,0,0,0,0,0,0.0,0.34234234234234234,0.4129970742254482,0.1797441037440827,0.9614616216859502,0.6022193612727379,0.0,0.22662337662337664,0.10027444668335424
1359,111,100.0,111,0,111,0,0,0.0,2.692592669372385,2.657491483218713,8.822301376149898,2.125335530774422,0.6884019386343548,1.668748939332194,7.72972972972973,8.176242457702756,0.4625248902213037,0.0,0.0,0.0,0.0,0.0,0,0,0,0,0,0.0,0.3783783783783784,0.420602600179235,0.16925403323046137,0.9606997162696598,0.6083036497958052,0.0,0.22662337662337664,0.10034925636477218
1360,110,99.09909909909909,111,1,110,0,0,0.009009009009009009,2.731913931322096,2.6951244075373055,9.682389854296318,2.127892662243106,0.6661393675521027,1.6617790646073416,7.72972972972973,8.176242457702756,0.4685573722473102,0.9702688976589288,0.0022169044212339978,1.0,0.029731102341071236,0.03627269955318507,0,1,0,0,0,1.0,0.3783783783783784,0.43557669049140485,0.15883029581487085,0.95461341096191,0.6162671099089914,0.009009009009009009,0.2626623376623377,0.10065040130894165
1361,110,99.09909909909909,111,0,111,0,0,0.0,2.709685969942694,2.6728907303091507,9.059499864793548,2.128744620330075,0.7093939286461881,1.6877704868000756,7.72972972972973,8.176242457702756,0.4646312656772533,0.0,0.0,0.0,0.0,0.0,0,0,0,0,0,0.0,0.36936936936936937,0.4247474652322313,0.1646897108038339,0.9556008685180721,0.6060120105042708,0.0,0.22662337662337662,0.10057409058145894
1362,109,98.1981981981982,111,1,110,0,0,0.009009009009009009,2.684031391299063,2.647550196682502,8.09066886972225,2.1279578125153606,0.770522331727187,1.7341532986418575,7.72972972972973,8.176242457702756,0.45807596929955263,0.7985662799002912,0.007716126708774603,1.0,0.20143372009970884,0.00021200604659643574,0,1,0,0,0,0.0,0.36936936936936937,0.4042393554175118,0.18367860447113743,0.9546722763031292,0.5961102238307456,0.009009009009009009,0.20844155844155843,0.10041365203093719
1363,109,98.1981981981982,111,0,111,0,0,0.0,2.650243507775404,2.614853625453316,7.959037974742869,2.1250082402313515,0.791073388102983,1.7440472802279479,7.72972972972973,8.176242457702756,0.45412287430577325,0.0,0.0,0.0,0.0,0.0,0,0,0,0,0,0.0,0.3783783783783784,0.40035895686239376,0.1727344991105235,0.9569722254947166,0.5933578063780138,0.0,0.20844155844155843,0.100124130522616
1364,109,98.1981981981982,111,0,111,0,0,0.0,2.629809515585538,2.5952967529440105,7.517988552730653,2.121020618277945,0.8059850008233012,1.7559662997209966,7.72972972972973,8.176242457702756,0.451011197039235,0.0,0.0,0.0,0.0,0.0,0,0,0,0,0,0.0,0.3963963963963964,0.3923519052657271,0.17938740618365012,0.9416174445709005,0.5899615417819974,0.0,0.20844155844155843,0.09985894174206311
1365,110,99.09909909909909,111,0,111,0,0,0.0,2.6095787839913145,2.576302296858286,7.57148456010279,2.116116607737273,0.7774604680895228,1.7342325975294357,7.72972972972973,8.176242457702756,0.4515205522482786,0.0,0.0,0.0,0.0,0.0,0,0,0,0,0,0.0,0.40540540540540543,0.39490883679136973,0.16746945025303056,0.9467435031954784,0.5966982367291913,0.0,0.20844155844155843,0.09955730618811368
1366,110,99.09909909909909,111,0,111,0,0,0.0,2.574276062972296,2.542527280213573,6.978500602592995,2.1094043391877566,0.8009797678593105,1.7366396418693706,7.72972972972973,8.176242457702756,0.4452543247589331,0.0,0.0,0.0,0.0,0.0,0,0,0,0,0,0.0,0.38738738738738737,0.3807203482764125,0.16404303109245427,0.9467435031954784,0.5935393899134812,0.0,0.20844155844155843,0.0991063869075083
1367,111,100.0,111,0,111,0,0,0.0,2.5540755480826705,2.5231423561361876,6.493687692071053,2.101972915275014,0.8281267152942532,1.730711078950071,7.72972972972973,8.176242457702756,0.44101060726016517,0.0,0.0,0.0,0.0,0.0,0,0,0,0,0,0.0,0.3963963963963964,0.36803470211410766,0.16266899998624373,0.9363725158944427,0.5914602301044197,0.0,0.1762987012987013,0.09870157871447739
1368,111,100.0,111,0,111,0,0,0.0,2.5626946375673794,2.5312968035759704,6.564035760953874,2.095682484514447,0.8115823756370175,1.6685784845290161,7.72972972972973,8.176242457702756,0.4409095027255383,0.0,0.0,0.0,0.0,0.0,0,0,0,0,0,0.0,0.36036036036036034,0.36814097331628154,0.16203990790792994,0.949195288914528,0.5905005333851726,0.0,0.20844155844155843,0.09848751372659201
1369,111,100.0,111,0,111,0,0,0.0,2.5691614121691413,2.536624135972583,6.588964764927538,2.0902548351151173,0.7897419009661922,1.6255006028225567,7.72972972972973,8.176242457702756,0.4442534971664216,0.0,0.0,0.0,0.0,0.0,0,0,0,0,0,0.0,0.36036036036036034,0.37134355883452996,0.16850487096417474,0.9527438718479546,0.5879742121869266,0.0,0.20844155844155846,0.09829795871227918
1370,111,100.0,111,0,110,1,0,0.0,2.5904231492597414,2.557856281307733,6.789520943866274,2.08665975683569,0.7638731509847584,1.6045333589753685,7.72972972972973,8.176242457702756,0.4461630071880389,0.8269573467348679,0.0018859354344402724,1.0,0.17304265326513213,0.049490507846204956,0,0,0,1,0,0.0,0.36036036036036034,0.37507928102596994,0.16911226174751937,0.9478517732364218,0.5889107723430488,0.0,0.1724025974025974,0.09825729623939711
1371,109,98.1981981981982,111,2,109,0,0,0.018018018018018018,2.5945574268598337,2.565170656795701,6.367561758684376,2.0836480539512516,0.7818933941268685,1.5722098635472792,7.72972972972973,8.176242457702756,0.44529873062242764,0.6999122939943773,0.0031339692556701278,1.0,0.30008770600562273,0.028587750499816683,0,2,0,0,0,0.0,0.36036036036036034,0.3674874177070595,0.19537315270453806,0.9520208323501348,0.5884106522100332,0.018018018018018018,0.15454545454545454,0.0981548455624289
1372,109,98.1981981981982,111,0,111,0,0,0.0,2.619508177794239,2.590318045401132,6.895223493435885,2.082716484149091,0.7306205833177211,1.5384556702158372,7.72972972972973,8.176242457702756,0.45085290835573333,0.0,0.0,0.0,0.0,0.0,0,0,0,0,0,0.0,0.35135135135135137,0.37980236150949015,0.18304733105984367,0.9505587332530432,0.5985150829320279,0.0,0.1185064935064935,0.09824151561425723
1373,109,98.1981981981982,111,0,111,0,0,0.0,2.5999132264241114,2.5706890509630203,6.644598330379867,2.0805771504108024,0.7461704797504322,1.5339851630413972,7.72972972972973,8.176242457702756,0.44808540076924497,0.0,0.0,0.0,0.0,0.0,0,0,0,0,0,0.0,0.36036036036036034,0.3741524746612856,0.1888962332731843,0.9515705293827141,0.59697656146837,0.0,0.1185064935064935,0.09805608230069564
1374,109,98.1981981981982,111,0,111,0,0,0.0,2.585812573312185,2.5566852355957352,6.379894892259275,2.0776967450677293,0.7661621541237202,1.5712295944249839,7.72972972972973,8.176242457702756,0.44490428948084393,0.0,0.0,0.0,0.0,0.0,0,0,0,0,0,0.0,0.35135135135135137,0.3680072428695653,0.1965776962314642,0.9562566174720937,0.5903168896295106,0.0,0.1185064935064935,0.09786782457282887
1375,109,98.1981981981982,111,0,111,0,0,0.0,2.6266234058619746,2.5967556893082913,6.798169045846131,2.0776728546088226,0.7311555792116438,1.5569432858442016,7.72972972972973,8.176242457702756,0.4464699864228838,0.0,0.0,0.0,0.0,0.0,0,0,0,0,0,0.0,0.35135135135135137,0.37382341779969125,0.18616107291495373,0.9595551628829941,0.5933453881717579,0.0,0.15454545454545454,0.09807090206465557
1376,111,100.0,111,0,111,0,0,0.0,2.638522081727736,2.6080154855970723,6.849851644150539,2.0783874200876116,0.7212565733529974,1.5509583371126219,7.72972972972973,8.176242457702756,0.44575645124894114,0.0,0.0,0.0,0.0,0.0,0,0,0,0,0,0.0,0.35135135135135137,0.3735931858184326,0.1860292920886573,0.96847485735132,0.5911048352746842,0.0,0.15454545454545454,0.0981596077470168
1377,110,99.09909909909909,111,1,110,0,0,0.009009009009009009,2.665701266685637,2.636767254300973,6.972759833180511,2.0808648902031437,0.7041003601495278,1.533804918958521,7.72972972972973,8.176242457702756,0.4443285453899757,0.8423797424449444,0.005673229514299727,1.0,0.1576202575550556,0.0008429089125925326,0,1,0,0,0,0.0,0.32432432432432434,0.3718319920305357,0.1868504701069279,0.9686781274265035,0.588842662192183,0.009009009009009009,0.15454545454545457,0.09839678565353782
1378,110,99.09909909909909,111,0,111,0,0,0.0,2.629643402975917,2.601390515888773,6.5597318110938865,2.080885128243525,0.7405381349846274,1.561451705128371,7.72972972972973,8.176242457702756,0.4389808794775387,0.0,0.0,0.0,0.0,0.0,0,0,0,0,0,0.0,0.3153153153153153,0.3616683012046013,0.18495436553553743,0.9646625004621188,0.5838513879335412,0.0,0.15454545454545454,0.09821732369061437
1379,110,99.09909909909909,111,0,111,0,0,0.0,2.617634091986527,2.5898244988951826,6.435378999400937,2.08014717909898,0.7509263212784628,1.5629924175041778,7.72972972972973,8.176242457702756,0.43768040042165546,0.0,0.0,0.0,0.0,0.0,0,0,0,0,0,0.0,0.3063063063063063,0.35887064469898494,0.1848666474487825,0.9496600456791285,0.5832310811172424,0.0,0.11850649350649352,0.09812710888003112
1380,109,98.1981981981982,111,1,110,0,0,0.009009009009009009,2.614612812669544,2.597092081566317,6.448481952252064,2.0792729601515925,0.7526905854415867,1.5960390928866313,7.72972972972973,8.176242457702756,0.4370338584205038,0.9668216305235018,0.0054289536291499,1.0,0.033178369476498215,0.013483185035949807,0,1,0,0,0,1.0,0.32432432432432434,0.3583822589703133,0.19151283934923383,0.961796402619491,0.5738542455606174,0.009009009009009009,0.13636363636363635,0.09807626335307143
1381,109,98.1981981981982,111,0,111,0,0,0.0,2.618652677135746,2.601181076662475,6.401864994234329,2.07940965884559,0.7489260104652558,1.5764339520452997,7.72972972972973,8.176242457702756,0.434161855153089,0.0,0.0,0.0,0.0,0.0,0,0,0,0,0,0.0,0.3063063063063063,0.3546382905286857,0.19399666069141563,0.9684839825879998,0.5706473540210824,0.0,0.13636363636363635,0.09810205108373132
1382,110,99.09909909909909,111,1,110,0,0,0.009009009009009009,2.6179451434517627,2.598338475323984,6.351057810272224,2.0795400079510045,0.7491407398060882,1.6475674805094411,7.72972972972973,8.176242457702756,0.4317268292541472,0.9580959977067554,0.006623336704773983,1.0,0.04190400229324465,0.017124214142105076,0,1,0,0,0,1.0,0.32432432432432434,0.350096943041523,0.1862988496766706,0.9606744829726992,0.5736622972975988,0.009009009009009009,0.13636363636363635,0.09810384224476147
1383,109,98.1981981981982,111,1,110,0,0,0.009009009009009009,2.619545889853544,2.5950571174700023,6.203515475661804,2.0795598232676356,0.7518514788231314,1.664947822778347,7.72972972972973,8.176242457702756,0.4276310336273763,0.996755793938549,0.005242978960204982,1.0,0.003244206061451038,0.014459698287362599,1,0,0,0,0,1.0,0.3153153153153153,0.34502304983078175,0.19371587517451805,0.9626761839356752,0.5653528495909246,0.009009009009009009,0.1724025974025974,0.09811265605093614
1384,109,98.1981981981982,111,0,110,1,0,0.0,2.623230116856833,2.599891771718795,6.270385104279072,2.0795887339791723,0.7436517444997943,1.6491655675167078,7.72972972972973,8.176242457702756,0.4247661729825454,0.5284355595172823,0.0036833894282173847,1.0,0.47156444048271773,-0.004582317975138528,0,0,0,1,0,0.0,0.3063063063063063,0.3417611757964472,0.17478146296213481,0.961749948074406,0.5668100347059304,0.0,0.1724025974025974,0.09813225909088832
1385,109,98.1981981981982,111,0,110,1,0,0.0,2.597088591309085,2.573044967857896,5.900657746768742,2.0778592330601895,0.7803314517517649,1.6347891309840143,7.72972972972973,8.176242457702756,0.41976395974434033,0.46960466698587777,0.004526738513957783,0.0,0.46960466698587777,-0.02344964918422421,0,0,0,1,0,0.0,0.3063063063063063,0.3333171509821018,0.18793775961378087,0.95938179643138,0.554878752477094,0.0,0.1487012987012987,0.09793084736892747
1386,107,96.3963963963964,111,2,108,0,1,0.018018018018018018,2.5940252406382194,2.5722585698827123,5.773462705233083,2.0760883837139956,0.819376153802757,1.6821677279386993,7.72972972972973,8.176242457702756,0.4171619037624059,0.761573723949298,0.0044174527426139075,0.6666666666666666,0.228730575631197,-0.010956073813354802,0,3,0,0,0,0.0,0.3063063063063063,0.32914647742454267,0.20257382765978205,0.9556929285946019,0.5451887326589762,0.018018018018018018,0.1542207792207792,0.09784313614752041
1387,108,97.29729729729729,111,0,111,0,0,0.0,2.600292753771698,2.5784776931929407,6.0076301842957065,2.0750004341559256,0.8013609658663624,1.6696401907497016,7.72972972972973,8.176242457702756,0.418628702345093,0.0,0.0,0.0,0.0,0.0,0,0,0,0,0,0.0,0.2972972972972973,0.3344896704041332,0.19849440859304254,0.9544508966994392,0.5506654466166949,0.0,0.1542207792207792,0.09782999701634515
1388,109,98.1981981981982,111,0,111,0,0,0.0,2.618729714247344,2.596555384748366,6.147180455466652,2.0751838987054025,0.7726401575278767,1.7035765019416567,7.72972972972973,8.176242457702756,0.4186704383134454,0.0,0.0,0.0,0.0,0.0,0,0,0,0,0,0.0,0.3153153153153153,0.3357425003845837,0.20096910349572789,0.955638115565252,0.5490630539290166,0.0,0.1542207792207792,0.09792968207191796
1389,109,98.1981981981982,111,0,111,0,0,0.0,2.5939356672773957,2.5722553908339343,5.440220177344074,2.0737629016127697,0.8387303827170915,1.7441629426166185,7.72972972972973,8.176242457702756,0.41267295201193277,0.0,0.0,0.0,0.0,0.0,0,0,0,0,0,0.0,0.32432432432432434,0.31889145528446544,0.2119820010523028,0.9539841186117783,0.5402496208156625,0.0,0.12207792207792208,0.09774761975326293
1390,109,98.1981981981982,111,0,111,0,0,0.0,2.6510344721720815,2.628718838292608,6.1097590815944,2.0761513593791063,0.7741024149918753,1.7005277649276862,7.72972972972973,8.176242457702756,0.41771781888087434,0.0,0.0,0.0,0.0,0.0,0,0,0,0,0,0.0,0.2972972972972973,0.33087621962847363,0.19913110565776312,0.9641643414506404,0.5495029748819793,0.0,0.1542207792207792,0.09813075682672412
1391,110,99.09909909909909,111,1,109,0,1,0.009009009009009009,2.6482484454055633,2.6371066410700648,6.086031999028083,2.0781273341088813,0.7819276567700154,1.7347083115420832,7.72972972972973,8.176242457702756,0.4186970003966546,0.8047554167699349,0.003838613028599935,1.0,0.1952445832300651,0.0030312626266976728,0,2,0,0,0,0.5,0.27927927927927926,0.3325826821676732,0.21327501139070487,0.9575902217971669,0.5423336561084066,0.009009009009009009,0.17207792207792208,0.0981976069352962
1392,109,98.1981981981982,111,1,110,0,0,0.009009009009009009,2.638297505017949,2.6380164418873067,5.924250528726528,2.080085147206566,0.7780628602759089,1.7386422606742151,7.72972972972973,8.176242457702756,0.41993629176949887,0.9839055761442137,0.004811728368259084,1.0,0.0160944238557863,0.005446848546723171,0,1,0,0,0,1.0,0.32432432432432434,0.332311059286176,0.22106535505219088,0.9649791746617852,0.5416196899419867,0.009009009009009009,0.18993506493506493,0.09822789000622581
1393,109,98.1981981981982,111,0,111,0,0,0.0,2.6624249445538846,2.6615113934927064,6.3062559613484215,2.0841016419013716,0.7346614340490275,1.7177962569189043,7.72972972972973,8.176242457702756,0.42357745080473164,0.0,0.0,0.0,0.0,0.0,0,0,0,0,0,0.0,0.2972972972972973,0.3407349348581712,0.2211227374568754,0.9594209534047082,0.5458658441854644,0.0,0.18993506493506496,0.09851272637617953
1394,108,97.29729729729729,111,1,110,0,0,0.009009009009009009,2.684798848759928,2.680917688008916,7.093475069993539,2.0891991250891575,0.691112174301093,1.702646181901569,7.72972972972973,8.176242457702756,0.4302670188730535,0.9665777087604046,0.008804658685600767,1.0,0.03342229123959539,0.0068568916603424235,0,1,0,0,0,1.0,0.2972972972972973,0.3594309947010554,0.21981357632050774,0.9547131688243089,0.547940228278111,0.009009009009009009,0.18993506493506493,0.09883298718954675
1395,108,97.29729729729729,111,0,111,0,0,0.0,2.7196977171508436,2.7159533084881327,7.349858611029875,2.096031481229655,0.66588628632029,1.6826868132146315,7.72972972972973,8.176242457702756,0.432384094098595,0.0,0.0,0.0,0.0,0.0,0,0,0,0,0,0.0,0.2972972972972973,0.36252185648390134,0.22052064930629603,0.9426294256971596,0.5467092560574855,0.0,0.18993506493506496,0.09928679653331174
1396,109,98.1981981981982,111,0,111,0,0,0.0,2.750071476894539,2.7459903371124783,7.632438133122243,2.104269927596464,0.6387799374834167,1.6710494896515662,7.72972972972973,8.176242457702756,0.4368045602142574,0.0,0.0,0.0,0.0,0.0,0,0,0,0,0,0.0,0.27927927927927926,0.3688963911299435,0.22360619354139985,0.9473614171607875,0.5511027982106373,0.0,0.22597402597402597,0.09977546300687927
1397,109,98.1981981981982,111,1,110,0,0,0.009009009009009009,2.7492553815651752,2.7382776694280793,7.210892080626543,2.1118002905977016,0.6988934817348322,1.7142637732334747,7.72972972972973,8.176242457702756,0.43492647443439547,0.9657503508777079,1.834707767070825e-06,1.0,0.034249649122292114,0.15520715485622083,0,1,0,0,0,1.0,0.3153153153153153,0.35953478978330267,0.23514095402941323,0.9499223511445176,0.5462538555428521,0.009009009009009009,0.20811688311688312,0.10007923289869561
1398,109,98.1981981981982,111,0,111,0,0,0.0,2.7578052502638415,2.746862344564584,7.111505419825285,2.1188064788327132,0.6932676145575579,1.701615890075726,7.72972972972973,8.176242457702756,0.43693151136815955,0.0,0.0,0.0,0.0,0.0,0,0,0,0,0,0.0,0.3153153153153153,0.35993838583476256,0.24174542129274895,0.9446501827646642,0.5472883688685252,0.0,0.24415584415584415,0.10040840371075775
1399,110,99.09909909909909,111,0,111,0,0,0.0,2.7680119824198766,2.7571373693020775,7.234792942447615,2.1259119128786885,0.6784045298682275,1.695992317612041,7.72972972972973,8.176242457702756,0.4406897033217678,0.0,0.0,0.0,0.0,0.0,0,0,0,0,0,0.0,0.34234234234234234,0.3636276306135992,0.23617243812850844,0.940428798228744,0.5581524230401274,0.0,0.20811688311688312,0.10074991612917347
1400,110,99.09909909909909,111,0,111,0,0,0.0,2.777476785645095,2.7671236980393448,7.026220997366851,2.1330895945695385,0.6875560172436751,1.6963487621898836,7.72972972972973,8.176242457702756,0.43856119184938946,0.0,0.0,0.0,0.0,0.0,0,0,0,0,0,0.0,0.3333333333333333,0.3574712666158287,0.23157662964011613,0.9411751476928676,0.5575941989472809,0.0,0.20811688311688314,0.10109067247424257
1401,110,99.09909909909909,111,0,111,0,0,0.0,2.7748320201677275,2.7641580636397807,6.599702940628864,2.1394864296353684,0.7324353877405391,1.7245400827751873,7.72972972972973,8.176242457702756,0.4356377757675829,0.0,0.0,0.0,0.0,0.0,0,0,0,0,0,0.0,0.32432432432432434,0.34790703145031004,0.25211620018147823,0.9225453527931189,0.5506031567780014,0.0,0.20811688311688312,0.10133895901915654
1402,110,99.09909909909909,111,1,110,0,0,0.009009009009009009,2.777773962552494,2.761673942271571,6.6175857759532155,2.1455552377645057,0.7424568325933344,1.7242064197913876,7.72972972972973,8.176242457702756,0.43583691759468723,0.998225382490669,0.005017411277370492,1.0,0.0017746175093309446,0.02989786520134452,0,1,0,0,0,1.0,0.32432432432432434,0.34889719689681703,0.25762463134035524,0.9120367613319288,0.5489358846912553,0.009009009009009009,0.24415584415584415,0.10160176896454588
1403,110,99.09909909909909,111,0,111,0,0,0.0,2.753567955509935,2.738332053458106,6.0688834591374565,2.149243573851119,0.7880408075361484,1.7491297428683354,7.72972972972973,8.176242457702756,0.4296846142214099,0.0,0.0,0.0,0.0,0.0,0,0,0,0,0,0.0,0.32432432432432434,0.3353760246508303,0.2666056120909038,0.9210553389644169,0.5409748202261532,0.0,0.24415584415584415,0.10163152257988133
1404,110,99.09909909909909,111,0,111,0,0,0.0,2.7900150389622027,2.774115219513408,6.2914634001527086,2.1549709173692153,0.7513285095498389,1.7256873061074194,7.72972972972973,8.176242457702756,0.4323484653721954,0.0,0.0,0.0,0.0,0.0,0,0,0,0,0,0.0,0.3153153153153153,0.33985916725322657,0.2718411633958303,0.9375900006609919,0.5448088348170972,0.0,0.24415584415584415,0.10204789874335521
1405,110,99.09909909909909,111,0,111,0,0,0.0,2.7614773182272083,2.7455050222635067,6.027864874928593,2.158358588119063,0.790779386751788,1.7591388474554215,7.72972972972973,8.176242457702756,0.43176224597556745,0.0,0.0,0.0,0.0,0.0,0,0,0,0,0,0.0,0.3153153153153153,0.3368441895818431,0.28404652512989803,0.9248996200383266,0.5398813343606715,0.0,0.20811688311688314,0.10204370222676834
1406,110,99.09909909909909,111,0,111,0,0,0.0,2.7486107304629974,2.7337001834391317,5.519551748197066,2.160697120899517,0.840802557275014,1.7673481372640378,7.72972972972973,8.176242457702756,0.42444128675270654,0.0,0.0,0.0,0.0,0.0,0,0,0,0,0,0.0,0.3153153153153153,0.3214384831025145,0.29687921168750936,0.9152800038614353,0.5302366169061762,0.0,0.20811688311688314,0.10207497134298867
1407,111,100.0,111,0,111,0,0,0.0,2.752093135043742,2.7377288709272536,5.529139976687737,2.1631079657754024,0.8305919241065991,1.7558421242866191,7.72972972972973,8.176242457702756,0.4249161839422708,0.0,0.0,0.0,0.0,0.0,0,0,0,0,0,0.0,0.32432432432432434,0.32115118003397214,0.2950130596857377,0.9109543912399236,0.5316296020780646,0.0,0.24415584415584418,0.10219094162705815
1408,111,100.0,111,0,111,0,0,0.0,2.749058977845918,2.7343883910233346,5.52822717755372,2.1651031935399994,0.8472376616162534,1.7761145442713113,7.72972972972973,8.176242457702756,0.4261797607505313,0.0,0.0,0.0,0.0,0.0,0,0,0,0,0,0.0,0.3153153153153153,0.32307156433382805,0.29298391639344284,0.9326785268132121,0.5318582749766954,0.0,0.2801948051948052,0.10225733817087744
1409,111,100.0,111,0,111,0,0,0.0,2.7524488415375665,2.7381550550395892,5.638651380837917,2.1671816639110086,0.8357123958682362,1.7686796195571797,7.72972972972973,8.176242457702756,0.4263897710428861,0.0,0.0,0.0,0.0,0.0,0,0,0,0,0,0.0,0.2972972972972973,0.324409626145663,0.2793819228172375,0.9382352121390969,0.5393780136205775,0.0,0.20811688311688314,0.10235925787780831
1410,111,100.0,111,0,111,0,0,0.0,2.747597679488783,2.7333814851182243,5.5355790952397985,2.168777954584545,0.870465005591943,1.808321563766851,7.72972972972973,8.176242457702756,0.4237762563845884,0.0,0.0,0.0,0.0,0.0,0,0,0,0,0,0.0,0.3063063063063063,0.32085002816246055,0.28300319606251095,0.9328747068660002,0.5347242059552121,0.0,0.2081168831168831,0.10240026036546342
1411,110,99.09909909909909,111,1,110,0,0,0.009009009009009009,2.763856239029278,2.7477120719673738,5.761317591452584,2.171271024553334,0.867808707849461,1.803883814312035,7.72972972972973,8.176242457702756,0.4258815203566053,0.2710040079541194,0.0002804410807220021,0.0,0.2710040079541194,0.0027192597607502145,0,1,0,0,0,0.0,0.2972972972972973,0.3256723683875472,0.2642279075861472,0.9342636532330326,0.5289418149514489,0.009009009009009009,0.24415584415584418,0.10258347288581006
1412,110,99.09909909909909,111,0,111,0,0,0.0,2.7653541409923292,2.7485874637265892,5.6006823018066285,2.1735275813290533,0.8823450567766037,1.8169683092174478,7.72972972972973,8.176242457702756,0.4226533803762351,0.0,0.0,0.0,0.0,0.0,0,0,0,0,0,0.0,0.2972972972972973,0.31978130676051114,0.2684876161186455,0.9306144802315337,0.5252243500657438,0.0,0.20811688311688312,0.10268321317221459
1413,110,99.09909909909909,111,0,111,0,0,0.0,2.7811537467651544,2.763966551778605,5.436033109751262,2.1766055817731274,0.9077871127978991,1.7954413824002684,7.72972972972973,8.176242457702756,0.4182953165846566,0.0,0.0,0.0,0.0,0.0,0,0,0,0,0,0.0,0.2882882882882883,0.3124231613743246,0.27801311845180326,0.9300941955348593,0.5169524565489639,0.0,0.24415584415584418,0.10288804359065704
1414,110,99.09909909909909,111,0,111,0,0,0.0,2.8165300051027824,2.798587790364512,5.9117353904877215,2.1816964905649603,0.8731355587985911,1.7791514178622168,7.72972972972973,8.176242457702756,0.4247508542879266,0.0,0.0,0.0,0.0,0.0,0,0,0,0,0,0.0,0.3153153153153153,0.3243333697614266,0.26602870551296187,0.9232551853381582,0.5212656793933675,0.0,0.20811688311688312,0.10327304740540556
1415,110,99.09909909909909,111,0,111,0,0,0.0,2.8381060568908785,2.819495214308475,6.026816870538853,2.187738707649326,0.8737183778081224,1.7832640699661462,7.72972972972973,8.176242457702756,0.42265090040796505,0.0,0.0,0.0,0.0,0.0,0,0,0,0,0,0.0,0.3063063063063063,0.32262033017192554,0.26160831485325076,0.9401000973963982,0.5217187023856598,0.0,0.20811688311688312,0.10362794082366529
1416,111,100.0,111,0,111,0,0,0.0,2.8386591559675205,2.8198838523318748,6.096721118236224,2.193312319204715,0.8757632213896182,1.7789150774315978,7.72972972972973,8.176242457702756,0.42507571052174,0.0,0.0,0.0,0.0,0.0,0,0,0,0,0,0.0,0.3333333333333333,0.3265305303620586,0.26687139108705205,0.9279095171848961,0.5208996005591765,0.0,0.24415584415584413,0.10385856231625806
1417,110,99.09909909909909,111,1,110,0,0,0.009009009009009009,2.8468787187895486,2.8255383445429394,6.017885888361109,2.198963456063094,0.8773301796216225,1.7792733893995416,7.72972972972973,8.176242457702756,0.42494737923315995,0.8902608050311587,0.008717634958360265,1.0,0.10973919496884132,-0.013505007746791087,0,1,0,0,0,0.0,0.32432432432432434,0.32463176318843384,0.2745292137068908,0.930488809071768,0.5216580832940466,0.009009009009009009,0.2081168831168831,0.10413068545594703
1418,110,99.09909909909909,111,0,111,0,0,0.0,2.8447820181768186,2.8236006564001013,5.91697501665604,2.203862420902743,0.8740479536689684,1.7764006396946508,7.72972972972973,8.176242457702756,0.42251697843998826,0.0,0.0,0.0,0.0,0.0,0,0,0,0,0,0.0,0.32432432432432434,0.3214293376956157,0.27915694646951117,0.9382980186442758,0.5189436213769519,0.0,0.2298701298701299,0.10432047757448705
1419,110,99.09909909909909,111,0,111,0,0,0.0,2.8434683093426516,2.8217196739016894,6.139087355796364,2.208237799547458,0.8539101564986722,1.771233891869205,7.72972972972973,8.176242457702756,0.42788902772674486,0.0,0.0,0.0,0.0,0.0,0,0,0,0,0,0.0,0.32432432432432434,0.3312247373338253,0.2737005786799363,0.9393774191286985,0.5255266137530918,0.0,0.20811688311688312,0.10449277981353343
1420,109,98.1981981981982,111,1,110,0,0,0.009009009009009009,2.87800205870588,2.852991613498811,6.703514959053562,2.214466934234964,0.8046125655653206,1.6855250671500026,7.72972972972973,8.176242457702756,0.43430222959140385,0.9965302781934777,0.003599158861982843,1.0,0.0034697218065222746,0.059254148958472586,0,1,0,0,0,1.0,0.2972972972972973,0.34310370165151494,0.2550607025872955,0.9501001554053281,0.5478213262304271,0.009009009009009009,0.24415584415584418,0.10492010313788325
1421,109,98.1981981981982,111,0,111,0,0,0.0,2.8992500246323787,2.8739059481583977,6.962932949235653,2.221388763208474,0.7951464920680638,1.6932422556616737,7.72972972972973,8.176242457702756,0.43553411626846383,0.0,0.0,0.0,0.0,0.0,0,0,0,0,0,0.0,0.3153153153153153,0.3470567707755646,0.2478334646835245,0.9461701583576518,0.5507005403928968,0.0,0.20811688311688312,0.1053093157272066
1422,110,99.09909909909909,111,0,111,0,0,0.0,2.8917173733127304,2.8664488752357604,6.599459650396948,2.22725687997268,0.8186471660878891,1.6963971637846953,7.72972972972973,8.176242457702756,0.4321123132228486,0.0,0.0,0.0,0.0,0.0,0,0,0,0,0,0.0,0.34234234234234234,0.3381298322198904,0.25631117733168535,0.942580265719341,0.5498473212022271,0.0,0.24415584415584413,0.10551154819777965
1423,110,99.09909909909909,111,0,111,0,0,0.0,2.9100041233883567,2.885212125313348,6.531454387394838,2.2338725083379742,0.8188272605819356,1.6487749874261621,7.72972972972973,8.176242457702756,0.43100767594094336,0.0,0.0,0.0,0.0,0.0,0,0,0,0,0,0.0,0.32432432432432434,0.3345994699642526,0.25817063056099915,0.9473920605187781,0.552147235106328,0.0,0.21168831168831168,0.10587343685578128
1424,109,98.1981981981982,111,1,110,0,0,0.009009009009009009,2.910687066936146,2.8791419884734113,6.536819628366572,2.2399828937659056,0.8495178239243258,1.7248839428566984,7.72972972972973,8.176242457702756,0.4305866422298783,0.9999929183548238,0.008960253492564334,1.0,7.081645176154616e-06,0.01015830678305818,0,1,0,0,0,1.0,0.34234234234234234,0.3349213252809395,0.25745811554136216,0.9475288600970997,0.5474652585154969,0.009009009009009009,0.1577922077922078,0.10612665153736414
1425,109,98.1981981981982,111,1,110,0,0,0.009009009009009009,2.9316223073146364,2.908993170034056,6.653551115111284,2.24654341038777,0.8551060024607101,1.7046388854661412,7.72972972972973,8.176242457702756,0.4307490882205858,0.9003522877779512,0.005325832709294891,1.0,0.09964771222204882,-0.0015478058240163683,0,1,0,0,0,0.0,0.36936936936936937,0.33565910663899123,0.25941252278815824,0.9644923887727026,0.5488383967122701,0.009009009009009009,0.22597402597402597,0.10649952961199734
1426,109,98.1981981981982,111,0,111,0,0,0.0,2.9439301401491336,2.9215978762743475,6.911519843764451,2.25396211503955,0.8229360264245781,1.67399126532982,7.72972972972973,8.176242457702756,0.4331846997492539,0.0,0.0,0.0,0.0,0.0,0,0,0,0,0,0.0,0.34234234234234234,0.3411688546402166,0.24980312842029528,0.961334260088305,0.554676137693953,0.0,0.22597402597402594,0.10686435441594504
1427,109,98.1981981981982,111,0,111,0,0,0.0,2.977565160481348,2.954520604483358,7.551967742029062,2.262927722077427,0.7919046999311085,1.6706537704677018,7.72972972972973,8.176242457702756,0.4358766977481152,0.0,0.0,0.0,0.0,0.0,0,0,0,0,0,0.0,0.3153153153153153,0.35050361832182036,0.24273975132970024,0.9567834178928084,0.5512818372906907,0.0,0.262012987012987,0.10739905440221696
1428,109,98.1981981981982,111,0,111,0,0,0.0,2.9581828052501544,2.935345316219381,7.478399846797042,2.2699060248977414,0.816321144043708,1.7037312211889444,7.72972972972973,8.176242457702756,0.43530993611399516,0.0,0.0,0.0,0.0,0.0,0,0,0,0,0,0.0,0.34234234234234234,0.3487824244938825,0.23971605161660708,0.961334260088305,0.5503455550973947,0.0,0.22597402597402594,0.10758742410507179
1429,110,99.09909909909909,111,0,111,0,0,0.0,2.940240375233415,2.917299011918795,7.625155100954221,2.275133357084617,0.8111914276852703,1.7431668621686536,7.72972972972973,8.176242457702756,0.43949182323198777,0.0,0.0,0.0,0.0,0.0,0,0,0,0,0,0.0,0.3333333333333333,0.3559322135316473,0.233705843845154,0.959395654755119,0.5558941340577574,0.0,0.225974025974026,0.10771141163182234
1430,111,100.0,111,0,111,0,0,0.0,2.928751824238147,2.905313835307083,7.683496559525155,2.2791493402388183,0.811144862454092,1.7424496046905853,7.72972972972973,8.176242457702756,0.44250928371901166,0.0,0.0,0.0,0.0,0.0,0,0,0,0,0,0.0,0.35135135135135137,0.3603503747774299,0.23553027488436198,0.9483723377070413,0.5567422608951781,0.0,0.29805194805194807,0.10781814713671999
1431,111,100.0,111,0,111,0,0,0.0,2.952530847759801,2.9282827005276806,7.882596357338392,2.284339358961447,0.8035209718197196,1.6883358133623825,7.72972972972973,8.176242457702756,0.4456693374265537,0.0,0.0,0.0,0.0,0.0,0,0,0,0,0,0.0,0.35135135135135137,0.3653529539394108,0.24122709200122092,0.9474653856453957,0.5601394773529053,0.0,0.29805194805194807,0.10814921651150941
1432,110,99.09909909909909,111,1,110,0,0,0.009009009009009009,2.936128839418341,2.9141779022957843,7.895830189742671,2.288103839117041,0.8160563426774397,1.7113384477857354,7.72972972972973,8.176242457702756,0.44430634110479184,0.7337503720512158,0.006790450445084982,1.0,0.26624962794878415,-0.000985851734569776,0,1,0,0,0,0.0,0.36036036036036034,0.3633798185733355,0.23788879171080543,0.9537072004051993,0.5573631788536528,0.009009009009009009,0.31623376623376626,0.10822110298219886
1433,110,99.09909909909909,111,0,111,0,0,0.0,2.886436780014659,2.8655728130696962,7.086511124552395,2.2884598663457005,0.8693818584381505,1.7553833156429648,7.72972972972973,8.176242457702756,0.4378262785932585,0.0,0.0,0.0,0.0,0.0,0,0,0,0,0,0.0,0.36936936936936937,0.3490094300400005,0.24701075975654257,0.9512596714506613,0.5522590053223558,0.0,0.2801948051948052,0.10798719750989576
1434,110,99.09909909909909,111,0,111,0,0,0.0,2.8444599353222126,2.8251058758995256,6.909391685835794,2.286139844006337,0.8947225020417288,1.8494820062542827,7.72972972972973,8.176242457702756,0.43196354442454643,0.0,0.0,0.0,0.0,0.0,0,0,0,0,0,0.0,0.36036036036036034,0.34220599326421325,0.23349300199204712,0.9512596714506613,0.5471787723381786,0.0,0.2801948051948052,0.10768246796066391
1435,109,98.1981981981982,111,1,110,0,0,0.009009009009009009,2.836534381706329,2.8176878446741025,6.710032578985403,2.2834997273588513,0.9137318438441786,1.858201955653312,7.72972972972973,8.176242457702756,0.42992515079837834,0.9998563106807424,0.00014920105958233018,1.0,0.00014368931925756723,0.1123096309634653,0,1,0,0,0,1.0,0.36036036036036034,0.3383095736784369,0.23168501488638116,0.9520383627926554,0.549919666533673,0.009009009009009009,0.29805194805194807,0.1075349090234522
1436,109,98.1981981981982,111,0,111,0,0,0.0,2.8408803641237665,2.8223926147828946,6.792379417420189,2.2814077837633673,0.8819212222321402,1.8315846652908536,7.72972972972973,8.176242457702756,0.4304979911014466,0.0,0.0,0.0,0.0,0.0,0,0,0,0,0,0.0,0.35135135135135137,0.3392801073420501,0.224295556828367,0.9575167302168033,0.5546078619529087,0.0,0.26201298701298703,0.1074711177453168
1437,110,99.09909909909909,111,0,111,0,0,0.0,2.833283437274592,2.8158596091227652,6.93521111330999,2.27905955904229,0.8840244739087171,1.8338714233238789,7.72972972972973,8.176242457702756,0.4284280781228762,0.0,0.0,0.0,0.0,0.0,0,0,0,0,0,0.0,0.34234234234234234,0.33842122701909877,0.2098499504582223,0.9611460553320859,0.5543012332379298,0.0,0.26201298701298703,0.10733713483774743
1438,110,99.09909909909909,111,0,111,0,0,0.0,2.860557289853782,2.8429144300368465,7.252965515146728,2.278672985071406,0.841296279993048,1.7881867981800654,7.72972972972973,8.176242457702756,0.43074841773007866,0.0,0.0,0.0,0.0,0.0,0,0,0,0,0,0.0,0.3333333333333333,0.3432369895011392,0.20425802773211182,0.9547444464100787,0.5633650998271945,0.0,0.262012987012987,0.10745770048807446
1439,110,99.09909909909909,111,0,111,0,0,0.0,2.8717387945077557,2.853959937828566,7.995893576335287,2.279040504323848,0.8116701492042063,1.7855424594977707,7.72972972972973,8.176242457702756,0.43420944714204346,0.0,0.0,0.0,0.0,0.0,0,0,0,0,0,0.0,0.35135135135135137,0.3562974806634177,0.19289503401856953,0.9499208349189983,0.5621280953874066,0.0,0.26201298701298703,0.10752863264392352
1440,111,100.0,111,0,111,0,0,0.0,2.8818976311602067,2.86403489549574,7.92993845046106,2.280036976684235,0.8161821408434293,1.7837238851895578,7.72972972972973,8.176242457702756,0.43186710466026024,0.0,0.0,0.0,0.0,0.0,0,0,0,0,0,0.0,0.32432432432432434,0.3523619153114425,0.2004529549770071,0.9478052703062455,0.5570748943998114,0.0,0.26201298701298703,0.10762016382529041
1441,110,99.09909909909909,111,1,110,0,0,0.009009009009009009,2.8832092489830847,2.8771470955499976,8.277547545680939,2.28102420463915,0.7907610687927539,1.7668908734176243,7.72972972972973,8.176242457702756,0.4361224964523658,0.9950502257727416,0.0052450375800082005,1.0,0.004949774227258397,0.005805108140644721,1,0,0,0,0,1.0,0.34234234234234234,0.3599226376847212,0.1975247364683001,0.9573285831161201,0.562601660687515,0.009009009009009009,0.2438311688311688,0.10766708099000682
1442,109,98.1981981981982,111,1,109,0,1,0.009009009009009009,2.8678830756855995,2.8571808658066447,8.77839684530797,2.2817233353037003,0.8020448746350998,1.869091587080095,7.72972972972973,8.176242457702756,0.4365713943723726,0.9371913941262487,8.757922954128925e-05,1.0,0.06280860587375126,0.08578056471795457,0,2,0,0,0,0.5,0.34234234234234234,0.3687830133528762,0.17344911596960771,0.9562312783422554,0.5585927620010585,0.009009009009009009,0.2438311688311688,0.1076190314326343
1443,109,98.1981981981982,111,0,111,0,0,0.0,2.8656371513738805,2.855273625346448,9.128485154870933,2.2819273787466208,0.7677797353703198,1.8459396216860087,7.72972972972973,8.176242457702756,0.4388118877063949,0.0,0.0,0.0,0.0,0.0,0,0,0,0,0,0.0,0.36036036036036034,0.3752548015763938,0.16578170955693275,0.9502434227122551,0.5619579817209672,0.0,0.2438311688311688,0.1076161433543818
1444,109,98.1981981981982,111,0,111,0,0,0.0,2.8835231039867275,2.8725395151389317,9.291785865142842,2.283244099912458,0.7555565310113997,1.8253323798465515,7.72972972972973,8.176242457702756,0.4392517276156447,0.0,0.0,0.0,0.0,0.0,0,0,0,0,0,0.0,0.34234234234234234,0.37556359411674667,0.16382628058429705,0.9564035693334734,0.5659549378555991,0.0,0.20779220779220775,0.10775940227495141
1445,109,98.1981981981982,111,0,111,0,0,0.0,2.8928580730952067,2.8825549791452403,9.045438130112395,2.285108273659621,0.7641359478143152,1.8065337131003698,7.72972972972973,8.176242457702756,0.435838146154935,0.0,0.0,0.0,0.0,0.0,0,0,0,0,0,0.0,0.3333333333333333,0.3680344897053797,0.16633199278666969,0.9389295039480161,0.5613385991165817,0.0,0.2798701298701299,0.10788228680319424
1446,110,99.09909909909909,111,0,111,0,0,0.0,2.8909687106184374,2.8806768016501465,9.176102291872303,2.286697176564755,0.7645308298460936,1.8096656137385232,7.72972972972973,8.176242457702756,0.43525702276766576,0.0,0.0,0.0,0.0,0.0,0,0,0,0,0,0.0,0.3333333333333333,0.3692551683969283,0.15767854001259693,0.9484838300011743,0.5628710447903974,0.0,0.2798701298701298,0.10793779626778102
1447,110,99.09909909909909,111,1,110,0,0,0.009009009009009009,2.9143762202416523,2.8965263783787867,9.613818361422307,2.2896624446433136,0.7561346538759643,1.8187122625141736,7.72972972972973,8.176242457702756,0.4355983614325325,0.9999675753143401,0.00945741428228044,1.0,3.242468565989309e-05,0.004770448609717315,0,1,0,0,0,1.0,0.34234234234234234,0.37351308187582705,0.14659950242953654,0.940007963413133,0.5606125651925935,0.009009009009009009,0.2798701298701298,0.108176057569709
1448,108,97.29729729729729,111,2,109,0,0,0.018018018018018018,2.9101436333244477,2.8864616929345304,9.679705337633434,2.2916125194332624,0.7869796726805626,1.8774305108008862,7.72972972972973,8.176242457702756,0.43511958921232674,0.8475484792426348,0.006263540212442874,1.0,0.15245152075736523,0.0007752313190724225,0,2,0,0,0,0.0,0.34234234234234234,0.3741238148872869,0.14445668494500916,0.9385386430920641,0.5592486548610621,0.018018018018018018,0.22954545454545455,0.10823461605658935
1449,107,96.3963963963964,111,1,110,0,0,0.009009009009009009,2.9002552443215097,2.8752567479983995,9.071580760121096,2.2923705246880965,0.7915886532052482,1.8613685191347493,7.72972972972973,8.176242457702756,0.43721376174292503,0.9999999999417923,3.0342340421002464e-08,1.0,5.820766091346741e-11,0.1430506461712565,0,1,0,0,0,1.0,0.35135135135135137,0.37310499960524596,0.1589402056137055,0.931102114298296,0.5706277191945965,0.009009009009009009,0.22954545454545455,0.10821616228531335
1450,107,96.3963963963964,111,0,111,0,0,0.0,2.937193872199469,2.910782898176627,9.58924457223691,2.2953348862984986,0.7513869330218216,1.8439442944561764,7.72972972972973,8.176242457702756,0.44134273314119765,0.0,0.0,0.0,0.0,0.0,0,0,0,0,0,0.0,0.34234234234234234,0.381363296215388,0.1584426563776664,0.9545339854807274,0.5746629382026032,0.0,0.22954545454545455,0.10852204212099792
1451,107,96.3963963963964,111,0,111,0,0,0.0,2.9529340164796514,2.9267748001879905,10.352879077691838,2.2991029038619506,0.7233001716887235,1.8217363045849062,7.72972972972973,8.176242457702756,0.4422690827338709,0.0,0.0,0.0,0.0,0.0,0,0,0,0,0,0.0,0.34234234234234234,0.38998213221176425,0.14923057238248444,0.9473490456374796,0.572252003590928,0.0,0.2616883116883117,0.10875478396831716
1452,108,97.29729729729729,111,0,111,0,0,0.0,2.968791211019201,2.9423506596945788,10.508648025482387,2.303581655204069,0.7219269229380318,1.8320088391916411,7.72972972972973,8.176242457702756,0.44221207406692487,0.0,0.0,0.0,0.0,0.0,0,0,0,0,0,0.0,0.3333333333333333,0.3915314457545524,0.15815919728637895,0.9509011560675139,0.5741658714261892,0.0,0.22564935064935063,0.10901716672541951
1453,110,99.09909909909909,111,0,111,0,0,0.0,2.957788398052675,2.9313088481903633,10.01807843456707,2.306971968753132,0.7711492438055808,1.8602816742884274,7.72972972972973,8.176242457702756,0.43867845782996917,0.0,0.0,0.0,0.0,0.0,0,0,0,0,0,0.0,0.35135135135135137,0.3834326252670566,0.17041218333211094,0.9494189782674048,0.5656948111365782,0.0,0.29772727272727273,0.10910075278851074
1454,111,100.0,111,0,111,0,0,0.0,2.9368453405011583,2.911287565677277,9.011722097484213,2.308775491165219,0.8292278826972914,1.8927684616804081,7.72972972972973,8.176242457702756,0.43431919553259357,0.0,0.0,0.0,0.0,0.0,0,0,0,0,0,0.0,0.3153153153153153,0.3693186418286331,0.1906566422314144,0.9574816005914819,0.5599821319762585,0.0,0.2616883116883117,0.10906976768334878
1455,111,100.0,111,0,111,0,0,0.0,2.897635939433387,2.8730926073801495,8.077276961919994,2.307933223294521,0.8836981582893377,1.881181297028531,7.72972972972973,8.176242457702756,0.42636947240414336,0.0,0.0,0.0,0.0,0.0,0,0,0,0,0,0.0,0.3153153153153153,0.35115059349433414,0.19704551612043011,0.9573792589366248,0.5521882494096967,0.0,0.2616883116883117,0.10883928774638413
1456,110,99.09909909909909,111,1,110,0,0,0.009009009009009009,2.898604571375324,2.8703259095254365,8.392983291202327,2.3072313463387353,0.8797349348693407,1.891069855516997,7.72972972972973,8.176242457702756,0.4273580744741923,0.9998620289578204,0.009832557902433207,1.0,0.00013797104217960765,0.03733026252909255,0,1,0,0,0,1.0,0.34234234234234234,0.35686064742378576,0.18869946706642415,0.9547069193408582,0.55004506281506,0.009009009009009009,0.2798701298701299,0.10881543732526393
1457,110,99.09909909909909,111,0,111,0,0,0.0,2.9062264530189426,2.87928033390322,7.997226609122024,2.306920070311465,0.8874778879878822,1.8709716397314438,7.72972972972973,8.176242457702756,0.4253420215357828,0.0,0.0,0.0,0.0,0.0,0,0,0,0,0,0.0,0.3153153153153153,0.3486241325768445,0.19660132787718615,0.9482567254209641,0.5512953144387601,0.0,0.3159090909090909,0.10884082139213085
1458,109,98.1981981981982,111,1,110,0,0,0.009009009009009009,2.9089580515469917,2.8795504943590147,7.85205791926407,2.3067986333124573,0.9135571949638586,1.8764889839111294,7.72972972972973,8.176242457702756,0.4229283461225406,0.9999869561357397,0.0024039334294648908,1.0,1.3043864260264826e-05,0.060840410880149354,0,1,0,0,0,1.0,0.2882882882882883,0.3454315755612784,0.2030080310537028,0.9438455695951463,0.5468277388402054,0.009009009009009009,0.351948051948052,0.10884951489303499
1459,108,97.29729729729729,111,1,110,0,0,0.009009009009009009,2.955379872566683,2.9295252696436767,8.603389392262038,2.309513958286558,0.8703786292457814,1.8640335655567861,7.72972972972973,8.176242457702756,0.42809203429630793,0.9702076453733058,0.005761745184536041,1.0,0.029792354626694162,0.019732644297239643,0,1,0,0,0,1.0,0.2972972972972973,0.3582856799682817,0.2010718143873945,0.9474490962091819,0.5519959142563502,0.009009009009009009,0.3340909090909091,0.10919262977483196
1460,108,97.29729729729729,111,0,111,0,0,0.0,2.9324630836223506,2.9072130411923958,8.3664374034445,2.3108431270704357,0.8945379754739888,1.8747955685175504,7.72972972972973,8.176242457702756,0.4269713926717249,0.0,0.0,0.0,0.0,0.0,0,0,0,0,0,0.0,0.2972972972972973,0.3568323762813174,0.20420141676823603,0.9460762066021553,0.5514506680076956,0.0,0.29805194805194807,0.10913238386133126
1461,109,98.1981981981982,111,0,111,0,0,0.0,2.961139298362988,2.9351762223082245,9.23269300396807,2.3138926897814063,0.8447883718349056,1.8489128865768314,7.72972972972973,8.176242457702756,0.4307353562633054,0.0,0.0,0.0,0.0,0.0,0,0,0,0,0,0.0,0.2972972972972973,0.3695867682572882,0.1919243185124777,0.9356875469689099,0.550381248549332,0.0,0.29805194805194807,0.10940043475560877
1462,109,98.1981981981982,111,0,111,0,0,0.0,2.978195527046004,2.9524811840542164,9.347189254026883,2.3178248293548793,0.8245047017890191,1.8284340216347867,7.72972972972973,8.176242457702756,0.4291705119754645,0.0,0.0,0.0,0.0,0.0,0,0,0,0,0,0.0,0.2702702702702703,0.36779908124081484,0.19035621161417723,0.9471639117720202,0.5479977301407593,0.0,0.262012987012987,0.10964646653167508
1463,109,98.1981981981982,111,1,110,0,0,0.009009009009009009,2.983258466622789,2.9481160094771193,9.706910071684828,2.3217629252784553,0.8144130287858254,1.7895233793128869,7.72972972972973,8.176242457702756,0.4315634801875867,0.9999598476574512,1.3489024196387382e-07,1.0,4.015234254883815e-05,0.11783410620416168,0,1,0,0,0,1.0,0.2882882882882883,0.37641377975307627,0.19662819854887115,0.9425411194831822,0.5546531306055514,0.009009009009009009,0.2801948051948052,0.10983277536502324
1464,110,99.09909909909909,111,0,111,0,0,0.0,3.009480425134188,2.9728569428721943,9.893338779437013,2.326384352470541,0.8150063210081706,1.7898437284535456,7.72972972972973,8.176242457702756,0.4346677763015159,0.0,0.0,0.0,0.0,0.0,0,0,0,0,0,0.0,0.27927927927927926,0.37838834012255723,0.19861779746848798,0.9449691771974029,0.55814887088466,0.0,0.21168831168831168,0.1101528147036958
1465,110,99.09909909909909,111,0,111,0,0,0.0,3.0192691490933443,2.9827618728002014,10.272683417351859,2.331275801439339,0.8055945057747194,1.786303630436433,7.72972972972973,8.176242457702756,0.435322739236391,0.0,0.0,0.0,0.0,0.0,0,0,0,0,0,0.0,0.2882882882882883,0.38075541601512986,0.18993680000095797,0.9347362011903524,0.5598609949936867,0.0,0.2477272727272727,0.11040172668718345
1466,109,98.1981981981982,111,1,110,0,0,0.009009009009009009,3.023799304605311,2.9903186151769083,10.280880457042628,2.336150666749816,0.8068376374219318,1.7753428218508969,7.72972972972973,8.176242457702756,0.4379231002944932,0.5988859618854139,0.000721091545800726,1.0,0.4011140381145861,0.029403482346994414,0,1,0,0,0,0.0,0.32432432432432434,0.38235051846973445,0.18151926122107875,0.9253859721751247,0.570890761233317,0.009009009009009009,0.2983766233766234,0.1106236678683788
1467,109,98.1981981981982,111,0,110,1,0,0.0,3.0334733662562914,2.9998479165005545,10.435948864859046,2.3413611952714555,0.8003615392851073,1.766488930738619,7.72972972972973,8.176242457702756,0.4386681881453762,0.5080612352711782,0.003189075604556482,1.0,0.4919387647288218,-0.00728507646147003,0,0,0,1,0,0.0,0.2882882882882883,0.3848598148738427,0.19060624956245303,0.922506252902402,0.5736260588490495,0.0,0.2983766233766234,0.1108850508992622
1468,108,97.29729729729729,111,2,107,1,1,0.018018018018018018,3.054245357792571,3.0304932428233315,10.630179071252066,2.347465108530182,0.8231866660668188,1.7946007666299408,7.72972972972973,8.176242457702756,0.4400461279615959,0.8446124396830633,0.005950076087670128,1.0,0.15538756031693668,0.0030204681684456725,0,3,0,1,0,0.5,0.3153153153153153,0.38607108829554354,0.2014632236348424,0.909570399332498,0.5678172634666809,0.018018018018018018,0.31980519480519476,0.11123844623066426
1469,107,96.3963963963964,111,1,110,0,0,0.009009009009009009,3.055635985281239,3.025789420880977,10.99126060519787,2.35383535605363,0.8171742940531695,1.8075691964025464,7.72972972972973,8.176242457702756,0.4407638798501521,0.9965853486088563,0.009073909323268604,1.0,0.0034146513911437193,0.0007577637828786177,0,1,0,0,0,1.0,0.2972972972972973,0.3905874960451036,0.18901783602801506,0.8927976316965638,0.5672215040024947,0.009009009009009009,0.31980519480519476,0.11150582280944406
1470,107,96.3963963963964,111,0,111,0,0,0.0,3.0740650210883698,3.0435439805884488,11.541243310126406,2.360458098415338,0.7797659897712115,1.8006857348882044,7.72972972972973,8.176242457702756,0.44567032604231405,0.0,0.0,0.0,0.0,0.0,0,0,0,0,0,0.0,0.3063063063063063,0.40114702047162204,0.19364060857046608,0.8907739075954291,0.5720653061225471,0.0,0.31980519480519476,0.11186871372490084
1471,108,97.29729729729729,111,0,111,0,0,0.0,3.0384524551709418,3.0083309101678326,10.905454632123941,2.36423606449269,0.8394274219526571,1.8418469851211758,7.72972972972973,8.176242457702756,0.4441434770976973,0.0,0.0,0.0,0.0,0.0,0,0,0,0,0,0.0,0.2882882882882883,0.39482135563666015,0.19631492387913366,0.8918943999451113,0.5702619510513293,0.0,0.3198051948051948,0.11184509872854073
1472,108,97.29729729729729,111,0,111,0,0,0.0,3.0254057484774726,2.9949433550740667,10.62554169135369,2.366829455732689,0.8619258527204305,1.8587172783026982,7.72972972972973,8.176242457702756,0.4418876944472159,0.0,0.0,0.0,0.0,0.0,0,0,0,0,0,0.0,0.2972972972972973,0.39012899226134273,0.20230182864103305,0.8907739075954291,0.5662915877722946,0.0,0.31980519480519476,0.11188588617290296
1473,110,99.09909909909909,111,0,111,0,0,0.0,3.0268094956252405,2.9967288838298614,10.684023380468547,2.369327596345209,0.8625873957946155,1.858444771823168,7.72972972972973,8.176242457702756,0.4418341588101349,0.0,0.0,0.0,0.0,0.0,0,0,0,0,0,0.0,0.3063063063063063,0.3913746971995672,0.19451788038659762,0.9052523371650721,0.5710428120794623,0.0,0.2837662337662338,0.11199503192534878
1474,111,100.0,111,0,111,0,0,0.0,3.0478771669895663,3.017614959881779,11.552632210150074,2.3729876398986387,0.8024596099537106,1.8052129228851976,7.72972972972973,8.176242457702756,0.44864197669536976,0.0,0.0,0.0,0.0,0.0,0,0,0,0,0,0.0,0.3153153153153153,0.407599552289545,0.18485815418893375,0.9119923651887178,0.5840083003451336,0.0,0.2837662337662338,0.11224999729966337
1475,110,99.09909909909909,111,1,109,1,0,0.009009009009009009,3.055015603804558,3.030572791863847,11.983016220152887,2.3767996146280534,0.7885770213251007,1.7997723589695167,7.72972972972973,8.176242457702756,0.4476856203827757,0.9260575066450065,0.00666754560571327,1.0,0.07394249335499342,-0.01120104509788844,0,1,0,1,0,0.5,0.3063063063063063,0.4080533376375477,0.1810036264292287,0.9089467017577137,0.578572039746546,0.009009009009009009,0.3344155844155844,0.11244152763189
1476,109,98.1981981981982,111,1,110,0,0,0.009009009009009009,3.0945558667506616,3.073353202167547,12.939623738432415,2.383257010682948,0.7393089975256019,1.7625492630572608,7.72972972972973,8.176242457702756,0.451303984656622,0.9993977526354056,4.572642406927539e-08,1.0,0.0006022473645943549,0.17735441720361522,0,1,0,0,0,1.0,0.3063063063063063,0.4185476535085241,0.16958472996254254,0.9233935364606913,0.5930189162401631,0.009009009009009009,0.33441558441558444,0.11290321512557165
1477,109,98.1981981981982,111,0,111,0,0,0.0,3.110001126196909,3.089195890817382,12.139193526387444,2.3904602559206065,0.7856043757808119,1.793963490690914,7.72972972972973,8.176242457702756,0.4501535410003865,0.0,0.0,0.0,0.0,0.0,0,0,0,0,0,0.0,0.32432432432432434,0.40783715433708817,0.1760174383653298,0.9192527043531961,0.5880838424047077,0.0,0.2983766233766234,0.11327491882052985
1478,109,98.1981981981982,111,0,111,0,0,0.0,3.0979187983017544,3.0769193829779944,12.646029797381335,2.396271540725782,0.7860286547379806,1.8043036299485171,7.72972972972973,8.176242457702756,0.4502272765374642,0.0,0.0,0.0,0.0,0.0,0,0,0,0,0,0.0,0.3153153153153153,0.412390764015714,0.17286746914735904,0.916981435546049,0.5879658501863066,0.0,0.2983766233766234,0.11345207954884347
1479,108,97.29729729729729,111,1,110,0,0,0.009009009009009009,3.11716850726176,3.0928172449638063,13.167599907893367,2.4028444522473458,0.7634701008922131,1.7857320606819418,7.72972972972973,8.176242457702756,0.4531229995169461,0.9992527968149953,0.00814781898970023,1.0,0.0007472031850046523,0.025762471569027445,0,1,0,0,0,1.0,0.3153153153153153,0.41837399662647096,0.1653627499619205,0.9172681335515818,0.5938207216607904,0.009009009009009009,0.2837662337662338,0.11381703668491017
1480,109,98.1981981981982,111,0,111,0,0,0.0,3.100698170874546,3.076712368105959,12.891935030764657,2.40762963430412,0.7617845258811432,1.7682822555558795,7.72972972972973,8.176242457702756,0.4527821493556141,0.0,0.0,0.0,0.0,0.0,0,0,0,0,0,0.0,0.3153153153153153,0.4163913435084546,0.16997240368252334,0.9216850762967242,0.5924697639312952,0.0,0.3162337662337662,0.11393030904647626
1481,110,99.09909909909909,111,0,111,0,0,0.0,3.064675833145452,3.0404434839303907,12.479751364054852,2.409651222748372,0.7702998079988387,1.7674210756658282,7.72972972972973,8.176242457702756,0.45464343968346665,0.0,0.0,0.0,0.0,0.0,0,0,0,0,0,0.0,0.3153153153153153,0.41657574919501866,0.1749933314154093,0.934107941675351,0.5993025936803936,0.0,0.24415584415584413,0.11383284234418027
1482,110,99.09909909909909,111,0,111,0,0,0.0,3.0913967843251746,3.0669640285956414,13.13803086886117,2.4132422284462725,0.7437211904048976,1.758363400496244,7.72972972972973,8.176242457702756,0.4573142196079625,0.0,0.0,0.0,0.0,0.0,0,0,0,0,0,0.0,0.3063063063063063,0.42263676258652155,0.1696832963339836,0.914388414278859,0.6015641444622779,0.0,0.2837662337662338,0.11411325176634401
1483,109,98.1981981981982,111,1,110,0,0,0.009009009009009009,3.1084939601794512,3.07618775617654,13.099341013679766,2.417701251548025,0.7392449025850691,1.7729379036562627,7.72972972972973,8.176242457702756,0.45683884495986127,0.9994826393050048,0.010433329726089548,1.0,0.0005173606949951948,0.009709349460866212,0,1,0,0,0,1.0,0.3153153153153153,0.422728574182174,0.17075236516144635,0.8977403884366948,0.5975544988886757,0.009009009009009009,0.3344155844155844,0.11438102791563753
1484,109,98.1981981981982,111,1,110,0,0,0.009009009009009009,3.117078876224726,3.0798777386987037,13.344913872841644,2.421828239720167,0.7571829138389653,1.7921201882872155,7.72972972972973,8.176242457702756,0.4567043393758474,0.9999868580490519,0.010513698627434617,1.0,1.3141950948147851e-05,0.03038892574897134,0,1,0,0,0,1.0,0.32432432432432434,0.4237629306372367,0.16870637733808921,0.9104379700065098,0.5908705101875198,0.009009009009009009,0.3165584415584416,0.11459266877544143
1485,108,97.29729729729729,111,1,110,0,0,0.009009009009009009,3.1346080079772216,3.1038805287226907,14.703360230023975,2.426318293050546,0.7040581799135822,1.7742674001511056,7.72972972972973,8.176242457702756,0.4598613849830562,0.5648509285784253,0.005125397758828462,1.0,0.43514907142157466,-0.008319064193375247,0,1,0,0,0,0.0,0.3153153153153153,0.4371702429942942,0.16534653278285905,0.898209821149675,0.5907379074126732,0.009009009009009009,0.3704545454545455,0.11486387325758987
1486,108,97.29729729729729,111,0,111,0,0,0.0,3.1328874734480165,3.101909772663442,15.325263896565485,2.4308323576808495,0.684601522507494,1.7722396010813974,7.72972972972973,8.176242457702756,0.46345936760528206,0.0,0.0,0.0,0.0,0.0,0,0,0,0,0,0.0,0.34234234234234234,0.4475394365927735,0.1604634751718941,0.9019498876473444,0.5967385759310414,0.0,0.3704545454545455,0.11503981101937935
1487,108,97.29729729729729,111,0,111,0,0,0.0,3.099891465754829,3.069002199517229,14.756420760727382,2.4328248590683783,0.7278738298374624,1.7887153668432225,7.72972972972973,8.176242457702756,0.4588218121135921,0.0,0.0,0.0,0.0,0.0,0,0,0,0,0,0.0,0.35135135135135137,0.4381262128584361,0.15719142403094982,0.9176770906385083,0.5879873117801931,0.0,0.3704545454545455,0.11495628685312213
1488,109,98.1981981981982,111,0,111,0,0,0.0,3.0642544943356107,3.0347134334892933,13.42188560516079,2.4324116225945307,0.7859569178166479,1.8142751137658863,7.72972972972973,8.176242457702756,0.4529644411359981,0.0,0.0,0.0,0.0,0.0,0,0,0,0,0,0.0,0.36936936936936937,0.4212581782220887,0.15992174220273406,0.9305375211722173,0.5880967671651529,0.0,0.37045454545454554,0.11476120838801333
1489,110,99.09909909909909,111,0,111,0,0,0.0,3.0394690398027584,3.0101802484126887,11.825640560120002,2.430427459181141,0.8705372557481847,1.8657368942427308,7.72972972972973,8.176242457702756,0.44800954995875397,0.0,0.0,0.0,0.0,0.0,0,0,0,0,0,0.0,0.35135135135135137,0.40218433088359135,0.18182436428058724,0.9351626220977105,0.5778948878180474,0.0,0.3704545454545455,0.11455616610963118
1490,111,100.0,111,0,111,0,0,0.0,3.0482196584637253,3.019202377790444,12.241895913660903,2.429195662717405,0.8622212564833007,1.861633324885144,7.72972972972973,8.176242457702756,0.44909964581077544,0.0,0.0,0.0,0.0,0.0,0,0,0,0,0,0.0,0.36036036036036034,0.4059527719575052,0.17007726748060972,0.9356140320864603,0.5800213078553631,0.0,0.33441558441558444,0.11454956187020578
1491,111,100.0,111,0,111,0,0,0.0,3.0632244514193294,3.0341459498828116,11.182037715921162,2.4290420390680207,0.9041041131280535,1.8662162618783844,7.72972972972973,8.176242457702756,0.447022091262981,0.0,0.0,0.0,0.0,0.0,0,0,0,0,0,0.0,0.34234234234234234,0.391501970376996,0.18557192217721086,0.9162170637117399,0.579079670729193,0.0,0.33441558441558444,0.1146183055139608
1492,111,100.0,111,0,111,0,0,0.0,3.0062598850449356,2.9784913936287123,9.327735017548855,2.4252606148942064,0.9983977462584069,1.9112248982631523,7.72972972972973,8.176242457702756,0.43813640947193333,0.0,0.0,0.0,0.0,0.0,0,0,0,0,0,0.0,0.36036036036036034,0.3667620770177777,0.20105493960965218,0.9205324464351663,0.5728756901448414,0.0,0.33441558441558444,0.1141788934776862
1493,111,100.0,111,0,111,0,0,0.0,3.000903194242276,2.9729347404590927,8.851106512969697,2.421424908780653,1.0068470319185463,1.8946056024431635,7.72972972972973,8.176242457702756,0.4406162559521285,0.0,0.0,0.0,0.0,0.0,0,0,0,0,0,0.0,0.36036036036036034,0.3650595113347066,0.21748402771332465,0.9221840757279555,0.570838330098138,0.0,0.2983766233766234,0.11399530170776838
1494,111,100.0,111,0,111,0,0,0.0,3.016379841121767,2.9878956689701575,9.871258873836926,2.418881412730099,0.9556157318228321,1.8662492668199475,7.72972972972973,8.176242457702756,0.4435016338103599,0.0,0.0,0.0,0.0,0.0,0,0,0,0,0,0.0,0.35135135135135137,0.3776168234883327,0.19542449783295054,0.9236269522634747,0.573345106811598,0.0,0.2983766233766234,0.11396870374016813
1495,111,100.0,111,0,111,0,0,0.0,3.048055709694774,3.018969537397372,10.948706312852316,2.4185784189424173,0.8937317188653523,1.8253180850436608,7.72972972972973,8.176242457702756,0.44705465621497376,0.0,0.0,0.0,0.0,0.0,0,0,0,0,0,0.0,0.35135135135135137,0.39061821375679695,0.187214843896881,0.9238382845657997,0.5747738282065333,0.0,0.2983766233766234,0.11411469632967686
1496,110,99.09909909909909,111,1,110,0,0,0.009009009009009009,3.028424110348991,2.99830418612607,10.668088920968373,2.4170797372909485,0.9049289277026191,1.8342340030692736,7.72972972972973,8.176242457702756,0.44389300766694406,0.9942115628672263,0.003506708905042911,1.0,0.0057884371327736606,0.02575397354883524,0,1,0,0,0,1.0,0.3783783783783784,0.38595956435816436,0.18477449181032807,0.9378556805687168,0.5772664450624072,0.009009009009009009,0.31623376623376626,0.11395527041020134
1497,110,99.09909909909909,111,0,111,0,0,0.0,3.0088142230143027,2.979393287850339,10.216270279011551,2.4143353727605685,0.9305197797445064,1.8507482768602568,7.72972972972973,8.176242457702756,0.44257574045485604,0.0,0.0,0.0,0.0,0.0,0,0,0,0,0,0.0,0.36936936936936937,0.38067448924941993,0.19590350599556242,0.9391571172300393,0.5735232131745185,0.0,0.2801948051948052,0.11374502802456438
1498,110,99.09909909909909,111,0,111,0,0,0.0,2.996465935151244,2.9669676992290417,9.875426264120817,2.4110026371261353,0.9435276391476274,1.8750909687086754,7.72972972972973,8.176242457702756,0.44160142229991095,0.0,0.0,0.0,0.0,0.0,0,0,0,0,0,0.0,0.36936936936936937,0.3767809445782997,0.20284349420671044,0.9394475506233626,0.573207429538005,0.0,0.31623376623376626,0.11354704031227632
1499,109,98.1981981981982,111,1,110,0,0,0.009009009009009009,2.968519893954574,2.9363999565887404,9.388383020633478,2.4061353914523487,0.9630237554417433,1.87977091012652,7.72972972972973,8.176242457702756,0.44212664424237813,0.9995562030147785,0.009113545533405976,1.0,0.0004437969852214563,0.012890676500960208,0,1,0,0,0,1.0,0.36936936936936937,0.3741771463563012,0.20697957466571915,0.9383798147534342,0.5739240902947312,0.009009009009009009,0.31623376623376626,0.11320833120264255
1500,108,97.29729729729729,111,1,110,0,0,0.009009009009009009,2.98884934869013,2.9570521592440606,9.610651024446039,2.4027799387646778,0.9406065739416473,1.8490078914504056,7.72972972972973,8.176242457702756,0.44416652511135757,0.9602271175493189,1.3946043184093344e-07,1.0,0.03977288245068111,0.09567955417644469,0,1,0,0,0,1.0,0.35135135135135137,0.37812376350766097,0.20278429042882418,0.9506701389774671,0.5854369304734092,0.009009009009009009,0.3340909090909091,0.1131728035026716
1501,109,98.1981981981982,111,0,111,0,0,0.0,2.9527574947720083,2.922548259735427,8.902560586805933,2.3974865305737088,0.996054092909732,1.9029849730025117,7.72972972972973,8.176242457702756,0.43724632416806486,0.0,0.0,0.0,0.0,0.0,0,0,0,0,0,0.0,0.35135135135135137,0.36413575436566786,0.20864748387957993,0.9539977162593514,0.5751335415438856,0.0,0.3340909090909091,0.11277594328909621
1502,109,98.1981981981982,111,0,111,0,0,0.0,2.96228207228837,2.9303934458848255,9.465148300975804,2.393139077423376,0.9737199706027992,1.8995371939281835,7.72972972972973,8.176242457702756,0.44274464647464695,0.0,0.0,0.0,0.0,0.0,0,0,0,0,0,0.0,0.35135135135135137,0.37580948005626935,0.2095976975425608,0.9492086706941367,0.5781766887260684,0.0,0.3340909090909091,0.11264583702152489
1503,109,98.1981981981982,111,0,111,0,0,0.0,2.945640433030676,2.914634814942836,9.259550277187035,2.3881163114842834,0.9623396939651028,1.8997209849114574,7.72972972972973,8.176242457702756,0.440268703582976,0.0,0.0,0.0,0.0,0.0,0,0,0,0,0,0.0,0.36036036036036034,0.37298219172379354,0.20735168084408293,0.9443886337614085,0.5770101871108626,0.0,0.3340909090909091,0.11235729206460487
1504,110,99.09909909909909,111,0,111,0,0,0.0,2.96064727122683,2.929370806403091,9.533403565430545,2.384468099378724,0.9349422249017537,1.8729868835703474,7.72972972972973,8.176242457702756,0.44580017222403323,0.0,0.0,0.0,0.0,0.0,0,0,0,0,0,0.0,0.3783783783783784,0.3797333822376493,0.20818804593820764,0.9428186133101237,0.5820545793296774,0.0,0.3340909090909091,0.11228318292202474
1505,111,100.0,111,0,111,0,0,0.0,2.9765508270250454,2.945173182652807,9.920330901017339,2.38215180641729,0.9211354713117482,1.8713441513302997,7.72972972972973,8.176242457702756,0.4468937102144035,0.0,0.0,0.0,0.0,0.0,0,0,0,0,0,0.0,0.36936936936936937,0.3843715333171296,0.20994837795267024,0.943508123887139,0.5784344677191912,0.0,0.29805194805194807,0.11226800783673706
1506,111,100.0,111,0,111,0,0,0.0,2.945465175457975,2.914819896533996,9.374750668751624,2.3780394925708506,0.9345143308891523,1.8729180295508692,7.72972972972973,8.176242457702756,0.44194149744883093,0.0,0.0,0.0,0.0,0.0,0,0,0,0,0,0.0,0.36036036036036034,0.3751802234706029,0.21883278644500212,0.9530690574228096,0.5695152091241916,0.0,0.29805194805194807,0.11194446320354841
1507,111,100.0,111,0,111,0,0,0.0,2.9813559089226596,2.9487207799224016,10.817983941912182,2.3764808662120287,0.8720774135764978,1.8149402724834964,7.72972972972973,8.176242457702756,0.4478847499702774,0.0,0.0,0.0,0.0,0.0,0,0,0,0,0,0.0,0.36036036036036034,0.3946741467024482,0.20821254416789794,0.9506937494958475,0.5715347316585782,0.0,0.29805194805194807,0.11206019833581836
1508,111,100.0,111,0,111,0,0,0.0,2.9459428751665646,2.9152441643409097,9.630379566427877,2.3728599735180533,0.9352693662582613,1.874028705201129,7.72972972972973,8.176242457702756,0.44231494435336915,0.0,0.0,0.0,0.0,0.0,0,0,0,0,0,0.0,0.3783783783783784,0.3775800092899835,0.2158492203618448,0.9519296106685005,0.5681003576565362,0.0,0.3340909090909091,0.11173510668414156
1509,111,100.0,111,0,111,0,0,0.0,2.9670897002813614,2.9351339379655164,10.669319256883897,2.3708361226825394,0.8970886515316395,1.8609258060746174,7.72972972972973,8.176242457702756,0.44516769621190844,0.0,0.0,0.0,0.0,0.0,0,0,0,0,0,0.0,0.38738738738738737,0.3909160948656167,0.20847529579228183,0.9568242393393052,0.5698978464151762,0.0,0.29805194805194807,0.1117581033340686
1510,111,100.0,111,0,111,0,0,0.0,2.9494285411746883,2.9176233879415205,9.488820558592632,2.3678323827778076,0.9390499873939925,1.8810442841885606,7.72972972972973,8.176242457702756,0.443818712940937,0.0,0.0,0.0,0.0,0.0,0,0,0,0,0,0.0,0.36936936936936937,0.3772899546003999,0.22554729534967866,0.9521641007316293,0.5665826915748099,0.0,0.29805194805194807,0.11154700100983042
1511,111,100.0,111,0,111,0,0,0.0,2.957494890334648,2.925524708745682,9.027862329269881,2.365591060847534,0.9569906662338391,1.8367425376956532,7.72972972972973,8.176242457702756,0.44260089754267407,0.0,0.0,0.0,0.0,0.0,0,0,0,0,0,0.0,0.38738738738738737,0.3703103716564447,0.24282151635399504,0.9500042658698598,0.5608921140152464,0.0,0.29805194805194807,0.1114957047979918
1512,111,100.0,111,0,111,0,0,0.0,2.9606835813434405,2.9292164570193933,8.480611933563097,2.363774471864365,0.9784367940096206,1.8905163852599858,7.72972972972973,8.176242457702756,0.4381500937217151,0.0,0.0,0.0,0.0,0.0,0,0,0,0,0,0.0,0.3783783783783784,0.3590354530043703,0.255475847504588,0.9500042658698598,0.5575016367364863,0.0,0.29805194805194807,0.11143738389317387
1513,111,100.0,111,0,111,0,0,0.0,2.9792161307256766,2.948061328953528,8.158068440385861,2.3633390535370635,0.9796879013595219,1.8853370937434595,7.72972972972973,8.176242457702756,0.4380755521343018,0.0,0.0,0.0,0.0,0.0,0,0,0,0,0,0.0,0.36036036036036034,0.3549782168799734,0.2745491291997974,0.9475834712367076,0.5583868865934196,0.0,0.29805194805194807,0.11151224621101231
1514,111,100.0,111,0,111,0,0,0.0,2.988279721671454,2.9564167087099045,8.583887465366457,2.3634857609536217,0.9527343149669185,1.874582543795571,7.72972972972973,8.176242457702756,0.44075902558329805,0.0,0.0,0.0,0.0,0.0,0,0,0,0,0,0.0,0.36936936936936937,0.3630759130285445,0.2679843359995077,0.9358627814888097,0.5581906397141766,0.0,0.29805194805194807,0.11156356174278183
1515,111,100.0,111,0,111,0,0,0.0,3.006981015052438,2.974859447873552,9.255403881915823,2.364826811671988,0.9358782516800582,1.8796354117175755,7.72972972972973,8.176242457702756,0.4429670670104773,0.0,0.0,0.0,0.0,0.0,0,0,0,0,0,0.0,0.34234234234234234,0.371821323153428,0.25500346938945095,0.944405298883054,0.5614443258838216,0.0,0.29805194805194807,0.11171189198879394
1516,111,100.0,111,0,111,0,0,0.0,2.9916695919993894,2.9598961522544123,8.926041386281481,2.365079466568553,0.9648873398884784,1.8970126530699192,7.72972972972973,8.176242457702756,0.4399234172604831,0.0,0.0,0.0,0.0,0.0,0,0,0,0,0,0.0,0.36036036036036034,0.36646160740592854,0.2591048691059693,0.9484154758010797,0.5610993843879448,0.0,0.29805194805194807,0.11164566371199089
1517,110,99.09909909909909,111,1,110,0,0,0.009009009009009009,2.9952042947877855,2.9600202903691453,8.5188428585086,2.3655160375661337,0.9796505504009392,1.8982530988025144,7.72972972972973,8.176242457702756,0.43689416161154626,0.8947901440061699,0.0073588381213351255,1.0,0.10520985599383015,-0.020863960107714963,0,1,0,0,0,0.0,0.35135135135135137,0.35912897785969405,0.26583118660847177,0.9495222612390528,0.5637858377329175,0.009009009009009009,0.29805194805194807,0.11168118477756397
1518,110,99.09909909909909,111,0,111,0,0,0.0,3.062688612673749,3.026688840666851,9.544081686594309,2.370081245401407,0.9179428683298628,1.8582729997265581,7.72972972972973,8.176242457702756,0.44252331876388795,0.0,0.0,0.0,0.0,0.0,0,0,0,0,0,0.0,0.36936936936936937,0.37239333045115075,0.25349476315831976,0.947941518691386,0.568772791743634,0.0,0.29805194805194807,0.1122052375976488
1519,108,97.29729729729729,111,2,109,0,0,0.018018018018018018,3.0894800629342147,3.0518306368351236,10.20299650359963,2.3759838165597924,0.9063765814629688,1.848949681895343,7.72972972972973,8.176242457702756,0.44636000474282,0.9982718061016012,0.005138617001199752,1.0,0.0017281938983988443,0.04021239284969902,0,2,0,0,0,1.0,0.34234234234234234,0.3810792115366464,0.24521733376365848,0.9571877170320913,0.5781211142801251,0.018018018018018018,0.29805194805194807,0.11258049911352513
1520,108,97.29729729729729,111,0,110,1,0,0.0,3.118012472659014,3.0785762927254785,10.955364022846581,2.383087108512958,0.8549354330004494,1.808987405765358,7.72972972972973,8.176242457702756,0.451149324403346,0.3864645024846256,0.007481066506017556,0.0,0.3864645024846256,-0.057945087227704084,0,0,0,1,0,0.0,0.36036036036036034,0.39165303544998437,0.24454708707530845,0.953109048640883,0.5809040073037551,0.0,0.3340909090909091,0.11301355234843377
1521,108,97.29729729729729,111,2,109,0,0,0.018018018018018018,3.071106153569615,3.020052070105324,10.170511953784983,2.386544094331381,0.9120953755860097,1.855714719205111,7.72972972972973,8.176242457702756,0.44846636040311294,0.9999999999121543,0.006946173539870731,1.0,8.784573068965074e-11,0.04682373677321039,0,2,0,0,0,1.0,0.36036036036036034,0.3841673497444491,0.2571246255004363,0.956660455277759,0.5716835499843215,0.018018018018018018,0.2798701298701299,0.11292034652410812
1522,107,96.3963963963964,111,1,110,0,0,0.009009009009009009,3.093448621372852,3.050843305436397,10.33063981584261,2.39035336246131,0.920385429630928,1.875865480575769,7.72972972972973,8.176242457702756,0.4484887177729677,0.9985683328431861,0.007717136228624806,1.0,0.001431667156813865,0.001035898682646863,0,1,0,0,0,1.0,0.32432432432432434,0.38334054020949526,0.2629947767707419,0.9575801959694878,0.5606727913662429,0.009009009009009009,0.26201298701298703,0.1131877863622078
1523,107,96.3963963963964,111,0,111,0,0,0.0,3.083113384223948,3.0419414538637755,9.979671419649655,2.393885482902039,0.930787104532134,1.871111003829056,7.72972972972973,8.176242457702756,0.44417600034434357,0.0,0.0,0.0,0.0,0.0,0,0,0,0,0,0.0,0.3153153153153153,0.3756927439047156,0.26029764712160164,0.9438064640490985,0.5576746565401338,0.0,0.26201298701298703,0.11328050754202933
1524,108,97.29729729729729,111,0,111,0,0,0.0,3.0582170425090376,3.017133776663243,9.91410232463713,2.395506139942805,0.9393978389324894,1.8592340183537295,7.72972972972973,8.176242457702756,0.44216906848754944,0.0,0.0,0.0,0.0,0.0,0,0,0,0,0,0.0,0.32432432432432434,0.37425331992962113,0.2555000794877483,0.9502144482311605,0.5565221195624267,0.0,0.225974025974026,0.1132222802579852
1525,108,97.29729729729729,111,0,111,0,0,0.0,3.060888918490538,3.0204377697536446,9.96989871358488,2.397210402123195,0.9453118411160242,1.8789213237425153,7.72972972972973,8.176242457702756,0.4426564663656378,0.0,0.0,0.0,0.0,0.0,0,0,0,0,0,0.0,0.3153153153153153,0.37467028588199014,0.25597654477946713,0.9462764525589951,0.5568403234191142,0.0,0.225974025974026,0.1133053119418845
1526,110,99.09909909909909,111,0,111,0,0,0.0,3.085724463726709,3.0452322302909542,10.171799437446294,2.4003971238632893,0.9320167234954765,1.8665461046209455,7.72972972972973,8.176242457702756,0.4446944734899052,0.0,0.0,0.0,0.0,0.0,0,0,0,0,0,0.0,0.34234234234234234,0.3781363433969799,0.2589225406581871,0.9578616800344154,0.5618710287780313,0.0,0.225974025974026,0.11355976671602658
1527,111,100.0,111,0,111,0,0,0.0,3.066484696724822,3.027198900400716,9.06443039961504,2.4021437324874433,0.9853082807916993,1.884101120587597,7.72972972972973,8.176242457702756,0.4378742640327282,0.0,0.0,0.0,0.0,0.0,0,0,0,0,0,0.0,0.35135135135135137,0.36065288693823444,0.2757452764158263,0.9486080046144932,0.5594507660471879,0.0,0.26201298701298703,0.11353497135896615
1528,111,100.0,111,0,111,0,0,0.0,3.1207173546944786,3.0802251347362746,10.940154155502723,2.40721597694407,0.891460853489535,1.8545625480200594,7.72972972972973,8.176242457702756,0.44643477085447514,0.0,0.0,0.0,0.0,0.0,0,0,0,0,0,0.0,0.35135135135135137,0.3850440602437469,0.24967124716933436,0.9597796136770317,0.5713769939171701,0.0,0.225974025974026,0.11401349415122503
1529,111,100.0,111,0,111,0,0,0.0,3.1473807399702847,3.106790697454771,11.004396533873532,2.41361115425037,0.8914563825254322,1.855731833286251,7.72972972972973,8.176242457702756,0.4450786025038187,0.0,0.0,0.0,0.0,0.0,0,0,0,0,0,0.0,0.34234234234234234,0.38172956164904887,0.24620648266973952,0.9549766819987277,0.5692813770021614,0.0,0.225974025974026,0.1144082536786856
1530,110,99.09909909909909,111,1,110,0,0,0.009009009009009009,3.1607764958241997,3.1275062142769996,11.5638513351007,2.4203072239186496,0.8687085798249257,1.8342864278016267,7.72972972972973,8.176242457702756,0.44666490627052324,0.8940357889432494,0.00627331308342044,1.0,0.10596421105675058,0.0016548278322450205,0,1,0,0,0,0.0,0.3153153153153153,0.3860358354241906,0.23568507028985183,0.9679114439860427,0.5747210019528789,0.009009009009009009,0.20811688311688312,0.11474897590356277
1531,110,99.09909909909909,111,0,111,0,0,0.0,3.1617654100474475,3.1276644043728967,11.161101949351309,2.4269973770416,0.9203551634371243,1.879572967514906,7.72972972972973,8.176242457702756,0.44534134552974014,0.0,0.0,0.0,0.0,0.0,0,0,0,0,0,0.0,0.32432432432432434,0.38190250307258794,0.25455647510510787,0.9639564126711329,0.5679862034965575,0.0,0.2081168831168831,0.115027422044741
1532,110,99.09909909909909,111,0,111,0,0,0.0,3.150871552900959,3.11715728208422,10.723374277411388,2.432453256789507,0.9305366369276713,1.8740780076719066,7.72972972972973,8.176242457702756,0.44441477980577915,0.0,0.0,0.0,0.0,0.0,0,0,0,0,0,0.0,0.3063063063063063,0.3775568618822062,0.2673052372961095,0.9525042061637329,0.5611615413648182,0.0,0.2801948051948052,0.11519599573720338
1533,110,99.09909909909909,111,0,111,0,0,0.0,3.1612357658244257,3.1274942253510676,10.703098056062261,2.438139189416395,0.9481567128303107,1.897110303046699,7.72972972972973,8.176242457702756,0.44415907968206003,0.0,0.0,0.0,0.0,0.0,0,0,0,0,0,0.0,0.3063063063063063,0.37710910572849005,0.268888939312225,0.9632638978858469,0.5609268086160935,0.0,0.24415584415584418,0.11548026462059868
1534,110,99.09909909909909,111,0,111,0,0,0.0,3.136041829991692,3.1021397149121857,10.165025748088539,2.4417017894077695,0.9759853828969729,1.9073132621980262,7.72972972972973,8.176242457702756,0.443669664993833,0.0,0.0,0.0,0.0,0.0,0,0,0,0,0,0.0,0.32432432432432434,0.3723291730467713,0.277041628603306,0.9604119813040105,0.5602527414355872,0.0,0.24415584415584418,0.11549993834798146
1535,111,100.0,111,0,110,1,0,0.0,3.0805523304987714,3.0474334173744237,9.091820030651272,2.441394766964995,1.039003528089263,1.943028731122039,7.72972972972973,8.176242457702756,0.4370894847880946,0.21408539446012415,0.0031283766061310308,0.0,0.21408539446012415,-0.04061196833556546,0,0,0,1,0,0.0,0.3063063063063063,0.3576193215223772,0.2918073238967987,0.9499484639799926,0.5527042192681253,0.0,0.24415584415584418,0.11520993940085644
1536,111,100.0,111,0,110,1,0,0.0,3.0952345945843334,3.062207456889372,9.800131541844129,2.4420792164547724,1.0379107790504327,1.9518282521075037,7.72972972972973,8.176242457702756,0.4388358135150294,0.14957864814897887,0.003333693814962205,0.0,0.14957864814897887,-0.042039936591723226,0,0,0,1,0,0.0,0.2972972972972973,0.3652496509349296,0.2715181242499883,0.9468404037957455,0.5537992635925154,0.0,0.20811688311688312,0.11531133184617662
1537,111,100.0,111,0,110,1,0,0.0,3.0840893280646866,3.051535704790233,9.29923943543948,2.4420096650338774,1.0549038950336926,1.9609381242827377,7.72972972972973,8.176242457702756,0.4387008512545856,0.1596148687167906,0.0032644152603046447,0.0,0.1596148687167906,-0.038136562135202556,0,0,0,1,0,0.0,0.3153153153153153,0.36093937501287693,0.27902309418843413,0.9275827196747881,0.5568284353939429,0.0,0.2801948051948052,0.11525276216717581
1538,111,100.0,111,0,111,0,0,0.0,3.095133031902286,3.0628273472022274,9.54317425395588,2.442684385954636,1.046087382626726,1.940853381615822,7.72972972972973,8.176242457702756,0.44066120633530503,0.0,0.0,0.0,0.0,0.0,0,0,0,0,0,0.0,0.34234234234234234,0.36511461073938456,0.26819406069139173,0.9467353425750374,0.5618382868699463,0.0,0.2801948051948052,0.11533556409556084
1539,111,100.0,111,0,110,1,0,0.0,3.1120923868668946,3.07973134795263,10.90663448510435,2.444409629726125,0.9840837808073154,1.93078567798651,7.72972972972973,8.176242457702756,0.4446129707566657,0.2221810592304338,0.003828649382851725,0.0,0.2221810592304338,-0.042196217887254805,0,0,0,1,0,0.0,0.3333333333333333,0.38084525664818347,0.24027485945355967,0.9405493768726567,0.5674732129243096,0.0,0.20811688311688312,0.11549089092725555
1540,111,100.0,111,0,110,1,0,0.0,3.09540635967308,3.063708794202073,10.258013803311808,2.444945779109821,1.0305622621701382,1.9611552700946744,7.72972972972973,8.176242457702756,0.44189460557012494,0.3212972905035345,0.004325885840584232,0.0,0.3212972905035345,-0.033579645884386,0,0,0,1,0,0.0,0.3153153153153153,0.3731389725949809,0.24339483802789155,0.9574301929282462,0.5675756486225955,0.0,0.20811688311688314,0.11542937922805971
1541,110,99.09909909909909,111,1,110,0,0,0.009009009009009009,3.0820532032625527,3.046720402532121,10.08558258875114,2.4445774117311116,1.0354529156363124,1.961172680010336,7.72972972972973,8.176242457702756,0.44187366333045097,0.38458410374548,0.00465522532787267,0.0,0.38458410374548,-0.03783878251502126,0,1,0,0,0,0.0,0.3153153153153153,0.3733136017744453,0.25085735343711374,0.9504685166396227,0.5617064944806702,0.009009009009009009,0.26201298701298703,0.1153475541409979
1542,110,99.09909909909909,111,0,111,0,0,0.0,3.118149044797442,3.082057186351495,9.962489117369085,2.446300010074661,1.032259943176047,1.9469471254722939,7.72972972972973,8.176242457702756,0.4444398169569015,0.0,0.0,0.0,0.0,0.0,0,0,0,0,0,0.0,0.3153153153153153,0.3734955101397922,0.26128994336829653,0.9324469964357631,0.5661631899981332,0.0,0.26201298701298703,0.11559845525724283
1543,110,99.09909909909909,111,0,111,0,0,0.0,3.1016454130500684,3.065849201570715,9.826205533305822,2.446821601294523,1.027051617354861,1.9462505049626313,7.72972972972973,8.176242457702756,0.44246685398032093,0.0,0.0,0.0,0.0,0.0,0,0,0,0,0,0.0,0.3333333333333333,0.3714409780658828,0.2578110749586849,0.9324469964357631,0.5689002378820134,0.0,0.26201298701298703,0.11553726037989297
1544,110,99.09909909909909,111,0,111,0,0,0.0,3.0989454012802122,3.063391004079703,10.223418341314993,2.4471397554020466,0.9939001926716892,1.8944513861520156,7.72972972972973,8.176242457702756,0.44265134750305757,0.0,0.0,0.0,0.0,0.0,0,0,0,0,0,0.0,0.32432432432432434,0.37524179044053874,0.23847151066295857,0.9286894979037569,0.5759438818654247,0.0,0.29805194805194807,0.11553676684665382
1545,110,99.09909909909909,111,0,111,0,0,0.0,3.079522211347161,3.043728769702246,9.222768209316143,2.4461457908941084,1.0262112802273577,1.8965221801905308,7.72972972972973,8.176242457702756,0.44197938186474683,0.0,0.0,0.0,0.0,0.0,0,0,0,0,0,0.0,0.35135135135135137,0.36557917995653383,0.26327820432155724,0.9239191354973706,0.5800540794711749,0.0,0.26201298701298703,0.1153990164229323
1546,111,100.0,111,0,111,0,0,0.0,3.089114020051785,3.0539848737953266,8.779787124186312,2.4459039464841736,1.0438250639378932,1.9001893223891118,7.72972972972973,8.176242457702756,0.43670166057856785,0.0,0.0,0.0,0.0,0.0,0,0,0,0,0,0.0,0.35135135135135137,0.35413516130021466,0.2714352833603672,0.9185250571077934,0.5726173746379585,0.0,0.26201298701298703,0.11543708857379209
1547,111,100.0,111,0,111,0,0,0.0,3.074857852031504,3.040069250204798,8.381755732280157,2.444771655760156,1.0777768365504128,1.9335815095585709,7.72972972972973,8.176242457702756,0.4292703340661346,0.0,0.0,0.0,0.0,0.0,0,0,0,0,0,0.0,0.3063063063063063,0.34284603398506575,0.27838878737529543,0.9321802868134077,0.5599811901636269,0.0,0.22597402597402597,0.1153195183162298
1548,111,100.0,111,0,111,0,0,0.0,3.0861243268001064,3.050875753495658,8.45455926895349,2.4444387965992687,1.0672963615866562,1.9287092613271322,7.72972972972973,8.176242457702756,0.42720767913228186,0.0,0.0,0.0,0.0,0.0,0,0,0,0,0,0.0,0.3063063063063063,0.34096162618539105,0.2792983594307765,0.9389299583769992,0.5547185468148227,0.0,0.225974025974026,0.1153622430040544
1549,111,100.0,111,0,110,1,0,0.0,3.0777545404287667,3.043185100550608,8.277982130219216,2.443630107665323,1.0711982685669832,1.905462148055051,7.72972972972973,8.176242457702756,0.4269707934465483,0.4444704572079454,0.010517450950250164,0.0,0.4444704572079454,-0.07527554901856348,0,0,1,0,0,0.0,0.2972972972972973,0.3387577828806906,0.27869866459268156,0.9478860840120834,0.5577101412371172,0.0,0.225974025974026,0.1152873338882137
1550,111,100.0,111,0,110,1,0,0.0,3.0962846726227866,3.061206122947328,8.082917599031692,2.4440662930869563,1.075158718236874,1.9131590518377732,7.72972972972973,8.176242457702756,0.4269968287319501,0.21773870610764048,0.008949845010312363,0.0,0.21773870610764048,-0.062353441496309836,0,0,0,1,0,0.0,0.3063063063063063,0.33568139318686036,0.2858865348683022,0.9647798843993612,0.5553816175196852,0.0,0.225974025974026,0.11539781633800274
1551,111,100.0,111,0,111,0,0,0.0,3.0771063175673836,3.0420291356048836,7.676525553502176,2.4432124493459906,1.090978384393446,1.9123656942961609,7.72972972972973,8.176242457702756,0.4224961435826333,0.0,0.0,0.0,0.0,0.0,0,0,0,0,0,0.0,0.2972972972972973,0.3272276966958032,0.29181597084168415,0.9629853679044329,0.5504380804985721,0.0,0.225974025974026,0.11526701839549008
1552,109,98.1981981981982,111,2,109,0,0,0.018018018018018018,3.0968323702378826,3.046978783223583,7.354297783035639,2.443721102790253,1.1155356817160351,1.9184493022513187,7.72972972972973,8.176242457702756,0.42079518784250713,0.9878794706037219,0.009557373502306121,1.0,0.012120529396278057,0.001038485512092957,0,2,0,0,0,1.0,0.2972972972972973,0.3217020951953816,0.2944255770176709,0.9593120757540768,0.5425347554494607,0.018018018018018018,0.22597402597402597,0.11538644302827875
1553,109,98.1981981981982,111,0,110,1,0,0.0,3.107076793797955,3.0583551463232252,6.6746237790477965,2.443963366020887,1.124349064838059,1.9099606961577966,7.72972972972973,8.176242457702756,0.41754170400147883,0.6054981119432328,0.0027439423693943125,1.0,0.3945018880567672,0.002750789245690277,0,0,0,1,0,0.0,0.3063063063063063,0.31019330857326055,0.3117865733866418,0.9551055922161645,0.5402198868967054,0.0,0.22597402597402597,0.11544756916064038
1554,108,97.29729729729729,111,1,109,1,0,0.009009009009009009,3.106880481624029,3.0538007593165895,6.631684314859132,2.4441580049023366,1.1487118768364797,1.921651712873126,7.72972972972973,8.176242457702756,0.41635100167590977,0.5157939609326005,0.008751739840485443,0.5,0.1760304195989273,-0.02394533915902486,0,1,0,1,0,0.0,0.3063063063063063,0.3087160620558641,0.3133781254626118,0.9593120757540768,0.5356311158915743,0.009009009009009009,0.22597402597402597,0.11545454467320287
1555,108,97.29729729729729,111,0,110,1,0,0.0,3.104319773288132,3.051224026009637,6.283913760915886,2.4438980998075523,1.169986184167462,1.9216810949935064,7.72972972972973,8.176242457702756,0.4133992730676912,0.1578499341612109,0.008271266946848776,0.0,0.1578499341612109,-0.08461553315592174,0,0,0,1,0,0.0,0.2882882882882883,0.301785981192088,0.3180299823936457,0.9552993449864046,0.5312472423622153,0.0,0.22597402597402597,0.11543111589616864
1556,107,96.3963963963964,111,1,110,0,0,0.009009009009009009,3.0879583198364764,3.037832209121515,6.1705504675697584,2.44259304223231,1.2081303464421917,1.961869315089529,7.72972972972973,8.176242457702756,0.4107986282639249,0.23480672522409549,0.008620967405975115,0.0,0.23480672522409549,-0.06997253893168054,0,1,0,0,0,0.0,0.2972972972972973,0.2982142853430928,0.32386531504115246,0.9498489861467229,0.5263206553213432,0.009009009009009009,0.26201298701298703,0.11529595629312817
1557,109,98.1981981981982,111,0,111,0,0,0.0,3.0998358131158836,3.0492823836964345,6.1500566207453,2.4423340895732495,1.1860238930255247,1.9527970253772147,7.72972972972973,8.176242457702756,0.41142363054846665,0.0,0.0,0.0,0.0,0.0,0,0,0,0,0,0.0,0.27927927927927926,0.2984439228552824,0.32414441170589275,0.9556460547731528,0.5276431082369571,0.0,0.26201298701298703,0.11534475746089747
1558,109,98.1981981981982,111,0,111,0,0,0.0,3.1125048398487594,3.062120860206861,6.062760145106158,2.4429360734853383,1.1749089617007182,1.9373155716058006,7.72972972972973,8.176242457702756,0.40918865113366865,0.0,0.0,0.0,0.0,0.0,0,0,0,0,0,0.0,0.2702702702702703,0.29429059094752247,0.3160254033265919,0.949612455116112,0.5320369470869699,0.0,0.26201298701298703,0.11543271242666621
1559,110,99.09909909909909,111,0,111,0,0,0.0,3.0923777133349204,3.0428555957173753,5.64305509186011,2.4422286979453958,1.2137761639803595,1.974450238019337,7.72972972972973,8.176242457702756,0.40499021697357285,0.0,0.0,0.0,0.0,0.0,0,0,0,0,0,0.0,0.2882882882882883,0.28584496958530564,0.3424804886878242,0.9712958631581887,0.5198100577925902,0.0,0.18993506493506493,0.11530315842448093
1560,109,98.1981981981982,111,1,110,0,0,0.009009009009009009,3.0944168878036913,3.038996533572451,5.2691289342971945,2.4417772701503253,1.2707543222596716,2.020078489115221,7.72972972972973,8.176242457702756,0.40158396934337004,0.999594950326005,0.009536881278458118,1.0,0.0004050496739950171,0.030841874492837595,0,1,0,0,0,1.0,0.27927927927927926,0.2783226953642412,0.3667256143347795,0.9669945235966175,0.5121349434178933,0.009009009009009009,0.225974025974026,0.11529489938130158
1561,110,99.09909909909909,111,0,111,0,0,0.0,3.1105527312764747,3.055365213387401,5.416868324834798,2.4419828945176483,1.2577691600545522,2.0331739934705597,7.72972972972973,8.176242457702756,0.4043706409004506,0.0,0.0,0.0,0.0,0.0,0,0,0,0,0,0.0,0.27927927927927926,0.28181678903875124,0.36326799134500276,0.9709242581322561,0.5137952279704622,0.0,0.16753246753246753,0.11538398477207772
1562,109,98.1981981981982,111,1,110,0,0,0.009009009009009009,3.1398986425292303,3.0917350909995163,5.738047939217509,2.4440992198466067,1.2321516139607998,1.9938375341656347,7.72972972972973,8.176242457702756,0.40679622685108163,0.8840755573036041,0.0056047641239028115,1.0,0.1159244426963959,0.005193113865483934,0,1,0,0,0,0.0,0.2882882882882883,0.28608667599445614,0.3573290455936201,0.9669949914395244,0.5238323386795385,0.009009009009009009,0.22142857142857142,0.11561723227338619
1563,109,98.1981981981982,111,0,111,0,0,0.0,3.1412083634221593,3.0933723406532248,5.470841065952583,2.446601039878184,1.2477628311409308,2.001612863263726,7.72972972972973,8.176242457702756,0.4045671321218274,0.0,0.0,0.0,0.0,0.0,0,0,0,0,0,0.0,0.3063063063063063,0.2798088280304874,0.37396801824958786,0.9640770563030154,0.5161135300525099,0.0,0.22142857142857142,0.11572605831366942
1564,109,98.1981981981982,111,0,111,0,0,0.0,3.1584222112117084,3.1107739492850808,5.758230836522453,2.4500365432087494,1.253974039341564,2.016538015641308,7.72972972972973,8.176242457702756,0.4061320716367598,0.0,0.0,0.0,0.0,0.0,0,0,0,0,0,0.0,0.2972972972972973,0.2845032730842031,0.3636457095279285,0.9695792018259524,0.5209870336675256,0.0,0.22142857142857142,0.1159525750935919
1565,109,98.1981981981982,111,1,110,0,0,0.009009009009009009,3.2241386195640858,3.1745325881127995,6.594197258840475,2.4574022503441184,1.2136600679666842,1.9960692914944114,7.72972972972973,8.176242457702756,0.4130473478453891,0.7902415375224534,0.008994289449629983,1.0,0.2097584624775466,0.026173983730775285,0,1,0,0,0,0.0,0.2702702702702703,0.29872899984080054,0.34584824880892534,0.965632920974667,0.526726319046048,0.009009009009009009,0.1853896103896104,0.11658227617240982
1566,109,98.1981981981982,111,0,111,0,0,0.0,3.2438107220271437,3.1942868079590134,6.582136222725975,2.4654171915654537,1.227643341269036,2.0047469605268877,7.72972972972973,8.176242457702756,0.41193782971564774,0.0,0.0,0.0,0.0,0.0,0,0,0,0,0,0.0,0.26126126126126126,0.2963225584774982,0.3474475357814498,0.963595516280048,0.5234923782317539,0.0,0.20779220779220778,0.11700829719827448
1567,110,99.09909909909909,111,0,111,0,0,0.0,3.2243265692199445,3.174968104362791,6.227879305488326,2.471513176523121,1.2503939242630864,1.9783717170971282,7.72972972972973,8.176242457702756,0.41314335182644246,0.0,0.0,0.0,0.0,0.0,0,0,0,0,0,0.0,0.25225225225225223,0.293944478728951,0.35698904632172546,0.9760328558018002,0.524004594538218,0.0,0.17175324675324674,0.11716008768940048
1568,108,97.29729729729729,111,2,109,0,0,0.018018018018018018,3.2573395568003516,3.2021807770318063,6.251405585802609,2.4791881056413176,1.2609833027441752,1.9794033008333947,7.72972972972973,8.176242457702756,0.41388139009478375,0.6342709459194009,0.007252295409915914,0.5,0.15361528624947868,-0.0194048545727199,0,2,0,0,0,0.5,0.2702702702702703,0.2937306272652345,0.3652338868114392,0.9632775279362127,0.5224382865530746,0.018018018018018018,0.18993506493506493,0.1176389130338828
1569,108,97.29729729729729,111,0,111,0,0,0.0,3.276226703141496,3.221278412858175,6.310802198077898,2.4871873017598944,1.2422654082614513,1.9646715774883774,7.72972972972973,8.176242457702756,0.41364217007402915,0.0,0.0,0.0,0.0,0.0,0,0,0,0,0,0.0,0.27927927927927926,0.29271004798461087,0.35422776730483685,0.9661032177957334,0.5267958259172517,0.0,0.18993506493506493,0.11806036560024952
1570,109,98.1981981981982,111,0,111,0,0,0.0,3.2579820918840707,3.203535469081159,6.347839966834351,2.4933718993272747,1.2302781377932401,1.9626052395244264,7.72972972972973,8.176242457702756,0.41391857926986475,0.0,0.0,0.0,0.0,0.0,0,0,0,0,0,0.0,0.26126126126126126,0.29367089428570603,0.34500835709230415,0.9632775279362127,0.5256396451331312,0.0,0.18993506493506493,0.11822197639003348
1571,109,98.1981981981982,111,0,111,0,0,0.0,3.2274105279741145,3.174154903497708,6.009515865414695,2.4971290481804758,1.2711418622454105,1.9880920664593054,7.72972972972973,8.176242457702756,0.41114613187444515,0.0,0.0,0.0,0.0,0.0,0,0,0,0,0,0.0,0.25225225225225223,0.2878715712107878,0.34845838917896943,0.9598055230605225,0.5190949148665305,0.0,0.18993506493506496,0.11822271537035096
1572,109,98.1981981981982,111,0,111,0,0,0.0,3.23351521799437,3.180402501440994,5.993463189347366,2.5009876584384423,1.2518503905918574,1.96398256016816,7.72972972972973,8.176242457702756,0.4138058525251542,0.0,0.0,0.0,0.0,0.0,0,0,0,0,0,0.0,0.2702702702702703,0.2898604500358372,0.3488112609297972,0.9728386101254536,0.5237563665393108,0.0,0.1538961038961039,0.11841098348554681
1573,111,100.0,111,0,111,0,0,0.0,3.214750639515202,3.161932391998819,6.002281372602295,2.5033226506220636,1.261944931138505,1.9727310776803761,7.72972972972973,8.176242457702756,0.4169623927522892,0.0,0.0,0.0,0.0,0.0,0,0,0,0,0,0.0,0.27927927927927926,0.29439269323744466,0.34343508739842754,0.9591953941844067,0.530352243463037,0.0,0.18993506493506496,0.1184126179043016
1574,111,100.0,111,0,111,0,0,0.0,3.2363471146769154,3.183454071478355,6.155161060272989,2.506874459939556,1.2440786582888501,1.9639927555417087,7.72972972972973,8.176242457702756,0.41789199902069285,0.0,0.0,0.0,0.0,0.0,0,0,0,0,0,0.0,0.2972972972972973,0.29606636020012345,0.33720796609758585,0.960226567548999,0.5325095064857132,0.0,0.225974025974026,0.11866580255082691
1575,111,100.0,111,0,111,0,0,0.0,3.2677877918331233,3.2134284652578233,6.326680435978167,2.5120964880041243,1.2417861307632503,1.968029109892046,7.72972972972973,8.176242457702756,0.4198420779003227,0.0,0.0,0.0,0.0,0.0,0,0,0,0,0,0.0,0.2882882882882883,0.2991182273375948,0.33894457315559695,0.9506590731105165,0.5333107775678997,0.0,0.18993506493506496,0.11903648877449215
1576,110,99.09909909909909,111,1,110,0,0,0.009009009009009009,3.253930921948355,3.1973204678231233,6.347212977523572,2.5159678908285277,1.2724000450164936,1.996006861819226,7.72972972972973,8.176242457702756,0.419358395448425,0.9781188729943555,0.006004238041576205,1.0,0.021881127005644485,0.011984096865237381,0,1,0,0,0,1.0,0.3063063063063063,0.29986080526142456,0.3497523867201951,0.9553335610308442,0.5335455368245652,0.009009009009009009,0.2035714285714286,0.1191254720657871
1577,110,99.09909909909909,111,0,111,0,0,0.0,3.2133164792334887,3.158445164285425,6.178770657187502,2.5168499635368886,1.2862669394386703,2.008414404017124,7.72972972972973,8.176242457702756,0.4133356163820521,0.0,0.0,0.0,0.0,0.0,0,0,0,0,0,0.0,0.2882882882882883,0.293352458930562,0.3393477385618685,0.9458879502291175,0.5290909039289756,0.0,0.1724025974025974,0.11895846005385716
1578,110,99.09909909909909,111,0,111,0,0,0.0,3.2176424037804674,3.162139400178202,6.2586453762384275,2.517901555588803,1.2619876838255113,1.9905625821519468,7.72972972972973,8.176242457702756,0.414154314975262,0.0,0.0,0.0,0.0,0.0,0,0,0,0,0,0.0,0.3063063063063063,0.2944083636184657,0.34547301614663734,0.9561721337981612,0.5307603922098156,0.0,0.15876623376623375,0.11902308003450729
1579,110,99.09909909909909,111,0,111,0,0,0.0,3.1975822395669105,3.142931225045184,6.1589867174138595,2.5176107613484264,1.270892143260178,2.0106523731921357,7.72972972972973,8.176242457702756,0.4096931100457286,0.0,0.0,0.0,0.0,0.0,0,0,0,0,0,0.0,0.2972972972972973,0.29000916585242115,0.33871091432432415,0.9553350529306426,0.5300041412941064,0.0,0.17240259740259742,0.11891089119236638
1580,110,99.09909909909909,111,0,111,0,0,0.0,3.256935968959148,3.2010507323514545,6.4042991845709825,2.5211453366162626,1.23435536315094,1.9724803486220874,7.72972972972973,8.176242457702756,0.4117792389268471,0.0,0.0,0.0,0.0,0.0,0,0,0,0,0,0.0,0.26126126126126126,0.29212111962010434,0.3409320725648845,0.9553350529306426,0.531820877254079,0.0,0.17240259740259742,0.11935215756120171
1581,111,100.0,111,0,111,0,0,0.0,3.2595116678294795,3.203833199606487,6.336729850648077,2.5245729174556133,1.2429925180611523,1.9698454061298118,7.72972972972973,8.176242457702756,0.4124107224382443,0.0,0.0,0.0,0.0,0.0,0,0,0,0,0,0.0,0.2972972972972973,0.2919491794090986,0.3449705822708587,0.9498728192706954,0.5354598409497587,0.0,0.17240259740259742,0.11950515971548291
1582,111,100.0,111,0,111,0,0,0.0,3.2452612301807893,3.1900320971385807,6.121620406044959,2.5268175216954134,1.2469922975909657,1.9630558828830194,7.72972972972973,8.176242457702756,0.41046593109656215,0.0,0.0,0.0,0.0,0.0,0,0,0,0,0,0.0,0.2972972972972973,0.28840698691313343,0.3500890242939254,0.9498728192706954,0.5324526000421023,0.0,0.17240259740259742,0.11952566966967043
1583,111,100.0,111,0,111,0,0,0.0,3.2477540383696972,3.1922782185436067,6.2761396500576145,2.529025520315928,1.2525236225916467,1.9524399887083688,7.72972972972973,8.176242457702756,0.4132709376096735,0.0,0.0,0.0,0.0,0.0,0,0,0,0,0,0.0,0.3153153153153153,0.29322537770832935,0.3467794146673349,0.9477035266406568,0.5377555724728887,0.0,0.2035714285714286,0.11962839937095296
1584,111,100.0,111,0,111,0,0,0.0,3.243215014040503,3.1880692308332312,6.471848614214263,2.5307776779835955,1.242852155718399,1.9538533996465066,7.72972972972973,8.176242457702756,0.41327037985341053,0.0,0.0,0.0,0.0,0.0,0,0,0,0,0,0.0,0.3153153153153153,0.2960886297323913,0.34399767593120256,0.9472922256520937,0.5399281246067997,0.0,0.20844155844155846,0.11967733457888187
1585,111,100.0,111,0,111,0,0,0.0,3.2246153575064676,3.17084713193622,6.163790835953722,2.5312600785424113,1.2737179223320052,1.9581359006546575,7.72972972972973,8.176242457702756,0.40847538109128934,0.0,0.0,0.0,0.0,0.0,0,0,0,0,0,0.0,0.3063063063063063,0.28823929520651775,0.33756232281711074,0.9411062012557951,0.537697012693411,0.0,0.20844155844155846,0.11960405741586472
1586,111,100.0,111,0,111,0,0,0.0,3.2412675851643233,3.187522786050727,5.97446643194024,2.5327937903913704,1.2650007011625413,1.9388567495954419,7.72972972972973,8.176242457702756,0.40747625550353517,0.0,0.0,0.0,0.0,0.0,0,0,0,0,0,0.0,0.2882882882882883,0.28352982749032213,0.348824896114854,0.949064060746341,0.5328545509395795,0.0,0.17240259740259742,0.11975001855384071
1587,111,100.0,111,0,111,0,0,0.0,3.22763309659557,3.1748219934079582,5.9121155888595665,2.533371344160537,1.2905646824902008,1.925919972915789,7.72972972972973,8.176242457702756,0.40439461152978406,0.0,0.0,0.0,0.0,0.0,0,0,0,0,0,0.0,0.2882882882882883,0.27980197436239607,0.3497872693279823,0.9385308733296425,0.5260276746007163,0.0,0.20844155844155843,0.11970545720924228
1588,111,100.0,111,0,111,0,0,0.0,3.2167543953192332,3.1647588762426024,5.691536399302486,2.53324344784662,1.3064342266239546,1.9509310701211546,7.72972972972973,8.176242457702756,0.40162872116787796,0.0,0.0,0.0,0.0,0.0,0,0,0,0,0,0.0,0.2702702702702703,0.27432671076729587,0.3491662879330011,0.9493974722556473,0.5205438931143553,0.0,0.20844155844155843,0.11964583514650043
1589,111,100.0,111,0,111,0,0,0.0,3.204101084951206,3.151984969080286,5.843402709581471,2.532290468148693,1.2839195866401731,1.9590002220098206,7.72972972972973,8.176242457702756,0.40138256915632997,0.0,0.0,0.0,0.0,0.0,0,0,0,0,0,0.0,0.27927927927927926,0.27617875624631966,0.34247132477023823,0.9580955293395663,0.521058433030793,0.0,0.1724025974025974,0.11954360962932269
1590,111,100.0,111,0,110,1,0,0.0,3.2148758273896934,3.161573848688272,6.1101899369269415,2.5320426144180215,1.2339643340367865,1.908682445913969,7.72972972972973,8.176242457702756,0.4070050212800602,0.49261087183716057,0.0019780274194447075,0.0,0.49261087183716057,0.00828235540597666,0,0,0,1,0,0.0,0.2972972972972973,0.28448371729574,0.34367539871432584,0.9580955293395663,0.5308812705110525,0.0,0.1724025974025974,0.11958735078053505
1591,110,99.09909909909909,111,1,110,0,0,0.009009009009009009,3.20602294745109,3.152779820505592,5.48120685518512,2.531285301807634,1.3107222610252558,1.9892146425675559,7.72972972972973,8.176242457702756,0.3989374752983972,0.5857131573301083,0.003347152905851342,1.0,0.4142868426698917,0.00962993450803118,0,1,0,0,0,0.0,0.27927927927927926,0.26943225626803824,0.36153912458645493,0.9615540380976084,0.5137120910601177,0.009009009009009009,0.1542207792207792,0.11951212652324801
1592,110,99.09909909909909,111,0,111,0,0,0.0,3.2127744419725626,3.1602162121645963,5.861768604054337,2.5310308299910145,1.2738075796538118,1.9838985273375582,7.72972972972973,8.176242457702756,0.3984089689072361,0.0,0.0,0.0,0.0,0.0,0,0,0,0,0,0.0,0.2882882882882883,0.27269348199036547,0.3396835902626814,0.9420480379880498,0.5200984941024241,0.0,0.19025974025974024,0.11953548087949871
1593,109,98.1981981981982,111,1,110,0,0,0.009009009009009009,3.1806873423875643,3.1341493224929358,5.498130733025325,2.528718299564236,1.308352159546861,1.972607355312007,7.72972972972973,8.176242457702756,0.3987437419633941,0.9613908244415788,0.0030376134696347033,1.0,0.03860917555842125,0.013972189000203694,0,1,0,0,0,1.0,0.2882882882882883,0.27025553054021895,0.3564877020696251,0.9458416760130552,0.5155012250104755,0.009009009009009009,0.19025974025974027,0.11928050633427295
1594,109,98.1981981981982,111,0,111,0,0,0.0,3.17830331429506,3.1313146527645452,5.784962650926192,2.526783262818447,1.2984231859995232,2.0010199467317262,7.72972972972973,8.176242457702756,0.39950409390804853,0.0,0.0,0.0,0.0,0.0,0,0,0,0,0,0.0,0.2882882882882883,0.2746704988809932,0.34552204068996706,0.9524563767247636,0.5172996924732847,0.0,0.19025974025974027,0.11918947954581974
1595,109,98.1981981981982,111,0,111,0,0,0.0,3.191015412518319,3.1437903846572337,6.103046731901849,2.5258224762389756,1.2530503376481497,1.972196840525363,7.72972972972973,8.176242457702756,0.40405348307918953,0.0,0.0,0.0,0.0,0.0,0,0,0,0,0,0.0,0.2972972972972973,0.2821335872359113,0.3379287650458357,0.9567325329853791,0.527904493927597,0.0,0.16753246753246756,0.11921376191681672
1596,110,99.09909909909909,111,0,111,0,0,0.0,3.2006316194225763,3.1525173121354046,6.420194375949015,2.525511073699522,1.2190243593367056,1.969652609843733,7.72972972972973,8.176242457702756,0.4082298297037368,0.0,0.0,0.0,0.0,0.0,0,0,0,0,0,0.0,0.3153153153153153,0.28940459646888456,0.3361484755389509,0.97050342828634,0.532001843535495,0.0,0.1314935064935065,0.11924911243801542
1597,110,99.09909909909909,111,0,110,1,0,0.0,3.2037244679993755,3.1562930864660466,6.511775929461061,2.525472105357856,1.2081427035229875,1.9657339955339341,7.72972972972973,8.176242457702756,0.404494478689702,0.33601271311818104,0.0058072477991425175,0.0,0.33601271311818104,-0.041794259426201075,0,0,0,1,0,0.0,0.2972972972972973,0.28664841992217277,0.33004663480167656,0.9530964498210972,0.5290466330756802,0.0,0.16753246753246756,0.11926298360785123
1598,111,100.0,111,0,111,0,0,0.0,3.1968697341654444,3.14994437176792,6.521985069127572,2.5250210541169524,1.1917920244116011,1.9569460713922675,7.72972972972973,8.176242457702756,0.40557262058955157,0.0,0.0,0.0,0.0,0.0,0,0,0,0,0,0.0,0.3063063063063063,0.28773163425617526,0.32487470539257113,0.9530964498210972,0.5337010907314482,0.0,0.16753246753246756,0.1192102704171492
1599,111,100.0,111,0,110,1,0,0.0,3.18744162637725,3.1413611715542165,6.238943810597353,2.5240454553110325,1.2005480308766094,1.9614848087058157,7.72972972972973,8.176242457702756,0.4021382588403726,0.3706198582645889,0.007532957633923652,0.0,0.3706198582645889,-0.055435841174076295,0,0,0,1,0,0.0,0.27927927927927926,0.2813510244030203,0.31786773157884124,0.9437154950527116,0.5311409372756715,0.0,0.19025974025974024,0.119123246216315
1600,110,99.09909909909909,111,1,110,0,0,0.009009009009009009,3.212728154036901,3.1611344346996617,6.379019371689861,2.524826981148618,1.1990535206274062,1.9817295097227139,7.72972972972973,8.176242457702756,0.4000901423064718,0.9999957863109052,0.007794969923298964,1.0,4.21368909475639e-06,0.025015788208015532,0,1,0,0,0,1.0,0.3063063063063063,0.27916961889200853,0.3018612821783533,0.9381820627198729,0.5328855195483025,0.009009009009009009,0.19025974025974024,0.11928162857828854
1601,110,99.09909909909909,111,0,111,0,0,0.0,3.2269773168770937,3.1740159643694006,6.337245084978906,2.526003198246838,1.2127385221127864,1.987883334414625,7.72972972972973,8.176242457702756,0.39783305271515323,0.0,0.0,0.0,0.0,0.0,0,0,0,0,0,0.0,0.3063063063063063,0.2764121710145064,0.31652586431695423,0.9398528194565303,0.5237312311134819,0.0,0.19025974025974024,0.11940095957337922
1602,110,99.09909909909909,111,0,111,0,0,0.0,3.2076312742052693,3.1554174255504672,6.091188923486556,2.5258667156813375,1.2225829358908635,2.0017383014908634,7.72972972972973,8.176242457702756,0.3960434842184595,0.0,0.0,0.0,0.0,0.0,0,0,0,0,0,0.0,0.2972972972972973,0.2728372734893134,0.3126494032826453,0.9453247222858079,0.522771602874056,0.0,0.1542207792207792,0.11929864978728619
1603,110,99.09909909909909,111,0,111,0,0,0.0,3.1695358729923924,3.1190116032338837,5.2948180365029875,2.5233600896202453,1.29292996679249,2.0487178341084276,7.72972972972973,8.176242457702756,0.3863625357387708,0.0,0.0,0.0,0.0,0.0,0,0,0,0,0,0.0,0.3063063063063063,0.2560628943492792,0.3282788552012274,0.9413870913917523,0.5095917913172641,0.0,0.16753246753246753,0.11900569886909038
1604,110,99.09909909909909,111,0,111,0,0,0.0,3.16613045682298,3.1151797481397043,5.037259271264125,2.520807769972913,1.3145178815134024,2.0675298932893718,7.72972972972973,8.176242457702756,0.38336040071613486,0.0,0.0,0.0,0.0,0.0,0,0,0,0,0,0.0,0.27927927927927926,0.2507136749761304,0.34578189312496677,0.9520753113307727,0.5024150195218585,0.0,0.16753246753246753,0.11888432986691258
1605,111,100.0,111,0,111,0,0,0.0,3.1776348613518945,3.1264029250760137,5.068864241512275,2.519198241494458,1.302157427439567,2.0639710139908383,7.72972972972973,8.176242457702756,0.3824162604892376,0.0,0.0,0.0,0.0,0.0,0,0,0,0,0,0.0,0.2702702702702703,0.2501820717308392,0.35309180259967177,0.9511839057466327,0.4984181782803437,0.0,0.16753246753246753,0.11887605241414502
1606,111,100.0,111,0,111,0,0,0.0,3.182596351287111,3.1323511033523634,4.936554775252963,2.5181093819489804,1.3010381203000663,2.058899268872837,7.72972972972973,8.176242457702756,0.379343858214628,0.0,0.0,0.0,0.0,0.0,0,0,0,0,0,0.0,0.25225225225225223,0.24521053439176577,0.34408404829166733,0.9734576578929455,0.49468286494445624,0.0,0.1314935064935065,0.11885634596559007
1607,111,100.0,111,0,111,0,0,0.0,3.1848697330201015,3.133948780535291,4.987897062233293,2.517214054168099,1.301077580983242,2.041072994361375,7.72972972972973,8.176242457702756,0.37847890953007735,0.0,0.0,0.0,0.0,0.0,0,0,0,0,0,0.0,0.2882882882882883,0.24498660383089155,0.34481373683762206,0.9666783414112001,0.4947572058930402,0.0,0.1314935064935065,0.11883111078917699
1608,110,99.09909909909909,111,1,110,0,0,0.009009009009009009,3.191785367046756,3.1408988868879018,5.174568233067315,2.5168337990479013,1.2904522507336909,2.078381567225052,7.72972972972973,8.176242457702756,0.37622951185835296,0.8544079909173183,0.0033452478966452272,1.0,0.14559200908268166,0.021223419799552334,0,1,0,0,0,0.0,0.25225225225225223,0.24529639459196922,0.33638303672701025,0.9682408080291521,0.489804399010214,0.009009009009009009,0.13603896103896101,0.11885014366901767
1609,110,99.09909909909909,111,0,111,0,0,0.0,3.190240016244774,3.140060708776608,4.954598383424186,2.516442546875241,1.2975083921343618,2.0699329753755644,7.72972972972973,8.176242457702756,0.374096486014196,0.0,0.0,0.0,0.0,0.0,0,0,0,0,0,0.0,0.26126126126126126,0.24036727624388016,0.3387905580982986,0.964264467501631,0.49029400008035984,0.0,0.13603896103896101,0.1188264220518789
1610,110,99.09909909909909,111,0,111,0,0,0.0,3.2064784856236646,3.1555163974617093,4.981611709432021,2.5170942400931606,1.3057017344895259,2.075397620020961,7.72972972972973,8.176242457702756,0.3740556098882333,0.0,0.0,0.0,0.0,0.0,0,0,0,0,0,0.0,0.26126126126126126,0.2408381457347822,0.3403624706820608,0.9536077960476425,0.48948544702689023,0.0,0.17207792207792205,0.11893425640756211
1611,110,99.09909909909909,111,0,111,0,0,0.0,3.2188509189961585,3.1683872181479504,5.3160067678023575,2.5185345288979852,1.281070750612852,2.0373758654892096,7.72972972972973,8.176242457702756,0.3748872896564548,0.0,0.0,0.0,0.0,0.0,0,0,0,0,0,0.0,0.2702702702702703,0.24522662843143325,0.32710045417198774,0.9471789936663698,0.49284509481733285,0.0,0.2081168831168831,0.11905499932681138
1612,110,99.09909909909909,111,0,111,0,0,0.0,3.2229569768747375,3.17301539319582,5.191830321659457,2.5201597848486608,1.2552253394373876,1.9896141646441714,7.72972972972973,8.176242457702756,0.37613971076445285,0.0,0.0,0.0,0.0,0.0,0,0,0,0,0,0.0,0.26126126126126126,0.2438070802105124,0.3344527640686152,0.9542185870933236,0.49752439867074133,0.0,0.2081168831168831,0.11914197204974701
1613,111,100.0,111,0,111,0,0,0.0,3.2183180116951036,3.169481650627418,5.2839263624693515,2.521421014044071,1.2414957919189098,1.9750590457152275,7.72972972972973,8.176242457702756,0.37232872409243223,0.0,0.0,0.0,0.0,0.0,0,0,0,0,0,0.0,0.2702702702702703,0.24157716977232238,0.31879439869721105,0.9581395871690785,0.4966588802032727,0.0,0.20811688311688312,0.11917033780233087
1614,111,100.0,111,0,111,0,0,0.0,3.2035625305332114,3.155926561872503,5.142099973915882,2.5216924845449515,1.249745750460486,2.011009458784916,7.72972972972973,8.176242457702756,0.36917320355964556,0.0,0.0,0.0,0.0,0.0,0,0,0,0,0,0.0,0.27927927927927926,0.2373138611666558,0.3214873036061766,0.967753354207106,0.4949026486287899,0.0,0.17207792207792205,0.11910765843969798
1615,109,98.1981981981982,111,2,109,0,0,0.018018018018018018,3.2068179234696803,3.1733847391653347,4.9993257433553575,2.5221400631638233,1.270775591500684,1.998060257381092,7.72972972972973,8.176242457702756,0.3677868455233939,0.9874316452293018,0.004132014928958111,1.0,0.012568354770698176,0.019404568097007635,0,2,0,0,0,1.0,0.27927927927927926,0.23425642457801868,0.3498473167981923,0.9521759580791611,0.47980020257580086,0.018018018018018018,0.17207792207792205,0.11914223296091422
1616,109,98.1981981981982,111,0,111,0,0,0.0,3.226586723267798,3.192423834237304,5.410167234061065,2.5247400268484785,1.2138867769983333,1.9597724652573094,7.72972972972973,8.176242457702756,0.37294863104093734,0.0,0.0,0.0,0.0,0.0,0,0,0,0,0,0.0,0.27927927927927926,0.24257031762841347,0.3333166901200462,0.9694936510494055,0.4898468193832244,0.0,0.13603896103896101,0.11934736662723963
1617,109,98.1981981981982,111,0,111,0,0,0.0,3.209972486353763,3.1770453225038815,5.0965534224223425,2.5261215036738944,1.234990978185874,1.9701570355533922,7.72972972972973,8.176242457702756,0.3683416636835253,0.0,0.0,0.0,0.0,0.0,0,0,0,0,0,0.0,0.2972972972972973,0.23506842120965737,0.33405660804781795,0.9373860823578343,0.48579679987123486,0.0,0.17207792207792205,0.11932077189004094
1618,109,98.1981981981982,111,0,111,0,0,0.0,3.2174893911358,3.1844811784162355,5.026117148133566,2.5278764064911274,1.2530341828828506,2.0105531733791686,7.72972972972973,8.176242457702756,0.36635859762583367,0.0,0.0,0.0,0.0,0.0,0,0,0,0,0,0.0,0.27927927927927926,0.23229073757712962,0.33530891636015,0.9629249774775285,0.48305694170664726,0.0,0.17207792207792205,0.11943009896856814
1619,109,98.1981981981982,111,0,111,0,0,0.0,3.2081554314383687,3.175814162525242,4.861923735327988,2.5289209152126495,1.238788157916345,1.9934349920921077,7.72972972972973,8.176242457702756,0.3666309538070427,0.0,0.0,0.0,0.0,0.0,0,0,0,0,0,0.0,0.2972972972972973,0.23060034265093854,0.3478470412441321,0.9705167871537789,0.48586730738742917,0.0,0.17207792207792205,0.11942612995286273
1620,109,98.1981981981982,111,2,108,1,0,0.018018018018018018,3.1994991550453125,3.1570620408212173,4.858040826186681,2.529364527677149,1.2254563723285063,1.9764296981339267,7.72972972972973,8.176242457702756,0.36357286037981273,0.7397488579050869,0.007219439141656718,0.6666666666666666,0.19945945073514268,-0.03936396903134076,0,2,0,1,0,0.3333333333333333,0.3153153153153153,0.22859532357912699,0.3385059837701617,0.9562372278876761,0.47937360030136905,0.018018018018018018,0.19025974025974024,0.11940098398623247
1621,108,97.29729729729729,111,1,110,0,0,0.009009009009009009,3.2029925418378995,3.158323715920327,4.906553897188049,2.529237318126581,1.2446046462743512,2.0104128544772615,7.72972972972973,8.176242457702756,0.3637571379035882,0.9477108971214648,0.011802156215204463,1.0,0.052289102878535165,-0.04233922665628209,0,1,0,0,0,0.0,0.3063063063063063,0.2293960532805676,0.34171903186710456,0.9624581435276263,0.4808660117751828,0.009009009009009009,0.17207792207792205,0.11941325043955353
1622,108,97.29729729729729,111,0,110,1,0,0.0,3.226761328217973,3.1807726235072957,5.254296238353889,2.530494888046804,1.2258293125358317,1.982637729938267,7.72972972972973,8.176242457702756,0.36642336750521576,0.8944960417512722,0.009055194830771841,1.0,0.10550395824872782,-0.04150969241981706,0,0,0,1,0,0.0,0.2702702702702703,0.2350907845792232,0.3335428430816087,0.9552291825677385,0.48373593852054686,0.0,0.17207792207792205,0.11958350535433018
1623,107,96.3963963963964,111,1,110,0,0,0.009009009009009009,3.2384869289350506,3.19301253753718,5.289504782913693,2.5324891900881528,1.203280923878352,1.9776262640517728,7.72972972972973,8.176242457702756,0.36814043636337934,0.8670610502025041,0.008960415260036332,1.0,0.13293894979749588,-0.04266686361676664,0,1,0,0,0,0.0,0.2702702702702703,0.2356990373702143,0.31794891322187924,0.9255455425653614,0.49277138885001653,0.009009009009009009,0.20811688311688312,0.11972366284303536
1624,107,96.3963963963964,111,0,111,0,0,0.0,3.2362555053856537,3.191569854728751,5.291276475541662,2.5341871253150927,1.2154040456564394,1.9827031663916566,7.72972972972973,8.176242457702756,0.36734157059950845,0.0,0.0,0.0,0.0,0.0,0,0,0,0,0,0.0,0.2702702702702703,0.23501527562594907,0.31090087536722305,0.9454818762105678,0.49003743723367965,0.0,0.17207792207792208,0.11978191937575305
1625,109,98.1981981981982,111,1,110,0,0,0.009009009009009009,3.216599737762903,3.168339628053918,5.274496979880272,2.534471811722961,1.2282998375232639,2.00201784646168,7.72972972972973,8.176242457702756,0.3673146259457776,0.7929777726814833,0.008358604377555935,1.0,0.20702222731851672,-0.036993410229035906,0,1,0,0,0,0.0,0.2702702702702703,0.23590507357680932,0.31009255245328543,0.9486368329156785,0.48445029949667545,0.009009009009009009,0.2262987012987013,0.11969527886311503
1626,110,99.09909909909909,111,0,111,0,0,0.0,3.2198565113784037,3.1719299685266518,5.189883078992757,2.534722999226579,1.2372908812022432,2.012689138020454,7.72972972972973,8.176242457702756,0.3645198395983067,0.0,0.0,0.0,0.0,0.0,0,0,0,0,0,0.0,0.23423423423423423,0.23237386678039623,0.3094128646578079,0.948905665251164,0.48149725524708825,0.0,0.15422077922077923,0.11972183158085214
1627,110,99.09909909909909,111,0,111,0,0,0.0,3.2352777592741804,3.1859667855533216,5.225792889468208,2.535871796385633,1.247613960313103,2.035726996770434,7.72972972972973,8.176242457702756,0.366436015619686,0.0,0.0,0.0,0.0,0.0,0,0,0,0,0,0.0,0.26126126126126126,0.23429056167422146,0.31789370487303886,0.9562377256268928,0.4822084364369412,0.0,0.19025974025974027,0.11984590204086677
1628,110,99.09909909909909,111,0,110,1,0,0.0,3.2657309822707505,3.2158589630425958,5.695801553882605,2.538881910629544,1.2107605914067916,2.01257858237169,7.72972972972973,8.176242457702756,0.37125968061264736,0.6578616976867663,0.0065512282882877,1.0,0.3421383023132337,0.021972710749958324,0,0,0,1,0,0.0,0.26126126126126126,0.24234167095227527,0.3067676237278451,0.9571823743853853,0.4930504151922261,0.0,0.19025974025974024,0.12012122527526763
1629,109,98.1981981981982,111,1,110,0,0,0.009009009009009009,3.2594928211653937,3.205840440280321,5.887504286220977,2.5412464619270154,1.2129474653808086,2.017885556898594,7.72972972972973,8.176242457702756,0.37393273672928307,0.6720362906420017,0.008740498719417567,1.0,0.32796370935799835,0.0075729209467585434,0,1,0,0,0,0.0,0.2702702702702703,0.24691991081008152,0.29364984615425394,0.9592150921412061,0.4995910535508097,0.009009009009009009,0.2262987012987013,0.12018670019329984
1630,110,99.09909909909909,111,0,111,0,0,0.0,3.277121632517505,3.2222783844170477,6.324632512068618,2.544237024449738,1.1926750134397521,2.0100941879287646,7.72972972972973,8.176242457702756,0.3777765363457959,0.0,0.0,0.0,0.0,0.0,0,0,0,0,0,0.0,0.2972972972972973,0.2550734217959759,0.29031961332590606,0.9622011154431905,0.5019474968882828,0.0,0.2262987012987013,0.1203971020714139
1631,108,97.29729729729729,111,2,109,0,0,0.018018018018018018,3.283177555809586,3.2360314696096184,6.352024125754512,2.547319044340754,1.1740092054765416,1.9829183758192648,7.72972972972973,8.176242457702756,0.3808020069029092,0.6683207575717135,0.004466970975894469,1.0,0.3316792424282865,-0.00022263210419931623,0,2,0,0,0,0.0,0.2972972972972973,0.257171618224827,0.2896492618789149,0.9626195854474087,0.5130408374896736,0.018018018018018018,0.20811688311688312,0.12055337839731635
1632,108,97.29729729729729,111,0,111,0,0,0.0,3.2903807137969885,3.2427619421144063,6.477295475664924,2.5511529260749244,1.1501730495842974,1.969314658251504,7.72972972972973,8.176242457702756,0.3812551487282141,0.0,0.0,0.0,0.0,0.0,0,0,0,0,0,0.0,0.2882882882882883,0.25878743812682065,0.2727889393040853,0.9638902436106829,0.5171953383528277,0.0,0.20811688311688312,0.12074612792031704
1633,108,97.29729729729729,111,0,111,0,0,0.0,3.3034403792898392,3.2544593847685475,6.35145831927236,2.5554384693611705,1.1720460127275656,1.9713534438447986,7.72972972972973,8.176242457702756,0.38257634120610184,0.0,0.0,0.0,0.0,0.0,0,0,0,0,0,0.0,0.2972972972972973,0.25820184447061556,0.2836818985764917,0.9425556970128419,0.5186332956098427,0.0,0.17207792207792208,0.12098662445263791
1634,108,97.29729729729729,111,1,110,0,0,0.009009009009009009,3.309183296935772,3.2690464270547683,6.388257947273192,2.5597650978544535,1.1678251749140585,1.965316367136688,7.72972972972973,8.176242457702756,0.38212999850850804,0.991442329744312,0.007084057481815998,1.0,0.008557670255687988,0.027743672432907207,0,1,0,0,0,1.0,0.3063063063063063,0.2574347224651627,0.2755464610713282,0.9404872460882326,0.518713567241429,0.009009009009009009,0.18993506493506493,0.12119221685879503
1635,107,96.3963963963964,111,1,109,0,1,0.009009009009009009,3.3223595809408266,3.27703614036202,6.821005770338269,2.5651391684715064,1.102907034811335,1.8616537524856192,7.72972972972973,8.176242457702756,0.38608027908214804,0.9302980460855215,0.00017571333266482104,1.0,0.06970195391447848,0.09210612332955018,0,2,0,0,0,0.5,0.3153153153153153,0.26610448962286504,0.2702029220016407,0.9194821379965286,0.5218962270283464,0.009009009009009009,0.20811688311688312,0.1214777968005695
1636,109,98.1981981981982,111,0,111,0,0,0.0,3.3046230914049652,3.25973760003824,6.681990030401347,2.5686264104109977,1.1210403737436192,1.9355748844926977,7.72972972972973,8.176242457702756,0.38610587544159536,0.0,0.0,0.0,0.0,0.0,0,0,0,0,0,0.0,0.3063063063063063,0.265571641648727,0.2835438937788001,0.9185732987096944,0.5189238808679594,0.0,0.2801948051948052,0.12153167703091995
1637,108,97.29729729729729,111,1,110,0,0,0.009009009009009009,3.34267516904791,3.2996563007897897,6.956173308292964,2.5743477481124484,1.1273929713050945,1.9616766118709206,7.72972972972973,8.176242457702756,0.3876068269039452,0.955197008571993,0.01278732185626824,1.0,0.04480299142800703,-0.0551355634949835,0,1,0,0,0,1.0,0.2972972972972973,0.2673110831650357,0.2733639278245326,0.9305741905506937,0.5190790680180526,0.009009009009009009,0.1538961038961039,0.12195583264028195
1638,107,96.3963963963964,111,1,110,0,0,0.009009009009009009,3.356816311489831,3.3109479367846677,6.6419737424208485,2.5806602093792654,1.1505083409158694,1.9681908885144856,7.72972972972973,8.176242457702756,0.3842484460669069,0.967651516889804,0.004734103598150538,1.0,0.032348483110196,0.0036856756688847803,0,1,0,0,0,1.0,0.27927927927927926,0.26044625162944,0.27845787823967283,0.9331805041525959,0.5201745920452843,0.009009009009009009,0.20811688311688312,0.12228459942160333
1639,108,97.29729729729729,111,0,111,0,0,0.0,3.3694545113843026,3.323617519507621,6.712392674634669,2.5870567950602608,1.1501869252128218,1.9722096755620449,7.72972972972973,8.176242457702756,0.38116435423062556,0.0,0.0,0.0,0.0,0.0,0,0,0,0,0,0.0,0.2702702702702703,0.25827760824054874,0.2767042888987669,0.9355608267657515,0.5159902476113069,0.0,0.17207792207792208,0.12260929059822212
1640,109,98.1981981981982,111,0,111,0,0,0.0,3.3433048648752774,3.2985654178923745,6.438004679420207,2.5912917239319126,1.187448848540104,1.9906320628177328,7.72972972972973,8.176242457702756,0.37772271653897227,0.0,0.0,0.0,0.0,0.0,0,0,0,0,0,0.0,0.2882882882882883,0.25312331018775297,0.28263978105626764,0.9566586178585949,0.5102229786518526,0.0,0.20811688311688312,0.12265167139190575
1641,109,98.1981981981982,111,0,111,0,0,0.0,3.360905586570073,3.3157815655642833,6.754806086392272,2.5963065019315326,1.1738988996551785,1.9917734662820172,7.72972972972973,8.176242457702756,0.37867990441171795,0.0,0.0,0.0,0.0,0.0,0,0,0,0,0,0.0,0.26126126126126126,0.25716211642327097,0.27819646084173816,0.9481522923373902,0.5113968896979059,0.0,0.20811688311688312,0.12294468520436197
1642,110,99.09909909909909,111,0,111,0,0,0.0,3.3751073519528836,3.33084808204568,6.794078076407767,2.6018967594571474,1.2042182478291212,2.0133350952340603,7.72972972972973,8.176242457702756,0.37605148360682517,0.0,0.0,0.0,0.0,0.0,0,0,0,0,0,0.0,0.2702702702702703,0.2543673153797534,0.26974247369651827,0.9517882819326433,0.5083346261661394,0.0,0.20811688311688312,0.12324423053592813
1643,111,100.0,111,0,111,0,0,0.0,3.407941605490073,3.363532138021597,7.450876989299412,2.609167806102739,1.1577770460524397,1.9638807449489264,7.72972972972973,8.176242457702756,0.379854284565591,0.0,0.0,0.0,0.0,0.0,0,0,0,0,0,0.0,0.26126126126126126,0.26261943657542514,0.24748403983184797,0.9625812326576566,0.5177268845735138,0.0,0.20811688311688312,0.1237056510050922
1644,110,99.09909909909909,111,1,110,0,0,0.009009009009009009,3.430998534469611,3.3871551108577527,6.972648241061859,2.6173717321640533,1.2011163528710174,2.010933670877116,7.72972972972973,8.176242457702756,0.3764448771762221,0.9232005266926646,0.009045831974305783,1.0,0.07679947330733539,-0.02824633111873376,0,1,0,0,0,0.0,0.24324324324324326,0.2541309575008055,0.2658263154085013,0.9515407708434349,0.509025439205301,0.009009009009009009,0.24415584415584413,0.12415632209290176
1645,110,99.09909909909909,111,0,111,0,0,0.0,3.426431984146772,3.382391298740719,7.028379328484019,2.6246110840855716,1.2068594131432773,2.01813901472493,7.72972972972973,8.176242457702756,0.3743363705638256,0.0,0.0,0.0,0.0,0.0,0,0,0,0,0,0.0,0.23423423423423423,0.25278907964167824,0.26337418140973384,0.9367072903208866,0.49901606759364564,0.0,0.2801948051948052,0.12442944282402241
1646,110,99.09909909909909,111,0,111,0,0,0.0,3.4088081223461226,3.3655851481845613,7.012747650527366,2.630159239747798,1.2493917269432884,2.0971013835169776,7.72972972972973,8.176242457702756,0.37274204992777293,0.0,0.0,0.0,0.0,0.0,0,0,0,0,0,0.0,0.26126126126126126,0.2518931246928319,0.26771684197427803,0.9492930304167025,0.49392005839870323,0.0,0.24415584415584413,0.12456813884445636
1647,110,99.09909909909909,111,0,111,0,0,0.0,3.4039463044299243,3.361341874338273,6.782368103164315,2.6349762124648963,1.2526691956488287,2.0953446599955234,7.72972972972973,8.176242457702756,0.3747042754141634,0.0,0.0,0.0,0.0,0.0,0,0,0,0,0,0.0,0.26126126126126126,0.2510506626152286,0.2692856325371425,0.9523428104353804,0.4988925612321285,0.0,0.20811688311688312,0.12474075343911105
1648,110,99.09909909909909,111,0,111,0,0,0.0,3.420907261462906,3.3778139273922756,7.006136941454962,2.640476773809889,1.2439745743804085,2.0766053850138726,7.72972972972973,8.176242457702756,0.3780365123296783,0.0,0.0,0.0,0.0,0.0,0,0,0,0,0,0.0,0.26126126126126126,0.25492303902697766,0.2716653567629518,0.9437125936032282,0.5002544870283225,0.0,0.20811688311688312,0.1250504278403266
1649,111,100.0,111,0,111,0,0,0.0,3.4635165169230135,3.4187341184053217,7.480471590332869,2.648204183147885,1.195550997010094,2.0404714403754283,7.72972972972973,8.176242457702756,0.3847664135076103,0.0,0.0,0.0,0.0,0.0,0,0,0,0,0,0.0,0.26126126126126126,0.2643563840406385,0.2758445569269736,0.9272466711414296,0.5081329413138735,0.0,0.20811688311688312,0.125579379979214
1650,111,100.0,111,0,111,0,0,0.0,3.470174735225813,3.4260076019151766,7.330113600008562,2.6557755388802184,1.238491151523341,2.0690355816622934,7.72972972972973,8.176242457702756,0.3839171230831544,0.0,0.0,0.0,0.0,0.0,0,0,0,0,0,0.0,0.26126126126126126,0.26166557083042175,0.27858490959412996,0.9340002554403363,0.507692326778661,0.0,0.20811688311688312,0.12592219727173337
1651,110,99.09909909909909,111,1,110,0,0,0.009009009009009009,3.4715065510613825,3.421608557324326,7.906056601432228,2.66279995520774,1.2245001762953267,2.057926763427907,7.72972972972973,8.176242457702756,0.3871053171628285,0.7590925776179469,0.008399829501619452,1.0,0.2409074223820531,0.02772968286559152,0,1,0,0,0,0.0,0.26126126126126126,0.27059732413063087,0.2639578416279045,0.945736597735129,0.5133561299496199,0.009009009009009009,0.2262987012987013,0.12621602300599954
1652,110,99.09909909909909,111,0,111,0,0,0.0,3.501356383923548,3.4504686982767376,8.626228525013468,2.670777924064951,1.1991536259411952,2.042890812616933,7.72972972972973,8.176242457702756,0.3899903117855723,0.0,0.0,0.0,0.0,0.0,0,0,0,0,0,0.0,0.25225225225225223,0.279297167450784,0.2554599738592157,0.9412598054061209,0.5177698443536218,0.0,0.2262987012987013,0.12669142120879315
1653,110,99.09909909909909,111,0,111,0,0,0.0,3.4454069525433306,3.396050142677949,8.035746131617238,2.674544080407009,1.2557855505478999,2.080217488036432,7.72972972972973,8.176242457702756,0.38678000587932115,0.0,0.0,0.0,0.0,0.0,0,0,0,0,0,0.0,0.25225225225225223,0.2733296729565494,0.2661399580208956,0.9360483701305157,0.5122472276378752,0.0,0.26233766233766237,0.12656563908882346
1654,110,99.09909909909909,111,0,111,0,0,0.0,3.489960823256631,3.4390969553062005,9.071206458889982,2.6808179960918412,1.1812783018912103,2.028753883069235,7.72972972972973,8.176242457702756,0.3927792806231105,0.0,0.0,0.0,0.0,0.0,0,0,0,0,0,0.0,0.26126126126126126,0.286150319025705,0.24716439146996147,0.951390576276716,0.5278237321630584,0.0,0.19025974025974024,0.12704489372138184
1655,110,99.09909909909909,111,0,111,0,0,0.0,3.525082760702996,3.4738617494661175,9.769915720446795,2.6888529043070397,1.130162510552662,1.99242662012344,7.72972972972973,8.176242457702756,0.39822156754633187,0.0,0.0,0.0,0.0,0.0,0,0,0,0,0,0.0,0.27927927927927926,0.29502726876787433,0.23499194661438574,0.9375702915025766,0.5371354023485219,0.0,0.19025974025974027,0.1275489801970779
1656,111,100.0,111,0,111,0,0,0.0,3.5543813018398267,3.50370151749656,9.488058138121998,2.698182676371698,1.1444512129928668,1.97865005225191,7.72972972972973,8.176242457702756,0.3947078696867645,0.0,0.0,0.0,0.0,0.0,0,0,0,0,0,0.0,0.2702702702702703,0.2875693124096797,0.24101927269765616,0.9354690998566471,0.5352676206903846,0.0,0.2262987012987013,0.1280768852951408
1657,111,100.0,111,0,111,0,0,0.0,3.5873278338100705,3.5357311557650366,8.909100999106007,2.7088446803581228,1.1518519648888739,1.9613875999727088,7.72972972972973,8.176242457702756,0.39603768041242726,0.0,0.0,0.0,0.0,0.0,0,0,0,0,0,0.0,0.27927927927927926,0.28223914696961055,0.25996808980042785,0.9202211074638169,0.5353939622439419,0.0,0.22629870129870128,0.12867749360338204
1658,111,100.0,111,0,111,0,0,0.0,3.560157370036031,3.509372954538644,8.339171025714455,2.7169108446959602,1.193397357899151,1.9712774075399626,7.72972972972973,8.176242457702756,0.3931945640645338,0.0,0.0,0.0,0.0,0.0,0,0,0,0,0,0.0,0.2882882882882883,0.27506711598289807,0.26748562683853766,0.9314007654958025,0.5337301593660364,0.0,0.19025974025974024,0.128871395861161
1659,110,99.09909909909909,111,1,110,0,0,0.009009009009009009,3.563768294454438,3.506023779660001,8.368426924809519,2.7245514330483624,1.2043465758301564,1.921676820788175,7.72972972972973,8.176242457702756,0.39574292972361524,0.999886815278511,0.008844874009890683,1.0,0.00011318472148902359,0.016971186784241032,0,1,0,0,0,1.0,0.2882882882882883,0.2780234810436759,0.2633536406427032,0.9220066014486064,0.5323241989012896,0.009009009009009009,0.2444805194805195,0.12920180699769673
1660,110,99.09909909909909,111,0,111,0,0,0.0,3.57819126774126,3.519844618301122,8.663713807467326,2.732018326098875,1.1953800816377864,1.9397335492914594,7.72972972972973,8.176242457702756,0.3956775612980925,0.0,0.0,0.0,0.0,0.0,0,0,0,0,0,0.0,0.3063063063063063,0.27971160797597555,0.2602372544821666,0.9277973069980802,0.5301110915851184,0.0,0.2444805194805195,0.1295791775040645
1661,110,99.09909909909909,111,0,111,0,0,0.0,3.5540294687763083,3.4973343833936,7.685841639733848,2.73740231476245,1.3056568269551205,2.0779016970766317,7.72972972972973,8.176242457702756,0.3857891715840842,0.0,0.0,0.0,0.0,0.0,0,0,0,0,0,0.0,0.2972972972972973,0.26248213835875783,0.27078233165168697,0.9290487269532524,0.5142845483745825,0.0,0.1724025974025974,0.1296784724927543
1662,110,99.09909909909909,111,0,111,0,0,0.0,3.536385481293481,3.48072780292523,7.481328567887235,2.7412598600325744,1.3362550863228537,2.1101797052843496,7.72972972972973,8.176242457702756,0.38345396684437705,0.0,0.0,0.0,0.0,0.0,0,0,0,0,0,0.0,0.27927927927927926,0.2589020530737401,0.2750782975387104,0.9438701049784541,0.5096281156621211,0.0,0.1724025974025974,0.12974795368244066
1663,110,99.09909909909909,111,0,111,0,0,0.0,3.5421734140373156,3.485559255375597,7.731273334605168,2.7451180280617535,1.317975176439998,2.114366275890696,7.72972972972973,8.176242457702756,0.3845220353844865,0.0,0.0,0.0,0.0,0.0,0,0,0,0,0,0.0,0.27927927927927926,0.2623358125874534,0.27684408153991585,0.9454912824277887,0.5113353980200537,0.0,0.20844155844155843,0.12993461993240546
1664,110,99.09909909909909,111,1,110,0,0,0.009009009009009009,3.5408947685486707,3.4918570960814135,7.740955177172367,2.7487016981119488,1.3201287494426375,2.1012190623225853,7.72972972972973,8.176242457702756,0.38371206251106327,0.9658449204013695,0.007247310550527939,1.0,0.03415507959863051,0.008217290796365573,0,1,0,0,0,1.0,0.2702702702702703,0.26096402596805207,0.24919504597438816,0.9501168910693631,0.5164785374240546,0.009009009009009009,0.1724025974025974,0.13007473148105625
1665,110,99.09909909909909,111,0,111,0,0,0.0,3.557513073344634,3.5086718894738516,7.889883835742649,2.753463199418237,1.3206323621384723,2.081227422595027,7.72972972972973,8.176242457702756,0.38469265781941364,0.0,0.0,0.0,0.0,0.0,0,0,0,0,0,0.0,0.27927927927927926,0.26246373400671963,0.23937107044875675,0.9452070652525184,0.5212960903406618,0.0,0.20844155844155843,0.13035247895075047
1666,110,99.09909909909909,111,0,111,0,0,0.0,3.5683700163508174,3.5187978012888412,8.426766754531236,2.758497724113934,1.2890111964902093,2.014600924054125,7.72972972972973,8.176242457702756,0.3900817084370114,0.0,0.0,0.0,0.0,0.0,0,0,0,0,0,0.0,0.2882882882882883,0.27205353128505144,0.22327009687687857,0.9404111875600946,0.5346291638604606,0.0,0.24448051948051952,0.13061258113863794
1667,110,99.09909909909909,111,0,111,0,0,0.0,3.5629393775566314,3.5139760349844473,8.367544521521614,2.7628052224208846,1.318130275183658,2.0547601964503555,7.72972972972973,8.176242457702756,0.38850130636284197,0.0,0.0,0.0,0.0,0.0,0,0,0,0,0,0.0,0.3063063063063063,0.2703272420210468,0.22492655984577353,0.9359372302710913,0.5328483239598923,0.0,0.24448051948051952,0.13076152369738586
1668,109,98.1981981981982,111,1,109,1,0,0.009009009009009009,3.6257199980037917,3.583415526180092,9.260980687750644,2.7708826129048707,1.279724549984409,1.9865507385204544,7.72972972972973,8.176242457702756,0.391209955399513,0.8171497698771193,0.004118159951289592,1.0,0.18285023012288065,0.01648177271129475,0,1,0,1,0,0.0,0.3063063063063063,0.27750268619569746,0.20703982005688534,0.9473448246112044,0.5287989174190317,0.009009009009009009,0.20844155844155843,0.13140564031473473
1669,110,99.09909909909909,111,0,111,0,0,0.0,3.6261725093962305,3.5850772790146865,8.603537132618635,2.7788282207580424,1.3244516534318436,1.9909919956588986,7.72972972972973,8.176242457702756,0.39072021914521726,0.0,0.0,0.0,0.0,0.0,0,0,0,0,0,0.0,0.3063063063063063,0.2706245372453783,0.2181113421663109,0.953603114024555,0.5281551440075032,0.0,0.20844155844155843,0.13173272895310373
1670,110,99.09909909909909,111,0,111,0,0,0.0,3.65888726997617,3.617479342842246,8.909611941528539,2.7882435934882728,1.3050448152203842,2.0206417174720137,7.72972972972973,8.176242457702756,0.39128866196490364,0.0,0.0,0.0,0.0,0.0,0,0,0,0,0,0.0,0.2972972972972973,0.2725430885693293,0.21427066069148412,0.9485900947967972,0.5300303148811081,0.0,0.20844155844155843,0.13228121460736345
1671,110,99.09909909909909,111,0,111,0,0,0.0,3.6485879976640514,3.607022321364794,8.790433944602347,2.796205149371902,1.328446151011295,2.0621536219992205,7.72972972972973,8.176242457702756,0.38932902293654914,0.0,0.0,0.0,0.0,0.0,0,0,0,0,0,0.0,0.27927927927927926,0.27047468733810387,0.20926690697077394,0.950415141680157,0.5272212400125241,0.0,0.20844155844155843,0.1325551963020284
1672,109,98.1981981981982,111,1,110,0,0,0.009009009009009009,3.686654024287327,3.6499869363821396,9.156048533814836,2.8060118956519338,1.3231138037611843,2.029631036740382,7.72972972972973,8.176242457702756,0.3931509368285322,0.9905963573385311,0.008453927329255331,1.0,0.00940364266146887,0.009702915438437376,0,1,0,0,0,1.0,0.2972972972972973,0.2753391973195916,0.20836925440059165,0.9558570750243611,0.5283588050777135,0.009009009009009009,0.1724025974025974,0.1331464381116783
1673,110,99.09909909909909,111,0,111,0,0,0.0,3.7487862443903204,3.7105098222817166,9.73119425711581,2.8192897832607535,1.303927647386481,2.0227346062410754,7.72972972972973,8.176242457702756,0.3990680781093403,0.0,0.0,0.0,0.0,0.0,0,0,0,0,0,0.0,0.2972972972972973,0.2832708113734539,0.21009700773746115,0.9622083168051414,0.5347602999459211,0.0,0.20844155844155843,0.13399991535427247
1674,110,99.09909909909909,111,0,111,0,0,0.0,3.7754793129124087,3.737009422633166,9.952652010679724,2.83321537584546,1.2820304702425238,1.9587133921140112,7.72972972972973,8.176242457702756,0.40098931985527586,0.0,0.0,0.0,0.0,0.0,0,0,0,0,0,0.0,0.2972972972972973,0.28572582796441093,0.2139143304015222,0.9772372860516481,0.5373786277024128,0.0,0.1724025974025974,0.13470267580358167
1675,109,98.1981981981982,111,1,110,0,0,0.009009009009009009,3.741202789888466,3.6983197139091413,9.145239936562682,2.8437418240167025,1.3251434675454443,1.9892198920911999,7.72972972972973,8.176242457702756,0.3979995805424821,0.9994095458643388,0.010308854819405968,1.0,0.000590454135661167,0.024767150118334413,0,1,0,0,0,1.0,0.2882882882882883,0.27741083708951086,0.22989409887925719,0.9772372860516481,0.5296034106325406,0.009009009009009009,0.1724025974025974,0.13496162715079454
1676,109,98.1981981981982,111,0,111,0,0,0.0,3.7968835069980162,3.751446785120219,9.96394226928288,2.8566125054724982,1.2527781015987156,1.9649398299747036,7.72972972972973,8.176242457702756,0.40167207563885743,0.0,0.0,0.0,0.0,0.0,0,0,0,0,0,0.0,0.2972972972972973,0.2856516577521625,0.22411392456594262,0.9707606802086244,0.5345939977904525,0.0,0.13636363636363635,0.1357661997972345
1677,110,99.09909909909909,111,0,111,0,0,0.0,3.8068543481267336,3.7592415166163837,10.141105012248405,2.8689407017233512,1.227406015719466,1.9617073919842138,7.72972972972973,8.176242457702756,0.406530205571801,0.0,0.0,0.0,0.0,0.0,0,0,0,0,0,0.0,0.3153153153153153,0.2920933617416631,0.24997564802408942,0.9747637934663471,0.5360009923195295,0.0,0.12272727272727271,0.13632004561094369
1678,110,99.09909909909909,111,0,111,0,0,0.0,3.779443543585224,3.7337093190974042,9.483570782892563,2.878590855258928,1.2829511437569867,2.0157182900740187,7.72972972972973,8.176242457702756,0.4016195664207929,0.0,0.0,0.0,0.0,0.0,0,0,0,0,0,0.0,0.3153153153153153,0.28272771511216316,0.24485153009357383,0.9752385792165393,0.5292999976251698,0.0,0.14967532467532468,0.13657750156354082
1679,110,99.09909909909909,111,0,111,0,0,0.0,3.809361458769896,3.763825121569719,10.004305448455082,2.889421861666472,1.2881404579884024,1.9985015940541124,7.72972972972973,8.176242457702756,0.4034159824872221,0.0,0.0,0.0,0.0,0.0,0,0,0,0,0,0.0,0.2972972972972973,0.2873950843134848,0.2300667485986727,0.9605810085376656,0.533632641176647,0.0,0.12272727272727271,0.13716987581170922
1680,111,100.0,111,0,111,0,0,0.0,3.8127867908746924,3.7667153203999986,10.382715365374983,2.8995563464606233,1.3035815892568174,2.019625062311271,7.72972972972973,8.176242457702756,0.4026996914525989,0.0,0.0,0.0,0.0,0.0,0,0,0,0,0,0.0,0.2972972972972973,0.2899001856825553,0.2260331876100283,0.9723935341814718,0.5300253056275074,0.0,0.1,0.13760131249653762
1681,111,100.0,111,0,111,0,0,0.0,3.8450240336096853,3.7987614874423925,10.56328949728286,2.910958349058796,1.313802318298516,2.030421515618904,7.72972972972973,8.176242457702756,0.4048049850530404,0.0,0.0,0.0,0.0,0.0,0,0,0,0,0,0.0,0.3153153153153153,0.2914900434510869,0.22212493871655722,0.9652616656098623,0.5351702500273694,0.0,0.1,0.13822862639894268
1682,111,100.0,111,0,111,0,0,0.0,3.8675129601719482,3.8209490828884727,10.684632984266132,2.922879385558872,1.278308451368621,1.9821341719855619,7.72972972972973,8.176242457702756,0.4058341514051116,0.0,0.0,0.0,0.0,0.0,0,0,0,0,0,0.0,0.2972972972972973,0.29230608509140815,0.21541975740488042,0.9449444646264211,0.5415252424244555,0.0,0.10032467532467533,0.1388284174556127
1683,111,100.0,111,0,111,0,0,0.0,3.8871010420057273,3.8405616621312766,10.895082705847354,2.935108586836112,1.2761643435836802,1.9923893602104306,7.72972972972973,8.176242457702756,0.4086478336118755,0.0,0.0,0.0,0.0,0.0,0,0,0,0,0,0.0,0.32432432432432434,0.2957611452982437,0.21404848108871827,0.9612752145670707,0.5455809719663127,0.0,0.11363636363636366,0.1394263024383154
1684,111,100.0,111,0,111,0,0,0.0,3.8862693774980666,3.8396271686240926,10.384436564807944,2.946276773802365,1.2849050079531503,2.026238227717958,7.72972972972973,8.176242457702756,0.40823050610033573,0.0,0.0,0.0,0.0,0.0,0,0,0,0,0,0.0,0.2882882882882883,0.29163611271785,0.2303851566822517,0.9782230060515585,0.5438098387275281,0.0,0.11363636363636366,0.1398787131380223
1685,111,100.0,111,0,110,1,0,0.0,3.9235286044580526,3.875917729274688,11.227147548324194,2.9589055861065696,1.262385266532444,1.9834212630727632,7.72972972972973,8.176242457702756,0.41226045542987366,0.6319946631857498,0.008493447432069777,1.0,0.3680053368142502,-0.051984549021685034,0,0,0,1,0,0.0,0.3153153153153153,0.3001729768100766,0.2225099189267339,0.9553184610282728,0.5510036560495105,0.0,0.14967532467532468,0.14058129042958223
1686,110,99.09909909909909,111,1,110,0,0,0.009009009009009009,3.928041392955691,3.8811044722728334,11.280969657323658,2.9707431335670207,1.2650596396373512,1.9876870526124273,7.72972972972973,8.176242457702756,0.4123217093757603,0.4382554328768425,0.00884517506301027,0.0,0.4382554328768425,-0.05707828188594122,0,1,0,0,0,0.0,0.3063063063063063,0.29986709863038197,0.22277363066634304,0.9723023414001363,0.5490415895920943,0.009009009009009009,0.11363636363636366,0.1410877876627765
1687,110,99.09909909909909,111,0,111,0,0,0.0,3.923679379134143,3.8764357647648624,11.349390141847273,2.981405401646448,1.281995806163688,1.9993682675092224,7.72972972972973,8.176242457702756,0.41355653711696716,0.0,0.0,0.0,0.0,0.0,0,0,0,0,0,0.0,0.35135135135135137,0.3015824779584243,0.21911841102364002,0.9735702775030635,0.5497639535933555,0.0,0.1724025974025974,0.14150186403850085
1688,110,99.09909909909909,111,0,111,0,0,0.0,3.926530904587184,3.879013541460832,12.088364446534646,2.9913645090543555,1.2605673860965911,2.0276970645082386,7.72972972972973,8.176242457702756,0.41380834486814533,0.0,0.0,0.0,0.0,0.0,0,0,0,0,0,0.0,0.32432432432432434,0.30794774747175857,0.2076850891005978,0.972631860785842,0.5524990738795544,0.0,0.14967532467532468,0.14192326204991285
1689,110,99.09909909909909,111,0,111,0,0,0.0,3.9204893907255727,3.873350678557727,11.550751899353893,3.0001389281731656,1.2993176804278992,2.061110845044401,7.72972972972973,8.176242457702756,0.41270554735593623,0.0,0.0,0.0,0.0,0.0,0,0,0,0,0,0.0,0.32432432432432434,0.30277477660219015,0.22035005365615018,0.9745924021000736,0.5477496320333038,0.0,0.14967532467532468,0.14225176337130924
1690,110,99.09909909909909,111,0,111,0,0,0.0,3.9064339503153054,3.8593220906343424,11.433172790982617,3.0072783204209608,1.3133318552344748,2.09375120800941,7.72972972972973,8.176242457702756,0.4117347104917761,0.0,0.0,0.0,0.0,0.0,0,0,0,0,0,0.0,0.3153153153153153,0.3016793660526008,0.22596193890850008,0.9780637437426215,0.5457244998865775,0.0,0.11785714285714287,0.142473353179351
1691,111,100.0,111,0,111,0,0,0.0,3.9244770263524056,3.877808621726878,11.570031821409401,3.015043181531885,1.3230664536066015,2.0999182142297403,7.72972972972973,8.176242457702756,0.41239373298784465,0.0,0.0,0.0,0.0,0.0,0,0,0,0,0,0.0,0.32432432432432434,0.3019583736045833,0.2197994130077158,0.9780637437426215,0.5439939584145983,0.0,0.11785714285714287,0.14288100549500302
1692,111,100.0,111,0,111,0,0,0.0,3.9264068817903595,3.8788828543817306,12.027459285916192,3.022243434265012,1.302679495605061,2.067300772636383,7.72972972972973,8.176242457702756,0.41564139173963,0.0,0.0,0.0,0.0,0.0,0,0,0,0,0,0.0,0.3063063063063063,0.3090084448014735,0.21849680254909004,0.982950399282509,0.5502573045265935,0.0,0.11363636363636366,0.1431850098327067
1693,111,100.0,111,0,111,0,0,0.0,3.943667049286715,3.8964881929847204,12.663412886956163,3.030006541012855,1.3063710258138626,2.061337873694118,7.72972972972973,8.176242457702756,0.4174303232473877,0.0,0.0,0.0,0.0,0.0,0,0,0,0,0,0.0,0.34234234234234234,0.3145249936795103,0.20903668697147074,0.978160810633175,0.5546177675582966,0.0,0.14967532467532468,0.14358867588516544
1694,111,100.0,111,0,111,0,0,0.0,3.9230497700386886,3.876046294010326,12.439769458194347,3.035797813952261,1.3315361976085283,2.0848625307784143,7.72972972972973,8.176242457702756,0.4147185360144918,0.0,0.0,0.0,0.0,0.0,0,0,0,0,0,0.0,0.32432432432432434,0.3112887154450046,0.21762730423062698,0.9719071342185721,0.5479537295019863,0.0,0.11363636363636366,0.14372234374738188
1695,110,99.09909909909909,111,1,110,0,0,0.009009009009009009,3.969863118273384,3.895618221552901,12.037278678598296,3.0441140476089483,1.254152947098469,1.8756328902488393,7.72972972972973,8.176242457702756,0.4175977934182775,0.9719084286115809,0.0035168956303443257,1.0,0.028091571388419112,0.03300595950215712,0,1,0,0,0,1.0,0.3333333333333333,0.3149201819095271,0.20956125713304996,0.9653064663182254,0.5525268036181878,0.009009009009009009,0.15454545454545454,0.1442963882021153
1696,109,98.1981981981982,111,1,110,0,0,0.009009009009009009,3.951817680802943,3.8898505864585005,11.371833826678738,3.0490302662535846,1.2981640399105214,1.9809112706067313,7.72972972972973,8.176242457702756,0.4112315263140134,0.999747784254623,0.009848223500108302,1.0,0.00025221574537703795,0.0036023980377311027,0,1,0,0,0,1.0,0.2882882882882883,0.3034705122904898,0.2214091091705537,0.9708969550041798,0.540891211369313,0.009009009009009009,0.1724025974025974,0.1444071419928312
1697,109,98.1981981981982,111,0,111,0,0,0.0,3.924897954203667,3.863988815773822,10.428464973105983,3.052477434368899,1.350690714664109,2.0183283029931918,7.72972972972973,8.176242457702756,0.40742141227941486,0.0,0.0,0.0,0.0,0.0,0,0,0,0,0,0.0,0.2882882882882883,0.29339827491524484,0.23539037256430806,0.9708969550041798,0.5355908237286501,0.0,0.1724025974025974,0.1444134677713512
1698,108,97.29729729729729,111,1,110,0,0,0.009009009009009009,3.920706921079158,3.8719432979988935,10.354485996494097,3.0553881670890317,1.3665449450164495,2.0354409813996877,7.72972972972973,8.176242457702756,0.40845292367050035,0.999999256429718,0.013807024132508935,1.0,7.435702820135504e-07,0.019378830788362222,0,1,0,0,0,1.0,0.32432432432432434,0.2931379909846792,0.2419909451063397,0.9512047138527173,0.5340508956216984,0.009009009009009009,0.1542207792207792,0.1445115068879755
1699,108,97.29729729729729,111,0,111,0,0,0.0,3.913875216113436,3.8651528980220657,10.136548664698267,3.0583916403664393,1.412990286186257,2.059392720328279,7.72972972972973,8.176242457702756,0.40632784575183667,0.0,0.0,0.0,0.0,0.0,0,0,0,0,0,0.0,0.2882882882882883,0.2895683786085726,0.24647256138892137,0.943633043127287,0.5282851364878659,0.0,0.11818181818181818,0.1446001339918035
1700,108,97.29729729729729,111,1,110,0,0,0.009009009009009009,3.9070127643771366,3.847422429478204,10.307991963578155,3.06076554437627,1.4373980738640055,2.08145945907684,7.72972972972973,8.176242457702756,0.4061378262065414,0.9999992264549551,0.008411323300361009,1.0,7.735450449075643e-07,0.0641794595292029,0,1,0,0,0,1.0,0.3063063063063063,0.29179124268941603,0.23298297825611758,0.9404145998833716,0.5319627902410956,0.009009009009009009,0.13636363636363635,0.14466286980690043
1701,109,98.1981981981982,111,0,111,0,0,0.0,3.890981955934212,3.8324845199466684,10.494412207608017,3.061192513610053,1.4180538523646382,2.07230555149639,7.72972972972973,8.176242457702756,0.405187425278583,0.0,0.0,0.0,0.0,0.0,0,0,0,0,0,0.0,0.3153153153153153,0.29362317729406767,0.21482835331562009,0.9578755977122342,0.5330566752754065,0.0,0.0685064935064935,0.14460017078457277
1702,109,98.1981981981982,111,0,111,0,0,0.0,3.872584438432482,3.813877598416704,10.086070701890522,3.0603674951894972,1.4384780504211427,2.0883036891313074,7.72972972972973,8.176242457702756,0.4030428846782037,0.0,0.0,0.0,0.0,0.0,0,0,0,0,0,0.0,0.2882882882882883,0.2891604186083033,0.22975695452678055,0.944551303517152,0.528493078104256,0.0,0.10032467532467533,0.1444744554438714
1703,110,99.09909909909909,111,0,111,0,0,0.0,3.9118815085292087,3.8526837867742607,10.85023005187086,3.0621482427142936,1.4401092411695078,2.0894909452611907,7.72972972972973,8.176242457702756,0.40625585008003484,0.0,0.0,0.0,0.0,0.0,0,0,0,0,0,0.0,0.2972972972972973,0.2961923483184649,0.20913082920964582,0.9392395652497325,0.5343311075090112,0.0,0.10032467532467533,0.1447437399119485
1704,110,99.09909909909909,111,0,111,0,0,0.0,3.951825008885084,3.892574025794926,11.251100805870808,3.066392610131332,1.4354956809699408,2.0720311027412235,7.72972972972973,8.176242457702756,0.4090246496897538,0.0,0.0,0.0,0.0,0.0,0,0,0,0,0,0.0,0.3153153153153153,0.29936320232720987,0.20722158959847853,0.9233412177654134,0.5440535949403832,0.0,0.08181818181818183,0.14511697229913428
1705,111,100.0,111,0,111,0,0,0.0,3.939679129330148,3.881889603716396,10.976377711981026,3.0695910803740816,1.4633654485576646,2.1010129046241035,7.72972972972973,8.176242457702756,0.4062918333520136,0.0,0.0,0.0,0.0,0.0,0,0,0,0,0,0.0,0.3063063063063063,0.2945134200903734,0.2064675805395701,0.9309604389133442,0.5478070048156772,0.0,0.10032467532467533,0.14518700024235195
1706,111,100.0,111,0,111,0,0,0.0,3.9394874530730615,3.881973780835107,11.265155784095302,3.0725335419551025,1.4666273340216829,2.106882210038121,7.72972972972973,8.176242457702756,0.40809151181743486,0.0,0.0,0.0,0.0,0.0,0,0,0,0,0,0.0,0.3153153153153153,0.29840705030916653,0.19841970250973973,0.9569458493872576,0.5533599154138348,0.0,0.13636363636363635,0.14530633325761103
1707,111,100.0,111,0,111,0,0,0.0,3.9375696681562444,3.8810919516823965,10.77622083548597,3.075177740351364,1.5124584896143949,2.1208909384730763,7.72972972972973,8.176242457702756,0.40365686569639436,0.0,0.0,0.0,0.0,0.0,0,0,0,0,0,0.0,0.3153153153153153,0.289738754455134,0.18655438909918826,0.9389315209987854,0.5471972271633818,0.0,0.13636363636363635,0.14540484236899745
1708,111,100.0,111,0,111,0,0,0.0,3.945943604365025,3.889093330211416,10.66869150070419,3.0781291123624768,1.5186446969078313,2.1209833132148344,7.72972972972973,8.176242457702756,0.40532193160553476,0.0,0.0,0.0,0.0,0.0,0,0,0,0,0,0.0,0.3333333333333333,0.290219627205482,0.19598903086490996,0.9293605418842767,0.5488196816650287,0.0,0.10032467532467533,0.14556736771577003
1709,111,100.0,111,0,111,0,0,0.0,3.923215637983713,3.8659260608435044,10.67131388289732,3.0793238033506527,1.50227426406988,2.1392500281825595,7.72972972972973,8.176242457702756,0.4082494660910707,0.0,0.0,0.0,0.0,0.0,0,0,0,0,0,0.0,0.3333333333333333,0.29450597585275007,0.20363337681479798,0.9291544900384502,0.5543181523358829,0.0,0.0685064935064935,0.14550256829977026
1710,111,100.0,111,0,111,0,0,0.0,3.9013873856673595,3.8451347108435874,10.024749833351338,3.0790608525580367,1.5569241717890152,2.1624250365176687,7.72972972972973,8.176242457702756,0.40392790320187677,0.0,0.0,0.0,0.0,0.0,0,0,0,0,0,0.0,0.34234234234234234,0.2856967087353689,0.21190359702571296,0.9499567376479052,0.5473921648541153,0.0,0.10032467532467533,0.14538267729101415
1711,110,99.09909909909909,111,1,110,0,0,0.009009009009009009,3.892427003256374,3.830321409999987,10.718165787556885,3.0782782792375927,1.5347259574587884,2.1787892546458734,7.72972972972973,8.176242457702756,0.40415588908542155,0.9999999999417917,0.007676942626824539,1.0,5.820832704728218e-11,0.05919293184715513,0,1,0,0,0,1.0,0.35135135135135137,0.29278889590691076,0.18893870665094464,0.9536883446638239,0.5617297419174122,0.009009009009009009,0.13636363636363635,0.1453058828329148
1712,109,98.1981981981982,111,1,110,0,0,0.009009009009009009,3.907243055504483,3.8407314749983064,11.106950439294424,3.0781210549879874,1.5185840089031013,2.1839090788028854,7.72972972972973,8.176242457702756,0.4059552260421424,0.9963636663915787,0.013314070165300467,1.0,0.003636333608421305,-0.02691486095040929,0,1,0,0,0,1.0,0.36036036036036034,0.29734073187579346,0.1880696598598667,0.9639253930010364,0.5671927796197165,0.009009009009009009,0.1185064935064935,0.14537353557623034
1713,109,98.1981981981982,111,0,111,0,0,0.0,3.868686802649612,3.8040598638744814,11.22912777524838,3.0752697405557994,1.5103288926798148,2.2055310328221385,7.72972972972973,8.176242457702756,0.40189838752660245,0.0,0.0,0.0,0.0,0.0,0,0,0,0,0,0.0,0.36936936936936937,0.29601779049757654,0.18372825709662075,0.9677574119116363,0.563150867692126,0.0,0.08246753246753248,0.1450641891213524
1714,109,98.1981981981982,111,0,111,0,0,0.0,3.896947049402293,3.8322021279994183,11.053139219436023,3.074492340303172,1.450008685286995,2.167292899991672,7.72972972972973,8.176242457702756,0.40136865682066913,0.0,0.0,0.0,0.0,0.0,0,0,0,0,0,0.0,0.34234234234234234,0.29259508661391187,0.19397873921779413,0.9785235712621501,0.5616788661357717,0.0,0.1185064935064935,0.145173709290355
1715,109,98.1981981981982,111,0,111,0,0,0.0,3.914173854114454,3.849633458214366,10.71389888050584,3.074918684437648,1.4799419964213245,2.1692172393121867,7.72972972972973,8.176242457702756,0.3992533455470717,0.0,0.0,0.0,0.0,0.0,0,0,0,0,0,0.0,0.34234234234234234,0.2871571137184658,0.19036932451543248,0.9785235712621501,0.5579338098128892,0.0,0.1185064935064935,0.1452772727789853
1716,109,98.1981981981982,111,1,110,0,0,0.009009009009009009,3.9453277752236042,3.893246047200857,11.25916972813251,3.077274836136784,1.4383583315125925,2.1032522039154364,7.72972972972973,8.176242457702756,0.4017785408288581,0.9996009093787004,0.011732712643610966,1.0,0.0003990906212996137,0.00954206623309406,0,1,0,0,0,1.0,0.3333333333333333,0.2916955508668167,0.19357627461251545,0.9657095779824387,0.555277847428776,0.009009009009009009,0.10032467532467532,0.14552936472232736
1717,109,98.1981981981982,111,1,109,0,1,0.009009009009009009,3.9003364524117883,3.84357498136743,9.883370217008109,3.077530542848308,1.5168449941349944,2.1701817771468224,7.72972972972973,8.176242457702756,0.39514047113546447,0.8068442050420713,0.01306857043647791,1.0,0.19315579495792867,-0.0015370972067321187,0,2,0,0,0,0.5,0.34234234234234234,0.27695263277378906,0.21767140221819573,0.9677574119116363,0.5442692500983008,0.009009009009009009,0.08246753246753248,0.14531486170862568
1718,108,97.29729729729729,111,2,109,0,0,0.018018018018018018,3.9005682136827877,3.8323940667031273,10.307262034628103,3.0773316049800887,1.5392925190409843,2.194693133002076,7.72972972972973,8.176242457702756,0.39756196227273444,0.9999858883119219,0.014463517289505682,1.0,1.4111688078022322e-05,0.032967468353163776,0,2,0,0,0,1.0,0.3063063063063063,0.28343050092590405,0.20935461068399175,0.9638933237404557,0.5508855485599767,0.018018018018018018,0.1185064935064935,0.14530788769375777
1719,108,97.29729729729729,111,0,111,0,0,0.0,3.878789370023115,3.8123737122524544,9.753669649117645,3.0750886462153884,1.5365106944505662,2.2146593577872777,7.72972972972973,8.176242457702756,0.39411027840875135,0.0,0.0,0.0,0.0,0.0,0,0,0,0,0,0.0,0.2972972972972973,0.27619397126273537,0.2166702933144629,0.9720633383343111,0.5479088313543036,0.0,0.11850649350649352,0.14510729860204533
1720,108,97.29729729729729,111,0,111,0,0,0.0,3.859635451146492,3.7931430834822795,10.178893836117386,3.0717712029300035,1.5347068530458936,2.220777465117665,7.72972972972973,8.176242457702756,0.39503863153373864,0.0,0.0,0.0,0.0,0.0,0,0,0,0,0,0.0,0.3333333333333333,0.2815015530305843,0.20216099872861493,0.9788885291518307,0.5512990633828628,0.0,0.11850649350649352,0.14487590790445729
1721,108,97.29729729729729,111,0,111,0,0,0.0,3.9021056600097186,3.8349585021688206,10.52843535541514,3.071460145864241,1.5021930375944288,2.196731575612537,7.72972972972973,8.176242457702756,0.39696835511104234,0.0,0.0,0.0,0.0,0.0,0,0,0,0,0,0.0,0.34234234234234234,0.2841103979425434,0.19292639716247353,0.9788885291518307,0.5561609686419542,0.0,0.11850649350649352,0.14507554255883415
1722,109,98.1981981981982,111,0,111,0,0,0.0,3.903194166069203,3.83542120300335,10.931299466112891,3.0712047868120256,1.467372169678493,2.1742365074171612,7.72972972972973,8.176242457702756,0.39868242218670846,0.0,0.0,0.0,0.0,0.0,0,0,0,0,0,0.0,0.3063063063063063,0.2887708143220898,0.18708336439917242,0.9706962336035256,0.5568823644364097,0.0,0.11850649350649352,0.14507054570150815
1723,111,100.0,111,0,111,0,0,0.0,3.9420396118159853,3.8731552747056495,11.781627260350044,3.0734384898882903,1.3992389651578319,2.097880828583098,7.72972972972973,8.176242457702756,0.40410488366604747,0.0,0.0,0.0,0.0,0.0,0,0,0,0,0,0.0,0.34234234234234234,0.29871005100928194,0.17028716793291238,0.9702255682778155,0.567472778971323,0.0,0.1405844155844156,0.14535608941989234
1724,110,99.09909909909909,111,1,110,0,0,0.009009009009009009,3.9328417167436163,3.8723657146916737,11.334150722849756,3.074972289223294,1.453289312989226,2.1104115384560647,7.72972972972973,8.176242457702756,0.39900274985862394,0.9994295449029303,0.007554566081411856,1.0,0.0005704550970696554,0.010160763176792598,0,1,0,0,0,1.0,0.32432432432432434,0.2902561672297009,0.1692250240887537,0.9697208618558281,0.5485978059419537,0.009009009009009009,0.17240259740259742,0.14537280352075277
1725,109,98.1981981981982,111,1,110,0,0,0.009009009009009009,3.948945830025116,3.8854900223509112,11.447009414408818,3.077906462640866,1.4338982904756696,2.073993320955455,7.72972972972973,8.176242457702756,0.39763282730342264,0.9702668724578605,0.004127602518007147,1.0,0.029733127542139526,0.030735966251640767,0,1,0,0,0,1.0,0.3153153153153153,0.2895896602651881,0.1671440718756379,0.966852505058305,0.5595694716084427,0.009009009009009009,0.17240259740259742,0.14557327665353537
1726,109,98.1981981981982,111,0,111,0,0,0.0,3.9805954188420665,3.9161894345551937,12.771178874455607,3.082407082251783,1.3726711838942864,1.9892711633601372,7.72972972972973,8.176242457702756,0.40380556227360365,0.0,0.0,0.0,0.0,0.0,0,0,0,0,0,0.0,0.3153153153153153,0.3044699198276789,0.1451092913186476,0.9772526418024761,0.5752435708529903,0.0,0.13636363636363635,0.14591551538336384
1727,109,98.1981981981982,111,0,110,1,0,0.0,4.007671688029128,3.9418447903359417,12.890422950705851,3.0882178355648295,1.3428091797760922,1.9602023463851272,7.72972972972973,8.176242457702756,0.40605590266954494,0.8337239976358053,0.008570733390643088,1.0,0.1662760023641947,0.04168707320068665,0,0,0,1,0,0.0,0.2972972972972973,0.30592233890622583,0.14374985256290987,0.9725771531508629,0.5814526266856732,0.0,0.1724025974025974,0.146288447369046
1728,108,97.29729729729729,111,1,110,0,0,0.009009009009009009,3.9875628291181195,3.9219045682587588,12.222001307756184,3.092305290373291,1.3966977879460676,2.0222953374788437,7.72972972972973,8.176242457702756,0.40224831885914347,0.8327778500145422,0.008907547627367642,1.0,0.1672221499854578,0.037746219643846946,0,1,0,0,0,0.0,0.32432432432432434,0.2980041818183347,0.1494552950828358,0.9717038017870613,0.5742251896092013,0.009009009009009009,0.19025974025974027,0.14635500318223535
1729,109,98.1981981981982,111,0,111,0,0,0.0,4.037397454247958,3.970753565163032,13.556632843540473,3.099197663408486,1.3117904651805137,1.9287879926839435,7.72972972972973,8.176242457702756,0.4067111229739244,0.0,0.0,0.0,0.0,0.0,0,0,0,0,0,0.0,0.3333333333333333,0.3094590152448334,0.1437224547659109,0.9740756794469236,0.5831023693665858,0.0,0.19025974025974024,0.146885944873108
1730,109,98.1981981981982,111,1,110,0,0,0.009009009009009009,4.072151733214014,4.002972198908823,13.56500343482622,3.1077998207029767,1.3554323824252155,1.9439965108403878,7.72972972972973,8.176242457702756,0.4058971092173205,0.7732678892424063,0.008699302202925824,1.0,0.2267321107575937,0.009097483980945231,0,1,0,0,0,0.0,0.3333333333333333,0.3071537124722631,0.14299474045456437,0.9638945834320478,0.5859174340548741,0.009009009009009009,0.19025974025974024,0.14741138288643352
1731,109,98.1981981981982,111,0,111,0,0,0.0,4.029090831114648,3.9622494662654444,13.762585509798367,3.112869070774967,1.3697669986549483,1.997436665786162,7.72972972972973,8.176242457702756,0.40131532556910465,0.0,0.0,0.0,0.0,0.0,0,0,0,0,0,0.0,0.32432432432432434,0.3070105476567953,0.14577203793387736,0.9605256238949405,0.5830908018205723,0.0,0.19025974025974024,0.14740331546427332
1732,109,98.1981981981982,111,0,111,0,0,0.0,4.052511356890552,3.9847538849703534,14.23099004937999,3.118995859339892,1.345447105714328,1.9891022822731939,7.72972972972973,8.176242457702756,0.40226329354855883,0.0,0.0,0.0,0.0,0.0,0,0,0,0,0,0.0,0.3153153153153153,0.3097000047921195,0.14280855381328092,0.9416786819260594,0.5854451141799947,0.0,0.2623376623376623,0.14777088863712237
1733,110,99.09909909909909,111,0,111,0,0,0.0,4.078666968184347,4.009411024297913,15.234005725883833,3.1262345288125206,1.2967064320914719,1.963021848059369,7.72972972972973,8.176242457702756,0.40413375951486863,0.0,0.0,0.0,0.0,0.0,0,0,0,0,0,0.0,0.3153153153153153,0.31712931886655904,0.14754900148181013,0.9415737538720823,0.5843693448400686,0.0,0.2623376623376623,0.14819759227698825
1734,110,99.09909909909909,111,0,111,0,0,0.0,4.113878699380811,4.044373989937374,15.917400449209453,3.1351682725912253,1.2882231105308009,1.9904506366908261,7.72972972972973,8.176242457702756,0.405799388392714,0.0,0.0,0.0,0.0,0.0,0,0,0,0,0,0.0,0.3063063063063063,0.32119741554524256,0.13995327999200546,0.9647189858029702,0.5881159146194113,0.0,0.19025974025974027,0.148738873208919
1735,110,99.09909909909909,111,1,110,0,0,0.009009009009009009,4.107276783332234,4.044833170262664,15.008565761315488,3.1429452900039854,1.3354242959095877,1.9971506942292434,7.72972972972973,8.176242457702756,0.40430857513115614,0.9999987856288316,0.010360981656658372,1.0,1.2143711684009517e-06,-0.000587567543348877,0,1,0,0,0,1.0,0.2882882882882883,0.313987461046348,0.1503246616269859,0.9575779191390319,0.5731208445545082,0.009009009009009009,0.2262987012987013,0.14902379752849862
1736,110,99.09909909909909,111,0,111,0,0,0.0,4.150516285622447,4.087119159987752,15.583089465226069,3.1533086804249684,1.3247602186015663,1.9844776214362359,7.72972972972973,8.176242457702756,0.4061979844366086,0.0,0.0,0.0,0.0,0.0,0,0,0,0,0,0.0,0.3153153153153153,0.31679959002956776,0.14365075904789018,0.9583616322215105,0.576023288810122,0.0,0.2262987012987013,0.14966366300377862
1737,109,98.1981981981982,111,1,110,0,0,0.009009009009009009,4.194051784005035,4.148523395930996,16.903455847388333,3.1656029436325235,1.305547970787045,2.048673367143366,7.72972972972973,8.176242457702756,0.411864832309343,0.9999999978597666,0.0059581931034154165,1.0,2.1402334349218677e-09,0.02091948624142481,0,1,0,0,0,1.0,0.3153153153153153,0.3276267613181694,0.14709022193978222,0.9525072385280889,0.5765606299431286,0.009009009009009009,0.24415584415584413,0.15038394487981052
1738,108,97.29729729729729,111,1,108,0,2,0.009009009009009009,4.189439719824382,4.135338186098028,16.584507224458978,3.1777896008628326,1.2972248167505334,2.0671898218602025,7.72972972972973,8.176242457702756,0.41142130766284346,0.9732693623462941,0.009581897224668711,1.0,0.026730637653705758,0.0414406531713177,0,3,0,0,0,0.6666666666666666,0.32432432432432434,0.3251673039120868,0.1532079542829706,0.9663684980811527,0.5694571495772555,0.009009009009009009,0.20811688311688312,0.15085908988022687
1739,108,97.29729729729729,111,0,111,0,0,0.0,4.208866828219451,4.155820680307031,16.036477374924498,3.189797798244027,1.3113558287359144,2.060842689418473,7.72972972972973,8.176242457702756,0.40648059294778793,0.0,0.0,0.0,0.0,0.0,0,0,0,0,0,0.0,0.32432432432432434,0.31620724190955357,0.15178729782093017,0.9553223204187795,0.566789410018664,0.0,0.2081168831168831,0.15144713508854515
1740,108,97.29729729729729,111,1,110,0,0,0.009009009009009009,4.207490746632298,4.155792260981163,15.153482906565822,3.200666794975539,1.3752799296895883,2.1159172544218725,7.72972972972973,8.176242457702756,0.4061491018245771,0.9999999999385274,0.012640994846782527,1.0,6.147260478428507e-11,0.01715061077643254,0,1,0,0,0,1.0,0.3153153153153153,0.31032859473454016,0.17354015240842138,0.9506034106808117,0.5531067894358607,0.009009009009009009,0.2081168831168831,0.15188459244335353
1741,107,96.3963963963964,111,1,110,0,0,0.009009009009009009,4.1711072547413375,4.133069854156634,14.669596097887064,3.208420240180542,1.405333194074804,2.1297942462902757,7.72972972972973,8.176242457702756,0.40525300979848167,0.9999553851142036,0.01005222689277257,1.0,4.461488579643458e-05,0.018027952760468313,0,1,0,0,0,1.0,0.3153153153153153,0.3078332875451358,0.17736347884227616,0.9536477277477934,0.547901416176576,0.009009009009009009,0.24415584415584413,0.15201964522329178
1742,107,96.3963963963964,111,1,109,0,1,0.009009009009009009,4.157465779595772,4.109729607030227,15.0566910535888,3.2155357612318602,1.3953859247569986,2.1313711883510584,7.72972972972973,8.176242457702756,0.40643578636033717,0.9816001996042235,0.011580444806554345,1.0,0.01839980039577649,0.016920897708262883,0,2,0,0,0,1.0,0.32432432432432434,0.3135925593802707,0.17975000827709878,0.9455276562440638,0.5442838887708421,0.009009009009009009,0.17207792207792208,0.1522423289742063
1743,108,97.29729729729729,111,0,111,0,0,0.0,4.162295268358637,4.115063621303833,14.738558337089849,3.221791824252625,1.415417741663682,2.1160165410041527,7.72972972972973,8.176242457702756,0.40768798914005555,0.0,0.0,0.0,0.0,0.0,0,0,0,0,0,0.0,0.32432432432432434,0.31229817729849246,0.18025938434794944,0.9476008799466376,0.5487747158821834,0.0,0.20811688311688312,0.1525222318584628
1744,108,97.29729729729729,111,0,111,0,0,0.0,4.192206514153441,4.144632685102511,14.479923542783652,3.2294704870714277,1.4096730049705224,2.0846150953584366,7.72972972972973,8.176242457702756,0.40653313260776835,0.0,0.0,0.0,0.0,0.0,0,0,0,0,0,0.0,0.32432432432432434,0.30772382313542573,0.17985400204476154,0.948245958978563,0.5504777931450217,0.0,0.17207792207792208,0.15298570113222423
1745,109,98.1981981981982,111,0,111,0,0,0.0,4.174234605402543,4.1269203189491455,13.281720972603638,3.2353627589992984,1.4807047625319,2.1415499176417803,7.72972972972973,8.176242457702756,0.3986431385720062,0.0,0.0,0.0,0.0,0.0,0,0,0,0,0,0.0,0.3153153153153153,0.29334324357894004,0.19491549874049435,0.9455079945870775,0.54004844302933,0.0,0.13603896103896104,0.15313672480801468
1746,110,99.09909909909909,111,0,111,0,0,0.0,4.165627195934321,4.119255544877185,12.29642970262944,3.2402719120785135,1.4879515412863127,2.1230255565137903,7.72972972972973,8.176242457702756,0.39533213745057694,0.0,0.0,0.0,0.0,0.0,0,0,0,0,0,0.0,0.32432432432432434,0.2835832682497952,0.19769810196031012,0.9421450990427289,0.5398085532917399,0.0,0.2081168831168831,0.15329437988986178
1747,111,100.0,111,0,111,0,0,0.0,4.163216539765253,4.11734390637887,12.813678160565507,3.244654640740522,1.4727836688622529,2.1016088530497967,7.72972972972973,8.176242457702756,0.3981871426147199,0.0,0.0,0.0,0.0,0.0,0,0,0,0,0,0.0,0.3333333333333333,0.2900847883309103,0.18661986548391155,0.9525410809529872,0.5513975320592771,0.0,0.20811688311688312,0.15346149786985097
1748,111,100.0,111,0,111,0,0,0.0,4.1739672978316085,4.128612534578454,12.90539675816402,3.249416107171466,1.460245037326993,2.1029652523020728,7.72972972972973,8.176242457702756,0.3967476001360557,0.0,0.0,0.0,0.0,0.0,0,0,0,0,0,0.0,0.32432432432432434,0.28938556697344736,0.18140971152239313,0.9455881719172802,0.5522285662861948,0.0,0.24415584415584415,0.1537099061801508
1749,111,100.0,111,0,111,0,0,0.0,4.225213233188429,4.1795486441274745,13.038044676143501,3.257119992414673,1.4687104478814756,2.086920611737024,7.72972972972973,8.176242457702756,0.40031215223230454,0.0,0.0,0.0,0.0,0.0,0,0,0,0,0,0.0,0.2972972972972973,0.2915998960146411,0.18013807408462865,0.9507974631245265,0.5588237502422384,0.0,0.24415584415584415,0.1542810800250088
1750,110,99.09909909909909,111,1,110,0,0,0.009009009009009009,4.227311172310439,4.183104121483762,13.218701918760903,3.26434753047783,1.4334872907941507,2.0503557022774106,7.72972972972973,8.176242457702756,0.40054608012357984,0.9945661680524083,0.006261208380293249,1.0,0.005433831947591727,0.05179610168889193,0,1,0,0,0,1.0,0.3333333333333333,0.29256661909624554,0.1652962225071515,0.9414923692003385,0.567449328023237,0.009009009009009009,0.24415584415584415,0.1545870402385021
1751,109,98.1981981981982,111,1,110,0,0,0.009009009009009009,4.24081227052518,4.194562245778861,13.401809873621138,3.272021939552378,1.4475864440401656,2.0569347461268728,7.72972972972973,8.176242457702756,0.39964401332087807,0.9999999999417917,0.010958427479549254,1.0,5.820832704728218e-11,0.01774640173757458,0,1,0,0,0,1.0,0.3153153153153153,0.29231489862799653,0.16613702492574156,0.9433405183338619,0.5671054650405585,0.009009009009009009,0.24415584415584415,0.15496828487614128
1752,108,97.29729729729729,111,1,110,0,0,0.009009009009009009,4.187430823717824,4.136047575241156,12.024106328760396,3.2754544061927104,1.5207256604656672,2.173298600915277,7.72972972972973,8.176242457702756,0.39393463048100874,0.9999924880356021,0.011796997128239102,1.0,7.511964397854953e-06,-0.00045920930286569295,1,0,0,0,0,1.0,0.3063063063063063,0.2796831296881545,0.16976515660897867,0.954180151529701,0.5597142681536833,0.009009009009009009,0.19448051948051948,0.15484170103950118
1753,108,97.29729729729729,111,0,111,0,0,0.0,4.204170218646842,4.15295442656175,12.278309624184402,3.2792898108097566,1.4840666310545774,2.1424578435666577,7.72972972972973,8.176242457702756,0.39659830500469906,0.0,0.0,0.0,0.0,0.0,0,0,0,0,0,0.0,0.3153153153153153,0.283470745745234,0.17337906848256174,0.952609247708668,0.5695942503638505,0.0,0.2262987012987013,0.15508219400450807
1754,108,97.29729729729729,111,0,111,0,0,0.0,4.193249675850222,4.143328351944309,12.246821936444864,3.2821819824861738,1.5082158174204372,2.139415409961877,7.72972972972973,8.176242457702756,0.39464074085729717,0.0,0.0,0.0,0.0,0.0,0,0,0,0,0,0.0,0.3153153153153153,0.2818729597955811,0.1647133567232072,0.9487879646620463,0.5716001341546123,0.0,0.2623376623376623,0.15514582677480343
1755,109,98.1981981981982,111,0,111,0,0,0.0,4.207088303846295,4.157127773451523,12.129134289407403,3.2857403025221865,1.5048508821337125,2.1461015927271667,7.72972972972973,8.176242457702756,0.3945694874048089,0.0,0.0,0.0,0.0,0.0,0,0,0,0,0,0.0,0.3333333333333333,0.2804018044033329,0.16568749766719967,0.9475050273174328,0.5738492932658046,0.0,0.26233766233766237,0.1553604883515665
1756,110,99.09909909909909,111,0,111,0,0,0.0,4.272039884289141,4.220257469811027,13.323315112628215,3.2931369953143657,1.4366919878118247,2.0848033044283514,7.72972972972973,8.176242457702756,0.39916224017465196,0.0,0.0,0.0,0.0,0.0,0,0,0,0,0,0.0,0.32432432432432434,0.290114246507984,0.16447921932588333,0.95894350699852,0.5748265813902105,0.0,0.2623376623376623,0.1559876320220507
1757,110,99.09909909909909,111,1,110,0,0,0.009009009009009009,4.22862723833678,4.178344963203915,12.401427507441653,3.297169112229067,1.505078000414015,2.1335350531383654,7.72972972972973,8.176242457702756,0.39830423908093215,0.5381682680789506,0.00777697726069607,1.0,0.4618317319210494,-0.04253700086778367,0,1,0,0,0,0.0,0.3333333333333333,0.2851929315543225,0.18472927217152768,0.94640454312045,0.5713938412091317,0.009009009009009009,0.2623376623376623,0.15593540661985092
1758,110,99.09909909909909,111,0,111,0,0,0.0,4.255368266937636,4.203683201745431,13.154518459714026,3.302547235955476,1.5041370152361433,2.1191677382454635,7.72972972972973,8.176242457702756,0.40097778298279785,0.0,0.0,0.0,0.0,0.0,0,0,0,0,0,0.0,0.3153153153153153,0.292647566368352,0.18802553475850806,0.9466212526433633,0.5675913180803437,0.0,0.2623376623376623,0.15628897598062844
1759,110,99.09909909909909,111,0,111,0,0,0.0,4.307839495510411,4.255857919226554,13.382826865286116,3.3108983763686406,1.4689316832112391,2.0843283700696995,7.72972972972973,8.176242457702756,0.4037068142798881,0.0,0.0,0.0,0.0,0.0,0,0,0,0,0,0.0,0.3153153153153153,0.29449123321255205,0.19046444795143258,0.9542847593084753,0.57281239936495,0.0,0.2623376623376623,0.15689273686757407
1760,109,98.1981981981982,111,2,109,0,0,0.018018018018018018,4.313250965874724,4.262365612790486,13.123108374004921,3.3190395250566405,1.529033036032672,2.147582418494707,7.72972972972973,8.176242457702756,0.4030871181232598,0.6171522319315556,0.006979172302253748,0.5,0.11716634924176927,-0.05929577003449421,0,2,0,0,0,0.5,0.3153153153153153,0.2917987082537852,0.18446755555656263,0.9452638688325294,0.5715660461641712,0.018018018018018018,0.2623376623376623,0.15725261424718212
1761,109,98.1981981981982,111,0,110,1,0,0.0,4.289187780612924,4.238646721599055,13.182853449499358,3.324916432527749,1.5683545959897385,2.1637879437179617,7.72972972972973,8.176242457702756,0.4012916425191215,0.20982868171217456,0.005601301936836934,0.0,0.20982868171217456,-0.052576682311586076,0,0,0,1,0,0.0,0.32432432432432434,0.2916901489096777,0.16965783947014312,0.9335855622486245,0.5692589845029151,0.0,0.2623376623376623,0.15737255342279943
1762,108,97.29729729729729,111,1,109,1,0,0.009009009009009009,4.254986156707448,4.19857099837754,12.22015029156227,3.328139470580904,1.6461985560880468,2.1880850187507,7.72972972972973,8.176242457702756,0.39611791336575775,0.6757739768977008,0.007207606434682003,0.5,0.17577397695593558,0.0025833205324352626,0,1,0,1,0,0.5,0.3063063063063063,0.2821712256185384,0.1701536675434484,0.9387924168085301,0.5664386111144567,0.009009009009009009,0.2983766233766234,0.15733330700613704
1763,108,97.29729729729729,111,0,111,0,0,0.0,4.178343744548839,4.123996536624649,10.62467245743117,3.3257730827610623,1.7088570961818383,2.2555418370431233,7.72972972972973,8.176242457702756,0.3910676564867588,0.0,0.0,0.0,0.0,0.0,0,0,0,0,0,0.0,0.3153153153153153,0.26858960015368255,0.19073011734667286,0.9386617095876979,0.5551158577724402,0.0,0.26233766233766237,0.1568533541425241
1764,108,97.29729729729729,111,0,111,0,0,0.0,4.206808147957463,4.151646864166963,11.572261013418018,3.3254087828030254,1.6739216984458027,2.2510947226024234,7.72972972972973,8.176242457702756,0.39387082868113565,0.0,0.0,0.0,0.0,0.0,0,0,0,0,0,0.0,0.32432432432432434,0.27705063161843596,0.18020448084935622,0.9382450269591216,0.5624087028161585,0.0,0.2983766233766234,0.15698078313564603
1765,110,99.09909909909909,111,0,111,0,0,0.0,4.228074082324212,4.171319475788427,12.484810982636073,3.3263610532319783,1.6433659630061597,2.248744748595927,7.72972972972973,8.176242457702756,0.398500232086044,0.0,0.0,0.0,0.0,0.0,0,0,0,0,0,0.0,0.3063063063063063,0.28673908020829036,0.17063317604965386,0.9351646343578751,0.5695078944149105,0.0,0.2983766233766234,0.15712604277704187
1766,110,99.09909909909909,111,0,111,0,0,0.0,4.229770034008867,4.173023426010832,11.426148992100991,3.3273469190030402,1.6507471204141935,2.2111865430199975,7.72972972972973,8.176242457702756,0.39547108664139574,0.0,0.0,0.0,0.0,0.0,0,0,0,0,0,0.0,0.32432432432432434,0.27655708456816824,0.19401196376551344,0.9386617095876979,0.5626283066791538,0.0,0.26233766233766237,0.1571748259233399
1767,111,100.0,111,0,111,0,0,0.0,4.256639644736849,4.199401183107026,10.888413866430474,3.3299775454984237,1.6811523068632754,2.24089055757368,7.72972972972973,8.176242457702756,0.3940909653439817,0.0,0.0,0.0,0.0,0.0,0,0,0,0,0,0.0,0.3063063063063063,0.2699054611695229,0.21346773293756655,0.9213548297305558,0.5565334385189562,0.0,0.2983766233766234,0.15741671717718936
1768,111,100.0,111,0,111,0,0,0.0,4.235824911735808,4.179314311854462,10.935978523655338,3.331079204556767,1.7040244919976133,2.2822296751156608,7.72972972972973,8.176242457702756,0.39303670902404364,0.0,0.0,0.0,0.0,0.0,0,0,0,0,0,0.0,0.32432432432432434,0.27042851307669363,0.20961924584171737,0.9211555399863006,0.5582878106085915,0.0,0.2983766233766234,0.15735768067001785
1769,111,100.0,111,0,111,0,0,0.0,4.241506652652888,4.184341727644732,11.267271147527751,3.3324196322629396,1.71011217321012,2.300603513894534,7.72972972972973,8.176242457702756,0.3926358897187472,0.0,0.0,0.0,0.0,0.0,0,0,0,0,0,0.0,0.32432432432432434,0.27262737301849227,0.21079470551882476,0.9271074784327289,0.5580515022563542,0.0,0.2983766233766234,0.1574408876842167
1770,111,100.0,111,0,111,0,0,0.0,4.229687339550045,4.172732418678773,11.253913223836335,3.332891099150907,1.7172769900893066,2.3222069751526053,7.72972972972973,8.176242457702756,0.3945534272299991,0.0,0.0,0.0,0.0,0.0,0,0,0,0,0,0.0,0.32432432432432434,0.2741592011099042,0.20801886568201156,0.9267031925520703,0.5626676201699953,0.0,0.26233766233766237,0.1574010652566365
1771,111,100.0,111,0,111,0,0,0.0,4.234807426327442,4.176866510065887,10.743460155487984,3.3335944284311942,1.7504122067717893,2.339438248342166,7.72972972972973,8.176242457702756,0.3947952825593912,0.0,0.0,0.0,0.0,0.0,0,0,0,0,0,0.0,0.3153153153153153,0.2706501635905226,0.22324109932889397,0.9264847854634212,0.5575753550031417,0.0,0.26233766233766237,0.15745541864413962
1772,111,100.0,111,0,111,0,0,0.0,4.279996938124906,4.221092598315562,11.192059278425754,3.3371330775681303,1.6922865927910213,2.2696685646540273,7.72972972972973,8.176242457702756,0.4000280267491916,0.0,0.0,0.0,0.0,0.0,0,0,0,0,0,0.0,0.3333333333333333,0.2765172311172655,0.22999402341994646,0.9365334010884939,0.5638983021703056,0.0,0.2623376623376623,0.1578260304697086
1773,111,100.0,111,0,111,0,0,0.0,4.273752426202567,4.214777755377826,11.011246558321806,3.339969344676372,1.6823638061518382,2.259131129395977,7.72972972972973,8.176242457702756,0.4022266909443415,0.0,0.0,0.0,0.0,0.0,0,0,0,0,0,0.0,0.35135135135135137,0.27740995765905124,0.23440352109436052,0.9365334010884939,0.5679506941126811,0.0,0.2623376623376623,0.15791075794785583
1774,111,100.0,111,0,111,0,0,0.0,4.236050793030293,4.178196144033233,10.6801377461743,3.3401809107183222,1.695189413897533,2.2664829954045955,7.72972972972973,8.176242457702756,0.39997727357575674,0.0,0.0,0.0,0.0,0.0,0,0,0,0,0,0.0,0.3333333333333333,0.2739927784228822,0.23423966775332378,0.9365334010884939,0.5640539004997733,0.0,0.2623376623376623,0.1577308988582685
1775,111,100.0,111,0,111,0,0,0.0,4.2696015853898786,4.211114171699068,10.972421624512219,3.342528344811125,1.6655255720055444,2.262503727747432,7.72972972972973,8.176242457702756,0.40127204338019595,0.0,0.0,0.0,0.0,0.0,0,0,0,0,0,0.0,0.34234234234234234,0.2761304739443837,0.23731876935705704,0.9367518081771431,0.5668370923547422,0.0,0.2623376623376623,0.15799461877154758
1776,111,100.0,111,0,111,0,0,0.0,4.284588425785817,4.22476245313522,11.066050107463232,3.34557658026619,1.6770557661852368,2.287507425876335,7.72972972972973,8.176242457702756,0.4017741404525341,0.0,0.0,0.0,0.0,0.0,0,0,0,0,0,0.0,0.34234234234234234,0.2769253737283781,0.2420941464527917,0.9065136917458918,0.5657315060041077,0.0,0.3344155844155844,0.15819416853427118
1777,111,100.0,111,0,111,0,0,0.0,4.2780597149858375,4.218287213640646,11.097677241566759,3.3479520395751323,1.6550187848573035,2.264526546023034,7.72972972972973,8.176242457702756,0.40232610852826745,0.0,0.0,0.0,0.0,0.0,0,0,0,0,0,0.0,0.3153153153153153,0.2777518427682986,0.2328288109143316,0.9088426692754039,0.56809350167692,0.0,0.3344155844155844,0.15825863663656287
1778,111,100.0,111,0,111,0,0,0.0,4.2932813137623205,4.232782181822591,11.20784260818569,3.3510813905656702,1.6447417981419095,2.2484110051780415,7.72972972972973,8.176242457702756,0.40318522437849613,0.0,0.0,0.0,0.0,0.0,0,0,0,0,0,0.0,0.3153153153153153,0.27882261655684515,0.23033866355265173,0.9080688092175265,0.5723211450099687,0.0,0.2983766233766234,0.15846267629261473
1779,110,99.09909909909909,111,1,110,0,0,0.009009009009009009,4.300526578837905,4.2455444766956685,11.393138490956915,3.3544663280412097,1.6666694342601955,2.2755160211354704,7.72972972972973,8.176242457702756,0.40179155341949446,0.9999872031331549,0.005222218449387229,1.0,1.2796866845077304e-05,0.038948556963122494,0,1,0,0,0,1.0,0.3333333333333333,0.2781625805387052,0.22980187765591334,0.8892025683807417,0.563923038153515,0.009009009009009009,0.31623376623376626,0.15863728296551352
1780,110,99.09909909909909,111,0,111,0,0,0.0,4.268553387329342,4.214483959631377,11.375766849312042,3.355866169402924,1.679539781204851,2.2839859347930966,7.72972972972973,8.176242457702756,0.401673450681844,0.0,0.0,0.0,0.0,0.0,0,0,0,0,0,0.0,0.3153153153153153,0.2791851693912773,0.22103167145864178,0.8902570877312515,0.5666775175814478,0.0,0.3522727272727273,0.1585346442198492
1781,110,99.09909909909909,111,0,111,0,0,0.0,4.289063881023059,4.234968673722848,11.226980411135985,3.3584914602535907,1.6702264976835781,2.280909164219674,7.72972972972973,8.176242457702756,0.39773343938390804,0.0,0.0,0.0,0.0,0.0,0,0,0,0,0,0.0,0.32432432432432434,0.27337401758421026,0.21725700924214422,0.9032651975074539,0.5616182925824286,0.0,0.3522727272727273,0.15874452176090298
1782,110,99.09909909909909,111,0,111,0,0,0.0,4.27884820085222,4.22595975006,11.091246607048424,3.3603128278058834,1.6431067428928043,2.2508878593153594,7.72972972972973,8.176242457702756,0.3963386299496299,0.0,0.0,0.0,0.0,0.0,0,0,0,0,0,0.0,0.27927927927927926,0.2711625683785402,0.2036125816337401,0.9093754588266278,0.5611135739788059,0.0,0.31623376623376626,0.15876790307360947
1783,110,99.09909909909909,111,0,111,0,0,0.0,4.243927920524399,4.191722733480795,10.871788132765955,3.3597458347424145,1.6388172617829686,2.258186615219637,7.72972972972973,8.176242457702756,0.39494169783077626,0.0,0.0,0.0,0.0,0.0,0,0,0,0,0,0.0,0.2882882882882883,0.26973009427101585,0.199330331058367,0.8938072527306968,0.5583090976736123,0.0,0.2928571428571428,0.15857012230817658
1784,111,100.0,111,0,111,0,0,0.0,4.2492930833039555,4.19741296157416,11.208712608643705,3.3595973978827818,1.65463662504548,2.283006733287414,7.72972972972973,8.176242457702756,0.3958833880316748,0.0,0.0,0.0,0.0,0.0,0,0,0,0,0,0.0,0.3333333333333333,0.27314534560008014,0.20308985793607492,0.8939813319356805,0.5576186422277603,0.0,0.31623376623376626,0.15859087984330428
1785,111,100.0,111,0,111,0,0,0.0,4.283427259664313,4.231605009612848,11.859465206830087,3.361697597379807,1.6322063503339468,2.2747387673928747,7.72972972972973,8.176242457702756,0.3991562316902473,0.0,0.0,0.0,0.0,0.0,0,0,0,0,0,0.0,0.3153153153153153,0.28006181784908,0.19661902446469676,0.8938072527306968,0.5676719589789457,0.0,0.2928571428571428,0.15884740942659217
1786,111,100.0,111,0,111,0,0,0.0,4.273839004571453,4.2220422572349845,11.645333680814739,3.363000580417824,1.6220085754594677,2.2720354283271926,7.72972972972973,8.176242457702756,0.39801993390606283,0.0,0.0,0.0,0.0,0.0,0,0,0,0,0,0.0,0.2882882882882883,0.27768614384157614,0.19961567767971114,0.8885281977295093,0.5699413673667278,0.0,0.31623376623376626,0.1588527356773134
1787,111,100.0,111,0,111,0,0,0.0,4.26753640635865,4.216319480268527,11.411391412722033,3.363822701907398,1.6485521093533348,2.2748420238435707,7.72972972972973,8.176242457702756,0.3979505218858026,0.0,0.0,0.0,0.0,0.0,0,0,0,0,0,0.0,0.3063063063063063,0.27610913382311786,0.20709913887755524,0.8910794973431371,0.563083675310961,0.0,0.2928571428571428,0.1588548320093916
1788,110,99.09909909909909,111,1,110,0,0,0.009009009009009009,4.258198311326114,4.207349687705405,11.375633389336752,3.363997489208197,1.667886046501988,2.3674280980278355,7.72972972972973,8.176242457702756,0.39748401420238055,0.8251664122068438,0.0025311271067606084,1.0,0.17483358779315616,-0.028005495372854794,0,1,0,0,0,0.0,0.2972972972972973,0.27689299240183746,0.20047607137631693,0.8653297380880995,0.5630326282460099,0.009009009009009009,0.3344155844155844,0.15881528705097825
1789,110,99.09909909909909,111,0,110,1,0,0.0,4.292010602061563,4.240057926212719,12.16308443427996,3.366290831334858,1.643543057426121,2.314532371760491,7.72972972972973,8.176242457702756,0.4017808558497331,0.4873113089389678,0.013096120428918178,0.0,0.4873113089389678,-0.08455069531219861,0,0,0,1,0,0.0,0.2972972972972973,0.28490591974901164,0.1921625532439369,0.8632865377490959,0.5720768459324758,0.0,0.3344155844155844,0.1590781031109857
1790,110,99.09909909909909,111,0,110,1,0,0.0,4.283089330153929,4.231411982901559,12.178271664015568,3.3678311336185582,1.6659801680982178,2.319007713415053,7.72972972972973,8.176242457702756,0.4030144464840184,0.8028823136336416,0.009173157820485937,1.0,0.1971176863663584,-0.008397098021128313,0,0,0,1,0,0.0,0.3153153153153153,0.2863337042686286,0.18783952640562096,0.8841103155245544,0.5713645208286634,0.0,0.3344155844155844,0.15909646617609594
1791,110,99.09909909909909,111,0,110,1,0,0.0,4.33522263940893,4.282161570920284,13.056220287749374,3.372565024543118,1.6068330410650762,2.2794941055452314,7.72972972972973,8.176242457702756,0.40832581913542376,0.559971543205174,0.0058639744725756246,1.0,0.44002845679482605,-0.03936772548012657,0,0,0,1,0,0.0,0.3063063063063063,0.2951126890783568,0.1827093250326937,0.8687424751058253,0.5833113232198811,0.0,0.311038961038961,0.15955065992220857
1792,109,98.1981981981982,111,1,110,0,0,0.009009009009009009,4.325253155933615,4.271036587023919,12.771240880265902,3.376346165677352,1.6000306123222285,2.294800291292548,7.72972972972973,8.176242457702756,0.4064497214029976,0.5507821190503451,0.005405404049131911,1.0,0.44921788094965487,-0.04754269117246168,0,1,0,0,0,0.0,0.32432432432432434,0.2922448698467881,0.17812539024240906,0.8667982627068893,0.5898992494827244,0.009009009009009009,0.3165584415584416,0.15965539013823343
1793,110,99.09909909909909,111,1,110,0,0,0.009009009009009009,4.323008201420437,4.261015303044339,12.880051324328514,3.3795306255700797,1.5952973318276509,2.2849269449375047,7.72972972972973,8.176242457702756,0.40808925351937075,0.5984018459648877,0.0073169333748975985,1.0,0.40159815403511234,-0.052423839169875475,0,1,0,0,0,0.0,0.3333333333333333,0.294945875197367,0.18133497969896034,0.8870985470739103,0.5870441540322601,0.009009009009009009,0.2931818181818182,0.1597743499465664
1794,109,98.1981981981982,111,1,110,0,0,0.009009009009009009,4.314448890737436,4.250561636818059,11.907479958685407,3.3814478807981145,1.6166106627114885,2.2554457284962646,7.72972972972973,8.176242457702756,0.40138987406556703,0.9739544159778787,0.013755219306172432,1.0,0.026045584022121315,-0.05584591093920288,0,1,0,0,0,1.0,0.3333333333333333,0.2815935586450549,0.1906928133141324,0.9014766051130171,0.5745048171007514,0.009009009009009009,0.3165584415584416,0.15980993311113995
1795,109,98.1981981981982,111,0,111,0,0,0.0,4.279581507498572,4.218666425487004,11.113902348345677,3.380915219826824,1.6085042837759649,2.2353018543260244,7.72972972972973,8.176242457702756,0.3987309164753803,0.0,0.0,0.0,0.0,0.0,0,0,0,0,0,0.0,0.3153153153153153,0.2741735109540713,0.19716437342698367,0.9040141070628949,0.5698378247961078,0.0,0.28051948051948056,0.15961382036870053
1796,109,98.1981981981982,111,0,111,0,0,0.0,4.310337962926756,4.2497975753077135,11.380786289690441,3.3824623971393937,1.609122237793783,2.2894210890510323,7.72972972972973,8.176242457702756,0.39834346607947824,0.0,0.0,0.0,0.0,0.0,0,0,0,0,0,0.0,0.34234234234234234,0.2739445643226407,0.18609371577176811,0.8955468938580425,0.5697927669705782,0.0,0.25714285714285723,0.15983085313000456
1797,109,98.1981981981982,111,0,111,0,0,0.0,4.326423389527452,4.26401781171263,12.128899197109751,3.384813218288857,1.5843486581937571,2.2624963062303016,7.72972972972973,8.176242457702756,0.40240227808552276,0.0,0.0,0.0,0.0,0.0,0,0,0,0,0,0.0,0.3333333333333333,0.2823889771609776,0.17639530010998433,0.896083708339413,0.5769213319087876,0.0,0.28051948051948056,0.16000738468147155
1798,110,99.09909909909909,111,0,111,0,0,0.0,4.35244061486067,4.289600102481368,12.573397765796397,3.3886451666969832,1.5096480013873452,2.200890883634138,7.72972972972973,8.176242457702756,0.4053442919047454,0.0,0.0,0.0,0.0,0.0,0,0,0,0,0,0.0,0.32432432432432434,0.2876670020752946,0.18113089359118456,0.9040804070256221,0.5841121618766639,0.0,0.25714285714285723,0.1602941255044889
1799,110,99.09909909909909,111,1,110,0,0,0.009009009009009009,4.335680810852963,4.2725049279056,11.553386367136518,3.391147841218594,1.598872115313875,2.2183792919535645,7.72972972972973,8.176242457702756,0.4015788297734153,0.7279443224173576,0.0033306863177446668,1.0,0.2720556775826424,0.05611126535943556,0,1,0,0,0,0.0,0.32432432432432434,0.2778941058603774,0.2013347958964437,0.8870985470739103,0.5710543649052938,0.009009009009009009,0.2931818181818182,0.1603126388528574
1800,109,98.1981981981982,111,1,110,0,0,0.009009009009009009,4.405504485518172,4.354931825672094,12.26157639235772,3.3977944906099,1.543115357983867,2.2391245071419363,7.72972972972973,8.176242457702756,0.4049838585104546,0.9147447094240018,0.009439650997423107,1.0,0.08525529057599823,0.006267524443329675,0,1,0,0,0,0.0,0.2972972972972973,0.2833442789233909,0.20905297152382835,0.8851961125710357,0.5708801055005198,0.009009009009009009,0.29740259740259734,0.16093348031095672
1801,107,96.3963963963964,111,2,108,1,0,0.018018018018018018,4.393767571806639,4.331103593862295,11.909489578922962,3.4041106344927594,1.6063187938428558,2.303369344419623,7.72972972972973,8.176242457702756,0.40211302563510043,0.8242624852691657,0.008827139550621282,0.6666666666666666,0.15759581889635,0.03496046811283623,0,2,0,1,0,0.6666666666666666,0.3063063063063063,0.27924875499296975,0.20391710142918615,0.875927714623992,0.566647383584242,0.018018018018018018,0.29740259740259734,0.16113300736131905
1802,107,96.3963963963964,111,0,111,0,0,0.0,4.427347771993637,4.365271294569552,12.965874716706066,3.4113144274725924,1.5889392934046216,2.2602520861725552,7.72972972972973,8.176242457702756,0.4029952103314356,0.0,0.0,0.0,0.0,0.0,0,0,0,0,0,0.0,0.27927927927927926,0.28607706811958183,0.18023179280438767,0.8976324768438179,0.5760537536017486,0.0,0.28474025974025974,0.1615954081523451
1803,107,96.3963963963964,111,0,110,1,0,0.0,4.445129238211914,4.381735965083045,13.068870229200968,3.4190061739770803,1.6023593410925647,2.29633094452095,7.72972972972973,8.176242457702756,0.4049477440207907,0.8839013166344429,0.014052916748643271,1.0,0.11609868336555706,-0.03602743993348634,0,0,0,1,0,0.0,0.32432432432432434,0.2876803888287555,0.17870063182716167,0.886557718601503,0.5787099509628627,0.0,0.28474025974025974,0.16199876340515587
1804,107,96.3963963963964,111,1,110,0,0,0.009009009009009009,4.431707115994374,4.363299134880386,12.325952813541587,3.4252613282099094,1.670840951542216,2.3355461609645585,7.72972972972973,8.176242457702756,0.40217786725590754,0.9999983474772418,0.009034665146277359,1.0,1.6525227581887236e-06,0.07154268350742932,0,1,0,0,0,1.0,0.3333333333333333,0.28097004055102165,0.19024450622258193,0.8902776569821551,0.5688038702359745,0.009009009009009009,0.29870129870129875,0.16218737108215786
1805,108,97.29729729729729,111,0,111,0,0,0.0,4.4895604043455,4.4214661419013686,12.376674049497364,3.4344114907632113,1.6597882232722836,2.3260965527644166,7.72972972972973,8.176242457702756,0.4012348902184013,0.0,0.0,0.0,0.0,0.0,0,0,0,0,0,0.0,0.3153153153153153,0.2783981101613495,0.19570003378906947,0.8987929916221631,0.5690449352375898,0.0,0.2987012987012987,0.16285070726172943
1806,110,99.09909909909909,111,0,111,0,0,0.0,4.446573556201178,4.380244567248266,11.692909870656647,3.440117213130064,1.740839868445476,2.3974481087162762,7.72972972972973,8.176242457702756,0.3941553501285031,0.0,0.0,0.0,0.0,0.0,0,0,0,0,0,0.0,0.2972972972972973,0.26900398808272796,0.20146451288783773,0.9039404821091985,0.5552636936986711,0.0,0.2626623376623377,0.16286902986834645
1807,110,99.09909909909909,111,0,111,0,0,0.0,4.456423208198127,4.389550794082905,11.53201740842705,3.4459651415379704,1.740404100631935,2.391987079493894,7.72972972972973,8.176242457702756,0.39224001197072966,0.0,0.0,0.0,0.0,0.0,0,0,0,0,0,0.0,0.2972972972972973,0.2666076597999064,0.2195705931050628,0.9096613102792159,0.5498425770062444,0.0,0.2987012987012987,0.16315734853102284
1808,110,99.09909909909909,111,0,111,0,0,0.0,4.4700452153892085,4.402252186781396,12.230884154185757,3.452165726470522,1.7371257025252704,2.3841986622716402,7.72972972972973,8.176242457702756,0.394403319046603,0.0,0.0,0.0,0.0,0.0,0,0,0,0,0,0.0,0.2972972972972973,0.27315283043890937,0.21039487805428156,0.9096931388040298,0.5574934383983021,0.0,0.2987012987012987,0.16347894599591883
1809,111,100.0,111,0,111,0,0,0.0,4.401905244523794,4.336286206768384,11.39540945974998,3.4535445057728196,1.7412715584628753,2.3782376226317017,7.72972972972973,8.176242457702756,0.3941573922031363,0.0,0.0,0.0,0.0,0.0,0,0,0,0,0,0.0,0.3063063063063063,0.269299533308635,0.21428264105227313,0.9147983469429761,0.5593620657304584,0.0,0.3347402597402597,0.16319461231094803
1810,111,100.0,111,0,111,0,0,0.0,4.392530802182462,4.3276281234021265,11.031752257544477,3.454244228025833,1.7889056414283189,2.4165506820711107,7.72972972972973,8.176242457702756,0.38988314979461025,0.0,0.0,0.0,0.0,0.0,0,0,0,0,0,0.0,0.3063063063063063,0.2632877441730994,0.21712104304666457,0.899246437503212,0.5530254851707035,0.0,0.3347402597402598,0.1631763455932098
1811,110,99.09909909909909,111,1,110,0,0,0.009009009009009009,4.361906222795855,4.295897594782007,10.103364566604405,3.453056656600123,1.839315486846665,2.4116287211871055,7.72972972972973,8.176242457702756,0.38299358359845437,0.9686229953008088,0.015512596938130598,1.0,0.03137700469919125,-0.01757005709324222,0,1,0,0,0,1.0,0.2972972972972973,0.25167444590594695,0.2157021516130532,0.912149401545402,0.5441132097234844,0.009009009009009009,0.2987012987012987,0.16297467333671453
1812,110,99.09909909909909,111,0,111,0,0,0.0,4.341700110232775,4.27671187327383,9.681199880689592,3.4504658377356363,1.835430374777643,2.4007055495245853,7.72972972972973,8.176242457702756,0.38134328079436175,0.0,0.0,0.0,0.0,0.0,0,0,0,0,0,0.0,0.2972972972972973,0.2472565277023527,0.21920938978256915,0.9054325079734823,0.5410349689827834,0.0,0.2987012987012987,0.16276772695789898
1813,110,99.09909909909909,111,0,110,1,0,0.0,4.351153968020829,4.286396401781752,9.388248204233474,3.4487203149285044,1.8094574490390043,2.372614897448315,7.72972972972973,8.176242457702756,0.38023265544920926,0.8270622386306877,0.012522296808282096,1.0,0.17293776136931227,0.0112158135209941,0,0,0,1,0,0.0,0.2972972972972973,0.24408390754338696,0.22585565296569177,0.9332762202371702,0.5411478330842746,0.0,0.2987012987012987,0.16274363715840642
1814,110,99.09909909909909,111,0,111,0,0,0.0,4.339549362026848,4.274853555463701,9.302904049300851,3.4463624934170514,1.8088759770506433,2.402948424465856,7.72972972972973,8.176242457702756,0.37793270964590286,0.0,0.0,0.0,0.0,0.0,0,0,0,0,0,0.0,0.2882882882882883,0.2418814801102866,0.2270614628858435,0.9344688231401969,0.5366422358927575,0.0,0.2626623376623377,0.16258922352668842
1815,109,98.1981981981982,111,1,110,0,0,0.009009009009009009,4.34215589412738,4.283094942448241,9.477268458955171,3.444361305586336,1.818642058899301,2.414672000602727,7.72972972972973,8.176242457702756,0.37760670762841375,0.9999999048746744,0.011269988536633482,1.0,9.512532561650744e-08,0.010453055817508217,0,1,0,0,0,1.0,0.2882882882882883,0.24232601119508684,0.2247127678502705,0.9183434674359154,0.5325160326394867,0.009009009009009009,0.28051948051948056,0.1625204452026544
1816,109,98.1981981981982,111,1,110,0,0,0.009009009009009009,4.3243618063070794,4.259266981864946,9.478713149389923,3.441690298699791,1.8999991599353507,2.502032836277399,7.72972972972973,8.176242457702756,0.37673719379165327,0.9995358316058871,0.01614270611233473,1.0,0.000464168394112896,0.018137542458262157,0,1,0,0,0,1.0,0.2702702702702703,0.24201991749578802,0.22443587514883467,0.9193164667466074,0.5240944916141849,0.009009009009009009,0.2987012987012987,0.16232228076399996
1817,109,98.1981981981982,111,0,111,0,0,0.0,4.305814972155599,4.241696986047049,9.58113625877766,3.437738499155084,1.8756606168381373,2.48336576295854,7.72972972972973,8.176242457702756,0.377538058775295,0.0,0.0,0.0,0.0,0.0,0,0,0,0,0,0.0,0.2882882882882883,0.24403228577467054,0.2215946031205893,0.9129715239716625,0.5278063373308057,0.0,0.2987012987012987,0.16206799223713372
1818,109,98.1981981981982,111,0,111,0,0,0.0,4.365034050989636,4.298897171949518,10.398977407862393,3.437851269031108,1.8513806686735519,2.4690564245504247,7.72972972972973,8.176242457702756,0.38359778009757894,0.0,0.0,0.0,0.0,0.0,0,0,0,0,0,0.0,0.2882882882882883,0.25331116743758975,0.2187741348287601,0.9028872586057568,0.5355905936375304,0.0,0.3347402597402597,0.16236869780054541
1819,109,98.1981981981982,111,0,111,0,0,0.0,4.361770501322388,4.296054001609095,10.539574044856943,3.437768846968235,1.826513526826755,2.4575781854751235,7.72972972972973,8.176242457702756,0.38662600451600126,0.0,0.0,0.0,0.0,0.0,0,0,0,0,0,0.0,0.2972972972972973,0.25660854414520023,0.2206705904637865,0.9147106807567884,0.5387580822678363,0.0,0.2987012987012987,0.1623490105383596
1820,109,98.1981981981982,111,1,110,0,0,0.009009009009009009,4.38975841849232,4.321140727099084,10.254222639349006,3.439621683059681,1.8130678494264025,2.441602985781753,7.72972972972973,8.176242457702756,0.3841993658568297,0.9999999999417923,0.002184209952164362,1.0,5.820766091346741e-11,0.10450906170182656,0,1,0,0,0,1.0,0.2972972972972973,0.2521722621173033,0.22143004271256056,0.9044792429948056,0.5393373645790243,0.009009009009009009,0.3529220779220779,0.16256469630979947
1821,110,99.09909909909909,111,0,111,0,0,0.0,4.378280740725318,4.310811034368271,10.274859922544126,3.4403597642756893,1.8757565590029521,2.4886045154056413,7.72972972972973,8.176242457702756,0.38152536309438845,0.0,0.0,0.0,0.0,0.0,0,0,0,0,0,0.0,0.2972972972972973,0.25053405033438014,0.2202677544220255,0.9166675540874734,0.5355012260314103,0.0,0.3168831168831169,0.16253748157584227
1822,110,99.09909909909909,111,0,111,0,0,0.0,4.408819755708299,4.3401337762765495,10.968365072622927,3.4429554969608747,1.8677022190071113,2.4896419295359093,7.72972972972973,8.176242457702756,0.3848519838108331,0.0,0.0,0.0,0.0,0.0,0,0,0,0,0,0.0,0.3063063063063063,0.25701485658166895,0.2040654750758624,0.9171230791156135,0.544013638640553,0.0,0.35292207792207797,0.16279629334970447
1823,110,99.09909909909909,111,0,111,0,0,0.0,4.456513837416704,4.384800909838993,12.09480059962017,3.448260670759342,1.8863464818780347,2.497954247153778,7.72972972972973,8.176242457702756,0.3877699634625471,0.0,0.0,0.0,0.0,0.0,0,0,0,0,0,0.0,0.2972972972972973,0.2654870386414933,0.18748900511857627,0.9121122848770399,0.5511915628142657,0.0,0.35292207792207797,0.1632516456945291
1824,110,99.09909909909909,111,0,111,0,0,0.0,4.392059585620982,4.321154135921484,11.654968409013515,3.4489689490436435,1.9483285797163885,2.5445415759817895,7.72972972972973,8.176242457702756,0.3818184269317366,0.0,0.0,0.0,0.0,0.0,0,0,0,0,0,0.0,0.3063063063063063,0.2599453041522395,0.18664097155283424,0.901472430761278,0.5394839730004034,0.0,0.3529220779220779,0.16295832971045038
1825,111,100.0,111,0,111,0,0,0.0,4.397865401385933,4.326772011450029,11.962587643377471,3.4499867816774943,1.9410596056619183,2.569558661073272,7.72972972972973,8.176242457702756,0.38080178216623883,0.0,0.0,0.0,0.0,0.0,0,0,0,0,0,0.0,0.2972972972972973,0.26116035938974874,0.18326436235929278,0.9029312604727094,0.5405157957009176,0.0,0.3529220779220779,0.16302896902125374
1826,111,100.0,111,0,111,0,0,0.0,4.3882685178551535,4.316887379707906,11.755872442922472,3.450274840681558,1.9332363883958803,2.5455266278782926,7.72972972972973,8.176242457702756,0.38123484843131283,0.0,0.0,0.0,0.0,0.0,0,0,0,0,0,0.0,0.2972972972972973,0.26008055706768674,0.192978427610331,0.9013821985915406,0.5378603809170305,0.0,0.38896103896103895,0.1629927608048966
1827,111,100.0,111,0,111,0,0,0.0,4.39471730726636,4.324426299295056,11.80365577415823,3.451032467558338,1.9514299926599215,2.5638005758793767,7.72972972972973,8.176242457702756,0.37974376513375807,0.0,0.0,0.0,0.0,0.0,0,0,0,0,0,0.0,0.3063063063063063,0.2579711435456881,0.1825111555198923,0.9093162839599763,0.5363920744127885,0.0,0.3529220779220779,0.16305597745713776
1828,111,100.0,111,0,111,0,0,0.0,4.431178518304813,4.358308180384528,13.099113928672029,3.453944360822432,1.9271875759283483,2.5370186579125917,7.72972972972973,8.176242457702756,0.38400049138296377,0.0,0.0,0.0,0.0,0.0,0,0,0,0,0,0.0,0.3063063063063063,0.26904898197943555,0.16702994698968684,0.9067135017908385,0.5428526948364653,0.0,0.3529220779220779,0.16335732523902094
1829,110,99.09909909909909,111,1,110,0,0,0.009009009009009009,4.414459600849775,4.360828062469346,13.802178977343933,3.4554587793968565,1.9421681905662433,2.5616066006540703,7.72972972972973,8.176242457702756,0.38410222492265955,0.9969962306102207,0.014029593967238036,1.0,0.0030037693897793094,-0.006504332948153113,0,1,0,0,0,1.0,0.3063063063063063,0.2727901504120312,0.164297809344993,0.9105324027805444,0.5333163830789776,0.009009009009009009,0.3347402597402597,0.16333564191898048
1830,109,98.1981981981982,111,1,108,1,1,0.009009009009009009,4.366065863363339,4.285436315702431,11.593234226322826,3.455142012965704,2.0697454667020647,2.719379683034472,7.72972972972973,8.176242457702756,0.3803703774812395,0.9416007757239314,0.013788576722734909,1.0,0.05839922427606862,-0.01779063347117038,0,2,0,1,0,0.6666666666666666,0.2882882882882883,0.2599580529074331,0.23152972621377926,0.913491703154272,0.5085449342875249,0.009009009009009009,0.38896103896103895,0.16308072343583047
1831,109,98.1981981981982,111,0,111,0,0,0.0,4.3902902506475705,4.308154324974431,11.896078789603116,3.4544373391772103,2.0080892478911774,2.65222669105382,7.72972972972973,8.176242457702756,0.382768961474967,0.0,0.0,0.0,0.0,0.0,0,0,0,0,0,0.0,0.2882882882882883,0.26341946877926786,0.23424478625043527,0.9021172005317795,0.5117345101097435,0.0,0.425,0.16317303745351008
1832,109,98.1981981981982,111,0,111,0,0,0.0,4.381045838477785,4.298702247384623,11.843084818279413,3.453172021401373,2.0218837832211607,2.66489186451049,7.72972972972973,8.176242457702756,0.3847384763087991,0.0,0.0,0.0,0.0,0.0,0,0,0,0,0,0.0,0.2972972972972973,0.26475413466352277,0.23820484486002366,0.9046437399424866,0.511418997285177,0.0,0.388961038961039,0.16307508766805473
1833,109,98.1981981981982,111,0,111,0,0,0.0,4.3838921413056955,4.301907400786697,12.599371178311245,3.4522198079653847,1.9818255052257376,2.6292311293737116,7.72972972972973,8.176242457702756,0.38752287377108563,0.0,0.0,0.0,0.0,0.0,0,0,0,0,0,0.0,0.3333333333333333,0.27185628321428573,0.22056174073514215,0.9019764848916466,0.5215244840858118,0.0,0.35292207792207797,0.16305039154257364
1834,110,99.09909909909909,111,0,111,0,0,0.0,4.430345984371593,4.345773946852757,12.948010876038929,3.4542147579399822,1.9086789494421539,2.56468805396635,7.72972972972973,8.176242457702756,0.3922455272446361,0.0,0.0,0.0,0.0,0.0,0,0,0,0,0,0.0,0.3153153153153153,0.2772541025225963,0.22209273072294133,0.9019764848916466,0.5300598279828388,0.0,0.35292207792207797,0.16336421673131962
1835,111,100.0,111,0,111,0,0,0.0,4.366797822966822,4.284206758774215,12.510641964739182,3.452019489910394,1.9697712077807688,2.6274759469668068,7.72972972972973,8.176242457702756,0.38968399904619666,0.0,0.0,0.0,0.0,0.0,0,0,0,0,0,0.0,0.3153153153153153,0.27385458746440633,0.22107922054539986,0.9139700850125332,0.5275116889142013,0.0,0.28084415584415584,0.162956730705948
1836,110,99.09909909909909,111,1,110,0,0,0.009009009009009009,4.3722718643350875,4.3015804164214,11.982594731386051,3.450436641874854,1.9594702459331295,2.599428320423015,7.72972972972973,8.176242457702756,0.38681375569441556,0.9999968097109129,0.010283070096978469,1.0,3.190289087129372e-06,0.009759257001732635,0,1,0,0,0,1.0,0.2882882882882883,0.2677536561265952,0.22319942813597685,0.9155287795140901,0.5253189170514851,0.009009009009009009,0.2987012987012987,0.16291939216622794
1837,110,99.09909909909909,111,0,111,0,0,0.0,4.384328433586329,4.3125157479478045,12.46228550585736,3.4504019710488096,1.9486186921072528,2.547247038586795,7.72972972972973,8.176242457702756,0.393207038340887,0.0,0.0,0.0,0.0,0.0,0,0,0,0,0,0.0,0.2882882882882883,0.2760772129926846,0.22460699472663925,0.9190767102954032,0.5340645236106406,0.0,0.2987012987012987,0.1629782576270844
1838,110,99.09909909909909,111,0,111,0,0,0.0,4.347514271308738,4.278988600317095,11.040302656020328,3.4481771262900143,1.92482258577193,2.5103167818696623,7.72972972972973,8.176242457702756,0.3885271410114237,0.0,0.0,0.0,0.0,0.0,0,0,0,0,0,0.0,0.2972972972972973,0.2635710693016241,0.2315640490290769,0.9255722159700737,0.5357706157763841,0.0,0.2626623376623377,0.16270323246480317
1839,110,99.09909909909909,111,0,111,0,0,0.0,4.337949296915302,4.270182217239722,11.312661046782225,3.4455581652472764,1.9350903207959216,2.528467912947714,7.72972972972973,8.176242457702756,0.3885446838832527,0.0,0.0,0.0,0.0,0.0,0,0,0,0,0,0.0,0.2972972972972973,0.2650468483648335,0.21645057696970416,0.8983986039903746,0.535917138740145,0.0,0.40681818181818186,0.16254834129047246
1840,110,99.09909909909909,111,0,111,0,0,0.0,4.329066079184571,4.2608110327459086,10.96948593513674,3.4425403681969677,1.9409052554280486,2.512368286487187,7.72972972972973,8.176242457702756,0.38771031000060474,0.0,0.0,0.0,0.0,0.0,0,0,0,0,0,0.0,0.2882882882882883,0.26184629363482836,0.21806723836476802,0.9163099443878102,0.5335263030948746,0.0,0.3707792207792208,0.16238055399996149
1841,111,100.0,111,0,111,0,0,0.0,4.328965306444577,4.261129329586445,10.660874719396396,3.4397901333275076,1.9062205864868482,2.444493800570617,7.72972972972973,8.176242457702756,0.38803813900212547,0.0,0.0,0.0,0.0,0.0,0,0,0,0,0,0.0,0.2972972972972973,0.26016279142601495,0.22659917021916562,0.9156015535209356,0.5340232055655113,0.0,0.3347402597402598,0.16226761720071986
1842,110,99.09909909909909,111,1,110,0,0,0.009009009009009009,4.33611572855039,4.26156858423335,11.1025152532048,3.437685351408553,1.9315642105553168,2.4543126790111445,7.72972972972973,8.176242457702756,0.38897634213748256,0.9950282753779065,0.0034977285052008545,1.0,0.0049717246220934985,0.07553338592283021,0,1,0,0,0,1.0,0.2972972972972973,0.2643324131802155,0.21311492882189043,0.9067837796066213,0.5418318257894592,0.009009009009009009,0.3707792207792208,0.1622173232747991
1843,109,98.1981981981982,111,1,110,0,0,0.009009009009009009,4.347761811470784,4.286271094728209,10.377674489516188,3.4362602160796953,1.9482932913731645,2.467205521570128,7.72972972972973,8.176242457702756,0.384671825475017,0.9402333459264738,0.010039279181361695,1.0,0.059766654073526215,-0.005720997353438451,0,1,0,0,0,0.0,0.32432432432432434,0.25451744326270254,0.22337539203997428,0.9012218916106784,0.5332596657033535,0.009009009009009009,0.3886363636363636,0.16221729242948218
1844,108,97.29729729729729,111,1,110,0,0,0.009009009009009009,4.436179177076874,4.371658251096144,11.685700196997145,3.4413104492790465,1.9108743804329165,2.4474633123236447,7.72972972972973,8.176242457702756,0.3900955023395374,0.9999999999417322,0.013972931949926378,1.0,5.826783500140209e-11,0.0026584016333757177,0,1,0,0,0,1.0,0.3063063063063063,0.2651036878679236,0.20648156825323138,0.9294067961682765,0.5438814943418905,0.009009009009009009,0.33441558441558444,0.16286583891304182
1845,108,97.29729729729729,111,0,111,0,0,0.0,4.432054752408485,4.369683516464796,11.264693607908212,3.445761298376078,1.9421268938536511,2.4750371017505954,7.72972972972973,8.176242457702756,0.38792928494803425,0.0,0.0,0.0,0.0,0.0,0,0,0,0,0,0.0,0.2882882882882883,0.2606194201980683,0.2007478741510416,0.9260080025128546,0.547081330477657,0.0,0.3704545454545455,0.16302717289649976
1846,108,97.29729729729729,111,0,111,0,0,0.0,4.39960767689019,4.33803556823666,11.118994837928698,3.447778144875494,1.9693568153604533,2.491391948980285,7.72972972972973,8.176242457702756,0.3864791550811211,0.0,0.0,0.0,0.0,0.0,0,0,0,0,0,0.0,0.3063063063063063,0.259593911512924,0.20058048341820484,0.9264391509530943,0.5441618156100394,0.0,0.3704545454545455,0.16294738864880423
1847,109,98.1981981981982,111,1,110,0,0,0.009009009009009009,4.364225188973199,4.303423303050575,10.782870830763205,3.4474032830011807,1.9913727288787928,2.507961856735423,7.72972972972973,8.176242457702756,0.38430462322645287,0.9976268938639224,0.00966992590663285,1.0,0.002373106136077552,0.0344701153517426,0,1,0,0,0,1.0,0.3063063063063063,0.25619305859441693,0.19505002231226562,0.8996933046582647,0.5421747906306267,0.009009009009009009,0.4064935064935066,0.1627551514013566
1848,109,98.1981981981982,111,0,111,0,0,0.0,4.338971247198387,4.28038410477317,10.175428640623688,3.445514898109978,2.0269138356651526,2.5263895406926746,7.72972972972973,8.176242457702756,0.38125167068237364,0.0,0.0,0.0,0.0,0.0,0,0,0,0,0,0.0,0.2972972972972973,0.24999044588579641,0.18754052815327515,0.9181679199871274,0.5444680787068076,0.0,0.33441558441558444,0.16255168222886288
1849,110,99.09909909909909,111,0,111,0,0,0.0,4.321712337227005,4.264003068628184,10.196284573354081,3.442709429560177,2.029585397175051,2.5450048499947084,7.72972972972973,8.176242457702756,0.3792206575912258,0.0,0.0,0.0,0.0,0.0,0,0,0,0,0,0.0,0.2972972972972973,0.2484824084455502,0.18022894251439514,0.9120996654995481,0.5431777492458295,0.0,0.3344155844155844,0.16235069672365282
1850,110,99.09909909909909,111,0,111,0,0,0.0,4.267562639182797,4.211952843155016,9.136580814099405,3.4367287408135088,2.0389929791757155,2.5689310508859107,7.72972972972973,8.176242457702756,0.3713994711265196,0.0,0.0,0.0,0.0,0.0,0,0,0,0,0,0.0,0.27927927927927926,0.23647774191722626,0.18978989343779018,0.9057911263962176,0.5355310333997825,0.0,0.2983766233766234,0.1618354504271477
1851,110,99.09909909909909,111,0,111,0,0,0.0,4.278306982013026,4.2217559693679245,9.731484002022839,3.4318782695734904,2.0028532336543883,2.6058761248542144,7.72972972972973,8.176242457702756,0.3725310020749655,0.0,0.0,0.0,0.0,0.0,0,0,0,0,0,0.0,0.27927927927927926,0.2422944134260462,0.18739969359407985,0.9058501005540788,0.5355344110181584,0.0,0.3704545454545455,0.16169087899683632
1852,111,100.0,111,0,111,0,0,0.0,4.329522946495915,4.27131332149854,10.475299717271225,3.43066592803505,1.932532409996335,2.5287895238850253,7.72972972972973,8.176242457702756,0.3782769162599793,0.0,0.0,0.0,0.0,0.0,0,0,0,0,0,0.0,0.2882882882882883,0.2511424406862357,0.18173677710070066,0.9153387137079668,0.5499253050961382,0.0,0.3704545454545455,0.1618973968274516
1853,111,100.0,111,0,111,0,0,0.0,4.332217863585161,4.274382103841595,10.79310457975854,3.4297534393481013,1.9448569729556104,2.56050657804146,7.72972972972973,8.176242457702756,0.37919039725856574,0.0,0.0,0.0,0.0,0.0,0,0,0,0,0,0.0,0.3063063063063063,0.25376660580238647,0.1743619606153701,0.9136594299713318,0.554762861442378,0.0,0.3704545454545455,0.16187356776917583
1854,111,100.0,111,0,111,0,0,0.0,4.309698135928798,4.253458584369107,10.21593375528594,3.4275469518023933,1.972929725076246,2.5730248637961433,7.72972972972973,8.176242457702756,0.3754439226468522,0.0,0.0,0.0,0.0,0.0,0,0,0,0,0,0.0,0.27927927927927926,0.24765319251261467,0.18369953438846312,0.9153387137079668,0.5478425287329328,0.0,0.3704545454545455,0.16167076524512594
1855,111,100.0,111,0,111,0,0,0.0,4.299047841503916,4.244086163662194,10.869840794906162,3.424907822555299,1.9568761638750782,2.517991393786082,7.72972972972973,8.176242457702756,0.3761697828024131,0.0,0.0,0.0,0.0,0.0,0,0,0,0,0,0.0,0.2882882882882883,0.253418807802268,0.16853154031556633,0.9198628636175793,0.552891065776833,0.0,0.3704545454545455,0.16150962296999427
1856,111,100.0,111,0,111,0,0,0.0,4.2937343613932875,4.238437488577354,10.525608345396455,3.422114995417751,1.9562717437270605,2.5181648986603613,7.72972972972973,8.176242457702756,0.3747534296911439,0.0,0.0,0.0,0.0,0.0,0,0,0,0,0,0.0,0.27927927927927926,0.2496534362785848,0.16791003734792673,0.9281697788211578,0.5494280378282779,0.0,0.33441558441558444,0.1613688814103459
1857,111,100.0,111,0,111,0,0,0.0,4.240961598604423,4.188370107204355,9.431804067504068,3.4162756122037696,2.0128750156965642,2.548380143093298,7.72972972972973,8.176242457702756,0.3682827013789225,0.0,0.0,0.0,0.0,0.0,0,0,0,0,0,0.0,0.3153153153153153,0.2371257141701342,0.17309405702967157,0.9181408475941248,0.5397871196118166,0.0,0.2983766233766234,0.16086629653159681
1858,111,100.0,111,0,111,0,0,0.0,4.280991997186395,4.228197279340731,10.096610559633836,3.4135187640457323,1.9668607191274485,2.498115448023691,7.72972972972973,8.176242457702756,0.3709120006581408,0.0,0.0,0.0,0.0,0.0,0,0,0,0,0,0.0,0.3063063063063063,0.2428883803979678,0.16123742765896423,0.9274640585433506,0.550001078255465,0.0,0.3344155844155844,0.16095374522971073
1859,111,100.0,111,0,111,0,0,0.0,4.277687240875375,4.225512643500242,9.95303689273358,3.410811720608947,1.9967355255012893,2.567466822595331,7.72972972972973,8.176242457702756,0.3672890684881971,0.0,0.0,0.0,0.0,0.0,0,0,0,0,0,0.0,0.2972972972972973,0.23893417775602932,0.16242137261605324,0.9101660517811871,0.5425436535350772,0.0,0.33441558441558444,0.1608265542307422
1860,111,100.0,111,0,111,0,0,0.0,4.270449998035459,4.219261178745473,9.88717198523913,3.4079171036745817,2.009771314478819,2.5438496876355434,7.72972972972973,8.176242457702756,0.36522254040607804,0.0,0.0,0.0,0.0,0.0,0,0,0,0,0,0.0,0.2882882882882883,0.23724787777696926,0.16621344328036067,0.9181408475941248,0.5379969459349336,0.0,0.2983766233766234,0.1606720325671549
1861,111,100.0,111,0,111,0,0,0.0,4.2607398378176145,4.209336601751707,9.302921340538438,3.404609991656663,1.9746032277075853,2.4991596978295183,7.72972972972973,8.176242457702756,0.3637160044399861,0.0,0.0,0.0,0.0,0.0,0,0,0,0,0,0.0,0.2972972972972973,0.23214986383497344,0.1781036852310643,0.9087355175581397,0.5336337648050251,0.0,0.3344155844155844,0.16048828301759926
1862,111,100.0,111,0,110,1,0,0.0,4.261510602378932,4.209461501278317,9.16925411680498,3.4015814468061767,2.0008046629413494,2.4736523731776288,7.72972972972973,8.176242457702756,0.36027507442498696,0.2519552805471269,0.008960781897242438,0.0,0.2519552805471269,-0.07736918200497556,0,0,0,1,0,0.0,0.2882882882882883,0.2282006821923489,0.17756057778964926,0.8968066947651738,0.5271824408608579,0.0,0.3344155844155844,0.1603683262554478
1863,110,99.09909909909909,111,1,110,0,0,0.009009009009009009,4.259527901199088,4.207704142365953,9.099769061160558,3.3987372257050703,2.0317425345915567,2.5116862384791143,7.72972972972973,8.176242457702756,0.3593136027272481,0.9272441898222119,0.017077089669060474,1.0,0.0727558101777881,-0.08966544410936361,0,1,0,0,0,0.0,0.3063063063063063,0.2270872963320709,0.17119004537946853,0.8905829659914226,0.5304688280836379,0.009009009009009009,0.3525974025974026,0.1602421375429188
1864,110,99.09909909909909,111,0,111,0,0,0.0,4.279636391042401,4.226859786272689,9.534918837360598,3.3973268732094573,2.028259873288527,2.5503491770327265,7.72972972972973,8.176242457702756,0.3622953583624875,0.0,0.0,0.0,0.0,0.0,0,0,0,0,0,0.0,0.3153153153153153,0.23241799853998035,0.1706681820429881,0.9131376479390431,0.5364172232531927,0.0,0.3525974025974026,0.1602850230723606
1865,110,99.09909909909909,111,0,111,0,0,0.0,4.250006635787049,4.197362129380268,9.156819620784686,3.3941023945959,2.0386520629779508,2.5616134964416157,7.72972972972973,8.176242457702756,0.36157469287157706,0.0,0.0,0.0,0.0,0.0,0,0,0,0,0,0.0,0.3063063063063063,0.23113652665272566,0.18912746781855108,0.9012549824212168,0.5308317302746515,0.0,0.35259740259740263,0.1600050537013632
1866,110,99.09909909909909,111,0,111,0,0,0.0,4.298993469519408,4.245051583315684,9.698291672267422,3.3942609214761967,2.023842583636238,2.5568629528025792,7.72972972972973,8.176242457702756,0.36245845446309954,0.0,0.0,0.0,0.0,0.0,0,0,0,0,0,0.0,0.2882882882882883,0.23464990957639173,0.1864238928877342,0.9119902006302185,0.5295273753195501,0.0,0.35259740259740263,0.16025646864107185
1867,110,99.09909909909909,111,0,111,0,0,0.0,4.269074244810021,4.217338328157396,9.124513930954295,3.392593764466668,2.0439436299176252,2.574658764428962,7.72972972972973,8.176242457702756,0.35775994187876314,0.0,0.0,0.0,0.0,0.0,0,0,0,0,0,0.0,0.2882882882882883,0.22707367519121832,0.1825653369148078,0.909860144944877,0.5251007881818148,0.0,0.35259740259740263,0.1600387171179001
1868,111,100.0,111,0,111,0,0,0.0,4.268897089847323,4.216982487061399,9.372521130050366,3.3910396427117715,2.032731312283512,2.571613039297682,7.72972972972973,8.176242457702756,0.35965388647883856,0.0,0.0,0.0,0.0,0.0,0,0,0,0,0,0.0,0.3063063063063063,0.2307519864244931,0.17535580519285032,0.9058447996869736,0.5278460132997254,0.0,0.38863636363636367,0.15997429696170248
1869,110,99.09909909909909,111,1,110,0,0,0.009009009009009009,4.2544380810755955,4.1994152834314855,8.882544421776892,3.388677738057703,2.0400073405894643,2.5779782540422045,7.72972972972973,8.176242457702756,0.35556973091965083,0.999999999941676,0.017812178558219968,1.0,5.832401228644812e-11,0.0010008248797244157,0,1,0,0,0,1.0,0.2972972972972973,0.22468563855792437,0.18395946774321958,0.8786003116749141,0.5195790939507526,0.009009009009009009,0.38863636363636367,0.15980544439227562
1870,110,99.09909909909909,111,0,111,0,0,0.0,4.279713207445952,4.224330665965157,9.359312050031642,3.3879244440554284,1.976242007807208,2.525775488043609,7.72972972972973,8.176242457702756,0.36072462265683636,0.0,0.0,0.0,0.0,0.0,0,0,0,0,0,0.0,0.3063063063063063,0.2315022398775606,0.16537327403682406,0.8959326567765227,0.5325252964097805,0.0,0.38863636363636367,0.15990102445210475
1871,109,98.1981981981982,111,1,110,0,0,0.009009009009009009,4.3054852698839605,4.254422307060667,9.312096204938227,3.3888002559333583,1.9766030654698001,2.5299622103641646,7.72972972972973,8.176242457702756,0.36144360698557865,0.9999967787781646,0.01881703457381416,1.0,3.221221835381094e-06,0.013470048948390545,0,1,0,0,0,1.0,0.3063063063063063,0.23082238048458129,0.18164391408505495,0.8810753820645382,0.5253335706682535,0.009009009009009009,0.3886363636363636,0.16006568901560128
1872,108,97.29729729729729,111,1,109,0,1,0.009009009009009009,4.328978308750067,4.2678632700982915,9.668920154091184,3.39149693139454,2.0148396610881765,2.6419874553027056,7.72972972972973,8.176242457702756,0.366176336778965,0.9467284522245328,0.010337873503360174,1.0,0.053271547775467165,-0.0443059706161153,0,2,0,0,0,0.5,0.2972972972972973,0.23719009154400358,0.18138342129052823,0.8677097187485565,0.5311588181872536,0.009009009009009009,0.42467532467532465,0.16029339757193356
1873,108,97.29729729729729,111,0,111,0,0,0.0,4.300466695573385,4.240301377328541,9.481481666661312,3.391557776576326,2.0116690212769166,2.5803039389737537,7.72972972972973,8.176242457702756,0.36337389014318355,0.0,0.0,0.0,0.0,0.0,0,0,0,0,0,0.0,0.3063063063063063,0.2353312524828552,0.18515024938464159,0.8773153027604275,0.5309501144063343,0.0,0.42467532467532465,0.1601533269308435
1874,109,98.1981981981982,111,0,111,0,0,0.0,4.274857069856548,4.215360859937599,9.374051882682526,3.3899822891708546,2.0131592972676438,2.580624819005974,7.72972972972973,8.176242457702756,0.363040938652464,0.0,0.0,0.0,0.0,0.0,0,0,0,0,0,0.0,0.3153153153153153,0.23427436119492828,0.17775697940686236,0.8763139120727119,0.5307053134209802,0.0,0.38863636363636367,0.15996087096717837
1875,109,98.1981981981982,111,0,110,1,0,0.0,4.265274647880619,4.2067515531920145,9.016037513327326,3.387972483200788,2.032292336625605,2.5962926448786177,7.72972972972973,8.176242457702756,0.35965034669730644,0.3275028873981941,0.008788084232762658,0.0,0.3275028873981941,-0.05180998797948555,0,0,0,1,0,0.0,0.32432432432432434,0.22909124884993065,0.17715619354183662,0.8812498052218416,0.5287328179674198,0.0,0.38863636363636367,0.15983079555277768
1876,110,99.09909909909909,111,0,111,0,0,0.0,4.27991604137703,4.220749173236128,8.878862629670358,3.387042587322255,2.0171628066589937,2.5676437252786677,7.72972972972973,8.176242457702756,0.359410644014047,0.0,0.0,0.0,0.0,0.0,0,0,0,0,0,0.0,0.3153153153153153,0.22778339724922894,0.18829291643137508,0.8812498052218416,0.5262362093135389,0.0,0.38863636363636367,0.15986598724944323
1877,111,100.0,111,0,111,0,0,0.0,4.274941181503632,4.215307924049034,9.11183492421454,3.385832810204344,1.9674019291470537,2.5347247268446047,7.72972972972973,8.176242457702756,0.3619101969182703,0.0,0.0,0.0,0.0,0.0,0,0,0,0,0,0.0,0.3153153153153153,0.2315496500251817,0.19272995365639894,0.8963495282662095,0.527315522882025,0.0,0.38863636363636367,0.15979165579489713
1878,111,100.0,111,0,111,0,0,0.0,4.265485324924336,4.2055803628363995,9.402947551804683,3.3840856682048175,1.9208721384862109,2.4958675960911756,7.72972972972973,8.176242457702756,0.36585055773934316,0.0,0.0,0.0,0.0,0.0,0,0,0,0,0,0.0,0.32432432432432434,0.23729731537064247,0.1884425819658405,0.8995127825422456,0.535112647055428,0.0,0.3525974025974026,0.15967295122901984
1879,111,100.0,111,0,111,0,0,0.0,4.321715164007077,4.259607341604642,10.088370573666966,3.3860152781925827,1.8654550079315537,2.4568466631584536,7.72972972972973,8.176242457702756,0.3728838546743092,0.0,0.0,0.0,0.0,0.0,0,0,0,0,0,0.0,0.3153153153153153,0.24560363793814166,0.18651989009990638,0.8995127825422456,0.5405101307340983,0.0,0.3525974025974026,0.16003298521997741
1880,111,100.0,111,0,111,0,0,0.0,4.3060305916696535,4.244209119974103,9.84188596780924,3.3867799218415113,1.8791724049089216,2.4997115514568478,7.72972972972973,8.176242457702756,0.3731069094310344,0.0,0.0,0.0,0.0,0.0,0,0,0,0,0,0.0,0.2972972972972973,0.24411250820603886,0.18915719866822234,0.8944198883340606,0.5412683403310992,0.0,0.38863636363636367,0.1599858219176272
1881,110,99.09909909909909,111,1,109,1,0,0.009009009009009009,4.306076204963338,4.253261538185536,9.720240157990967,3.3874758447479976,1.8757392529941896,2.4995163212053098,7.72972972972973,8.176242457702756,0.3754598215309619,0.9187763500812203,0.007757915375646398,1.0,0.08122364991877967,-0.0014057786832881725,0,1,0,1,0,0.5,0.2972972972972973,0.2442815195435734,0.203561591813769,0.8970416539712968,0.5364010694896554,0.009009009009009009,0.4064935064935065,0.16001450015617213
1882,110,99.09909909909909,111,0,111,0,0,0.0,4.280833120250951,4.228320939858562,9.417556844233722,3.3870818240314087,1.8760325493963181,2.515193872342729,7.72972972972973,8.176242457702756,0.37417182880770583,0.0,0.0,0.0,0.0,0.0,0,0,0,0,0,0.0,0.32432432432432434,0.24183354328380052,0.21022136824790572,0.8899967764271394,0.536110890238924,0.0,0.4064935064935065,0.15987217668804923
1883,110,99.09909909909909,111,0,111,0,0,0.0,4.268473434509659,4.216663088325189,9.493350980402601,3.3859574800385586,1.8600808725330285,2.4953983264127357,7.72972972972973,8.176242457702756,0.37461073121400434,0.0,0.0,0.0,0.0,0.0,0,0,0,0,0,0.0,0.2972972972972973,0.24302139939773104,0.19839943426619797,0.8942285617205893,0.5412274157653804,0.0,0.44253246753246755,0.15976441371388575
1884,110,99.09909909909909,111,0,111,0,0,0.0,4.2818236411244746,4.229260218002163,9.711502044154901,3.3857490426287042,1.8687601399469276,2.4997628140058232,7.72972972972973,8.176242457702756,0.3753576573609012,0.0,0.0,0.0,0.0,0.0,0,0,0,0,0,0.0,0.3063063063063063,0.2449828073991684,0.20682540632291935,0.9108214380106873,0.5426504226232155,0.0,0.4064935064935065,0.15982264357295875
1885,110,99.09909909909909,111,0,111,0,0,0.0,4.285668980015387,4.2335689549767395,9.382507379365823,3.385839481792376,1.9088332429623138,2.5391810815279627,7.72972972972973,8.176242457702756,0.3724510066688509,0.0,0.0,0.0,0.0,0.0,0,0,0,0,0,0.0,0.3063063063063063,0.23940196237353217,0.20643041622538666,0.9013526732485244,0.5392200239012879,0.0,0.3704545454545455,0.15984556753006257
1886,111,100.0,111,0,111,0,0,0.0,4.2691482128695535,4.217705186561311,9.473574358182669,3.3848848782958907,1.9197935552682395,2.559987585929762,7.72972972972973,8.176242457702756,0.371554129458479,0.0,0.0,0.0,0.0,0.0,0,0,0,0,0,0.0,0.2972972972972973,0.23992796037439573,0.19638962146346575,0.9013526732485244,0.5393502182289688,0.0,0.3704545454545455,0.15972393834614224
1887,111,100.0,111,0,111,0,0,0.0,4.316474031477829,4.263913542084104,9.67114660583925,3.387030811242396,1.8975555152290675,2.553721053761733,7.72972972972973,8.176242457702756,0.3730246356887843,0.0,0.0,0.0,0.0,0.0,0,0,0,0,0,0.0,0.2972972972972973,0.24087314499040752,0.2094413243496591,0.9103749850850504,0.5386908728214709,0.0,0.3704545454545455,0.1600482957795266
1888,111,100.0,111,0,111,0,0,0.0,4.312297999736843,4.261738351159442,10.132358145890722,3.3888590084010812,1.8619847540312848,2.5113879019366703,7.72972972972973,8.176242457702756,0.3707398757337843,0.0,0.0,0.0,0.0,0.0,0,0,0,0,0,0.0,0.2882882882882883,0.24213772721468674,0.18043628485443533,0.9109724394767461,0.544550178448597,0.0,0.3344155844155844,0.16010215453697113
1889,111,100.0,111,0,111,0,0,0.0,4.260845503799249,4.212229292845742,9.281199138360595,3.387299343210464,1.883347856744944,2.51525177132857,7.72972972972973,8.176242457702756,0.3673272806649752,0.0,0.0,0.0,0.0,0.0,0,0,0,0,0,0.0,0.2972972972972973,0.23389047389599146,0.17890003766264057,0.9107247950411308,0.5429112715877181,0.0,0.3344155844155844,0.15978113105352654
1890,111,100.0,111,0,110,1,0,0.0,4.282025567132285,4.233137898829131,9.562339340296235,3.3872348306831426,1.819231528906632,2.4593945063369955,7.72972972972973,8.176242457702756,0.36968199088721376,0.9477850263720741,0.016095917999131,1.0,0.05221497362792593,-0.026758094483210204,0,0,0,1,0,0.0,0.2972972972972973,0.23673915444680751,0.17269658575990846,0.9112323383201069,0.5483187266166336,0.0,0.2983766233766234,0.159884394019867
1891,110,99.09909909909909,111,1,110,0,0,0.009009009009009009,4.258688579772994,4.211220241990852,9.273491073776345,3.3857085651932444,1.8679398192005692,2.5116514430026,7.72972972972973,8.176242457702756,0.36722426280571097,0.9999944999190623,0.011982934066847174,1.0,5.5000809376926085e-06,0.026094386511250844,0,1,0,0,0,1.0,0.2972972972972973,0.23298539385816197,0.16718574339614087,0.9118317252001986,0.5459473022282005,0.009009009009009009,0.3704545454545454,0.1597053134995694
1892,109,98.1981981981982,111,1,110,0,0,0.009009009009009009,4.266475043657667,4.210281100574088,9.060116931704577,3.3848021538999564,1.8966906028981028,2.538734300438427,7.72972972972973,8.176242457702756,0.3658004907125274,0.9999999999417921,0.016226670830746394,1.0,5.820788295807233e-11,0.004393971422919751,0,1,0,0,0,1.0,0.27927927927927926,0.23035195910001324,0.1813531752477622,0.9212944697438734,0.5396386128225631,0.009009009009009009,0.3344155844155844,0.15970719062649114
1893,109,98.1981981981982,111,1,110,0,0,0.009009009009009009,4.294069683011037,4.234642189411073,9.859709595227216,3.3851828537700333,1.8552572229265856,2.516640946183329,7.72972972972973,8.176242457702756,0.36942412409226066,0.9987103003639483,0.011816738047071229,1.0,0.0012896996360517443,0.03353782924982385,0,1,0,0,0,1.0,0.3063063063063063,0.23895954804054753,0.17384280208734573,0.9276425769288101,0.5433782946283103,0.009009009009009009,0.3344155844155844,0.15986072729546483
1894,109,98.1981981981982,111,0,111,0,0,0.0,4.354818270040137,4.293211975446222,11.11078387220488,3.3892208322777044,1.7798454407445565,2.4501852638641015,7.72972972972973,8.176242457702756,0.3783517564213492,0.0,0.0,0.0,0.0,0.0,0,0,0,0,0,0.0,0.2882882882882883,0.2531922510055706,0.1620260556690197,0.9276425769288101,0.557270018555051,0.0,0.3344155844155844,0.16032954768719887
1895,109,98.1981981981982,111,0,111,0,0,0.0,4.369785950155056,4.309052673411261,11.032029777874024,3.3939647949702896,1.7924396619169813,2.445676763770956,7.72972972972973,8.176242457702756,0.3752974797634179,0.0,0.0,0.0,0.0,0.0,0,0,0,0,0,0.0,0.2972972972972973,0.24911958416245314,0.15695036903196113,0.9292841172667718,0.5551744607381957,0.0,0.29837662337662335,0.16059832503369786
1896,108,97.29729729729729,111,1,110,0,0,0.009009009009009009,4.352304295869562,4.287197116418982,11.885799245859946,3.3971021060512303,1.7583263274115783,2.4748367089516683,7.72972972972973,8.176242457702756,0.3791640063774564,0.55697144362933,0.006008090949956207,1.0,0.44302855637066996,-0.03119682648886024,0,1,0,0,0,0.0,0.2972972972972973,0.25915848448950696,0.15626605437890448,0.9262074120561069,0.5530507584725891,0.009009009009009009,0.31655844155844154,0.16063917384258541
1897,109,98.1981981981982,111,0,111,0,0,0.0,4.332674207406924,4.267848101905104,11.6800030947227,3.3985064881553364,1.7749892815174617,2.5003348932547396,7.72972972972973,8.176242457702756,0.37388452567864094,0.0,0.0,0.0,0.0,0.0,0,0,0,0,0,0.0,0.2972972972972973,0.2543714059117617,0.15273777720003712,0.9262074120561069,0.54512805230531,0.0,0.31655844155844154,0.16059843624320436
1898,110,99.09909909909909,111,0,111,0,0,0.0,4.3767240453252585,4.311882432121397,12.871728275486511,3.4026763274560654,1.7285434716830468,2.5302801173313343,7.72972972972973,8.176242457702756,0.37663543193958016,0.0,0.0,0.0,0.0,0.0,0,0,0,0,0,0.0,0.27927927927927926,0.2628159849312549,0.14075608464589298,0.917575435141262,0.553327577152481,0.0,0.31655844155844154,0.16098915351845813
1899,110,99.09909909909909,111,0,111,0,0,0.0,4.347618989770734,4.28283446785201,12.240115985720529,3.4046052049953173,1.7653968357608738,2.5625280966236956,7.72972972972973,8.176242457702756,0.3734409731792607,0.0,0.0,0.0,0.0,0.0,0,0,0,0,0,0.0,0.27927927927927926,0.2571396855560243,0.1583494578507584,0.9169913316230447,0.5399005968920096,0.0,0.3886363636363636,0.16092248309284624
1900,110,99.09909909909909,111,0,111,0,0,0.0,4.346566694469619,4.282706190887396,11.98072366227003,3.406367982241732,1.7669876362490413,2.5351073969052944,7.72972972972973,8.176242457702756,0.37295321801870496,0.0,0.0,0.0,0.0,0.0,0,0,0,0,0,0.0,0.27927927927927926,0.25477746975817445,0.1554933763438738,0.9108952804002294,0.5379688975200453,0.0,0.3886363636363636,0.16098928608716867
1901,111,100.0,111,0,111,0,0,0.0,4.339939840358572,4.276298885198874,12.107624374367255,3.4075675290680105,1.7480173159004964,2.5471296894318574,7.72972972972973,8.176242457702756,0.37509380409922444,0.0,0.0,0.0,0.0,0.0,0,0,0,0,0,0.0,0.2882882882882883,0.25746825654921285,0.1627554081530785,0.9010222472865232,0.539019287896816,0.0,0.4246753246753247,0.16100519074506858
1902,110,99.09909909909909,111,1,110,0,0,0.009009009009009009,4.356673547726164,4.3025653380366125,11.66312329018135,3.409716452078098,1.7713883553948144,2.5556838807285134,7.72972972972973,8.176242457702756,0.37690792043410215,0.9973315648829691,0.00974592892473379,1.0,0.002668435117030854,0.012889663781895377,0,1,0,0,0,1.0,0.27927927927927926,0.2555081540508206,0.17161105418447045,0.8945285281416898,0.5369321715046459,0.009009009009009009,0.44253246753246755,0.16117670985967358
1903,110,99.09909909909909,111,0,111,0,0,0.0,4.35721786948713,4.303608823600269,11.504200655703773,3.4124285613149303,1.794689431099997,2.5737077326521733,7.72972972972973,8.176242457702756,0.37760370594816695,0.0,0.0,0.0,0.0,0.0,0,0,0,0,0,0.0,0.27927927927927926,0.25534542423294804,0.17241896294289288,0.8965568445261924,0.5386815251573359,0.0,0.44253246753246755,0.16129030578193898
1904,110,99.09909909909909,111,0,111,0,0,0.0,4.2736728305278415,4.222061215951059,11.468730491911286,3.4095848978289567,1.816002286598177,2.607587577398778,7.72972972972973,8.176242457702756,0.37513715023425087,0.0,0.0,0.0,0.0,0.0,0,0,0,0,0,0.0,0.2702702702702703,0.25597964100063636,0.16783031160753423,0.8952599008315079,0.5337335152226625,0.0,0.40649350649350646,0.16075632817649535
1905,110,99.09909909909909,111,0,111,0,0,0.0,4.284859245377495,4.234101286178301,11.416017085796483,3.4077612794313645,1.8078593917093424,2.6122011519925095,7.72972972972973,8.176242457702756,0.37221461898112707,0.0,0.0,0.0,0.0,0.0,0,0,0,0,0,0.0,0.2702702702702703,0.25263013444888854,0.16376783141297555,0.8845093421651619,0.5310732742360894,0.0,0.4425324675324675,0.16073770851989844
1906,110,99.09909909909909,111,0,111,0,0,0.0,4.294237243657772,4.243382470655874,11.253523653151085,3.4066938462121277,1.8024904988819834,2.6033795839284086,7.72972972972973,8.176242457702756,0.3716415707333669,0.0,0.0,0.0,0.0,0.0,0,0,0,0,0,0.0,0.25225225225225223,0.250559430914841,0.16454413004708351,0.8931076289828506,0.530595497444094,0.0,0.40649350649350646,0.16074096054726036
1907,111,100.0,111,0,111,0,0,0.0,4.284247519672575,4.233486661158898,11.221293625002033,3.40506640461887,1.8157363148348227,2.5966504090673452,7.72972972972973,8.176242457702756,0.37134555587653084,0.0,0.0,0.0,0.0,0.0,0,0,0,0,0,0.0,0.2702702702702703,0.25022520182531893,0.1613973593014233,0.8941051307630294,0.5293065292096566,0.0,0.3704545454545454,0.16062448014207326
1908,111,100.0,111,0,111,0,0,0.0,4.296971592242457,4.2464678161674225,10.427526545044199,3.4044211231619803,1.8356578187882824,2.580899531273549,7.72972972972973,8.176242457702756,0.3666600131916906,0.0,0.0,0.0,0.0,0.0,0,0,0,0,0,0.0,0.26126126126126126,0.24033609260406688,0.17131732995470964,0.881765166958487,0.520005496168524,0.0,0.3704545454545455,0.16066172061669776
1909,111,100.0,111,0,111,0,0,0.0,4.296794293602049,4.246191687113965,10.770592411943149,3.403810539896815,1.8111931401286665,2.556797575371239,7.72972972972973,8.176242457702756,0.36846426490929773,0.0,0.0,0.0,0.0,0.0,0,0,0,0,0,0.0,0.2702702702702703,0.24401767730039794,0.16427236012407787,0.8760534976121622,0.5247303754218795,0.0,0.44253246753246755,0.16063587273941263
1910,111,100.0,111,0,111,0,0,0.0,4.2742748728059645,4.225385273939807,10.04026693858461,3.401888933169519,1.8237947992688779,2.5438045252995205,7.72972972972973,8.176242457702756,0.3671782990245327,0.0,0.0,0.0,0.0,0.0,0,0,0,0,0,0.0,0.26126126126126126,0.23833571308149357,0.16855496070218828,0.89621741008939,0.5268857540264117,0.0,0.3704545454545455,0.1604447180228786
1911,110,99.09909909909909,111,1,110,0,0,0.009009009009009009,4.308506561688827,4.26941649805268,10.460487637946933,3.4024336979990366,1.802860901479458,2.554821082494792,7.72972972972973,8.176242457702756,0.36518867481491246,0.9990171387947132,0.007897839270840576,1.0,0.000982861205286789,0.021920932685010497,0,1,0,0,0,1.0,0.26126126126126126,0.23820542975617115,0.1682935395032969,0.8887078102260318,0.5250590224003157,0.009009009009009009,0.38831168831168833,0.16063814711393576
1912,110,99.09909909909909,111,0,111,0,0,0.0,4.344047860581864,4.303587954231437,11.166715958728854,3.4057398978028153,1.7564928927250034,2.518721503793113,7.72972972972973,8.176242457702756,0.36807714630649535,0.0,0.0,0.0,0.0,0.0,0,0,0,0,0,0.0,0.27927927927927926,0.244114988496848,0.15469206179815248,0.8910238308650058,0.5347130725810487,0.0,0.38831168831168833,0.16095101506444742
1913,110,99.09909909909909,111,0,111,0,0,0.0,4.351453177468082,4.310795358570719,10.878866610628435,3.4092472105774503,1.767082859828318,2.51664452323285,7.72972972972973,8.176242457702756,0.3695484494447223,0.0,0.0,0.0,0.0,0.0,0,0,0,0,0,0.0,0.26126126126126126,0.24311767003285595,0.16500871359766914,0.9002080877541602,0.5357189978695773,0.0,0.38831168831168833,0.16113142484698062
1914,110,99.09909909909909,111,0,111,0,0,0.0,4.408862151585043,4.365981338861892,11.794768008076026,3.4160774685968933,1.6907571014503264,2.45538582093145,7.72972972972973,8.176242457702756,0.37785876974619503,0.0,0.0,0.0,0.0,0.0,0,0,0,0,0,0.0,0.2882882882882883,0.25437818061857803,0.16406761674989326,0.8939942491795608,0.5480469985928231,0.0,0.4243506493506493,0.16169769894564356
1915,110,99.09909909909909,111,0,111,0,0,0.0,4.390875104806325,4.3485267697811425,12.063234591194723,3.42120756584979,1.6859810933311086,2.465154796966112,7.72972972972973,8.176242457702756,0.3793653322023056,0.0,0.0,0.0,0.0,0.0,0,0,0,0,0,0.0,0.3063063063063063,0.25750059907194095,0.1562511597572038,0.8934349113800367,0.5495257021584457,0.0,0.4243506493506493,0.1618174883066064
1916,110,99.09909909909909,111,1,110,0,0,0.009009009009009009,4.385812789341114,4.337760185603458,11.038992053299562,3.4256239959738872,1.7507924411737004,2.5006407173218244,7.72972972972973,8.176242457702756,0.3756564185932869,0.9995859188124027,0.013011620730587342,1.0,0.00041408118759733714,0.05012233605075922,0,1,0,0,0,1.0,0.27927927927927926,0.2478671067022386,0.16533193493502102,0.8882703292798625,0.54450229934884,0.009009009009009009,0.4425324675324675,0.16197272574674093
1917,110,99.09909909909909,111,0,111,0,0,0.0,4.377543094634262,4.32970336214516,11.144427593654305,3.4287423080444532,1.7346792532161561,2.4914740814680503,7.72972972972973,8.176242457702756,0.3718769270963649,0.0,0.0,0.0,0.0,0.0,0,0,0,0,0,0.0,0.2702702702702703,0.24550014734455142,0.15527618857032807,0.892941990911095,0.538930312538563,0.0,0.4425324675324675,0.16205885765094533
1918,109,98.1981981981982,111,1,110,0,0,0.009009009009009009,4.349704664004071,4.300129464435045,11.525350979948058,3.429791454945641,1.7003372026989831,2.494915469216435,7.72972972972973,8.176242457702756,0.37311725248555305,0.3051629475228245,0.017602669675561247,0.0,0.3051629475228245,-0.11134929869159205,1,0,0,0,0,0.0,0.2702702702702703,0.25021842971702574,0.15077151979322034,0.8928507242214697,0.5452330475151563,0.009009009009009009,0.4425324675324675,0.16196255589498368
1919,108,97.29729729729729,111,1,110,0,0,0.009009009009009009,4.308145497021852,4.253490077644559,11.139717505419503,3.427961986455796,1.7114094428457622,2.50121370934414,7.72972972972973,8.176242457702756,0.3737294213753277,0.9999999999417915,0.01657464299169734,1.0,5.820854909188711e-11,0.038272414772290375,0,1,0,0,0,1.0,0.3063063063063063,0.25023251039701927,0.15556674053713107,0.8984921718286748,0.5470615804230212,0.009009009009009009,0.4425324675324675,0.16167996917036406
1920,108,97.29729729729729,111,0,111,0,0,0.0,4.309330545254228,4.256357670692909,10.658457215172792,3.426091601503591,1.755700359338026,2.488678342388977,7.72972972972973,8.176242457702756,0.3713888858102492,0.0,0.0,0.0,0.0,0.0,0,0,0,0,0,0.0,0.3063063063063063,0.24516266829266573,0.15547494805562767,0.8909316425090972,0.5499877592823081,0.0,0.4425324675324675,0.1616094308072336
1921,109,98.1981981981982,111,0,111,0,0,0.0,4.28598292814413,4.234016570362031,10.431031535249154,3.4229128137353553,1.7676771977075108,2.5559908175239823,7.72972972972973,8.176242457702756,0.3681787759725126,0.0,0.0,0.0,0.0,0.0,0,0,0,0,0,0.0,0.3063063063063063,0.24157864216702588,0.15639811531691464,0.9004992069728377,0.5424524306953469,0.0,0.40649350649350646,0.16136274002410972
1922,109,98.1981981981982,111,0,111,0,0,0.0,4.3101550876921255,4.2569429836303785,10.704208722102196,3.4214935466708054,1.7602113220366027,2.551942158940226,7.72972972972973,8.176242457702756,0.3677834446338202,0.0,0.0,0.0,0.0,0.0,0,0,0,0,0,0.0,0.3153153153153153,0.24265410313956423,0.15041052656140957,0.8945239637996211,0.5418317439558639,0.0,0.4425324675324675,0.16142557946368977
1923,110,99.09909909909909,111,0,111,0,0,0.0,4.314844389618908,4.262027501349584,10.290508901031638,3.4205229003197974,1.7886087127855537,2.5336862588594555,7.72972972972973,8.176242457702756,0.36907175076531673,0.0,0.0,0.0,0.0,0.0,0,0,0,0,0,0.0,0.3063063063063063,0.24062185596050287,0.15758555582969985,0.8984776536943514,0.5433953223981891,0.0,0.40649350649350646,0.16140934477379104
1924,111,100.0,111,0,111,0,0,0.0,4.3061903350953035,4.253303650408459,10.185820865994735,3.4190609898041786,1.7404806687723118,2.499721283428341,7.72972972972973,8.176242457702756,0.36916926224936075,0.0,0.0,0.0,0.0,0.0,0,0,0,0,0,0.0,0.32432432432432434,0.24013190402427265,0.16331703758207594,0.9009821754518292,0.5412051667402848,0.0,0.3704545454545454,0.1613063098270372
1925,111,100.0,111,0,111,0,0,0.0,4.335498096828338,4.282238369612432,10.224330889495057,3.4196112268740886,1.746013458646524,2.456386852911017,7.72972972972973,8.176242457702756,0.3698030555992804,0.0,0.0,0.0,0.0,0.0,0,0,0,0,0,0.0,0.3153153153153153,0.2401667485977862,0.16933582678466613,0.904394803622529,0.5415710113069651,0.0,0.3704545454545454,0.16147534299416638
1926,111,100.0,111,0,111,0,0,0.0,4.355551076018432,4.300932711302947,11.28763139458383,3.4213392709890624,1.6945659772187547,2.456726353767285,7.72972972972973,8.176242457702756,0.3742129395854479,0.0,0.0,0.0,0.0,0.0,0,0,0,0,0,0.0,0.3153153153153153,0.25030320843874526,0.14986289055367988,0.906260988323049,0.5506467394402882,0.0,0.3704545454545454,0.161646252428425
1927,110,99.09909909909909,111,1,110,0,0,0.009009009009009009,4.351592746536857,4.294888331196703,11.68055476408479,3.4227205621841494,1.6868382226020497,2.4634410848858015,7.72972972972973,8.176242457702756,0.3749564481490346,0.8416627389788118,0.011870419777017048,1.0,0.15833726102118817,0.020330032366252304,0,1,0,0,0,0.0,0.32432432432432434,0.2536779987395077,0.13693783972852064,0.9011076329513843,0.5573615005496114,0.009009009009009009,0.3886363636363636,0.16168292963959574
1928,110,99.09909909909909,111,0,111,0,0,0.0,4.34655210602917,4.292414046987088,11.328823391287507,3.423637174186451,1.7109331414112101,2.45353280697513,7.72972972972973,8.176242457702756,0.373568242238991,0.0,0.0,0.0,0.0,0.0,0,0,0,0,0,0.0,0.34234234234234234,0.2500521502518907,0.13089001911722906,0.8995300051228299,0.5589974378628583,0.0,0.3886363636363636,0.1616951986469096
1929,109,98.1981981981982,111,1,110,0,0,0.009009009009009009,4.335781039286901,4.276896915091916,11.280704975417512,3.4238387155977694,1.6862045115280688,2.4444633161760936,7.72972972972973,8.176242457702756,0.3755586293245037,0.9994190670993945,0.009362189694960932,1.0,0.0005809329006054575,0.047644568513507846,0,1,0,0,0,1.0,0.36036036036036034,0.25123735518845003,0.12695331655377776,0.921747109743781,0.5653347489780907,0.009009009009009009,0.3347402597402597,0.16164958257041928
1930,109,98.1981981981982,111,0,111,0,0,0.0,4.341446798152321,4.280496110534243,12.430871574570403,3.4238843531616525,1.6091817895315994,2.413446215129075,7.72972972972973,8.176242457702756,0.37939349454498306,0.0,0.0,0.0,0.0,0.0,0,0,0,0,0,0.0,0.36936936936936937,0.2617473607586794,0.11608368022059834,0.9226800747926165,0.5687283852130205,0.0,0.2987012987012987,0.1616797770836838
1931,109,98.1981981981982,111,0,111,0,0,0.0,4.341009183144845,4.2812698091643435,12.437478875485754,3.4239768668683723,1.6412430502529178,2.4540698764697724,7.72972972972973,8.176242457702756,0.3765952181244565,0.0,0.0,0.0,0.0,0.0,0,0,0,0,0,0.0,0.36936936936936937,0.2597791100933094,0.11676718144553334,0.9194444430243601,0.5646984729330705,0.0,0.3347402597402597,0.16168137108113045
1932,110,99.09909909909909,111,0,111,0,0,0.0,4.333738098031002,4.272887563699996,12.583087055109301,3.423513534260072,1.6432987399994363,2.4148461574480566,7.72972972972973,8.176242457702756,0.3774091704573277,0.0,0.0,0.0,0.0,0.0,0,0,0,0,0,0.0,0.36936936936936937,0.2620199202632189,0.11719655222667663,0.9078146486112295,0.5684718171290382,0.0,0.3347402597402597,0.16162607405684112
1933,110,99.09909909909909,111,0,111,0,0,0.0,4.355687629593966,4.294850723618357,12.344266619786854,3.42452469381425,1.6009948779231518,2.400562714203351,7.72972972972973,8.176242457702756,0.37780472000006027,0.0,0.0,0.0,0.0,0.0,0,0,0,0,0,0.0,0.36036036036036034,0.25921648493258503,0.11406220588818752,0.9108032033724218,0.5708052688642373,0.0,0.3347402597402597,0.16177715914304786
1934,111,100.0,111,0,111,0,0,0.0,4.308566297872787,4.24745628150166,13.058095388383208,3.422353110912495,1.6035044007674428,2.4033464123533603,7.72972972972973,8.176242457702756,0.3783447727346505,0.0,0.0,0.0,0.0,0.0,0,0,0,0,0,0.0,0.36036036036036034,0.26651309082197755,0.11163693424735216,0.9058454372224254,0.567267829074769,0.0,0.3347402597402597,0.1614527755428332
1935,110,99.09909909909909,111,1,110,0,0,0.009009009009009009,4.314681385043949,4.249195535564271,13.700075341371655,3.420749050907437,1.6016835519273933,2.434842352513616,7.72972972972973,8.176242457702756,0.37908732970168013,0.9999955313486957,0.01508530678009277,1.0,4.468651304323501e-06,-0.00637563532438179,0,1,0,0,0,1.0,0.3783783783783784,0.27176726852274075,0.10450392603989132,0.8940279774838975,0.5660991492694768,0.009009009009009009,0.37077922077922076,0.16141777506109872
1936,110,99.09909909909909,111,0,111,0,0,0.0,4.325576597758477,4.259134201122791,14.664861212091525,3.419650025741872,1.5716943973125281,2.404360999350749,7.72972972972973,8.176242457702756,0.38088078913416723,0.0,0.0,0.0,0.0,0.0,0,0,0,0,0,0.0,0.35135135135135137,0.2789673725284173,0.09827458395043358,0.9051275384419115,0.573111920495931,0.0,0.3347402597402597,0.1614273216435675
1937,110,99.09909909909909,111,0,111,0,0,0.0,4.349706156400145,4.281791459178807,15.042320843144015,3.420122869420856,1.5267046685732262,2.4141563269404016,7.72972972972973,8.176242457702756,0.38107473725681995,0.0,0.0,0.0,0.0,0.0,0,0,0,0,0,0.0,0.36936936936936937,0.2797413184697436,0.10521593467369203,0.8944803807626418,0.5645504150194179,0.0,0.3347402597402597,0.16156729985959564
1938,110,99.09909909909909,111,0,111,0,0,0.0,4.345848199527814,4.2775134765195935,16.13428795915116,3.4202772296665884,1.4745897311823737,2.386068126880275,7.72972972972973,8.176242457702756,0.38231368264803045,0.0,0.0,0.0,0.0,0.0,0,0,0,0,0,0.0,0.3783783783783784,0.2867908840738988,0.0963364276907659,0.8654339504081924,0.5638172193424853,0.0,0.26266233766233765,0.16155432050920868
1939,110,99.09909909909909,111,0,111,0,0,0.0,4.35193878710647,4.283615054965216,16.119778606754064,3.4208180729223394,1.4190947603166668,2.340016274305947,7.72972972972973,8.176242457702756,0.3828977943599561,0.0,0.0,0.0,0.0,0.0,0,0,0,0,0,0.0,0.3963963963963964,0.28723300643340444,0.09642680466637644,0.8908451428930132,0.5636097796870134,0.0,0.26266233766233765,0.1616068837750551
1940,111,100.0,111,0,111,0,0,0.0,4.3448411105782805,4.275592394774141,16.478283548834543,3.4207899338031607,1.4102066120579602,2.3478986283944994,7.72972972972973,8.176242457702756,0.3850340692391885,0.0,0.0,0.0,0.0,0.0,0,0,0,0,0,0.0,0.36936936936936937,0.29167814872852793,0.09790749840014619,0.892393064620377,0.5659488030994244,0.0,0.3347402597402597,0.16157024503110942
1941,110,99.09909909909909,111,1,110,0,0,0.009009009009009009,4.3712937057804995,4.316082977566421,16.56859557266688,3.4224655870402443,1.4178627563812105,2.3512803451092066,7.72972972972973,8.176242457702756,0.3829280089539624,0.9999997618781777,0.010341081933738432,1.0,2.3812182226023992e-07,0.020245063737645452,0,1,0,0,0,1.0,0.35135135135135137,0.2875652561839445,0.10580501880684806,0.9079374188651481,0.5565151234985278,0.009009009009009009,0.2987012987012987,0.16177101074282765
1942,109,98.1981981981982,111,1,106,0,4,0.009009009009009009,4.391769182504975,4.339218021817895,16.400814470559055,3.426345028149823,1.4594442486215236,2.378338189700505,7.72972972972973,8.176242457702756,0.3831202698731886,0.9999366107036746,3.2818962915177535e-05,1.0,6.338929632532242e-05,0.13327596465994027,0,5,0,0,0,1.0,0.3063063063063063,0.2862570330208102,0.10317871192280045,0.8987626115815791,0.5563461967536039,0.009009009009009009,0.2805194805194805,0.1620319843820115
1943,108,97.29729729729729,111,1,110,0,0,0.009009009009009009,4.419224737402876,4.352171486793066,17.99045822830691,3.4317221061655774,1.4501780389419434,2.4012727768025397,7.72972972972973,8.176242457702756,0.388650220948048,0.9999680841855538,0.017163826471423976,1.0,3.191581444617064e-05,0.011845853668730033,0,1,0,0,0,1.0,0.35135135135135137,0.2998987027364988,0.1027506270848333,0.8886779787160803,0.5633673050901924,0.009009009009009009,0.3525974025974026,0.16238908362435497
1944,108,97.29729729729729,111,0,111,0,0,0.0,4.414598715308237,4.348314613521369,18.273637710007225,3.4355591827910783,1.4413903171893747,2.4036467774544676,7.72972972972973,8.176242457702756,0.38885467335114887,0.0,0.0,0.0,0.0,0.0,0,0,0,0,0,0.0,0.3333333333333333,0.3014973675071853,0.09961481494810123,0.8955016948081567,0.5640547669027118,0.0,0.3525974025974026,0.16252281785797618
1945,107,96.3963963963964,111,1,110,0,0,0.009009009009009009,4.428327660531078,4.357799221192916,17.552525833022905,3.4399549663869133,1.480950202852197,2.414971174613305,7.72972972972973,8.176242457702756,0.3879507916089868,0.9999980255314862,0.012254626522900148,1.0,1.9744685137990103e-06,-0.005020548787657342,0,1,0,0,0,1.0,0.3333333333333333,0.29703098836588476,0.10719635015711154,0.9013394112426585,0.5625618010625867,0.009009009009009009,0.31655844155844154,0.16277116754644608
1946,108,97.29729729729729,111,0,111,0,0,0.0,4.466572976967758,4.394769136526596,19.691426622411466,3.446157491946295,1.4225755788801877,2.3943665445063838,7.72972972972973,8.176242457702756,0.39185622717591206,0.0,0.0,0.0,0.0,0.0,0,0,0,0,0,0.0,0.34234234234234234,0.30980852293219396,0.09169915947285111,0.8993217541578945,0.5683154909678911,0.0,0.31655844155844154,0.1632159608927475
1947,109,98.1981981981982,111,0,111,0,0,0.0,4.4233200192652635,4.353083316163309,18.421834702144764,3.4491262169827337,1.4792773113044384,2.4129520092867236,7.72972972972973,8.176242457702756,0.3866329367414998,0.0,0.0,0.0,0.0,0.0,0,0,0,0,0,0.0,0.34234234234234234,0.3001024886665942,0.09679005368452312,0.8997998253816715,0.5592064656052845,0.0,0.31655844155844154,0.1631210611826759
1948,110,99.09909909909909,111,0,111,0,0,0.0,4.487448021323896,4.415533306784091,20.241359422365623,3.455937061980664,1.4038427214914482,2.3699622417327024,7.72972972972973,8.176242457702756,0.39235825351645226,0.0,0.0,0.0,0.0,0.0,0,0,0,0,0,0.0,0.32432432432432434,0.31154374448770755,0.08987907616726486,0.898069398761562,0.5675802196009581,0.0,0.2805194805194805,0.16372013679319364
1949,110,99.09909909909909,111,0,111,0,0,0.0,4.54020671475788,4.467093792359931,20.895522281672477,3.4655636040285853,1.3571830858748757,2.285118912659531,7.72972972972973,8.176242457702756,0.39465839884922804,0.0,0.0,0.0,0.0,0.0,0,0,0,0,0,0.0,0.34234234234234234,0.3143664660205708,0.09219733450306428,0.9095956518485439,0.5740129224551829,0.0,0.35259740259740263,0.1643774749694289
1950,110,99.09909909909909,111,1,110,0,0,0.009009009009009009,4.513244900761376,4.436495151430283,20.160310738036266,3.472657609152876,1.4187184494212368,2.379117638604435,7.72972972972973,8.176242457702756,0.3961984460673147,0.9999999977902437,0.014778095573077719,1.0,2.2097562668577098e-09,0.014076155079337571,0,1,0,0,0,1.0,0.34234234234234234,0.31357763422049084,0.09605993212274203,0.8910528725101264,0.5766694337571249,0.009009009009009009,0.3886363636363636,0.16453267742890834
1951,110,99.09909909909909,111,0,111,0,0,0.0,4.47934161898003,4.402263350848764,20.80575287393481,3.476676483456261,1.4083851898808768,2.314375991380549,7.72972972972973,8.176242457702756,0.39835422032853685,0.0,0.0,0.0,0.0,0.0,0,0,0,0,0,0.0,0.34234234234234234,0.3206647884436526,0.09444476480964506,0.892325099215979,0.5766338186765767,0.0,0.3525974025974026,0.16452745747355915
1952,110,99.09909909909909,111,0,111,0,0,0.0,4.507918900480116,4.4296248023942,20.407262651679,3.4821564757471717,1.4175643495823809,2.31744316451475,7.72972972972973,8.176242457702756,0.40048220193070505,0.0,0.0,0.0,0.0,0.0,0,0,0,0,0,0.0,0.3333333333333333,0.3198211255163684,0.10126024679585323,0.9013581398436239,0.5812725798626638,0.0,0.3886363636363636,0.16489437260924372
1953,110,99.09909909909909,111,0,111,0,0,0.0,4.5309447929897235,4.450952484026096,22.638697348941122,3.4885834529503796,1.3478686343822133,2.2823696509533744,7.72972972972973,8.176242457702756,0.40424603829222594,0.0,0.0,0.0,0.0,0.0,0,0,0,0,0,0.0,0.34234234234234234,0.33328342122150856,0.09509006132782058,0.9013581398436239,0.5812259954812549,0.0,0.3886363636363636,0.16527224469120952
1954,109,98.1981981981982,111,1,110,0,0,0.009009009009009009,4.581735260761612,4.510744417996289,24.38325010832202,3.4977116106388104,1.2905104519902033,2.2655682913863466,7.72972972972973,8.176242457702756,0.40824404403998904,0.84136339192395,0.005762546513484965,1.0,0.15863660807604996,0.023416849531952888,0,1,0,0,0,0.0,0.32432432432432434,0.3420700133811278,0.09418556398067844,0.893554796368216,0.5878883057296004,0.009009009009009009,0.4064935064935064,0.16589936718233272
1955,110,99.09909909909909,111,0,111,0,0,0.0,4.519192825034404,4.450094718032482,23.644767547329394,3.5028106558767687,1.356392186143506,2.3006619828293013,7.72972972972973,8.176242457702756,0.40665810550041503,0.0,0.0,0.0,0.0,0.0,0,0,0,0,0,0.0,0.34234234234234234,0.34069774045102147,0.08782894182826935,0.8959817466990754,0.5882497641394564,0.0,0.40649350649350646,0.16579511015453838
1956,110,99.09909909909909,111,0,111,0,0,0.0,4.548950972877242,4.478938377923397,22.106035035994477,3.509379452866128,1.4023145858581358,2.3275824858889385,7.72972972972973,8.176242457702756,0.4059482163290582,0.0,0.0,0.0,0.0,0.0,0,0,0,0,0,0.0,0.36036036036036034,0.3318684489284785,0.10387955748290349,0.8840546462791803,0.582378577434325,0.0,0.3704545454545454,0.16621244127795473
1957,110,99.09909909909909,111,0,111,0,0,0.0,4.533191520044801,4.464270583713082,21.806954129237475,3.514451749552818,1.432870553586016,2.3472609131332725,7.72972972972973,8.176242457702756,0.40734845476572024,0.0,0.0,0.0,0.0,0.0,0,0,0,0,0,0.0,0.36036036036036034,0.3325568604181722,0.09985392679064979,0.8777820817986082,0.588335371188694,0.0,0.3344155844155844,0.16634100565143142
1958,110,99.09909909909909,111,0,111,0,0,0.0,4.456503311262864,4.391543835908846,18.007967940238657,3.5143522707785695,1.5363571195048364,2.433289816631084,7.72972972972973,8.176242457702756,0.3988254638137254,0.0,0.0,0.0,0.0,0.0,0,0,0,0,0,0.0,0.3783783783783784,0.30777252454700227,0.11512715449799077,0.8843974145264177,0.5766980743493076,0.0,0.29837662337662335,0.1659534977946335
1959,111,100.0,111,0,111,0,0,0.0,4.480918772734646,4.415535158688213,19.056384175090102,3.5158301966054974,1.4753672109055378,2.3572589509965476,7.72972972972973,8.176242457702756,0.4023241598110121,0.0,0.0,0.0,0.0,0.0,0,0,0,0,0,0.0,0.36036036036036034,0.31588342678124387,0.11157469512879761,0.8843974145264177,0.5829667711159939,0.0,0.29837662337662335,0.1661359945014697
1960,110,99.09909909909909,111,1,110,0,0,0.009009009009009009,4.475323060978063,4.420931655035827,17.79070004507946,3.51688726769961,1.535116469890549,2.3803956830302817,7.72972972972973,8.176242457702756,0.39720515517240584,0.9914665535038392,0.009104748167466563,1.0,0.008533446496160835,0.013681050408542061,0,1,0,0,0,1.0,0.3783783783783784,0.303866262809054,0.12078399995291983,0.8839391044096575,0.5734369203171472,0.009009009009009009,0.35227272727272724,0.16615123029048928
1961,110,99.09909909909909,111,0,111,0,0,0.0,4.487952289482763,4.432285947237971,18.061373705066174,3.5192535941003027,1.5930612319034063,2.418924032746361,7.72972972972973,8.176242457702756,0.3975349328720652,0.0,0.0,0.0,0.0,0.0,0,0,0,0,0,0.0,0.36936936936936937,0.3061357813663998,0.12894973015526173,0.8857971433872878,0.5690674733748351,0.0,0.31623376623376626,0.16631111472494342
1962,110,99.09909909909909,111,0,111,0,0,0.0,4.505911764565044,4.448961664706506,19.333469887232745,3.522517201590566,1.57787638043821,2.4180106184616115,7.72972972972973,8.176242457702756,0.40060829535611986,0.0,0.0,0.0,0.0,0.0,0,0,0,0,0,0.0,0.36936936936936937,0.3150108614721741,0.12834687725707222,0.8872151945378801,0.5701894230453316,0.0,0.35227272727272724,0.16653433233099066
1963,110,99.09909909909909,111,0,111,0,0,0.0,4.547960416876972,4.488761635557295,20.874189860661023,3.5281172823114417,1.494583443840899,2.395555027757926,7.72972972972973,8.176242457702756,0.4072875182549036,0.0,0.0,0.0,0.0,0.0,0,0,0,0,0,0.0,0.36936936936936937,0.3270784465644434,0.12504802632449116,0.8723889411563985,0.5762845388692276,0.0,0.3162337662337662,0.16697351368133323
1964,110,99.09909909909909,111,0,111,0,0,0.0,4.54631976740861,4.487824727671271,22.517231763938714,3.533198203766459,1.424674128018271,2.361909757274144,7.72972972972973,8.176242457702756,0.4086354779673751,0.0,0.0,0.0,0.0,0.0,0,0,0,0,0,0.0,0.36936936936936937,0.33664491376791905,0.10702497286748221,0.8763521765480358,0.5791182383954726,0.0,0.35227272727272724,0.16717302466261524
1965,111,100.0,111,0,111,0,0,0.0,4.565491636244977,4.506913899882524,24.26432075212833,3.539112318366756,1.376808300230042,2.3476476502892543,7.72972972972973,8.176242457702756,0.40834207010448664,0.0,0.0,0.0,0.0,0.0,0,0,0,0,0,0.0,0.36036036036036034,0.34333907741615277,0.10074268564887867,0.8865023931561654,0.5799602417560433,0.0,0.3883116883116883,0.16751066018127042
1966,111,100.0,111,0,111,0,0,0.0,4.531668291837568,4.47391056842369,22.841970953014858,3.542384134698751,1.4169237478828152,2.357503806370802,7.72972972972973,8.176242457702756,0.4057977677049227,0.0,0.0,0.0,0.0,0.0,0,0,0,0,0,0.0,0.36936936936936937,0.3359308974632966,0.1091273491392172,0.8911397220400621,0.5732302686996273,0.0,0.3522727272727273,0.1674752992772707
1967,111,100.0,111,0,111,0,0,0.0,4.545323870344337,4.487459127808333,21.28279982117878,3.546274649846524,1.4379629489773793,2.3187623785047466,7.72972972972973,8.176242457702756,0.40635339800833425,0.0,0.0,0.0,0.0,0.0,0,0,0,0,0,0.0,0.3783783783783784,0.3287972161706607,0.11936228264631574,0.8891339905186124,0.5777966881543709,0.0,0.35227272727272724,0.16770262614547232
1968,110,99.09909909909909,111,1,110,0,0,0.009009009009009009,4.56547655406368,4.500162833566237,20.705587373295064,3.5512059843082127,1.4678886431286022,2.3254667389741708,7.72972972972973,8.176242457702756,0.4030150944492312,0.9999201586655182,0.011709403054595719,1.0,7.984133448180053e-05,0.030896400494986542,0,1,0,0,0,1.0,0.36036036036036034,0.3223414692333996,0.11960553912429767,0.89086162727182,0.5784925404401088,0.009009009009009009,0.2983766233766234,0.16800498849506298
1969,110,99.09909909909909,111,0,111,0,0,0.0,4.5511570682167655,4.486660578962066,20.933386387997544,3.5543229706108104,1.4874697471037632,2.356283399539693,7.72972972972973,8.176242457702756,0.4048732084358293,0.0,0.0,0.0,0.0,0.0,0,0,0,0,0,0.0,0.36936936936936937,0.32566920540976724,0.11579343795945463,0.8994329985923593,0.5825495860115836,0.0,0.3344155844155844,0.1680608172445653
1970,110,99.09909909909909,111,0,111,0,0,0.0,4.515749517865067,4.451402626920326,21.028584091668684,3.5548788840402916,1.524561371714151,2.3876052954282314,7.72972972972973,8.176242457702756,0.40297619896055026,0.0,0.0,0.0,0.0,0.0,0,0,0,0,0,0.0,0.3963963963963964,0.3256683912046509,0.11298934057295701,0.892005197561252,0.5786374153426511,0.0,0.3344155844155844,0.16790650590773148
1971,109,98.1981981981982,111,1,110,0,0,0.009009009009009009,4.526692191117328,4.461503167271864,20.115487329554092,3.5561394161459603,1.5374524009861235,2.3886418954599047,7.72972972972973,8.176242457702756,0.3995342033118865,0.9999982818007143,0.006883287994017143,1.0,1.7181992857384643e-06,0.03977554931315952,0,1,0,0,0,1.0,0.36936936936936937,0.31738087873190074,0.11742452166742844,0.8944478749640326,0.5751295445392783,0.009009009009009009,0.3344155844155844,0.1680127513546011
1972,109,98.1981981981982,111,0,111,0,0,0.0,4.53362334860184,4.467109789498485,20.68205390539629,3.5575742171408686,1.5173023750771033,2.3725789603636236,7.72972972972973,8.176242457702756,0.4028367723334041,0.0,0.0,0.0,0.0,0.0,0,0,0,0,0,0.0,0.3783783783783784,0.3235445798693939,0.12067646795437287,0.889444296762698,0.5808322779773516,0.0,0.3704545454545455,0.16810606354608829
1973,110,99.09909909909909,111,0,111,0,0,0.0,4.516174278869537,4.450389143792633,19.352489486433086,3.557798008900925,1.5749196873785587,2.3833091870685963,7.72972972972973,8.176242457702756,0.39914909117394193,0.0,0.0,0.0,0.0,0.0,0,0,0,0,0,0.0,0.40540540540540543,0.31436061353045536,0.12819140659452838,0.8839208314773372,0.57446139042243,0.0,0.3344155844155845,0.16802796707587805
1974,110,99.09909909909909,111,0,111,0,0,0.0,4.48206069522776,4.418810588520616,17.222603059879344,3.555937951509134,1.6430535345261346,2.4093151403786437,7.72972972972973,8.176242457702756,0.3919832397573193,0.0,0.0,0.0,0.0,0.0,0,0,0,0,0,0.0,0.38738738738738737,0.29813501134166603,0.1306532389822037,0.8944478749640326,0.5668516595148808,0.0,0.3704545454545455,0.16778135775656655
1975,110,99.09909909909909,111,0,111,0,0,0.0,4.48029643202644,4.4175501360041585,17.107771185762786,3.5541475307965014,1.6440882444448017,2.4210650508915816,7.72972972972973,8.176242457702756,0.3879644388577317,0.0,0.0,0.0,0.0,0.0,0,0,0,0,0,0.0,0.3783783783783784,0.293199088480651,0.12993805929140373,0.8613435605679343,0.5606064354393029,0.0,0.3704545454545455,0.16769934187132107
1976,111,100.0,111,0,111,0,0,0.0,4.451206151105199,4.3887302808629025,16.27029322251092,3.5506183942365,1.6696352838071709,2.4134951668681923,7.72972972972973,8.176242457702756,0.3892687172157423,0.0,0.0,0.0,0.0,0.0,0,0,0,0,0,0.0,0.3783783783783784,0.29031959068204827,0.13406740308122342,0.8729331315366066,0.5620466588021841,0.0,0.3344155844155844,0.16740961508581026
1977,111,100.0,111,0,111,0,0,0.0,4.4548223400787,4.391799477280305,16.0511632487421,3.547578564390779,1.676535144639497,2.4248245182902664,7.72972972972973,8.176242457702756,0.3884973118555628,0.0,0.0,0.0,0.0,0.0,0,0,0,0,0,0.0,0.36936936936936937,0.28859728106943267,0.14456825174370166,0.8620407166760806,0.557147293481154,0.0,0.3344155844155845,0.1673034241014339
1978,111,100.0,111,0,111,0,0,0.0,4.501257226515621,4.43750297968531,16.755481132150038,3.5477767417381822,1.6121662469783462,2.381065354238347,7.72972972972973,8.176242457702756,0.3916324309617578,0.0,0.0,0.0,0.0,0.0,0,0,0,0,0,0.0,0.36936936936936937,0.29369350909684017,0.14294238139234114,0.8695551247115787,0.5603527216743514,0.0,0.3344155844155845,0.16754370026382848
1979,111,100.0,111,0,111,0,0,0.0,4.490834613645091,4.427261404584012,16.6859008143727,3.54728881481575,1.6015788322316944,2.3708006636514876,7.72972972972973,8.176242457702756,0.3939648592723677,0.0,0.0,0.0,0.0,0.0,0,0,0,0,0,0.0,0.36036036036036034,0.29573039409735047,0.14284494624957406,0.8580306367926593,0.5641686268133637,0.0,0.2983766233766234,0.16747164015537858
1980,110,99.09909909909909,111,1,110,0,0,0.009009009009009009,4.490169339292904,4.428269657052455,15.863130000027397,3.546886139720754,1.6408339455708607,2.379468545718977,7.72972972972973,8.176242457702756,0.3922909283829161,0.9999999999417923,0.010254887324858825,1.0,5.820766091346741e-11,0.05249029824511453,0,1,0,0,0,1.0,0.34234234234234234,0.2894747045296468,0.14332242109841473,0.8049334199268927,0.5666169585008597,0.009009009009009009,0.3165584415584416,0.1674518519375758
1981,110,99.09909909909909,111,0,111,0,0,0.0,4.449081575544124,4.388730516279473,14.672785593788264,3.5439507274994906,1.64789157686652,2.384619841607187,7.72972972972973,8.176242457702756,0.3905211530810708,0.0,0.0,0.0,0.0,0.0,0,0,0,0,0,0.0,0.36936936936936937,0.28194095647057404,0.15352791721953835,0.8544280223426255,0.5634373951105208,0.0,0.3525974025974026,0.16712640990866015
1982,109,98.1981981981982,111,1,110,0,0,0.009009009009009009,4.522591385587442,4.462557817473768,15.42668709872572,3.5460082085311044,1.581782387089653,2.3241245001117155,7.72972972972973,8.176242457702756,0.394732141746337,0.5554796161670503,0.011671021943214854,1.0,0.4445203838329497,-0.07292592242149665,0,1,0,0,0,0.0,0.35135135135135137,0.2867023340230126,0.1561906381875924,0.8608765671450996,0.5670051132797009,0.009009009009009009,0.3165584415584416,0.16757807127770974
1983,109,98.1981981981982,111,0,111,0,0,0.0,4.5611130427816535,4.498471579436892,18.046424031798757,3.550322734412048,1.5106191993924927,2.3751641311165175,7.72972972972973,8.176242457702756,0.39915369357031727,0.0,0.0,0.0,0.0,0.0,0,0,0,0,0,0.0,0.35135135135135137,0.3034234927672085,0.1465877676773415,0.856107543435323,0.5691686958912137,0.0,0.3525974025974026,0.16794706261214395
1984,109,98.1981981981982,111,0,111,0,0,0.0,4.561962236446101,4.499256621072273,17.08894883618459,3.5543358437220682,1.5458240829047456,2.389153549924201,7.72972972972973,8.176242457702756,0.39759292037743266,0.0,0.0,0.0,0.0,0.0,0,0,0,0,0,0.0,0.34234234234234234,0.29720533728318516,0.1561080238209902,0.8525264023286456,0.5646196656804904,0.0,0.3525974025974026,0.16811536935410615
1985,110,99.09909909909909,111,0,111,0,0,0.0,4.506667737242917,4.446236720942312,15.701984216702202,3.5545528030164415,1.594626805721808,2.414220872552385,7.72972972972973,8.176242457702756,0.396267428975716,0.0,0.0,0.0,0.0,0.0,0,0,0,0,0,0.0,0.36936936936936937,0.29045910768724165,0.16461073412871804,0.8726970909682997,0.5660672256389366,0.0,0.3525974025974026,0.16784776641706145
1986,110,99.09909909909909,111,0,111,0,0,0.0,4.520590275521082,4.459892018375248,16.801112607371497,3.555645215374023,1.5736517330346202,2.4060243421670267,7.72972972972973,8.176242457702756,0.3956524224063538,0.0,0.0,0.0,0.0,0.0,0,0,0,0,0,0.0,0.36036036036036034,0.294834086454252,0.15270476282891432,0.8646742282502207,0.56732500748676,0.0,0.3886363636363636,0.16796203824994912
1987,111,100.0,111,0,111,0,0,0.0,4.568774108391463,4.507111265901027,18.697386468563508,3.559736917580138,1.477154652239561,2.349875694715682,7.72972972972973,8.176242457702756,0.4014076523461927,0.0,0.0,0.0,0.0,0.0,0,0,0,0,0,0.0,0.36036036036036034,0.3082013828995371,0.13898139530814424,0.8678545559812808,0.5808658613761598,0.0,0.3886363636363636,0.16837023116081065
1988,111,100.0,111,0,111,0,0,0.0,4.603574127897741,4.541301723101952,19.846178171823205,3.5657304680357504,1.466158408678434,2.3251272900694753,7.72972972972973,8.176242457702756,0.40688099572283964,0.0,0.0,0.0,0.0,0.0,0,0,0,0,0,0.0,0.36936936936936937,0.3181091846369969,0.12767080431627892,0.8966196517307998,0.5917277395155537,0.0,0.3886363636363636,0.16878925486687982
1989,111,100.0,111,0,111,0,0,0.0,4.587849611300681,4.526243493012662,18.202286607943147,3.5702490133527363,1.5193064340281486,2.342846141644179,7.72972972972973,8.176242457702756,0.40409915228845694,0.0,0.0,0.0,0.0,0.0,0,0,0,0,0,0.0,0.36036036036036034,0.30859371156992954,0.1353336362880561,0.8748945584846448,0.5927626870953497,0.0,0.38863636363636367,0.1688953558942335
1990,111,100.0,111,0,111,0,0,0.0,4.575361703674161,4.514298844139201,17.917554158419023,3.573616812686951,1.5187610075399482,2.3465403948212384,7.72972972972973,8.176242457702756,0.40169599224145847,0.0,0.0,0.0,0.0,0.0,0,0,0,0,0,0.0,0.36036036036036034,0.3058394171585066,0.13745435636652703,0.8955444753228783,0.58845395538441,0.0,0.3525974025974026,0.16897059607562803
1991,109,98.1981981981982,111,2,109,0,0,0.018018018018018018,4.507787943034676,4.442452417491295,15.631027623205751,3.5724468841645374,1.6323837583623482,2.3796646009855413,7.72972972972973,8.176242457702756,0.39450191356850084,0.5809078296464233,0.01780378876687358,0.5,0.08091039616952511,-0.05080334052907842,0,2,0,0,0,0.5,0.42342342342342343,0.2893089922559095,0.13963570944574413,0.8703474530311189,0.5783080848275218,0.018018018018018018,0.3886363636363636,0.16858489917614344
1992,109,98.1981981981982,111,0,111,0,0,0.0,4.513374551719818,4.448793939121401,15.046153992754947,3.571350308367518,1.6100314324117198,2.353054624950131,7.72972972972973,8.176242457702756,0.3913803258138071,0.0,0.0,0.0,0.0,0.0,0,0,0,0,0,0.0,0.3783783783783784,0.2821908046023051,0.14715424552674647,0.8791548694785136,0.5709635273293562,0.0,0.3525974025974026,0.16856800287162074
1993,109,98.1981981981982,111,0,111,0,0,0.0,4.5490800829013045,4.482617370213072,16.511535866817145,3.572555779853251,1.5820054770016945,2.3520124252054546,7.72972972972973,8.176242457702756,0.3932163644726594,0.0,0.0,0.0,0.0,0.0,0,0,0,0,0,0.0,0.38738738738738737,0.2911676920054613,0.1423279053070352,0.8737518339140321,0.5705606366909933,0.0,0.3886363636363636,0.16879581166324417
1994,108,97.29729729729729,111,1,110,0,0,0.009009009009009009,4.589279424116918,4.542435127366822,16.458604030398075,3.576220707339398,1.575316783245304,2.3370194349000433,7.72972972972973,8.176242457702756,0.3942682438409151,0.8037843505031337,0.005113006904468698,1.0,0.19621564949686632,0.006268254782027194,0,1,0,0,0,0.0,0.36036036036036034,0.2894027282549748,0.15288504377854795,0.8794366415687621,0.5745956943546383,0.009009009009009009,0.40649350649350646,0.16914663504790545
1995,107,96.3963963963964,111,1,110,0,0,0.009009009009009009,4.592332323757477,4.533371234972595,16.087416525369907,3.581075659157248,1.6148710099803256,2.3839011552947174,7.72972972972973,8.176242457702756,0.3970230820209155,0.9999990343510007,0.01790207197728365,1.0,9.656489993181694e-07,0.03779916593051347,0,1,0,0,0,1.0,0.3963963963963964,0.2906303610673026,0.159799579941789,0.8940147556209705,0.5731289091908421,0.009009009009009009,0.3704545454545455,0.16936037586202426
1996,109,98.1981981981982,111,0,111,0,0,0.0,4.585865154080647,4.527290882632939,15.650658254397863,3.5844080541344066,1.612702773199724,2.3858170668251453,7.72972972972973,8.176242457702756,0.3977728408162413,0.0,0.0,0.0,0.0,0.0,0,0,0,0,0,0.0,0.40540540540540543,0.2888547753263549,0.16873338372354155,0.9022297440969769,0.5744334840263177,0.0,0.3704545454545455,0.1694642723601305
1997,109,98.1981981981982,111,0,111,0,0,0.0,4.556222152504579,4.498500259407223,15.685032528271593,3.58558479149057,1.6227391079986315,2.4001001580515395,7.72972972972973,8.176242457702756,0.3959342318535588,0.0,0.0,0.0,0.0,0.0,0,0,0,0,0,0.0,0.3783783783783784,0.2883516478907847,0.15870374582330374,0.9089380582768242,0.5750164727300162,0.0,0.3704545454545454,0.16936416380191532
1998,109,98.1981981981982,111,1,110,0,0,0.009009009009009009,4.604876704859118,4.541991095212542,19.29877377381894,3.5896298192668294,1.52138331215377,2.3695526210064664,7.72972972972973,8.176242457702756,0.402928083687057,0.8998293215894805,0.009034083358410296,1.0,0.10017067841051952,-0.0016864385752928257,0,1,0,0,0,0.0,0.38738738738738737,0.31154331286426135,0.13981278982874648,0.8983876391311242,0.5802627253161,0.009009009009009009,0.3704545454545454,0.1697728022029222
1999,109,98.1981981981982,111,0,111,0,0,0.0,4.63282566553766,4.569009442074114,19.571595970787694,3.594991613829025,1.4900560119333701,2.3183201500228643,7.72972972972973,8.176242457702756,0.40431977562858457,0.0,0.0,0.0,0.0,0.0,0,0,0,0,0,0.0,0.3783783783783784,0.31307972323970407,0.14537699702003856,0.9091289906498783,0.5815474560306501,0.0,0.3704545454545454,0.17013174366805944
2000,110,99.09909909909909,111,0,111,0,0,0.0,4.615792964513515,4.552870014139979,18.75908445000184,3.598859336060387,1.5173440532468356,2.350063252104794,7.72972972972973,8.176242457702756,0.40323729534957686,0.0,0.0,0.0,0.0,0.0,0,0,0,0,0,0.0,0.36936936936936937,0.3085317527955533,0.14938497726757574,0.9038156930951163,0.5788735077002006,0.0,0.40649350649350646,0.17020469733655202
